"Time [s]"	"Current(EndConnection) [kA]"	"RingCurrent(EndConnection) [kA]"
0	0	0
0.001	-0.12600068900668	2.26581904479693
0.002	-0.494279895166017	5.14362240623428
0.003	-1.06263144958613	7.57179658581276
0.004	-1.70723036038558	9.13108285612709
0.005	-2.31047874088831	9.72629746506387
0.006	-3.14575017092071	9.25572427560831
0.007	-3.9449399004227	6.96343639858407
0.008	-4.25652900052643	4.07059579039265
0.009	-4.24315103027798	1.19786428500317
0.01	-3.96409306173339	-1.50722483369814
0.011	-3.48139096341607	-4.07728656131373
0.012	-2.84458619481376	-6.51684747039125
0.013	-2.03962510708986	-8.54827905329201
0.014	-0.792265788169039	-9.87200366846641
0.015	-0.0731097187455198	-9.72953168167433
0.016	0.757625462530789	-8.56721605036444
0.017	1.4072771112097	-6.56760552738936
0.018	1.84018602696948	-4.05289670874834
0.019	1.99945558860453	-1.32082588600504
0.02	1.95372800461204	1.50676130544407
0.021	1.69982168280579	4.08808114971127
0.022	0.556517558038623	6.53764885850579
0.023	-0.496571075573753	7.50660486729422
0.024	-1.15964528767159	6.99965175547817
0.025	-1.82791607653533	5.63234525380217
0.026	-2.28400607485504	2.67274129057634
0.027	-2.56996508356402	-0.645583009105728
0.028	-2.50975206514961	-4.06171962487981
0.029	-1.92776649738574	-7.6436778603797
0.03	-0.62903370440314	-10.7979895089858
0.031	0.0430578973969441	-12.0535417416477
0.032	0.872044505799404	-12.3195804634732
0.033	1.60205724014347	-11.3001831398576
0.034	2.27809507738003	-9.32206967553473
0.035	2.66878231327343	-6.90497917588926
0.036	2.75481469842241	-4.19994416751893
0.037	2.56419194133986	-1.40066723399455
0.038	2.14859927483511	1.84610496108786
0.039	2.14496765426999	3.95627917556397
0.04	1.49185922736706	5.77836324383942
0.041	0.897114028405629	7.31832516909283
0.042	0.119561514423018	8.479446085316
0.043	-0.678701666849473	8.8946099339714
0.044	-1.33676715319042	8.40294418465016
0.045	-1.88788559802442	6.99834901025958
0.046	-2.30717830796416	4.83149210030409
0.047	-2.69409398266901	2.45625342394077
0.048	-3.03324979311218	0.218820688798315
0.049	-2.38758759817747	-2.44903681008922
0.05	-1.87467932632404	-5.0975521614852
0.051	-1.32436355017761	-7.25718319084265
0.052	-0.599169737796281	-8.76038458606982
0.053	0.098865644704445	-9.19143081534556
0.054	0.81309822642425	-8.55099546756077
0.055	1.44345366570158	-7.29671502831888
0.056	1.83784881121094	-5.95720967481497
0.057	2.2431805312104	-4.32109884901863
0.058	2.33711613698893	-1.89447321810212
0.059	2.48519032369755	0.394956510561844
0.06	2.60743746067757	2.33740918974127
0.061	2.13891544275176	4.33053209570271
0.062	1.49050378502291	7.41320982544115
0.063	1.83530557739074	8.30755824883732
0.064	1.27421275313053	9.830103293123
0.065	0.325298016251405	11.3948591983602
0.066	-0.0886526739651345	11.8311908754715
0.067	-0.77101619103011	11.6439442028604
0.068	-1.52592615494091	11.0207677918119
0.069	-1.980455465279	9.76750671592557
0.07	-2.22905755013948	7.65283549650564
0.071	-2.16833896956702	5.6272893674658
0.0720000000000001	-2.44290055168192	3.03926552570777
0.0730000000000001	-2.4302175260444	0.659655571212188
0.0740000000000001	-2.09826952558015	-1.63229386692348
0.0750000000000001	-1.59750161532794	-4.01649516478947
0.0760000000000001	-1.02642608217282	-5.33461491653237
0.0770000000000001	-0.369194216241298	-6.32203401961798
0.0780000000000001	0.467879802206344	-7.05720473398102
0.0790000000000001	0.804373382053355	-7.52761274416932
0.0800000000000001	1.09067041277027	-6.76370171946181
0.0810000000000001	1.7309010513117	-6.28415989280188
0.0820000000000001	2.27927213131005	-5.53389788917926
0.0830000000000001	2.57821917952695	-3.77681895637456
0.0840000000000001	3.62188946991406	-2.99080287380186
0.0850000000000001	3.26115139603725	-1.03403321105756
0.0860000000000001	3.89853420030892	0.560328563781525
0.0870000000000001	3.13482164118057	2.07259557437897
0.0880000000000001	3.12248779503581	4.26451040623454
0.0890000000000001	2.73990236190296	5.12128911962971
0.0900000000000001	2.20468724668999	7.14935696934324
0.0910000000000001	1.70980901762668	7.91881914822636
0.0920000000000001	1.01254248889705	8.73517118140049
0.0930000000000001	1.45693785796331	8.74342326489465
0.0940000000000001	0.758153775215253	8.50412874634188
0.0950000000000001	-0.04599460629446	8.79829617625459
0.0960000000000001	-0.660658727048763	7.73279483829561
0.0970000000000001	-1.34161475861775	7.24737592607154
0.0980000000000001	-0.956943988291598	5.38581048213265
0.0990000000000001	-1.38691560323524	4.46983404402287
0.1	-1.60287498617466	2.4823259671219
0.101	-1.69646763612616	1.20721094899163
0.102	-2.04727070233094	-0.279677696574459
0.103	-2.09502753586315	-2.23128517758491
0.104	-1.80782333396379	-3.01436145324309
0.105	-1.78753572054098	-4.52943993896298
0.106	-1.36496002466208	-6.36090426755201
0.107	-1.11222554330559	-7.01911071818992
0.108	-1.69184032869257	-7.53099005563219
0.109	-0.927679348458019	-8.54098254660388
0.11	-0.296578707879591	-9.1980351062229
0.111	-0.772157142259764	-9.10209204077806
0.112	-0.214399882790645	-9.59205992921482
0.113	-0.437571839876809	-9.29514436980765
0.114	0.00666392412155801	-9.38042991242788
0.115	0.0125769616733378	-8.95733268753259
0.116	0.156319303322563	-8.72561829477007
0.117	-0.164938034032893	-7.85901896582817
0.118	0.370215857376736	-7.46411492770828
0.119	0.152489261807088	-7.04322244731155
0.12	0.256800308286244	-6.98861990290606
0.121	0.150308658554602	-6.7838510025869
0.122	0.0129739545977473	-6.13798173328162
0.123	0.357088027475089	-5.7581735859426
0.124	0.161775271897336	-5.8701457362471
0.125	0.119551253805706	-5.89703411545227
0.126	0.10990705893333	-5.42335712358059
0.127	0.0245862024354437	-5.08483498531408
0.128	-0.000588111329279855	-5.47783230898934
0.129	-0.123664273424921	-5.1176911677648
0.13	-0.30022516744492	-4.35455658949276
0.131	-0.313925326010221	-4.76223735136353
0.132	-0.413291434786192	-4.36172778113828
0.133	-0.614913104661805	-3.38360878356992
0.134	-0.717555841263407	-3.65464281980624
0.135	-0.658394306764837	-3.22212999931546
0.136	-0.821494738464246	-2.22541740200566
0.137	-0.869792853450916	-2.4783657880452
0.138	-0.792051042732127	-2.13368828442152
0.139	-0.946745599206233	-1.2277567417976
0.14	-0.87612443104985	-1.43386896803007
0.141	-0.842523177303162	-1.3867373595188
0.142	-1.01943724526304	-0.746262734010917
0.143	-0.844594079268644	-0.538782487268073
0.144	-0.800821998595854	-1.02575084294801
0.145	-1.03252154097191	-0.759007410510392
0.146	-0.899490389491707	-0.35541244987234
0.147	-0.770733488548656	-0.295257434215127
0.148	-0.894344299870288	-0.703924517134414
0.149	-0.889018476741925	-0.766215826752565
0.15	-0.837673671301647	-0.651525620064966
0.151	-0.720369572408342	-0.516187495916239
0.152	-0.758339459244721	-0.313385567973163
0.153	-0.637723087945216	-0.509798116076308
0.154	-0.578331890659278	-0.920535702837188
0.155	-0.745064554038731	-1.00283825780099
0.156	-0.628807635287533	-1.00480788831749
0.157	-0.568093436176054	-0.986892510115311
0.158	-0.412910442499891	-1.03695168489787
0.159	-0.458901105863084	-0.878450373252544
0.16	-0.255074098465164	-0.911092241421116
0.161	-0.179685655553969	-1.10015158132679
0.162	-0.0696220878594772	-1.41380325979192
0.163	-0.0553281270995333	-1.64914684372412
0.164	-0.0341564995028459	-1.80976113043002
0.165	0.01208132748765	-1.90370579065461
0.166	-0.0472992848951567	-1.76383051697694
0.167	0.0954435520953782	-1.62687821087121
0.168	0.105359523930683	-1.49383055717742
0.169	0.231643349668374	-1.68848652590588
0.17	0.184204129291182	-1.95142732739557
0.171	0.155372944834312	-2.044967476781
0.172	0.137784551767552	-1.86077298127802
0.173	0.0968203819280329	-1.41208831959732
0.174	0.222547314318758	-1.49134807060924
0.175	0.145406773107697	-1.73929824933236
0.176	0.0150692499077106	-1.61959722289216
0.177	0.0331925884538423	-1.1715701742157
0.178	0.0429597319978697	-1.01609116035782
0.179	0.0115209466711428	-1.26343861081589
0.18	-0.0850185890205996	-1.12230865681058
0.181	-0.135755617174258	-0.645398385333365
0.182	-0.0479167275947478	-0.63971297952174
0.183	-0.118928078606298	-0.806055193193892
0.184	-0.240070690535523	-0.565713145295652
0.185	-0.196515443165882	-0.242722755871398
0.186	-0.183216908664351	-0.239443174796984
0.187	-0.24839081887129	-0.387056391397931
0.188	-0.273797868740861	-0.240304937566758
0.189	-0.348783256770935	0.100670197701975
0.19	-0.238378904366481	0.101355934417774
0.191	-0.246799937307572	-0.106605847334326
0.192	-0.399188895974759	-0.0513556496127062
0.193	-0.377148857614524	0.199095734520069
0.194	-0.278537711744445	0.30574494287817
0.195	-0.257093046295625	0.135958587163365
0.196	-0.299899193282116	-0.0302330998455153
0.197	-0.304864080776682	-0.0384083051945256
0.198	-0.267120956736869	0.053085099575115
0.199	-0.262918796134122	0.157734633009862
0.2	-0.154095193975136	0.0762843512081426
0.201	-0.104045367636602	-0.15572080136092
0.202	-0.147103289092028	-0.324694855106137
0.203	-0.126673757921872	-0.370368868248392
0.204	-0.131389669693935	-0.278172795358522
0.205	-0.0273602883564001	-0.252646132225734
0.206	0.00593130122604902	-0.288107571569394
0.207	0.0852377457636877	-0.481985434628471
0.208	0.10398243490609	-0.672935174285985
0.209	0.0835207222449942	-0.744700888468767
0.21	0.090129298828734	-0.707745412514576
0.211	0.0981912107846572	-0.555845719818389
0.212	0.189548298090154	-0.555855169791271
0.213	0.202915463719301	-0.688905887466733
0.214	0.195525813130323	-0.86569577650608
0.215	0.182916421033557	-0.880305823620186
0.216	0.12167400853666	-0.68231790035948
0.217	0.193574973037211	-0.553552648582419
0.218	0.201496968933017	-0.599967643844178
0.219	0.165883733638808	-0.765112372732389
0.22	0.121650531676055	-0.71089004685325
0.221	0.0736541086881564	-0.432800788615799
0.222	0.136529347257707	-0.360215486179223
0.223	0.103235136513007	-0.481763669466946
0.224	0.0434512854209653	-0.503655129916473
0.225	-0.000738257557647785	-0.299309095905807
0.226	-0.00963382894719854	-0.102262600358833
0.227	0.0197293454087909	-0.163227294883827
0.228	-0.0139493396574784	-0.257866946341844
0.229	-0.132161503758206	-0.100165135156616
0.23	-0.10771597158714	0.12755405062989
0.231	-0.0547040042768117	0.134656303963652
0.232	-0.103923409415607	-0.00254054129903074
0.233	-0.161181889528555	0.0307389283540344
0.234	-0.177555264477855	0.229903355423374
0.235	-0.102192000325708	0.319957821104113
0.236	-0.13119290194509	0.213404644257514
0.237	-0.147343934337623	0.0991790022753708
0.238	-0.160105411480212	0.138561003065047
0.239	-0.193090384321582	0.287175873505331
0.24	-0.114730665647603	0.339865697688474
0.241	-0.081438763275833	0.186245831890672
0.242	-0.118352279801666	0.0347673823945594
0.243	-0.132323626478731	0.0245432380139184
0.244	-0.12759709232093	0.128583007021782
0.245	-0.0425291870840937	0.155846985144386
0.246	-0.0197464760359766	0.0632213594999591
0.247	-0.00126573590519469	-0.106660969042684
0.248	0.0123384024304987	-0.218018384500497
0.249	-0.0404501855631643	-0.17434946605361
0.25	-0.00324037109797592	-0.0895876437895547
0.251	0.0572853727625343	-0.0733718757543359
0.252	0.11254786438405	-0.215581367017684
0.253	0.0999972810678735	-0.379180485104958
0.254	0.0786924973273217	-0.415011131887774
0.255	0.0835172192527423	-0.3328141578604
0.256	0.0894829618922259	-0.214904081719114
0.257	0.157246648889507	-0.256852366810466
0.258	0.144221471689218	-0.394785790830672
0.259	0.117771046657279	-0.477671738902006
0.26	0.0909550512207095	-0.39237179438048
0.261	0.0889273754198825	-0.215844036101171
0.262	0.150283203893106	-0.219307088188811
0.263	0.119102343865847	-0.355916660510956
0.264	0.0813046742608737	-0.393420937850466
0.265	0.0479579535262435	-0.254911069487647
0.266	0.0445590352332284	-0.0917898827536647
0.267	0.0856779017943904	-0.11925609433699
0.268	0.058443350878586	-0.233965894211026
0.269	-0.0153396681799425	-0.19214365919113
0.27	-0.0421303016881724	-0.00178111021408392
0.271	0.00210684188602075	0.100425031537931
0.272	0.00883119194375963	-0.0113901401527142
0.273	-0.0442816586996065	-0.0825803249495709
0.274	-0.103952395903436	0.0541083946841393
0.275	-0.0581819120653994	0.196588071840449
0.276	-0.0531194107654846	0.206579327092618
0.277	-0.0619162347712909	0.0872536560820537
0.278	-0.0806222507050842	0.0500521793760883
0.279	-0.153371902986567	0.195983672030259
0.28	-0.0960036880972948	0.316342717166825
0.281	-0.0516873090858413	0.247016614867813
0.282	-0.0623137333673253	0.104402597023511
0.283	-0.112199655216227	0.0731415285358797
0.284	-0.126747846505239	0.193003275814221
0.285	-0.0536736280059148	0.254231448626636
0.286	-0.0420229542531797	0.183070314082182
0.287	-0.0371850811586623	0.0368984254296788
0.288	-0.03362231286412	-0.0393973087952541
0.289	-0.0976169131450988	0.0444555946806583
0.29	-0.0386395188823728	0.126894364898556
0.291	0.0194104091374173	0.105243444528183
0.292	0.0372135379481493	-0.0590815791986464
0.293	0.0210976605553807	-0.181676049336077
0.294	-0.00981853603970637	-0.139390117437645
0.295	0.0183395884056612	-0.0410397786968298
0.296	0.0418155783248793	-0.00836186401977321
0.297	0.0933702922212109	-0.118145018747856
0.298	0.0812822949383191	-0.251717569366278
0.299	0.0484607218494725	-0.268274618046146
0.3	0.0286179432119877	-0.160446000285411
0.301	0.0721773440360146	-0.0633996321745247
0.302	0.123369934592719	-0.137387593652001
0.303	0.0897449197267596	-0.282330534265357
0.304	0.0618616906001204	-0.298207478926069
0.305	0.0445654606431493	-0.170536031534746
0.306	0.0529233621135411	-0.0559327264937017
0.307	0.0987618718419901	-0.106563082208416
0.308	0.0751447840411463	-0.226478136999772
0.309	0.0244991061247569	-0.220773649136371
0.31	-0.00931060962935982	-0.0666271878234786
0.311	0.0308825570294567	0.0423205105831351
0.312	0.0592962478374067	-0.0459293903331886
0.313	0.0206706058829204	-0.156932518609423
0.314	-0.0349897392107389	-0.0822252641062828
0.315	-0.0216539238434871	0.0695292004593219
0.316	-0.0108197944740046	0.132816089552172
0.317	0.00204570808548814	0.0296049344616145
0.318	-0.0200072605565878	-0.0469100656424535
0.319	-0.0960297598420268	0.0507697447965175
0.32	-0.0680957865816065	0.196121462726986
0.321	-0.0173278054798008	0.208308265730826
0.322	-0.0289005747635894	0.0640863937038289
0.323	-0.0644303819519078	0.00296187858047143
0.324	-0.102518577854284	0.121236879654941
0.325	-0.0430416677408876	0.215822612121812
0.326	-0.0320080616309383	0.195052112985298
0.327	-0.0323970404351326	0.0622194300288992
0.328	-0.0349897757830926	-0.00993086898597926
0.329	-0.105443739568872	0.0843482981467825
0.33	-0.0534283199092077	0.184493808443669
0.331	0.000175734784305718	0.168085779734648
0.332	0.0035812370462595	0.0104578484669893
0.333	-0.0177711569034665	-0.086888183667711
0.334	-0.0520336735737509	-0.0139814904439205
0.335	-0.00548453752643434	0.0768512341611122
0.336	0.0137640410287144	0.0880827902354586
0.337	0.0446362527124141	-0.0423966533834621
0.338	0.0387921467083546	-0.154955877810698
0.339	-0.00774472793114339	-0.129490381918265
0.34	-0.00986959785542328	-0.0161863746029364
0.341	0.0432742415973233	0.0354496944785891
0.342	0.0844372910112645	-0.0813040311111884
0.343	0.0591465572099174	-0.218766749031528
0.344	0.029322912158561	-0.204688773344513
0.345	0.0226290967265049	-0.0785714745393182
0.346	0.040763995083995	-0.00388729594939878
0.347	0.0847945406573743	-0.0821896041894694
0.348	0.0716057733958449	-0.205426431408291
0.349	0.0234624225044268	-0.19990752464991
0.35	-0.0022556716862058	-0.0634056408829956
0.351	0.0412789629724684	0.0302972834651592
0.352	0.0752588400600772	-0.058358203994222
0.353	0.0431563805691472	-0.184279420496393
0.354	-0.00323651879783992	-0.139389270470488
0.355	-0.00291441580813711	0.00637824769684909
0.356	0.00890873222218957	0.0807300957558756
0.357	0.0352442922121373	-0.011348995038374
0.358	0.0190081028920481	-0.107634020491217
0.359	-0.0492511092249584	-0.0461460319008203
0.36	-0.0459927523620786	0.103491089791078
0.361	0.00408229954101279	0.153887873448388
0.362	0.00995008607714041	0.0245556610124922
0.363	-0.0272335019611082	-0.0633949752062267
0.364	-0.068318331632447	0.0317578790550713
0.365	-0.0324232511799208	0.151101317490789
0.366	-0.0188705006853923	0.170474922747276
0.367	-0.0140701766224063	0.0484216034965744
0.368	-0.0194656518286141	-0.0320499334442762
0.369	-0.0915419534435245	0.0537148030856087
0.37	-0.0552019178468404	0.172968714715087
0.371	-0.00190372398825963	0.177771188526771
0.372	-0.000543349873761628	0.0290562221180288
0.373	-0.0269800789590408	-0.0625980250974984
0.374	-0.0640293667391268	0.0196182069178402
0.375	-0.0171524669139063	0.116717928910641
0.376	-0.000811507773656743	0.128102360341048
0.377	0.0201726553485803	-0.000843998322554228
0.378	0.0136282279349474	-0.102169662197626
0.379	-0.0382893806403424	-0.0573730049305851
0.38	-0.02737757114846	0.0584859723078592
0.381	0.0249112155458011	0.0932922484581117
0.382	0.0537674985981727	-0.0403165569963673
0.383	0.0319487289132769	-0.165053602592367
0.384	-0.00291721861764013	-0.1265315428234
0.385	0.00577749021817627	-0.00682844839498583
0.386	0.0254810949180236	0.0452034253289544
0.387	0.0627732728696433	-0.0535848119659457
0.388	0.0569514942472406	-0.174118917052
0.389	0.00420705503100953	-0.155644739973769
0.39	-0.0102542735627267	-0.0248440939815147
0.391	0.0366149642589087	0.0495726144086397
0.392	0.0719017862883442	-0.0528376232902564
0.393	0.0432367970125194	-0.181019955564841
0.394	0.000908865137727929	-0.143293756489652
0.395	0.00236981421234896	-0.00642081346943138
0.396	0.0159891830882726	0.0633196089417488
0.397	0.0483495239816211	-0.0269283149801147
0.398	0.0353863400969626	-0.13384263644434
0.399	-0.0274645897281115	-0.0901102418107648
0.4	-0.0333510587745624	0.053232672883886
0.401	0.0147429766090502	0.11778383049304
0.402	0.035253197926972	-0.00287177876393831
0.403	-0.00171973940385644	-0.105657664217418
0.404	-0.0430627023485456	-0.0315964873154743
0.405	-0.020971338320719	0.0975498504418103
0.406	-0.00761148528508693	0.13892898181998
0.407	0.0060740658037013	0.0261745822924001
0.408	-0.00253869147987739	-0.0631128145194511
0.409	-0.0720889148099538	0.00800994431482442
0.41	-0.049050909368036	0.137989278943197
0.411	0.00238379836454669	0.164740672761378
0.412	0.0094781259671883	0.0246522816256743
0.413	-0.0208531696130887	-0.070838473093059
0.414	-0.061943060420673	0.010746420640144
0.415	-0.0204398099007529	0.117556983584872
0.416	-0.00539165941874995	0.138267378646036
0.417	0.0137189472616462	0.0143076636193263
0.418	0.00517542677347136	-0.0825427475432298
0.419	-0.0500913400864137	-0.0301466769772583
0.42	-0.0371181432304833	0.0906917600327398
0.421	0.0161356946150851	0.121913993833143
0.422	0.0371406697534387	-0.0153066888855606
0.423	0.013584762058315	-0.131135797429329
0.424	-0.0247261003215126	-0.0781678763002808
0.425	-0.00507929052363941	0.0374075889994618
0.426	0.0136441147867549	0.0798330672003193
0.427	0.0448014484459466	-0.0292398279575542
0.428	0.0407365245303725	-0.143463721952424
0.429	-0.0134580751482753	-0.115388893247174
0.43	-0.0194817404727936	0.0130397842785622
0.431	0.0297140637571415	0.0739714767559143
0.432	0.0629120895158274	-0.0407374137715204
0.433	0.0349859423460604	-0.166055514162929
0.434	-0.00476197735207063	-0.126456285220414
0.435	0.00109357466849002	0.0033843563060677
0.436	0.0160242566714402	0.0657853572360038
0.437	0.0500328151608552	-0.0284634481778184
0.438	0.0392681393357944	-0.139209382046396
0.439	-0.0197730936285901	-0.103680131351195
0.44	-0.0288269035311201	0.0339796011611036
0.441	0.0196693057233972	0.100858978302627
0.442	0.0470425846218217	-0.0157872809632744
0.443	0.0129408439205715	-0.127919457092097
0.444	-0.0300217172738584	-0.0672215818429275
0.445	-0.0143937336350141	0.0639432460770015
0.446	-0.00107037194661879	0.115575003058
0.447	0.0211531599037267	0.00942422770058229
0.448	0.0132100964439368	-0.0887468903708582
0.449	-0.0548310692844001	-0.0306036857779454
0.45	-0.0447181019523469	0.104126176029782
0.451	0.00687698807069859	0.146924769037821
0.452	0.0215029586747345	0.0142312774238741
0.453	-0.00960887608828467	-0.0878164355779844
0.454	-0.0533858233819471	-0.0118460687198545
0.455	-0.0196836622778007	0.103356691023597
0.456	-0.00482410265442033	0.134774640476939
0.457	0.0153830594889708	0.0167056606182328
0.458	0.00517676520657133	-0.0801482443038067
0.459	-0.0516945007753668	-0.0269339820180722
0.46	-0.0410521943190452	0.0990220063680168
0.461	0.0120611245862927	0.133580595238717
0.462	0.0298487327208527	-0.00201742961845284
0.463	0.00435663275860493	-0.113369951930393
0.464	-0.0356378766177706	-0.0534067003281784
0.465	-0.0108127181288466	0.0611732243649274
0.466	0.00585327371851146	0.101000241870584
0.467	0.0332940858026018	-0.0113326208148867
0.468	0.0300260020440128	-0.121387022115585
0.469	-0.0266856682336114	-0.08549975033905
0.47	-0.027467694710024	0.0418439483055688
0.471	0.0233238392390579	0.0948553086654749
0.472	0.0531733809199888	-0.0274681541296934
0.473	0.0263801626051648	-0.14987496569767
0.474	-0.0133958448276738	-0.105000012419201
0.475	-0.00263893517734152	0.0199145008576049
0.476	0.0130868847493009	0.0757027726116123
0.477	0.0467320130940255	-0.0235545534655296
0.478	0.0373699607124748	-0.134980977647634
0.479	-0.0201168818967966	-0.101856819740483
0.48	-0.0281635373540929	0.0316537871062898
0.481	0.021072567211477	0.0964814595217605
0.482	0.0509712906140057	-0.0196680904283864
0.483	0.0191005867791355	-0.136749401768282
0.484	-0.0216224933061228	-0.085251896639571
0.485	-0.0117962048060139	0.0458715311874333
0.486	0.00323971587930201	0.101304334512114
0.487	0.0297110381164129	-0.000406429321810805
0.488	0.0234782969220363	-0.104893372899597
0.489	-0.0413953424402774	-0.0570086945098898
0.49	-0.0406867140115937	0.0789141955463729
0.491	0.0110957829699476	0.131331690934166
0.492	0.0299717722052185	0.00477828516379083
0.493	0.000352095027036484	-0.103816063654945
0.494	-0.0431190666386005	-0.0359698430316861
0.495	-0.0176094415228198	0.0853062594238929
0.496	-0.00262819648654485	0.125957418804556
0.497	0.020692959455437	0.0132377771063073
0.498	0.00876787051977217	-0.0851312932543075
0.499	-0.0486642014472391	-0.034906830281387
0.5	-0.0417332376221987	0.0948975999458843
0.501	0.0104970624846754	0.135641897793977
0.502	0.0286066284408348	0.00324185118079964
0.503	0.00183740389197993	-0.10707277476997
0.504	-0.0393624224665362	-0.0451219636174228
0.505	-0.0142065382934654	0.0711847723139778
0.506	0.00137723382131821	0.112003759695171
0.507	0.0274392305065931	-0.000107912159048709
0.508	0.0236633765404644	-0.107781471939743
0.509	-0.0358659606229301	-0.0670967803875131
0.51	-0.0331446111529809	0.0607824474917994
0.511	0.0186338284041248	0.109813047119254
0.512	0.0456213654989967	-0.0161309097974501
0.513	0.019201679957331	-0.135948073393521
0.514	-0.0219395324019071	-0.0866469899665576
0.515	-0.00666539742779598	0.0358357894314103
0.516	0.0094692237353467	0.0870037449302298
0.517	0.0418510504965468	-0.0159463414540069
0.518	0.0333049942768091	-0.126832851103592
0.519	-0.0239278338558859	-0.0933661408421548
0.52	-0.0295142634175517	0.0376431962632141
0.521	0.0202657948121414	0.0992762824288566
0.522	0.0507761985967449	-0.0184016045064808
0.523	0.0200356221125998	-0.137427655849058
0.524	-0.018749290266584	-0.0904189907636944
0.525	-0.0110390825402506	0.0391796246471831
0.526	0.00517254431596271	0.0951553249093191
0.527	0.0340444187466086	-0.00477808412196006
0.528	0.0284724875916473	-0.112835346737646
0.529	-0.03334250324432	-0.072230414943391
0.53	-0.0377725457030469	0.0634411150445452
0.531	0.0138763642239674	0.120804260818279
0.532	0.0358228946714409	-0.00167175432320475
0.533	0.00728761946432962	-0.11487736332621
0.534	-0.0351765879583944	-0.0546345194574901
0.535	-0.0148665407979129	0.0697158640175381
0.536	-0.00054066925148436	0.117166250098774
0.537	0.0261642591661166	0.00877384035677713
0.538	0.0136526193642055	-0.0920917449152002
0.539	-0.0442172220712841	-0.046113816073809
0.54	-0.0410815014918536	0.0858852979210625
0.541	0.0102954002482902	0.132854690494975
0.542	0.0304929920704422	0.00399416865746977
0.543	0.00318542311197865	-0.107430761226727
0.544	-0.0388274439747777	-0.0467301007896334
0.545	-0.0159707856680433	0.0722507812797631
0.546	-0.000626798049286236	0.116041998801703
0.547	0.0250890656625686	0.00573837687098914
0.548	0.0209494095659056	-0.101307581534318
0.549	-0.0399010788537363	-0.0590939660654908
0.55	-0.0365583883403515	0.0700966669287661
0.551	0.0155810757362099	0.118587518062131
0.552	0.0409655174965603	-0.00812759764228812
0.553	0.014389335439967	-0.126337930343989
0.554	-0.0276729579914728	-0.0745288851984514
0.555	-0.00998800054691374	0.0469466316102275
0.556	0.00633752047066366	0.0960767533284838
0.557	0.0376108770906303	-0.00862955024485676
0.558	0.0294762897258148	-0.118838772033692
0.559	-0.0279351023000628	-0.0845982931416399
0.56	-0.0315889123881316	0.0453512473859509
0.561	0.018567877405462	0.104533732458378
0.562	0.0489215125088831	-0.014804302210712
0.563	0.01882956591215	-0.134356347558783
0.564	-0.0191856648631	-0.0889444495404844
0.565	-0.011418963303759	0.0389505906417137
0.566	0.00526988505721236	0.0944166589676862
0.567	0.0353554039091795	-0.00514275769621396
0.568	0.030239705189963	-0.115274016793609
0.569	-0.0297277326945737	-0.0789516680275204
0.57	-0.036344328417725	0.0557880734214955
0.571	0.0151277765371091	0.115480487620062
0.572	0.0393537244113506	-0.00472394864545596
0.573	0.0116684497646028	-0.121327959909268
0.574	-0.0306806262651622	-0.0662516816382056
0.575	-0.0130706487773312	0.0593014214881916
0.576	0.000959465805712114	0.110712436459629
0.577	0.0303056592274836	0.00558164106092643
0.578	0.0179446178466492	-0.0981458262940903
0.579	-0.0398672209808108	-0.0563683290148529
0.58	-0.0403187451634909	0.0765604236924858
0.581	0.0106844874345963	0.128534564539496
0.582	0.0333288156964237	0.00309018479665781
0.583	0.00606572401379778	-0.110471070181221
0.584	-0.0361457857421148	-0.0528230491877425
0.585	-0.016676889358077	0.0686632665897407
0.586	-0.00110292780855937	0.115967071435901
0.587	0.0249114472393326	0.00810211973316149
0.588	0.0207536886453444	-0.0995956002831359
0.589	-0.0401773592786485	-0.0583584956504582
0.59	-0.0382153433214123	0.0722785967108093
0.591	0.013854699957012	0.122482859995026
0.592	0.0389705148924689	-0.00333175064665862
0.593	0.0120953293792613	-0.121092672337377
0.594	-0.0303445854659775	-0.068737551200664
0.595	-0.0122635220410768	0.0528034924766543
0.596	0.00399601977174441	0.101984844874831
0.597	0.034723557356545	-0.00283445943741711
0.598	0.0267634948779317	-0.112720456375933
0.599	-0.0309573149963727	-0.078100323117322
0.6	-0.0336678198769682	0.0516568791336703
0.601	0.016725099062354	0.109737675553276
0.602	0.0467457752479936	-0.0104991159648316
0.603	0.0169169912672232	-0.13005541675899
0.604	-0.0208402296698729	-0.0850960288469878
0.605	-0.0124749263467115	0.0415750324328993
0.606	0.00429807343503519	0.0965296284228546
0.607	0.0348875556015721	-0.0030490471249591
0.608	0.0302174032981575	-0.114317333301632
0.609	-0.0288461513240403	-0.0803401646274949
0.61	-0.0362706412732856	0.0535204837412222
0.611	0.0152152380417632	0.114091716240923
0.612	0.0408273561799302	-0.00501955711346355
0.613	0.0137976634032179	-0.123834320268597
0.614	-0.0283402913411152	-0.0721598101576063
0.615	-0.0123741014616929	0.0535749114336976
0.616	0.00165883149682105	0.107137106115159
0.617	0.0327146218667139	0.00418889455005665
0.618	0.0208112333195198	-0.101931460166753
0.619	-0.0364448174417395	-0.0639238849361729
0.62	-0.0399477615883612	0.069271020537037
0.621	0.011085119352081	0.124803315308842
0.622	0.0357796778777752	0.00216357533566378
0.623	0.00891172911392619	-0.113661328564808
0.624	-0.0329066899279248	-0.0596709628551681
0.625	-0.0168378300885136	0.0636640155839759
0.626	-0.000914658951459231	0.114037642984965
0.627	0.0258476284910921	0.00870642619139514
0.628	0.0217471340316664	-0.100230608855231
0.629	-0.0384865619875111	-0.0613981714795143
0.63	-0.0387977741354029	0.0703948338835073
0.631	0.0129886196265831	0.123302874308817
0.632	0.0387464750753104	-0.000796984746511356
0.633	0.0116222996462206	-0.118984729686817
0.634	-0.0307720715419045	-0.0675867806350594
0.635	-0.0135933245081474	0.0546082201307701
0.636	0.00241614471559066	0.105114550051609
0.637	0.0332021943245022	0.00122946209240342
0.638	0.0253006450774936	-0.108843970070681
0.639	-0.0326165956198797	-0.0745741396492017
0.64	-0.0354258396161666	0.0554691261284248
0.641	0.0151120866716517	0.113702593557745
0.642	0.0449996974071705	-0.00652569807987007
0.643	0.0152229327247282	-0.126101809320251
0.644	-0.0224105128752187	-0.0815299560883858
0.645	-0.0137729133673472	0.0445275705292647
0.646	0.0029452889834709	0.0994675904862155
0.647	0.0337639110316914	5.56725976063177E-05
0.648	0.0294585338210315	-0.111908507145434
0.649	-0.0292160858294953	-0.0793208999977295
0.65	-0.0369950561814832	0.0539876492118033
0.651	0.0146067947526395	0.114936438701773
0.652	0.0409765379575881	-0.00361738715132002
0.653	0.0143985586295153	-0.123747783953958
0.654	-0.0274234676972945	-0.0743851183752232
0.655	-0.0124508951677384	0.0511218441864239
0.656	0.00167413386591676	0.105875314829205
0.657	0.03380600965066	0.00437581415699196
0.658	0.0224048769396833	-0.103548843245398
0.659	-0.0341893713361602	-0.0686364624833935
0.66	-0.0399715238256505	0.0644925330482434
0.661	0.0113335084441475	0.122339649983102
0.662	0.0376167622643648	0.00182889290314779
0.663	0.0110258875564724	-0.115930733216325
0.664	-0.0300763268297075	-0.0654372179175269
0.665	-0.0168740756530781	0.0590034023253462
0.666	-0.000629313160167214	0.111828423181194
0.667	0.0271491026705163	0.00875308506840521
0.668	0.0230128682470829	-0.101615944467076
0.669	-0.0361537776283359	-0.065678738301539
0.67	-0.0388806546633585	0.0668038808880378
0.671	0.0125538261716746	0.122574526031255
0.672	0.0394346113658097	0.000471705776031996
0.673	0.0121443545916606	-0.118638688337253
0.674	-0.0298527617474293	-0.069162493581046
0.675	-0.0142597367777165	0.0538147159075884
0.676	0.00141303733486349	0.106254636053441
0.677	0.0327015891368303	0.00390135820580009
0.678	0.0248555102304257	-0.106818285135949
0.679	-0.0330764431262599	-0.0735950629733019
0.68	-0.0367658798288491	0.0568834653765243
0.681	0.0138536724530969	0.116173093672311
0.682	0.0439263270716573	-0.00329268484950366
0.683	0.0141687038795253	-0.12314451298819
0.684	-0.0233468127963511	-0.0793650249602825
0.685	-0.015066767060307	0.0466079262706004
0.686	0.00161027768348808	0.102124803029694
0.687	0.0326471242624367	0.00327823429486942
0.688000000000001	0.0285760956070768	-0.109241375287808
0.689000000000001	-0.029896139718238	-0.0777471801228599
0.690000000000001	-0.0380371569126116	0.0553411567238785
0.691000000000001	0.0136748323227791	0.116715191874338
0.692000000000001	0.0405178975266325	-0.00136463758223121
0.693000000000001	0.0142390282133199	-0.122348619279172
0.694000000000001	-0.0272950187688632	-0.0746598133543761
0.695000000000001	-0.0129883478402348	0.0505492813427335
0.696000000000001	0.00114196132565411	0.106092845070953
0.697000000000001	0.0340695133799267	0.00567648494668279
0.698000000000001	0.0231089976574823	-0.103617220955949
0.699000000000001	-0.032904330605308	-0.0711570319712321
0.700000000000001	-0.0403242327149025	0.0617792131038705
0.701000000000001	0.0112512212042529	0.121182303723834
0.702000000000001	0.038748908032608	0.00224968787089914
0.703000000000001	0.012362184283246	-0.117013380404181
0.704000000000001	-0.0279450200101499	-0.0696269650679558
0.705000000000001	-0.0169995916083473	0.0552998483959318
0.706000000000001	-0.000481170425483057	0.110083996379342
0.707000000000001	0.0283810213247482	0.00893924943258591
0.708000000000001	0.0241192754822179	-0.102752938027955
0.709000000000001	-0.0341893148346769	-0.0697894607368946
0.710000000000001	-0.03877898359052	0.063067823020088
0.711000000000001	0.012332642906567	0.121363393714258
0.712000000000001	0.0404046441868977	0.00126751691768528
0.713000000000001	0.0129819514297473	-0.118954356215945
0.714000000000001	-0.0283160850881217	-0.071861346902691
0.715000000000001	-0.014556915052473	0.0517089375590324
0.716000000000001	0.000783231825255029	0.106271846567146
0.717000000000001	0.0328050721614898	0.00570326803243218
0.718000000000001	0.0250694678127634	-0.105941724428218
0.719000000000001	-0.0327103218604145	-0.0742696283809386
0.720000000000001	-0.0377434940220453	0.0566002521542448
0.721000000000001	0.0129323731680672	0.117435617093561
0.722000000000001	0.0434470692118066	-0.000771624369210244
0.723000000000001	0.0137385959480403	-0.121174196423586
0.724000000000001	-0.0235703655123326	-0.0786810543615408
0.725000000000001	-0.0162237907098291	0.0475339305620299
0.726000000000001	0.000486268501053132	0.104081815658953
0.727000000000001	0.0318362897237246	0.006183378281055
0.728000000000001	0.0278769928995801	-0.106910350488173
0.729000000000001	-0.0303868455571321	-0.0765715157770086
0.730000000000001	-0.0390751345457476	0.0565222493819763
0.731000000000001	0.0126819462276586	0.118585756659594
0.732000000000001	0.0399329893818242	0.00111111677798762
0.733000000000001	0.0138549496787459	-0.120547110326959
0.734000000000001	-0.0274538266225029	-0.0742548850614922
0.735000000000001	-0.0137304350810689	0.0507383117042839
0.736000000000001	0.000371159315163098	0.107021260987388
0.737000000000001	0.0338999578942601	0.00756803528748748
0.738000000000001	0.0233183206358913	-0.102824673915296
0.739000000000001	-0.0322243279761916	-0.0723764882914246
0.740000000000001	-0.0408731157035464	0.0603554061440046
0.741000000000001	0.0108879505281138	0.120964248523175
0.742000000000001	0.03933902347465	0.00327853955038651
0.743000000000001	0.0131153365628467	-0.117187963764777
0.744000000000001	-0.0264704318507576	-0.0724305453998185
0.745000000000001	-0.0172260268370689	0.0526643833414604
0.746000000000001	-0.000564371053228129	0.109006726507377
0.747000000000001	0.0293437577427546	0.0095262317921113
0.748000000000001	0.0249287182192941	-0.103348929471968
0.749000000000001	-0.0326475594627032	-0.0731724729066095
0.750000000000001	-0.0387261703541594	0.0598303488807762
0.751000000000001	0.0121306061367361	0.120232061474185
0.752000000000001	0.0412891452735521	0.00204211969670126
0.753000000000001	0.0138185137221735	-0.119315088944604
0.754000000000001	-0.0266964413296201	-0.0747034434687395
0.755000000000001	-0.0147964513243532	0.0492044336814742
0.756000000000001	0.000337410549020134	0.105822997848312
0.757000000000001	0.0331691191251352	0.00709268043106371
0.758000000000001	0.0256020923380458	-0.105607518310292
0.759000000000001	-0.0319340398385105	-0.0757297358566769
0.760000000000001	-0.0384663442890607	0.0553709908817425
0.761000000000001	0.0122509629804072	0.117929981314694
0.762000000000001	0.043358866599284	0.00123567480506976
0.763000000000001	0.0136260632985937	-0.119885842894298
0.764000000000001	-0.0232263517607021	-0.0790725332148888
0.765000000000001	-0.017198572917698	0.0475132139588844
0.766000000000001	-0.000389758798075519	0.10535628201971
0.767000000000001	0.031374954352525	0.00867233037828309
0.768000000000001	0.0274310340430282	-0.105056137409363
0.769000000000001	-0.0305494128981555	-0.0760384959575738
0.770000000000001	-0.0399730111472554	0.0571724730641619
0.771000000000001	0.0117593322720582	0.120182813495518
0.772000000000001	0.0394315197212943	0.00350057719474705
0.773000000000001	0.0135139002855662	-0.118800228693726
0.774000000000001	-0.0276260215007673	-0.073822061575748
0.775000000000001	-0.0145228804491538	0.0510642426522868
0.776000000000001	-0.000477796352671547	0.108161206625771
0.777000000000001	0.0335662298474155	0.00968318071765273
0.778000000000001	0.023311202186453	-0.101664068386569
0.779000000000001	-0.0318401502346726	-0.0729710817778221
0.780000000000001	-0.0415045096602467	0.0595840060277401
0.781000000000001	0.0103571161233606	0.121274922040672
0.782000000000001	0.0395965493704158	0.00467979278155495
0.783000000000001	0.0134968781351237	-0.116786029689154
0.784000000000001	-0.0254730415501085	-0.0742954049334608
0.785000000000001	-0.0175489104583311	0.0508241849609466
0.786000000000001	-0.000830518060328004	0.108477169308386
0.787000000000001	0.0300422409993018	0.0104675373506348
0.788000000000001	0.0254695606760429	-0.103428138428375
0.789000000000001	-0.0314531556690512	-0.0757752710043422
0.790000000000001	-0.0387983393843777	0.0572365647101622
0.791000000000001	0.0118737083035236	0.119405335780633
0.792000000000001	0.0419708878359289	0.0029619380006821
0.793000000000001	0.0145190850906179	-0.119466743545275
0.794000000000001	-0.0252443352182116	-0.0772329991880821
0.795000000000001	-0.0150067564597426	0.046815100007696
0.796000000000001	-5.3184803333707E-05	0.105260775280326
0.797000000000001	0.0335599432733263	0.00835843527359145
0.798000000000001	0.026215284146469	-0.105433548111801
0.799000000000001	-0.0309727439178209	-0.077490522920498
0.800000000000001	-0.0390789406639244	0.0537337548218532
0.801000000000001	0.011708254051129	0.11800937757714
0.802000000000001	0.0434657986366757	0.0029252542976964
0.803000000000001	0.0137436976756397	-0.119029973165698
0.804000000000001	-0.0225432063071493	-0.0801269065301216
0.805000000000001	-0.0180276023771927	0.0468366294927507
0.806000000000001	-0.0010710081866313	0.106092774540263
0.807000000000001	0.031057915671699	0.0108194713855708
0.808000000000001	0.0272263209189889	-0.103653240614273
0.809000000000001	-0.0303785297230769	-0.0761310185733817
0.810000000000001	-0.0406884078126871	0.0572314273668214
0.811000000000001	0.0109521352072155	0.121392026918426
0.812000000000001	0.0390950969648113	0.00567585824545436
0.813000000000001	0.013327544149943	-0.117301660656321
0.814000000000001	-0.027673995517606	-0.0736671079603556
0.815000000000001	-0.0152815259196783	0.0512035045362182
0.816000000000001	-0.00130864819242836	0.109222728908336
0.817000000000001	0.0332224821125481	0.011803301905763
0.818000000000001	0.0232591708524861	-0.100423183924847
0.819000000000001	-0.0315296555381992	-0.0733969013377711
0.820000000000001	-0.042184394401181	0.0590520958938406
0.821000000000001	0.0097659737299839	0.12179714377143
0.822000000000001	0.0396960502160316	0.00625503845185587
0.823000000000001	0.0136876496958819	-0.116089494605926
0.824000000000001	-0.0247411627277932	-0.0756450607175236
0.825000000000001	-0.0179303032617437	0.0494481076675974
0.826000000000001	-0.00121372963960711	0.108299217391001
0.827000000000001	0.0305516588133494	0.0116517036772074
0.828000000000001	0.0261062375233075	-0.103485388391414
0.829000000000001	-0.0305960744213136	-0.0777786180879414
0.830000000000001	-0.0389937145622103	0.0551295700690383
0.831000000000001	0.0115544527974849	0.118827430218074
0.832000000000001	0.0425617561709183	0.00396379177446221
0.833000000000001	0.015053737417378	-0.119403470221454
0.834000000000001	-0.0240778704390375	-0.0795385952905108
0.835000000000001	-0.015231010593904	0.0445855244554395
0.836000000000001	-0.000452439142025611	0.104720145857252
0.837000000000001	0.03393676717841	0.00960292286214438
0.838000000000001	0.0268466042039418	-0.105293791155409
0.839000000000001	-0.0299013271719093	-0.0793973166106092
0.840000000000001	-0.0396377315180989	0.0518931032448245
0.841000000000001	0.0112631424336127	0.117842482159998
0.842000000000001	0.0436566565816835	0.00445433517031465
0.843000000000001	0.0139920491225497	-0.118417833188923
0.844000000000001	-0.0216530320016591	-0.0815624046772774
0.845000000000001	-0.0187455681435702	0.0457408079563436
0.846000000000001	-0.00161455032664506	0.106471185879806
0.847000000000001	0.0309154134597248	0.0127146185042777
0.848000000000001	0.027166496851225	-0.102546769742919
0.849000000000001	-0.0299827149961823	-0.0766525174517721
0.850000000000001	-0.0412654997254687	0.0568536570828953
0.851000000000001	0.0102117794044592	0.122279642947897
0.852000000000001	0.0388792236195554	0.00769645432765192
0.853000000000001	0.0132628347031408	-0.115991723548533
0.854000000000001	-0.027607277604808	-0.0737506267877748
0.855000000000001	-0.0160076717599802	0.0511630153403263
0.856000000000001	-0.00211387623580585	0.110188480632718
0.857000000000001	0.0328917806291315	0.0139070799360746
0.858000000000001	0.023197295794872	-0.0991619286611188
0.859000000000001	-0.0312433027086019	-0.0737545067224933
0.860000000000001	-0.0428846162770885	0.0586324967997368
0.861000000000001	0.00914097208382898	0.122433588949993
0.862000000000001	0.0397048442456965	0.00793493360203762
0.863000000000001	0.0137607186864083	-0.115202851592997
0.864000000000001	-0.0241709300587684	-0.076656318185571
0.865000000000001	-0.0183542507136238	0.0483770193303629
0.866000000000001	-0.00168768172647886	0.108376203080268
0.867000000000001	0.0309335494059331	0.0130024443037093
0.868000000000001	0.0265983726677954	-0.1032618556968
0.869000000000001	-0.0299015515730758	-0.0793864534866383
0.870000000000001	-0.0392611474215671	0.0533751582229855
0.871000000000001	0.0112020554252356	0.118446894646191
0.872000000000001	0.0429981769580268	0.00510417533058354
0.873000000000001	0.0154847434418416	-0.119151682713346
0.874000000000001	-0.0231394810794009	-0.0816753178493112
0.875000000000001	-0.01545524442617	0.0425396709122795
0.876000000000001	-0.000823780809823404	0.104231586479963
0.877000000000001	0.0342873506958724	0.0108706105667836
0.878000000000001	0.0274608001664419	-0.105129433097682
0.879000000000001	-0.0287833228247632	-0.0813190928005972
0.880000000000001	-0.0401613007941936	0.0499889604556139
0.881000000000001	0.0108824385909543	0.117542286788823
0.882000000000001	0.0439101104861247	0.00588146413724859
0.883000000000001	0.0143035277340428	-0.117937718410576
0.884000000000001	-0.0206491261099542	-0.0832465892813865
0.885000000000001	-0.0193729728959781	0.0443784225027395
0.886000000000001	-0.00205968304552451	0.106591002925818
0.887000000000001	0.0309163671269917	0.0144155292668137
0.888000000000001	0.027207214404521	-0.101660347200984
0.889000000000001	-0.0294140430275481	-0.0775130546534419
0.890000000000001	-0.0417228027987652	0.0560994206800298
0.891000000000001	0.00952704647466808	0.12287294760763
0.892000000000001	0.0387751104295564	0.00957222136765233
0.893000000000001	0.0133193665640017	-0.114868557143534
0.894000000000001	-0.0274092690369644	-0.0741029353582405
0.895000000000001	-0.0166851596833965	0.0508725591136862
0.896000000000001	-0.00287631417087931	0.111001623625023
0.897000000000001	0.0325938859435514	0.0159647993499545
0.898000000000001	0.0231622423385825	-0.0979413778206086
0.899000000000001	-0.030917953544732	-0.0741679562107763
0.900000000000001	-0.0435797835504616	0.0581897786235565
0.901000000000001	0.00850443739596987	0.123086696642654
0.902000000000001	0.0396765654871751	0.00966209328430672
0.903000000000001	0.0137723587767028	-0.114220903692838
0.904000000000001	-0.0236967642167686	-0.0774832181330045
0.905000000000001	-0.018802845370166	0.047474865584444
0.906000000000001	-0.00221313379892531	0.108587628432494
0.907000000000001	0.031229959981606	0.0144674279105568
0.908000000000001	0.0269749338689999	-0.102815136610325
0.909000000000001	-0.0293352862913088	-0.0806860694067769
0.910000000000001	-0.0395929445547484	0.0519084197252656
0.911000000000001	0.0108163102990896	0.118245740932004
0.912000000000001	0.0433022200376884	0.00638103801216188
0.913000000000001	0.0158156677088925	-0.118707621687378
0.914000000000001	-0.022333756296538	-0.0835079073521147
0.915000000000001	-0.0157119933671209	0.0407312532976587
0.916000000000001	-0.00122873134681731	0.103861243214076
0.917000000000001	0.0345615469666201	0.0122140160818015
0.918000000000001	0.02800627394055	-0.104847427279778
0.919000000000001	-0.0276997542213248	-0.0831224473025591
0.920000000000001	-0.0406808032418724	0.0481615595200562
0.921000000000001	0.0105223285172482	0.117229194673672
0.922000000000001	0.0443616344214834	0.00717508102242078
0.923000000000001	0.0145826024060937	-0.117445729736618
0.924000000000001	-0.0196594239241016	-0.0849406444051335
0.925000000000001	-0.0199434676008053	0.0429234071916519
0.926000000000001	-0.00247226943922631	0.106592647887733
0.927000000000001	0.0309933910192087	0.0160037893261784
0.928000000000001	0.0272844139731485	-0.100890669473748
0.929000000000001	-0.0287678286167908	-0.0785549736899974
0.930000000000001	-0.0420983239076565	0.0551028659766924
0.931000000000001	0.00888133371260891	0.123264010131842
0.932000000000001	0.0387442828779413	0.0113294248128082
0.933000000000001	0.0134590509996101	-0.113889060295031
0.934000000000001	-0.0270935928675352	-0.0746827669721145
0.935000000000001	-0.0173148409670044	0.0503326293617105
0.936000000000001	-0.0035986604872005	0.111659385659241
0.937000000000001	0.0323370816432437	0.0179502722613509
0.938000000000001	0.0231689673975133	-0.0968044707228233
0.939000000000001	-0.0305221432010688	-0.0747076236961769
0.940000000000001	-0.0442449521354892	0.0576297521542248
0.941000000000001	0.00788183069292121	0.123668094134941
0.942000000000001	0.0396620795474422	0.0113706107519023
0.943000000000001	0.0137758165558349	-0.113238171560394
0.944000000000001	-0.0232542964347405	-0.0782787721590388
0.945000000000001	-0.0192454846556482	0.0465954579975159
0.946000000000001	-0.00275848157748504	0.108824036395215
0.947000000000001	0.0314971840892183	0.0159853644031087
0.948000000000001	0.0272923083058488	-0.102253173624369
0.949000000000001	-0.0288312469214216	-0.0818288702907363
0.950000000000001	-0.0399604800173851	0.0505865699093674
0.951000000000001	0.0103609119685671	0.118141972156725
0.952000000000001	0.0435235975532976	0.00774901518025534
0.953000000000001	0.0160853596662162	-0.118132140201155
0.954000000000001	-0.0216188758123444	-0.085123860531324
0.955000000000001	-0.0160149361774525	0.0391073865507104
0.956000000000001	-0.00165336054038876	0.103568066380557
0.957000000000001	0.0347674912794242	0.0136381677451562
0.958000000000001	0.0284706300903826	-0.104427011780518
0.959000000000001	-0.0266829110634223	-0.0847656509016844
0.960000000000001	-0.0412068180901662	0.0464822825154428
0.961000000000001	0.0101440850172011	0.116993804974072
0.962000000000001	0.0447565542009092	0.00850701082770878
0.963000000000001	0.0148102739907926	-0.116888140381143
0.964000000000001	-0.0187497844993104	-0.086482387205229
0.965000000000001	-0.020472438379983	0.0415275284564727
0.966000000000001	-0.0029297587889731	0.106598788836873
0.967000000000001	0.0310999217193359	0.0175595766779513
0.968000000000001	0.0273596598414024	-0.100124680614241
0.969000000000001	-0.0281328964450773	-0.0795875830255277
0.970000000000001	-0.0424318710049406	0.0540490676052756
0.971000000000001	0.00825670376110538	0.123575067841431
0.972000000000001	0.0387374168161777	0.0130335046517894
0.973000000000001	0.01362912672391	-0.112964095888798
0.974000000000001	-0.0267111023687179	-0.0753627486824899
0.975000000000001	-0.0179160981038263	0.0496632843612946
0.976000000000001	-0.00426986899378811	0.112187888123347
0.977000000000001	0.0321197060761565	0.0198559937093968
0.978000000000001	0.0232164895136963	-0.0957479653048616
0.979000000000001	-0.0299591181294772	-0.0754238499550565
0.980000000000001	-0.0448929350625527	0.0569086774484485
0.981000000000001	0.00728625590102229	0.124129016125413
0.982000000000001	0.0396881056639235	0.0130097782979704
0.983000000000001	0.0137546160487463	-0.112297546817686
0.984000000000001	-0.0227950819369055	-0.0791450529558499
0.985000000000001	-0.0196473614749272	0.0456285214568752
0.986000000000001	-0.00329503902109556	0.10899787207023
0.987000000000001	0.0315353547273055	0.0175557695511715
0.988000000000001	0.0276325052317301	-0.101698121388058
0.989000000000001	-0.0283008992933666	-0.0829685179110871
0.990000000000001	-0.0402978909711156	0.0492488325810803
0.991000000000001	0.00988600392180989	0.118017149688816
0.992000000000001	0.0437305080126804	0.00913280647034152
0.993000000000001	0.0163645746602796	-0.117625678543795
0.994000000000001	-0.0209416135415761	-0.0866436196868172
0.995000000000001	-0.0163082544711769	0.037546158853173
0.996000000000001	-0.00205867647532531	0.103283003573515
0.997000000000001	0.0349651816075675	0.0150893506277172
0.998000000000001	0.0288874935250012	-0.10391820642943
0.999000000000001	-0.0256910673421963	-0.0863097466290151
1	-0.0417218128699823	0.0448973785738333
1.001	0.00976701143019467	0.116810810694107
1.002	0.045109023587519	0.00987769767017757
1.003	0.0149898893773597	-0.116251247756849
1.004	-0.0179233929059885	-0.0878557961514332
1.005	-0.0209664191311098	0.0402251324454012
1.006	-0.00339948248131419	0.106654455893029
1.007	0.0312080501684041	0.0191241330512146
1.008	0.0274027660706677	-0.0993106633528817
1.009	-0.0275530998175853	-0.080530742412279
1.01	-0.042795096549247	0.0530248848921737
1.011	0.00764521074595623	0.123876247687646
1.012	0.0387227849044083	0.0147213555216776
1.013	0.0137834273460684	-0.112021736432603
1.014	-0.0263092619986897	-0.0760331945696695
1.015	-0.0185087283865667	0.0489703087781731
1.016	-0.00490937825539783	0.112663164579954
1.017	0.031904230296017	0.0217428820701426
1.018	0.0232746937505917	-0.0947109544125641
1.019	-0.0293763332403833	-0.076163795943669
1.02	-0.0455007135412514	0.0561267129847635
1.021	0.00671720080576031	0.124525246545533
1.022	0.0397422702992893	0.0146023448933326
1.023	0.013728015882056	-0.111387421499463
1.024	-0.0223291459026016	-0.0800466078174971
1.025	-0.0200200598639369	0.044607203965972
1.026	-0.00380469124073501	0.109104085728098
1.027	0.0315681930333469	0.0191037243464753
1.028	0.0279715215395533	-0.101126187309049
1.029	-0.0277618612027406	-0.0840996366534923
1.03	-0.0406214591517457	0.0479330748684255
1.031	0.00942621773270193	0.117901592461799
1.032	0.0438954781082257	0.0105391648050393
1.033	0.0168573864040594	-0.117188583719227
1.034	-0.0203884104665429	-0.088000223858712
1.035	-0.0166203894699354	0.0360817134310718
1.036	-0.00248617726604252	0.103046239793774
1.037	0.035157064711481	0.0165103477986007
1.038	0.0292104250849453	-0.103317731098981
1.039	-0.0247642115030833	-0.087742210465451
1.04	-0.0422379755577221	0.0434049154211675
1.041	0.00936374354825946	0.116689908417121
1.042	0.0454186521408269	0.0112598569697452
1.043	0.0151086164918084	-0.115524519720429
1.044	-0.017165254679985	-0.0891237931379344
1.045	-0.0214209128954772	0.0389516498723119
1.046	-0.00387101092959627	0.106694909009734
1.047	0.0313475623914	0.0206439692538261
1.048	0.0274470348194441	-0.0985220376348957
1.049	-0.0269742941688078	-0.0815010051180512
1.05	-0.0432662897601399	0.0518750004707178
1.051	0.00709349513126205	0.124070084895773
1.05199999999999	0.0387659649419169	0.0163266315759847
1.05299999999999	0.0139880604158742	-0.1111535138053
1.05399999999999	-0.0258119686259853	-0.0768373296526434
1.05499999999999	-0.0190617077020723	0.0481205682989074
1.05599999999999	-0.00548753350204274	0.112991588081062
1.05699999999999	0.0317353074497243	0.0235512108181937
1.05799999999999	0.0233778624442499	-0.0937529986388831
1.05899999999999	-0.0287262060438609	-0.0770221651173857
1.05999999999999	-0.0460506060722984	0.0551963691495457
1.06099999999999	0.00619023004992867	0.124806751233485
1.06199999999999	0.0398395833498547	0.0161409460520052
1.06299999999999	0.0137229523923208	-0.110526948467857
1.06399999999999	-0.0218548324944362	-0.0809919118795248
1.06499999999999	-0.0203628560361061	0.0435319901221354
1.06599999999999	-0.00430037292080324	0.109158418947116
1.06699999999999	0.031588376467192	0.0206526399175199
1.06799999999999	0.0282917086738636	-0.100504401675433
1.06899999999999	-0.0272337384938411	-0.0851542977160109
1.06999999999999	-0.0409487068960225	0.04667288328535
1.07099999999999	0.00896335773311344	0.117832244786596
1.07199999999999	0.0440055186750377	0.0119924443809916
1.07299999999999	0.0172802033268611	-0.116649852472719
1.07399999999999	-0.0198885646395112	-0.0891896394638727
1.07499999999999	-0.0169398050608586	0.0347494938807899
1.07599999999999	-0.00293089183730621	0.102897781742022
1.07699999999999	0.0352793543104441	0.0179967580435524
1.07799999999999	0.0294556097070199	-0.102603471669813
1.07899999999999	-0.0239122431109703	-0.0890136954451718
1.07999999999999	-0.0427489859041896	0.0420523836237246
1.08099999999999	0.00893347381759223	0.116654856574313
1.08199999999999	0.0456580714665851	0.0126923648310772
1.08299999999999	0.0151879208964988	-0.114734446989384
1.08399999999999	-0.0164945236870192	-0.0902392226114627
1.08499999999999	-0.0218427228499889	0.0377653586101534
1.08599999999999	-0.00433879912995843	0.106753848435038
1.08699999999999	0.0314894082287529	0.0221562468545546
1.08799999999999	0.0274797747925436	-0.0977190947596494
1.08899999999999	-0.0264250884060731	-0.0824306549664916
1.08999999999999	-0.0437106627122588	0.0507031978961933
1.09099999999999	0.00655591063568934	0.124208779724007
1.09199999999999	0.0388061788164963	0.0178961593322115
1.09299999999999	0.014209637786956	-0.110326328909851
1.09399999999999	-0.025319817428404	-0.0776982836178106
1.09499999999999	-0.0195676224038353	0.0471686424372753
1.09599999999999	-0.00599579825740442	0.113192477301374
1.09699999999999	0.0315989251954275	0.0252926418904577
1.09799999999999	0.0235075064479029	-0.0928442070301151
1.09899999999999	-0.0280334997238406	-0.0779622789274957
1.09999999999999	-0.046542274929475	0.0541440666143396
1.10099999999999	0.00570030876818674	0.124981901722096
1.10199999999999	0.0399816467657788	0.0176165873114306
1.10299999999999	0.0137443429630502	-0.109729694037031
1.10399999999999	-0.0213645132927569	-0.0819960986294637
1.10499999999999	-0.0206670816785014	0.0423786547866689
1.10599999999999	-0.0047793780291866	0.109151466092774
1.10699999999999	0.0316031287116169	0.0221785058421098
1.10799999999999	0.0286136267379506	-0.0998754249458572
1.10899999999999	-0.0266897664402843	-0.0861979486931293
1.10999999999999	-0.0412657366591379	0.0453955450331042
1.11099999999999	0.00851531638414173	0.117752477220584
1.11199999999999	0.0440825946062378	0.0134585086470755
1.11299999999999	0.017660920986956	-0.116057483342217
1.11399999999999	-0.0194333888622516	-0.0903304267183674
1.11499999999999	-0.0172553816451921	0.0334769173179486
1.11599999999999	-0.00337149883880214	0.102782180715553
1.11699999999999	0.035352970136638	0.0195200320334147
1.11799999999999	0.0296471678890008	-0.101821958974053
1.11899999999999	-0.023105663893865	-0.09018123894047
1.11999999999999	-0.0432423523555278	0.0407860704885568
1.12099999999999	0.00849962594708016	0.116660728790261
1.12199999999999	0.0458685591782333	0.0141292842161761
1.12299999999999	0.0152289317343965	-0.113895651388484
1.12399999999999	-0.0158967639126528	-0.0912283950692879
1.12499999999999	-0.0222329376201185	0.0366587490145875
1.12599999999999	-0.00482086910052094	0.10684301095526
1.12699999999999	0.0316246410106719	0.0236720092066937
1.12799999999999	0.0275039221353047	-0.0968921038363275
1.12899999999999	-0.0259109281270543	-0.0833026511717287
1.12999999999999	-0.0441363377726279	0.0495399184976057
1.13099999999999	0.0060310971286615	0.124314939634438
1.13199999999999	0.0388575088097493	0.019429055841272
1.13299999999999	0.0144161847111992	-0.109501300234312
1.13399999999999	-0.0248501844635657	-0.0785680445870411
1.13499999999999	-0.0200400059176293	0.0461616360161918
1.13599999999999	-0.00647412483046269	0.11333030774266
1.13699999999999	0.0314725639884237	0.0269899743846136
1.13799999999999	0.0236434835114813	-0.091967888217171
1.13899999999999	-0.0273191536666697	-0.0789329752615092
1.13999999999999	-0.0469847915888045	0.0530237438362281
1.14099999999999	0.00524266843441686	0.125086015793306
1.14199999999999	0.0401527933891191	0.0190471517390001
1.14299999999998	0.0137818473149437	-0.108972860728939
1.14399999999998	-0.0208693797743167	-0.0830283944150343
1.14499999999998	-0.0209384537270665	0.0411724432393869
1.14599999999998	-0.0052724629742861	0.109083769827925
1.14699999999998	0.0316170530768966	0.0236735722779948
1.14799999999998	0.0289448163062991	-0.0992534236650943
1.14899999999998	-0.0261090365861482	-0.0872608633566567
1.14999999999998	-0.0415933863303884	0.0440284432846496
1.15099999999998	0.00809676290875896	0.117627302682309
1.15199999999998	0.0443216148106613	0.0147442386421458
1.15299999999998	0.0179997394362269	-0.115439719371209
1.15399999999998	-0.0189987969229797	-0.0914801846663012
1.15499999999998	-0.0175587579313496	0.0322023189844893
1.15599999999998	-0.00381500513986843	0.102658820663343
1.15699999999998	0.0354135002743536	0.0210461431173043
1.15799999999998	0.0298116471140478	-0.101024289082303
1.15899999999998	-0.0223091522903931	-0.0913135331686479
1.15999999999998	-0.0437071976684413	0.0395350218704741
1.16099999999998	0.00806774487455465	0.11666813738653
1.16199999999998	0.0460634844559834	0.0155624094146807
1.16299999999998	0.0152490076515715	-0.113039354472463
1.16399999999998	-0.0153452124174863	-0.0921544635712007
1.16499999999998	-0.0225900617775503	0.0355704737090084
1.16599999999998	-0.00530628277675272	0.106933553702401
1.16699999999998	0.0317817824186905	0.025172221310858
1.16799999999998	0.0275190938123126	-0.0960479028051729
1.16899999999998	-0.0254252032584524	-0.0841406146662121
1.16999999999998	-0.0445470779270882	0.0483679416670381
1.17099999999998	0.00550494340625335	0.12440251611086
1.17199999999998	0.0389130833400577	0.0209399003766215
1.17299999999998	0.0146009378782913	-0.108661143929939
1.17399999999998	-0.0243634512780172	-0.0794467121167931
1.17499999999998	-0.0205064605145687	0.0451179027188797
1.17599999999998	-0.00692794012685553	0.113384772504158
1.17699999999998	0.031345765609553	0.0286698022492279
1.17799999999998	0.0236949174742952	-0.0911054732897237
1.17899999999998	-0.0266019786657642	-0.079901193240004
1.17999999999998	-0.0473731343088907	0.0518603517701295
1.18099999999998	0.00481743845966223	0.125147233401639
1.18199999999998	0.0402400351523946	0.0204446681344698
1.18299999999998	0.0138432658857187	-0.108221207422369
1.18399999999998	-0.0203726683511742	-0.0840399958219225
1.18499999999998	-0.0211801793639101	0.0399640707297166
1.18599999999998	-0.00577134793533504	0.108993846910901
1.18699999999998	0.0316361066847142	0.0251563272085112
1.18799999999998	0.0292552400281884	-0.0985926439072208
1.18899999999998	-0.0255167163237421	-0.0882760545209699
1.18999999999998	-0.0419138700467146	0.0426760012799397
1.19099999999998	0.00768631396165183	0.11750987386123
1.19199999999998	0.0443538572337454	0.0162391786437399
1.19299999999998	0.0183518270937941	-0.11480687127336
1.19399999999998	-0.0185474933569554	-0.0925860262140563
1.19499999999998	-0.0178280520408142	0.0309286136227086
1.19599999999998	-0.00429261217102145	0.102531314723193
1.19699999999998	0.0354886434956361	0.0225584733149453
1.19799999999998	0.029970066971901	-0.100219526063968
1.19899999999998	-0.0214903854494186	-0.0924431428598909
1.19999999999998	-0.0440549813396552	0.0382265532641396
1.20099999999998	0.00764517053705471	0.116635183544773
1.20199999999998	0.0462728689250711	0.0169778458533028
1.20299999999998	0.0152704491754134	-0.112202736584051
1.20399999999998	-0.0148061774240889	-0.093087079228223
1.20499999999998	-0.0228985685034818	0.0344294698224342
1.20599999999998	-0.0057754878248101	0.106966921571455
1.20699999999998	0.0319846850436691	0.0266287786880827
1.20799999999998	0.0275502970278495	-0.0952295858224376
1.20899999999998	-0.0248867045736081	-0.0851371364025355
1.20999999999998	-0.0449447783478959	0.0471304559793394
1.21099999999998	0.00498978093142004	0.12444058255151
1.21199999999998	0.0389888357225678	0.0224211695723378
1.21299999999998	0.0147742287223889	-0.107815402000084
1.21399999999998	-0.0238507201424597	-0.0803539576412065
1.21499999999998	-0.0209672119050546	0.044030085474894
1.21599999999998	-0.00738348422398852	0.113435892463777
1.21699999999998	0.0312101123889973	0.0303397210676116
1.21799999999998	0.023740096120031	-0.0902315037808094
1.21899999999998	-0.025904706885089	-0.0808465584086986
1.21999999999998	-0.0477397037250352	0.0506978346621528
1.22099999999998	0.0044012806793354	0.125194771113566
1.22199999999998	0.0403069564077127	0.021849067409285
1.22299999999998	0.0139020155031034	-0.10745459275972
1.22399999999998	-0.019887899470433	-0.0850521587486516
1.22499999999998	-0.0214200711755274	0.0387962331831353
1.22599999999998	-0.00626973164000941	0.108919623552463
1.22699999999998	0.0316313594683768	0.0266707325863419
1.22799999999998	0.0295117623074255	-0.0978453355499852
1.22899999999998	-0.0249486028451507	-0.0891802620458547
1.22999999999998	-0.0422473103395461	0.0414073320171776
1.23099999999998	0.00726755489964978	0.117452729756513
1.23199999999998	0.0443478787166886	0.0177580450714456
1.23299999999998	0.0186841927656466	-0.114089179873116
1.23399999999997	-0.0181346767620872	-0.0935573182081126
1.23499999999997	-0.0181030654513729	0.0297385853723195
1.23599999999997	-0.00478285161004696	0.10245406235261
1.23699999999997	0.0355190608412112	0.0240929414654492
1.23799999999997	0.0300758213553839	-0.099356880518403
1.23899999999997	-0.020706806798425	-0.0934962557472919
1.23999999999997	-0.0442972944699605	0.0369386365871544
1.24099999999997	0.00719496033849322	0.116611518458214
1.24199999999997	0.046448507246934	0.0183908053473262
1.24299999999997	0.015268570902671	-0.111354995948422
1.24399999999997	-0.014307325111342	-0.0939844575108903
1.24499999999997	-0.023178613324994	0.0332759486594466
1.24599999999997	-0.0062336748552698	0.106956302993383
1.24699999999997	0.0322149289125149	0.0280486707069309
1.24799999999997	0.0275933996993522	-0.0944275385096451
1.24899999999997	-0.0243216911886955	-0.0861862371001895
1.24999999999997	-0.0453064754552077	0.0458081610781741
1.25099999999997	0.00449278733392381	0.1243912476329
1.25199999999997	0.0390983896502063	0.023843845329648
1.25299999999997	0.0149578128667321	-0.107010109100854
1.25399999999997	-0.0232841729798861	-0.0813581073820227
1.25499999999997	-0.0214039574604517	0.0428241315835482
1.25599999999997	-0.00781088629821434	0.11339072074582
1.25699999999997	0.0310941331880787	0.0319452893331487
1.25799999999997	0.0238037819262132	-0.0893959383571861
1.25899999999997	-0.0251802730896648	-0.0818461991966766
1.25999999999997	-0.0480624031518713	0.0494512258776603
1.26099999999997	0.00400678853036631	0.125177832640152
1.26199999999997	0.0404040681025906	0.0232250947723082
1.26299999999997	0.013971340886261	-0.106703168046862
1.26399999999997	-0.0194120106160209	-0.0860588370176499
1.26499999999997	-0.0216490745178546	0.0376088017391052
1.26599999999997	-0.00677271174071457	0.108837928092489
1.26699999999997	0.0316122845267347	0.0281965844573616
1.26799999999997	0.0297300641606078	-0.0970377496112955
1.26899999999997	-0.0243884613662294	-0.0900212996377091
1.26999999999997	-0.0425875479609293	0.0401814738971188
1.27099999999997	0.0068463054057341	0.11742882097771
1.27199999999997	0.0443100095358018	0.019293221165914
1.27299999999997	0.0189062633270684	-0.113301495027802
1.27399999999997	-0.0177430189075407	-0.0944075489135242
1.27499999999997	-0.0183737380365133	0.0286268038625633
1.27599999999997	-0.00528007223797455	0.102434662226081
1.27699999999997	0.0355100174119382	0.0256596167079055
1.27799999999997	0.0301312738226532	-0.0984262257887089
1.27899999999997	-0.0199613813378922	-0.0944513042947391
1.27999999999997	-0.0445318291389046	0.0357187799834124
1.28099999999997	0.00674429691544036	0.116617249119181
1.28199999999997	0.0465937261916575	0.0198136067887416
1.28299999999997	0.0152483890916771	-0.110475268846127
1.28399999999997	-0.0138748008225843	-0.0947812729230514
1.28499999999997	-0.0234368999931551	0.0321443399397021
1.28599999999997	-0.00668190327994409	0.106923229170836
1.28699999999997	0.0324589675076455	0.0294597267609135
1.28799999999997	0.0276396054026161	-0.0936138677575943
1.28899999999997	-0.023753146697312	-0.0872239414432204
1.28999999999997	-0.0456386361278495	0.0444567107082947
1.29099999999997	0.00400722476759057	0.124294873552434
1.29199999999997	0.0392267486697504	0.0252278080677596
1.29299999999997	0.0151429253219356	-0.106261398198309
1.29399999999997	-0.0226833912430277	-0.0824023165479408
1.29499999999997	-0.0218171558177313	0.0415439954658702
1.29599999999997	-0.00821290843139418	0.113277626205997
1.29699999999997	0.0309881589676723	0.0335212697786775
1.29799999999997	0.0238786273954491	-0.0885858617472359
1.29899999999997	-0.0244528388722246	-0.0828710896898666
1.29999999999997	-0.0483424149088886	0.0481400383235937
1.30099999999997	0.0036352018424505	0.125102643283292
1.30199999999997	0.0405386199102055	0.0245630191973648
1.30299999999997	0.0140494873514674	-0.105967303535107
1.30399999999997	-0.0189402473946398	-0.0870675642758941
1.30499999999997	-0.0218666109995526	0.0364014548774315
1.30599999999997	-0.00727899348013811	0.10873664863518
1.30699999999997	0.0315868981828215	0.0297130008852501
1.30799999999997	0.0299219080154496	-0.0961943388895141
1.30899999999997	-0.0238273001760213	-0.090829537568409
1.30999999999997	-0.0429223330233619	0.0389694967713686
1.31099999999997	0.00643264622593576	0.117413687101192
1.31199999999997	0.0442564272914512	0.0208279928255523
1.31299999999997	0.0190790753288255	-0.112450437267309
1.31399999999997	-0.0173629068543576	-0.0951692327713551
1.31499999999997	-0.0186391916276825	0.02757128463109
1.31599999999997	-0.00578277463626921	0.102455307191244
1.31699999999997	0.0354650133819761	0.0272365665398407
1.31799999999997	0.0301400855828982	-0.097447067955579
1.31899999999997	-0.0192624081677952	-0.0953167009224384
1.31999999999997	-0.0447599971482824	0.0345573799967117
1.32099999999997	0.00629358602550167	0.116651674146295
1.32199999999997	0.0467058585544958	0.0212423809221545
1.32299999999997	0.0152071668933854	-0.109565139768078
1.32399999999996	-0.013487623170149	-0.095510693167152
1.32499999999996	-0.0236817419723844	0.0310427925261612
1.32599999999996	-0.00713130801090395	0.106898955594551
1.32699999999996	0.0327063054795734	0.0308644432203578
1.32799999999996	0.027684545582189	-0.0927801189376
1.32899999999996	-0.0231921995903023	-0.0882373039035473
1.32999999999996	-0.0459496146379475	0.0430924263555001
1.33099999999996	0.00352901334885381	0.124158518262308
1.33199999999996	0.0393721202072944	0.0265726425760589
1.33299999999996	0.0153241132207981	-0.105525206804529
1.33399999999996	-0.0220485783833131	-0.0835014975618199
1.33499999999996	-0.0221961212334976	0.0401594440104734
1.33599999999996	-0.00859118969117542	0.113082344606514
1.33699999999996	0.0311322180113841	0.0349235278639372
1.33799999999996	0.023929206001013	-0.087778797461717
1.33899999999996	-0.0237404867179683	-0.0839325937921222
1.33999999999996	-0.0485941700658497	0.0467517070964804
1.34099999999996	0.00328614793289518	0.124951035577065
1.34199999999996	0.0406989970285726	0.0258674880398543
1.34299999999996	0.014132074301514	-0.105250573215386
1.34399999999996	-0.0184782337274376	-0.0880835649686704
1.34499999999996	-0.0222282566899159	0.0350826368458898
1.34599999999996	-0.00774568503001608	0.108625018332215
1.34699999999996	0.0315822461883598	0.0312152018675641
1.34799999999996	0.030101453814408	-0.0953206472585502
1.34899999999996	-0.0232537547186325	-0.0916207166886451
1.34999999999996	-0.0432378809097015	0.0377575081086791
1.35099999999996	0.00604078076684139	0.117398421716577
1.35199999999996	0.0441947552808481	0.0223657116417277
1.35299999999996	0.0192134611540575	-0.111539524560971
1.35399999999996	-0.0169936700857968	-0.0958422761185284
1.35499999999996	-0.0189547334712452	0.0265667720275366
1.35599999999996	-0.00628601118112451	0.102527210758222
1.35699999999996	0.0353818111699693	0.0288323940031315
1.35799999999996	0.0301024014108197	-0.0964033886275458
1.35899999999996	-0.018615586756314	-0.0960588397158005
1.35999999999996	-0.0449921428808681	0.0334959028716258
1.36099999999996	0.00583936427434826	0.116729053039527
1.36199999999996	0.0467697983273633	0.0226998396356898
1.36299999999996	0.0151381668454077	-0.108597485681256
1.36399999999996	-0.0131670380278822	-0.0961246211765112
1.36499999999996	-0.0239276294185946	0.0300237355251815
1.36599999999996	-0.00759178407598699	0.106926217835155
1.36699999999996	0.0329343206292203	0.0322820778833345
1.36799999999996	0.0277713649482964	-0.0919939020363187
1.36899999999996	-0.0226882069117603	-0.0891707549629102
1.36999999999996	-0.0462755170224773	0.0417728523964566
1.37099999999996	0.00305558376641206	0.123992520498333
1.37199999999996	0.0395343483521549	0.027873807627033
1.37299999999996	0.015502160965218	-0.104812545766851
1.37399999999996	-0.0213712504459662	-0.0846754931327632
1.37499999999996	-0.0225435932557735	0.0386692207062682
1.37599999999996	-0.00893967283735249	0.112782079621045
1.37699999999996	0.0314172218589606	0.0362074751672684
1.37799999999996	0.0240093726303401	-0.087036139022323
1.37899999999996	-0.0229892949206989	-0.0851059337011591
1.37999999999996	-0.0487875083920425	0.0452130133541067
1.38099999999996	0.00299420798243054	0.124660085013438
1.38199999999996	0.0409196738397926	0.0271067406592722
1.38299999999996	0.014254988700621	-0.104592094533934
1.38399999999996	-0.017982805721884	-0.0891766872044411
1.38499999999996	-0.0225869051148949	0.0336705157576918
1.38599999999996	-0.00819516600058084	0.108446109628106
1.38699999999996	0.0316079257220689	0.0326737150811948
1.38799999999996	0.0302649899434136	-0.0944328519097788
1.38899999999996	-0.0226560655182033	-0.0924262301121842
1.38999999999996	-0.0435438974357119	0.036523316954865
1.39099999999996	0.00564811267651977	0.117370563266769
1.39199999999996	0.0441083762511707	0.0239145176318791
1.39299999999996	0.0192956080606643	-0.1105604582316
1.39399999999996	-0.0166606743364598	-0.096397175713717
1.39499999999996	-0.0193133981328082	0.0256646670838053
1.39599999999996	-0.00681355590495203	0.102694148068962
1.39699999999996	0.0352387027316181	0.0304891576248626
1.39799999999996	0.0299900566449255	-0.0952491965030115
1.39899999999996	-0.0181703848205132	-0.0965898666999278
1.39999999999996	-0.045234767495389	0.0326114874485019
1.40099999999996	0.00536997040818061	0.116915556184709
1.40199999999996	0.0467645125672183	0.0242210463760373
1.40299999999996	0.0150259160279168	-0.107530470504056
1.40399999999996	-0.012931670658365	-0.0965589702199637
1.40499999999996	-0.0241922313188515	0.0291580285550562
1.40599999999996	-0.00807200359427405	0.107052846243006
1.40699999999996	0.0331159137701738	0.0337357893342934
1.40799999999996	0.027842795283614	-0.0911667219032086
1.40899999999996	-0.0222399348302434	-0.0899851545811533
1.40999999999996	-0.0465862702432161	0.0405227835984509
1.41099999999996	0.00258889267747452	0.123832934443635
1.41199999999996	0.0397022012925581	0.0291428923654206
1.41299999999996	0.0156672868314106	-0.104105655949206
1.41399999999996	-0.0206689152081471	-0.0858838024725679
1.41499999999995	-0.0228514893346423	0.0370993147711754
1.41599999999995	-0.00925200850561612	0.112386192248731
1.41699999999995	0.0317612306103338	0.0373960657543435
1.41799999999995	0.0241322808118644	-0.0863759703693868
1.41899999999995	-0.0221773935123911	-0.0864193036466441
1.41999999999995	-0.0489093169729188	0.0435096817237651
1.42099999999995	0.00274268500428619	0.124231387339509
1.42199999999995	0.0412205016290676	0.0282587487197836
1.42299999999995	0.0144433134083701	-0.104022698205473
1.42399999999995	-0.017442211860299	-0.0903654156345723
1.42499999999995	-0.0228960091176198	0.0321306274079616
1.42599999999995	-0.00861648756259353	0.108180028689255
1.42699999999995	0.0316712963460209	0.0340771228027197
1.42799999999995	0.0304100502585504	-0.0935354037948735
1.42899999999995	-0.022036924157891	-0.0932389215605567
1.42999999999995	-0.0438390312959579	0.0352835723859838
1.43099999999995	0.00525366816844378	0.117358004790996
1.43199999999995	0.0439159251351284	0.0255498947648253
1.43299999999995	0.0193349368287214	-0.10952360427806
1.43399999999995	-0.0163648764060601	-0.0968278064960888
1.43499999999995	-0.0196895919861765	0.0248846308910109
1.43599999999995	-0.00736235727589875	0.102957721205596
1.43699999999995	0.0350374593712203	0.0321917636053953
1.43799999999995	0.0298084087117103	-0.0939989117334308
1.43899999999995	-0.017886676360376	-0.0968829122119078
1.43999999999995	-0.0455056795677581	0.0319157730383697
1.44099999999995	0.00487951347484208	0.117225536192789
1.44199999999995	0.0466896217274347	0.0257922837128767
1.44299999999995	0.0148702984740237	-0.106376904510917
1.44399999999995	-0.0127765257361097	-0.096823219822321
1.44499999999995	-0.0244648489560951	0.0284045260498519
1.44599999999995	-0.00856637721226492	0.10726678774244
1.44699999999995	0.0332545101056405	0.0352107189060291
1.44799999999995	0.0278778512847762	-0.0902755068970016
1.44899999999995	-0.0218227268782825	-0.0907040702224241
1.44999999999995	-0.0468734674984465	0.0393314631091971
1.45099999999995	0.00213961507557238	0.123668471359488
1.45199999999995	0.0398905808982608	0.0303263167238962
1.45299999999995	0.0158193822326021	-0.103413472564553
1.45399999999995	-0.0199442116623338	-0.0871261267478249
1.45499999999995	-0.0231135785027406	0.0354522309440692
1.45599999999995	-0.00951625580670982	0.111873425658246
1.45699999999995	0.0321561911772784	0.0384813737524161
1.45799999999995	0.0242848755520417	-0.0857949196436155
1.45899999999995	-0.0213367441472757	-0.0878291146685367
1.45999999999995	-0.0489613584841084	0.0416611455205586
1.46099999999995	0.00254592782017201	0.123674198867043
1.46199999999995	0.0415938168037479	0.0293218560631828
1.46299999999995	0.0146874227561974	-0.103535187623116
1.46399999999995	-0.016866803201807	-0.0916435029123904
1.46499999999995	-0.0231493429543251	0.0304589111127748
1.46599999999995	-0.00900878199671486	0.10781493139327
1.46699999999995	0.0317805586999666	0.0354033507160287
1.46799999999995	0.0305511064362299	-0.0926649301344318
1.46899999999995	-0.0213754308987772	-0.0941088633505698
1.46999999999995	-0.0441029449190659	0.0339681258465884
1.47099999999995	0.00487509328353234	0.117296987307749
1.47199999999995	0.0438168872106072	0.0270519443845608
1.47299999999995	0.0193355449274925	-0.108466115502112
1.47399999999995	-0.0160870863618522	-0.0972087046554666
1.47499999999995	-0.0200750420426033	0.0241463050339784
1.47599999999995	-0.00792517181014662	0.103258126679415
1.47699999999995	0.0347992320883192	0.0339110606984573
1.47799999999995	0.0295781748670656	-0.0926936220847787
1.47899999999995	-0.0176744718017632	-0.0970532567623155
1.47999999999995	-0.0458027836204216	0.0313446923429102
1.48099999999995	0.00436655626096838	0.117617705006826
1.48199999999995	0.0465552271736472	0.0273995362636421
1.48299999999995	0.0145718846440013	-0.105122797482932
1.48399999999995	-0.0126761371062933	-0.0969549118550699
1.48499999999995	-0.0247519728488256	0.0277718346676687
1.48599999999995	-0.00907322079707077	0.107559818306613
1.48699999999995	0.0333479447169115	0.0367140898377922
1.48799999999995	0.0278731687493225	-0.089312301402935
1.48899999999995	-0.0214476428035224	-0.0913086378994312
1.48999999999995	-0.0471513675652067	0.038234464030249
1.49099999999995	0.00169831949571558	0.123537469611838
1.49199999999995	0.0400657283425001	0.0314919220511241
1.49299999999995	0.0159405005480637	-0.102696122011748
1.49399999999995	-0.0192229516342137	-0.0883414250664899
1.49499999999995	-0.0233430737320533	0.0338064438807106
1.49599999999995	-0.00977703612896147	0.111363298721496
1.49699999999995	0.0325692198912106	0.0394990244117715
1.49799999999995	0.0244530640056731	-0.0852627209408782
1.49899999999995	-0.0204926295642451	-0.0892943049955245
1.49999999999995	-0.0489538286733053	0.0397079071565748
1.50099999999995	0.00237714402205802	0.123002781664432
1.50199999999995	0.0420377963182843	0.0302968126633901
1.50299999999995	0.0149887134804153	-0.103127819819211
1.50399999999995	-0.0161907269145278	-0.0930737103137851
1.50499999999995	-0.023356225953281	0.0286444563697305
1.50599999999994	-0.00936945788715458	0.107334316018034
1.50699999999994	0.0319479854156439	0.0366392947758661
1.50799999999994	0.0307011608185951	-0.0918448174798962
1.50899999999994	-0.020651232281778	-0.0950793915650672
1.50999999999994	-0.0443163470743351	0.0325132563286183
1.51099999999994	0.00452922892299954	0.11713654206072
1.51199999999994	0.0439159829639605	0.0284546161540469
1.51299999999994	0.0193143095230355	-0.107420532269421
1.51399999999994	-0.0157941070081977	-0.097625325338833
1.51499999999994	-0.0204560127758896	0.0233598541755674
1.51599999999994	-0.00848888078089234	0.10352658145276
1.51699999999994	0.0345455299389778	0.0356130625097032
1.51799999999994	0.0293205593410325	-0.0913780575924797
1.51899999999994	-0.0174982559987212	-0.0971892660242026
1.51999999999994	-0.0461084107924568	0.0307996612302577
1.52099999999994	0.00384039972970285	0.118036932291976
1.52199999999994	0.0463814203413669	0.0290259724015756
1.52299999999994	0.0142522880413023	-0.103827110868391
1.52399999999994	-0.0126270837261639	-0.0969995039621862
1.52499999999994	-0.02506410819554	0.0272253183133059
1.52599999999994	-0.00960396644545368	0.107918443373273
1.52699999999994	0.0333910452688122	0.0382564524994845
1.52799999999994	0.0278223024514674	-0.0882709871679057
1.52899999999994	-0.0211177492003925	-0.0917986716837222
1.52999999999994	-0.0474383528859555	0.0372453792548695
1.53099999999994	0.0012472559930786	0.123469247589595
1.53199999999994	0.0402031467754562	0.0326855411451095
1.53299999999994	0.0160092650378333	-0.101914049948742
1.53399999999994	-0.0185410427732672	-0.0894624234608622
1.53499999999994	-0.0235613527934972	0.0322285268361538
1.53599999999994	-0.0100435450699323	0.110886604843945
1.53699999999994	0.032952812916455	0.040507916215358
1.53799999999994	0.0246067013114504	-0.0847166091802506
1.53899999999994	-0.0196949244409119	-0.0907106342405039
1.53999999999994	-0.0489003310724389	0.0377709824735488
1.54099999999994	0.00221357847003897	0.122313251946058
1.54199999999994	0.04249559608569	0.0312475967286943
1.54299999999994	0.0153010674459347	-0.102718409417793
1.54399999999994	-0.0153636460748285	-0.0946501551544061
1.54499999999994	-0.0235692015165446	0.026818928828767
1.54599999999994	-0.00973117637592438	0.106822618033184
1.54699999999994	0.0321343332473488	0.0378261671314596
1.54799999999994	0.0308332215988277	-0.0910414466088818
1.54899999999994	-0.019905206467366	-0.0960953339757486
1.54999999999994	-0.0444930406413526	0.0309600791018899
1.55099999999994	0.0042109100104765	0.116880547306138
1.55199999999994	0.0441812469315585	0.0297572626374242
1.55299999999994	0.0192844118553623	-0.106412903747283
1.55399999999994	-0.0154530623599487	-0.0981404471173502
1.55499999999994	-0.0208120562579222	0.0224423864111812
1.55599999999994	-0.0090238495887335	0.103683497749261
1.55699999999994	0.0343157733437863	0.0372492496007672
1.55799999999994	0.0290717406859342	-0.0901160833562923
1.55899999999994	-0.0172903664927881	-0.0974245050865788
1.55999999999994	-0.0463681924700299	0.030122185903251
1.56099999999994	0.00333351140387278	0.118360915384259
1.56199999999994	0.0462286345005809	0.0306107848514723
1.56299999999994	0.0139601740941394	-0.102572451351396
1.56399999999994	-0.0125664933394603	-0.0971027077611383
1.56499999999994	-0.0253610144736814	0.0266099934973554
1.56599999999994	-0.0101291041791119	0.108237790012325
1.56699999999994	0.0331576598040568	0.0397962885093659
1.56799999999994	0.0277950758463091	-0.0872091174895298
1.56899999999994	-0.0207697962844035	-0.0922593921169787
1.56999999999994	-0.0477025875999945	0.0362937729143573
1.57099999999994	0.000808091073500421	0.123439624611726
1.57199999999994	0.0403169444337706	0.0339210702992899
1.57299999999994	0.0160281565528622	-0.101043099671214
1.57399999999994	-0.0179075672387318	-0.0904445674165922
1.57499999999994	-0.0237851971002097	0.0307895052063083
1.57599999999994	-0.0103391541692877	0.110519558747885
1.57699999999994	0.0332673611882053	0.0415787613016068
1.57799999999994	0.0247129501488365	-0.0840712596426323
1.57899999999994	-0.0190006746618279	-0.0919439121515611
1.57999999999994	-0.0488741708656384	0.0360114194593876
1.58099999999994	0.0020147542377204	0.121740058058841
1.58199999999994	0.042909175636483	0.0322378604919737
1.58299999999994	0.0155716770297903	-0.10220564183866
1.58399999999994	-0.0146037671770467	-0.0960485349730993
1.58499999999994	-0.0237711926826961	0.0251043970559785
1.58599999999994	-0.0101065794069521	0.106369896664201
1.58699999999994	0.0323137672580738	0.0390079560356168
1.58799999999994	0.0309256377229723	-0.0902016385446824
1.58899999999994	-0.0191671082380438	-0.0970866378820234
1.58999999999994	-0.0446384098304045	0.029377133344809
1.59099999999994	0.00392071917947354	0.116558688767039
1.59199999999994	0.0444841462890747	0.0309881195447699
1.59299999999994	0.019269180075288	-0.105456968915711
1.59399999999994	-0.0150172403437509	-0.0987856354336036
1.59499999999994	-0.0211204573558403	0.0213619000451859
1.59599999999994	-0.0094994081708326	0.103686453768329
1.59699999999993	0.0341430847417116	0.0387844996095358
1.59799999999993	0.0288617813895179	-0.0889490782639918
1.59899999999993	-0.0170073505191656	-0.097832628157186
1.59999999999993	-0.0465466523421389	0.0292010791043238
1.60099999999993	0.00288499793142407	0.118509048219145
1.60199999999993	0.0461437631535804	0.0320982500273829
1.60299999999993	0.0137396416454026	-0.10142725561687
1.60399999999993	-0.0124445514188409	-0.0973750337432861
1.60499999999993	-0.0256058391796998	0.0258034335240804
1.60599999999993	-0.0106193825354644	0.108427465457463
1.60699999999993	0.032934077827441	0.0412899159578113
1.60799999999993	0.0277960511126367	-0.0861882000104487
1.60899999999993	-0.0203780072117777	-0.0927986939303854
1.60999999999993	-0.047931544436263	0.0352519193599854
1.61099999999993	0.000366261473458096	0.123356626227644
1.61199999999993	0.0404381446962905	0.0351589230971904
1.61299999999993	0.016020661578732	-0.100135845494459
1.61399999999993	-0.0172794027147911	-0.0913958836060224
1.61499999999993	-0.0239959596676162	0.0293663319320163
1.61599999999993	-0.0106522627747615	0.11019541129783
1.61699999999993	0.0335392003111531	0.0426965776438893
1.61799999999993	0.0247879681081297	-0.0833547436116097
1.61899999999993	-0.018376849751408	-0.09305875377537
1.61999999999993	-0.0488715354952506	0.0343615112176194
1.62099999999993	0.00178202529533218	0.121252895483744
1.62199999999993	0.0432780897408139	0.0332910106289594
1.62299999999993	0.015804903844896	-0.101592684849201
1.62399999999993	-0.0139110247034425	-0.097284220909943
1.62499999999993	-0.0239760644175049	0.0235002809504696
1.62599999999993	-0.010503140421925	0.105991024753709
1.62699999999993	0.032464857444468	0.0402233778006663
1.62799999999993	0.0309626383245528	-0.0892895050000232
1.62899999999993	-0.0184699852557405	-0.0979991602673441
1.62999999999993	-0.0447769307533847	0.0278347999233672
1.63099999999993	0.00362585974160105	0.116249162974747
1.63199999999993	0.0447757424536346	0.0322121954750532
1.63299999999993	0.0192248599022672	-0.104472176602079
1.63399999999993	-0.0145657656941366	-0.0994316975505591
1.63499999999993	-0.0214086593661317	0.02023848080763
1.63599999999993	-0.0099517789336812	0.103638998447401
1.63699999999993	0.0339836352788433	0.0402852883674063
1.63799999999993	0.0287492133515095	-0.0878479009680922
1.63899999999993	-0.0167354833891417	-0.0982934719777736
1.63999999999993	-0.046685140791014	0.0281901674271605
1.64099999999993	0.00246574644904985	0.118575164279167
1.64199999999993	0.0460765072770512	0.0335472123230018
1.64299999999993	0.0135562282517203	-0.100322037212893
1.64399999999993	-0.0123056911554833	-0.0977175411199497
1.64499999999993	-0.0258319250801012	0.0249134971889064
1.64599999999993	-0.0110947552129994	0.108554647588095
1.64699999999993	0.0327180726347003	0.042757094437982
1.64799999999993	0.0277967730505497	-0.0851679986323447
1.64899999999993	-0.0199725972339939	-0.0933613708034983
1.64999999999993	-0.0481375531924496	0.0341650737523419
1.65099999999993	-9.20032380208227E-05	0.123240027467202
1.65199999999993	0.040559686835451	0.0363978349363443
1.65299999999993	0.0159869536916417	-0.0991977895479172
1.65399999999993	-0.016659887750243	-0.0923186419333204
1.65499999999993	-0.0241636446113877	0.0279729078607857
1.65599999999993	-0.0109875469136353	0.109880988147205
1.65699999999993	0.0337761356404064	0.0438317909317529
1.65799999999993	0.0248427094666127	-0.0826057833776639
1.65899999999993	-0.017801470024036	-0.0941053414502996
1.65999999999993	-0.0488772245289779	0.0327596392436717
1.66099999999993	0.00153443960334346	0.1208003728349
1.66199999999993	0.0436220161797753	0.0343750054812571
1.66299999999993	0.0160196680975879	-0.100916237988952
1.66399999999993	-0.0132608617514224	-0.0984169628059174
1.66499999999993	-0.0241714972137143	0.0219487816410443
1.66599999999993	-0.0109068662110634	0.105641149983657
1.66699999999993	0.0326059108033677	0.0414475443769931
1.66799999999993	0.0309602458657364	-0.088332831479421
1.66899999999993	-0.0177940016003108	-0.098869790733463
1.66999999999993	-0.0448978679600769	0.0262950884942663
1.67099999999993	0.00333011545608832	0.115932151544709
1.67199999999993	0.0450624397076418	0.0334208894237172
1.67299999999993	0.0191573321962686	-0.103465217451554
1.67399999999993	-0.0141004870240049	-0.100082734165358
1.67499999999993	-0.0216750825561218	0.0190746034756368
1.67599999999993	-0.0103819562692922	0.10354917806399
1.67699999999993	0.0338306142563087	0.0417606462416105
1.67799999999993	0.0286583461894624	-0.0867804861003633
1.67899999999993	-0.0164592596018334	-0.0987795359678304
1.67999999999993	-0.0467886320187151	0.0271088266988991
1.68099999999993	0.00207060480690288	0.118573158950842
1.68199999999993	0.0460253564112165	0.0349278829392671
1.68299999999993	0.0134116295783491	-0.0992452902415965
1.68399999999993	-0.0121470681587606	-0.0981342937049209
1.68499999999993	-0.0260418173327464	0.0239590645330021
1.68599999999993	-0.0115525586756043	0.108628384944723
1.68699999999993	0.0325097291841197	0.0442059031122301
1.68799999999992	0.0277960756330219	-0.0841311252768304
1.68899999999992	-0.0195539829043019	-0.0939376674262451
1.68999999999992	-0.0483183014847606	0.0330398026134611
1.69099999999992	-0.000536197174166119	0.123094120926401
1.69199999999992	0.0406785288682093	0.0376368528284911
1.69299999999992	0.0159257228141867	-0.0982278829114451
1.69399999999992	-0.0160502241340546	-0.0932090515322338
1.69499999999992	-0.0242930606096772	0.0266060842971512
1.69599999999992	-0.0113393690268906	0.109569045178895
1.69699999999992	0.0339799035087603	0.0449783762781802
1.69799999999992	0.0248820684194486	-0.0818320946130246
1.69899999999992	-0.0172910103820399	-0.0950491232779122
1.69999999999992	-0.0488887712281074	0.0311929874157343
1.70099999999992	0.00126906733091312	0.120377086594432
1.70199999999992	0.0439388606086506	0.0354909584326821
1.70299999999992	0.0161503547954777	-0.10019881991479
1.70399999999992	-0.0126584915472228	-0.0994476921718667
1.70499999999992	-0.0243505168564805	0.0204453854545726
1.70599999999992	-0.011304490570898	0.105308208917375
1.70699999999992	0.0327352112349047	0.0426566098355987
1.70799999999992	0.0309315501528351	-0.0873481471461611
1.70899999999992	-0.0171239723720403	-0.0997163182307659
1.70999999999992	-0.0449861371452216	0.024735235146111
1.71099999999992	0.00301821059134323	0.115615259326151
1.71199999999992	0.0453442993452987	0.0346051538961231
1.71299999999992	0.0190736759443215	-0.102446516410471
1.71399999999992	-0.0136114444736941	-0.100760961021482
1.71499999999992	-0.0219124634608679	0.0178505840101898
1.71599999999992	-0.0107847754950026	0.103406341396534
1.71699999999992	0.033689143205723	0.0432062541099157
1.71799999999992	0.0285844302538231	-0.0857230639618174
1.71899999999992	-0.0161727913442189	-0.099284181479916
1.71999999999992	-0.0468555547240829	0.0259581270624194
1.72099999999992	0.00170204851159241	0.118508147890821
1.72199999999992	0.0459943468858008	0.0362399017887479
1.72299999999992	0.0133046878265175	-0.098185944106493
1.72399999999992	-0.0119788296935636	-0.0985799315768477
1.72499999999992	-0.0262401655848445	0.0229528523542902
1.72599999999992	-0.0119853589033711	0.108613449714388
1.72699999999992	0.032305882668828	0.0456466887566409
1.72799999999992	0.0277889822884248	-0.0830744724293266
1.72899999999992	-0.0191331607014097	-0.0944985767100349
1.72999999999992	-0.0484793940568241	0.031908044274309
1.73099999999992	-0.000969695499565844	0.12294501223969
1.73199999999992	0.0407845484589654	0.0388905303010576
1.73299999999992	0.0158292557967857	-0.0972094897422457
1.73399999999992	-0.0154663478377447	-0.0940328816100716
1.73499999999992	-0.0244174537724362	0.0252680041207957
1.73599999999992	-0.0116935407040403	0.109280343724853
1.73699999999992	0.0341483201845422	0.0461481431257261
1.73799999999992	0.024909018903914	-0.0810215669039368
1.73899999999992	-0.0168360569749103	-0.095894430829919
1.73999999999992	-0.0489066047931787	0.0296736528849992
1.74099999999992	0.000987474057204153	0.120001881934862
1.74199999999992	0.0442303007335848	0.0366334916612994
1.74299999999992	0.0162331427819305	-0.0994241274804321
1.74399999999992	-0.0120915830051172	-0.100384335134082
1.74499999999992	-0.0245147406488335	0.0189909212812042
1.74599999999992	-0.0116954603760355	0.104989513989676
1.74699999999992	0.0328603364111227	0.0438689532674778
1.74799999999992	0.0308762912744819	-0.0863335983513215
1.74899999999992	-0.0164718089597282	-0.10056450919526
1.74999999999992	-0.045043016244216	0.0231617241067109
1.75099999999992	0.00271798025125307	0.115274797849128
1.75199999999992	0.0456212542251616	0.0357688128301777
1.75299999999992	0.0189731920460771	-0.101412130389147
1.75399999999992	-0.0131046044385719	-0.101456226686603
1.75499999999992	-0.0221207520155617	0.0165788000670431
1.75599999999992	-0.0111670765687491	0.103224668404682
1.75699999999992	0.0335541038070516	0.0446240410512038
1.75799999999992	0.0285239342461933	-0.084670228570298
1.75899999999992	-0.0158829058406577	-0.0998212881521879
1.75999999999992	-0.04689199358315	0.0247526525665535
1.76099999999992	0.00135426115874853	0.118387894834031
1.76199999999992	0.0459797537173983	0.0375203425389402
1.76299999999992	0.0132351971297257	-0.0971470475112188
1.76399999999992	-0.0118011843800978	-0.0990537166001896
1.76499999999992	-0.0264272989869423	0.0218948452390874
1.76599999999992	-0.012385941903312	0.108476802362981
1.76699999999992	0.0321142855290894	0.0470671175254195
1.76799999999992	0.0277849698426696	-0.0820098513658332
1.76899999999992	-0.0186963603735841	-0.0950724685446608
1.76999999999992	-0.0486071921020208	0.0307279800756029
1.77099999999992	-0.00138362860785817	0.122758750290672
1.77199999999992	0.0408951172326283	0.040136753027946
1.77299999999992	0.0157113160724294	-0.096165734942648
1.77399999999992	-0.0148906423643961	-0.0948343598570033
1.77499999999992	-0.0245225934283694	0.0239065717826851
1.77599999999992	-0.0120344114375357	0.108969932892196
1.77699999999992	0.0342982665877177	0.0473216585440692
1.77799999999991	0.0249373150051884	-0.0801967524227948
1.77899999999991	-0.0164040579623481	-0.0967082825516943
1.77999999999991	-0.0489208544639734	0.0281537462957838
1.78099999999991	0.000696830389866633	0.119634636667747
1.78199999999991	0.0445084537992008	0.0377889360918039
1.78299999999991	0.0162928433676636	-0.0986033130459186
1.78399999999991	-0.0115472857918349	-0.101260376662497
1.78499999999991	-0.0246621779667104	0.0175543206855597
1.78599999999991	-0.0120797558199581	0.104671716446941
1.78699999999991	0.0329793528539802	0.0450888098670247
1.78799999999991	0.0307904731757433	-0.0852836426222111
1.78899999999991	-0.0158440225113343	-0.101367497511115
1.78999999999991	-0.045076392530179	0.0215927980176184
1.79099999999991	0.00241849153657662	0.114929822648629
1.79199999999991	0.0458763142054778	0.0369322639557508
1.79299999999991	0.0188463881568576	-0.100347253098377
1.79399999999991	-0.0126060542811665	-0.10213135771995
1.79499999999991	-0.0223102763222653	0.015292610062903
1.79599999999991	-0.0115414169933603	0.103035198770359
1.79699999999991	0.0334742026516863	0.0460210675176871
1.79799999999991	0.0284525363598508	-0.0835942817423054
1.79899999999991	-0.0156216165396379	-0.100336002441689
1.79999999999991	-0.0469256095194358	0.0235497712889845
1.80099999999991	0.00100541901831915	0.118264756921394
1.80199999999991	0.0459528451186599	0.0388060285403915
1.80299999999991	0.0131740974418108	-0.0960822796395328
1.80399999999991	-0.0116446703753214	-0.0994799028391208
1.80499999999991	-0.0266286363676953	0.0208689135502241
1.80599999999991	-0.0127930376736843	0.108349498340769
1.80699999999991	0.0319050093828712	0.0485006133847138
1.80799999999991	0.027751347052957	-0.0808985580474729
1.80899999999991	-0.0182887601921857	-0.0955844504759037
1.80999999999991	-0.0487738325350229	0.0295808868441836
1.81099999999991	-0.00179417924325497	0.12259780055997
1.81199999999991	0.0409880233217011	0.0413909624043214
1.81299999999991	0.015558599500316	-0.0950740739579046
1.81399999999991	-0.0143474531145579	-0.0955617798393138
1.81499999999991	-0.0246188591262652	0.022585882029183
1.81599999999991	-0.0123653628650274	0.108672628067031
1.81699999999991	0.0344177723678713	0.0485037072504238
1.81799999999991	0.0249657168636734	-0.079355764390595
1.81899999999991	-0.0159952928791418	-0.0974821987699325
1.81999999999991	-0.0489277121463287	0.0266392189534435
1.82099999999991	0.000413385239046178	0.119253081971603
1.82199999999991	0.0447825660993583	0.0389362642779941
1.82299999999991	0.0163448084917074	-0.0977636020118085
1.82399999999991	-0.0110092555329943	-0.102112710362471
1.82499999999991	-0.0247751301730764	0.0160925137836344
1.82599999999991	-0.0124376092217211	0.10430922798691
1.82699999999991	0.0331168529786004	0.0462754348647886
1.82799999999991	0.0306959778929356	-0.0842410794274468
1.82899999999991	-0.0152095283777922	-0.102188161399809
1.82999999999991	-0.0450585135321857	0.0199534582550575
1.83099999999991	0.0021374741280341	0.114525230347236
1.83199999999991	0.0461351705653487	0.0380556751436296
1.83299999999991	0.0187132727380345	-0.0992922061092322
1.83399999999991	-0.0120895528261747	-0.102846814779533
1.83499999999991	-0.0224631899595782	0.0139390570651384
1.83599999999991	-0.0118976040402621	0.10279760800933
1.83699999999991	0.0336126468651583	0.0473583955381341
1.83799999999991	0.0283544270136499	-0.0825008515561302
1.83899999999991	-0.0153944687559061	-0.100837172838538
1.83999999999991	-0.0469693173805343	0.0223494339955807
1.84099999999991	0.000639269662745747	0.118142192839384
1.84199999999991	0.045902322470336	0.0401016338301539
1.84299999999991	0.0131032444532745	-0.094981310697814
1.84399999999991	-0.0115224503956944	-0.0998393000473949
1.84499999999991	-0.0268561869496029	0.0199023334335739
1.84599999999991	-0.0132204410987293	0.108260394773947
1.84699999999991	0.0316654584617717	0.0499502580941711
1.84799999999991	0.0276744807889713	-0.0797256648987066
1.84899999999991	-0.0179331519805404	-0.0960005896540819
1.84999999999991	-0.0489948410559983	0.0285146856022046
1.85099999999991	-0.00221093675515743	0.122498656012791
1.85199999999991	0.0410392412175235	0.0426760272165888
1.85299999999991	0.0153610695196386	-0.0939205369474796
1.85399999999991	-0.0139648596344499	-0.0961321150146535
1.85499999999991	-0.0247000916622201	0.0213623351946675
1.85599999999991	-0.0126865526927366	0.108429822780992
1.85699999999991	0.0344907678272223	0.049720113662956
1.85799999999991	0.024981068421271	-0.0784660591209023
1.85899999999991	-0.0156351969289761	-0.0981488838760771
1.85999999999991	-0.048948586273587	0.0252221387024653
1.86099999999991	0.000121485488905122	0.118921893758242
1.86199999999991	0.0449733671206326	0.040098494025662
1.86299999999991	0.0163785318754551	-0.0968839301452907
1.86399999999991	-0.0105008588039998	-0.10288192826838
1.86499999999991	-0.0248598595841757	0.0146701082200305
1.86599999999991	-0.0127627115607393	0.103920553781128
1.86699999999991	0.0332609218579268	0.0474332787200778
1.86799999999991	0.0305923015790337	-0.0832072467527108
1.8689999999999	-0.014582716777881	-0.103004262905006
1.8699999999999	-0.0450014380828063	0.0183086557741396
1.8709999999999	0.00187784034833615	0.114054661475896
1.8719999999999	0.0464025003985434	0.039115351101597
1.8729999999999	0.0185884218394479	-0.0982760914828589
1.8739999999999	-0.0115445326795304	-0.103630422813602
1.8749999999999	-0.0225591951342419	0.0124779231387784
1.8759999999999	-0.0122218064806827	0.102473677935064
1.8769999999999	0.0337871589243347	0.0486259451472232
1.8779999999999	0.0282959290680544	-0.0814639674683784
1.8789999999999	-0.015132840308541	-0.101416439502849
1.8799999999999	-0.0469586523065303	0.0210290134291301
1.8809999999999	0.00030879638530979	0.117910565304026
1.8819999999999	0.045892210017562	0.0413332541309447
1.8829999999999	0.0130835298446347	-0.0939268075284111
1.8839999999999	-0.0113658452824081	-0.100267518124962
1.8849999999999	-0.0270584965343756	0.0188470194461677
1.8859999999999	-0.0136237766208145	0.108091811441419
1.8869999999999	0.0314457841603099	0.0513621205946521
1.8879999999999	0.0276013683917785	-0.0785657464353957
1.8889999999999	-0.0175680033842082	-0.0964330732058545
1.8899999999999	-0.0491876375216884	0.0274146229834338
1.8909999999999	-0.00261796452331201	0.122378917509693
1.8919999999999	0.0410793460016938	0.0439581515781956
1.8929999999999	0.0151374680200714	-0.0927372874092167
1.8939999999999	-0.0136843695572252	-0.0966203702933066
1.8949999999999	-0.0247686878200044	0.0201869439517769
1.8959999999999	-0.0130010351230273	0.108221148682055
1.8969999999999	0.034519019096223	0.0509731404418888
1.8979999999999	0.0248958822695559	-0.0775044609773223
1.8989999999999	-0.0153173217533431	-0.0987045835237316
1.8999999999999	-0.0489869051756969	0.0239169473324002
1.9009999999999	-0.000188319839752808	0.118669444244057
1.9019999999999	0.0448961466553052	0.0413026614467228
1.9029999999999	0.0164064627184663	-0.0959478719508741
1.9039999999999	-0.0100163591787777	-0.103546435665547
1.9049999999999	-0.0249140091233224	0.0133185720549269
1.9059999999999	-0.0130580192101368	0.10354600565036
1.9069999999999	0.033408796356815	0.0485835901502439
1.9079999999999	0.0304820546204037	-0.0821622541177339
1.9089999999999	-0.0139677937164042	-0.103792284161563
1.9099999999999	-0.0449342088885714	0.016718965731539
1.9109999999999	0.00164047189664375	0.113520632357195
1.9119999999999	0.0466905333731737	0.0401091859084374
1.9129999999999	0.0184787986812378	-0.0972983718171567
1.9139999999999	-0.0109670474271295	-0.104471738688228
1.9149999999999	-0.0225854499940358	0.0108778272337814
1.9159999999999	-0.0125046119242743	0.102042203965824
1.9169999999999	0.0340108319901186	0.0498156302237487
1.9179999999999	0.0282920167907353	-0.0805067741828924
1.9189999999999	-0.0148157634256208	-0.102106912397973
1.9199999999999	-0.0468758531839433	0.0195398558528459
1.9209999999999	2.23717160720014E-05	0.117538702317579
1.9219999999999	0.0459400205461218	0.0424844884470509
1.9229999999999	0.0131350482652994	-0.0929407713348937
1.9239999999999	-0.0111528388756328	-0.100808058031207
1.9249999999999	-0.0272289810242962	0.0175762650193135
1.9259999999999	-0.0139816444602501	0.107803097000486
1.9269999999999	0.0312687942708423	0.0527105235692287
1.9279999999999	0.0275494038555787	-0.077423484057697
1.9289999999999	-0.0171707226103983	-0.096914538941756
1.9299999999999	-0.0493382476195115	0.0262363268253028
1.9309999999999	-0.00300467630044049	0.122212506119208
1.9319999999999	0.0411223856328536	0.0452370465235059
1.9329999999999	0.0148880712583725	-0.0915171931785044
1.9339999999999	-0.0134245538687447	-0.0970663243499812
1.9349999999999	-0.0248410045089187	0.0190439011707545
1.9359999999999	-0.0133220755052825	0.108042112567312
1.9369999999999	0.0345000348939719	0.0522720207489565
1.9379999999999	0.0247808217213471	-0.0764824936225784
1.9389999999999	-0.0150381751247861	-0.0991704249751413
1.9399999999999	-0.04905521325605	0.0227036498510532
1.9409999999999	-0.000524961198794074	0.118485726561835
1.9419999999999	0.0447884514195875	0.0425513407980727
1.9429999999999	0.0163898292739343	-0.0949276650601685
1.9439999999999	-0.00958937539029128	-0.104106692665739
1.9449999999999	-0.0249736452259334	0.0120562825027779
1.9459999999999	-0.0133681686281185	0.103231349512845
1.9469999999999	0.0335265888177119	0.0497626536431899
1.9479999999999	0.0303367723723292	-0.0810698342689727
1.9489999999999	-0.0133978927930347	-0.104502845999308
1.9499999999999	-0.0448598304728534	0.0151666288599796
1.9509999999999	0.00140532001167675	0.112993105407599
1.9519999999999	0.0469647119437351	0.0410790333700036
1.9529999999999	0.0183653760109209	-0.0963144046514765
1.9539999999999	-0.0103970257977299	-0.105301004156081
1.9549999999999	-0.0225701580037127	0.00922261735497291
1.9559999999999	-0.0127779704840121	0.101565030110973
1.9569999999999	0.0342416443103823	0.0509739590710087
1.9579999999999	0.0283145333504908	-0.0795647940734299
1.9589999999999	-0.0144733247348002	-0.102850242026173
1.95999999999989	-0.0467481249246415	0.0179434188391395
1.96099999999989	-0.000236093664167285	0.117066836534196
1.96199999999989	0.0460306217102298	0.0435757141250884
1.96299999999989	0.013239712566402	-0.0919979267949033
1.96399999999989	-0.0108864051374942	-0.101442932355289
1.96499999999989	-0.0273858156649891	0.0160943564042087
1.96599999999989	-0.0142863350651082	0.107379757361979
1.96699999999989	0.0311483248285861	0.0539834184901644
1.96799999999989	0.027531906606304	-0.0763173523085143
1.96899999999989	-0.0167148679543953	-0.0974957557734316
1.96999999999989	-0.0494204383805236	0.0248955792957784
1.97099999999989	-0.00335121456408095	0.121930033678633
1.97199999999989	0.0412185691440808	0.046462377954329
1.97299999999989	0.0146334561139092	-0.090297078054847
1.97399999999989	-0.0131416679159183	-0.0975663716221998
1.97499999999989	-0.0248845292147727	0.0178121661699061
1.97599999999989	-0.0136313113610147	0.107810903519638
1.97699999999989	0.0344734230000821	0.0535747485071534
1.97799999999989	0.0246788611839368	-0.0754500774353651
1.97899999999989	-0.0147597487036634	-0.099636378289867
1.97999999999989	-0.049124087549772	0.0214715182001466
1.98099999999989	-0.000875487164339347	0.118304532355918
1.98199999999989	0.0446696231891831	0.0438263668393174
1.98299999999989	0.0163445666060327	-0.0938436589669915
1.98399999999989	-0.00920054443282157	-0.104591027537751
1.98499999999989	-0.0250350039207351	0.0108385567141057
1.98599999999989	-0.0136986468876902	0.102965438552395
1.98699999999989	0.033608396192011	0.0509889822885544
1.98799999999989	0.0301526556609833	-0.0799074988974793
1.98899999999989	-0.0128856140408017	-0.105108474604742
1.98999999999989	-0.0448002137518148	0.0136911321589095
1.99099999999989	0.00114364780641715	0.112527091161808
1.99199999999989	0.0471645043616324	0.042101306945459
1.99299999999989	0.0182393105419407	-0.0952815301680739
1.99399999999989	-0.00986830068935129	-0.106057716705738
1.99499999999989	-0.0225414273715878	0.00760022657273998
1.99599999999989	-0.0130892428267323	0.101085541844873
1.99699999999989	0.0344259529012604	0.0521516276672983
1.99799999999989	0.0283247342906615	-0.0785815465993119
1.99899999999989	-0.0141358720820509	-0.103590880041312
2	-0.04660508780431	0.0162977903706551
