"Time [s]"	"SolidLoss [kW]"	"StrandedLossR [kW]"
0	0	0
0.001	1.13304249972148	0.843876744553727
0.002	5.10542599501464	4.35477183871205
0.003	10.5886215075558	9.94191684336187
0.004	16.5417664645974	16.3990019664065
0.005	22.7315761352441	22.8082342761394
0.006	27.9492320288904	28.5039651224703
0.007	31.7643188332148	33.1438074124207
0.008	33.3347011413988	36.0261875099089
0.009	33.3706766748112	36.6576856459125
0.01	31.692042600058	35.3969362386892
0.011	28.9800744558514	32.7760064525697
0.012	26.0952891550834	29.1065161717385
0.013	23.3593257205487	24.7220698743349
0.014	20.5700052825744	20.4308463234218
0.015	17.9322590625824	16.6005646982908
0.016	15.0415009464887	13.256686322044
0.017	12.8312811367105	10.689176801121
0.018	11.0531335681035	8.94866107020699
0.019	9.72281724008022	7.84443432062749
0.02	9.30270661293265	7.56618309863142
0.021	9.36652264341966	7.88493381836159
0.022	9.83462738357185	8.55807259177112
0.023	10.533518201902	9.40530574931185
0.024	11.3772160801925	9.93949218063212
0.025	12.8428932301096	11.8719775169507
0.026	15.8063904844914	15.543925099746
0.027	18.6900661407762	18.9872263897474
0.028	20.3319279106457	21.4935310916294
0.029	21.7853253173119	22.9601280095124
0.03	25.5591915481542	24.3590748287921
0.031	26.4945229192777	25.4686067266057
0.032	25.8808730135202	25.1970743229663
0.033	24.1177894553741	23.1628494902931
0.034	21.5392291015088	20.4814300810905
0.035	18.2715048958764	18.0727764096136
0.036	15.7742422912703	15.9536943674688
0.037	14.4981129977264	13.5838229627497
0.038	13.6677815715343	11.4608429102829
0.039	12.8176994769578	11.1849330253522
0.04	12.0850326549975	11.423044217122
0.041	12.7801024473745	11.5231303165565
0.042	13.7511966980312	12.1869551995944
0.043	14.3511343111815	14.1334879264813
0.044	15.0912299340685	15.6714122527215
0.045	15.4593828706511	16.4423497139192
0.046	15.5453505998755	16.5804596027044
0.047	15.468662850389	16.0339257964263
0.048	15.4634674355405	15.7128034728857
0.049	14.9748944156235	16.4573342489922
0.05	15.1999938956583	16.6881167237901
0.051	15.2710036939797	16.4125654259563
0.052	14.9846450695353	15.7932861658874
0.053	14.112208837921	14.4637352296515
0.054	13.5871787683377	12.3436298313436
0.055	12.4385072038316	11.8560513732757
0.056	12.15417653715	12.0834290681875
0.057	12.7261363551102	11.0285776773155
0.058	12.3220075555663	11.9420985453258
0.059	13.7586771980835	12.8303585254249
0.06	15.4341089488771	14.4140001898069
0.061	15.990301845877	16.3398446989621
0.062	19.1920380244039	17.9455727810199
0.063	19.2955113313147	20.7265561385314
0.064	21.8485010423629	21.2952060649837
0.065	21.6284962938628	23.4259699454074
0.066	21.4179031402841	23.896373043133
0.067	21.9649439719593	22.0586485446431
0.068	20.3899137723299	22.2373383267261
0.069	18.880952667773	21.188285498574
0.07	16.3287274241632	17.8037296664987
0.071	14.9262192762861	14.6718588243134
0.0720000000000001	13.3101162880978	13.9564630005636
0.0730000000000001	11.9404463851228	12.4439640657698
0.0740000000000001	10.0643105293023	9.82364845925078
0.0750000000000001	9.35236747043112	8.07606221503002
0.0760000000000001	8.9837514152558	8.74278040761634
0.0770000000000001	8.62039284690584	7.98335011014081
0.0780000000000001	9.42777493136485	8.23692821330356
0.0790000000000001	10.0382900653091	9.86969607548404
0.0800000000000001	11.7271358537699	10.378507036392
0.0810000000000001	12.8174733094983	13.1148945574987
0.0820000000000001	15.4847058699633	14.2425161400446
0.0830000000000001	16.5102252255382	17.42156625845
0.0840000000000001	19.6006031614615	18.6290505007033
0.0850000000000001	19.7302685258342	21.7092796137718
0.0860000000000001	22.3743482063556	22.1044725542768
0.0870000000000001	21.7820643239164	24.4071519287058
0.0880000000000001	23.4130653789645	23.3226860112627
0.0890000000000001	21.7638889183849	24.7497953462642
0.0900000000000001	21.6474687936837	22.0225113871371
0.0910000000000001	19.7541007505604	22.3447429468674
0.0920000000000001	18.2224684532252	18.4873245730542
0.0930000000000001	16.2127056547144	18.2351519882704
0.0940000000000001	14.0340733640727	14.0884476335528
0.0950000000000001	12.6271743580833	13.7546727700183
0.0960000000000001	10.3475009312825	10.0040187994016
0.0970000000000001	9.49134012787133	10.043469274457
0.0980000000000001	7.98276242977598	7.25031419435142
0.0990000000000001	7.73268640205419	8.05894548218075
0.1	7.36312749492165	6.89988513048789
0.101	7.41813712394308	7.41826444850077
0.102	8.30434835598905	8.52854073313746
0.103	8.98113293192296	8.36365408897537
0.104	10.0188908995057	10.5501729474664
0.105	10.9626399770118	11.9133366897756
0.106	12.364177609392	12.2396904916749
0.107	13.3604368885318	14.1059482860385
0.108	13.8389251329735	15.8116473561504
0.109	14.1077459512219	15.9819279813518
0.11	15.1071895491978	15.6936748119936
0.111	15.1630706816526	15.9911810824398
0.112	14.4584260920979	16.5211835087149
0.113	13.771980027629	16.1715753768598
0.114	13.0458046496615	15.4433339760335
0.115	12.0501379200965	14.3588289987229
0.116	10.859333877169	12.9144823324627
0.117	9.65036948123934	11.0988828936805
0.118	8.69731865759749	9.215117388737
0.119	7.66786452385997	8.56172869272723
0.12	7.171149975939	8.60165378146401
0.121	6.72761842871805	8.09068052405379
0.122	5.72551160770954	6.72494869908956
0.123	5.13850690037912	5.53928116949919
0.124	5.17062171836167	6.19860739394437
0.125	5.15249722061708	6.29091939752564
0.126	4.3288402686377	5.09170138113994
0.127	4.06104202404837	4.70010919246988
0.128	4.55196767195408	5.60430979454587
0.129	4.12555963028158	5.006175560651
0.13	3.3181516352689	3.76022217716479
0.131	3.88173303069483	4.80346992194001
0.132	3.70240997011231	4.52388692418509
0.133	2.68008581533319	3.07125927537519
0.134	3.19278101275253	3.99016113677706
0.135	3.15310631490803	3.88054168475009
0.136	2.157808888826	2.5200569491405
0.137	2.55080308035619	3.24477300012981
0.138	2.65147663582077	3.31652083786564
0.139	1.87974866950822	2.26924513953902
0.14	1.93711223388925	2.47086708867515
0.141	2.25511449341192	2.90168104214415
0.142	1.86645486057539	2.36073382414475
0.143	1.38834807255264	1.71746119128841
0.144	1.80035009107343	2.35955763498172
0.145	1.92336623228948	2.51680776187886
0.146	1.58002935070517	2.07864067288221
0.147	1.14788590891115	1.49078775805761
0.148	1.43299540465759	1.90585396960289
0.149	1.69447747869882	2.27878151077036
0.15	1.61608129083698	2.20850048072037
0.151	1.30982280925142	1.81758668605958
0.152	0.932137909133597	1.32076687777776
0.153	0.804732354410411	1.18156927062379
0.154	0.959490018794077	1.40757258586167
0.155	1.05993844678568	1.52488971063457
0.156	1.00243058731569	1.48486963851446
0.157	0.838353107042831	1.26901417552538
0.158	0.663182318392031	1.01051288137888
0.159	0.476847649359976	0.759350497852186
0.16	0.331379316003433	0.547091801218553
0.161	0.302432275945048	0.481931140932874
0.162	0.369116058402656	0.56754257882393
0.163	0.457993488608189	0.71916698167142
0.164	0.5235427794407	0.819167939118387
0.165	0.535608345356648	0.825540265425556
0.166	0.478585212722618	0.754704081323362
0.167	0.383480313164051	0.599658841408253
0.168	0.364508219141034	0.539522419162182
0.169	0.455763700022576	0.671197626889065
0.17	0.590447599565573	0.892403102615376
0.171	0.617902193161499	0.940993814696204
0.172	0.482978717552315	0.76632074055001
0.173	0.314080944796808	0.521131939489641
0.174	0.33949339856561	0.549647932494271
0.175	0.44228945806358	0.731961454231129
0.176	0.398302640672806	0.69315285454328
0.177	0.222407857350715	0.429174746367474
0.178	0.162501995650472	0.330611784304043
0.179	0.237839623729572	0.485553820345042
0.18	0.243877604440139	0.501026471986525
0.181	0.147540480562603	0.316998854913267
0.182	0.0876424806598053	0.248335351346815
0.183	0.150040264523637	0.384059849244309
0.184	0.204372874106831	0.444676762826071
0.185	0.153501871245722	0.321562979681522
0.186	0.085820854338176	0.259587310284206
0.187	0.162563373541437	0.398911057555382
0.188	0.250258618818235	0.481831296256625
0.189	0.20770884002365	0.41043385252121
0.19	0.127992726823759	0.306918998219423
0.191	0.168013065546877	0.409930987608141
0.192	0.277903451775096	0.532753799584949
0.193	0.26142709361767	0.514270862284788
0.194	0.182495036311375	0.379212831183665
0.195	0.125259471298565	0.299262621199003
0.196	0.165794633048276	0.399678959682171
0.197	0.210536901283256	0.47131119930672
0.198	0.183048687185945	0.414372592685429
0.199	0.125054038440827	0.311859453100261
0.2	0.0697337195935525	0.218023461858171
0.201	0.0515124282192842	0.201059407968336
0.202	0.066918466626472	0.243715510984911
0.203	0.0709281936963247	0.273098096604534
0.204	0.0524817787744271	0.237995679134946
0.205	0.0305867864312377	0.166716028655523
0.206	0.0228544470400602	0.132999902624244
0.207	0.0461008973819262	0.154177565248149
0.208	0.0792350298658422	0.214020027549375
0.209	0.0871664702222653	0.261125150591018
0.21	0.069563788633331	0.241658810747008
0.211	0.0467798734756676	0.171263443364867
0.212	0.0641769161299954	0.150701214433891
0.213	0.110454398654365	0.218285432900526
0.214	0.140861945271709	0.291636029627448
0.215	0.123851300241213	0.294906311219477
0.216	0.078526929567181	0.229477765281496
0.217	0.0595491606633648	0.155625497618749
0.218	0.0850830904525554	0.183395487844127
0.219	0.108408561540359	0.257759983620817
0.22	0.0782756899489984	0.248129069284045
0.221	0.0364402731789517	0.162994227137031
0.222	0.0280399150344461	0.112786739699999
0.223	0.0402964217986718	0.165407395661615
0.224	0.0416058666837161	0.197482881385026
0.225	0.0293056123630256	0.159248799913354
0.226	0.0127475468239709	0.117981125797762
0.227	0.00542616305214592	0.113134080664563
0.228	0.0170810614797424	0.160889835642666
0.229	0.041671931308391	0.195673501725262
0.23	0.0447322560358594	0.17217513120169
0.231	0.0200278333186064	0.121075195132516
0.232	0.0206158710672483	0.151670523345997
0.233	0.0580236776646257	0.229400246869282
0.234	0.0802417652318965	0.238409181081145
0.235	0.0605290670009188	0.165647684358902
0.236	0.0302393293532862	0.145543213225602
0.237	0.0431234667387641	0.200363140862424
0.238	0.070426636644119	0.237498583120351
0.239	0.0738558896104986	0.225152173472755
0.24	0.0510845122153707	0.162305034490628
0.241	0.0230332355179438	0.125423269272712
0.242	0.0242196121309686	0.153506277409491
0.243	0.0337068212488497	0.195222008523924
0.244	0.0342848318828199	0.183341100317435
0.245	0.0225458065428685	0.122910839474805
0.246	0.00938645834511561	0.0940872619786116
0.247	0.00994114682611546	0.110548882109092
0.248	0.0117698460924008	0.135807079800687
0.249	0.00872032776108718	0.142299294207575
0.25	0.00345519432760434	0.119066427548586
0.251	0.0055778521518692	0.0827592027637978
0.252	0.0247864658405809	0.0886107034117637
0.253	0.0403296792594152	0.143748374265711
0.254	0.0349364997435933	0.162065626342661
0.255	0.0188894864385297	0.129732488068232
0.256	0.0142496018148687	0.100474941268527
0.257	0.0302826543833344	0.0947759842656949
0.258	0.0543229017313259	0.136051783392433
0.259	0.0554829973484241	0.176259265120085
0.26	0.0309317284525783	0.159768953810091
0.261	0.0155820482967436	0.100640980237102
0.262	0.0262018111346907	0.0859153446089959
0.263	0.0411105002764802	0.13491469950113
0.264	0.0338347624628255	0.159384968947753
0.265	0.0148533331953061	0.124052391900984
0.266	0.00645856108563329	0.0919196220328636
0.267	0.00853464917956671	0.082103478858832
0.268	0.0129664589075991	0.115624234757991
0.269	0.0105160911948097	0.13764973582608
0.27	0.012792648802677	0.125918371658741
0.271	0.00751737369547986	0.0855580073523669
0.272	0.00255099179073195	0.0832135326045118
0.273	0.00629313822465087	0.134686457968592
0.274	0.0213144590086958	0.153781795626826
0.275	0.0275205567242641	0.125398863560853
0.276	0.0124986671709505	0.094606316322124
0.277	0.00644273946539765	0.111210428260034
0.278	0.017326484056798	0.148086694622106
0.279	0.0369304360157943	0.170328723293181
0.28	0.0363520622017855	0.140094321331004
0.281	0.0167708142490523	0.095893652556745
0.282	0.00825832395608792	0.117884552508534
0.283	0.0195416400194992	0.15999386342833
0.284	0.0305295455162521	0.165326532971793
0.285	0.0262690806174747	0.117985577155599
0.286	0.0107891289451982	0.0884384817908899
0.287	0.00588513807354052	0.10313095113495
0.288	0.00621820888584726	0.126854639913835
0.289	0.0101668376894686	0.136822142370757
0.29	0.00940200900087341	0.113974978178593
0.291	0.00578590956976508	0.0749651712034232
0.292	0.0100631509074063	0.0793834636109233
0.293	0.0109889634160649	0.122731211232179
0.294	0.00487442411549918	0.125702113959857
0.295	0.00162303959797112	0.0967143280728239
0.296	0.00356197709065827	0.0764085510996329
0.297	0.0144124947914087	0.0790091807395302
0.298	0.0233177299146875	0.112744177414161
0.299	0.0174108664476856	0.132249159349273
0.3	0.00625432461932161	0.113289703890831
0.301	0.00593506874435464	0.0777911191900595
0.302	0.0201870019021087	0.0744376306524839
0.303	0.0306229441481153	0.122711964619273
0.304	0.0219192479607155	0.139021781791965
0.305	0.00795198577020297	0.10686732266236
0.306	0.0050933506036187	0.0820835320553513
0.307	0.0121287631698944	0.0767135133429487
0.308	0.0184655793685795	0.108782953177448
0.309	0.0119268234446387	0.129370185472039
0.31	0.00603273224721105	0.113419041551791
0.311	0.00442689350929992	0.0771538518459837
0.312	0.00666566214190357	0.0709994997110116
0.313	0.00750239048356896	0.116660695609419
0.314	0.00643714216061252	0.127880332342032
0.315	0.00992171205683116	0.10527650175302
0.316	0.00539149117702456	0.0807790020436712
0.317	0.00163079914917301	0.0834716332962379
0.318	0.00256356668766112	0.113785046554281
0.319	0.0125396629946167	0.135343313438752
0.32	0.0195436865879782	0.123230103400525
0.321	0.0106789810647345	0.0815957563104806
0.322	0.00404897756750801	0.0856317096598218
0.323	0.00679639242730907	0.132004333040736
0.324	0.0181312047748492	0.144904547764619
0.325	0.0208500204483299	0.112210027653391
0.326	0.00926932458811683	0.0833928949413491
0.327	0.0038334706406298	0.0939998584664911
0.328	0.00466914788020141	0.120520882255843
0.329	0.0122625352824819	0.135713132295356
0.33	0.0143418035346621	0.116494302779094
0.331	0.00783285822898978	0.0760732551777866
0.332	0.00604968442561104	0.0794264848513569
0.333	0.0049643059444233	0.121029516313683
0.334	0.00440290501432932	0.125437318551706
0.335	0.00540419180635113	0.0974027273656978
0.336	0.00360956168223553	0.0743005785726081
0.337	0.00706953950598108	0.0783741352766328
0.338	0.00901151733541886	0.106661128299874
0.339	0.00453935231485142	0.119567184762864
0.34	0.00222474008368113	0.105666832335846
0.341	0.0036123849504541	0.0717833579458592
0.342	0.0135357957585585	0.0704272348129209
0.343	0.0182656172811253	0.11624978967312
0.344	0.0103284721089473	0.126015948375331
0.345	0.00307801803082225	0.0976466046724075
0.346	0.00333406438270078	0.076673419761705
0.347	0.0109117268992768	0.0745358632513047
0.348	0.016506090311318	0.105763935135444
0.349	0.0101704566549023	0.124387855255223
0.35	0.00425406497591167	0.109101061675583
0.351	0.00388764155070082	0.0743330216652954
0.352	0.00971533006313681	0.0689090789497043
0.353	0.0119417315776861	0.113717727305517
0.354	0.0063578355086298	0.123856115117009
0.355	0.00489971766596519	0.0992953939939576
0.356	0.00323669954717458	0.0772462595887724
0.357	0.00348083992636638	0.0760402209268051
0.358	0.00387236032197623	0.105113718325907
0.359	0.00508290021202377	0.123205792813633
0.36	0.010607684442552	0.114541316554518
0.361	0.0068123593449465	0.0762557414441261
0.362	0.00370537024591115	0.074706853874326
0.363	0.00371051556377249	0.119727250955194
0.364	0.00899891270708692	0.131176630501831
0.365	0.0138251231229115	0.106266865118487
0.366	0.00685349932032276	0.0797468830979088
0.367	0.00259119354588645	0.0854386025920823
0.368	0.00264127987670628	0.112933068186166
0.369	0.00962469037713391	0.130599158111673
0.37	0.0140672387914127	0.116528950511321
0.371	0.00799777221364861	0.0762284374650023
0.372	0.0048895402127147	0.0776832517390173
0.373	0.00415109128421217	0.120351745799032
0.374	0.00627159756164632	0.127635795543138
0.375	0.00867748771386237	0.100511804509058
0.376	0.00462711874141224	0.0757797325974599
0.377	0.0045223696081421	0.0798160934863919
0.378	0.00442221421032171	0.106451518715873
0.379	0.00322750551070481	0.119879405019641
0.38	0.00457461771168115	0.107498263702376
0.381	0.00415849209349041	0.0716097687183342
0.382	0.00923095368650157	0.0702270178915303
0.383	0.0106200023989998	0.114166679296786
0.384	0.00476836719544548	0.121268566246594
0.385	0.00236791820358922	0.0954445649821074
0.386	0.00265515779457784	0.074686752125844
0.387	0.00818840244918161	0.0741057819599948
0.388	0.011701412560432	0.103899866053512
0.389	0.00642013235191839	0.120324577745202
0.39	0.00334550005934771	0.107173274911816
0.391	0.00360343425108867	0.0728926392766465
0.392	0.00988576621873807	0.0684894172047482
0.393	0.0122455134360638	0.112987385482597
0.394	0.00619411938106387	0.122618166764046
0.395	0.00365287018722749	0.0976566651423114
0.396	0.00277563821481752	0.0762444880997011
0.397	0.00507439966073123	0.0742818424125429
0.398	0.00638581232869252	0.10321569711993
0.399	0.00415253444310911	0.120214388279767
0.4	0.00682571104192115	0.110899434024964
0.401	0.00506359029266902	0.0744173019709839
0.402	0.00513302806560375	0.0705634552084382
0.403	0.00486463759793529	0.114824541709126
0.404	0.00529333240760575	0.124990335836323
0.405	0.00902303513133941	0.102093007354751
0.406	0.00495593892152824	0.0776785929437726
0.407	0.00261499148009061	0.0798761739452496
0.408	0.00232362600824124	0.10778755414473
0.409	0.00636702631515345	0.125326495554518
0.41	0.0115410779820254	0.114679920799838
0.411	0.00708782259088502	0.0755400306262703
0.412	0.004586169282804	0.0747469110367545
0.413	0.00398521753190842	0.118123635457074
0.414	0.00611739504030265	0.126904375294315
0.415	0.00926520612140547	0.101667721850686
0.416	0.00491279848144641	0.0767007813058493
0.417	0.00365536413597761	0.0798328663851356
0.418	0.00327531300493447	0.10660912230079
0.419	0.0039264655968639	0.121470238177794
0.42	0.00686651884831173	0.110038890934083
0.421	0.00499527288567652	0.0727404083518856
0.422	0.00713344526456996	0.0709363098446712
0.423	0.007217488940593	0.114135697377558
0.424	0.00355673901902736	0.121257148473497
0.425	0.00373360403490642	0.0965365078932704
0.426	0.00291217826386201	0.074644366324783
0.427	0.00616501446794953	0.07478753008468
0.428	0.00803962541189034	0.103382917385105
0.429	0.00416488551557641	0.118747362299343
0.43	0.00365261559978423	0.107288672619712
0.431	0.00370076224716541	0.0724734901196529
0.432	0.00897210024128741	0.0685345024699802
0.433	0.0106940554574834	0.11268194433032
0.434	0.00518432738560005	0.121607808247843
0.435	0.00334627938935766	0.0971617519994328
0.436	0.00269382889822635	0.0758004997666395
0.437	0.0055713817289996	0.0739473196348419
0.438	0.00727253234688955	0.102724269149639
0.439	0.00415076921239154	0.119464307194609
0.44	0.00540616544208254	0.109554853180826
0.441	0.00441088911327488	0.0737914368224751
0.442	0.00632888666573042	0.0691132871084449
0.443	0.00650753336480482	0.113091719770069
0.444	0.00434526730291193	0.122837681310405
0.445	0.00645010149974676	0.0999900969281646
0.446	0.00391116973372359	0.0768281253838149
0.447	0.00322391082406464	0.0768383765219064
0.448	0.00318015902151385	0.104841387576463
0.449	0.00449280360815492	0.122041012863612
0.45	0.00923505967385758	0.113023354656975
0.451	0.00613283555408858	0.0749177154164837
0.452	0.00484716071869536	0.0722194346282537
0.453	0.00430278030727703	0.115818077772075
0.454	0.00524968417957243	0.125246429207327
0.455	0.00850445386449482	0.101559829519186
0.456	0.00469143089389491	0.0769681287348168
0.457	0.00338077347105956	0.0787698495323641
0.458	0.00308224534959669	0.105932273971765
0.459	0.00422246018661575	0.121954141342899
0.46	0.00791310701969634	0.111519133282265
0.461	0.0054579988277648	0.0736851929949237
0.462	0.00616372366077714	0.0711957185203007
0.463	0.0058517520363424	0.11431837138795
0.464	0.00371766317433944	0.122269594573574
0.465	0.00516278919474272	0.0982495695927124
0.466	0.00338314168948143	0.0753107014031788
0.467	0.00495531630886542	0.0755796250360787
0.468	0.00583569967445873	0.103457622483511
0.469	0.00337580986605544	0.118902092794105
0.47	0.00459833272548611	0.108416947844239
0.471	0.00408002338103883	0.0727381480726822
0.472	0.00794712104069738	0.0688341388094702
0.473	0.00894840802069933	0.112609181420488
0.474	0.0043200878318999	0.121240406801694
0.475	0.00356860387342844	0.0973781854319116
0.476	0.00277787234600629	0.0756954661013083
0.477	0.00543709252019737	0.0740624417310463
0.478	0.00705808374384238	0.102545210663713
0.479	0.00396259974579404	0.119172631182613
0.48	0.00495408643379339	0.109231456610245
0.481	0.00421098317747514	0.0735936122156695
0.482	0.00694137949743026	0.0685765355403572
0.483	0.00746665531817387	0.112368920873733
0.484	0.00420671449994856	0.122118887611003
0.485	0.0052328689812528	0.0991494904535255
0.486	0.00341930350496344	0.0765243279866328
0.487	0.0038524552082981	0.0753033549495203
0.488	0.00424964882953096	0.103389255415599
0.489	0.00380476875206508	0.120440256705977
0.49	0.00755949993925629	0.111716980412104
0.491	0.00541229355443431	0.0745262947905261
0.492	0.00535558977161979	0.0705231793056828
0.493	0.00502130205796696	0.114212928915595
0.494	0.00451585105381991	0.123843798875646
0.495	0.00738571810044979	0.10103899954257
0.496	0.00429149819303049	0.0770230763946669
0.497	0.00339164203289047	0.0774041561012728
0.498	0.00328044354319987	0.104849133133256
0.499	0.00409014279362835	0.121611069481014
0.5	0.00801739972225917	0.112072205540075
0.501	0.00555919882633982	0.0742245305207612
0.502	0.00578057195162262	0.0708591937002025
0.503	0.00541206519893129	0.114100520315094
0.504	0.00397888980273287	0.122911046940843
0.505	0.00601703174043726	0.0994762910828145
0.506	0.00371397656359279	0.0760181583985735
0.507	0.0043000836012275	0.0759883288425627
0.508	0.00472421724869123	0.103602267846236
0.509	0.00333294733963433	0.119581299610495
0.51	0.00559474658314215	0.109710096457249
0.511	0.00450971001878154	0.0733115738600051
0.512	0.00712771507070553	0.0691616695813654
0.513	0.00761023112296236	0.112674759020123
0.514	0.00390670026248025	0.12148396155775
0.515	0.00411648525489157	0.0980611155360013
0.516	0.00297360588545237	0.0758791259075928
0.517	0.00506691715657946	0.0743347847009091
0.518	0.00639402662022032	0.102485369802731
0.519	0.00369441398228295	0.119125359766467
0.52	0.00499585208473261	0.109456562191225
0.521	0.00423328597281954	0.0736394209868966
0.522	0.00708746675998678	0.0684060985558254
0.523	0.00771409668480317	0.112056366332984
0.524	0.00414521552811415	0.121877933713721
0.525	0.00472202208943129	0.0988881893688655
0.526	0.00321577068496059	0.0764482633784249
0.527	0.00426065207797614	0.0745722865046445
0.528	0.00499363656528458	0.102647399634059
0.529	0.0036205700746279	0.119785700147669
0.53	0.00656728042549844	0.111027866455362
0.531	0.00498000669163365	0.0743762448140657
0.532	0.00584943872757451	0.069477746365403
0.533	0.0057918376315953	0.113193921954892
0.534	0.00415274485990855	0.122949867658269
0.535	0.00642584018657129	0.100545101002712
0.536	0.00393137736122509	0.0770388315355067
0.537	0.00355295435845428	0.0762337142614573
0.538	0.00367771581271567	0.103859125242131
0.539	0.00384981545898448	0.121035298307722
0.54	0.00764996735975888	0.112117848480886
0.541	0.00545141553178612	0.0745138597314718
0.542	0.0057057466544729	0.0702407742953843
0.543	0.00540420362972119	0.113581012734945
0.544	0.00406570657045337	0.123069483277985
0.545	0.00629569687437494	0.100159484782416
0.546	0.0038499840506152	0.076548708871692
0.547	0.00398942182018903	0.0759564225734676
0.548	0.0042721447079169	0.103531036937888
0.549	0.00344539894724606	0.120098201135415
0.55	0.00627654840388716	0.110742396328619
0.551	0.00482595369973516	0.0738986075518892
0.552	0.00660364116532964	0.0693162722585812
0.553	0.00680777957003018	0.112688060740034
0.554	0.00381091780290016	0.121896293799032
0.555	0.00466926760809332	0.0988496786506154
0.556	0.00318872248385524	0.076232177651459
0.557	0.00470880415324535	0.0745610451940337
0.558	0.00575312552576568	0.1024459881271
0.559	0.00352208370051434	0.11927704220582
0.56	0.00526571876563432	0.109971009252452
0.561	0.00435936322047439	0.073862103601624
0.562	0.00698155236836247	0.0683663406843288
0.563	0.00755155761943695	0.111873636081876
0.564	0.00405338846556447	0.121848661420371
0.565	0.0045972026779888	0.0990009482339633
0.566	0.0031703574799038	0.0765411189452232
0.567	0.00442311914734707	0.0742465692882889
0.568	0.00532660069348632	0.102264297123344
0.569	0.00357872377179743	0.119585291357013
0.57	0.00607504791792972	0.110826678980459
0.571	0.00477505675642305	0.0744082386270612
0.572	0.00617560183832473	0.0688730558102358
0.573	0.00632982401371945	0.112507354656724
0.574	0.0040371921120927	0.122523055536798
0.575	0.00579320115188443	0.100271061301108
0.576	0.00368213528165266	0.0770944824021094
0.577	0.00374959332425069	0.0753820439345311
0.578	0.00411375322682853	0.10311882535831
0.579	0.00367058115405883	0.120550721199578
0.58	0.00716633687490648	0.112003258450255
0.581	0.00527432757149745	0.0747074164866024
0.582	0.00578043075423179	0.0695842010007653
0.583	0.00560264159522222	0.112962689539958
0.584	0.00404047405433288	0.122955814135944
0.585	0.00620627563883309	0.100460344842513
0.586	0.0038429778974577	0.0769142293097659
0.587	0.00388077184055468	0.0756172255413991
0.588	0.00418077216400415	0.10321102268499
0.589	0.00350321406631393	0.120311483159244
0.59	0.00658908686621804	0.111431192887337
0.591	0.00498897083464416	0.0743874085120459
0.592	0.0063224527864386	0.0692342539769311
0.593	0.006419314090835	0.112547956763005
0.594	0.00383494338263612	0.12222701691468
0.595	0.00505676610085914	0.099549505180568
0.596	0.00335520619348513	0.0766417058920972
0.597	0.00443720409686055	0.0746396090191591
0.598	0.00529764008767072	0.102349841325048
0.599	0.00345854449416019	0.11950514862575
0.6	0.00559110497530662	0.110591127481632
0.601	0.00451707716978936	0.0741978300044443
0.602	0.00678334269246377	0.0683391069915972
0.603	0.00725073969682823	0.111726118643084
0.604	0.00397414379902108	0.12194286427046
0.605	0.00468023444979211	0.0993466233637014
0.606	0.00321077895983575	0.076756546095967
0.607	0.00441357997548844	0.0741034092382108
0.608	0.00535302100827125	0.102017599715926
0.609	0.00355059815700698	0.119571939951501
0.61	0.005911291014835	0.110952050600049
0.611	0.00471633799377207	0.074568896268111
0.612	0.00632252039960853	0.0685222432657169
0.613	0.00659505898746256	0.112053982433569
0.614	0.00400063624926923	0.122346004789174
0.615	0.0054475496764949	0.100236541257905
0.616	0.00354598731818387	0.0772194007688269
0.617	0.0039004551179917	0.0748214514852856
0.618	0.00445269845087366	0.102579818756543
0.619	0.00357506389214435	0.120248617791487
0.62	0.00676719945197645	0.111937036704131
0.621	0.00512366644819842	0.0748818082918357
0.622	0.00590259245415158	0.0690240033526812
0.623	0.00585720041226355	0.112384366341579
0.624	0.00399556639252468	0.122782784659653
0.625	0.00596941209176956	0.100582582904359
0.626	0.00376628978515246	0.0771923183084699
0.627	0.00387988083186513	0.0751562361579976
0.628	0.00427232216829039	0.102771696974346
0.629	0.00350261678259716	0.120314345319391
0.63	0.00663858128685935	0.11185055904569
0.631	0.00503451039748814	0.074769744288285
0.632	0.00620264241049716	0.0689817758268293
0.633	0.0062921719038304	0.112261484864574
0.634	0.00387236580508746	0.122399411828188
0.635	0.00525087749590924	0.100089443788824
0.636	0.00345100486274317	0.0770330289220888
0.637	0.00426258449077353	0.0745528920894184
0.638	0.00503927200685959	0.102162484862342
0.639	0.00345302553236821	0.119703477628844
0.64	0.00585910097908927	0.11117748157906
0.641	0.00465599997790359	0.0745757596116799
0.642	0.00659204412747539	0.0682661279417398
0.643	0.0069750068313787	0.111558925964103
0.644	0.00393358042065648	0.122092437237981
0.645	0.00483624408829682	0.0997939676512279
0.646	0.00328564507101264	0.077048860837988
0.647	0.00432614174544948	0.0740168919970365
0.648	0.00523849866246891	0.101814643575524
0.649	0.00352541315645575	0.119644949543113
0.65	0.00592880175508933	0.111263598413416
0.651	0.0047411397717432	0.0748135377654817
0.652	0.00634259101560883	0.0683009679902035
0.653	0.006661165285931	0.111727080881644
0.654	0.00398013690946153	0.122304596480843
0.655	0.00529864296312434	0.100383929102046
0.656	0.00349291267221862	0.0774053510266395
0.657	0.00398170737183398	0.0744548654821023
0.658	0.00465438315509139	0.102172310725597
0.659	0.00353084105573157	0.120096630866888
0.66	0.00650335634675624	0.11197553047463
0.661	0.00503153921999309	0.0750935274928106
0.662	0.00601370848397603	0.0685916490021577
0.663	0.00608121609750249	0.111898285491048
0.664	0.00396480057198178	0.12264913794228
0.665	0.00572276175853287	0.100677924438866
0.666	0.00367964027843785	0.0774362400404239
0.667	0.00392535314820404	0.0746988244050951
0.668	0.00444325779591176	0.102333653065629
0.669	0.00348205955408035	0.120223630671361
0.67	0.00655052074792579	0.112111292369052
0.671	0.00501506234216276	0.075077220455011
0.672	0.00617638158700441	0.0686491547334128
0.673	0.00631308030305609	0.111885280851072
0.674	0.00389654344392125	0.122440210968475
0.675	0.0052927869634167	0.100480435072951
0.676	0.00348623704700703	0.0773799242533613
0.677	0.00416568152025617	0.0743392202201962
0.678	0.00493431090819757	0.101888139405975
0.679	0.00346616341688859	0.119825882740766
0.68	0.00602687687882753	0.111666980938752
0.681	0.00475395815092617	0.0749496972234927
0.682	0.00644561643014573	0.0681297507925635
0.683	0.00678139792455144	0.11134018144234
0.684	0.00392570708806652	0.122244621810236
0.685	0.00498450310094014	0.100257099120424
0.686	0.00336272437503973	0.0773808827551623
0.687	0.00422130739472157	0.0739237025327113
0.688000000000001	0.00509418004147396	0.101611155189368
0.689000000000001	0.00351106852204656	0.119756234267397
0.690000000000001	0.00602672202202046	0.111663321601524
0.691000000000001	0.00480711334850043	0.0751109919788452
0.692000000000001	0.00629558497950665	0.0681308280657195
0.693000000000001	0.00661693856262649	0.111452592678248
0.694000000000001	0.00396396592565445	0.122333765969223
0.695000000000001	0.00526761612474737	0.100643719230394
0.696000000000001	0.00349216493444129	0.0776389427716507
0.697000000000001	0.00400353538426428	0.0741987487031236
0.698000000000001	0.0047419594100959	0.10184361819035
0.699000000000001	0.00350803513336202	0.120040285748363
0.700000000000001	0.00636012436902936	0.112121490739499
0.701000000000001	0.00498970144813943	0.0753345816489372
0.702000000000001	0.00608446382638141	0.0682633956174042
0.703000000000001	0.00623251157548301	0.111488251843841
0.704000000000001	0.00394717625851017	0.122573582227135
0.705000000000001	0.00552567905966538	0.100817673235392
0.706000000000001	0.00361161126473599	0.0776754636656219
0.707000000000001	0.00397574439832397	0.0742994596938529
0.708000000000001	0.00461400585141106	0.101917333654759
0.709000000000001	0.00347324485231613	0.120137912853084
0.710000000000001	0.00642122129800045	0.112306111515361
0.711000000000001	0.00497379711971971	0.0753459415644355
0.712000000000001	0.0061912499880109	0.0683077788937589
0.713000000000001	0.00639876476444773	0.111477087944693
0.714000000000001	0.00391145661723625	0.122413406001315
0.715000000000001	0.00524493377579123	0.100773867400511
0.716000000000001	0.00348450075067132	0.0776902659286927
0.717000000000001	0.00411634707078731	0.0740638017114218
0.718000000000001	0.00492410681782293	0.101558658910043
0.719000000000001	0.00348188254217193	0.119880774353722
0.720000000000001	0.00610416261770576	0.112057729178478
0.721000000000001	0.00481272668273967	0.0752998217385587
0.722000000000001	0.00634671069343671	0.067940597859764
0.723000000000001	0.00667015763987457	0.111070089180574
0.724000000000001	0.00393443881368221	0.122366560523796
0.725000000000001	0.00508858921087746	0.100685230040721
0.726000000000001	0.0034255857172896	0.0777206359304748
0.727000000000001	0.00412912796144267	0.0737972130137965
0.728000000000001	0.0049750145569581	0.101385891597473
0.729000000000001	0.00350749399279854	0.119870810308647
0.730000000000001	0.00613830981367755	0.112079914021171
0.731000000000001	0.00488451301841191	0.0754330175020919
0.732000000000001	0.00622538836642718	0.0679707352513083
0.733000000000001	0.00653405329006393	0.11119038382209
0.734000000000001	0.00395366768246072	0.122393595764742
0.735000000000001	0.00529324393639987	0.100959551665449
0.736000000000001	0.00351897422196212	0.07790390643392
0.737000000000001	0.00398983516377364	0.0739981043354073
0.738000000000001	0.00475976491874669	0.101555885371399
0.739000000000001	0.00349488359294931	0.120039478956231
0.740000000000001	0.00630674165802641	0.112364030408109
0.741000000000001	0.00498611257979721	0.0755987340617059
0.742000000000001	0.00611645868056766	0.0680029360258283
0.743000000000001	0.00631806821914927	0.111135078239488
0.744000000000001	0.00393768474526982	0.122545841387912
0.745000000000001	0.00539033911561286	0.101008895191931
0.746000000000001	0.00356824876250983	0.0779222192010839
0.747000000000001	0.00401006019447046	0.0739673119914522
0.748000000000001	0.0047520495971255	0.101536191844708
0.749000000000001	0.00347486901054298	0.120076050488206
0.750000000000001	0.0063010226100604	0.112490954700908
0.751000000000001	0.00493353869359685	0.0756029872338127
0.752000000000001	0.0062158512046435	0.0679897124525065
0.753000000000001	0.00649866723748292	0.111074790214478
0.754000000000001	0.00392324063408676	0.122365591754394
0.755000000000001	0.00515991385759786	0.101016289666299
0.756000000000001	0.00346726236006869	0.0779757015614967
0.757000000000001	0.00409359161915393	0.07377049566373
0.758000000000001	0.00496140767867647	0.101206916271117
0.759000000000001	0.00349766169860332	0.119892527044485
0.760000000000001	0.00612171421218726	0.112375431899219
0.761000000000001	0.004844272281712	0.0756242503431072
0.762000000000001	0.00628322549442199	0.0677207691744426
0.763000000000001	0.00662423531547179	0.110777704379348
0.764000000000001	0.00394852924915712	0.122450558311867
0.765000000000001	0.00514657471625397	0.101063299517403
0.766000000000001	0.00347140227092403	0.0780508977542182
0.767000000000001	0.00405698627711545	0.0736380229891115
0.768000000000001	0.00489342611919324	0.101136535901355
0.769000000000001	0.00351018573391819	0.119970574188739
0.770000000000001	0.00623316800365655	0.112476950977786
0.771000000000001	0.00495825058844518	0.0757603370585327
0.772000000000001	0.00615455762934486	0.0678056706473379
0.773000000000001	0.00645088218080475	0.110923245684973
0.774000000000001	0.00394929647359068	0.122460446332162
0.775000000000001	0.00533886553913452	0.101293871740241
0.776000000000001	0.00355692130958861	0.0781859984187725
0.777000000000001	0.00395970466882136	0.0738213331901004
0.778000000000001	0.0047445057692237	0.101288656782394
0.779000000000001	0.0034868221194781	0.120065735092679
0.780000000000001	0.00630967081815203	0.112672856354002
0.781000000000001	0.00500691890063344	0.0758780205896972
0.782000000000001	0.00612169668352293	0.067782845347886
0.783000000000001	0.00635717911275685	0.110817799732853
0.784000000000001	0.00393224718905729	0.12254800240967
0.785000000000001	0.00530479478032441	0.101238965038232
0.786000000000001	0.00354571556396213	0.0781776832038314
0.787000000000001	0.00402857487289304	0.0736855690156903
0.788000000000001	0.00485196542751081	0.101184760175531
0.789000000000001	0.00348161827655537	0.120036608313455
0.790000000000001	0.00620834540402426	0.112687410157371
0.791000000000001	0.00490550287613803	0.07585838230625
0.792000000000001	0.00623539939365876	0.0677037586011558
0.793000000000001	0.00658754349413385	0.110693297275868
0.794000000000001	0.00393387404980532	0.122318557253177
0.795000000000001	0.00507275823774399	0.101237700455222
0.796000000000001	0.00344666571721334	0.0782485806763776
0.797000000000001	0.00408237490524918	0.0734869534127387
0.798000000000001	0.00501567866554393	0.100855694825734
0.799000000000001	0.00351330908059802	0.119887864368232
0.800000000000001	0.00610598431292071	0.112647168946688
0.801000000000001	0.00486022520351147	0.0759284992708939
0.802000000000001	0.00624277134581375	0.0674904626146557
0.803000000000001	0.00661706556412201	0.110467663756381
0.804000000000001	0.00396374019020628	0.122503002156107
0.805000000000001	0.0051667508816253	0.101395240943083
0.806000000000001	0.00350177926038899	0.0783663030714415
0.807000000000001	0.00400311507975822	0.073455226133592
0.808000000000001	0.0048477598469847	0.100866841142501
0.809000000000001	0.00351540608565996	0.120048329021492
0.810000000000001	0.00629908420163191	0.112837672477829
0.811000000000001	0.00502130608585864	0.0760810632446893
0.812000000000001	0.006093398601902	0.0676296425847596
0.813000000000001	0.00638423089621259	0.110643549445833
0.814000000000001	0.00394924060500926	0.122519122607482
0.815000000000001	0.00538203558468355	0.101622426671365
0.816000000000001	0.00359560898400453	0.0784737496056764
0.817000000000001	0.00392566602712831	0.0736503590303221
0.818000000000001	0.00471927818570682	0.101023118862989
0.819000000000001	0.00348237466518405	0.120101837547593
0.820000000000001	0.00633206306839176	0.112994852063952
0.821000000000001	0.00503815224091889	0.0761682939258966
0.822000000000001	0.00611123736302702	0.0675847164772908
0.823000000000001	0.00637006311095798	0.110521250677586
0.824000000000001	0.00392989200181702	0.122568926231821
0.825000000000001	0.00525104813015527	0.101494566228648
0.826000000000001	0.00353759713534723	0.0784434601675095
0.827000000000001	0.0040350619108374	0.0734384940805766
0.828000000000001	0.0049229198577129	0.100856551778227
0.829000000000001	0.00349140046803594	0.120017348387819
0.830000000000001	0.0061377538144925	0.112896911707203
0.831000000000001	0.00488759243346017	0.076117502405848
0.832000000000001	0.0062485211096274	0.0674420663295131
0.833000000000001	0.00666435850739956	0.110328923904351
0.834000000000001	0.00394586590301612	0.122277288966613
0.835000000000001	0.00499035799226381	0.101451450157641
0.836000000000001	0.00342636375730939	0.0785232677629062
0.837000000000001	0.00407756673669458	0.0732157855272492
0.838000000000001	0.0050776372671485	0.100506321714616
0.839000000000001	0.00353033851810672	0.119877413519893
0.840000000000001	0.00607081468021172	0.112893185054896
0.841000000000001	0.0048666808900812	0.0762209665490866
0.842000000000001	0.0062159147691188	0.0672563668497887
0.843000000000001	0.00663381180427671	0.110144320136505
0.844000000000001	0.00397971694535992	0.122532588757205
0.845000000000001	0.00516151282935755	0.101694679536983
0.846000000000001	0.00352130632529302	0.0786715081934747
0.847000000000001	0.00396248159465111	0.0732579792197857
0.848000000000001	0.00482709579086818	0.100582640155914
0.849000000000001	0.003521952696492	0.120108914371973
0.850000000000001	0.0063417800684774	0.113169953813349
0.851000000000001	0.00507258536461517	0.076397639200046
0.852000000000001	0.00603999207055259	0.0674454085532867
0.853000000000001	0.0063311060513448	0.110352678629471
0.854000000000001	0.00395191392348822	0.122569590973295
0.855000000000001	0.00542008991346682	0.101943503186845
0.856000000000001	0.00363371937234226	0.0787662944619369
0.857000000000001	0.00389083476514351	0.0734811822815106
0.858000000000001	0.00469066533361421	0.100756953723465
0.859000000000001	0.00348018008454375	0.120141391044669
0.860000000000001	0.00636532857563409	0.113323601027304
0.861000000000001	0.00507617415447506	0.0764670379484525
0.862000000000001	0.0060916126594891	0.0674005697232435
0.863000000000001	0.00636596873727355	0.110236091287695
0.864000000000001	0.00392931254348863	0.122601519104994
0.865000000000001	0.0052179240736566	0.101766768002849
0.866000000000001	0.00354036752592956	0.078719080368338
0.867000000000001	0.00403337372746124	0.073216183603392
0.868000000000001	0.00497316578219353	0.100541998207996
0.869000000000001	0.00350238653244687	0.120009841251483
0.870000000000001	0.00608514969985483	0.113117936942708
0.871000000000001	0.00487878918429871	0.0763817492488475
0.872000000000001	0.00625442047899512	0.0672007028032924
0.873000000000001	0.0067271377970224	0.109976458146979
0.874000000000001	0.00396154792161528	0.122259339519077
0.875000000000001	0.00491673175960431	0.101661813334448
0.876000000000001	0.0034082070498182	0.0787954592889341
0.877000000000001	0.00407465184404826	0.0729585790823182
0.878000000000001	0.00513929907972182	0.100163531081494
0.879000000000001	0.00354892851452159	0.119868132343773
0.880000000000001	0.00602589876470249	0.113124795268587
0.881000000000001	0.00486781449888542	0.0765071401761059
0.882000000000001	0.00619775754601348	0.0670241088530547
0.883000000000001	0.00666503384210079	0.109813685890377
0.884000000000001	0.00400110101555653	0.122565076047348
0.885000000000001	0.00513740230428618	0.10196974346107
0.886000000000001	0.00353297428922193	0.0789690198384225
0.887000000000001	0.00393273430613521	0.0730511750582299
0.888000000000001	0.00482653259314256	0.100285673774097
0.889000000000001	0.00352922392467078	0.120153195568077
0.890000000000001	0.00636253583982038	0.113475414070335
0.891000000000001	0.00511225493514183	0.0767110406086089
0.892000000000001	0.00599504454885017	0.0672525438512932
0.893000000000001	0.00629277536512494	0.110047354608751
0.894000000000001	0.0039563402300894	0.122608912481891
0.895000000000001	0.00544575592669689	0.102249144229239
0.896000000000001	0.00366880461820938	0.0790607464436402
0.897000000000001	0.00385812063614517	0.0733076444286235
0.898000000000001	0.00466486024980061	0.100483199164695
0.899000000000001	0.0034795599789601	0.120177965976701
0.900000000000001	0.00640157585980131	0.11365280848907
0.901000000000001	0.00511716834479931	0.0767729285384412
0.902000000000001	0.00606657818433662	0.0672248465921975
0.903000000000001	0.00635275361511776	0.109955478552277
0.904000000000001	0.0039305172101245	0.122641904614491
0.905000000000001	0.00519815854897793	0.10205109351037
0.906000000000001	0.0035497195338052	0.079003288155784
0.907000000000001	0.00402450742921534	0.073012324367202
0.908000000000001	0.00500650131851568	0.10023466834067
0.909000000000001	0.00351388139139689	0.120011033207426
0.910000000000001	0.00604856636013772	0.113350836791742
0.911000000000001	0.00487874260607516	0.0766527855769507
0.912000000000001	0.00625272703989929	0.0669746519188729
0.913000000000001	0.00677442950887329	0.109632249346964
0.914000000000001	0.00397685919034203	0.122248204295088
0.915000000000001	0.00485604990606645	0.10187693997695
0.916000000000001	0.00339509242676428	0.0790688408541751
0.917000000000001	0.00406997073390789	0.072717154108298
0.918000000000001	0.00519321779041605	0.0998273676912158
0.919000000000001	0.00356802412838909	0.119862504533069
0.920000000000001	0.00598079821198014	0.113351187521717
0.921000000000001	0.00486901019725536	0.0767909179703843
0.922000000000001	0.0061835841460645	0.0668038758326177
0.923000000000001	0.0066987196213336	0.109481754080234
0.924000000000001	0.0040241844939702	0.122595926465863
0.925000000000001	0.0051054050399963	0.10223154679769
0.926000000000001	0.00354111923880487	0.0792619657251821
0.927000000000001	0.00390995933429644	0.0728433904915948
0.928000000000001	0.00483776899653721	0.0999830142413053
0.929000000000001	0.00353701920529042	0.120185612116407
0.930000000000001	0.00636749495920927	0.113759920029528
0.931000000000001	0.00514467609723985	0.0770199415754618
0.932000000000001	0.00595721608353567	0.067055879843026
0.933000000000001	0.00626686142505486	0.10973209079298
0.934000000000001	0.00396129644547341	0.122637315842984
0.935000000000001	0.00545634432634779	0.102536518252078
0.936000000000001	0.00370017610282657	0.0793548283626067
0.937000000000001	0.003829205979042	0.0731291479080308
0.938000000000001	0.00464546170312621	0.100200378596599
0.939000000000001	0.00348041049826941	0.120208993726824
0.940000000000001	0.00643375039842336	0.113974505386749
0.941000000000001	0.00515733933944621	0.0770817163127915
0.942000000000001	0.00604056535588774	0.0670528106268785
0.943000000000001	0.00633846921473313	0.109673562029176
0.944000000000001	0.00393339492419959	0.122684356346243
0.945000000000001	0.00518303106737776	0.102339331020378
0.946000000000001	0.00356165447322534	0.079293833533325
0.947000000000001	0.00401247436920147	0.0728175416039393
0.948000000000001	0.00503120101240958	0.0999298362219687
0.949000000000001	0.00352618670540765	0.120016519792121
0.950000000000001	0.00602154766240435	0.1135910831287
0.951000000000001	0.00488378297061628	0.0769303115715696
0.952000000000001	0.00624508971322304	0.0667595082190583
0.953000000000001	0.00681021965608267	0.10929219292042
0.954000000000001	0.00399213365910889	0.122242187862366
0.955000000000001	0.00480874110040326	0.102108780320672
0.956000000000001	0.00338763882100092	0.0793443863331873
0.957000000000001	0.00406248354176889	0.0724890070339453
0.958000000000001	0.00523710216478857	0.0994961312503955
0.959000000000001	0.00358726521844545	0.119860607555643
0.960000000000001	0.00594168649121549	0.113577625097851
0.961000000000001	0.00487388154779163	0.0770745886148694
0.962000000000001	0.00616672311724985	0.0665947621243561
0.963000000000001	0.00672713519796827	0.109151903782714
0.964000000000001	0.00404596964461641	0.122621816399805
0.965000000000001	0.00507620541791224	0.102490530057212
0.966000000000001	0.00354936776454681	0.0795577825558875
0.967000000000001	0.00388932950763079	0.0726439602877796
0.968000000000001	0.00485103172256871	0.0996814072689024
0.969000000000001	0.00354513062392977	0.120212657589325
0.970000000000001	0.00636703232302103	0.114033088890858
0.971000000000001	0.00517470979180228	0.0773257000165429
0.972000000000001	0.00592430434748981	0.0668615806207144
0.973000000000001	0.00624695332408365	0.109414875776538
0.974000000000001	0.00396581509714527	0.12265863677677
0.975000000000001	0.0054587288175179	0.102812323746951
0.976000000000001	0.00372871812494994	0.0796467258702892
0.977000000000001	0.00380479957520707	0.0729498472868302
0.978000000000001	0.00463285030551655	0.0999106132916069
0.979000000000001	0.00348372755828521	0.120233184248347
0.980000000000001	0.00645815326019755	0.114282141866415
0.981000000000001	0.00519386686023845	0.0773880158481356
0.982000000000001	0.0060174730183137	0.0668810668183733
0.983000000000001	0.00632945877770006	0.109384857881639
0.984000000000001	0.00393754507060921	0.122722961588978
0.985000000000001	0.00516552768889844	0.102622430407178
0.986000000000001	0.00357256671103623	0.0795860590963126
0.987000000000001	0.00399908075863255	0.072625335723305
0.988000000000001	0.0050554919008353	0.0996235654462484
0.989000000000001	0.00353976771673525	0.120022334261667
0.990000000000001	0.00599575702531276	0.113829495382989
0.991000000000001	0.0048895918583845	0.0772111723729214
0.992000000000001	0.00623509146776117	0.0665512104735802
0.993000000000001	0.00684176896530954	0.108947930894113
0.994000000000001	0.00400843974459237	0.122239658175935
0.995000000000001	0.00476895510584601	0.10234890959004
0.996000000000001	0.0033829342827989	0.0796223816122962
0.997000000000001	0.00405353960741347	0.0722699385453142
0.998000000000001	0.00527480642649494	0.0991662693468095
0.999000000000001	0.00360638560457269	0.119861067828436
1	0.00590763478190175	0.1138034725026
1.001	0.00488192811224113	0.077358888810244
1.002	0.00614682344685688	0.0663943831656635
1.003	0.00674839681139067	0.108822884632008
1.004	0.00406634290530818	0.122642573477656
1.005	0.00505250521371053	0.102749563972535
1.006	0.00356028805178785	0.0798528915999774
1.007	0.00386895989171212	0.0724542130472109
1.008	0.0048610748846343	0.0993839543322176
1.009	0.00355328804268464	0.12023705949229
1.01	0.00636815061408322	0.114304582973792
1.011	0.0052056323262639	0.0776308611821686
1.012	0.00589307950777434	0.066675253903401
1.013	0.00622719697446559	0.10910179922627
1.014	0.00396960641742343	0.122677549783312
1.015	0.00545905656446249	0.103082863027702
1.016	0.00375718304944134	0.0799384355698683
1.017	0.00378239302361276	0.0727731486420047
1.018	0.0046220747884855	0.0996184554365181
1.019	0.00348723850623659	0.120251556595386
1.02	0.00647767828822075	0.114578342585427
1.021	0.00522791627535807	0.0776905502567845
1.022	0.00599658780537496	0.0667121207968349
1.023	0.00632388688365104	0.109093602093404
1.024	0.00394238500062498	0.122757433755648
1.025	0.00514749017911307	0.102908428506516
1.026	0.00358319325164032	0.0798763964700393
1.027	0.00398654982255317	0.0724374789280429
1.028	0.00507884011324165	0.0993158084946806
1.029	0.00355558183053247	0.120031847415357
1.03	0.00597249692119111	0.114062503855703
1.031	0.00489784658217175	0.0774912874454445
1.032	0.00622242105629229	0.0663504958637821
1.033	0.00686384534206524	0.108601959302984
1.034	0.0040244250089008	0.122239649201958
1.035	0.00473515824874751	0.102588222683367
1.036	0.00338099765114966	0.0799006827564596
1.037	0.00404369258955362	0.0720646252878363
1.038	0.00530561879565805	0.0988432997586207
1.039	0.0036260096225581	0.119865072703204
1.04	0.00587756403942749	0.114029511984125
1.041	0.00489456404698339	0.0776473631675789
1.042	0.0061269980595409	0.066203985804613
1.043	0.00675999129409332	0.108490089908025
1.044	0.00408397643609419	0.122659271871456
1.045	0.0050293778838559	0.103005133173597
1.046	0.00357073834206806	0.0801455780167788
1.047	0.00385192278793505	0.0722705998169447
1.048	0.00487476774738879	0.0990870615317436
1.049	0.00356181273720311	0.120254292041481
1.05	0.00636476199854835	0.114573832439683
1.051	0.00523296520097666	0.0779302901784921
1.05199999999999	0.00586767987517816	0.0664903020889948
1.05299999999999	0.006215455949351	0.108785227243507
1.05399999999999	0.00397318020186653	0.122688065450272
1.05499999999999	0.00544970301151129	0.103339855042712
1.05599999999999	0.00378156117888995	0.0802278448789836
1.05699999999999	0.00376435327669933	0.0725932542186086
1.05799999999999	0.0046181669071804	0.0993185391893529
1.05899999999999	0.00349187480290873	0.120262130630236
1.05999999999999	0.0064891706082824	0.114861428369484
1.06099999999999	0.0052574648640576	0.0779902209247803
1.06199999999999	0.00597705784423184	0.0665446614795867
1.06299999999999	0.00632187227986693	0.108798721569609
1.06399999999999	0.0039488564327703	0.122789139197447
1.06499999999999	0.00512914221967128	0.103191877088716
1.06599999999999	0.00359327565229605	0.0801688523222113
1.06699999999999	0.00397327109871192	0.0722548884778207
1.06799999999999	0.00509857257030011	0.0990074350268027
1.06899999999999	0.00357177137102183	0.120040688693979
1.06999999999999	0.00595409309701857	0.114296672048501
1.07099999999999	0.00490982512332197	0.0777747102238361
1.07199999999999	0.00620611834488225	0.0661581208662052
1.07299999999999	0.00687767267470832	0.108259932259451
1.07399999999999	0.00403954986935538	0.122241454841096
1.07499999999999	0.00470963224226596	0.102830963865829
1.07599999999999	0.00338368783608159	0.0801807345961491
1.07699999999999	0.00403148053662448	0.0718722608721911
1.07799999999999	0.00532735820145472	0.0985262644869998
1.07899999999999	0.00364471965689247	0.11987131658888
1.07999999999999	0.00585418158913715	0.114258012726058
1.08099999999999	0.00491239921829529	0.0779407504992132
1.08199999999999	0.00610585748150651	0.0660242836541246
1.08299999999999	0.00676494091968382	0.108162012669368
1.08399999999999	0.00409943039650398	0.122673149285453
1.08499999999999	0.005010696669025	0.103260501452944
1.08599999999999	0.00358292168536379	0.080436460356456
1.08699999999999	0.00383630915483842	0.0720962050785381
1.08799999999999	0.00488820011731007	0.0987929234568194
1.08899999999999	0.00357030743602755	0.120266183593592
1.08999999999999	0.00635736862357312	0.114832584300841
1.09099999999999	0.00525830074569877	0.0782257013818795
1.09199999999999	0.00584533149935763	0.0663109311956775
1.09299999999999	0.0062082971742207	0.108469214198978
1.09399999999999	0.00397712070456488	0.122693864774466
1.09499999999999	0.00543434486487176	0.103586024848925
1.09599999999999	0.00380326623787478	0.0805139929870271
1.09699999999999	0.00374993646336355	0.0724128892150135
1.09799999999999	0.00461868179836657	0.0990106599404351
1.09899999999999	0.00349761144321929	0.120265975620308
1.09999999999999	0.00649310870936607	0.115130471873401
1.10099999999999	0.00528301989475767	0.0782858343929336
1.10199999999999	0.00595967000974714	0.0663787761805406
1.10299999999999	0.00632444252722744	0.108501329954977
1.10399999999999	0.00395672856269213	0.122816665941587
1.10499999999999	0.00510821703669659	0.103468966082028
1.10599999999999	0.00360215090079286	0.0804611948074762
1.10699999999999	0.00396046219490606	0.0720771611598497
1.10799999999999	0.00511776047649103	0.0986986349121542
1.10899999999999	0.00358903521624207	0.120049002628725
1.10999999999999	0.00593614405771851	0.11452833912084
1.11099999999999	0.0049234330065456	0.0780598354783088
1.11199999999999	0.00618810766986919	0.0659722325687728
1.11299999999999	0.00688710102704258	0.107919928441562
1.11399999999999	0.00405655981286385	0.122245610820363
1.11499999999999	0.00468899638013813	0.103073049128427
1.11599999999999	0.00338955101661223	0.0804616072903697
1.11699999999999	0.00401807423303765	0.0716891988635395
1.11799999999999	0.00534338116805521	0.0982133422991334
1.11899999999999	0.00366294732095061	0.119877717988442
1.11999999999999	0.00583523321220039	0.114486714289744
1.12099999999999	0.00493261163308457	0.078234541751595
1.12199999999999	0.00608296286269465	0.0658538149726817
1.12299999999999	0.00676511705646928	0.107838450448224
1.12399999999999	0.00411331405079056	0.122683989131049
1.12499999999999	0.00499740798247837	0.103515533983536
1.12599999999999	0.0035969856070435	0.0807266813155254
1.12699999999999	0.00382054487947198	0.0719327183232322
1.12799999999999	0.00490011474186102	0.0985015633017044
1.12899999999999	0.00357870856157682	0.120273478556974
1.12999999999999	0.00634846525756399	0.115083620395788
1.13099999999999	0.00528300387606961	0.0785185563310564
1.13199999999999	0.0058249315940695	0.0661374522049096
1.13299999999999	0.00620300467198303	0.108156050144143
1.13399999999999	0.00398142709509884	0.122696637290966
1.13499999999999	0.00541633240673631	0.103825544439348
1.13599999999999	0.00382389379215811	0.0807982156284313
1.13699999999999	0.00373778613515517	0.0722353776707108
1.13799999999999	0.0046224891677757	0.0987035163578626
1.13899999999999	0.00350386854631772	0.120263693985059
1.13999999999999	0.00649220796109458	0.115387499241435
1.14099999999999	0.0053061810465959	0.0785775749446109
1.14199999999999	0.00594384491800421	0.0662152648133036
1.14299999999998	0.00632999923809792	0.108203046941814
1.14399999999998	0.00396548207421972	0.122839484240712
1.14499999999998	0.00508544237909292	0.103739482328708
1.14599999999998	0.00360899333220993	0.0807537970896788
1.14699999999998	0.00394842504223384	0.0719047174668574
1.14799999999998	0.00513793521210588	0.0983901052020698
1.14899999999998	0.00360732215839221	0.120056194368032
1.14999999999998	0.00591228621420247	0.114755147837965
1.15099999999998	0.0049374241161367	0.0783457823954247
1.15199999999998	0.00617153274287047	0.0657880247381228
1.15299999999998	0.00689607834860422	0.107578688579514
1.15399999999998	0.0040767892075539	0.122251029140183
1.15499999999998	0.00466957268221152	0.103311098842706
1.15599999999998	0.00339658900170568	0.0807425314389795
1.15699999999998	0.00400508742443713	0.0715113502294763
1.15799999999998	0.00536005448219312	0.0979023762265419
1.15899999999998	0.00368188260438373	0.119881965981635
1.15999999999998	0.00581734264011867	0.114711977581171
1.16099999999998	0.00495352436935242	0.0785284733728694
1.16199999999998	0.00605946392189126	0.0656887972259981
1.16299999999998	0.00676369695554565	0.107516481560774
1.16399999999998	0.0041266732398738	0.122692022707715
1.16499999999998	0.00498580063025791	0.103769336079697
1.16599999999998	0.00361180045862831	0.0810180711432622
1.16699999999998	0.00380571726059246	0.0717752786822717
1.16799999999998	0.00491153446775864	0.0982107568888391
1.16899999999998	0.00358757563200558	0.120276953418176
1.16999999999998	0.00633840281573446	0.115329480095632
1.17099999999998	0.00530767843854456	0.0788121398457527
1.17199999999998	0.00580556941725709	0.0659694078421138
1.17299999999998	0.00619838531533332	0.107844021193202
1.17399999999998	0.0039856967168122	0.122696624010072
1.17499999999998	0.00539685530195852	0.104061406427765
1.17599999999998	0.00384075337078154	0.0810841573162837
1.17699999999998	0.00372698357056949	0.0720602855715039
1.17799999999998	0.00463274047703538	0.0984102525524511
1.17899999999998	0.0035109744278804	0.120257461572403
1.17999999999998	0.00648844961976572	0.115634233886086
1.18099999999998	0.00532854425005624	0.0788666079945929
1.18199999999998	0.00592779114870989	0.0660522124591108
1.18299999999998	0.00633577866226501	0.107902297101132
1.18399999999998	0.00397468158609491	0.12285711814745
1.18499999999998	0.00506360615586542	0.104005161668788
1.18599999999998	0.00361577836909658	0.0810471180375197
1.18699999999998	0.00393582474860701	0.0717387467123358
1.18799999999998	0.00515572938215226	0.0980850524664159
1.18899999999998	0.00362564362834708	0.120063386697017
1.18999999999998	0.00589016770516306	0.114982023917626
1.19099999999998	0.00495313438995458	0.0786343469526451
1.19199999999998	0.00615195641436665	0.065613047497298
1.19299999999998	0.00690222731305155	0.107239716185798
1.19399999999998	0.0040964015823129	0.122255392971999
1.19499999999998	0.00465159726233682	0.103548897066545
1.19599999999998	0.00340402654448423	0.0810250802732731
1.19699999999998	0.00399303865904985	0.0713387300164744
1.19799999999998	0.0053770600172537	0.0975913152809719
1.19899999999998	0.00370117546876998	0.119882000725495
1.19999999999998	0.00580196622164856	0.114942752955937
1.20099999999998	0.00497438810609763	0.0788208229108341
1.20199999999998	0.00603932684030354	0.0655227766898213
1.20299999999998	0.00676383596269949	0.107192043507485
1.20399999999998	0.00414027526777428	0.122694453876904
1.20499999999998	0.00497205073792621	0.104018166280707
1.20599999999998	0.00362527172210654	0.0813092362903034
1.20699999999998	0.00379323662270764	0.0716194917200764
1.20799999999998	0.00492610928334348	0.0979164596291482
1.20899999999998	0.00360238232378906	0.12028487531287
1.20999999999998	0.00632450887064534	0.115566831816859
1.21099999999998	0.00533064319884984	0.0791074920068433
1.21199999999998	0.00578773011289891	0.0658047220835579
1.21299999999998	0.00619534130622339	0.107530410211636
1.21399999999998	0.00399044281983158	0.122694576593643
1.21499999999998	0.00537646381050657	0.104294956239198
1.21599999999998	0.00385878458039611	0.0813699669016813
1.21699999999998	0.00371692025295257	0.0718899455503809
1.21799999999998	0.00464232085653444	0.0981144804973974
1.21899999999998	0.00351930162000933	0.120250051282819
1.21999999999998	0.00648506266984907	0.115877629923866
1.22099999999998	0.00535106946783536	0.079157473769815
1.22199999999998	0.00591092686717786	0.0658937664005007
1.22299999999998	0.00634042592571709	0.10760092150325
1.22399999999998	0.00398641800074327	0.12288071963303
1.22499999999998	0.00504517504255659	0.104267757504043
1.22599999999998	0.00362510400469503	0.0813410146054614
1.22699999999998	0.00392201240992834	0.0715783068273153
1.22799999999998	0.00516808595599745	0.0977819428796165
1.22899999999998	0.003642747535752	0.120067833772706
1.22999999999998	0.00587281261051855	0.115208848265795
1.23099999999998	0.0049726322980221	0.0789237827849119
1.23199999999998	0.00613038280901813	0.0654460093185913
1.23299999999998	0.00690208587299419	0.106904741442774
1.23399999999997	0.00411412408977354	0.12225853640278
1.23499999999997	0.00463783625110922	0.103788154973766
1.23599999999997	0.00341390052470185	0.0813087934293055
1.23699999999997	0.00398036953323322	0.0711760965867831
1.23799999999997	0.00539024681634947	0.0972849854149126
1.23899999999997	0.00371987291694171	0.11988150028243
1.23999999999997	0.00579350066083539	0.115186583888268
1.24099999999997	0.00499659874184863	0.0791125846375059
1.24199999999997	0.00602047751345464	0.0653623263343857
1.24299999999997	0.0067635047334214	0.106869014773704
1.24399999999997	0.00415307951246197	0.122693085817111
1.24499999999997	0.00495696968789659	0.104262275262538
1.24599999999997	0.00363764663575551	0.081598301422361
1.24699999999997	0.00378330364494624	0.0714656326293998
1.24799999999997	0.00494392306156324	0.097618272588907
1.24899999999997	0.00361771325769936	0.120283156796969
1.24999999999997	0.00630450354106478	0.115791645929519
1.25099999999997	0.00535013390128766	0.0793994753681967
1.25199999999997	0.00577272795681539	0.0656418583696258
1.25299999999997	0.00619754373981219	0.10721281361031
1.25399999999997	0.00399605064393489	0.122687631384471
1.25499999999997	0.00535043524845754	0.104520763493463
1.25599999999997	0.00387384410868396	0.0816553170781864
1.25699999999997	0.00370857973921206	0.0717228369489123
1.25799999999997	0.00465505665907378	0.0978128961882336
1.25899999999997	0.00352915400361138	0.120237691455202
1.25999999999997	0.00647743414789523	0.116111810172518
1.26099999999997	0.00537162647036702	0.0794485739221059
1.26199999999997	0.00589421192039684	0.0657374334325796
1.26299999999997	0.00634611979869759	0.107296254527076
1.26399999999997	0.00399886289774654	0.122899384782632
1.26499999999997	0.0050270624225857	0.104526845166237
1.26599999999997	0.00363543579741495	0.0816363608651721
1.26699999999997	0.00390744517955664	0.07142321114504
1.26799999999997	0.00517663679913138	0.0974792241268958
1.26899999999997	0.00365937170976822	0.12007067802542
1.26999999999997	0.00585910524478252	0.115436677931096
1.27099999999997	0.00499518174705071	0.0792159454267995
1.27199999999997	0.00610688215211157	0.0652863113107869
1.27299999999997	0.00689689059975945	0.106572377474097
1.27399999999997	0.00412999578059776	0.122259842368364
1.27499999999997	0.00462892001429666	0.104029618898138
1.27599999999997	0.00342684068712983	0.0815949063095171
1.27699999999997	0.00396673086181417	0.0710219203843197
1.27799999999997	0.00539840087466964	0.0969820958750254
1.27899999999997	0.00373740362563994	0.119879316739682
1.27999999999997	0.00578757566535509	0.115429842422152
1.28099999999997	0.00502056815240107	0.0794061298664716
1.28199999999997	0.0060009201701598	0.0652091076215543
1.28299999999997	0.00676056628686812	0.106548883812388
1.28399999999997	0.00416373688503669	0.122689847176181
1.28499999999997	0.00494299331343286	0.104505004040276
1.28599999999997	0.00365002956569896	0.0818861351566602
1.28699999999997	0.0037744354120579	0.071316153883626
1.28799999999997	0.0049618593970622	0.0973190237884775
1.28899999999997	0.00363349267442012	0.120275805483108
1.28999999999997	0.0062818547205152	0.116007847008422
1.29099999999997	0.00536811088422178	0.0796893177354242
1.29199999999997	0.00575950097343758	0.0654831052748019
1.29299999999997	0.00620229654336897	0.106891854566295
1.29399999999997	0.00400224739324635	0.12267909227534
1.29499999999997	0.00532105024132826	0.104740634996608
1.29599999999997	0.00388707242163271	0.0819398158080269
1.29699999999997	0.00370216200534884	0.0715562520358952
1.29799999999997	0.0046700687598568	0.0975079183235306
1.29899999999997	0.00354034577063268	0.120222105556607
1.29999999999997	0.0064661582061071	0.116338062817378
1.30099999999997	0.00539025994983093	0.0797390862638679
1.30199999999997	0.00587819116637888	0.0655834413396239
1.30299999999997	0.00635348867976808	0.106988952252179
1.30399999999997	0.00401185011626754	0.122912172053991
1.30499999999997	0.00500900684061446	0.10478172269642
1.30599999999997	0.00364585194327282	0.0819322817721884
1.30699999999997	0.00389271824591709	0.0712733347290166
1.30799999999997	0.00518347937559416	0.0971771862221381
1.30899999999997	0.00367621127031111	0.120072635683537
1.30999999999997	0.0058475980958075	0.115663262188074
1.31099999999997	0.00501983963764859	0.0795094293884003
1.31199999999997	0.00608218493527054	0.0651330601670631
1.31299999999997	0.00688751938745343	0.106245123107207
1.31399999999997	0.00414393124629013	0.122259671715116
1.31499999999997	0.00462330781796694	0.104270909232706
1.31599999999997	0.00344210101465986	0.0818821887951422
1.31699999999997	0.00395258955195106	0.0708774413228374
1.31799999999997	0.00540229841416506	0.0966828963894725
1.31899999999997	0.00375404944677086	0.119875625781953
1.31999999999997	0.00578422881866767	0.115672403469355
1.32099999999997	0.00504611274380863	0.0797003074695955
1.32199999999997	0.00598041866564112	0.0650634934453277
1.32299999999997	0.00675482943437314	0.106233020336313
1.32399999999996	0.00417311317331125	0.122685020340977
1.32499999999996	0.00493027672592829	0.104745975240013
1.32599999999996	0.00366348684998216	0.0821732011687168
1.32699999999996	0.00376654999325602	0.0711720197786362
1.32799999999996	0.00497950415500603	0.0970186904893209
1.32899999999996	0.00364993684100238	0.120264224404583
1.32999999999996	0.00625889430556335	0.116220168515236
1.33099999999996	0.00538481695464673	0.0799769037163786
1.33199999999996	0.00574800027531149	0.0653291106009869
1.33299999999996	0.00621013455285012	0.106570608777303
1.33399999999996	0.00400896821232062	0.122667644463723
1.33499999999996	0.00528546357882816	0.104952389545475
1.33599999999996	0.00389758317465591	0.0822239866814977
1.33699999999996	0.00369563240912898	0.0713959321246473
1.33799999999996	0.00468700231451205	0.0971977400323869
1.33899999999996	0.00355306821887359	0.12020252520154
1.33999999999996	0.00644996334779217	0.116554449593372
1.34099999999996	0.00540685618982776	0.0800267849424328
1.34199999999996	0.00586336281097395	0.0654305076915386
1.34299999999996	0.00636322687452824	0.106677381525375
1.34399999999996	0.00402544150131157	0.122917620655506
1.34499999999996	0.00498700864243337	0.105024086694188
1.34599999999996	0.00365640351669132	0.0822279667278011
1.34699999999996	0.00387801783768881	0.0711273077300446
1.34799999999996	0.00518961732485785	0.0968749628230887
1.34899999999996	0.00369421450399393	0.120075425535557
1.34999999999996	0.00583808157020498	0.11588792166924
1.35099999999996	0.00504549483653789	0.0798036866764905
1.35199999999996	0.006056477237678	0.0649850636299345
1.35299999999996	0.00687359282493935	0.10592041715009
1.35399999999996	0.00415604885370786	0.12225761093889
1.35499999999996	0.00461913616912491	0.104507979710495
1.35599999999996	0.00346069648128232	0.0821706991735764
1.35699999999996	0.00393685106925974	0.0707435275841796
1.35799999999996	0.00539986281684907	0.0963872496393739
1.35899999999996	0.00376883743313852	0.119869505187089
1.35999999999996	0.00578560530009536	0.115915233526249
1.36099999999996	0.00507289796687476	0.0799961114443376
1.36199999999996	0.00595788168513711	0.0649263400892777
1.36299999999996	0.00674297998937311	0.105922977059204
1.36399999999996	0.00418062348521748	0.122680086677081
1.36499999999996	0.00492125992468074	0.104986702879282
1.36599999999996	0.00367962634065493	0.0824600048096541
1.36699999999996	0.0037586756467933	0.0710357224386537
1.36799999999996	0.00499468587239211	0.0967226493826916
1.36899999999996	0.00366631204782345	0.120252279128651
1.36999999999996	0.00624281668620829	0.116446063236924
1.37099999999996	0.00540077333869937	0.0802619221714634
1.37199999999996	0.00573949082113893	0.0651808959990984
1.37299999999996	0.00622275303136761	0.106250333231551
1.37399999999996	0.00401638961904345	0.122653707992108
1.37499999999996	0.00524455760713922	0.105157296220893
1.37599999999996	0.00390360939888544	0.0825060350629028
1.37699999999996	0.00369103458469046	0.0712378705485463
1.37799999999996	0.00471015231813912	0.0968797454799481
1.37899999999996	0.0035681130680289	0.120176802656176
1.37999999999996	0.00642451849569164	0.116756138340533
1.38099999999996	0.00541905331405935	0.0803082180775265
1.38199999999996	0.00585130776794715	0.0652748672458601
1.38299999999996	0.00637945200798071	0.106355251560288
1.38399999999996	0.00404036742226706	0.122911031427448
1.38499999999996	0.00496201730475474	0.105255602961797
1.38599999999996	0.00366512001324275	0.0825211922334093
1.38699999999996	0.00386410801198703	0.0709824303183101
1.38799999999996	0.00519672486494549	0.096569902115504
1.38899999999996	0.00371322376431371	0.120074875505711
1.38999999999996	0.00582988988253125	0.116110428194582
1.39099999999996	0.00507086114397835	0.0801014298634668
1.39199999999996	0.00602903523644601	0.0648430786911751
1.39299999999996	0.0068535925829196	0.105598724634761
1.39399999999996	0.00416641842134594	0.122256215602361
1.39499999999996	0.00462064181780773	0.10474729490652
1.39599999999996	0.00348457643434223	0.0824628149994017
1.39699999999996	0.00391811064895325	0.0706205700015025
1.39799999999996	0.00538745174810228	0.0960981037559178
1.39899999999996	0.003783698332425	0.119873748692059
1.39999999999996	0.00579563721988992	0.116161139406641
1.40099999999996	0.00510467043122518	0.0802941899647126
1.40199999999996	0.00593208719121352	0.0647991383235366
1.40299999999996	0.00672094088584779	0.105621476364435
1.40399999999996	0.00418469480306966	0.122675663050027
1.40499999999996	0.0049186749070121	0.105228403510597
1.40599999999996	0.00370029500006411	0.0827456914402846
1.40699999999996	0.00375031899353963	0.0709089442362014
1.40799999999996	0.00500427107245309	0.0964308460330724
1.40899999999996	0.00368156711073222	0.120239251611364
1.40999999999996	0.00622748919512451	0.116666886994119
1.41099999999996	0.00541647533083863	0.0805443583180603
1.41199999999996	0.00573270199503662	0.0650397584022228
1.41299999999996	0.00623830740830954	0.105933010455324
1.41399999999996	0.00402418982900249	0.122637255233974
1.41499999999995	0.00519866374626128	0.105354099634598
1.41599999999995	0.00390555616768466	0.0827839847512783
1.41699999999995	0.00368973606046819	0.0710803213198923
1.41799999999995	0.00474051538756208	0.0965563711782481
1.41899999999995	0.00358689004691953	0.120147696023194
1.41999999999995	0.0063888707011101	0.116941061575889
1.42099999999995	0.00542450685342217	0.0805833157005163
1.42199999999995	0.00584298861270877	0.0651166042600653
1.42299999999995	0.00640280881283423	0.106022984688234
1.42399999999995	0.00405657541065189	0.122889607090516
1.42499999999995	0.00493201661468189	0.105473404096717
1.42599999999995	0.00367182580247486	0.0828093463604939
1.42699999999995	0.00385116187156027	0.0708374887795757
1.42799999999995	0.00520456161055765	0.0962615085265233
1.42899999999995	0.00373302635084922	0.12006891491234
1.42999999999995	0.00582388954187964	0.11632843010705
1.43099999999995	0.00509858782357764	0.0803988791147136
1.43199999999995	0.0059988583859245	0.0647091569350871
1.43299999999995	0.00682684107368679	0.105283779805962
1.43399999999995	0.00417455936286543	0.122256985398831
1.43499999999995	0.00462974318130854	0.104991596594508
1.43599999999995	0.0035138908582227	0.0827587828654044
1.43699999999995	0.00389648648093261	0.0705109937556623
1.43799999999995	0.00536469790121015	0.0958201426468847
1.43899999999995	0.00379526168501649	0.119881452291796
1.43999999999995	0.00581457887297988	0.116411966076812
1.44099999999995	0.0051429222273761	0.0805939688780921
1.44199999999995	0.00590366112737901	0.0646833854821044
1.44299999999995	0.00668999576910277	0.105330626845598
1.44399999999995	0.00418522744666537	0.122671342113154
1.44499999999995	0.00491856245550481	0.105467871585617
1.44599999999995	0.00372479803273996	0.083027985895899
1.44699999999995	0.00374201692379512	0.0707902900765669
1.44799999999995	0.00500970111401241	0.0961439836764038
1.44899999999995	0.00369480075980457	0.120219757518494
1.44999999999995	0.00621209282426644	0.116879012582071
1.45099999999995	0.00543138556987467	0.0808209277874477
1.45199999999995	0.00572822452319764	0.0649072757555507
1.45299999999995	0.00625644802381013	0.105619045133027
1.45399999999995	0.00403264002519528	0.122617558275322
1.45499999999995	0.00514819196819532	0.10554158552299
1.45599999999995	0.00390213169682815	0.0830571467163342
1.45699999999995	0.00369094550605924	0.0709254821157738
1.45799999999995	0.00477730994453077	0.0962312892166893
1.45899999999995	0.00360865473194661	0.120114724293866
1.45999999999995	0.00634439348159447	0.117111544863086
1.46099999999995	0.00542361878226569	0.0808528741803643
1.46199999999995	0.00583787588738274	0.0649582414842759
1.46299999999995	0.00643383845804085	0.105683309431531
1.46399999999995	0.0040750275962846	0.122857573248967
1.46499999999995	0.00489676981763406	0.105677928067209
1.46599999999995	0.00367567983691724	0.0830918319215468
1.46699999999995	0.00384002343580089	0.0706928112634231
1.46799999999995	0.00521649452533509	0.0959499594695496
1.46899999999995	0.00375462943593976	0.120057496225158
1.46999999999995	0.00581593141765909	0.116538364048669
1.47099999999995	0.0051257230542506	0.0806944259169827
1.47199999999995	0.00596900250922107	0.0645799196946477
1.47299999999995	0.00679888043839692	0.104971464115063
1.47399999999995	0.00418227406117465	0.122257350340838
1.47499999999995	0.00464212260374272	0.105236091509468
1.47599999999995	0.00354620471854307	0.0830566156889093
1.47699999999995	0.0038736526269043	0.0704104788248989
1.47799999999995	0.00533614660879145	0.0955492180532798
1.47899999999995	0.00380432902829425	0.11988881712802
1.47999999999995	0.00583938428500201	0.116664924721038
1.48099999999995	0.00518584106098071	0.0808955146149221
1.48199999999995	0.00587322830270911	0.0645774450960025
1.48299999999995	0.00665158474934799	0.105048426896608
1.48399999999995	0.00418340419984806	0.122668868052632
1.48499999999995	0.00492380927327216	0.105707979826857
1.48599999999995	0.00375333138259792	0.0833094763788592
1.48699999999995	0.00373313222376136	0.0706807126659931
1.48799999999995	0.00500974119497878	0.0958636099742696
1.48899999999995	0.00370704229783408	0.120200002096343
1.48999999999995	0.00619953382867649	0.117087061513038
1.49099999999995	0.00544772292479144	0.0810944773535905
1.49199999999995	0.00572457077088864	0.0647825943692768
1.49299999999995	0.00627396227436543	0.105310134551751
1.49399999999995	0.0040413861576945	0.122595391373891
1.49499999999995	0.00509772323841703	0.105723646512585
1.49599999999995	0.003899173110272	0.0833371225987079
1.49699999999995	0.00369554078262676	0.070775789666112
1.49799999999995	0.0048185357643319	0.0959078396536172
1.49899999999995	0.00363333329725291	0.120081616093635
1.49999999999995	0.0062922649556464	0.117271047626803
1.50099999999995	0.00541666784903192	0.0811182836108001
1.50199999999995	0.00583618095657937	0.0648016702018148
1.50299999999995	0.0064730293008221	0.105338484653698
1.50399999999995	0.00409686314986842	0.122817743439019
1.50499999999995	0.0048549665889573	0.105869423387644
1.50599999999994	0.0036754749419548	0.0833688921990865
1.50699999999994	0.00383166414303514	0.0705470450759726
1.50799999999994	0.0052357490369947	0.0956327712765488
1.50899999999994	0.00377908841409191	0.120038483620964
1.50999999999994	0.00580218422020305	0.116735614831711
1.51099999999994	0.00514968311842934	0.0809859559545695
1.51199999999994	0.00594052055953393	0.0644533299839081
1.51299999999994	0.00677378645368667	0.104656252731557
1.51399999999994	0.00419099520386667	0.122254554657391
1.51499999999994	0.00465363084833025	0.105476788666408
1.51599999999994	0.00357859063154016	0.0833548358863472
1.51699999999994	0.00385112034219891	0.0703148542131925
1.51799999999994	0.00530661179460018	0.0952807781052295
1.51899999999994	0.00381315682620736	0.11989604787467
1.51999999999994	0.00586721752679248	0.116919955352775
1.52099999999994	0.00523166637990584	0.0812005126025015
1.52199999999994	0.00584142332722294	0.0644790718971767
1.52299999999994	0.00660861616214037	0.104772187220322
1.52399999999994	0.00418035431635051	0.122668233888279
1.52499999999994	0.00493394093870051	0.105950650835464
1.52599999999994	0.00378578338164134	0.0835932691971715
1.52699999999994	0.00372335245010017	0.0705789581801741
1.52799999999994	0.00500410943679427	0.0955874289884813
1.52899999999994	0.00371777980113834	0.120178356047523
1.52999999999994	0.00619185032858537	0.117294952883023
1.53099999999994	0.00546730236743294	0.081368215480163
1.53199999999994	0.00571963041801638	0.0646651924843714
1.53299999999994	0.00628737546168808	0.105005293738819
1.53399999999994	0.00404893082627288	0.122572955306097
1.53499999999994	0.00505113569842408	0.10590490576247
1.53599999999994	0.00389754136525692	0.0836176223167558
1.53699999999994	0.00370035252112404	0.0706344368945806
1.53799999999994	0.00485870032499369	0.0955888687642605
1.53899999999994	0.00365963618594419	0.120050972425914
1.53999999999994	0.00623824334123205	0.117424311351352
1.54099999999994	0.005408309105134	0.0813822677394185
1.54199999999994	0.00583503520367938	0.0646510878941807
1.54299999999994	0.00651344593887624	0.104993705532734
1.54399999999994	0.0041226341003436	0.122778878437857
1.54499999999994	0.00481140332694903	0.106052958302815
1.54599999999994	0.00367414040378628	0.0836426995305123
1.54699999999994	0.00382538631768988	0.0704045586015577
1.54799999999994	0.0052600165773964	0.0953144942385699
1.54899999999994	0.00380572989917186	0.120014851848824
1.54999999999994	0.00578339553578026	0.116925875206232
1.55099999999994	0.00516960578688823	0.081273398278009
1.55199999999994	0.00591484473360656	0.0643300168786179
1.55299999999994	0.00675558595490602	0.104338325798445
1.55399999999994	0.00420185336731896	0.122248477998809
1.55499999999994	0.00465928070918846	0.105710157141113
1.55599999999994	0.00360710565203293	0.0836512016575078
1.55699999999994	0.00383169365695636	0.0702185217526373
1.55799999999994	0.00528424396640418	0.0950070116872543
1.55899999999994	0.0038247956607738	0.119898460167349
1.55999999999994	0.00588935908514435	0.117166685928658
1.56099999999994	0.00527443106478382	0.0815053781418505
1.56199999999994	0.00581149075410173	0.0643812235918149
1.56299999999994	0.00656982130360139	0.104491667398794
1.56399999999994	0.00417894244847417	0.122664865579492
1.56499999999994	0.00494229308903127	0.106190227514041
1.56599999999994	0.0038181396839482	0.0838792768755262
1.56699999999994	0.0037130459058579	0.0704810993004837
1.56799999999994	0.00499627957166522	0.095308557873487
1.56899999999994	0.00372890393416821	0.120153864776193
1.56999999999994	0.00618837894988113	0.117503347322663
1.57099999999994	0.00549039294643548	0.0816454698905428
1.57199999999994	0.00571185050142691	0.0645537599282647
1.57299999999994	0.00629362498545045	0.104702868615206
1.57399999999994	0.00405566571730836	0.122551411593258
1.57499999999994	0.00501433345439907	0.106092679332576
1.57599999999994	0.00390140434637306	0.0839010366732781
1.57699999999994	0.00370242354425139	0.0705051249978106
1.57799999999994	0.0048895538775102	0.0952782275055548
1.57899999999994	0.00368467826578557	0.120025613458507
1.57999999999994	0.00619320948685193	0.117585158164581
1.58099999999994	0.00540539368709394	0.0816505868745709
1.58199999999994	0.00583090836568637	0.0645127850554852
1.58299999999994	0.00654610561579273	0.104655377706456
1.58399999999994	0.00414592177543933	0.122737850942335
1.58499999999994	0.00477348807044821	0.106237188646901
1.58599999999994	0.00367564581238071	0.0839167815854663
1.58699999999994	0.00381992426362286	0.0702702384234122
1.58799999999994	0.00528404912060735	0.0949998963708101
1.58899999999994	0.00383247126947789	0.119987185103369
1.58999999999994	0.00576127754754963	0.117111747288112
1.59099999999994	0.00518625655426036	0.081556382646657
1.59199999999994	0.00589269201414875	0.0642100951347194
1.59299999999994	0.00674544856290457	0.10401848340299
1.59399999999994	0.00421540281974923	0.122238955075385
1.59499999999994	0.00465729482096555	0.105933266730295
1.59599999999994	0.00363021543689116	0.083943744914171
1.59699999999993	0.00381689508333615	0.070118723483653
1.59799999999993	0.00527339165640921	0.0947242878982987
1.59899999999993	0.0038408676636446	0.11989283737277
1.59999999999993	0.00590497868570004	0.117405918919186
1.60099999999993	0.00531063980156467	0.0818056119367299
1.60199999999993	0.00578610154809403	0.0642804554619068
1.60299999999993	0.00654167674378085	0.104202128419651
1.60399999999993	0.00418125429904459	0.122656758565422
1.60499999999993	0.00494333679857538	0.106422519082355
1.60599999999993	0.00384678833474394	0.0841671459587445
1.60699999999993	0.00370448081082836	0.0703801964778722
1.60799999999993	0.00499294079808548	0.095023075660875
1.60899999999993	0.00374250931658328	0.120126534891432
1.60999999999993	0.00618348055827833	0.117710019932298
1.61099999999993	0.00551244382997528	0.0819277332504761
1.61199999999993	0.00570283365287816	0.06444505861766
1.61299999999993	0.00629823143199415	0.104396251034445
1.61399999999993	0.00406315594724124	0.122529550487216
1.61499999999993	0.00498110566727259	0.106284607783203
1.61599999999993	0.00390850607615576	0.0841903401762047
1.61699999999993	0.00370256328929905	0.0703824697142353
1.61799999999993	0.00491440787343944	0.0949692032323394
1.61899999999993	0.00370920587535465	0.120001790598323
1.61999999999993	0.00615483161254251	0.117753148668479
1.62099999999993	0.00540741766340127	0.0819256807220604
1.62199999999993	0.00582409117686461	0.0643822788129072
1.62299999999993	0.00657136091286032	0.104318637711714
1.62399999999993	0.00416725806348347	0.12269496489093
1.62499999999993	0.00474237873766742	0.106426229746394
1.62599999999993	0.00368120803768664	0.0841942269231607
1.62699999999993	0.00381375758743714	0.0701446417827125
1.62799999999993	0.00530406750967141	0.0946884851759829
1.62899999999993	0.00385835498821053	0.119957918289477
1.62999999999993	0.00574061201742976	0.117297930455232
1.63099999999993	0.00520349790804451	0.0818409571223826
1.63199999999993	0.00587089129734181	0.0640959489103318
1.63299999999993	0.00673599541079341	0.103699178006678
1.63399999999993	0.00422876517142283	0.122226974674121
1.63499999999993	0.00465284960355869	0.106153188443923
1.63599999999993	0.00365185051537171	0.0842365284408955
1.63699999999993	0.00380445716815358	0.070019778111116
1.63799999999993	0.0052673112155308	0.0944440335082626
1.63899999999993	0.00385848746181986	0.119880974360239
1.63999999999993	0.00591530247654078	0.117635548309306
1.64099999999993	0.00534357395812045	0.0821035519740086
1.64199999999993	0.00576303621008899	0.0641796188687057
1.64299999999993	0.00651830853751627	0.103907180412033
1.64399999999993	0.00418546524679919	0.122645679858005
1.64499999999993	0.00494108284855305	0.106649378607038
1.64599999999993	0.00387413589168186	0.084456135370356
1.64699999999993	0.00369689754369475	0.0702804708918607
1.64799999999993	0.00499138178881413	0.0947337231114235
1.64899999999993	0.00375738523209727	0.120096837471189
1.64999999999993	0.0061779065696121	0.117915315047215
1.65099999999993	0.005533230629018	0.0822129617267904
1.65199999999993	0.00569337167345228	0.0643396371550475
1.65299999999993	0.00630153052535087	0.104086925411215
1.65399999999993	0.00407111215055995	0.122506638578473
1.65499999999993	0.00495543913515072	0.106492744929769
1.65599999999993	0.00391739679995412	0.0844827681857699
1.65699999999993	0.00370238771913847	0.0702646869782314
1.65799999999993	0.00493677521289889	0.0946606902082657
1.65899999999993	0.00373388913513718	0.119977725382124
1.65999999999993	0.00611920143286618	0.117923294845648
1.66099999999993	0.00541191476130108	0.082204471036117
1.66199999999993	0.00581597882160581	0.0642572158124026
1.66299999999993	0.00659230786482053	0.103980825679862
1.66399999999993	0.00418750881121315	0.122648104885355
1.66499999999993	0.00471514379964927	0.106616323890649
1.66599999999993	0.00368903127749964	0.0844732600429412
1.66699999999993	0.00380763589117821	0.0700252289578402
1.66799999999993	0.00532236640375784	0.0943775426370563
1.66899999999993	0.00388421320816123	0.119925676561296
1.66999999999993	0.00572018422092576	0.117482264194721
1.67099999999993	0.00522082329214083	0.0821263649597811
1.67199999999993	0.00584937164813467	0.0639868836645033
1.67299999999993	0.00672731350343866	0.103379787502668
1.67399999999993	0.0042421876624166	0.122212717512951
1.67499999999993	0.00464681766093725	0.106370414708343
1.67599999999993	0.00367265383127294	0.0845299827144078
1.67699999999993	0.00379353786893437	0.069922758990371
1.67799999999993	0.0052648312243627	0.0941635471795611
1.67899999999993	0.00387686061338476	0.119862359778037
1.67999999999993	0.00592162922192236	0.117857344440564
1.68099999999993	0.00537408788921639	0.0824006891750779
1.68199999999993	0.00574151684294099	0.0640811665674288
1.68299999999993	0.00649877846322853	0.10360778886968
1.68399999999993	0.00419210838283402	0.122635634271764
1.68499999999993	0.00493636297650572	0.106871266469713
1.68599999999993	0.00390072307251748	0.0847462198278773
1.68699999999993	0.00369014590985508	0.0701819495956256
1.68799999999992	0.00499044369158782	0.0944372257014373
1.68899999999992	0.00377339689747515	0.120064204153959
1.68999999999992	0.00617155458178332	0.118118480939114
1.69099999999992	0.00555371538724294	0.0825007175308461
1.69199999999992	0.00568345162089697	0.0642374242546744
1.69299999999992	0.00630376647461858	0.103774704815263
1.69399999999992	0.00407953104591892	0.12248158148756
1.69499999999992	0.0049368936041712	0.106716305277076
1.69599999999992	0.00392783369614787	0.0847773385985632
1.69699999999992	0.00370203449927534	0.0701520149211725
1.69799999999992	0.00495749275419004	0.0943530579546528
1.69899999999992	0.00375907957618771	0.119950342985477
1.69999999999992	0.00608649616633106	0.118096582961555
1.70099999999992	0.00541887902371185	0.0824869300131594
1.70199999999992	0.00580627529521711	0.0641376645801245
1.70299999999992	0.00660638893055004	0.103639213687972
1.70399999999992	0.00420590297186147	0.122599598079956
1.70499999999992	0.00469122568456145	0.10680740308974
1.70599999999992	0.00369842790381002	0.0847540186205478
1.70699999999992	0.00380011864231212	0.0699190074234446
1.70799999999992	0.00533961087795462	0.0940660792063004
1.70899999999992	0.0039103017604914	0.119889992746517
1.70999999999992	0.00569879725352189	0.117663628700657
1.71099999999992	0.00523828417443253	0.0824231264326248
1.71199999999992	0.00583009646087864	0.0638816755773845
1.71299999999992	0.00672055469187205	0.103059003894447
1.71399999999992	0.00425641186851747	0.122195575935719
1.71499999999992	0.00463836295181325	0.106583557674002
1.71599999999992	0.00369237309981922	0.0848234156793668
1.71699999999992	0.00378432839292548	0.0698264981044344
1.71799999999992	0.00526524976761341	0.0938769621673675
1.71899999999992	0.00389612364414041	0.119835335255155
1.71999999999992	0.00592428431474711	0.118071005461287
1.72099999999992	0.00540247786355289	0.0826969521556514
1.72199999999992	0.00572111351329587	0.0639853039729282
1.72299999999992	0.00648210101512547	0.103303758186671
1.72399999999992	0.0041998194992376	0.122621341515064
1.72499999999992	0.00492984347303032	0.10708932041331
1.72599999999992	0.00392485476408319	0.0850396395826529
1.72699999999992	0.00368392537620255	0.0700847918449871
1.72799999999992	0.00498980445477977	0.0941396773919554
1.72899999999992	0.00378970524595291	0.12002885125205
1.72999999999992	0.00616596065808962	0.118320275614402
1.73099999999992	0.00557531674815579	0.082790861648149
1.73199999999992	0.0056727152144091	0.0641388658508657
1.73299999999992	0.00630329815350265	0.103460839439004
1.73399999999992	0.00408773723936501	0.122454220309426
1.73499999999992	0.00492108011185189	0.106941242681297
1.73599999999992	0.003940270589299	0.0850743563770212
1.73699999999992	0.00370092306789128	0.0700456207533626
1.73799999999992	0.00497554894660642	0.0940474776912371
1.73899999999992	0.00378414643277551	0.119920961172871
1.73999999999992	0.00605646540340217	0.11827270434384
1.74099999999992	0.00543045416732088	0.0827728362409425
1.74199999999992	0.0057956543117972	0.0640238434264532
1.74299999999992	0.00661680992004337	0.103296676437287
1.74399999999992	0.00422304570799023	0.122547778393961
1.74499999999992	0.00466988806609652	0.106999388887987
1.74599999999992	0.00370929243307357	0.0850356498434472
1.74699999999992	0.00379294210220653	0.0698183075314488
1.74799999999992	0.00535615976753262	0.0937543529977796
1.74899999999992	0.00394076607386237	0.119855688857784
1.74999999999992	0.00567753066605697	0.117841110701737
1.75099999999992	0.00525502877109665	0.0827205917358354
1.75199999999992	0.00581168054185843	0.063780946551247
1.75299999999992	0.00671575890320704	0.102738393170221
1.75399999999992	0.00427116405056113	0.122175862261756
1.75499999999992	0.0046283946892288	0.106793194279865
1.75599999999992	0.00371120752793575	0.085116822297809
1.75699999999992	0.00377643197765545	0.0697321568624498
1.75799999999992	0.00526794307288432	0.0935853621221284
1.75899999999992	0.00391694415596303	0.119803643082488
1.75999999999992	0.00592371253540775	0.11827719847618
1.76099999999992	0.00542884779032249	0.0829923372046633
1.76199999999992	0.00570187197385055	0.0638916461778907
1.76299999999992	0.0064683453694242	0.10299642524627
1.76399999999992	0.00420872733841302	0.122603222398606
1.76499999999992	0.00492140518395673	0.107303026753727
1.76599999999992	0.00394541871031032	0.0853356626250823
1.76699999999992	0.00367843173282183	0.0699905790024303
1.76799999999992	0.00499037267755153	0.0938394876226493
1.76899999999992	0.00380774126959009	0.11999229388014
1.76999999999992	0.00615854054880378	0.118519603845783
1.77099999999992	0.00559612843236527	0.0830831104612123
1.77199999999992	0.00566223386111676	0.0640427164007416
1.77299999999992	0.00630276690851685	0.103143032046061
1.77399999999992	0.00409646690597944	0.122423808948393
1.77499999999992	0.00490538507890051	0.107165363183413
1.77599999999992	0.00395265095706962	0.085373882678086
1.77699999999992	0.00370009497046414	0.0699424745298284
1.77799999999991	0.00499327941204767	0.0937407280892426
1.77899999999991	0.00380988297019739	0.119889306136498
1.77999999999991	0.00602661523947062	0.118448623797676
1.78099999999991	0.00544389176885519	0.0830629757860143
1.78199999999991	0.0057845800677216	0.0639141192701637
1.78299999999991	0.00662601868150344	0.102951803896004
1.78399999999991	0.00424005787722128	0.12249261779994
1.78499999999991	0.00465091275256738	0.107191991097654
1.78599999999991	0.00372140204217115	0.0853195605784038
1.78699999999991	0.00378586671937564	0.0697224516765234
1.78799999999991	0.00537142471241628	0.0934414896905819
1.78899999999991	0.00397255542456258	0.11981799606491
1.78999999999991	0.00565730126731991	0.118016764528387
1.79099999999991	0.00527219791575864	0.0830205633682372
1.79199999999991	0.00579295435602229	0.0636853917888418
1.79299999999991	0.00671183791710764	0.102420152238066
1.79399999999991	0.00428563149641937	0.122154838834209
1.79499999999991	0.00461889335122613	0.107002634955413
1.79599999999991	0.00373042376756801	0.0854121776852915
1.79699999999991	0.00376845862048872	0.0696421406156699
1.79799999999991	0.00527046871159814	0.0932897462246274
1.79899999999991	0.00394067217451971	0.11977632544752
1.79999999999991	0.00592264417558175	0.118478443459727
1.80099999999991	0.0054556879186309	0.0832873574022706
1.80199999999991	0.00568277108952154	0.0638010674663313
1.80299999999991	0.0064533411904761	0.102687510223285
1.80399999999991	0.00421703173823567	0.122580872396479
1.80499999999991	0.00491472766100121	0.107514446709646
1.80599999999991	0.00396747999513068	0.085632326849902
1.80699999999991	0.00367259695970335	0.0699020203639161
1.80799999999991	0.00498803787815934	0.0935414890673033
1.80899999999991	0.00382502454719886	0.119956143642523
1.80999999999991	0.00615206253461808	0.118719642923578
1.81099999999991	0.00561917815534103	0.0833775485001175
1.81199999999991	0.00565182316328753	0.0639512637954489
1.81299999999991	0.00629893071782893	0.102827305631315
1.81399999999991	0.00410470238972641	0.12239133169833
1.81499999999991	0.00489179319760074	0.107388226459429
1.81599999999991	0.00396647556211351	0.0856739117097769
1.81699999999991	0.00369928284263712	0.0698451416818597
1.81799999999991	0.00501018903544742	0.0934358602256924
1.81899999999991	0.00383571395700395	0.119855202325922
1.81999999999991	0.00599608858496518	0.118621967812008
1.82099999999991	0.00545672867826687	0.0833520361345674
1.82199999999991	0.00577422950855829	0.0638075465749262
1.82299999999991	0.0066362577322472	0.102604825300378
1.82399999999991	0.004257473290595	0.122433596502588
1.82499999999991	0.00463148920532458	0.107381000202897
1.82599999999991	0.00373246465989938	0.0856021937239544
1.82699999999991	0.00378003231981058	0.0696293603561257
1.82799999999991	0.00538919624251444	0.0931260481429688
1.82899999999991	0.00400647176991619	0.119776006115445
1.82999999999991	0.00563438632983942	0.118185905347144
1.83099999999991	0.005287141840108	0.0833202714738625
1.83199999999991	0.00577492064704966	0.0635937691256173
1.83299999999991	0.00671129471534389	0.102101273517672
1.83399999999991	0.00430190516718136	0.122132060195087
1.83499999999991	0.00460775639847334	0.107208554189737
1.83599999999991	0.0037486715467491	0.0857081954522887
1.83699999999991	0.00375920460365388	0.0695553029431159
1.83799999999991	0.00527336546768028	0.0929898330374066
1.83899999999991	0.00396566035797485	0.119746001700333
1.83999999999991	0.00592159997483442	0.118674457325976
1.84099999999991	0.00548346971864496	0.0835821380334655
1.84199999999991	0.00566331772477622	0.0637138958954187
1.84299999999991	0.00643584890785196	0.10237825103827
1.84399999999991	0.00422452587177931	0.122555042518268
1.84499999999991	0.00491125043957742	0.107724487470812
1.84599999999991	0.00399237196417082	0.0859298552655361
1.84699999999991	0.00366581199065616	0.0698217929278203
1.84799999999991	0.00498079479216984	0.093248338389054
1.84899999999991	0.00384066906835072	0.119921654564314
1.84999999999991	0.00614862320392557	0.118921608739483
1.85099999999991	0.00564626040883692	0.0836743789620219
1.85199999999991	0.00563995894533871	0.0638671135114225
1.85299999999991	0.00628966217186299	0.10251695647387
1.85399999999991	0.00411364482287551	0.122361667339949
1.85499999999991	0.00488262815175278	0.107609378831296
1.85599999999991	0.00398421294979907	0.0859727879380923
1.85699999999991	0.0036978246623257	0.0697553634865114
1.85799999999991	0.00502230543069939	0.0931365435917297
1.85899999999991	0.0038596340680766	0.119818684705953
1.85999999999991	0.00596899690096433	0.118794018892243
1.86099999999991	0.00547197637440503	0.0836385297011424
1.86199999999991	0.00576320067932672	0.0637073685957053
1.86299999999991	0.00664392869660985	0.102263028778343
1.86399999999991	0.0042736572952662	0.122372399603318
1.86499999999991	0.00461368350337403	0.10756739840196
1.86599999999991	0.00374312251603619	0.085881713778384
1.86699999999991	0.00377536900688394	0.0695415563206134
1.86799999999991	0.00540806122976144	0.0928132334356812
1.8689999999999	0.00404167173364859	0.119731622262199
1.8699999999999	0.00561276958780332	0.118356999953478
1.8709999999999	0.00529944712079917	0.0836155811554809
1.8719999999999	0.00575901214085465	0.0635063812329043
1.8729999999999	0.00671638429003701	0.101783662180976
1.8739999999999	0.00432064447152479	0.122106649519348
1.8749999999999	0.00459217188639797	0.107406227166803
1.8759999999999	0.0037634335378832	0.0860002570317806
1.8769999999999	0.00375181930499489	0.0694692940321926
1.8779999999999	0.00528240986572198	0.0926846950193654
1.8789999999999	0.00399367563851121	0.119708405139811
1.8799999999999	0.00591439889010688	0.118857625250443
1.8809999999999	0.00550787743565013	0.08387241262214
1.8819999999999	0.00564606768903343	0.063627105772996
1.8829999999999	0.00642332015582685	0.102063380648701
1.8839999999999	0.00423426363117385	0.122523813566049
1.8849999999999	0.00490423419703809	0.107926596575908
1.8859999999999	0.00401485588732796	0.086225975113232
1.8869999999999	0.00365960130331607	0.0697433081453275
1.8879999999999	0.00497501783086528	0.092954455884128
1.8889999999999	0.00385730279810259	0.11988598779762
1.8899999999999	0.00614469991798124	0.119120482623545
1.8909999999999	0.00567372346610497	0.0839724611234158
1.8919999999999	0.00562729904123589	0.0637871308005798
1.8929999999999	0.0062777572149375	0.102207242760145
1.8939999999999	0.00412374622217068	0.122332832266606
1.8949999999999	0.00487696032228371	0.107829412599728
1.8959999999999	0.00400533312884569	0.0862720480861025
1.8969999999999	0.00369522171815545	0.0696726266306708
1.8979999999999	0.00503094225102359	0.092842116354268
1.8989999999999	0.00388171977736512	0.119782368261621
1.8999999999999	0.00594770534955746	0.11896856267654
1.9009999999999	0.0054917714302077	0.0839260276465798
1.9019999999999	0.00575026127631398	0.0636144096602742
1.9029999999999	0.006646289828561	0.101928926169378
1.9039999999999	0.00428807600981301	0.122313518523143
1.9049999999999	0.0045991482498919	0.10775567818395
1.9059999999999	0.00375498425366443	0.0861614087754979
1.9069999999999	0.00377120125496775	0.0694606603552654
1.9079999999999	0.00542617206513176	0.0925041260606954
1.9089999999999	0.0040773561960601	0.119685875235383
1.9099999999999	0.00559798618660123	0.11854492165054
1.9109999999999	0.00530991153562707	0.0839073536572982
1.9119999999999	0.00574579260582841	0.0634227655338424
1.9129999999999	0.0067277993233418	0.101465671430696
1.9139999999999	0.00434221990396295	0.122071425592916
1.9149999999999	0.0045710360418799	0.107596663566675
1.9159999999999	0.00377364854497268	0.0862893382086663
1.9169999999999	0.00374661954188776	0.0693827577327517
1.9179999999999	0.00529994517997011	0.0923731699998601
1.9189999999999	0.004025934915156	0.119662336493503
1.9199999999999	0.00589895903843179	0.119026209654504
1.9209999999999	0.00552611780260816	0.0841579769683569
1.9219999999999	0.00563137389731816	0.0635385533111617
1.9229999999999	0.00641861609717678	0.101738828218367
1.9239999999999	0.004247557787808	0.122485447882021
1.9249999999999	0.00488998138468561	0.10812215819559
1.9259999999999	0.00403381778731829	0.086521993583841
1.9269999999999	0.0036534188095498	0.0696675997738469
1.9279999999999	0.00497219402837306	0.0926547332388747
1.9289999999999	0.00387593165223812	0.119847566463645
1.9299999999999	0.00613896970748737	0.119316180449975
1.9309999999999	0.00570093164908345	0.0842735891858151
1.9319999999999	0.00561377580280617	0.0637100462574895
1.9329999999999	0.0062634284101638	0.101895003565139
1.9339999999999	0.00413359863841654	0.12230224121697
1.9349999999999	0.00487445617737952	0.108050656815941
1.9359999999999	0.00402871227079086	0.0865749758360648
1.9369999999999	0.00369128703656561	0.0695968836346832
1.9379999999999	0.00503496644382928	0.0925502282103041
1.9389999999999	0.0039021430800138	0.119745536455616
1.9399999999999	0.00593285510506505	0.11914930790333
1.9409999999999	0.00551643130012304	0.0842179672233211
1.9419999999999	0.00573562926692524	0.0635281457205285
1.9429999999999	0.00664265422949305	0.10159800527363
1.9439999999999	0.00430102202449171	0.122259054977148
1.9449999999999	0.00458907825152508	0.107947404281978
1.9459999999999	0.00376993850650451	0.086443248265351
1.9469999999999	0.00376683746932446	0.0693858235126594
1.9479999999999	0.00544014960969714	0.0921970988588268
1.9489999999999	0.00411200315376137	0.119638916925023
1.9499999999999	0.00558353712570708	0.118729870625425
1.9509999999999	0.00532025894569221	0.0841997419839615
1.9519999999999	0.00573366296324394	0.0633441346661918
1.9529999999999	0.00674052037840658	0.101148104920536
1.9539999999999	0.00436508928456911	0.122030275694863
1.9549999999999	0.00454804233843861	0.107784755737077
1.9559999999999	0.00378175820721621	0.0865794433446409
1.9569999999999	0.00374249134506559	0.0692989175542628
1.9579999999999	0.00532112741808865	0.0920553824381608
1.9589999999999	0.00406117856699789	0.119611043966326
1.95999999999989	0.00587768228533596	0.119185353276252
1.96099999999989	0.00553923071813888	0.0844418042385135
1.96199999999989	0.00561900176721857	0.0634497208978948
1.96299999999989	0.00642060040928337	0.101405750013209
1.96399999999989	0.00426402727592104	0.122439683122976
1.96499999999989	0.00487145151208077	0.108316665427832
1.96599999999989	0.00404810307362434	0.0868186825632825
1.96699999999989	0.00364796576858682	0.0695937415257887
1.96799999999989	0.00497586907909448	0.0923470775475654
1.96899999999989	0.00389800809246003	0.119805298268186
1.96999999999989	0.00612665525453136	0.119505400191642
1.97099999999989	0.00572373669743932	0.0845771866672285
1.97199999999989	0.0056011332034074	0.0636325347807709
1.97299999999989	0.00625225990562532	0.101572970966264
1.97399999999989	0.00414534656376088	0.122266185416208
1.97499999999989	0.00486989160947807	0.108269825446769
1.97599999999989	0.00405105797765441	0.0868818765313739
1.97699999999989	0.00368731290546534	0.0695230254425674
1.97799999999989	0.0050397586052185	0.0922529013826307
1.97899999999989	0.00392362011946274	0.119705319012411
1.97999999999989	0.00591835194107371	0.119329150549847
1.98099999999989	0.00554277930464764	0.0845158730745239
1.98199999999989	0.00571944321793594	0.0634458055326914
1.98299999999989	0.00663555190651271	0.101264413826704
1.98399999999989	0.00431306934396658	0.122203271536016
1.98499999999989	0.00458294501883999	0.108144451623283
1.98599999999989	0.00378824254011749	0.0867315513029104
1.98699999999989	0.00376144629270431	0.069316967303102
1.98799999999989	0.00544886192336003	0.0918892992432795
1.98899999999989	0.00414488669746353	0.119590469802911
1.98999999999989	0.00557274391849442	0.118917771504565
1.99099999999989	0.00533383472869024	0.0844983484835767
1.99199999999989	0.00572049396174472	0.0632722684036795
1.99299999999989	0.00674898647757449	0.100831462242364
1.99399999999989	0.00438722664904938	0.121989579027214
1.99499999999989	0.00452732657182001	0.107976619540392
1.99599999999989	0.00379172637545081	0.0868808822984491
1.99699999999989	0.00373946008981081	0.0692208914750244
1.99799999999989	0.0053396987537831	0.0917311637341585
1.99899999999989	0.00409800119061733	0.119557990008368
2	0.00585258898933361	0.119341232814707
