"Time [s]"	"Pout [kW]"	"Pin [kW]"
0	0	0
0.001	0.0220370883825438	29.9417270812599
0.002	0.489962343029904	66.1865335000509
0.003	2.30457205888142	94.6394859868695
0.004	4.81639131841299	112.01809064196
0.005	4.16025476551632	117.640629617156
0.006	-2.03682888985283	112.505463358887
0.007	-6.83804884036788	100.423656687205
0.008	-2.91492471262486	83.7530476066563
0.009	1.27208208067018	65.3232841265246
0.01	-0.536056465956166	47.4995680518146
0.011	-0.710796720473811	29.6787450373023
0.012	1.45300259490109	13.8786062183838
0.013	2.26965025088146	1.85161751308382
0.014	1.51554778379195	-3.7379339824649
0.015	0.66206653195655	-7.22365458819206
0.016	0.324419155109905	-6.80139008699938
0.017	0.229851365361193	-2.89117814032047
0.018	1.04031837608145	3.47867762820508
0.019	2.00021563763847	10.2556586720594
0.02	3.03108595075429	19.2377920920497
0.021	5.62046547942232	27.2792748314732
0.022	9.67142322249662	36.8333041248091
0.023	18.0829689671986	45.4566685714889
0.024	16.8147403825629	47.6514129513141
0.025	-15.2753964076139	46.5535644847514
0.026	-17.0928034916826	57.0364366045598
0.027	-6.48042102192199	65.0497809167242
0.028	3.38341683049477	67.0051861429404
0.029	10.3027906976464	66.6090306798328
0.03	-9.08116959584925	56.7752504556752
0.031	-18.9874044744649	42.3922795693724
0.032	-9.21664219251559	29.7159136850373
0.033	1.76819063424253	21.0816752297615
0.034	2.40973509280975	17.4988409404074
0.035	-0.135922478924658	12.0686891541555
0.036	1.61438912172417	6.89068474190904
0.037	7.11613409520756	3.34808908562559
0.038	2.8150362602021	12.106281545569
0.039	-4.54376256295738	23.9930374152542
0.04	0.198914455182609	24.8456510646362
0.041	4.4992804598223	25.607096936211
0.042	-7.32510159234736	37.1006792584722
0.043	-6.82277601446812	44.5619908206716
0.044	-1.58795614821728	41.8291341566215
0.045	0.0883818032070257	36.882715800109
0.046	2.49542519008546	32.5696885556481
0.047	8.27142065500633	28.0824556625511
0.048	-3.96488443983972	32.6766025179032
0.049	-6.11635387103399	33.8726751165453
0.05	-1.00051705211826	30.8299685909029
0.051	0.101677796642005	26.5123822615197
0.052	2.14225325307258	22.4498239473392
0.053	11.12482727132	17.8937911927894
0.054	13.3778787907745	22.2438121481882
0.055	-0.289318897999315	30.0979703628407
0.056	12.7175367662608	26.7209692647491
0.057	11.0976787728388	33.3576321445005
0.058	-0.0137677911132491	42.6336536043015
0.059	16.5027719361441	42.1910048156751
0.06	-9.44592190986385	56.809241820722
0.061	12.93819150515	51.6400147292892
0.062	-14.300442832841	60.7135548333782
0.063	-1.89077802700437	58.0620980411183
0.064	5.11880394701578	49.0875255266592
0.065	-24.7450131285929	51.8346131979809
0.066	4.93561192219081	34.1931135316682
0.067	-2.2267617113228	26.6432239004159
0.068	-21.1221689563911	27.2354054717139
0.069	-1.77993373581456	11.7784338026959
0.07	14.8473177629044	-0.219814612553882
0.071	-9.55625046111035	5.93356882550149
0.0720000000000001	-8.9615549193033	7.57693923648039
0.0730000000000001	3.58594778790244	2.73658370703584
0.0740000000000001	16.3931173350988	1.92151186156761
0.0750000000000001	-2.04266167156831	18.4411732113435
0.0760000000000001	3.30988215561406	21.0446074649128
0.0770000000000001	19.523533806315	21.5869000365265
0.0780000000000001	0.314545621137965	39.8611305902896
0.0790000000000001	18.3002734182854	40.2292118475861
0.0800000000000001	2.87993305374709	53.0306201897303
0.0810000000000001	12.8783615743955	56.2267557618842
0.0820000000000001	4.56800376943389	63.6058635198576
0.0830000000000001	8.91423352570407	66.4915267135547
0.0840000000000001	1.58287270728007	66.8053193356175
0.0850000000000001	5.34365492193629	63.820277695085
0.0860000000000001	-4.35393870849826	60.9649897383372
0.0870000000000001	5.92255010934501	54.14008811512
0.0880000000000001	-7.27019226028983	46.0666580767926
0.0890000000000001	1.33155788595083	35.8231431992694
0.0900000000000001	-5.74275914811699	27.1306412319281
0.0910000000000001	-2.96837942005339	20.3544546014121
0.0920000000000001	6.93600657929012	9.4670460836405
0.0930000000000001	-8.55646532976123	6.99816078368828
0.0940000000000001	17.0310247094864	-0.678348202285153
0.0950000000000001	-6.18716362187688	3.7917475689263
0.0960000000000001	15.9529193390271	0.528974758431163
0.0970000000000001	3.68964138232504	6.95027034777875
0.0980000000000001	1.69495679414504	12.7444742483638
0.0990000000000001	19.2285710527224	13.5858745614397
0.1	-12.8343897584409	29.8164047011692
0.101	35.5010975429089	25.4692527615688
0.102	3.39523006613672	40.9752638919362
0.103	5.52866982179479	45.7908485285546
0.104	41.6000785060277	45.9610329358845
0.105	0.358512025419546	58.1429536415706
0.106	0.386188945731132	60.3424604734349
0.107	54.4864725292487	54.3107722673774
0.108	30.7146624192785	57.8929140027188
0.109	-13.4726663729968	63.0222605016883
0.11	-5.86819278162912	57.9837819060652
0.111	52.3013499819119	47.5338000369394
0.112	70.6556235498621	42.4204649104745
0.113	59.9913249862357	40.9276490595762
0.114	52.0626985226502	38.5714333234288
0.115	54.0777209882096	34.0972218238283
0.116	70.8829474715782	29.6375758756406
0.117	88.9088723860353	25.6990593389772
0.118	37.3448808355003	28.5702823796383
0.119	-35.3042372029418	33.9826685206163
0.12	-13.1674807410226	32.0544116298842
0.121	36.7843813306423	26.519401431581
0.122	78.0261855040489	20.8948062335602
0.123	-0.202756310332573	28.5213972313108
0.124	-25.4722578007481	32.1561081072622
0.125	31.5039141848179	25.5624022257184
0.126	70.0487844381137	19.5635515366939
0.127	-36.5466957581104	28.7211301327397
0.128	-1.8718916482969	24.8028057100181
0.129	60.7250347197165	14.5020576094537
0.13	-9.84164609012029	17.7323164545903
0.131	-23.5461408243011	17.5680522451033
0.132	39.9521852028629	6.271657555405
0.133	7.51740318822881	5.19304631094467
0.134	-39.5675396901952	6.87602024529412
0.135	19.0598279985678	-3.85854756916507
0.136	16.965540993108	-6.24881720601925
0.137	-48.9511868360426	-1.93207614861694
0.138	-1.01058198160573	-10.8662207294651
0.139	24.0808843801928	-14.6459612537196
0.14	-50.6290536209562	-7.6110759496302
0.141	-24.8055057881008	-13.1378200492535
0.142	15.0926099555312	-17.8844356706186
0.143	-21.1137416949948	-12.64031432794
0.144	-45.9968974737701	-10.2267265291992
0.145	-16.922148103278	-14.8552962774274
0.146	9.65893588929625	-17.8569039307613
0.147	-8.38048491623131	-13.5773292860374
0.148	-42.1358341955784	-8.95615125036174
0.149	-33.0268514469454	-10.7803990788209
0.15	-10.7243600161798	-14.1862208218978
0.151	5.57155197498003	-15.6177851254588
0.152	8.28599006793309	-13.4199138387299
0.153	-15.2160577671037	-8.25680888964608
0.154	-29.9601656988798	-5.58302363433637
0.155	-27.2854050650187	-5.66266739109784
0.156	-14.3187513937841	-6.62554103357992
0.157	-3.63684819744465	-7.00390105445917
0.158	5.4805972438196	-5.74193442905139
0.159	9.6936617431753	-4.40988346402165
0.16	6.66089718039094	-0.947341197770842
0.161	0.356942232953397	3.94040650565363
0.162	-3.79548123019799	8.65360260306752
0.163	-1.50989001998809	11.1697392781172
0.164	5.07095432551198	11.8994054223477
0.165	13.7749260862204	11.7263941901363
0.166	21.9985761448322	11.3841837884508
0.167	21.8597554363838	11.5574038634491
0.168	11.6795513545774	14.3859372516861
0.169	2.97822123832508	18.1760680962736
0.17	8.80860679549379	19.4455520191983
0.171	19.2789374975426	17.4688243479757
0.172	26.7655728743959	13.9122560531269
0.173	16.9397403450741	12.7410165308677
0.174	2.68578355474956	15.4300005598715
0.175	8.08806271201049	15.6931036391352
0.176	17.7620084368631	10.9954704692474
0.177	15.4897679452334	6.399256724662
0.178	2.39306409716932	8.14281233356929
0.179	1.1791119497179	9.27088451239115
0.18	6.66938405622579	3.73003175400004
0.181	6.37081834141426	-0.781512749391406
0.182	-1.39461154901862	1.96947177970604
0.183	-5.64811825167552	2.19759867172254
0.184	-2.23517023129472	-3.56369312588079
0.185	0.415257552418824	-6.36561952130446
0.186	-5.62318365066426	-3.38708283454453
0.187	-13.3770114909814	-3.76880497087089
0.188	-9.87831342988205	-8.43704623027897
0.189	-3.47411678317602	-10.4356608973713
0.19	-6.98122486893756	-8.01184772153568
0.191	-16.4174537511935	-6.915885314652
0.192	-16.1152876388035	-9.77590755592038
0.193	-8.78946670079184	-12.2902636074287
0.194	-4.25638455274942	-11.5137561439094
0.195	-9.89821110510922	-7.78654484751534
0.196	-16.3162173572061	-6.89871144512491
0.197	-14.6872427190947	-8.89696097639807
0.198	-8.74484219197043	-9.98886552806179
0.199	-3.37395807820914	-8.90505504990846
0.2	-3.38744970450289	-5.94584685660798
0.201	-5.76022334027193	-2.43580776788885
0.202	-6.38050537981819	-0.837363516746533
0.203	-3.76652319612519	-1.42331545471988
0.204	-0.133193187426478	-2.33913497832609
0.205	2.46631413302893	-1.44919354220276
0.206	2.25270951912763	1.55471069880773
0.207	1.45724682028444	4.96419103365109
0.208	2.61963130143449	7.20761741532434
0.209	6.17252241019804	7.42213676220035
0.21	9.33108373070122	6.12865302744071
0.211	9.36897643977447	5.45085843700664
0.212	6.63653784613751	7.54029340026275
0.213	5.17148900943854	10.565699028946
0.214	7.72285258349759	11.5546166203411
0.215	11.698820272108	10.116990268985
0.216	12.5586389303221	7.73347228749193
0.217	8.41101095856239	7.13991223045822
0.218	4.93454345191004	9.50342920199482
0.219	6.90533187114777	10.3601397768601
0.22	9.3464099125511	7.25160670227259
0.221	7.99192180477044	4.01263935206284
0.222	4.0501219644433	4.62625706789709
0.223	2.31351766429854	6.38961153855121
0.224	2.68338899203843	4.44491879629097
0.225	3.22623641539695	0.401015189439056
0.226	1.61505503093839	-0.614823409558822
0.227	-1.20212510178541	1.05862578324104
0.228	-2.98021506745339	0.762336942359697
0.229	-3.33198719989544	-2.86623847504457
0.23	-1.76838452147021	-5.39607168312422
0.231	-3.03366251357022	-3.83188636170687
0.232	-6.65402055456845	-2.29429158226392
0.233	-8.74374531004104	-4.94111216202036
0.234	-6.22810540905281	-7.93913921650067
0.235	-4.00670354241751	-7.44606726676786
0.236	-6.38332502232712	-4.67120303554441
0.237	-9.98586161964384	-4.652173303606
0.238	-9.49491736770498	-6.85156201981383
0.239	-5.68251912355705	-8.02312187095731
0.24	-3.75215931805416	-7.03727793348883
0.241	-4.93430468315266	-4.0758284179548
0.242	-6.93316012594487	-2.57649738123252
0.243	-6.72932192453951	-3.85018038970119
0.244	-4.0172726509299	-5.26976436928101
0.245	-1.45322030374152	-4.41277052695669
0.246	-1.29346206725344	-1.38229689270348
0.247	-1.87263798074548	0.997995728778655
0.248	-0.973845301481663	1.55205307426766
0.249	0.565899298985469	0.569060105754881
0.25	2.17732667090892	-0.382639948437621
0.251	2.41726148639452	1.04747786433942
0.252	1.9377467136581	4.29178940732425
0.253	2.94232224320629	6.12940121339301
0.254	4.73357877102799	5.54139873896365
0.255	6.65682492710861	3.84269620753273
0.256	5.96473969662208	3.57592294846901
0.257	3.9446936996818	5.32998782223834
0.258	4.23223433314841	7.58812727993228
0.259	6.29388338576146	7.64942624296277
0.26	7.64602137736006	5.12333895036996
0.261	5.99443336970258	3.36184449112604
0.262	3.74601637999535	4.99099603544179
0.263	3.41624653509907	6.81375271612432
0.264	4.39527978722349	5.70034352516591
0.265	4.85255456472269	2.6140054981578
0.266	3.83562530257934	1.41261205293857
0.267	1.54693327568466	2.80275438446185
0.268	0.667677014721775	3.74522127075646
0.269	0.964316908392544	1.72913489970691
0.27	0.643536145150352	-1.65150563660573
0.271	-0.0240801843531476	-1.66880659024876
0.272	-1.32080235690932	0.607197407497881
0.273	-3.02842956472786	0.148129168028128
0.274	-3.38500486778857	-3.10924318139992
0.275	-1.91506594839759	-4.75204896717896
0.276	-2.37818241068108	-3.09818720609265
0.277	-4.55153051509008	-1.63303776635909
0.278	-6.00051815249452	-2.86217607953336
0.279	-4.58531446295216	-5.30292179471846
0.28	-3.06614295008072	-6.01520320574588
0.281	-3.2349873062103	-3.7707406764142
0.282	-4.75719417917298	-1.83646242286679
0.283	-5.8622538570018	-3.02719889220374
0.284	-4.66823784732481	-5.18057791354583
0.285	-2.2715551377029	-5.08187145640395
0.286	-2.18116561375983	-2.4741967588764
0.287	-3.31386124271614	-0.557382342905101
0.288	-3.35172898117415	-0.76137235439731
0.289	-2.02895957537694	-2.2702146092606
0.29	-0.232975829063162	-3.0043348205648
0.291	-0.179184987405999	-1.11706028730232
0.292	-0.0308423965431057	1.86236331599824
0.293	0.211711692005873	2.63889838396053
0.294	1.21744323223829	1.14531652788971
0.295	2.29513459460938	-0.110052022626404
0.296	2.14337762596548	0.951389743042507
0.297	1.59902681955971	3.28022228285319
0.298	1.96904205050466	4.77985129821899
0.299	3.60111407761278	4.14472956464345
0.3	4.23638598168656	1.87324306725485
0.301	3.6170448574927	1.66071046186198
0.302	2.46176678032991	4.12112233227448
0.303	2.84686322518586	5.71163121733461
0.304	3.67366726397276	4.5775935254185
0.305	4.37319901893078	2.08677625460758
0.306	3.73305957830513	1.61024201540772
0.307	1.94963807415281	3.26738927666839
0.308	1.61884141806072	4.52454170308404
0.309	2.38803353684162	3.23478622671178
0.31	2.57406490441074	0.177004777293949
0.311	1.53391266622801	-0.210412405525733
0.312	0.490765543441917	2.10719975750362
0.313	-0.0863122716068395	2.63987364297173
0.314	-0.413445471306899	0.153734716276326
0.315	0.193973830971377	-2.18675374020369
0.316	-0.202370556038253	-1.50415885743384
0.317	-1.5033254207383	0.312663253628295
0.318	-2.78304663668998	0.185039245722895
0.319	-2.60588813123762	-2.19217667742505
0.32	-1.19214095521153	-4.08683943330311
0.321	-1.5701723438909	-2.73849639556359
0.322	-2.8655985239241	-0.363568024156353
0.323	-3.83537776275472	-0.973775248263946
0.324	-3.30751597270073	-3.57772356514644
0.325	-1.72351199084792	-4.40045250998984
0.326	-1.77913408107208	-2.40547362724402
0.327	-3.04245851549564	-0.514746607892626
0.328	-3.54816204221865	-0.815466557076692
0.329	-2.64384996675247	-2.67604680014749
0.33	-0.901407524377256	-3.73049451906457
0.331	-0.963016116945752	-1.9720494237861
0.332	-1.33045976512452	0.759192227852568
0.333	-1.72825839472949	0.971082372645581
0.334	-1.30331597564888	-0.973152651566065
0.335	0.413978202261375	-1.98691021740249
0.336	0.489242488205567	-0.495384294696841
0.337	0.0104624780851672	1.80874173539058
0.338	0.304682188918268	2.71798284654974
0.339	1.13031104078686	1.57712062214245
0.34	1.93531952826146	-0.364170062758711
0.341	1.6599763969179	0.23992572902536
0.342	1.18532050542117	3.01096595526148
0.343	1.57028478648284	4.23357405347799
0.344	2.56297765750422	2.85152296069764
0.345	3.12080940595524	0.767204041066734
0.346	2.60087788789882	0.98393894756041
0.347	1.52601109411597	2.93518695660453
0.348	1.38196623940488	4.17823526073425
0.349	2.33730589841802	3.06915296137062
0.35	2.75763160528839	0.374320482094759
0.351	1.93851491419592	0.190394385416122
0.352	0.982284527816276	2.6098819461171
0.353	0.782272635232408	3.51156289336908
0.354	1.25613455122571	1.54875963273616
0.355	1.45150195353243	-0.84669305139141
0.356	0.905690246878172	-0.513446444197161
0.357	-0.257679613563998	1.35675406580718
0.358	-0.704348254119504	1.83748088691641
0.359	-0.835547567262241	-0.128921234913123
0.36	-0.153446811719206	-2.53381964506842
0.361	-0.424271678333475	-1.78826241094723
0.362	-1.05446807892186	0.699669664195399
0.363	-2.07416798032429	0.696388671167858
0.364	-2.2256482304917	-1.86283542103757
0.365	-0.860310144546838	-3.34753078886948
0.366	-0.938646100980713	-1.93777880726341
0.367	-2.0357408784779	0.0293783602273284
0.368	-2.77313741306836	-0.0409476518044107
0.369	-2.50275715759005	-2.03972118897375
0.37	-0.874271120433785	-3.55946664294737
0.371	-0.975377197778221	-2.09997710956909
0.372	-1.43773732696491	0.542274973439208
0.373	-2.18228831572316	0.6209041816279
0.374	-1.91678286180553	-1.54128500909666
0.375	-0.224012656473779	-2.65878141106897
0.376	-0.196404064008189	-1.15210080890047
0.377	-0.687865768312099	1.0475350703844
0.378	-0.89592910137293	1.6127584689917
0.379	-0.390757278514194	0.164476775670198
0.38	0.811839402906506	-1.62766551268391
0.381	0.738127377441221	-0.66402002044905
0.382	0.360339910735211	2.12111784350334
0.383	0.419494789899171	3.01169659825929
0.384	1.18987822560359	1.34013568427497
0.385	1.87077352430725	-0.460100227573607
0.386	1.50839047036038	0.223195058186849
0.387	0.803621202749921	2.32590220433779
0.388	0.766698431168859	3.41120446562894
0.389	1.6913881575057	2.22929150226993
0.39	2.12899318291737	-0.200937521184502
0.391	1.56509247150096	-0.0357554121465703
0.392	0.891046074851407	2.52381775466151
0.393	0.796982936720469	3.4894249896958
0.394	1.44116293138319	1.704434561752
0.395	1.7831156287099	-0.531536441801218
0.396	1.21442316131542	-0.171044781152486
0.397	0.234784721702307	1.75737853445183
0.398	0.0388014820167107	2.51874926396222
0.399	0.230267567176753	0.868731924540838
0.4	0.610726302349254	-1.64086604671132
0.401	0.379036755058916	-1.17833723526583
0.402	-0.228572245844749	1.35762175795582
0.403	-0.889347468118442	1.75153564969484
0.404	-1.02124509731833	-0.597340938719231
0.405	-0.011154694318329	-2.42315526264497
0.406	-0.280796369557621	-1.41112907035269
0.407	-1.17533000900447	0.587185440705314
0.408	-1.78051741578199	0.81416396700561
0.409	-1.90259949003387	-1.12648400489814
0.41	-0.567040373046823	-3.02214077618816
0.411	-0.630173838778068	-1.89647166509543
0.412	-0.978319731365312	0.725180150042144
0.413	-1.86947719077191	0.895863776560917
0.414	-1.90887054307085	-1.35440816574517
0.415	-0.29508501789065	-2.69870584057918
0.416	-0.307968408314816	-1.34363892730546
0.417	-0.925076433328458	0.78739629411157
0.418	-1.36339595894211	1.2309145240097
0.419	-1.01634773944475	-0.3755699186291
0.42	0.313860286277587	-2.19482859332213
0.421	0.178613162697461	-1.15858490079351
0.422	-0.111273685082481	1.58984677210565
0.423	-0.270710836821225	2.2699495464095
0.424	0.238268511040127	0.396486525971641
0.425	0.963520041547475	-1.26572972088094
0.426	0.84915649657973	-0.353256979126401
0.427	0.140737809268928	1.79762364228685
0.428	0.176521355161823	2.71468737908564
0.429	0.908335815265578	1.41463845813797
0.43	1.36157757532199	-0.84878321087832
0.431	1.15491552795511	-0.405662818293533
0.432	0.611291747495508	2.24454868620638
0.433	0.526877267101973	3.15829857579869
0.434	1.11628320177515	1.38834418720587
0.435	1.61570733852995	-0.680227540387676
0.436	1.18579420527431	-0.18666046160295
0.437	0.296358418796524	1.80839016753508
0.438	0.191376599121888	2.67132517334802
0.439	0.571420352224936	1.1814018640928
0.44	0.92366314090597	-1.28141749357193
0.441	0.747040732152616	-0.894370150891927
0.442	0.0740058952435639	1.677418469575
0.443	-0.364157217478492	2.29226431699634
0.444	-0.17021208575845	0.155828374309199
0.445	0.533294493977849	-1.81253044829224
0.446	0.290190133469346	-1.02257630597858
0.447	-0.681031454474706	0.984897749359047
0.448	-1.01086135889069	1.46357142052982
0.449	-1.10485149064634	-0.341309798800779
0.45	-0.219015603015473	-2.48272105986741
0.451	-0.239486025718484	-1.62414638615947
0.452	-0.593070158839336	0.998217090665866
0.453	-1.3257248988249	1.32574046973261
0.454	-1.53479752045567	-0.917367889013598
0.455	-0.118026949876729	-2.47759259772629
0.456	-0.172448915406972	-1.31278455692007
0.457	-0.86856419367091	0.782610627176666
0.458	-1.36646095068535	1.23615376301178
0.459	-1.15234883644447	-0.437955370487485
0.46	0.142452079339429	-2.36198832360744
0.461	-0.0108686646253679	-1.37793640640964
0.462	-0.331767661108677	1.3289205372175
0.463	-0.687783974926674	1.90133408003914
0.464	-0.285428164682918	-0.0897298634604294
0.465	0.502669218377425	-1.71897769243573
0.466	0.461125508721534	-0.725034022474964
0.467	-0.28504669926692	1.4245944709822
0.468	-0.330380758438329	2.2064786221778
0.469	0.206916588324526	0.798011885806404
0.47	0.817123348896226	-1.36119698955248
0.471	0.790665264719242	-0.748613534242685
0.472	0.332992788210527	1.94503162520255
0.473	0.171244425648944	2.77804177758358
0.474	0.628557584068631	0.96169564557932
0.475	1.30016049225455	-0.976088223334124
0.476	1.03338322265864	-0.344074058018901
0.477	0.16726765926507	1.70305241544233
0.478	0.120769933653312	2.58507041339021
0.479	0.54402898487377	1.15775328908647
0.48	0.964872135501401	-1.22919472563955
0.481	0.838117029071447	-0.818850356210983
0.482	0.187539551346303	1.78584847420336
0.483	-0.169264143757141	2.51747244424801
0.484	0.248298983524058	0.525447417327409
0.485	0.865917883282791	-1.48320295050848
0.486	0.554943551292188	-0.795928091568182
0.487	-0.369708095313314	1.22631159257778
0.488	-0.605222593717891	1.87652473067571
0.489	-0.553830190967949	0.20291126735246
0.49	0.0940404844316868	-2.05922975121175
0.491	0.13751337457175	-1.38474689143583
0.492	-0.352294541152772	1.24053810405376
0.493	-0.872186568742023	1.72528302659563
0.494	-1.02479590533659	-0.448348699189545
0.495	0.180726817401588	-2.17961359692256
0.496	0.061069826910722	-1.19205605734343
0.497	-0.734016400858556	0.881124400219971
0.498	-1.1643786852808	1.40788703523653
0.499	-1.04102468452898	-0.269339217002199
0.5	0.149130450574602	-2.31569395586619
0.501	-0.0079185078197555	-1.43530603039619
0.502	-0.390720787040817	1.24251744150925
0.503	-0.822678079151833	1.79338337773308
0.504	-0.501553101974422	-0.254815534152135
0.505	0.297774257782108	-1.92049066119668
0.506	0.274014379616661	-0.93082316693906
0.507	-0.49712574577007	1.20072909411198
0.508	-0.653132620702253	1.90645430281252
0.509	-0.263374448377886	0.418134634187411
0.51	0.482037909447345	-1.7012567257692
0.511	0.515953092937476	-1.00774702420515
0.512	0.109270240557673	1.69480217191203
0.513	-0.132824139747592	2.45920715056051
0.514	0.167634597556246	0.587291911270326
0.515	1.00582934684934	-1.27280863353074
0.516	0.849209582753258	-0.537495398639169
0.517	-0.0149683343791481	1.54222012962397
0.518	-0.0576161302365255	2.40531840499686
0.519	0.352170886797584	0.987978956015523
0.52	0.864275496007197	-1.33190817638511
0.521	0.794588080351081	-0.865045624982386
0.522	0.180876777377057	1.76942489489715
0.523	-0.139648565885081	2.55155763347514
0.524	0.362762493768526	0.634328721557914
0.525	0.98033933284302	-1.35948740132291
0.526	0.667731962172444	-0.700175455253211
0.527	-0.224569043715545	1.33742393861744
0.528	-0.413706652586317	2.09052540523225
0.529	-0.181892678994797	0.519832994909847
0.53	0.301847754047021	-1.79365257882171
0.531	0.370541999175395	-1.22455940505095
0.532	-0.194375580396755	1.40563976087053
0.533	-0.584099957001114	2.01546568714719
0.534	-0.586179344712651	-0.0719207004377399
0.535	0.416358612955581	-1.91659914124712
0.536	0.283187849482628	-1.06407530186072
0.537	-0.588063018624079	0.99616053419113
0.538	-0.938238407521329	1.61042567050574
0.539	-0.832614579615247	-0.0307526621055313
0.54	0.223928209912619	-2.17888182806109
0.541	0.0877261213255256	-1.41033484623065
0.542	-0.367086725979738	1.24957102483219
0.543	-0.793718860190581	1.83103536041084
0.544	-0.52806449837917	-0.227884749354006
0.545	0.245434870175488	-1.9598770342218
0.546	0.217593666612594	-1.02055551926352
0.547	-0.579886370091162	1.09399663308327
0.548	-0.800117224295897	1.77919642078565
0.549	-0.490528869759658	0.251179121070547
0.55	0.305472941520246	-1.8778165848477
0.551	0.360080720694119	-1.17037992860358
0.552	-0.0395249308794062	1.52723003387399
0.553	-0.334089703819567	2.25240649354818
0.554	-0.151419903085017	0.340417732943373
0.555	0.792089831592974	-1.48717285030675
0.556	0.696806105812699	-0.701954252869014
0.557	-0.167725266637916	1.39296738812484
0.558	-0.240378307860559	2.23217633912107
0.559	0.135814818404337	0.805625147341687
0.56	0.728454159907227	-1.47221355411468
0.561	0.705133176110459	-0.958075760509373
0.562	0.121840153560769	1.69677059093213
0.563	-0.198869459987046	2.49366132653495
0.564	0.31893242518518	0.608266836795125
0.565	0.97514269254275	-1.35823361889711
0.566	0.684025832054196	-0.695960781809566
0.567	-0.179243359144444	1.35664004681639
0.568	-0.351043630417329	2.16636376972551
0.569	-0.0265426774444503	0.660895333967535
0.57	0.405178158759849	-1.66443253906075
0.571	0.480835680666227	-1.14875784713849
0.572	-0.10796586717951	1.48788300174304
0.573	-0.448283254939266	2.18388463910675
0.574	-0.290309041945615	0.170904510708886
0.575	0.560534448352112	-1.73642361577412
0.576	0.427819390718699	-0.970743989832
0.577	-0.459912520907113	1.08422953062612
0.578	-0.760128807367676	1.77955766901191
0.579	-0.637481249069068	0.188738760759112
0.58	0.304273522465852	-2.02922185464329
0.581	0.217771430429121	-1.35769026587644
0.582	-0.314059010622428	1.29110455631465
0.583	-0.698398868153754	1.92715699608277
0.584	-0.461455708569478	-0.111348998238642
0.585	0.276506856349861	-1.91173433723567
0.586	0.23593432648139	-1.04037257013347
0.587	-0.583430450040012	1.06194702732292
0.588	-0.824953009117784	1.76564730749998
0.589	-0.541923135498681	0.23280754228982
0.59	0.235410720048953	-1.93335318075928
0.591	0.303053064460191	-1.25449131136243
0.592	-0.110166878585118	1.43520425446742
0.593	-0.443925199340145	2.1518330825291
0.594	-0.318866242437859	0.221515562183039
0.595	0.665452583520805	-1.60849212623844
0.596	0.600453093332841	-0.817412977483039
0.597	-0.267055594966317	1.27980859822235
0.598	-0.378173901161715	2.10692416812475
0.599	-0.0349236516921	0.669756235864658
0.6	0.607310019905029	-1.59253019226988
0.601	0.617409293060467	-1.05569988065696
0.602	0.0514979405327653	1.60935544117088
0.603	-0.286148125377605	2.40873314449008
0.604	0.214229664282819	0.532560934321732
0.605	0.912183445889323	-1.41383304571202
0.606	0.652002389491845	-0.742238621662063
0.607	-0.195118411518149	1.32153316032877
0.608	-0.364667857576241	2.16047269840898
0.609	-0.00844523713986685	0.690783950365987
0.61	0.42446419865505	-1.63134940742249
0.611	0.513712110374635	-1.13799611876481
0.612	-0.0784172258900178	1.506366190675
0.613	-0.403196977465681	2.25630403368973
0.614	-0.140153220395077	0.296733515002468
0.615	0.633014654824857	-1.63929894839508
0.616	0.506638071981425	-0.924463844942723
0.617	-0.375999969847707	1.13157673182653
0.618	-0.64966444003239	1.89078506346698
0.619	-0.506525064835879	0.349446214562904
0.62	0.367651534507339	-1.91065571865562
0.621	0.318742668639541	-1.31278430471846
0.622	-0.244981686028723	1.33161242816033
0.623	-0.607874535161557	2.02490217048884
0.624	-0.368816451911546	0.0226547010480481
0.625	0.339450330215656	-1.83362814875234
0.626	0.287973366115833	-1.02744900719252
0.627	-0.544173740957443	1.06568778790547
0.628	-0.789126283894716	1.80813869757597
0.629	-0.498284640115029	0.293315188546669
0.63	0.228511650831771	-1.91803234165275
0.631	0.306813283129994	-1.28777810097423
0.632	-0.126563431117235	1.3947323083016
0.633	-0.488584959433004	2.12579353445038
0.634	-0.371650495387824	0.196821619163408
0.635	0.605994032759549	-1.65640742682824
0.636	0.554472058003919	-0.887646193179013
0.637	-0.319502781400418	1.20563049821519
0.638	-0.459075462092815	2.03637502861577
0.639	-0.14307674959982	0.595656625884192
0.64	0.520487647669157	-1.67136916467298
0.641	0.554454940609342	-1.1362396081979
0.642	-0.00759184247694313	1.53158769831837
0.643	-0.366284591692899	2.33448317808874
0.644	0.110816838201608	0.460948527001452
0.645	0.839533030463654	-1.47847153036307
0.646	0.606303822633273	-0.804932974156503
0.647	-0.233296717095685	1.26506416850933
0.648	-0.411073978473544	2.12080053948098
0.649	-0.0514110600520352	0.670135242775866
0.65	0.396513935897359	-1.64803614730925
0.651	0.505858622912886	-1.16490085462069
0.652	-0.082233769674864	1.48619595422079
0.653	-0.406791188797226	2.26994366525622
0.654	-0.0904405362146225	0.34549257505156
0.655	0.651407739842552	-1.60256265686783
0.656	0.538619943432289	-0.916933592617118
0.657	-0.333959700929067	1.14282190569763
0.658	-0.596605837392235	1.94904110760369
0.659	-0.430755721693993	0.449165043878021
0.66	0.401461550755789	-1.83417921030259
0.661	0.37675974566389	-1.29101772155367
0.662	-0.201102019885853	1.35569430336658
0.663	-0.548109933348357	2.0994454529617
0.664	-0.288380068535982	0.137193241797302
0.665	0.404303389710143	-1.7589539419357
0.666	0.342791512598885	-1.00813225241158
0.667	-0.488720343901851	1.0792582438244
0.668	-0.732974092843068	1.86781482125001
0.669	-0.418406443860227	0.38223735312327
0.67	0.253247625051853	-1.87084664772602
0.671	0.338286028186412	-1.29446042051393
0.672	-0.115324328496074	1.38233775740158
0.673	-0.49333818534742	2.14178008342207
0.674	-0.354713273555528	0.228779559014447
0.675	0.590643977739192	-1.655984117527
0.676	0.543432735055022	-0.924546158093494
0.677	-0.336684179529942	1.16224677162389
0.678	-0.492240721218877	2.01021579679778
0.679	-0.193739400913261	0.575396399182995
0.68	0.468711511122825	-1.70882724895221
0.681	0.520552662302744	-1.19395026997591
0.682	-0.0479470821011873	1.47210699309025
0.683	-0.426445163757524	2.28468690661469
0.684	0.036167199583506	0.416199338332648
0.685	0.780584078156459	-1.52887259974463
0.686	0.565261170431202	-0.864966226239016
0.687	-0.270786087215955	1.20686538229286
0.688000000000001	-0.463380244810601	2.0762536009315
0.689000000000001	-0.109957532098344	0.637566393069645
0.690000000000001	0.351611348290304	-1.68162100802115
0.691000000000001	0.481578778499585	-1.20823580448525
0.692000000000001	-0.103758050685093	1.44729787745604
0.693000000000001	-0.435338424056121	2.25431217740619
0.694000000000001	-0.0944062083586159	0.353344685382874
0.695000000000001	0.63792845260136	-1.60108417905108
0.696000000000001	0.54190712867689	-0.934337621629468
0.697000000000001	-0.320683742902189	1.12888274471955
0.698000000000001	-0.582295130076942	1.97001415001273
0.699000000000001	-0.400557747409731	0.502550541789792
0.700000000000001	0.409599803126796	-1.79381536748886
0.701000000000001	0.402993704093866	-1.28965184743664
0.702000000000001	-0.179700556259802	1.36093897161314
0.703000000000001	-0.519719429228192	2.1456160505443
0.704000000000001	-0.235507232980398	0.221200233882268
0.705000000000001	0.462802522359689	-1.70148351605945
0.706000000000001	0.386863033703841	-0.995511328281862
0.707000000000001	-0.435768434034381	1.08835796078861
0.708000000000001	-0.681124435171118	1.92154036712397
0.709000000000001	-0.34551060999073	0.468723738530738
0.710000000000001	0.28730195066414	-1.81794322336688
0.711000000000001	0.375226104922885	-1.29216653487577
0.712000000000001	-0.0964701656164251	1.38010105166112
0.713000000000001	-0.478978529919767	2.17389849128898
0.714000000000001	-0.306993448110031	0.285231301681027
0.715000000000001	0.59911609711884	-1.63040354848452
0.716000000000001	0.550472133572694	-0.942117043505181
0.717000000000001	-0.329598772494146	1.13716994075409
0.718000000000001	-0.495947671835752	2.01128771320014
0.719000000000001	-0.205848603082218	0.590371010784813
0.720000000000001	0.442591886988312	-1.71623443847473
0.721000000000001	0.508939991088362	-1.23249285788098
0.722000000000001	-0.0713278603699966	1.42951438791358
0.723000000000001	-0.465460665199573	2.25860923677202
0.724000000000001	-0.0057508346559004	0.40059481624778
0.725000000000001	0.741649623929733	-1.55875815199801
0.726000000000001	0.535489963587857	-0.914531666316716
0.727000000000001	-0.297567059627063	1.15610538572904
0.728000000000001	-0.507898726447556	2.04070538390201
0.729000000000001	-0.160334161122898	0.613113782020897
0.730000000000001	0.308382898522073	-1.71288375046063
0.731000000000001	0.4557083826983	-1.25390673942445
0.732000000000001	-0.12922487677182	1.40370067347968
0.733000000000001	-0.472821944493755	2.22997411854452
0.734000000000001	-0.117401316503824	0.346837150807523
0.735000000000001	0.610822783382974	-1.61427671880379
0.736000000000001	0.532025257905037	-0.964073319474186
0.737000000000001	-0.322549681540845	1.10160591084961
0.738000000000001	-0.589093186477911	1.97040930229202
0.739000000000001	-0.399562824019268	0.528557479494599
0.740000000000001	0.403645428725204	-1.77785673299409
0.741000000000001	0.409908290415104	-1.30265213880259
0.742000000000001	-0.17392159769844	1.35152940356967
0.743000000000001	-0.512958452106788	2.1697194560194
0.744000000000001	-0.208700902486075	0.27799162013316
0.745000000000001	0.500210875078422	-1.66327374467127
0.746000000000001	0.417566204260718	-0.993202317950765
0.747000000000001	-0.394543835067469	1.08792754844204
0.748000000000001	-0.642297303659571	1.96171919970378
0.749000000000001	-0.287777380744585	0.540812816766495
0.750000000000001	0.318640865454443	-1.77180346297283
0.751000000000001	0.408584261651431	-1.29028469389275
0.752000000000001	-0.0799808763901014	1.37801738005203
0.753000000000001	-0.459919406135681	2.20701463041527
0.754000000000001	-0.25310529656523	0.346104397101239
0.755000000000001	0.617435580428916	-1.59633606925289
0.756000000000001	0.564644051397919	-0.951327606504792
0.757000000000001	-0.31172807012862	1.1208375104258
0.758000000000001	-0.486376918199413	2.02488566938299
0.759000000000001	-0.195514389418774	0.62310446201216
0.760000000000001	0.431448286155843	-1.70633883671351
0.761000000000001	0.510203256321635	-1.25841707767057
0.762000000000001	-0.0829162503564752	1.39860746386653
0.763000000000001	-0.485288873653093	2.25039325201434
0.764000000000001	-0.0226058288472315	0.406561804553826
0.765000000000001	0.719538016914884	-1.57138550288777
0.766000000000001	0.516275968231364	-0.95333646139617
0.767000000000001	-0.312631180343991	1.11432924059136
0.768000000000001	-0.541330513000624	2.01684226866677
0.769000000000001	-0.19520601920769	0.601962695938624
0.770000000000001	0.273763522220134	-1.73512660288841
0.771000000000001	0.434194842613334	-1.29571120162358
0.772000000000001	-0.152370947622158	1.36209944892418
0.773000000000001	-0.508137345540778	2.20703514275481
0.774000000000001	-0.141685994651394	0.339521192802094
0.775000000000001	0.580568148345539	-1.63048623636858
0.776000000000001	0.517973063733375	-0.997778248309415
0.777000000000001	-0.330180014666261	1.06907511024716
0.778000000000001	-0.60688841167943	1.96181666398402
0.779000000000001	-0.41269817187624	0.541315268519485
0.780000000000001	0.391724122066738	-1.77545803039539
0.781000000000001	0.406267283602317	-1.32391594965209
0.782000000000001	-0.177373453861006	1.33305439800639
0.783000000000001	-0.519227445454008	2.17964175275902
0.784000000000001	-0.198783991615625	0.316245547547979
0.785000000000001	0.520701978367982	-1.63965866418452
0.786000000000001	0.437511338214637	-0.99967008920244
0.787000000000001	-0.362795427145297	1.07930000566115
0.788000000000001	-0.61633165135207	1.98869745021611
0.789000000000001	-0.245837691427981	0.597059606612173
0.790000000000001	0.342601633075755	-1.73594860517255
0.791000000000001	0.432806514427776	-1.29280896256256
0.792000000000001	-0.0688842220508094	1.37210092854387
0.793000000000001	-0.443267420349359	2.23463438766751
0.794000000000001	-0.204675066280169	0.401793923404522
0.795000000000001	0.634762095608418	-1.56326784108968
0.796000000000001	0.577130578066921	-0.958151241067524
0.797000000000001	-0.290427900858923	1.10726873425386
0.798000000000001	-0.473676434190794	2.0418683277315
0.799000000000001	-0.177463461811057	0.661986137784689
0.800000000000001	0.4278188888979	-1.6884174309385
0.801000000000001	0.517182300446672	-1.27710981863695
0.802000000000001	-0.0872630160275502	1.37470471209387
0.803000000000001	-0.493336263713961	2.25241562898369
0.804000000000001	-0.0232587035880711	0.426337873436825
0.805000000000001	0.709631498404962	-1.57157320523893
0.806000000000001	0.505263772539681	-0.983175988681455
0.807000000000001	-0.314900668219447	1.08046275019859
0.808000000000001	-0.564095698524057	2.00367066693689
0.809000000000001	-0.215330695971593	0.603949945333557
0.810000000000001	0.249766774128473	-1.7468338347342
0.811000000000001	0.418945174244106	-1.33133944983921
0.812000000000001	-0.170656580824274	1.3253204666378
0.813000000000001	-0.5381963947419	2.18980922269153
0.814000000000001	-0.158702243248924	0.337916476056034
0.815000000000001	0.552788891023215	-1.64342420093579
0.816000000000001	0.504783664758768	-1.03044858769053
0.817000000000001	-0.337771627844949	1.03632865125846
0.818000000000001	-0.630006941006987	1.95137061215075
0.819000000000001	-0.429896536664896	0.550299803664059
0.820000000000001	0.375209299147719	-1.77725948892571
0.821000000000001	0.397793404801864	-1.34865507689613
0.822000000000001	-0.185869482950241	1.31020273864915
0.823000000000001	-0.532195582367345	2.18215846272527
0.824000000000001	-0.198119997009336	0.344212597298743
0.825000000000001	0.530785198326429	-1.62474127150458
0.826000000000001	0.448500046888379	-1.01213443837176
0.827000000000001	-0.338785185403078	1.06512829658525
0.828000000000001	-0.612420419779942	2.00671806107099
0.829000000000001	-0.215900956048251	0.641768624753602
0.830000000000001	0.36047768041877	-1.707804449081
0.831000000000001	0.450044397045848	-1.2990486174797
0.832000000000001	-0.0608683374900985	1.36254725770157
0.833000000000001	-0.429243590196569	2.25737608643551
0.834000000000001	-0.16129215826829	0.453425653263943
0.835000000000001	0.650105006685283	-1.5323078974607
0.836000000000001	0.58531002899076	-0.965492247020103
0.837000000000001	-0.267480818089123	1.09463227518056
0.838000000000001	-0.460897076527395	2.05974450041675
0.839000000000001	-0.156318656950535	0.703575897184104
0.840000000000001	0.430429143946475	-1.66615651875285
0.841000000000001	0.526643988370974	-1.2914781845244
0.842000000000001	-0.0869128771457103	1.35486057603741
0.843000000000001	-0.493297716223908	2.26054500779762
0.844000000000001	-0.0150788739320063	0.454611617256322
0.845000000000001	0.707778754931347	-1.56355262552678
0.846000000000001	0.499725697320689	-1.00691690459471
0.847000000000001	-0.309722767813541	1.05204184737296
0.848000000000001	-0.579016321097722	1.99783961753518
0.849000000000001	-0.22544448940736	0.615350456049125
0.850000000000001	0.234187131290101	-1.75059860145482
0.851000000000001	0.410477431041256	-1.36183779830458
0.852000000000001	-0.185133564188276	1.2922583775333
0.853000000000001	-0.564028621189747	2.17715872846507
0.854000000000001	-0.169571499820913	0.3413200131241
0.855000000000001	0.527393857418578	-1.65305038337257
0.856000000000001	0.492884551048978	-1.06172101489248
0.857000000000001	-0.344466146851846	1.00400864303764
0.858000000000001	-0.653379057818629	1.94062417569091
0.859000000000001	-0.448690649520105	0.557881148872926
0.860000000000001	0.356137399751308	-1.78099914252002
0.861000000000001	0.386452464378461	-1.37530875268949
0.862000000000001	-0.197733454714412	1.28478113072438
0.863000000000001	-0.54922231618893	2.18006836062407
0.864000000000001	-0.204264816093243	0.365511889302239
0.865000000000001	0.533846673314214	-1.61546896425688
0.866000000000001	0.452358647478008	-1.02898889201905
0.867000000000001	-0.319643272485078	1.0471032357231
0.868000000000001	-0.613239948689267	2.01822155199004
0.869000000000001	-0.195460747892022	0.678224518529125
0.870000000000001	0.373787264500866	-1.68555371490192
0.871000000000001	0.461736069496065	-1.30854018892008
0.872000000000001	-0.0555450626072156	1.34984042090175
0.873000000000001	-0.418222345121776	2.27536255139409
0.874000000000001	-0.1285378130979	0.499677730443847
0.875000000000001	0.662349330431083	-1.50434201534283
0.876000000000001	0.591211411689757	-0.973548468081616
0.877000000000001	-0.244705777784254	1.08158589633149
0.878000000000001	-0.454853085311666	2.07644977184013
0.879000000000001	-0.135392843089846	0.745154062243744
0.880000000000001	0.436491466460873	-1.64215001894307
0.881000000000001	0.53648163495788	-1.3034397107346
0.882000000000001	-0.0836533494128105	1.33740563248811
0.883000000000001	-0.487890899433063	2.27206902994556
0.884000000000001	-0.00474349176917423	0.488186201485777
0.885000000000001	0.711621874923016	-1.54998505969783
0.886000000000001	0.49832135508225	-1.02618001285882
0.887000000000001	-0.299189295112406	1.02769655866108
0.888000000000001	-0.587478766488709	1.99766704300061
0.889000000000001	-0.227959711518888	0.634459684967494
0.890000000000001	0.226411780608819	-1.74740612707101
0.891000000000001	0.407625408161591	-1.38771296046051
0.892000000000001	-0.195964869263602	1.26270113192033
0.893000000000001	-0.58506294811086	2.16920580245652
0.894000000000001	-0.17365115520374	0.350396028844577
0.895000000000001	0.505911455845094	-1.65792311212783
0.896000000000001	0.483276403902472	-1.09072127702395
0.897000000000001	-0.348966610062337	0.973082786658062
0.898000000000001	-0.675514127971017	1.93131287312605
0.899000000000001	-0.466499513927685	0.566674910748646
0.900000000000001	0.336505874227381	-1.78436017740307
0.901000000000001	0.373831647903436	-1.40240504532929
0.902000000000001	-0.210760782846029	1.25816409511546
0.903000000000001	-0.568207009528074	2.17571348375261
0.904000000000001	-0.214164084826	0.383291424170173
0.905000000000001	0.53247756457201	-1.60944710934874
0.906000000000001	0.454596352883641	-1.04822848708173
0.907000000000001	-0.304407525779263	1.02630626383101
0.908000000000001	-0.617558104148298	2.02480545506204
0.909000000000001	-0.182961103168904	0.708305203289625
0.910000000000001	0.382892212035614	-1.6682707661763
0.911000000000001	0.468811822060133	-1.32111676802247
0.912000000000001	-0.0525503487385513	1.33402342507392
0.913000000000001	-0.410537794450077	2.28863005538337
0.914000000000001	-0.100943592391559	0.540148549858894
0.915000000000001	0.671231734327501	-1.48048555229069
0.916000000000001	0.594451863975493	-0.983433525729225
0.917000000000001	-0.22390310758644	1.06686889892513
0.918000000000001	-0.453450074200117	2.09020325422426
0.919000000000001	-0.117825187981322	0.78401660677543
0.920000000000001	0.442044196106273	-1.61908243120287
0.921000000000001	0.544712444641443	-1.3150727680729
0.922000000000001	-0.0803282980316159	1.32085886593112
0.923000000000001	-0.480147257975947	2.28386704631807
0.924000000000001	0.00478174145514518	0.522827680852946
0.925000000000001	0.717799956200307	-1.53426987555091
0.926000000000001	0.499067107945173	-1.0431390694084
0.927000000000001	-0.286285756011181	1.00554026366509
0.928000000000001	-0.591937553954565	2.00051250858068
0.929000000000001	-0.226621543904158	0.658016013249581
0.930000000000001	0.224421533595525	-1.73961522938458
0.931000000000001	0.408147520927454	-1.41029306567625
0.932000000000001	-0.203286219716682	1.23584287466104
0.933000000000001	-0.602219175388175	2.16484465356751
0.934000000000001	-0.172586553174084	0.364165334679085
0.935000000000001	0.488796820830999	-1.65800105389181
0.936000000000001	0.476001728249671	-1.11725385562248
0.937000000000001	-0.35089690157391	0.943984150512527
0.938000000000001	-0.695529832627323	1.92427296050536
0.939000000000001	-0.481499878095728	0.578181489869502
0.940000000000001	0.317829833135854	-1.78564988579478
0.941000000000001	0.361262374333525	-1.42854119578569
0.942000000000001	-0.223489939349927	1.23179938418923
0.943000000000001	-0.587034020100519	2.17136240038025
0.944000000000001	-0.224729177698761	0.400668825384212
0.945000000000001	0.52961094895746	-1.60396502498865
0.946000000000001	0.456593129298135	-1.06808936026581
0.947000000000001	-0.29070642591029	1.00424210421808
0.948000000000001	-0.623251370391565	2.02898665990717
0.949000000000001	-0.175286431070227	0.735156739293475
0.950000000000001	0.390028496338218	-1.65357988723204
0.951000000000001	0.472845747639027	-1.33537468619159
0.952000000000001	-0.0507818996285525	1.31611219866113
0.953000000000001	-0.404894723167526	2.2986515850743
0.954000000000001	-0.0777553519853906	0.576459623887304
0.955000000000001	0.683819149956542	-1.46029496835
0.956000000000001	0.595868323574273	-0.994982503646117
0.957000000000001	-0.205427071951823	1.05033731768091
0.958000000000001	-0.454556523905506	2.10082749456379
0.959000000000001	-0.104635814105274	0.819247292625927
0.960000000000001	0.44554131427437	-1.5983682928557
0.961000000000001	0.550281834513077	-1.32769014912928
0.962000000000001	-0.0776902579628532	1.30314492558317
0.963000000000001	-0.472335852024588	2.29377604071302
0.964000000000001	0.0109784691689294	0.55510295256992
0.965000000000001	0.723223032209299	-1.51950398900887
0.966000000000001	0.499600651405208	-1.05985191164731
0.967000000000001	-0.274115978262012	0.983542126488711
0.968000000000001	-0.595725750623662	2.00349945939709
0.969000000000001	-0.225908993690669	0.68186822400853
0.970000000000001	0.224912351295318	-1.73057865162356
0.971000000000001	0.409690289442452	-1.43148249755073
0.972000000000001	-0.210420932274269	1.21018740622102
0.973000000000001	-0.617330420256502	2.16181300269147
0.974000000000001	-0.169871963174746	0.379954610312062
0.975000000000001	0.473777186672006	-1.65562253983368
0.976000000000001	0.470481439099862	-1.14182743744514
0.977000000000001	-0.351094080617852	0.916632760705929
0.978000000000001	-0.713335670760043	1.91926845892892
0.979000000000001	-0.489974743217056	0.59248386342816
0.980000000000001	0.300677990749188	-1.78418155955892
0.981000000000001	0.349540570021326	-1.45279503208661
0.982000000000001	-0.234857319795613	1.20678693810404
0.983000000000001	-0.602771802857127	2.16850881353463
0.984000000000001	-0.233654542719369	0.419865191613875
0.985000000000001	0.527396762249344	-1.59694037071725
0.986000000000001	0.460129478959803	-1.08692251019925
0.987000000000001	-0.281236337944302	0.98207472354375
0.988000000000001	-0.628088483597894	2.03309999712147
0.989000000000001	-0.168933833651478	0.761828226339626
0.990000000000001	0.397856254364422	-1.6387880532108
0.991000000000001	0.475776151359478	-1.34955752284491
0.992000000000001	-0.0486503284438006	1.29766982332941
0.993000000000001	-0.400966574168888	2.30773530411244
0.994000000000001	-0.0560363174187953	0.611242237034538
0.995000000000001	0.697837397239639	-1.44153609427676
0.996000000000001	0.597029545093185	-1.00708290776046
0.997000000000001	-0.188442269881738	1.03290793383856
0.998000000000001	-0.457073733967229	2.10965172314601
0.999000000000001	-0.0907173867624108	0.852470770637394
1	0.447548222130147	-1.57915694630214
1.001	0.553864192503373	-1.34108685948383
1.002	-0.076436864128753	1.28433613879184
1.003	-0.465152537213944	2.30161600378388
1.004	0.0132189884452726	0.584678843603491
1.005	0.727147280627473	-1.50633883702154
1.006	0.499839352630667	-1.07708855028321
1.007	-0.263580701079081	0.961011545381116
1.008	-0.599725050404367	2.0052875764063
1.009	-0.227706559502447	0.704328431388575
1.01	0.225016203956138	-1.72209998186751
1.011	0.410879890609946	-1.45247295432618
1.012	-0.215115446696828	1.18464647813299
1.013	-0.631924985126431	2.15840318579327
1.014	-0.168426620110079	0.395494567518281
1.015	0.459090230634687	-1.6527493469345
1.016	0.465524581745943	-1.16568243729568
1.017	-0.349510811412018	0.889606776188602
1.018	-0.730243358341402	1.91471936141127
1.019	-0.497286569000169	0.607578325275119
1.02	0.283909612427394	-1.7814682435165
1.021	0.338864547710948	-1.4757200988996
1.022	-0.2452592133892	1.18260183381888
1.023	-0.61670453687339	2.16646012391316
1.024	-0.241432629947842	0.440178121339717
1.025	0.534934948728849	-1.5891086825182
1.026	0.465643606281267	-1.10462383127729
1.027	-0.270802788956313	0.960376921284357
1.028	-0.632182068279767	2.03700793978057
1.029	-0.160009241572131	0.788224673184218
1.03	0.405773859757568	-1.62429031271286
1.031	0.477706639369033	-1.36394768441075
1.032	-0.0464101571079214	1.27858111802314
1.033	-0.406559176141204	2.31484988866603
1.034	-0.0365105129522563	0.643619395131883
1.035	0.708602701262994	-1.42431135670305
1.036	0.598084567408752	-1.01982049882189
1.037	-0.173890868893837	1.01496784525566
1.038	-0.460995082731216	2.11661679368511
1.039	-0.079004277815157	0.883408326424614
1.04	0.44830031265046	-1.56134412858491
1.041	0.558906953638287	-1.355610771924
1.042	-0.0762284533267573	1.26500567569135
1.043	-0.4685243729838	2.30718227321282
1.044	0.012809216561763	0.612711640733405
1.045	0.7308353758953	-1.49348585673612
1.046	0.500908544574836	-1.09370221154058
1.047	-0.253125628620801	0.939168528340694
1.048	-0.602190699294815	2.00772439415452
1.049	-0.229225987781428	0.72799757804797
1.05	0.224395206981651	-1.71203925874875
1.051	0.413676772801492	-1.47152418709994
1.05199999999999	-0.215282312599952	1.16082661857711
1.05299999999999	-0.64389335301126	2.15695251062182
1.05399999999999	-0.164623015134198	0.413859836647789
1.05499999999999	0.446755549069315	-1.64683870560799
1.05599999999999	0.462954117939164	-1.187290559965
1.05699999999999	-0.346038536360124	0.864384296645156
1.05799999999999	-0.744765064462022	1.9123259088802
1.05899999999999	-0.501454450803769	0.625544981683173
1.05999999999999	0.268663340770856	-1.77603976456447
1.06099999999999	0.332052902845574	-1.49667631330408
1.06199999999999	-0.254283285475426	1.15952428784182
1.06299999999999	-0.628835815212009	2.165646197638
1.06399999999999	-0.247993250986968	0.461797620371512
1.06499999999999	0.542811028281647	-1.58026714500525
1.06599999999999	0.474100841981511	-1.12152405694836
1.06699999999999	-0.259833497562974	0.938647765658543
1.06799999999999	-0.636329166526411	2.04008701398436
1.06899999999999	-0.154391303088908	0.81329552973145
1.06999999999999	0.412734851416336	-1.61081036862034
1.07099999999999	0.47832169678508	-1.37919235974782
1.07199999999999	-0.0445054893348939	1.25831703096518
1.07299999999999	-0.41326299888121	2.31976116732406
1.07399999999999	-0.0205404312791987	0.672738899375398
1.07499999999999	0.715328652912741	-1.40951226085902
1.07599999999999	0.598552601873776	-1.03396887348733
1.07699999999999	-0.161653293023473	0.995595297057715
1.07799999999999	-0.466992984755864	2.12095174226889
1.07899999999999	-0.070949585020941	0.910979626082708
1.07999999999999	0.446807603014456	-1.54589789579664
1.08099999999999	0.563697029035142	-1.37172745386704
1.08199999999999	-0.0774237021062858	1.24458952755633
1.08299999999999	-0.473275638500248	2.31059647949402
1.08399999999999	0.00858796624807505	0.638055842634801
1.08499999999999	0.733072692725363	-1.48212882513299
1.08599999999999	0.501930200543644	-1.11050378323845
1.08699999999999	-0.243850564448314	0.917241767628351
1.08799999999999	-0.604374002095904	2.00969805936376
1.08899999999999	-0.23197001643125	0.751356216309743
1.08999999999999	0.225080180625342	-1.70128130339871
1.09099999999999	0.41707442246453	-1.48950310546056
1.09199999999999	-0.214974987119001	1.13791016820177
1.09299999999999	-0.654095876101243	2.15643736104759
1.09399999999999	-0.157253442617803	0.434062407275201
1.09499999999999	0.435924831042996	-1.63892193425623
1.09599999999999	0.462305423730962	-1.20717986629538
1.09699999999999	-0.341414804531071	0.840536405788371
1.09799999999999	-0.75729360387307	1.91134808594229
1.09899999999999	-0.50321320103963	0.645602977133736
1.09999999999999	0.254689424772193	-1.76832148192823
1.10099999999999	0.3270681218259	-1.51581703349308
1.10199999999999	-0.261658002889692	1.13765083436641
1.10299999999999	-0.63871500926444	2.16620414199807
1.10399999999999	-0.252903547400841	0.484976702622257
1.10499999999999	0.551652571468562	-1.56990054809864
1.10599999999999	0.483861494382981	-1.1373500055765
1.10699999999999	-0.247880085795518	0.917439451737921
1.10799999999999	-0.639855325272849	2.04313961038845
1.10899999999999	-0.150950293098958	0.838169915130696
1.10999999999999	0.420362408766146	-1.59711853758437
1.11099999999999	0.478657703423445	-1.39445634937203
1.11199999999999	-0.0421964554488793	1.23764502339804
1.11299999999999	-0.419508147378978	2.32355942598791
1.11399999999999	-0.0089347017386865	0.700213023805913
1.11499999999999	0.719339738016956	-1.39592103547909
1.11599999999999	0.599474156665287	-1.04872325090989
1.11699999999999	-0.150627677497383	0.97542920604676
1.11799999999999	-0.47413936018534	2.12365784476118
1.11899999999999	-0.0652990339597231	0.936413375947296
1.11999999999999	0.443830329309634	-1.531912990759
1.12099999999999	0.567174394335878	-1.38837010374107
1.12199999999999	-0.0790448380959677	1.22342558094406
1.12299999999999	-0.477906794722265	2.31243203313615
1.12399999999999	0.00101148444796252	0.661249865415937
1.12499999999999	0.733950136456069	-1.47219682148038
1.12599999999999	0.502943652752081	-1.1275282021598
1.12699999999999	-0.235589857161273	0.895058160528112
1.12799999999999	-0.606741667471026	2.01095790955826
1.12899999999999	-0.236378376097186	0.773960042107879
1.12999999999999	0.226281403395953	-1.69041527467858
1.13099999999999	0.420608479839006	-1.50690961466537
1.13199999999999	-0.214645104909749	1.11546566603003
1.13299999999999	-0.663257788365973	2.15609953243591
1.13399999999999	-0.147785866324473	0.455055014434559
1.13499999999999	0.425892352641212	-1.62998601366462
1.13599999999999	0.462946471555923	-1.22601421941984
1.13699999999999	-0.336515751324231	0.817455890067953
1.13799999999999	-0.768355275125574	1.91113141015367
1.13899999999999	-0.50389523172666	0.66666194118726
1.13999999999999	0.241304149942377	-1.75922537469977
1.14099999999999	0.322863412036729	-1.53367318175867
1.14199999999999	-0.267581297025762	1.1165659531491
1.14299999999998	-0.646565494036814	2.16758380452984
1.14399999999998	-0.256770906704017	0.509073975332518
1.14499999999998	0.560629071622223	-1.55841779234061
1.14599999999998	0.488698525839269	-1.15221979651308
1.14699999999998	-0.235080058756736	0.896827257193769
1.14799999999998	-0.642617271614686	2.04641376584195
1.14899999999998	-0.149246653553276	0.863468852530363
1.14999999999998	0.432819158428492	-1.58186321848554
1.15099999999998	0.479471271775906	-1.40918452944919
1.15199999999998	-0.0389280450351173	1.21727210829512
1.15299999999998	-0.42442623372423	2.32720735889142
1.15399999999998	-0.00104545680208845	0.72731143401824
1.15499999999998	0.721898413275566	-1.38231259739884
1.15599999999998	0.60186582526058	-1.06326325105195
1.15699999999998	-0.139862737615037	0.955199512884525
1.15799999999998	-0.48227337885627	2.12629261245025
1.15899999999998	-0.0605923257129926	0.961288414243134
1.15999999999998	0.440529092980123	-1.51805307485446
1.16099999999998	0.5697006218851	-1.40486124843495
1.16199999999998	-0.0818091812470953	1.20216484431379
1.16299999999998	-0.481648005425707	2.31366195201184
1.16399999999998	-0.00879517543668723	0.683606347246445
1.16499999999998	0.734039221108393	-1.4625130190689
1.16599999999998	0.504607885433564	-1.1443888583549
1.16699999999998	-0.227757355641387	0.872916961386786
1.16799999999998	-0.609049587790312	2.01194417894577
1.16899999999998	-0.242040106879182	0.796359882118764
1.16999999999998	0.228044574793137	-1.67920200284717
1.17099999999998	0.424318114553382	-1.52399859951066
1.17199999999998	-0.214401731607049	1.09325834737848
1.17299999999998	-0.671645629107874	2.15576938704751
1.17399999999998	-0.139142418901245	0.476327131274554
1.17499999999998	0.416485079988198	-1.6204125108987
1.17599999999998	0.460556684923172	-1.24316686221514
1.17699999999998	-0.331690622844303	0.794739538814955
1.17799999999998	-0.771344159083159	1.91196442920587
1.17899999999998	-0.504193433114117	0.688124522780641
1.17999999999998	0.227990203867651	-1.74925344258346
1.18099999999998	0.319038666439483	-1.55075081696814
1.18199999999998	-0.267961595791187	1.09544804559806
1.18299999999998	-0.652788035517272	2.16913522251999
1.18399999999998	-0.260546068487824	0.533156878184482
1.18499999999998	0.56880222862487	-1.5467201245183
1.18599999999998	0.489306183627274	-1.16690852161948
1.18699999999998	-0.222491986407967	0.8760853439629
1.18799999999998	-0.646543136968011	2.04893680518353
1.18899999999998	-0.150643415547049	0.887839486914427
1.18999999999998	0.444888167070322	-1.56700534942652
1.19099999999998	0.480136305619359	-1.42408157883068
1.19199999999998	-0.0397106217928062	1.19650020620822
1.19299999999998	-0.428838721809113	2.33014083405333
1.19399999999998	0.00426727106537892	0.75346286289388
1.19499999999998	0.722722318895229	-1.36899284018784
1.19599999999998	0.607463805403303	-1.07765186861284
1.19699999999998	-0.12937208079091	0.934910771477145
1.19799999999998	-0.490721798845798	2.1287665173614
1.19899999999998	-0.0563758111259318	0.986154895983095
1.19999999999998	0.437283241135845	-1.50413452099607
1.20099999999998	0.57188932649922	-1.42071373420388
1.20199999999998	-0.0847928671815767	1.18159198415524
1.20299999999998	-0.48369726569948	2.31512925202069
1.20399999999998	-0.0197927819897468	0.706451707639954
1.20499999999998	0.734508483715655	-1.45186171131053
1.20599999999998	0.507939044640087	-1.16029919566849
1.20699999999998	-0.219411108099357	0.851470551923571
1.20799999999998	-0.610369324746275	2.01370289423524
1.20899999999998	-0.243925061128218	0.819863533170606
1.20999999999998	0.231147873738607	-1.66651486725556
1.21099999999998	0.428848275438716	-1.54042346846026
1.21199999999998	-0.213807555841464	1.071605306847
1.21299999999998	-0.678856870271363	2.15589452187788
1.21399999999998	-0.130961615247281	0.498303624356119
1.21499999999998	0.407786034687602	-1.6100748192211
1.21599999999998	0.456469887836473	-1.26016917454702
1.21699999999998	-0.327187242861245	0.772142001317065
1.21799999999998	-0.774355200603498	1.91265643045881
1.21899999999998	-0.504852756655355	0.709582525490704
1.21999999999998	0.214596134656773	-1.73917304919276
1.22099999999998	0.315208173165183	-1.56755502776733
1.22199999999998	-0.266814996112647	1.07406317430726
1.22299999999998	-0.657796432530763	2.17039346975351
1.22399999999998	-0.25641725664012	0.557337248944493
1.22499999999998	0.575594053141114	-1.53545059805125
1.22599999999998	0.491032190050869	-1.18196846705509
1.22699999999998	-0.211004908917943	0.854577417208951
1.22799999999998	-0.653115481603139	2.04993577575383
1.22899999999998	-0.15593381713126	0.910159237405379
1.22999999999998	0.455093533819707	-1.55362895669074
1.23099999999998	0.479958799284203	-1.43984364133068
1.23199999999998	-0.041491425294041	1.17477056463028
1.23299999999998	-0.434793403979907	2.33129427445804
1.23399999999997	0.00555348167884594	0.777196075814951
1.23499999999997	0.720593475385145	-1.35723591242786
1.23599999999997	0.61541511538668	-1.09265772193428
1.23699999999997	-0.120318040159831	0.913894042294572
1.23799999999997	-0.499991135228009	2.12996846751957
1.23899999999997	-0.0541734116114171	1.00950139307545
1.23999999999997	0.432472162639007	-1.49156096981335
1.24099999999997	0.573402683175206	-1.4365381640594
1.24199999999997	-0.0881972968573033	1.16093984598136
1.24299999999997	-0.484884740376773	2.31612689757772
1.24399999999997	-0.0325881971763961	0.728898176314945
1.24499999999997	0.734781835343639	-1.44080534539135
1.24599999999997	0.512813162444655	-1.17535275369991
1.24699999999997	-0.210831223604725	0.830649817462347
1.24799999999997	-0.610850732976797	2.01613315532314
1.24899999999997	-0.245151716987601	0.844593569893536
1.24999999999997	0.235994925745203	-1.65204415186024
1.25099999999997	0.434277680056962	-1.55539612253461
1.25199999999997	-0.212321415549225	1.05109360552078
1.25299999999997	-0.683843813687548	2.15742254152183
1.25399999999997	-0.121774771828804	0.522360111676664
1.25499999999997	0.401107736036725	-1.59759777388457
1.25599999999997	0.454666531210071	-1.27553074693783
1.25699999999997	-0.321476147714891	0.750819262185534
1.25799999999997	-0.776174577332832	1.91440974345451
1.25899999999997	-0.50439360264388	0.732632694233085
1.25999999999997	0.202983759298237	-1.72752326442779
1.26099999999997	0.312145318739554	-1.58332026111838
1.26199999999997	-0.264032663923148	1.05306995788266
1.26299999999997	-0.660857141421674	2.17212114083718
1.26399999999997	-0.252014965973373	0.581874905921763
1.26499999999997	0.581272493527534	-1.52367864729087
1.26599999999997	0.494441943251237	-1.19691439901776
1.26699999999997	-0.200164104098117	0.8327284644811
1.26799999999997	-0.660531584512826	2.04998294881605
1.26899999999997	-0.164155953315976	0.931303982757507
1.26999999999997	0.464003489016667	-1.54114698117995
1.27099999999997	0.479330604933957	-1.45623328309567
1.27199999999997	-0.0439767765290809	1.1522077081551
1.27299999999997	-0.439874815981693	2.3309688479872
1.27399999999997	0.00308437243685322	0.798753191860884
1.27499999999997	0.715517027825341	-1.34705821300988
1.27599999999997	0.623633045526059	-1.10852872781086
1.27699999999997	-0.112893493498522	0.891920697947356
1.27799999999997	-0.510200322263545	2.12963536324952
1.27899999999997	-0.0545172512856542	1.03095974030876
1.27999999999997	0.426956739831908	-1.48010047154479
1.28099999999997	0.573589613355837	-1.45282296361771
1.28199999999997	-0.0922653175712181	1.13970779454426
1.28299999999997	-0.485998913276415	2.3160915729364
1.28399999999997	-0.0449577388286276	0.750036957371551
1.28499999999997	0.734010301080704	-1.43009701775479
1.28599999999997	0.51879019959762	-1.18998473787753
1.28699999999997	-0.202831146771202	0.809847703775729
1.28799999999997	-0.611460022357332	2.01834393049592
1.28899999999997	-0.247359870751881	0.869327087859073
1.28999999999997	0.241275804216246	-1.6368886060854
1.29099999999997	0.439806180675051	-1.56958116637699
1.29199999999997	-0.210536836727725	1.03118564396191
1.29299999999997	-0.684066146930734	2.15986628889827
1.29399999999997	-0.112986256228218	0.547414301096967
1.29499999999997	0.395833867835138	-1.58378509182598
1.29599999999997	0.454898564114452	-1.28970300540734
1.29699999999997	-0.31588168617476	0.730062050260086
1.29799999999997	-0.777329183030107	1.91675477514492
1.29899999999997	-0.503372653326993	0.756665985480346
1.29999999999997	0.192333774671176	-1.71464191712491
1.30099999999997	0.309771769212124	-1.59809952395364
1.30199999999997	-0.259643475265505	1.03254054493924
1.30299999999997	-0.661912879031079	2.17438486351048
1.30399999999997	-0.246852186525924	0.606928371561296
1.30499999999997	0.587336194588995	-1.5113117596156
1.30599999999997	0.499927709070144	-1.21143105077801
1.30699999999997	-0.189779853939007	0.81088659329216
1.30799999999997	-0.668331395117395	2.04958685195297
1.30899999999997	-0.173036334216741	0.951996170837634
1.30999999999997	0.472119551358851	-1.52904073244747
1.31099999999997	0.47864764596022	-1.47284942579631
1.31199999999997	-0.0468560238076724	1.12916553337512
1.31299999999997	-0.445509492256286	2.32940866539279
1.31399999999997	-0.00250329137081252	0.818617189561982
1.31499999999997	0.70808677980584	-1.3379622672019
1.31599999999997	0.63224920256415	-1.12490838925082
1.31699999999997	-0.105199577290337	0.869414805558637
1.31799999999997	-0.520977986069831	2.12808402971914
1.31899999999997	-0.0570514008892216	1.05079614505186
1.31999999999997	0.419883287049899	-1.46961795840778
1.32099999999997	0.572786287324149	-1.46945564618204
1.32199999999997	-0.0968769017862857	1.11795218420844
1.32299999999997	-0.487261770028744	2.31501391843332
1.32399999999996	-0.0588360586284127	0.76993446880448
1.32499999999996	0.732069190143426	-1.41983231531975
1.32599999999996	0.525428103475834	-1.20461772991677
1.32699999999996	-0.195566667532467	0.788982142547605
1.32799999999996	-0.612367488913472	2.0202262697451
1.32899999999996	-0.250746455975504	0.893829574680195
1.32999999999996	0.246180378639218	-1.62147252458989
1.33099999999996	0.44529725291589	-1.58305998289711
1.33199999999996	-0.208483889400014	1.01182599996351
1.33299999999996	-0.682695755472801	2.1628907107437
1.33399999999996	-0.104737249068129	0.573549908605119
1.33499999999996	0.38960746270073	-1.56801486259093
1.33599999999996	0.457489891628197	-1.30249017806113
1.33699999999996	-0.304699316523412	0.710260965812959
1.33799999999996	-0.777493009943908	1.91995704600479
1.33899999999996	-0.501527354715808	0.782082212413458
1.33999999999996	0.183088232410427	-1.70014602322457
1.34099999999996	0.309542000074577	-1.6116716844936
1.34199999999996	-0.253429205891298	1.01267235786252
1.34299999999996	-0.660824587555013	2.17739909655517
1.34399999999996	-0.240634668556146	0.632736219047952
1.34499999999996	0.588889979356738	-1.49740582524876
1.34599999999996	0.507637923878833	-1.22539792446487
1.34699999999996	-0.179805996458342	0.789181577782661
1.34799999999996	-0.676228926595616	2.0490466873713
1.34899999999996	-0.179028089145806	0.972961811988261
1.34999999999996	0.479700296743929	-1.51703409376885
1.35099999999996	0.479901025007014	-1.48936732324921
1.35199999999996	-0.0500982893265672	1.10568052871512
1.35299999999996	-0.451771773773265	2.32670489654121
1.35399999999996	-0.011106221264671	0.836791165841111
1.35499999999996	0.700431199745368	-1.329535085334
1.35599999999996	0.640707519556665	-1.14207252218429
1.35699999999996	-0.0971721432061548	0.846113616627494
1.35799999999996	-0.532670993811445	2.12487711002828
1.35899999999996	-0.0624792457321551	1.06833945203672
1.35999999999996	0.41049082842624	-1.46082196820073
1.36099999999996	0.57169777952223	-1.48667406448732
1.36199999999996	-0.102426701445485	1.09518389917593
1.36299999999996	-0.48965708979904	2.31216884147063
1.36399999999996	-0.0750344269063302	0.787559812596925
1.36499999999996	0.728045111644181	-1.41096070252182
1.36599999999996	0.531914915528614	-1.21990650946254
1.36699999999996	-0.189753108759021	0.767530590323449
1.36799999999996	-0.621576193351507	2.02106473466777
1.36899999999996	-0.256004962713069	0.917140061236105
1.36999999999996	0.248463070876186	-1.60723473890018
1.37099999999996	0.450559873316234	-1.59593440471351
1.37199999999996	-0.206097506244045	0.993074721217889
1.37299999999996	-0.679677224688213	2.16676791572252
1.37399999999996	-0.0966145493818065	0.601255706761594
1.37499999999996	0.386947079768651	-1.55042685420349
1.37599999999996	0.463203491705577	-1.31328928996181
1.37699999999996	-0.289683008123296	0.691964179265358
1.37799999999996	-0.775795199814159	1.92492747100192
1.37899999999996	-0.497353268176844	0.810268415002929
1.37999999999996	0.176402157291384	-1.6827305167239
1.38099999999996	0.313946251102355	-1.62319281525924
1.38199999999996	-0.244412709554135	0.994225793709688
1.38299999999996	-0.657086750544542	2.18238238574589
1.38399999999996	-0.231919362539025	0.660917756581098
1.38499999999996	0.591152472512458	-1.481504620076
1.38599999999996	0.518677626996042	-1.23802723058661
1.38699999999996	-0.167767684838459	0.768413574077155
1.38799999999996	-0.683689534274875	2.04899580849093
1.38899999999996	-0.185899517608097	0.994368049195272
1.38999999999996	0.487123520805931	-1.50473986890594
1.39099999999996	0.485373960693346	-1.50563141253016
1.39199999999996	-0.0538055274908083	1.08165933224401
1.39299999999996	-0.45878575589172	2.32265867924301
1.39399999999996	-0.0231275389466305	0.852674182536313
1.39499999999996	0.69153740303782	-1.32290032739359
1.39599999999996	0.647852452091523	-1.16073532560146
1.39699999999996	-0.0918927994751674	0.821157400958075
1.39799999999996	-0.546196644088794	2.11902268704413
1.39899999999996	-0.0698497234438567	1.08237886989015
1.39999999999996	0.39771265199833	-1.4551450818176
1.40099999999996	0.569054688634359	-1.50554044334041
1.40199999999996	-0.109654508402814	1.0705929766788
1.40299999999996	-0.494597777187495	2.30642558409363
1.40399999999996	-0.0945385458644391	0.801432242846363
1.40499999999996	0.720832341759602	-1.40475218463231
1.40599999999996	0.537154931866183	-1.23660392375361
1.40699999999996	-0.186125427547165	0.744970532460699
1.40799999999996	-0.635453690386906	2.01994947348093
1.40899999999996	-0.263899830267211	0.938155311379291
1.40999999999996	0.248825838421625	-1.59402930211145
1.41099999999996	0.454919190426965	-1.60875490339869
1.41199999999996	-0.203800663209324	0.974545333564944
1.41299999999996	-0.675812498647784	2.17089771553625
1.41399999999996	-0.0895678519182575	0.629671157590386
1.41499999999995	0.385753194845868	-1.53133697329188
1.41599999999995	0.471488290228238	-1.32236676377231
1.41699999999995	-0.273426806847557	0.67522327864972
1.41799999999995	-0.772261745574381	1.93169124118458
1.41899999999995	-0.487094689826421	0.841542899556722
1.41999999999995	0.172742061892199	-1.66215564019197
1.42099999999995	0.320966354712232	-1.63221387998519
1.42199999999995	-0.23216201066577	0.977642278658933
1.42299999999995	-0.640000759128233	2.19001981775139
1.42399999999995	-0.219917897103021	0.691932065311142
1.42499999999995	0.594837112548721	-1.46294471137874
1.42599999999995	0.533210196171443	-1.24911045711379
1.42699999999995	-0.15445091136716	0.748672246727378
1.42799999999995	-0.690560627572087	2.04948857938612
1.42899999999995	-0.193476361118587	1.01605437595882
1.42999999999995	0.494059615426045	-1.49240554002989
1.43099999999995	0.491029447914294	-1.52199526875991
1.43199999999995	-0.0590751521034229	1.05711595212614
1.43299999999995	-0.46676692666449	2.31708800315094
1.43399999999995	-0.0384983269110964	0.865862074879899
1.43499999999995	0.680077383335175	-1.31865791596149
1.43599999999995	0.653150582318737	-1.18096892399618
1.43699999999995	-0.0895680855694014	0.794576182347404
1.43799999999995	-0.561692554820197	2.11039493300033
1.43899999999995	-0.0804953572002248	1.09243049583494
1.43999999999995	0.381757764151805	-1.45281692244281
1.44099999999995	0.563904865933524	-1.5262878096842
1.44199999999995	-0.118459922013883	1.04433606859209
1.44299999999995	-0.502065359941874	2.29796628734621
1.44399999999995	-0.116866373080781	0.811801222661188
1.44499999999995	0.712472226377286	-1.40042284490157
1.44599999999995	0.541224653529879	-1.25446110824947
1.44699999999995	-0.184358636501764	0.721598621884709
1.44799999999995	-0.649987371992039	2.01726560571061
1.44899999999995	-0.273861911657735	0.957205150585632
1.44999999999995	0.247569568297406	-1.58161396116071
1.45099999999995	0.458586469441589	-1.62126062259761
1.45199999999995	-0.20302481597587	0.956733151060971
1.45299999999995	-0.671198198594728	2.17540598689392
1.45399999999995	-0.083574006887758	0.658780937685999
1.45499999999995	0.386289640376137	-1.51075565546834
1.45599999999995	0.483843921779817	-1.32931021790987
1.45699999999995	-0.256185681193388	0.660079395210181
1.45799999999995	-0.767125087554204	1.94004981471206
1.45899999999995	-0.47400195057534	0.875186542943563
1.45999999999995	0.172097993538714	-1.63880460941076
1.46099999999995	0.330547518068176	-1.63889263330869
1.46199999999995	-0.216956992374472	0.962815441765051
1.46299999999995	-0.618847690243178	2.19980208957384
1.46399999999995	-0.206471881513364	0.725467630603074
1.46499999999995	0.59981372365305	-1.44172387547733
1.46599999999995	0.551539951806881	-1.25839710809898
1.46699999999995	-0.140602981456415	0.730226048905744
1.46799999999995	-0.696153976463334	2.05123269172672
1.46899999999995	-0.200525640619068	1.03912140949232
1.46999999999995	0.501864519047419	-1.47879352659624
1.47099999999995	0.497981420033904	-1.5374969538332
1.47199999999995	-0.0631554593030223	1.03294626935559
1.47299999999995	-0.474430519376812	2.3113416146188
1.47399999999995	-0.0553163240734648	0.878269327337601
1.47499999999995	0.667579057313295	-1.3151218240605
1.47599999999995	0.657939838700582	-1.20167435489741
1.47699999999995	-0.088873305479828	0.767289009344556
1.47799999999995	-0.578078216949081	2.10028088095431
1.47899999999995	-0.0941414753674419	1.10009113323656
1.47999999999995	0.363541978739328	-1.45249924102934
1.48099999999995	0.557154066406634	-1.54818601848684
1.48199999999995	-0.128262939244826	1.0169574489466
1.48299999999995	-0.509606458535932	2.28729300767248
1.48399999999995	-0.141391666059134	0.819396037479491
1.48499999999995	0.701729665707113	-1.39819242490645
1.48599999999995	0.544166428829048	-1.27343249157635
1.48699999999995	-0.184421981630423	0.697308873914623
1.48799999999995	-0.665384842417071	2.01280026162058
1.48899999999995	-0.286184121211055	0.973882454204654
1.48999999999995	0.243997267613015	-1.57067950386211
1.49099999999995	0.461023500782095	-1.63411572347599
1.49199999999995	-0.202667599379731	0.938857883230885
1.49299999999995	-0.667094102160484	2.1792977807665
1.49399999999995	-0.079824028011021	0.687430151968193
1.49499999999995	0.387406146443761	-1.49008318310726
1.49599999999995	0.491265040078656	-1.33668894315778
1.49699999999995	-0.238924293289913	0.645862715787936
1.49799999999995	-0.761195953007467	1.94917864773221
1.49899999999995	-0.460320694087264	0.910183869281814
1.49999999999995	0.174677392749434	-1.61332258139593
1.50099999999995	0.342568665441363	-1.64351698795728
1.50199999999995	-0.198979493892676	0.949628759248487
1.50299999999995	-0.593895844067314	2.21160090278502
1.50399999999995	-0.19141222791455	0.761635506725239
1.50499999999995	0.606072160446612	-1.41756916644902
1.50599999999994	0.574082113350807	-1.26559716258743
1.50699999999994	-0.125899016710672	0.713424612029551
1.50799999999994	-0.699693211165755	2.05492175791015
1.50899999999994	-0.205963275013298	1.06470885183466
1.50999999999994	0.511781643465589	-1.46269464881841
1.51099999999994	0.507283939164322	-1.551293575083
1.51199999999994	-0.0681670531647195	1.01021450743049
1.51299999999994	-0.480543712887859	2.3066036834435
1.51399999999994	-0.0720234482805464	0.891713584082458
1.51499999999994	0.655527285619647	-1.31062182592051
1.51599999999994	0.663288539266285	-1.22170768587147
1.51699999999994	-0.0885080687791156	0.740166089430762
1.51799999999994	-0.594254106538261	2.09000607567794
1.51899999999994	-0.108828547793365	1.10718944329289
1.51999999999994	0.344395819790356	-1.45271743754852
1.52099999999994	0.549779606537537	-1.57051165938774
1.52199999999994	-0.138457705200949	0.988918136193845
1.52299999999994	-0.518394861108617	2.27536811940335
1.52399999999994	-0.16751351304251	0.825205135368872
1.52499999999994	0.689112442047893	-1.39746802461643
1.52599999999994	0.546250754335879	-1.293418628532
1.52699999999994	-0.186067588935046	0.672018886435156
1.52799999999994	-0.681721917054886	2.00659778469106
1.52899999999994	-0.297271916559869	0.988226918637204
1.52999999999994	0.237769751871409	-1.56153576738971
1.53099999999994	0.461904857197985	-1.64786341334964
1.53199999999994	-0.202780072356625	0.920140120347894
1.53299999999994	-0.664531328699672	2.18173978949081
1.53399999999994	-0.0791211885333339	0.714065434550445
1.53499999999994	0.388011121990195	-1.4705488199678
1.53599999999994	0.498235826123277	-1.34454887490746
1.53699999999994	-0.22298653028894	0.631429021786942
1.53799999999994	-0.755977999674623	1.95755360103386
1.53899999999994	-0.448472413261259	0.944333870168095
1.53999999999994	0.181897532117657	-1.58769075239857
1.54099999999994	0.35548381154153	-1.64765021037065
1.54199999999994	-0.180016051271638	0.936735643330713
1.54299999999994	-0.568286412729612	2.22338251564272
1.54399999999994	-0.182499790128954	0.797868787790032
1.54499999999994	0.611469599824941	-1.39264747754732
1.54599999999994	0.597832850904221	-1.27201916435993
1.54699999999994	-0.111725909385625	0.697450292248668
1.54799999999994	-0.701504095437745	2.05957707763976
1.54899999999994	-0.210461340812498	1.09174211663691
1.54999999999994	0.518034417961254	-1.44470071957076
1.55099999999994	0.518850438165088	-1.56336087598317
1.55199999999994	-0.073447293089975	0.989091081195331
1.55299999999994	-0.484456691468898	2.30353185122239
1.55399999999994	-0.0869457916535487	0.907598836156609
1.55499999999994	0.645377405046405	-1.30357867866726
1.55599999999994	0.670717645000369	-1.23973403886484
1.55699999999994	-0.086826397897614	0.714434216037303
1.55799999999994	-0.608407535784319	2.08157514621643
1.55899999999994	-0.121569105617779	1.11678357645858
1.55999999999994	0.326708177098885	-1.45050601085684
1.56099999999994	0.543998784356454	-1.59131884051483
1.56199999999994	-0.147268703045312	0.961809307222325
1.56299999999994	-0.525609793970607	2.26460011210003
1.56399999999994	-0.192821813545962	0.83255922348255
1.56499999999994	0.677242395541758	-1.39540433832696
1.56599999999994	0.549813274691306	-1.31280656152239
1.56699999999994	-0.182065380568797	0.64732775198331
1.56799999999994	-0.697922134116297	2.00012310090501
1.56899999999994	-0.305245261612866	1.00199817943325
1.56999999999994	0.229763380868313	-1.55314615315107
1.57099999999994	0.461660206668656	-1.66239043740171
1.57199999999994	-0.203449550198915	0.900299580307075
1.57299999999994	-0.664126370615612	2.18227045566074
1.57399999999994	-0.0830090396036153	0.737862841779864
1.57499999999994	0.387555657591508	-1.4536842666853
1.57599999999994	0.504836851356951	-1.35402382280863
1.57699999999994	-0.209931254405085	0.615306901322356
1.57799999999994	-0.752558049213767	1.96312460921259
1.57899999999994	-0.441496567012221	0.974684009923875
1.57999999999994	0.187046595814532	-1.56502755584465
1.58099999999994	0.366985469809927	-1.65346910464794
1.58199999999994	-0.164848836408447	0.922563545821967
1.58299999999994	-0.545311765654964	2.23264626774235
1.58399999999994	-0.177835369506194	0.830782595752043
1.58499999999994	0.613467564397662	-1.36972105551583
1.58599999999994	0.619784085391265	-1.2794097846249
1.58699999999994	-0.0997820860967655	0.68102288189701
1.58799999999994	-0.702914488731356	2.06357029134001
1.58899999999994	-0.215331316089297	1.11840501988159
1.58999999999994	0.518892651978298	-1.42612670653271
1.59099999999994	0.531820421255886	-1.57425225411153
1.59199999999994	-0.0775938501622562	0.969073777826584
1.59299999999994	-0.486311664930827	2.30202745273834
1.59399999999994	-0.097702961187745	0.926402129033732
1.59499999999994	0.637631506630442	-1.29351064669709
1.59599999999994	0.681472512056027	-1.2552987397765
1.59699999999993	-0.0832049158828833	0.690716506169727
1.59799999999993	-0.619553815618513	2.07599811213663
1.59899999999993	-0.130948975030411	1.13042377678825
1.59999999999993	0.30894423321659	-1.44438081963877
1.60099999999993	0.541319771725314	-1.60927643279999
1.60199999999993	-0.153427632513858	0.936784254043238
1.60299999999993	-0.529313957498062	2.25666625494127
1.60399999999993	-0.215519451031988	0.843813888740679
1.60499999999993	0.668112034581645	-1.3898261154085
1.60599999999993	0.556848105569617	-1.33022956460392
1.60699999999993	-0.176986137960974	0.623737950143143
1.60799999999993	-0.712773891708039	1.99507491153834
1.60899999999993	-0.31277794618402	1.01751902255948
1.60999999999993	0.221848302120792	-1.54336534491308
1.61099999999993	0.461974692893451	-1.67633099693316
1.61199999999993	-0.203456381511321	0.880277199270992
1.61299999999993	-0.664279357276308	2.18254054349458
1.61399999999993	-0.0896326567962993	0.761073835035199
1.61499999999993	0.385565753157134	-1.43724581771502
1.61599999999993	0.512167199480798	-1.36432273445584
1.61699999999993	-0.198520338884634	0.597978240974211
1.61799999999993	-0.750563453983225	1.96691664334357
1.61899999999993	-0.438023168757892	1.00271213499875
1.61999999999993	0.190831046000859	-1.54425771525521
1.62099999999993	0.377540796250756	-1.66070344159009
1.62199999999993	-0.151243406294931	0.90685526832266
1.62299999999993	-0.524594175603998	2.23964303971649
1.62399999999993	-0.177391468775684	0.860697521750241
1.62499999999993	0.611792928330011	-1.34891615607512
1.62599999999993	0.640906610699591	-1.28818122492028
1.62699999999993	-0.0904701916161898	0.663407472399614
1.62799999999993	-0.704746860531129	2.06605505784113
1.62899999999993	-0.221693880121923	1.14352070225601
1.62999999999993	0.51801166100292	-1.40836879066421
1.63099999999993	0.544676810294831	-1.58536645406972
1.63199999999993	-0.0816422279118924	0.948773864558354
1.63299999999993	-0.488077144959882	2.30026133526726
1.63399999999993	-0.10855644656515	0.945334905005343
1.63499999999993	0.630213155228817	-1.28270111006598
1.63599999999993	0.693331060172005	-1.27012365298589
1.63699999999993	-0.0794832392102164	0.667525954781024
1.63799999999993	-0.622374013957402	2.07141094126619
1.63899999999993	-0.139731152771647	1.14548818956189
1.63999999999993	0.291842736027585	-1.43643007830639
1.64099999999993	0.540139713694458	-1.62593273317373
1.64199999999993	-0.158098222543755	0.912567412746227
1.64299999999993	-0.531482385443547	2.24986375112073
1.64399999999993	-0.236660814318031	0.85690090411646
1.64499999999993	0.659983565330459	-1.38255086225789
1.64599999999993	0.565919918857326	-1.34671255263589
1.64699999999993	-0.171704623120836	0.600611048530624
1.64799999999993	-0.726946159809619	1.99049444755106
1.64899999999993	-0.320981931844204	1.03366101328523
1.64999999999993	0.213380778347032	-1.53291562455305
1.65099999999993	0.463730636103857	-1.68980644396073
1.65199999999993	-0.202854250818415	0.860067812466936
1.65299999999993	-0.665032454796747	2.18248321614851
1.65399999999993	-0.0986939040996715	0.783881394574353
1.65499999999993	0.384577652655474	-1.42186959624493
1.65599999999993	0.520819869072375	-1.37484564794834
1.65699999999993	-0.188063174251884	0.580047776962579
1.65799999999993	-0.749351241054634	1.96979111795809
1.65899999999993	-0.436819389124609	1.02954866303985
1.65999999999993	0.194293906405328	-1.52425605636106
1.66099999999993	0.38798167190921	-1.66850646033301
1.66199999999993	-0.137632172293059	0.890341175707439
1.66299999999993	-0.505986517376171	2.2453396981022
1.66399999999993	-0.179887233717898	0.888902766565486
1.66499999999993	0.607440253424029	-1.32912815027093
1.66599999999993	0.661967158687058	-1.29758346087372
1.66699999999993	-0.0829562002043705	0.645182412719633
1.66799999999993	-0.706303711142421	2.06775351781663
1.66899999999993	-0.228662728940144	1.16792054987793
1.66999999999993	0.515961197897457	-1.39077425125267
1.67099999999993	0.557520772457747	-1.5963822394038
1.67199999999993	-0.0852925667518279	0.928373304982756
1.67299999999993	-0.489665391593794	2.29839159332315
1.67399999999993	-0.119598088844268	0.964472010468076
1.67499999999993	0.623154330660053	-1.27124013479787
1.67599999999993	0.705980785622287	-1.28439068115779
1.67699999999993	-0.0760087761971187	0.644620060888966
1.67799999999993	-0.623387382786195	2.06747976006648
1.67899999999993	-0.148582938589019	1.1615023595068
1.67999999999993	0.275089336656057	-1.4271026950633
1.68099999999993	0.5402380902412	-1.64157526834107
1.68199999999993	-0.160290109804232	0.889010276593438
1.68299999999993	-0.532491779481026	2.24393167142735
1.68399999999993	-0.254980917890899	0.871751153364987
1.68499999999993	0.652544514865036	-1.37387779709684
1.68599999999993	0.57684726834533	-1.36243904049642
1.68699999999993	-0.166483103946821	0.577774394199997
1.68799999999992	-0.740476216268163	1.98610648097038
1.68899999999992	-0.330071272910183	1.05024643580167
1.68999999999992	0.204261527636768	-1.52188449718354
1.69099999999992	0.466864158221905	-1.70299322705695
1.69199999999992	-0.201579608079462	0.83968233605775
1.69299999999992	-0.666395707016117	2.18211052525868
1.69399999999992	-0.109970007193968	0.806379808310013
1.69499999999992	0.383898234942139	-1.40744709955189
1.69599999999992	0.530887879224086	-1.38548439107824
1.69699999999992	-0.178371513791591	0.561639815658481
1.69799999999992	-0.74875773925447	1.97195455726479
1.69899999999992	-0.43162425095914	1.05527274297881
1.69999999999992	0.19744319864978	-1.50490538547085
1.70099999999992	0.39826984694268	-1.67688922681766
1.70199999999992	-0.124119658301704	0.872944796796908
1.70299999999992	-0.499182860015385	2.24929859719746
1.70399999999992	-0.185149779325322	0.915296770711602
1.70499999999992	0.600417949254305	-1.31032399547845
1.70599999999992	0.682907035384103	-1.30747152261754
1.70699999999992	-0.0744530804202755	0.626594000937088
1.70799999999992	-0.707324486784907	2.06889863364112
1.70899999999992	-0.235785287743275	1.19197912328359
1.70999999999992	0.513016617624446	-1.37295799709433
1.71099999999992	0.571202379649473	-1.60782758169475
1.71199999999992	-0.0881489134610584	0.908135664942925
1.71299999999992	-0.490774945834445	2.2967631367785
1.71399999999992	-0.130457697462028	0.984278401936971
1.71499999999992	0.618833551418782	-1.25869248779895
1.71599999999992	0.719626119688153	-1.29792167731035
1.71699999999992	-0.0726964356331811	0.622089355788031
1.71799999999992	-0.622567836143881	2.06414428622293
1.71899999999992	-0.157473183749865	1.17849918852868
1.71999999999992	0.258568435143567	-1.41642936724534
1.72099999999992	0.541589082952939	-1.65629311810012
1.72199999999992	-0.159899154155834	0.866001954828051
1.72299999999992	-0.532684931283409	2.23865875216511
1.72399999999992	-0.272789222975415	0.887651270097912
1.72499999999992	0.645550175014078	-1.36406450480658
1.72599999999992	0.591169734271109	-1.37710557273925
1.72699999999992	-0.161687755666164	0.55499692246297
1.72799999999992	-0.752313800030161	1.98172325449872
1.72899999999992	-0.340589905628118	1.06671304044836
1.72999999999992	0.194054821896263	-1.51079762401528
1.73099999999992	0.470475454100361	-1.71625573927859
1.73199999999992	-0.199974538552599	0.818823868705061
1.73299999999992	-0.668843594945031	2.1809504497428
1.73399999999992	-0.123801971852384	0.827916703919173
1.73499999999992	0.381724682398888	-1.39359775587553
1.73599999999992	0.54181674635666	-1.39661087717653
1.73699999999992	-0.169611089101752	0.542511531947921
1.73799999999992	-0.749084987088425	1.97311165013441
1.73899999999992	-0.425495806063757	1.0796249359266
1.73999999999992	0.200057934402498	-1.48635400985508
1.74099999999992	0.40892117758694	-1.68619993541223
1.74199999999992	-0.110624119791019	0.854813721415918
1.74299999999992	-0.49536018159024	2.25200627957085
1.74399999999992	-0.192866106579083	0.940107226074272
1.74499999999992	0.590183862077538	-1.29250993008284
1.74599999999992	0.703556103858475	-1.31775773877567
1.74699999999992	-0.066812611495314	0.607629779262507
1.74799999999992	-0.707770356318465	2.06951885123259
1.74899999999992	-0.241886581960672	1.21566033989969
1.74999999999992	0.509120315214344	-1.3549885835685
1.75099999999992	0.584724662314293	-1.61900063318196
1.75199999999992	-0.090114720511736	0.888014711440249
1.75299999999992	-0.491787211975653	2.29533152919492
1.75399999999992	-0.141306660847816	1.00458561907793
1.75499999999992	0.617668365958107	-1.24521841746773
1.75599999999992	0.734026925810724	-1.31080679149287
1.75699999999992	-0.0697058748293008	0.599877414627632
1.75799999999992	-0.621072775062956	2.06124170621456
1.75899999999992	-0.166639098153414	1.19626969313646
1.75999999999992	0.242136934875125	-1.40460290257922
1.76099999999992	0.544149959170378	-1.67015318348116
1.76199999999992	-0.158045684024225	0.843451381933945
1.76299999999992	-0.532256355197088	2.23402995928259
1.76399999999992	-0.290053872412547	0.904553626778174
1.76499999999992	0.63901885229662	-1.35309398760295
1.76599999999992	0.602222289480435	-1.39109095453231
1.76699999999992	-0.156929542971158	0.53251291091133
1.76799999999992	-0.75950034599277	1.97771636192497
1.76899999999992	-0.351942351812235	1.08368990314228
1.76999999999992	0.183467183079862	-1.49891178801418
1.77099999999992	0.475267313805703	-1.72903033801694
1.77199999999992	-0.197443796052184	0.798002261314262
1.77299999999992	-0.671640346491005	2.17972436929728
1.77399999999992	-0.139209621798198	0.849433133676329
1.77499999999992	0.378942873592011	-1.37933245952096
1.77599999999992	0.554320651481835	-1.40758523567303
1.77699999999992	-0.161156264528993	0.523255948676931
1.77799999999991	-0.749634704381193	1.97398482423562
1.77899999999991	-0.420286990323791	1.10372664307556
1.77999999999991	0.202891222457	-1.46766850484257
1.78099999999991	0.420369023426142	-1.69572708571231
1.78199999999991	-0.0965489791458221	0.836327220499536
1.78299999999991	-0.491317735264816	2.25414022861338
1.78399999999991	-0.202342243115184	0.9640808369727
1.78499999999991	0.577587492759638	-1.27509407019149
1.78599999999991	0.724100099995167	-1.32827677171793
1.78699999999991	-0.05989809682856	0.588266330464588
1.78799999999991	-0.707689205680656	2.06957963390441
1.78899999999991	-0.247626291092172	1.23881555965638
1.78999999999991	0.503863751689338	-1.33714356473747
1.79099999999991	0.597575744261405	-1.63023423779958
1.79199999999991	-0.0913768399667888	0.867605627729907
1.79299999999991	-0.493684590340141	2.29378211257595
1.79399999999991	-0.152907157215036	1.02465381880475
1.79499999999991	0.61653957171055	-1.23160584812576
1.79599999999991	0.748471884223507	-1.32360019311646
1.79699999999991	-0.0643747697644643	0.577517586242186
1.79799999999991	-0.61969421701102	2.05812992574923
1.79899999999991	-0.168410083904868	1.21385313680347
1.79999999999991	0.224980031777811	-1.39264659029921
1.80099999999991	0.547102180966023	-1.68392986443381
1.80199999999991	-0.155517931505208	0.820646336578511
1.80299999999991	-0.532548079085313	2.22896505504134
1.80399999999991	-0.307950878751181	0.920845127069523
1.80499999999991	0.631613461038375	-1.34245965109093
1.80599999999991	0.613414802009812	-1.40529107173821
1.80699999999991	-0.153460424846976	0.509506975303924
1.80799999999991	-0.766984156625006	1.97277235349984
1.80899999999991	-0.365505767963359	1.09943596627877
1.80999999999991	0.172517739270815	-1.48763569924992
1.81099999999991	0.480022620204748	-1.74224130667781
1.81199999999991	-0.194948441096576	0.776714184995763
1.81299999999991	-0.67576395241614	2.17740637547278
1.81399999999991	-0.156960749945495	0.869766164545536
1.81499999999991	0.374550879315285	-1.365756206559
1.81599999999991	0.567373179236077	-1.41887314947413
1.81699999999991	-0.153484962915659	0.503611734120886
1.81799999999991	-0.750670267919016	1.97426213475234
1.81899999999991	-0.416030697421928	1.12724180599264
1.81999999999991	0.205852349056069	-1.44893304226526
1.82099999999991	0.432785975086577	-1.70494528575374
1.82199999999991	-0.0815752988908996	0.817873163142898
1.82299999999991	-0.486563493814315	2.2561793882
1.82399999999991	-0.212675523794834	0.987871054648242
1.82499999999991	0.563509676025426	-1.25724463693406
1.82599999999991	0.745318261477437	-1.33819922699531
1.82699999999991	-0.0528671697846124	0.569285155098543
1.82799999999991	-0.706070937568805	2.07006206728128
1.82899999999991	-0.252212256219229	1.26273371861051
1.82999999999991	0.498460856351585	-1.31813660566058
1.83099999999991	0.610743759337669	-1.64056983382798
1.83199999999991	-0.0910383087343997	0.847708384376216
1.83299999999991	-0.494439394628021	2.29288083751576
1.83399999999991	-0.16421625963512	1.04568100654714
1.83499999999991	0.616353370597993	-1.2168603647075
1.83599999999991	0.763702947314211	-1.33566220042718
1.83699999999991	-0.0517749227399849	0.555288074406159
1.83799999999991	-0.617841754762845	2.05517710418214
1.83899999999991	-0.169205204905029	1.23153402866122
1.83999999999991	0.207172180489425	-1.38047311597765
1.84099999999991	0.550381104035007	-1.69764272294837
1.84199999999991	-0.15244878323146	0.797535235808115
1.84299999999991	-0.533800453998155	2.22324148050834
1.84399999999991	-0.326716608881514	0.936091499885075
1.84499999999991	0.622894465026772	-1.33265999453467
1.84599999999991	0.624195478139567	-1.42010375938333
1.84699999999991	-0.151017409953447	0.485802533862664
1.84799999999991	-0.775228026567856	1.96640683994592
1.84899999999991	-0.38171774301513	1.11319185019301
1.84999999999991	0.160825438439287	-1.47776211357156
1.85099999999991	0.483984264962292	-1.75638803982882
1.85199999999991	-0.193217225114605	0.754424185291338
1.85299999999991	-0.681757696566304	2.17341419857463
1.85399999999991	-0.168193884603254	0.887951995016359
1.85499999999991	0.367815091474474	-1.35393896000201
1.85599999999991	0.579635935010605	-1.4311552850271
1.85699999999991	-0.14746447120765	0.482995236973924
1.85799999999991	-0.753111727598959	1.97291686308387
1.85899999999991	-0.414056557463897	1.14854869967206
1.85999999999991	0.207373895876906	-1.43173648952246
1.86099999999991	0.444191361951294	-1.7147768254569
1.86199999999991	-0.0687417976293817	0.798864681969686
1.86299999999991	-0.482270068887496	2.25710703792944
1.86399999999991	-0.224421407801907	1.01009485196485
1.86499999999991	0.547622524468231	-1.2401523061376
1.86599999999991	0.765920288603412	-1.34776461018479
1.86699999999991	-0.0461998079238712	0.550497592463641
1.86799999999991	-0.703387566114589	2.07050155625931
1.8689999999999	-0.255985328598112	1.28670992786352
1.8699999999999	0.490174850565146	-1.29881551022728
1.8709999999999	0.624034925040726	-1.64983567771519
1.8719999999999	-0.088751117873971	0.828696893612868
1.8729999999999	-0.493671853592548	2.29303692436733
1.8739999999999	-0.174649250070523	1.06823082635649
1.8749999999999	0.618100906137838	-1.20015993951474
1.8759999999999	0.780542068119705	-1.34610883790179
1.8769999999999	-0.0389464917130187	0.534252937924182
1.8779999999999	-0.614207847274236	2.05367880245179
1.8789999999999	-0.168965128181639	1.25119082848108
1.8799999999999	0.190421509114789	-1.365983954143
1.8809999999999	0.555319909544221	-1.70987329329036
1.8819999999999	-0.147086223479559	0.775669644963868
1.8829999999999	-0.532722027105528	2.21880403520569
1.8839999999999	-0.34391606747239	0.953222315821444
1.8849999999999	0.615319259333864	-1.32094524079252
1.8859999999999	0.637040142836634	-1.43369671912581
1.8869999999999	-0.148818511607922	0.462648155526313
1.8879999999999	-0.782445354640102	1.96052018739232
1.8889999999999	-0.398530067416942	1.12743006966572
1.8899999999999	0.14895229540319	-1.46736183583769
1.8909999999999	0.488564094808195	-1.77026358337795
1.8919999999999	-0.19117485178207	0.731925812389074
1.8929999999999	-0.688575505275643	2.16878549509878
1.8939999999999	-0.175232128982819	0.90523368919497
1.8949999999999	0.359495940620751	-1.3430233207434
1.8959999999999	0.591445317484136	-1.44413468339073
1.8969999999999	-0.142819644844165	0.461450665717407
1.8979999999999	-0.757967793021993	1.97031004501863
1.8989999999999	-0.414484166479159	1.16752772636531
1.8999999999999	0.20688555277245	-1.41646099665709
1.9009999999999	0.454028940495822	-1.72575659204436
1.9019999999999	-0.0651406531007093	0.778757193786844
1.9029999999999	-0.479175146452209	2.25625784636418
1.9039999999999	-0.238033100860563	1.03001303600532
1.9049999999999	0.529636495576508	-1.22454151181719
1.9059999999999	0.785216887986346	-1.35767683281584
1.9069999999999	-0.0402880458299809	0.531367944160178
1.9079999999999	-0.700250879550287	2.07034242862575
1.9089999999999	-0.259646052882649	1.31018037238421
1.9099999999999	0.474853836645534	-1.28011762319977
1.9109999999999	0.637148614704378	-1.65827373520244
1.9119999999999	-0.0844076826973093	0.810419818715869
1.9129999999999	-0.491357832233251	2.29427188027966
1.9139999999999	-0.181533735055881	1.09250718719339
1.9149999999999	0.622181132583721	-1.18108223248833
1.9159999999999	0.799411233323098	-1.35468038732601
1.9169999999999	-0.0257519232659104	0.514587636484513
1.9179999999999	-0.608564794845906	2.05413417795905
1.9189999999999	-0.167040682379604	1.27361639441885
1.9199999999999	0.175169765615998	-1.34833971397019
1.9209999999999	0.56281871205693	-1.71992630194397
1.9219999999999	-0.13877959762922	0.755346285210546
1.9229999999999	-0.529259165228243	2.21642019525426
1.9239999999999	-0.358948546873748	0.97325397629026
1.9249999999999	0.607770147882285	-1.30603217042387
1.9259999999999	0.6527183393408	-1.44555266325317
1.9269999999999	-0.144080545749666	0.440456601057611
1.9279999999999	-0.788058670987122	1.95565177636458
1.9289999999999	-0.415487837350442	1.14302453192945
1.9299999999999	0.137261518641764	-1.45570947032761
1.9309999999999	0.494179348517143	-1.78362372795217
1.9319999999999	-0.188484785844346	0.709245081243358
1.9329999999999	-0.696051686475447	2.16369339417242
1.9339999999999	-0.184766724276428	0.921887480778994
1.9349999999999	0.349642448947154	-1.33269097119857
1.9359999999999	0.603851509596124	-1.45768674700357
1.9369999999999	-0.139316387327211	0.438894056303148
1.9379999999999	-0.76402397517736	1.96631081290882
1.9389999999999	-0.416918351898492	1.18467830600489
1.9399999999999	0.202915113225422	-1.40271256310332
1.9409999999999	0.462666447962073	-1.73788832815479
1.9419999999999	-0.0622398009807	0.757373640880928
1.9429999999999	-0.477474247276393	2.25360634371817
1.9439999999999	-0.253773863065486	1.04782654155611
1.9449999999999	0.509442869392947	-1.21064501125443
1.9459999999999	0.802731948749326	-1.36855951477075
1.9469999999999	-0.035471724842399	0.511314162405343
1.9479999999999	-0.69844799343285	2.0687960715407
1.9489999999999	-0.264051126843864	1.33233537762186
1.9499999999999	0.457073061369492	-1.2619600443137
1.9509999999999	0.649005514316127	-1.6667846434295
1.9519999999999	-0.0790411527177981	0.79219303263703
1.9529999999999	-0.488673631833724	2.29542570524455
1.9539999999999	-0.187760969719489	1.1169758399711
1.9549999999999	0.627067711310828	-1.16111112249432
1.9559999999999	0.81852618950218	-1.36238475347273
1.9569999999999	-0.0134860223561975	0.495388448642453
1.9579999999999	-0.603585200458242	2.05526739649246
1.9589999999999	-0.164854223692669	1.29744900491925
1.95999999999989	0.160581130383016	-1.32864228573545
1.96099999999989	0.572309763251536	-1.72840592120712
1.96199999999989	-0.128021697191169	0.736077208678919
1.96299999999989	-0.524082272547123	2.21559901991853
1.96399999999989	-0.372193284420923	0.995845609075878
1.96499999999989	0.59596574552488	-1.28897832950391
1.96599999999989	0.671292724103375	-1.45543937686811
1.96699999999989	-0.136387077138439	0.419505935267057
1.96799999999989	-0.791332869065472	1.95244422722316
1.96899999999989	-0.43174562795748	1.16122994476425
1.96999999999989	0.126882023619828	-1.44132484202505
1.97099999999989	0.502234715413844	-1.79542056789953
1.97199999999989	-0.18380443442356	0.687248210948245
1.97299999999989	-0.702790536203633	2.159579200084
1.97399999999989	-0.195010767857853	0.940230745128169
1.97499999999989	0.340018552347657	-1.32076688180985
1.97599999999989	0.618425768939858	-1.47057242627237
1.97699999999989	-0.135491055145003	0.416298511778207
1.97799999999989	-0.769488847618377	1.96245628323176
1.97899999999989	-0.419129293394041	1.20226003830736
1.97999999999989	0.198393186593876	-1.3885403833857
1.98099999999989	0.471409178198226	-1.75022446942581
1.98199999999989	-0.0591500859314324	0.735225012492558
1.98299999999989	-0.476274700482013	2.24998556921911
1.98399999999989	-0.270911366213813	1.0644520425338
1.98499999999989	0.487484034350851	-1.19774132454779
1.98599999999989	0.818757613512275	-1.38040609226607
1.98699999999989	-0.0317279890252381	0.490033440882833
1.98799999999989	-0.69746379916255	2.0657304022509
1.98899999999989	-0.270013959073758	1.35269350346557
1.98999999999989	0.436081322996724	-1.24516141394616
1.99099999999989	0.65863667717835	-1.67633756826345
1.99199999999989	-0.0735732680754829	0.772976804396781
1.99299999999989	-0.486987329599057	2.29519433099114
1.99399999999989	-0.196886111947669	1.1400065689915
1.99499999999989	0.630973941042815	-1.14194273835406
1.99599999999989	0.834432052981275	-1.37074165700337
1.99699999999989	-0.00338936040720213	0.475555936130116
1.99799999999989	-0.604173139939119	2.05550796324246
1.99899999999989	-0.163796879227236	1.32121618675958
2	0.145833029846284	-1.30804542034305
