"Time [s]"	"FluxLinkage(Phase_A) [Wb]"	"FluxLinkage(Phase_C) [Wb]"	"FluxLinkage(Phase_B) [Wb]"
0	-0	-0	-0
0.001	0.0374887248907518	0.272181163553476	-0.291414779486899
0.002	0.148683700227947	0.412154167704035	-0.526746484669232
0.003	0.318854131932765	0.467873490732874	-0.754685846912897
0.004	0.531269655069267	0.442735759342637	-0.962953947130346
0.005	0.774428886638521	0.33270240041927	-1.12001212497741
0.006	1.03108046774305	0.160057354893724	-1.19043021184547
0.007	1.24636851849761	-0.0546679307979461	-1.1852318808147
0.008	1.40471335112803	-0.29107743682933	-1.12352026158036
0.009	1.51465054625629	-0.522418472075682	-1.01363621384385
0.01	1.57222012039565	-0.734920882859808	-0.857844729110374
0.011	1.56819652479739	-0.920099061291934	-0.641641755597295
0.012	1.49951627161403	-1.05456491482014	-0.385833484930782
0.013	1.36191192025864	-1.13360964150489	-0.126575940462757
0.014	1.15664396401932	-1.15894601972249	0.077360503985278
0.015	0.87002679680894	-1.12696739193739	0.221634154716145
0.016	0.578697187700021	-1.00888704393888	0.310950761931439
0.017	0.343791160318356	-0.784799971686792	0.357136149120173
0.018	0.1876151048656	-0.481289893812496	0.349931005311341
0.019	0.0893086951816313	-0.151354348305032	0.25822407609862
0.02	0.010706647599759	0.0857115592156599	0.0307077308945924
0.021	-0.0291405597515293	0.238903508293063	-0.298614867702832
0.022	0.0502893974402176	0.388657474068632	-0.576806710417843
0.023	0.25301891635525	0.54738212923329	-0.79562758911466
0.024	0.517564080725122	0.594929052177969	-1.06466335864094
0.025	0.822908559764901	0.452928695854285	-1.25378418737414
0.026	1.03133353194628	0.326702352249285	-1.27471714036888
0.027	1.16261884172707	0.146227314111164	-1.31228994454963
0.028	1.2903538859709	-0.0682562530134149	-1.307684355941
0.029	1.42299743648272	-0.265319814203676	-1.23254859488576
0.03	1.48578057990866	-0.481573162580807	-1.0137868381685
0.031	1.41081531001092	-0.684199857433048	-0.754659159061701
0.032	1.28822790936943	-0.80859633797178	-0.493611204173308
0.033	1.13839774516746	-0.885051224559724	-0.257983545972675
0.034	0.955492804918748	-0.913665200839129	-0.0606069976744268
0.035	0.67115157263031	-0.881569294742216	0.0832033649000374
0.036	0.374253991012543	-0.7407557166065	0.172291321945888
0.037	0.11498278422135	-0.50490144592142	0.216234649413477
0.038	-0.0248456845767476	-0.264035605033112	0.237099817240905
0.039	-0.079513546189606	-0.00962405006930415	0.185702642130858
0.04	-0.0989439638827517	0.277801416610244	-0.0198084036802
0.041	-0.0868424814681975	0.470633850993855	-0.316970546042547
0.042	-0.0400845553854792	0.569920456706517	-0.544108964027642
0.043	0.100674898914083	0.596233366333677	-0.773890276078987
0.044	0.377970627880943	0.585375521573346	-0.974554040243881
0.045	0.682853390747957	0.503872364118462	-1.11903242302213
0.046	0.958153563440333	0.343403868955885	-1.2114494927169
0.047	1.19535600337126	0.108406045146825	-1.25397431545489
0.048	1.34513582843467	-0.103781158660732	-1.24101453839642
0.049	1.42873025229584	-0.351522635066151	-1.12315598349164
0.05	1.46983004226042	-0.59024884255189	-0.916012261641037
0.051	1.45236847687665	-0.778976708584362	-0.642251080052498
0.052	1.35320326777851	-0.911475895974803	-0.350025496633319
0.053	1.17002993268242	-0.999657776922888	-0.0623124976836979
0.054	0.96791231670542	-1.07196403288985	0.153206665947098
0.055	0.700454471721698	-1.07654602236103	0.27364632776879
0.056	0.385389063269548	-0.88493325779447	0.373796428493159
0.057	0.183238202706643	-0.675409419574522	0.502241409245298
0.058	0.0718124712679544	-0.399375334604299	0.537259824006173
0.059	-0.108316984835593	-0.150377544412313	0.350100640991024
0.06	-0.229726318732752	-0.0209465190084555	0.213721529676729
0.061	-0.164583575672711	0.201870624062742	-0.0652396522281364
0.062	-0.115962869460603	0.351638488147752	-0.217562398441767
0.063	0.0198510381843342	0.345394042066433	-0.490490300253903
0.064	0.283851914303466	0.375032031310511	-0.691321876031474
0.065	0.500299410319514	0.360595627831679	-0.739118459909516
0.066	0.805734329166364	0.150988360638539	-0.818653812272921
0.067	0.983755642739956	-0.0776823752630954	-0.906898428286067
0.068	1.08481170964939	-0.272753949257843	-0.856823593436558
0.069	1.18952583475657	-0.598118455041461	-0.690426862399732
0.07	1.26552820247168	-0.896417258689152	-0.4721753685159
0.071	1.29792806630256	-1.04664720287038	-0.269258535751943
0.0720000000000001	1.17541526773627	-1.15053527979192	-0.00359634838626432
0.0730000000000001	0.967008541514415	-1.21903034559881	0.312214140209627
0.0740000000000001	0.704943871309236	-1.25737232802607	0.58706510726027
0.0750000000000001	0.478478002116095	-1.27865105154725	0.72456960328317
0.0760000000000001	0.149674256292017	-1.08836475325424	0.786540635195015
0.0770000000000001	-0.144258991276276	-0.818819894241456	0.856169082268786
0.0780000000000001	-0.263480420192671	-0.574017131298739	0.936665722769897
0.0790000000000001	-0.376596155421928	-0.237676461392431	0.754277099224179
0.0800000000000001	-0.569397326939925	-0.0686359166702442	0.571215619679117
0.0810000000000001	-0.531593844495571	0.109088470789281	0.28143334851608
0.0820000000000001	-0.439843228497692	0.355638767988758	0.119921323583183
0.0830000000000001	-0.307547639330757	0.374366131668859	-0.147374104375452
0.0840000000000001	-0.0908495182888051	0.453531000103392	-0.341405516549469
0.0850000000000001	0.202682553069676	0.408682220549024	-0.419567688301835
0.0860000000000001	0.364504481582733	0.253068312431088	-0.611303653120891
0.0870000000000001	0.585094110371905	0.0681602824872758	-0.578135499711199
0.0880000000000001	0.760742208341046	-0.171903782245662	-0.590797465014794
0.0890000000000001	0.794253815564164	-0.460654331037561	-0.464416533200087
0.0900000000000001	0.928036634244308	-0.661148412103798	-0.264902570824676
0.0910000000000001	0.833384588947548	-0.840071592637909	-0.0476863831466006
0.0920000000000001	0.763640963932896	-1.0340390334604	0.245877323642144
0.0930000000000001	0.60099962615134	-1.00921563682653	0.510427403778716
0.0940000000000001	0.324274887427528	-1.0919660769437	0.769715275274637
0.0950000000000001	0.0741771615245821	-0.971138888108028	0.872369878339941
0.0960000000000001	-0.242562485367041	-0.823019142170961	1.07289521113889
0.0970000000000001	-0.499129143352485	-0.616982637917553	1.00193441218496
0.0980000000000001	-0.728167021849132	-0.322419345606816	1.064339803431
0.0990000000000001	-0.80766291865659	0.0378847676826211	0.866896836136325
0.1	-0.974764329468274	0.23949083463039	0.711785216750565
0.101	-0.877912387278382	0.552481133785735	0.373212857889039
0.102	-0.86471146226006	0.635610719499084	0.0893074663395994
0.103	-0.651133499854064	0.85898353180512	-0.163619208362185
0.104	-0.359789921762015	0.794080167798397	-0.429343184694385
0.105	-0.109036763680404	0.83128174631489	-0.565933842469831
0.106	0.122350989338622	0.658780121097472	-0.812428876797776
0.107	0.439533862243158	0.403280796224035	-0.785248760900983
0.108	0.55950978611212	0.116725814049138	-0.817970739481592
0.109	0.751373996894865	-0.0997300672213136	-0.778355321064073
0.11	0.928285977475862	-0.344181644988139	-0.540078750193499
0.111	0.86714971040852	-0.640781155445471	-0.266855863165463
0.112	0.791598884718851	-0.762170491046297	0.0557388662680165
0.113	0.660750878447232	-0.85013044543824	0.328450423732019
0.114	0.410813628231573	-0.921796629020013	0.53977142855775
0.115	0.0931278544157518	-0.905116274893392	0.720421044594575
0.116	-0.22713236392388	-0.772319210943204	0.86808683926852
0.117	-0.529849905627418	-0.534484027279424	0.962832037995588
0.118	-0.779825304918381	-0.261402535317376	0.999812548422768
0.119	-0.938910608288859	0.0598059486610187	0.935393254968148
0.12	-1.01769182108687	0.39123670173658	0.682819659770257
0.121	-1.01285967739565	0.681520493271218	0.322716060595413
0.122	-0.90548311009876	0.935973558619867	-0.0734940720798274
0.123	-0.73715832185107	1.13382574818941	-0.377419445905122
0.124	-0.419467635657562	1.14046487771233	-0.65692304330869
0.125	-0.00289487212765691	1.00403237624313	-0.915069460176434
0.126	0.411747690899908	0.782726713407017	-1.13638288628994
0.127	0.691918952008486	0.517650545306143	-1.25987618492861
0.128	0.947956315532481	0.0985663316908296	-1.1282028930605
0.129	1.18131039365275	-0.352490776987056	-0.889939404464601
0.13	1.3526384528624	-0.702850448413857	-0.626948080504209
0.131	1.2401730542801	-0.971272781132089	-0.228252700390011
0.132	1.01183172124388	-1.23170631827235	0.241590890900479
0.133	0.755873310663641	-1.42259625584772	0.651778274236431
0.134	0.370244995582779	-1.3182655416685	0.952817627772727
0.135	-0.1080616157024	-1.11049858801877	1.2494366682852
0.136	-0.559452843773664	-0.874520116429331	1.45730227506644
0.137	-0.891683824867985	-0.505833723868269	1.36634281856368
0.138	-1.22076524758849	-0.0286157490388013	1.18522188187702
0.139	-1.45249646191472	0.453496484254089	0.960650023649517
0.14	-1.41309871305327	0.818812350698334	0.622261845799477
0.141	-1.25024291790969	1.1575004279841	0.15263146491711
0.142	-1.01791452290634	1.41771204280473	-0.330748159152993
0.143	-0.729942003403162	1.49125710378927	-0.762745676271464
0.144	-0.290684364790369	1.34863940808527	-1.07913144983431
0.145	0.18987569617088	1.1090046051701	-1.34800015389018
0.146	0.658767413336214	0.785770718172018	-1.5100704558736
0.147	1.05206042176863	0.413031436686075	-1.51561684059743
0.148	1.30064838205406	-0.0236171242602663	-1.29723644206792
0.149	1.44401351357014	-0.49204518837075	-0.97713653786093
0.15	1.47432981297999	-0.93111848886012	-0.579668137859863
0.151	1.38189436580521	-1.28919699646408	-0.126586669063117
0.152	1.17298616162934	-1.52578264121421	0.345091828163249
0.153	0.833506490697439	-1.59831814322612	0.770569363451899
0.154	0.391986001061759	-1.51316186846576	1.11749423619546
0.155	-0.0894311179843548	-1.30789026253037	1.37239509391237
0.156	-0.564554212959563	-0.989809093357466	1.50905486878042
0.157	-0.992364759823051	-0.587038979414591	1.51569153883741
0.158	-1.32267588876238	-0.12422176150382	1.39116214052055
0.159	-1.53505133095307	0.369719872028202	1.14186964743324
0.16	-1.61353076465115	0.823932891308371	0.784416076745066
0.161	-1.54204708267628	1.19583639362138	0.350871318830705
0.162	-1.32893292135557	1.44829596520353	-0.120537991800754
0.163	-0.981024646688863	1.57006624652079	-0.580272942308757
0.164	-0.539471045012009	1.55189371075887	-0.984503205780012
0.165	-0.0479732384123561	1.39303990543455	-1.29864620267017
0.166	0.444442437671716	1.09773105131226	-1.49959115562114
0.167	0.904323009317476	0.699826024130715	-1.56957590981137
0.168	1.28217605509672	0.245378364802549	-1.48506547361606
0.169	1.52648073826069	-0.231253665296619	-1.24173579625216
0.17	1.60215529432555	-0.692782917145211	-0.862739760812397
0.171	1.5301328423291	-1.10010462603158	-0.397379203603192
0.172	1.32170231379425	-1.41639772484673	0.117206200128849
0.173	1.00391720900141	-1.60367796143497	0.629105725894711
0.174	0.584139025098635	-1.60917026385771	1.05907752105692
0.175	0.0629089065772314	-1.44536905411052	1.34661664983878
0.176	-0.470089325054017	-1.11809183726022	1.53947728566342
0.177	-0.964886921410288	-0.683589037865552	1.61546172915161
0.178	-1.34477973913212	-0.20867507411741	1.51775017456552
0.179	-1.5372266425091	0.315215340635906	1.24812374132389
0.18	-1.60423624756923	0.831914866008151	0.821614977584301
0.181	-1.55343304419812	1.26503974657143	0.310931177942581
0.182	-1.34570827542377	1.53428454152505	-0.200236575864731
0.183	-0.962237682944883	1.62836221575234	-0.697014889295049
0.184	-0.458384967483252	1.57292344782227	-1.15515840750876
0.185	0.090049846537491	1.40315885490611	-1.48654671758242
0.186	0.596983138639268	1.08922862484428	-1.64363825481084
0.187	1.03529967697406	0.616622684568302	-1.62953709759923
0.188	1.40720948098163	0.0785900383372479	-1.45272773306346
0.189	1.62604970168295	-0.471673957672195	-1.16636448890198
0.19	1.68096216493312	-0.949090783872273	-0.76904493515672
0.191	1.55887755927335	-1.30429683115274	-0.256592239633116
0.192	1.2721351301565	-1.56013051742272	0.283948436552786
0.193	0.870599476020255	-1.68061313684417	0.793556613607115
0.194	0.402319302028211	-1.64093496572464	1.22389322461401
0.195	-0.102590464160407	-1.4403657258177	1.51176269599475
0.196	-0.605298517865585	-1.07337547589862	1.64880331108771
0.197	-1.0634312580732	-0.603477479237829	1.63982155291663
0.198	-1.42320660783288	-0.0845910485781804	1.48890968028868
0.199	-1.63432892927166	0.446756563031958	1.20996155947791
0.2	-1.69717274214187	0.923543684390093	0.812927264216494
0.201	-1.60706678611427	1.29413830974883	0.325403053467512
0.202	-1.36447313177928	1.54126459016417	-0.203758919426586
0.203	-0.980481589834324	1.65776692750848	-0.712406384442717
0.204	-0.501818210483583	1.6292386736392	-1.1536810175329
0.205	0.0228332619781456	1.45749717093046	-1.47890866418289
0.206	0.541215762170725	1.15309490207287	-1.65295533348676
0.207	0.992996406295986	0.72714204951249	-1.68238174019533
0.208	1.34325263116809	0.220316113467481	-1.55729046099429
0.209	1.56888041558029	-0.312948274488358	-1.27991907042902
0.21	1.66249974634394	-0.813756934585763	-0.86984729803967
0.211	1.60605160827652	-1.2422068792503	-0.379639221337146
0.212	1.40286737464256	-1.53764136126665	0.143753910948793
0.213	1.05480457781468	-1.67382040199145	0.644920130106811
0.214	0.58200040407587	-1.65916453795702	1.07324785058689
0.215	0.0475128168646255	-1.48345980603985	1.40976344441624
0.216	-0.492505327596994	-1.15862464485145	1.62388173326724
0.217	-0.98752772401231	-0.731386921900643	1.68175875854363
0.218	-1.36862233734646	-0.241096658794658	1.56218884868607
0.219	-1.5903908630885	0.295579940809445	1.28855441873293
0.22	-1.67187878473305	0.814920070098831	0.868709836519686
0.221	-1.60665344249135	1.25781422959489	0.360596319753324
0.222	-1.39651165376981	1.55800983969084	-0.175646229391426
0.223	-1.02454330054424	1.68757334943904	-0.678015742325099
0.224	-0.528960131935402	1.6546046028359	-1.12357527425409
0.225	0.0227213146954207	1.45678574599918	-1.48119395295015
0.226	0.572543883470309	1.13443153241982	-1.66898838269567
0.227	1.03766583522382	0.692796026382747	-1.69367317134694
0.228	1.38895169024484	0.156002217714452	-1.54879031424073
0.229	1.62570639896563	-0.401840379258427	-1.23031806426896
0.23	1.70826026553594	-0.91671565829445	-0.798361222347666
0.231	1.6172763554553	-1.32805975633797	-0.310439366353091
0.232	1.36650818680132	-1.57968209220795	0.227559693263468
0.233	0.953136950867954	-1.68926344048958	0.753410170394734
0.234	0.44461167120778	-1.65180822217105	1.20358982992049
0.235	-0.0936028703375265	-1.46738657355582	1.52661601793228
0.236	-0.604044756257846	-1.12435712079623	1.68749410369874
0.237	-1.05681973214051	-0.648390884475931	1.68826170666828
0.238	-1.42764530758295	-0.111719594296463	1.52164809667392
0.239	-1.65119069847906	0.437802102808406	1.21999437556584
0.24	-1.71692488591081	0.939561342919962	0.811672716357836
0.241	-1.6218928998834	1.32887425150284	0.320097377519494
0.242	-1.37179047312802	1.58003658675485	-0.218833303177551
0.243	-0.972480579293525	1.69405369553674	-0.73908604593287
0.244	-0.478413424959072	1.65898655990325	-1.18554687008588
0.245	0.0555568693007715	1.47819940503689	-1.51094792296324
0.246	0.573959561879443	1.15541506067706	-1.68108279100622
0.247	1.02371361737194	0.703618980851561	-1.70422736536839
0.248	1.3828187428055	0.17909845526224	-1.56426576883761
0.249	1.61847068598288	-0.36512378455	-1.26808749629738
0.25	1.70724868277315	-0.870091339801757	-0.845834156885262
0.251	1.63197863412178	-1.28923295632855	-0.359388425436368
0.252	1.40945800905454	-1.56968422621532	0.16127082205209
0.253	1.03503948558584	-1.69623149592598	0.665925986606577
0.254	0.551422179008091	-1.67166405422121	1.11200565778055
0.255	0.0129901593220604	-1.48717949763676	1.46376292069014
0.256	-0.527620233093331	-1.16569990471031	1.66339653381712
0.257	-1.00848314914421	-0.738178902371587	1.70046581887671
0.258	-1.37796410227693	-0.23320080858616	1.57244922784071
0.259	-1.60476518947497	0.313363952572104	1.29299199777736
0.26	-1.69271137148095	0.831997175004752	0.870042679652339
0.261	-1.62837252019074	1.270916548087	0.365012725157671
0.262	-1.41235007321932	1.56542324247366	-0.168337479398337
0.263	-1.03871010193688	1.69812173124726	-0.674230300587023
0.264	-0.545295493133988	1.67288148297012	-1.11884561840902
0.265	0.00342870363204291	1.48027722242668	-1.475811192202
0.266	0.552339852118193	1.15198089587057	-1.67305100299176
0.267	1.03151178203044	0.716183697056911	-1.70314307447955
0.268	1.39086059490468	0.190669713595243	-1.56734279913516
0.269	1.62091697032828	-0.368151973337675	-1.26835580067052
0.27	1.71045129248936	-0.886950500194033	-0.827138926486108
0.271	1.62931622074641	-1.31295911955281	-0.32865316664464
0.272	1.39183787725265	-1.58746988031074	0.200573693642261
0.273	0.995022605987897	-1.70123479103924	0.719580510320595
0.274	0.489665626410699	-1.65935270013897	1.18078166321192
0.275	-0.06399825932168	-1.47080103084129	1.51633225500079
0.276	-0.596395075541516	-1.14364543288002	1.68806380097771
0.277	-1.04846288184719	-0.678712914359648	1.70594797320734
0.278	-1.41396387521549	-0.140514452922814	1.54755244170298
0.279	-1.64952527872643	0.412811492693207	1.23149517085988
0.28	-1.72164640077882	0.925286677783161	0.811331974423975
0.281	-1.62769345297696	1.33325648873455	0.323188482300395
0.282	-1.37750611426924	1.58842509604561	-0.213414168118622
0.283	-0.978480930642606	1.70204136342994	-0.737333432486382
0.284	-0.477548844221053	1.66373237765394	-1.18989912723018
0.285	0.0643226811747172	1.4790828024483	-1.51840691733374
0.286	0.586800568014106	1.15103630795499	-1.68886290320151
0.287	1.03802346736992	0.691261767555276	-1.70907510026216
0.288	1.40189207305048	0.160937586239176	-1.56006746391054
0.289	1.63880049577914	-0.386256549580633	-1.25317734312745
0.29	1.71925820714624	-0.894493828492575	-0.831057733462833
0.291	1.63474647228275	-1.31124579009254	-0.345583290692835
0.292	1.40160629400423	-1.58331709862762	0.179900357645416
0.293	1.01711252330899	-1.70269621865563	0.692730522800666
0.294	0.527311498525913	-1.67059060241338	1.14782168701284
0.295	-0.0146479407989092	-1.48311516300058	1.49348483807766
0.296	-0.553349281077791	-1.1642849383227	1.67663898341254
0.297	-1.02242962185382	-0.727991367672094	1.70680590383269
0.298	-1.38382193319878	-0.208619986551471	1.57380023654216
0.299	-1.6154318195882	0.340991544099601	1.28566561186018
0.3	-1.70641740459639	0.857355170160747	0.857544883506079
0.301	-1.6350741989593	1.28559726249159	0.357687647372545
0.302	-1.41218703741292	1.57427631702395	-0.169248880453841
0.303	-1.03358870488495	1.70302456411289	-0.67650624265752
0.304	-0.542217043649215	1.67615086869725	-1.12540826846049
0.305	0.00310568879075237	1.48430603684296	-1.48181487112341
0.306	0.549109570291957	1.15858107591985	-1.67555834409118
0.307	1.02743495224979	0.723540786253382	-1.70623171494149
0.308	1.39033805870627	0.202301800355937	-1.57167470428168
0.309	1.62048444309386	-0.353085079704352	-1.27868470516312
0.31	1.71016008001228	-0.873158882838222	-0.84272192192831
0.311	1.63346805461206	-1.30154669236236	-0.340795359892021
0.312	1.40189945645504	-1.58504251854262	0.186958577303694
0.313	1.01241150870196	-1.70555264566449	0.700185081027141
0.314	0.513913072056426	-1.66798984790488	1.15985502015788
0.315	-0.0379996827966984	-1.47430347586856	1.50677633780489
0.316	-0.581176924995983	-1.15086794400296	1.68446879714864
0.317	-1.04235453746498	-0.698650646477604	1.70905391778601
0.318	-1.402641312365	-0.163615137626029	1.56267861198701
0.319	-1.64033490078269	0.390464453162818	1.24964078550023
0.32	-1.72071390269886	0.905276281925124	0.818080864905322
0.321	-1.63148692503991	1.32495848606189	0.328437612937532
0.322	-1.38910548274242	1.59198655555437	-0.202886397777893
0.323	-0.992545252287841	1.70442250386693	-0.72509757249569
0.324	-0.489847936079563	1.66484681737236	-1.1826443689544
0.325	0.0578673524228018	1.47723451007756	-1.5163381042025
0.326	0.588087828064805	1.15116452832462	-1.68885743560002
0.327	1.04162382658177	0.692017314299792	-1.71045135805146
0.328	1.40528741785634	0.159233363327098	-1.56048059789429
0.329	1.64281823323385	-0.39052960358975	-1.24974594966046
0.33	1.7215653720357	-0.901675543814093	-0.824977809958762
0.331	1.63405712886225	-1.3191642154322	-0.338032955466074
0.332	1.39631444887768	-1.58874027729865	0.190148747440749
0.333	1.0070550580692	-1.70476301481319	0.707494897158114
0.334	0.512325890148562	-1.66897335782775	1.16458816156571
0.335	-0.0319022624609151	-1.48074124603266	1.50484198753608
0.336	-0.568488043743551	-1.16043383792629	1.6824659106299
0.337	-1.03046514098305	-0.715401303113193	1.70983434816001
0.338	-1.39064462722141	-0.18966995689833	1.57181697602585
0.339	-1.62572390985407	0.360370054232796	1.27508875133102
0.34	-1.71408616053194	0.873345082360395	0.844358964169901
0.341	-1.63641482182519	1.29798899141352	0.350132998136911
0.342	-1.40780652178141	1.58128997101586	-0.174538369557625
0.343	-1.02516538763337	1.70536983424162	-0.684307803809946
0.344	-0.534056963309524	1.6750774590928	-1.13743268311811
0.345	0.0103751090619835	1.4830230528738	-1.49067814103905
0.346	0.554097705129793	1.16001442556597	-1.67825309739899
0.347	1.02806763656066	0.723303011743476	-1.70779384065543
0.348	1.39034031385791	0.201285037703344	-1.57259589528111
0.349	1.62197369486428	-0.351947764431427	-1.27960757096229
0.35	1.71129808308785	-0.870380236469571	-0.845974370141593
0.351	1.63506285208378	-1.29827128909477	-0.345546418775933
0.352	1.40529203668665	-1.5834451417175	0.181404471468118
0.353	1.01904895621623	-1.70638322011816	0.692730702977377
0.354	0.523708100631722	-1.67220608841332	1.14929590180002
0.355	-0.0253154218683281	-1.4776200004904	1.50066255530743
0.356	-0.570381458807981	-1.15406206199708	1.68250753636085
0.357	-1.03793918520502	-0.709045244653862	1.70906676856247
0.358	-1.39774116955939	-0.178368744685762	1.56808855760968
0.359	-1.63329021051646	0.376313280229816	1.26252407984939
0.36	-1.71827712151154	0.89194097099818	0.826565819953356
0.361	-1.63353827203406	1.31594863962288	0.333420096000398
0.362	-1.39535709671533	1.59073631357416	-0.194859421482174
0.363	-1.00238539665162	1.70604413932972	-0.712914717450709
0.364	-0.502330880957515	1.66677301065347	-1.1727392200419
0.365	0.0472649215616587	1.47608738491843	-1.51230918477096
0.366	0.584277226652852	1.15227424516549	-1.68704692845731
0.367	1.04147126601094	0.697426627092782	-1.71067016431739
0.368	1.40338122967829	0.164412643688339	-1.56341859230487
0.369	1.64101415289912	-0.387051235999437	-1.25259701546921
0.37	1.72124553749161	-0.899971211692686	-0.823779712842322
0.371	1.63385148107422	-1.319753323016	-0.335181352728008
0.372	1.39512395552527	-1.59058903349236	0.193208066449633
0.373	1.00404241530491	-1.70576004582897	0.711413262746111
0.374	0.507057621192476	-1.66834095305339	1.16931284477185
0.375	-0.038846303656144	-1.4789793229415	1.50879500071824
0.376	-0.575326846969402	-1.1571886736986	1.68487956393197
0.377	-1.03512390557427	-0.70818348615116	1.71074655315127
0.378	-1.39575406927102	-0.179690338240248	1.56930835303058
0.379	-1.63201580363082	0.370639947938522	1.26700617542957
0.38	-1.71754508815031	0.883047340816514	0.836071026285492
0.381	-1.63604075731343	1.30615357950397	0.344557380914395
0.382	-1.40365418122538	1.58554578535638	-0.180635990965331
0.383	-1.01815012464188	1.70624364281662	-0.692888682846581
0.384	-0.525672863408618	1.67294055529105	-1.14878309188676
0.385	0.0193505618175154	1.48104854544753	-1.49790307536904
0.386	0.561317811726404	1.15925615601193	-1.68066326296313
0.387	1.03079274400553	0.719319162154661	-1.7089153222016
0.388	1.39182545887219	0.195073952979819	-1.57212320812845
0.389	1.62492004139377	-0.357252454241604	-1.27665572929692
0.39	1.71341486926836	-0.873592227260753	-0.843287363558849
0.391	1.63566742364417	-1.30008225442187	-0.345516908240111
0.392	1.40530764971482	-1.5840619060039	0.18049567339852
0.393	1.01976022793904	-1.70666668519537	0.691771477454576
0.394	0.525718884966579	-1.67320572618587	1.14753392564751
0.395	-0.0216526838743878	-1.4790540893817	1.49898414968886
0.396	-0.566096702494752	-1.15569411334149	1.68186245546997
0.397	-1.03545469931982	-0.713278029798066	1.70910212330369
0.398	-1.39576662330416	-0.185434673083455	1.56995586266085
0.399	-1.63000079909519	0.368684531868135	1.26869954582759
0.4	-1.71655938298837	0.884719867287516	0.832564957690048
0.401	-1.63450169022112	1.31005969746438	0.337235655176991
0.402	-1.39917797633633	1.58896240175531	-0.189687500835676
0.403	-1.00888971278573	1.70679585315048	-0.704941918494605
0.404	-0.511079167842878	1.66882077409417	-1.16436531377076
0.405	0.0382212523619596	1.47624963828081	-1.50840484695333
0.406	0.578954063610229	1.15331853995309	-1.6853707303025
0.407	1.0401218788612	0.702912755036796	-1.71038430814478
0.408	1.40069779444026	0.171042527011346	-1.5661041193403
0.409	1.63759872811478	-0.381454152019358	-1.25773677011715
0.41	1.72008338442498	-0.895238897010122	-0.825562853967079
0.411	1.63410251619221	-1.31722605245954	-0.334960615989023
0.412	1.39612927733538	-1.59072217847673	0.19274443574849
0.413	1.00501431452245	-1.7063897115943	0.710100653026775
0.414	0.507528659640619	-1.66840698282414	1.16868989554847
0.415	-0.0396300183566483	-1.47777574628703	1.5093573385652
0.416	-0.577452096546013	-1.15544296573235	1.68545355742946
0.417	-1.03749420080138	-0.705646220845674	1.71081717531537
0.418	-1.39813284041138	-0.175983360995186	1.56806834848258
0.419	-1.63454722006352	0.374901352269135	1.2633793232477
0.42	-1.71875876291812	0.88766975288831	0.831877454884954
0.421	-1.63548086041922	1.31037761174212	0.340850393071242
0.422	-1.40104319725414	1.58776385996047	-0.184992883878114
0.423	-1.01376395428275	1.70658539344334	-0.698798671117036
0.424	-0.519751265917952	1.6714063242308	-1.15592811422045
0.425	0.0260927715125135	1.47960770326678	-1.50224523275629
0.426	0.567051448073347	1.15795443303985	-1.68236682686947
0.427	1.03335814545205	0.715084630240654	-1.70962876745805
0.428	1.39374680502641	0.188999316003842	-1.57116831880161
0.429	1.62786034374569	-0.362898513294743	-1.27300352525625
0.43	1.71524587165236	-0.877840686244227	-0.839500087108135
0.431	1.63573461852183	-1.30317660480457	-0.343899944630619
0.432	1.40419279762446	-1.58537101074709	0.181676668989862
0.433	1.01823018981703	-1.70686289385392	0.693479532033288
0.434	0.524531750754651	-1.67297619077574	1.14950224137943
0.435	-0.0221602772591307	-1.47928353038233	1.49966508225019
0.436	-0.565716579905612	-1.15632903041943	1.68197333605492
0.437	-1.03472286635255	-0.714337966165411	1.70928033416311
0.438	-1.39517310027866	-0.187575771399183	1.57056519743909
0.439	-1.62900663921916	0.365790767721678	1.2708398182253
0.44	-1.7158842663747	0.881681782680148	0.835431290098213
0.441	-1.63496495246395	1.30723717112385	0.339399941426503
0.442	-1.4011456139566	1.58781705019074	-0.18693278337515
0.443	-1.01244777381959	1.70709694705578	-0.700644569527939
0.444	-0.516169389401083	1.67038244061173	-1.15887163106754
0.445	0.0323703987639951	1.47692284478452	-1.50550954393141
0.446	0.574634852653232	1.15406604233013	-1.6842366032605
0.447	1.03881383672792	0.706931836623207	-1.71003222545703
0.448	1.39887827366288	0.176690479572515	-1.5679003663534
0.449	1.63466299814786	-0.376320319007099	-1.26235661828989
0.45	1.71880596171642	-0.890671278301678	-0.828178442051384
0.451	1.63443466354488	-1.31412634347785	-0.33575885119803
0.452	1.39771186380719	-1.59015322510986	0.191218683526452
0.453	1.00726505140851	-1.70682273618228	0.707287244412086
0.454	0.510047332015239	-1.66889083036598	1.16605622936854
0.455	-0.0377511978206525	-1.47711023079344	1.50849279302659
0.456	-0.577215315894021	-1.15464853912269	1.68523455884256
0.457	-1.03847722545547	-0.7055859850371	1.71063601944435
0.458	-1.3988568466923	-0.175679039271737	1.56786852920351
0.459	-1.63496755321497	0.375837980336675	1.26259453432822
0.46	-1.71893623063974	0.889119947909162	0.830152987522055
0.461	-1.63510869470023	1.31201264473884	0.338698755146253
0.462	-1.39976574865748	1.58884424920862	-0.187538327346978
0.463	-1.01139824021774	1.7068144353021	-0.702033142108862
0.464	-0.516331133737857	1.67052962745639	-1.15967813166698
0.465	0.0301843851343876	1.47853474765774	-1.50459961824033
0.466	0.570780678647194	1.1566585565773	-1.68344295779809
0.467	1.03538712984926	0.71186869382068	-1.71000917079851
0.468	1.39554872600076	0.184486604154514	-1.57019655985637
0.469	1.63019607797837	-0.367250332488216	-1.2697510387698
0.47	1.71650937817857	-0.881454856111572	-0.83626053882626
0.471	1.63558476521434	-1.30602452004566	-0.341955094008783
0.472	1.40290383323823	-1.5866395210579	0.183557392215011
0.473	1.01625213922095	-1.70701276458263	0.69601010120065
0.474	0.522307976242378	-1.67236826347409	1.15245484639685
0.475	-0.0242086946605206	-1.47898500688614	1.50112225613041
0.476	-0.566980649014935	-1.15636496709684	1.6824072286852
0.477	-1.03496801054247	-0.713901367313953	1.70951353709287
0.478	-1.39530320312364	-0.187319118959039	1.5706426640746
0.479	-1.62911159794956	0.365476397096213	1.27107739375441
0.48	-1.71585490750352	0.880938989489037	0.836200229386611
0.481	-1.63519459296023	1.30630593796637	0.340277513797257
0.482	-1.40200210968329	1.58732868615287	-0.185765893221213
0.483	-1.01417108353751	1.70722053064054	-0.698709452993866
0.484	-0.518794036320054	1.6712665212085	-1.15598831740506
0.485	0.0291108788146595	1.47743014258407	-1.50379656716051
0.486	0.5719137162204	1.15454566225042	-1.68356708772192
0.487	1.03782835571609	0.70944081500035	-1.70979206237242
0.488	1.39778864002067	0.180574231971267	-1.56892923317299
0.489	1.63267370498319	-0.372544786771819	-1.2655623537228
0.49	1.71778481523409	-0.887294138553996	-0.830679500670155
0.491	1.63468823327662	-1.3115472361107	-0.336830001948647
0.492	1.39915675268453	-1.58943921308065	0.189673580996684
0.493	1.00954958360514	-1.70711829008443	0.704480841817987
0.494	0.512940106129789	-1.66961959141375	1.16293733674545
0.495	-0.0350150727150481	-1.4768806207057	1.50717237753136
0.496	-0.575870287613404	-1.15432998072892	1.68477819371649
0.497	-1.03871310786911	-0.7066056692175	1.71039377381039
0.498	-1.39879609057169	-0.176992491757773	1.56819028105297
0.499	-1.63437673507331	0.375045541781653	1.26332808667556
0.5	-1.71862420577869	0.888794001794701	0.829890924909505
0.501	-1.63492862740798	1.3121174039216	0.337625574263692
0.502	-1.39941285215216	1.58924989937461	-0.188728833947169
0.503	-1.0105712577181	1.70701003613517	-0.70326431071343
0.504	-0.514910647318892	1.67017432399997	-1.16106813088837
0.505	0.0321246071018976	1.47778478415766	-1.50567375068976
0.506	0.572835861157886	1.15561316029127	-1.68400255895256
0.507	1.03684762293344	0.709896001886247	-1.71014813411295
0.508	1.39687084854775	0.181764797318761	-1.56949221627251
0.509	1.63169999943818	-0.370020430004352	-1.26752942873722
0.51	1.71724049087712	-0.883977309235779	-0.83396117534229
0.511	1.63538419461206	-1.30809596626436	-0.340216886913706
0.512	1.40181776443989	-1.58763367713508	0.185423195879329
0.513	1.01451515234604	-1.70714619793076	0.698374072937943
0.514	0.520117672048021	-1.67175666252909	1.15511465749484
0.515	-0.026517305111424	-1.47850554038906	1.50257624136741
0.516	-0.568729260675216	-1.15603650895685	1.68291038822139
0.517	-1.0356805919729	-0.712835843833313	1.70972377604544
0.518	-1.39582672877251	-0.186026600291762	1.57044563100215
0.519	-1.62971381758966	0.36640334568097	1.27041118290875
0.52	-1.71612914418049	0.881414667032802	0.835796963995521
0.521	-1.63527673510104	1.30645779812055	0.340256450214545
0.522	-1.40217467965411	1.58732389202127	-0.185616239091892
0.523	-1.01468597068065	1.70728977306909	-0.698248989643711
0.524	-0.519745810786195	1.67161450136372	-1.15501710179121
0.525	0.0277236208585876	1.47769512787606	-1.50308549282373
0.526	0.570580301446769	1.15479034468905	-1.68328317077871
0.527	1.037298847553	0.710728982917168	-1.70969222661799
0.528	1.39726282391346	0.182769456235332	-1.56948093220315
0.529	1.63150416235721	-0.370226717999641	-1.2674839837114
0.53	1.71712317440636	-0.885152562651725	-0.832398825290077
0.531	1.63486249871395	-1.30976624274751	-0.337660324538801
0.532	1.40023481875322	-1.58884201195875	0.188569277785075
0.533	1.01133411831755	-1.70731027614554	0.70238440896449
0.534	0.515326030605619	-1.67032098352356	1.16031435984354
0.535	-0.0325888791303567	-1.47694068178839	1.5059071415265
0.536	-0.574351995346172	-1.15422257420041	1.68434795977624
0.537	-1.03861228085751	-0.70781063490535	1.71018295547843
0.538	-1.3984787880069	-0.178717999594915	1.56864253304966
0.539	-1.63348978496925	0.373629749393253	1.26460505518906
0.54	-1.71814017683406	0.887735034337009	0.830400856190016
0.541	-1.63487488045695	1.31148714646443	0.337228943251418
0.542	-1.39958562810897	1.58927921643845	-0.189095779764896
0.543	-1.01069191555638	1.70718783186165	-0.70330780207705
0.544	-0.514812674538169	1.67016879783256	-1.16103105627754
0.545	0.032572841502174	1.47731097235598	-1.50591808448071
0.546	0.573673012906177	1.15488048928641	-1.6842047340989
0.547	1.03777174880108	0.708992939356854	-1.71014971274537
0.548	1.39764892689793	0.180570097944023	-1.56914531506602
0.549	1.63238484254172	-0.371351158562295	-1.26647658005074
0.55	1.71753680906275	-0.885308859461126	-0.832636309855996
0.551	1.63521192217409	-1.30926506716381	-0.338934428396782
0.552	1.40112739693036	-1.58827178985688	0.186840393551976
0.553	1.0133627617877	-1.70726953182355	0.700039551613771
0.554	0.518564632006675	-1.67133117800648	1.15691328044328
0.555	-0.0282776149076443	-1.47805081471675	1.50361547009712
0.556	-0.57023089174649	-1.15554513687027	1.68332095242871
0.557	-1.03648534579836	-0.711752348726479	1.7098617403523
0.558	-1.39645684095548	-0.184655648667385	1.57017206896006
0.559	-1.63036903895952	0.367577359823552	1.26954354517137
0.56	-1.71643353523562	0.882266147988086	0.834989076182291
0.561	-1.6352641978759	1.30702164710593	0.33976052983351
0.562	-1.40201957673022	1.58755594004099	-0.186031543282775
0.563	-1.01456259734786	1.70736644889872	-0.698577307213547
0.564	-0.519765094908072	1.67166367276222	-1.15509402456231
0.565	0.027478838592206	1.47771589689638	-1.50300482294086
0.566	0.570250712951578	1.15479127544606	-1.68324198036916
0.567	1.03721050719546	0.711163647316715	-1.7096784793875
0.568	1.39712750592784	0.183694099662979	-1.56972790072638
0.569	1.63097856252493	-0.369109712476405	-1.26839629874854
0.57	1.71677356903784	-0.884043052678165	-0.833306687463618
0.571	1.63496691686683	-1.30877127290562	-0.338068035665684
0.572	1.40088480786407	-1.58848519836623	0.188002561317261
0.573	1.01250425147066	-1.70743698544165	0.701177334552844
0.574	0.516904536824628	-1.67082327162011	1.1585508525271
0.575	-0.0308800964714349	-1.47705007603409	1.50499646072463
0.576	-0.573158069740734	-1.15417608526045	1.68403819141816
0.577	-1.03846505355512	-0.708792510567774	1.71003324417086
0.578	-1.39818957061879	-0.180271377688823	1.56903280821492
0.579	-1.63267587697729	0.372222540989831	1.26586172633393
0.58	-1.71766280172346	0.886564724422622	0.83117784076121
0.581	-1.63487933592881	1.31063741699944	0.337181014164713
0.582	-1.39998020766677	1.58913387267031	-0.189079485006694
0.583	-1.01125528174599	1.7073443755067	-0.702812627358995
0.584	-0.515394653050811	1.67036085467812	-1.16028800665303
0.585	0.0321673825676453	1.47704739454507	-1.50570584069245
0.586	0.573739312762731	1.15439291586266	-1.68419863035725
0.587	1.03829629563375	0.708802687668867	-1.71008522486607
0.588	1.39803526672645	0.180422923868542	-1.56907295706499
0.589	1.63248340561913	-0.37164505942958	-1.26630044868271
0.59	1.71753473532908	-0.885708762960227	-0.83206912023598
0.591	1.63509223113622	-1.30969569205713	-0.338088046441684
0.592	1.40082196344114	-1.58860915791921	0.187760370344573
0.593	1.01279982105395	-1.70739413185972	0.700960479476338
0.594	0.517738501489076	-1.67112310925419	1.15781508262319
0.595	-0.0292938692319967	-1.47765989581701	1.5042027474518
0.596	-0.571244977737782	-1.15502358589554	1.68359334476364
0.597	-1.03721232240641	-0.710916120713145	1.70992721975948
0.598	-1.39703435487398	-0.183632231359767	1.56993914488689
0.599	-1.63087064377032	0.368527844085907	1.26884098448908
0.6	-1.71664640164433	0.883043958619991	0.834196000870548
0.601	-1.63520231242639	1.30761056251355	0.339084582206482
0.602	-1.40176655419138	1.58785379929197	-0.186690902194815
0.603	-1.01420653712718	1.70745545891399	-0.699206440484954
0.604	-0.519382039438289	1.67158548034874	-1.15559073735173
0.605	0.0277971550291293	1.47756683110639	-1.50322789598012
0.606	0.570486408595249	1.15459686733828	-1.6833308710313
0.607	1.03743908422812	0.711082204613342	-1.70970201899505
0.608	1.39726603712592	0.183835538420171	-1.56978680118241
0.609	1.63086589366428	-0.368807210706945	-1.26866793576545
0.61	1.71664122329858	-0.883662767441528	-0.833580844643078
0.611	1.63500897970311	-1.30837419812374	-0.338089057741757
0.612	1.40120306424029	-1.58835411472258	0.187891029471413
0.613	1.01311531093932	-1.70753890689671	0.700665327179289
0.614	0.517764753881144	-1.67112515369369	1.15760267350856
0.615	-0.029887373907744	-1.47709417349909	1.50447650449862
0.616	-0.572438548904184	-1.15409341588104	1.68386402328905
0.617	-1.0384092579341	-0.709415714435337	1.70994079078103
0.618	-1.39804360632942	-0.18138265726175	1.56930513190064
0.619	-1.63208558649198	0.371135485749373	1.26682074151108
0.62	-1.71727864886463	0.885614240217107	0.831871150783435
0.621	-1.63489784056815	1.30988754024236	0.337215515665702
0.622	-1.40038926929059	1.58895383297921	-0.188975360053265
0.623	-1.01189432080278	1.70748122263706	-0.702227485649786
0.624	-0.516165290625761	1.67061994471397	-1.15936466465056
0.625	0.0314388471304707	1.47691388066905	-1.50532875517289
0.626	0.573422709677975	1.15405992596788	-1.68410733718054
0.627	1.03858194034054	0.708968607762034	-1.71000467095677
0.628	1.39820049099004	0.180823411999324	-1.56915289875253
0.629	1.63227317430029	-0.371355247804414	-1.26661959292774
0.63	1.71737193460728	-0.885551298138773	-0.831988581732038
0.631	1.63501948030251	-1.30965695013954	-0.3375731326984
0.632	1.40078784521551	-1.58873964147862	0.188296269934532
0.633	1.01267846417534	-1.70751757470278	0.701325602448479
0.634	0.517491606705089	-1.67108822960868	1.15804225314771
0.635	-0.0296819246961588	-1.47734787926662	1.50443006813665
0.636	-0.571792148430297	-1.15454424891358	1.68373833332224
0.637	-1.03779933733517	-0.710395717901284	1.70993671744529
0.638	-1.39749122360192	-0.183060408078269	1.5697927661862
0.639	-1.63115664755171	0.369099712217752	1.26843507309754
0.64	-1.71673685948185	0.883559181845515	0.833607840096441
0.641	-1.63512613473914	1.30803509158697	0.33841891627404
0.642	-1.40155076990486	1.58811750219318	-0.187370489980686
0.643	-1.01386857457859	1.7075550660518	-0.699827238920409
0.644	-0.518955331097626	1.67149510873812	-1.15609835876119
0.645	0.028246670443469	1.47734348899397	-1.50351281599592
0.646	0.570918209523443	1.15428852682155	-1.68346178507627
0.647	1.03782630319716	0.710780265816682	-1.70973052891074
0.648	1.3975425808313	0.183628086720001	-1.56975568648255
0.649	1.63094276375592	-0.368905460268919	-1.26863203767267
0.65	1.71661371615351	-0.883670171138623	-0.833495282565053
0.651	1.63500716878744	-1.30831793603252	-0.337850139576316
0.652	1.40130843532624	-1.58837380911555	0.188079035609077
0.653	1.01335655769686	-1.70763353569834	0.700593860342876
0.654	0.518132416302331	-1.67127898906334	1.15721194723192
0.655	-0.0294307065440313	-1.47705338086318	1.5042475424361
0.656	-0.57212344689203	-1.15394077449329	1.68379871694517
0.657	-1.03848668390269	-0.709712248550765	1.70989193191127
0.658	-1.39804591336506	-0.182043861827184	1.56946830168431
0.659	-1.6317230661929	0.370434918992405	1.2674463760548
0.66	-1.71701019082228	0.884971934916838	0.83234735325257
0.661	-1.63491143261522	1.3093452155293	0.337163745528787
0.662	-1.40071355471747	1.58881792571326	-0.188932606362875
0.663	-1.01243185346527	1.70760197382176	-0.701769144587388
0.664	-0.516862432834522	1.67086625003486	-1.15854956139429
0.665	0.0307049839533061	1.47683780948372	-1.50495503347279
0.666	0.573013241312214	1.1538077530698	-1.68400711885105
0.667	1.03875787207591	0.709247411790676	-1.70993241183886
0.668	1.39826236627676	0.181416371528475	-1.56929394092898
0.669	1.63195850305376	-0.370820116384228	-1.26713891755613
0.67	1.71714629572857	-0.885138250931585	-0.832166695520193
0.671	1.6349780784858	-1.30938056793437	-0.337270675239934
0.672	1.40090476050159	-1.58874847408389	0.188592294943802
0.673	1.0128254136157	-1.70763522580556	0.701355758786654
0.674	0.51761820549107	-1.67116671433382	1.15785228776963
0.675	-0.0296377889198961	-1.47711162251025	1.50441586219716
0.676	-0.57198378643553	-1.15412707866653	1.68379193215097
0.677	-1.03824619450954	-0.710138565567503	1.70990996496869
0.678	-1.39782706016465	-0.182875507584884	1.56973013132456
0.679	-1.63125158443539	0.369315566909142	1.26831224077267
0.68	-1.71671905278753	0.88379206314932	0.833261838585096
0.681	-1.63505334769593	1.30825091344567	0.337845836639193
0.682	-1.40142200171891	1.588310802667	-0.187966728382019
0.683	-1.01365340603397	1.70766357733351	-0.700310154939778
0.684	-0.518654049132801	1.67144608428369	-1.15643645402049
0.685	0.028606039842533	1.4771061121135	-1.50373954626296
0.686	0.571335718053727	1.15392985355772	-1.68358650276046
0.687	1.03826222787396	0.710438990985148	-1.70974942298879
0.688000000000001	1.39786521656829	0.183344834175799	-1.5696982794857
0.689000000000001	1.63106767042016	-0.369123816240709	-1.26850478427773
0.690000000000001	1.71661400189962	-0.883821164618299	-0.833264857569343
0.691000000000001	1.63497881752347	-1.30840557151884	-0.337472338857569
0.692000000000001	1.401307870377	-1.58846911236948	0.188433465739956
0.693000000000001	1.01340100624713	-1.70772800744405	0.700757410482073
0.694000000000001	0.518223194266953	-1.67134735156046	1.15712797055711
0.695000000000001	-0.0292966987094204	-1.4769448659413	1.50419601638051
0.696000000000001	-0.572074848873974	-1.15372165685075	1.68380391798829
0.697000000000001	-1.0386807059567	-0.709775918095436	1.70986900600409
0.698000000000001	-1.39816022998709	-0.182368787316082	1.5695505999745
0.699000000000001	-1.63153504328515	0.370048202136412	1.26780806280934
0.700000000000001	-1.71683404615034	0.884596015549994	0.832603934842376
0.701000000000001	-1.63491150708653	1.30900569867057	0.337019814562653
0.702000000000001	-1.40093586217783	1.58874675976823	-0.188999214958449
0.703000000000001	-1.01282021058277	1.70771106420143	-0.70150311853273
0.704000000000001	-0.517393041673216	1.67106714706939	-1.15793966811942
0.705000000000001	0.030105992109202	1.47677037218746	-1.50465347797207
0.706000000000001	0.572660063922654	1.15358263436228	-1.68393221829486
0.707000000000001	1.03890750035467	0.709496332666881	-1.7098758898499
0.708000000000001	1.39832233180085	0.181990921123254	-1.56943323207737
0.709000000000001	1.63165657992679	-0.370256635833598	-1.26765466599789
0.710000000000001	1.71691810688723	-0.88467681084724	-0.832427901143668
0.711000000000001	1.63495201116764	-1.30903493872192	-0.337069877515583
0.712000000000001	1.40107517411434	-1.58870611148048	0.188779322321073
0.713000000000001	1.01309245941304	-1.7077444393255	0.701246962701193
0.714000000000001	0.517922542235889	-1.67130136824564	1.1574752562494
0.715000000000001	-0.0293604838700943	-1.47693616546062	1.50427522835603
0.716000000000001	-0.571962690659554	-1.15376539175624	1.68379640086379
0.717000000000001	-1.03858503821333	-0.710039433375006	1.70986890533957
0.718000000000001	-1.39807628388391	-0.182940442554275	1.56972740537414
0.719000000000001	-1.63122117715837	0.369282579184355	1.26838695400888
0.720000000000001	-1.71662868752898	0.883812260387155	0.833112813103126
0.721000000000001	-1.63499032443344	1.3082956259701	0.337380108366346
0.722000000000001	-1.40137751406329	1.58843494614922	-0.188456570389357
0.723000000000001	-1.0135736558924	1.70777493793182	-0.700635075395447
0.724000000000001	-0.518517413423822	1.67144972202971	-1.15657452856333
0.725000000000001	0.0288032009969647	1.47688612872585	-1.50387118026473
0.726000000000001	0.571649536319009	1.15356353363643	-1.68368456852982
0.727000000000001	1.03868278566659	0.710146829293407	-1.70975437975315
0.728000000000001	1.39817981875795	0.183123133062681	-1.56964862594054
0.729000000000001	1.63116627972656	-0.369308607515806	-1.26840399160449
0.730000000000001	1.71660042582963	-0.883971425030733	-0.833025194586993
0.731000000000001	1.63493778924831	-1.30851244753157	-0.337048928041806
0.732000000000001	1.40127510710303	-1.58858477051939	0.188849721929267
0.733000000000001	1.01337524691679	-1.70782420128398	0.701005600980618
0.734000000000001	0.518202908268127	-1.67138083923256	1.15716106466676
0.735000000000001	-0.0293072396264235	-1.47679737761872	1.50422337523646
0.736000000000001	-0.572164887073386	-1.15345730942608	1.68384318329317
0.737000000000001	-1.03894750652004	-0.709709458373976	1.70985686713418
0.738000000000001	-1.39834242004125	-0.182497630081082	1.56958459508444
0.739000000000001	-1.63144954035467	0.369858997093722	1.26800863934514
0.740000000000001	-1.71671473875437	0.884394335282471	0.832689339258991
0.741000000000001	-1.63489838484547	1.30881175345393	0.336798089937349
0.742000000000001	-1.40107703855634	1.58873038385619	-0.189165828608138
0.743000000000001	-1.01308055587343	1.70781383924117	-0.701395611515682
0.744000000000001	-0.517761142645501	1.67122049961871	-1.15752195311972
0.745000000000001	0.0296736811535372	1.47669123022161	-1.50443927523687
0.746000000000001	0.57241169498979	1.15335629988677	-1.68388995705533
0.747000000000001	1.03907242918993	0.709659157845142	-1.70983459630557
0.748000000000001	1.39841189602444	0.182461014866169	-1.56954824143272
0.749000000000001	1.63141172343398	-0.369768992911623	-1.26809569247307
0.750000000000001	1.71671430449381	-0.884265607111576	-0.832675964095847
0.751000000000001	1.63493163600605	-1.3087057617483	-0.336900071733985
0.752000000000001	1.40124685544676	-1.58865469437878	0.188939704283549
0.753000000000001	1.01338257868295	-1.7078469567191	0.701114088872383
0.754000000000001	0.518274973541755	-1.67145305171192	1.15705660080358
0.755000000000001	-0.0290030076094454	-1.47680518565308	1.50408568101882
0.756000000000001	-0.571845765335981	-1.15344328532357	1.68378245410182
0.757000000000001	-1.03885748662164	-0.710018900578709	1.70982532163353
0.758000000000001	-1.39827653889347	-0.183129594418616	1.56975573876959
0.759000000000001	-1.63112818496274	0.369113083568895	1.26856757837477
0.760000000000001	-1.7164996772922	0.883707101355787	0.83308997809879
0.761000000000001	-1.63493595910301	1.30823179178488	0.337000651994956
0.762000000000001	-1.40139154579234	1.58850787917472	-0.188860185659265
0.763000000000001	-1.01360135877402	1.70787990455996	-0.700829976312307
0.764000000000001	-0.518513211435067	1.67149504679248	-1.15655943175087
0.765000000000001	0.028856332829897	1.47669267722884	-1.50392010684663
0.766000000000001	0.571853162729342	1.15320933441987	-1.68375545215429
0.767000000000001	1.03906502185443	0.709922296854367	-1.70974782916045
0.768000000000001	1.3984669639339	0.182995930121075	-1.56961713292512
0.769000000000001	1.63121889517991	-0.369412670682454	-1.2683660249163
0.770000000000001	1.71656159882477	-0.884068047674409	-0.832831402997445
0.771000000000001	1.6348925989259	-1.30858704139244	-0.336630315596714
0.772000000000001	1.40124555709097	-1.58869363277767	0.189270120324719
0.773000000000001	1.0133467843289	-1.70792111151136	0.701259938729787
0.774000000000001	0.518161754132714	-1.67140794618085	1.15721063134198
0.775000000000001	-0.0293578783501681	-1.47663405718363	1.50427157556047
0.776000000000001	-0.572305207362928	-1.15316904889308	1.68389427457071
0.777000000000001	-1.03924820336507	-0.709584800088287	1.70984761603728
0.778000000000001	-1.39855580931063	-0.182532677554403	1.56959505809169
0.779000000000001	-1.63141480920654	0.369771369191238	1.26812672168184
0.780000000000001	-1.71662404235498	0.884287225095783	0.832667927436982
0.781000000000001	-1.63487537365345	1.30870362308425	0.336525135928323
0.782000000000001	-1.40116492865557	1.58874949459195	-0.189400511345575
0.783000000000001	-1.01325251208193	1.70791302135891	-0.701394455326547
0.784000000000001	-0.518013471063157	1.67133846451151	-1.15724053664506
0.785000000000001	0.0293730358936574	1.47659686839222	-1.50429422861895
0.786000000000001	0.572258076313069	1.1531202915049	-1.68387428194882
0.787000000000001	1.03926275724325	0.709745560241576	-1.70980482435993
0.788000000000001	1.39853577383852	0.182818938462941	-1.56963584159215
0.789000000000001	1.63122759096989	-0.36938128689661	-1.2684503811871
0.790000000000001	1.71654017063616	-0.883932890268611	-0.832873827134711
0.791000000000001	1.63491095397273	-1.30842766178778	-0.336723664482827
0.792000000000001	1.40139629121683	-1.58861364477735	0.189112068224384
0.793000000000001	1.0136486841945	-1.70794405330445	0.701010833328843
0.794000000000001	0.518608003820219	-1.67160056219565	1.15666931992488
0.795000000000001	-0.0286492351450582	-1.4766954128951	1.50389936346278
0.796000000000001	-0.571700623251003	-1.15314620127101	1.6837670895921
0.797000000000001	-1.03909447016012	-0.710022830377669	1.70978527896349
0.798000000000001	-1.39845433557876	-0.183359210452558	1.56979607744638
0.799000000000001	-1.63101439303126	0.368885944906086	1.26878804976655
0.800000000000001	-1.71635659418934	0.883542949646813	0.833136015956267
0.801000000000001	-1.63488835425228	1.30811095202105	0.336682466609242
0.802000000000001	-1.40144054595337	1.58854792580436	-0.189203295676397
0.803000000000001	-1.01369684428732	1.70798081348848	-0.700945091268222
0.804000000000001	-0.518601012002276	1.6715698329456	-1.15644360971166
0.805000000000001	0.0288014641087312	1.4765269287783	-1.50390786552372
0.806000000000001	0.571962766633531	1.1528760007669	-1.68380438643368
0.807000000000001	1.0394011530892	0.709758188682151	-1.70973588728812
0.808000000000001	1.39872169709947	0.182961594266901	-1.56960601521488
0.809000000000001	1.63122539856461	-0.369427922094628	-1.26839628708186
0.810000000000001	1.71649666549228	-0.884095516581863	-0.832703099121975
0.811000000000001	1.63484744310149	-1.30861028405238	-0.336241958706136
0.812000000000001	1.40123459976812	-1.58878259966574	0.189665186494669
0.813000000000001	1.01334548873362	-1.70801709013986	0.701481982294039
0.814000000000001	0.518145992176701	-1.67144247380819	1.15722632004605
0.815000000000001	-0.0293910275732021	-1.47646948945211	1.50430798913102
0.816000000000001	-0.572442228679436	-1.15287158143721	1.68394419723816
0.817000000000001	-1.03955580052043	-0.709446401128107	1.7098368307541
0.818000000000001	-1.39878216298525	-0.182541569947523	1.56959665523012
0.819000000000001	-1.63139701310431	0.369719086420657	1.2682155626659
0.820000000000001	-1.71654283190035	0.884221986284072	0.832614640069825
0.821000000000001	-1.63484588174843	1.30863482683868	0.336226476686518
0.822000000000001	-1.40122570077913	1.5887861482621	-0.189672837727098
0.823000000000001	-1.01337568400466	1.70801012929124	-0.701452198307189
0.824000000000001	-0.518198201525744	1.67143596353616	-1.15703654424989
0.825000000000001	0.0291533588158163	1.47649117213458	-1.50419138099351
0.826000000000001	0.572170414865931	1.15287339551751	-1.68387448302122
0.827000000000001	1.03947241349072	0.709777617767857	-1.70978189151823
0.828000000000001	1.39868857065005	0.18310273304636	-1.5696976841897
0.829000000000001	1.63108761723738	-0.369067984454891	-1.26873771712812
0.830000000000001	1.71638670159221	-0.883660993389098	-0.833030783978922
0.831000000000001	1.63488841962168	-1.30819083791907	-0.336535642870373
0.832000000000001	1.40152608942566	-1.58858357941148	0.189303156434942
0.833000000000001	1.01389157182265	-1.70803792362367	0.700938334127431
0.834000000000001	0.51892997134631	-1.67173993446051	1.15631445179817
0.835000000000001	-0.0283105526646755	-1.4765985563013	1.50372185254118
0.836000000000001	-0.571556840600942	-1.15285928597601	1.68375000849176
0.837000000000001	-1.03931106788885	-0.710035292609132	1.70974843804429
0.838000000000001	-1.39862156696637	-0.183604826714569	1.56984243566498
0.839000000000001	-1.63089167942723	0.368628462224774	1.26902753279769
0.840000000000001	-1.71620529726566	0.883346561241287	0.833223455223104
0.841000000000001	-1.63484427248682	1.30795629873717	0.336404344795867
0.842000000000001	-1.40151000570551	1.58856613285427	-0.189509327872414
0.843000000000001	-1.01383553408973	1.7080783070244	-0.701012260114423
0.844000000000001	-0.518746909686989	1.6716638553487	-1.15626523238385
0.845000000000001	0.0286751908865757	1.47638133481753	-1.50385466044635
0.846000000000001	0.572007246854706	1.15255705856453	-1.68383862871289
0.847000000000001	1.03970404176353	0.709635749397198	-1.70971969975594
0.848000000000001	1.39895409092959	0.182992262262909	-1.56960855912702
0.849000000000001	1.63119995526379	-0.369378178574464	-1.26847581360834
0.850000000000001	1.7164122180751	-0.884071155915019	-0.832626312025072
0.851000000000001	1.63480216108127	-1.30859188166052	-0.335882084393487
0.852000000000001	1.40123853218102	-1.58885574214941	0.190038810222374
0.853000000000001	1.0133677762608	-1.70811232274168	0.701676681403356
0.854000000000001	0.518155123663753	-1.6714845676968	1.15721060986452
0.855000000000001	-0.0294021812954388	-1.47630601786813	1.50433135671614
0.856000000000001	-0.572568415791086	-1.15256819525422	1.68399136291002
0.857000000000001	-1.03986485366387	-0.709303400404337	1.70982435948163
0.858000000000001	-1.39901427501482	-0.182541049753804	1.56959414658761
0.859000000000001	-1.6313874047748	0.369682517060688	1.26829043931403
0.860000000000001	-1.71646526652947	0.884178970840184	0.832545283530985
0.861000000000001	-1.63481148701284	1.30858811470815	0.335911968184711
0.862000000000001	-1.40126945539598	1.58883319491555	-0.189968614880475
0.863000000000001	-1.01346792800866	1.70810596466087	-0.701548113671478
0.864000000000001	-0.518337350215417	1.67152005986925	-1.15688291459002
0.865000000000001	0.0289870478420138	1.47637697223941	-1.50411696448025
0.866000000000001	0.572131077706902	1.15261608812415	-1.68388496454338
0.867000000000001	1.03969612604904	0.709770287611115	-1.7097636691052
0.868000000000001	1.39885888890127	0.183326237036012	-1.56974608329583
0.869000000000001	1.63097962277184	-0.368810481981581	-1.26897782579342
0.870000000000001	1.71624759371166	-0.883437111699906	-0.833155869950315
0.871000000000001	1.63486318939231	-1.30798838781712	-0.336334328734269
0.872000000000001	1.40163772068112	-1.58856354358798	0.189512212790673
0.873000000000001	1.01411011942848	-1.70812911983582	0.700898599622972
0.874000000000001	0.519215654972279	-1.67187062928761	1.15598688115974
0.875000000000001	-0.0279975009661298	-1.47650830545584	1.50355837575701
0.876000000000001	-0.571419776194554	-1.15257973931351	1.68373714517746
0.877000000000001	-1.03951819834875	-0.710042859794372	1.70971497765142
0.878000000000001	-1.39878766150817	-0.183846105303628	1.56988649960285
0.879000000000001	-1.63077070374174	0.368362401452408	1.26926803075807
0.880000000000001	-1.7160520070119	0.88313848038783	0.833332508260856
0.881000000000001	-1.63480204268893	1.3077857419874	0.33615236406384
0.882000000000001	-1.40159239637698	1.58857074323375	-0.189792062026646
0.883000000000001	-1.01400168985437	1.70817343716082	-0.701052376965569
0.884000000000001	-0.518928383628155	1.67176677357444	-1.15604197146407
0.885000000000001	0.0284994011732992	1.47625282728176	-1.50377374003489
0.886000000000001	0.572002416418236	1.1522511257391	-1.68386276103963
0.887000000000001	1.03997950327849	0.709545970376181	-1.70970136637494
0.888000000000001	1.3991690709627	0.183076100907393	-1.56962313944761
0.889000000000001	1.63114929465524	-0.369272388745496	-1.26859802617898
0.890000000000001	1.71631100254246	-0.88400019412402	-0.832598421567034
0.891000000000001	1.63475566189209	-1.30853485149837	-0.335551998295131
0.892000000000001	1.40125815525255	-1.58891228503299	0.190389408336425
0.893000000000001	1.01341773302385	-1.70820653977072	0.701841093246527
0.894000000000001	0.518195844128918	-1.67153637143471	1.15715650665487
0.895000000000001	-0.0293756430850087	-1.47614786364185	1.50433561714961
0.896000000000001	-0.572672053477233	-1.15226188335366	1.68403312307378
0.897000000000001	-1.04016957099346	-0.709166147274755	1.70980920710138
0.898000000000001	-1.39924755601093	-0.182548855920277	1.56959180406391
0.899000000000001	-1.63137687305124	0.369642415806718	1.26836686498401
0.900000000000001	-1.71638541097017	0.884140239219512	0.832474897525599
0.901000000000001	-1.63477303038255	1.3085483803325	0.335589583360684
0.902000000000001	-1.40130346143459	1.5888845984286	-0.190278686533349
0.903000000000001	-1.01354378594565	1.70820134757524	-0.701666283517364
0.904000000000001	-0.51845004380569	1.6715966288948	-1.15675770190215
0.905000000000001	0.0288532591719543	1.4762564516007	-1.50405999212436
0.906000000000001	0.572117575938319	1.15234988710905	-1.68390419882
0.907000000000001	1.03992982356232	0.709732737412839	-1.70974923468795
0.908000000000001	1.39904427318574	0.183503707259969	-1.56978419450318
0.909000000000001	1.63089648873115	-0.368597142790685	-1.26918050725307
0.910000000000001	1.71612047654622	-0.883252488751769	-0.833250869506756
0.911000000000001	1.63483437656228	-1.30781617586632	-0.336116932179607
0.912000000000001	1.40173265711612	-1.58855353617421	0.189742592838357
0.913000000000001	1.01430284742936	-1.7082184764076	0.700893552366173
0.914000000000001	0.519466687116453	-1.67199164294651	1.1556996695847
0.915000000000001	-0.0277216071275781	-1.4764184751978	1.50341324567631
0.916000000000001	-0.571301521392297	-1.15230094614979	1.68373098365212
0.917000000000001	-1.03972548515119	-0.710033832398719	1.70968489405619
0.918000000000001	-1.39895944100593	-0.184064039659113	1.569924997951
0.919000000000001	-1.6306616999246	0.368109265153393	1.26949349202312
0.920000000000001	-1.71590320340593	0.882938757974774	0.833442984143715
0.921000000000001	-1.63475973523192	1.30761778512441	0.335911784373502
0.922000000000001	-1.40167317028963	1.58857214462881	-0.190057963584111
0.923000000000001	-1.0141746984004	1.7082666485129	-0.701087792018029
0.924000000000001	-0.519120474614623	1.67187265047374	-1.1558078092885
0.925000000000001	0.0283038174586282	1.47613516344462	-1.50368115237755
0.926000000000001	0.571971508643083	1.15195443246609	-1.68388226390515
0.927000000000001	1.04023632387391	0.709473129838927	-1.70968271388241
0.928000000000001	1.39937320015615	0.183190010880694	-1.56964467710728
0.929000000000001	1.6310855840135	-0.369131711995801	-1.26874583740872
0.930000000000001	1.71619953616419	-0.883898787708279	-0.83260613374396
0.931000000000001	1.63470964420188	-1.30845115966347	-0.335246040258247
0.932000000000001	1.4012901706099	-1.58895507351258	0.190719818877601
0.933000000000001	1.0134905423029	-1.70829915462505	0.701980453618653
0.934000000000001	0.518265147409684	-1.67159731246604	1.15706941946624
0.935000000000001	-0.029308019970727	-1.47599812477531	1.5043208029959
0.936000000000001	-0.572748450893239	-1.15195601526727	1.68406952577195
0.937000000000001	-1.0404643706664	-0.709040245746717	1.70979159694852
0.938000000000001	-1.39947772081883	-0.182575640741757	1.56959199978839
0.939000000000001	-1.63135868346769	0.3695856829845	1.26845476725108
0.940000000000001	-1.7162996716425	0.884091844481075	0.832416719580357
0.941000000000001	-1.63473197191327	1.30850267571271	0.335270035612265
0.942000000000001	-1.40133536713314	1.58893376413547	-0.190591098351564
0.943000000000001	-1.01361805991828	1.70829608930491	-0.701789530597761
0.944000000000001	-0.518556220115074	1.67167194131653	-1.15663795769278
0.945000000000001	0.0287283567799275	1.47613423717813	-1.50400709073641
0.946000000000001	0.572110943398372	1.15207753832115	-1.6839274314355
0.947000000000001	1.04016903009936	0.70967970691356	-1.70973613927405
0.948000000000001	1.39923850922268	0.183657435722506	-1.56981671125577
0.949000000000001	1.63082731476088	-0.368407208651912	-1.26936295450899
0.950000000000001	1.71599908948971	-0.88309033645202	-0.83332978910908
0.951000000000001	1.63480252718995	-1.30766123550557	-0.335889924621185
0.952000000000001	1.40181569072465	-1.58854997639939	0.189988631086338
0.953000000000001	1.0144777268292	-1.70830661587007	0.700914133614063
0.954000000000001	0.5196914754127	-1.67210550865366	1.15544215031903
0.955000000000001	-0.0274760124769316	-1.47631869886153	1.50328415703582
0.956000000000001	-0.571201426266405	-1.15202039195452	1.68373025586027
0.957000000000001	-1.0399366733612	-0.710006044651046	1.70965714982161
0.958000000000001	-1.39913928607092	-0.184254696846958	1.5699566181578
0.959000000000001	-1.63056715243021	0.367879062012013	1.26969787342196
0.960000000000001	-1.71576144215092	0.882758465124343	0.833542040703439
0.961000000000001	-1.63471544933403	1.3074640395493	0.335671052703499
0.962000000000001	-1.40174631877135	1.58857513283666	-0.190330013607123
0.963000000000001	-1.01433998769489	1.70835748169721	-0.701137645404051
0.964000000000001	-0.51930130013609	1.67197554211742	-1.15559224356668
0.965000000000001	0.0281172563661492	1.47602144854593	-1.50359272950687
0.966000000000001	0.571938163893952	1.15166153653169	-1.6839010427766
0.967000000000001	1.04048585484889	0.709399287005811	-1.70966542439241
0.968000000000001	1.39957531298044	0.183307381753247	-1.56966789307068
0.969000000000001	1.6310238262724	-0.36898518583386	-1.26889669269981
0.970000000000001	1.71608692974626	-0.883790715246933	-0.832628297027984
0.971000000000001	1.63466412412806	-1.30835953578252	-0.334955263510791
0.972000000000001	1.40132853443246	-1.58899053442954	0.191038799579263
0.973000000000001	1.01357368826724	-1.70838968554775	0.702108353175452
0.974000000000001	0.518349041764977	-1.6716631687094	1.15696665428872
0.975000000000001	-0.0292186914758084	-1.4758556700749	1.50429398150468
0.976000000000001	-0.572803036754692	-1.15165487479578	1.68410165741347
0.977000000000001	-1.04074463154155	-0.708925215492424	1.70977385429512
0.978000000000001	-1.39970243076811	-0.182621772438667	1.5695958015994
0.979000000000001	-1.63132713189378	0.369513200993762	1.26856148924565
0.980000000000001	-1.71620817988947	0.884026747646989	0.832378295354749
0.981000000000001	-1.63469038660106	1.30844368299388	0.334963136708423
0.982000000000001	-1.40137197773528	1.5889757129354	-0.190895080581419
0.983000000000001	-1.0137030473005	1.70838914176873	-0.701906167796269
0.984000000000001	-0.518671877951212	1.67175066928111	-1.1565067036885
0.985000000000001	0.0285935566705851	1.47601553797288	-1.50394719876297
0.986000000000001	0.572093392109156	1.15180358255847	-1.68395046093734
0.987000000000001	1.04040843023787	0.709622449997802	-1.70972128101465
0.988000000000001	1.39943427541688	0.183808085082846	-1.56984815665978
0.989000000000001	1.63076178819828	-0.368219131693777	-1.26954092094518
0.990000000000001	1.71587741729765	-0.882932592281627	-0.833410214462599
0.991000000000001	1.63476891818237	-1.30750916307672	-0.335663263933229
0.992000000000001	1.40189435019808	-1.58854698993573	0.190240296188633
0.993000000000001	1.0146526884982	-1.70839298400572	0.70094886408297
0.994000000000001	0.519905702589832	-1.67221715886329	1.15519641005039
0.995000000000001	-0.0272438540958001	-1.47621574765525	1.50316102990298
0.996000000000001	-0.571107387162606	-1.15173871437487	1.68373267764768
0.997000000000001	-1.04014806373762	-0.709966932307741	1.70963140468272
0.998000000000001	-1.39932487051256	-0.18442984747141	1.56998433203918
0.999000000000001	-1.63048165561787	0.367661142093587	1.26988994666353
1	-1.71562403194188	0.88259128073537	0.833634050434484
1.001	-1.63466876569865	1.30732100881841	0.335429445254748
1.002	-1.40181202537522	1.5885794488732	-0.190609033456076
1.003	-1.01449407910067	1.70844629589957	-0.701203254318205
1.004	-0.519466812637729	1.67207376882263	-1.15539814093384
1.005	0.0279467890686533	1.47590801200089	-1.50351155631864
1.006	0.571912504723567	1.15136993626942	-1.68392239254698
1.007	1.04073373566997	0.709317114929404	-1.70964968956256
1.008	1.39977968749249	0.183413704165575	-1.56968866605449
1.009	1.63097031776753	-0.368846938251763	-1.26904020084996
1.01	1.7159768273441	-0.883688833121998	-0.83264997912514
1.011	1.63461830631623	-1.3082716144039	-0.334670933126268
1.012	1.40136597756687	-1.58902450298949	0.191354100857495
1.013	1.01365580927184	-1.70847843496173	0.702237235378468
1.014	0.51843353973828	-1.67172965461877	1.15686503531449
1.015	-0.0291243552891837	-1.4757177292627	1.504264837572
1.016	-0.572848955694925	-1.15135739828544	1.68413271562095
1.017	-1.04101867305451	-0.708811762229746	1.70975645773574
1.018	-1.39992455350717	-0.18267332314419	1.56960094764912
1.019	-1.63129434754767	0.36943305144929	1.26867258058515
1.02	-1.71611482670045	0.883955227592786	0.832351594661579
1.021	-1.63464834643876	1.30837811068613	0.334668801878085
1.022	-1.40141058797419	1.58901244522636	-0.191191925826547
1.023	-1.01379413809873	1.70847993492672	-0.702018120779039
1.024	-0.518794076800965	1.67183183282934	-1.15636765251309
1.025	0.0284538286312892	1.47589667676008	-1.50387990361407
1.026	0.572064739582095	1.15153120298807	-1.68397275676171
1.027	1.04064061019138	0.709562992045344	-1.70970668642439
1.028	1.39962992796167	0.183954506238272	-1.56987815571363
1.029	1.63069963857881	-0.368030640209888	-1.26971027394388
1.03	1.71575649629679	-0.882781692423006	-0.833489118203128
1.031	1.63473262576247	-1.30736387419211	-0.335435566020136
1.032	1.4019655559271	-1.58854528898495	0.190498372756688
1.033	1.01481638018266	-1.70847730564723	0.7010031667804
1.034	0.520102371002698	-1.67232326212815	1.15497033069455
1.035	-0.027029876906844	-1.47611377903638	1.50304754069427
1.036	-0.571024384678341	-1.15145763280007	1.68373968576425
1.037	-1.04035814579395	-0.709918060869865	1.7096083983381
1.038	-1.39951558902609	-0.184587713778031	1.57000860124849
1.039	-1.63040716695839	0.367457619392219	1.27006943169533
1.04	-1.7154925051001	0.882436456988376	0.83372107833233
1.041	-1.634623191318	1.30718624084213	0.335182103116765
1.042	-1.40187441841984	1.58858402236644	-0.190888607939766
1.043	-1.01464111174844	1.70853222865203	-0.701287518649408
1.044	-0.519626575573886	1.67217050516501	-1.15521591127553
1.045	0.0277789181725148	1.47579950433916	-1.50343109323994
1.046	0.571880575271728	1.15108489980056	-1.68394371913992
1.047	1.04097150400659	0.709239247379763	-1.70963516582791
1.048	1.39997980501834	0.183528547496656	-1.56971189111615
1.049	1.63091566687675	-0.368695896426005	-1.2691919565575
1.05	1.71586119441778	-0.88357391462332	-0.832684825752481
1.051	1.63457316918919	-1.30817157912581	-0.33440532745719
1.05199999999999	1.40141072885091	-1.58904940368734	0.191653685547697
1.05299999999999	1.01375156970382	-1.70856490703244	0.702350510852257
1.05399999999999	0.518537113462487	-1.67180240374149	1.15674254948654
1.05499999999999	-0.0290039660982657	-1.47558767190512	1.50422135044357
1.05599999999999	-0.572870417626966	-1.15106414559529	1.68415864051532
1.05699999999999	-1.04127992035075	-0.708710188039774	1.70973796715878
1.05799999999999	-1.4001417244817	-0.18274457928761	1.56960950039701
1.05899999999999	-1.63125416443561	0.369332222904848	1.26879725204016
1.05999999999999	-1.71601546383883	0.883868286012271	0.832343837348537
1.06099999999999	-1.63460514899146	1.3083005649811	0.334388098087622
1.06199999999999	-1.40145195348045	1.58904293107942	-0.191482498871611
1.06299999999999	-1.01389260892232	1.70856926504883	-0.702124584206747
1.06399999999999	-0.518921887049974	1.67191575093489	-1.15622076746965
1.06499999999999	0.0283092346857901	1.4757800972368	-1.50380787257607
1.06599999999999	0.572027890722691	1.15125680971158	-1.68399578137873
1.06699999999999	1.04086976142573	0.709497030825932	-1.70969296213757
1.06799999999999	1.39982867858819	0.184090791075133	-1.56990556134214
1.06899999999999	1.63064483208233	-0.367852388300408	-1.26986920489956
1.06999999999999	1.71563766425829	-0.882642203957433	-0.833560961701116
1.07099999999999	1.63469315883134	-1.3072294873083	-0.335202264746498
1.07199999999999	1.40202832610692	-1.58854704213516	0.190766905108561
1.07299999999999	1.01496603032475	-1.70856022229253	0.701076137990042
1.07399999999999	0.520276999182708	-1.67242321568746	1.1547691864553
1.07499999999999	-0.0268400427289097	-1.47601000991582	1.50294677202065
1.07599999999999	-0.570958461054503	-1.15117464582172	1.68375222956965
1.07699999999999	-1.04057264688807	-0.709853792705922	1.70958715787105
1.07799999999999	-1.39971344595288	-0.184721606885141	1.57002749763468
1.07899999999999	-1.63034651389462	0.367276571718108	1.27023039160877
1.07999999999999	-1.71536836654415	0.882300349577822	0.833795518020111
1.08099999999999	-1.6345762309004	1.30706545466346	0.334926970168906
1.08199999999999	-1.40192970982809	1.58859164533372	-0.191173139991982
1.08299999999999	-1.01477703939732	1.70861626314204	-0.701386237773983
1.08399999999999	-0.519772840980656	1.67226272606894	-1.15505365181256
1.08499999999999	0.027624083682751	1.47569260081793	-1.50335680727175
1.08599999999999	0.571851559695015	1.1508042679132	-1.68396665710202
1.08699999999999	1.04120310914298	0.709158164951653	-1.70962206784646
1.08799999999999	1.40017864228821	0.183640819081676	-1.56973495625833
1.08899999999999	1.63086504163707	-0.368543553042968	-1.26934321436311
1.08999999999999	1.71574560156928	-0.88345667519661	-0.83273039556276
1.09099999999999	1.63452839104735	-1.30806718279597	-0.334152940032379
1.09199999999999	1.40145726155246	-1.58906895792504	0.191942306472904
1.09299999999999	1.01385467034572	-1.70864883299682	0.702455096301539
1.09399999999999	0.518653956435256	-1.6718797499344	1.15660571665148
1.09499999999999	-0.028866209032166	-1.47546496917851	1.50416774374802
1.09599999999999	-0.572872995276734	-1.15077597031145	1.6841811214287
1.09699999999999	-1.04152883542486	-0.70861702466159	1.70971922650768
1.09799999999999	-1.40035665850751	-0.182830923075169	1.56961974014011
1.09899999999999	-1.63120895962649	0.369214888940792	1.26893142771324
1.09999999999999	-1.71591156955261	0.883768568479577	0.83235341780513
1.10099999999999	-1.6345612701483	1.30821222301348	0.334121046687135
1.10199999999999	-1.40149705307515	1.58906651618509	-0.19176533005701
1.10299999999999	-1.01399962262895	1.70865661226026	-0.702223562390404
1.10399999999999	-0.519057996539078	1.67200315615493	-1.15606413198999
1.10499999999999	0.0281548762872221	1.47566830348731	-1.50372904940556
1.10599999999999	0.571980799748193	1.15098320192733	-1.68401800170424
1.10699999999999	1.04109205178234	0.709429330013659	-1.70967977338018
1.10799999999999	1.4000272677604	0.18422456518208	-1.56993229933165
1.10899999999999	1.63059275607979	-0.367675813465367	-1.27002427285822
1.10999999999999	1.71551841588997	-0.882505124063567	-0.833634714026313
1.11099999999999	1.63465138701663	-1.30709877703007	-0.334969380224122
1.11199999999999	1.40208657356333	-1.58854895412328	0.191039651212593
1.11299999999999	1.01510847517405	-1.70864169223615	0.701159331509098
1.11399999999999	0.520440718845567	-1.67251840812454	1.15458165798844
1.11499999999999	-0.0266633265879634	-1.47590636501161	1.50285313798874
1.11599999999999	-0.570901120803722	-1.15089118577135	1.68376776655904
1.11699999999999	-1.04078808102222	-0.709778856520125	1.7095675545745
1.11799999999999	-1.3999159624692	-0.18484039874269	1.57004235590191
1.11899999999999	-1.63029551125794	0.367110062885199	1.27037923336149
1.11999999999999	-1.71524921903628	0.882176888630732	0.83386240055747
1.12099999999999	-1.63452788301332	1.30695473444945	0.334673088144575
1.12199999999999	-1.40197951706899	1.58860075826473	-0.191461244926072
1.12299999999999	-1.01490417575407	1.70869863438224	-0.701495441204025
1.12399999999999	-0.519908074456883	1.67235117290567	-1.15490786427718
1.12499999999999	0.027482063552338	1.47558622829965	-1.50328873625413
1.12599999999999	0.57182614903963	1.15052650666568	-1.68399086709298
1.12699999999999	1.04142823458025	0.709069740787996	-1.70961078828066
1.12799999999999	1.40037767212217	0.183747374315053	-1.56975663278907
1.12899999999999	1.63081986430373	-0.368394356384114	-1.26949095786203
1.12999999999999	1.71563133425067	-0.883341563743769	-0.832781266970657
1.13099999999999	1.63448323532946	-1.30796290612987	-0.333909446304279
1.13199999999999	1.40150424105393	-1.58908525039391	0.192224732638526
1.13299999999999	1.01395969285384	-1.70873042287923	0.702556918988597
1.13399999999999	0.518777424801452	-1.67195949981204	1.15646295910897
1.13499999999999	-0.0287202464106645	-1.47534786275954	1.5041084394304
1.13599999999999	-0.572863931650593	-1.15049159099258	1.68420200042684
1.13699999999999	-1.04176833521969	-0.708527084324584	1.7097007171984
1.13799999999999	-1.40056597666381	-0.182923285874247	1.56963144438128
1.13899999999999	-1.63116247742379	0.369088738522242	1.26907008930567
1.13999999999999	-1.71580555240371	0.883662283079731	0.832374928188992
1.14099999999999	-1.63451676090741	1.30811766460607	0.33386507836191
1.14199999999999	-1.40154446385226	1.58908481184366	-0.192042897895476
1.14299999999998	-1.01411187150277	1.70874201196074	-0.702317968179462
1.14399999999998	-0.519199406825644	1.67209307113712	-1.1559023264987
1.14499999999998	0.0279938094614373	1.47556148266638	-1.50364528676843
1.14599999999998	0.57192443439905	1.15071090774839	-1.68403929607394
1.14699999999998	1.041306425694	0.709360966450879	-1.70966742332124
1.14799999999998	1.40022446068137	0.184358770833841	-1.56995933686831
1.14899999999998	1.63054116101885	-0.367496168191909	-1.27018038789546
1.14999999999998	1.71539658738982	-0.882360668602241	-0.833720938851264
1.15099999999998	1.63460843323892	-1.30696617517454	-0.334741766688966
1.15199999999998	1.40214830161737	-1.58854716187527	0.191312447903743
1.15299999999998	1.01525192846599	-1.70872151691012	0.701245549042241
1.15399999999998	0.520601465913434	-1.67261236696632	1.15439633735744
1.15499999999998	-0.0264881354028844	-1.47580528430755	1.50275995153421
1.15599999999998	-0.570842250918985	-1.15060842686071	1.68378367245752
1.15699999999998	-1.04100037761503	-0.709699797309482	1.70954853534971
1.15799999999998	-1.40012015367391	-0.184959930016597	1.57005471694302
1.15899999999998	-1.63024910179739	0.366946253564874	1.27052360938499
1.15999999999998	-1.71513119367394	0.882056771292237	0.833930110413163
1.16099999999998	-1.63447805971273	1.30684661034468	0.334422767002541
1.16199999999998	-1.40202785970494	1.58860828432153	-0.191750350278719
1.16299999999998	-1.01502806585485	1.70877946631619	-0.701609683914841
1.16399999999998	-0.520039062438666	1.67243804768468	-1.15476975879882
1.16499999999998	0.0273440171815764	1.47548189657436	-1.50322160657187
1.16599999999998	0.571799847718058	1.15024996384634	-1.68401547239823
1.16699999999998	1.04164936090294	0.708978475821803	-1.70960069196964
1.16799999999998	1.40057750487604	0.183851846301633	-1.56977803962747
1.16899999999998	1.63077865279602	-0.368245210263056	-1.269637916751
1.16999999999998	1.71551721102742	-0.883226888486575	-0.832838154298166
1.17099999999998	1.6344381465317	-1.30785740298542	-0.333670171347162
1.17199999999998	1.4015511606014	-1.5890987284071	0.192503910980663
1.17299999999998	1.01406603484812	-1.70881031423979	0.702658292239124
1.17399999999998	0.518903851413791	-1.67204065666305	1.15631820732088
1.17499999999998	-0.0285693101451125	-1.47523439652934	1.50404538254188
1.17599999999998	-0.572832593011957	-1.15020756310406	1.68422460695362
1.17699999999998	-1.04200089102546	-0.708437497139858	1.70968296026551
1.17799999999998	-1.40076052707302	-0.183019490410007	1.56964567526458
1.17899999999998	-1.63111754806474	0.368955555940183	1.26920738330472
1.17999999999998	-1.71569805943193	0.883552275215607	0.832404492502913
1.18099999999998	-1.63447072295498	1.30801966413879	0.333616029398315
1.18199999999998	-1.40159077787324	1.58910056958992	-0.192322376969912
1.18299999999998	-1.01422495053128	1.70882591185842	-0.7024133562686
1.18399999999998	-0.519339463244453	1.67218347466615	-1.15574277983022
1.18499999999998	0.0278345072513552	1.47545718726247	-1.50356158841093
1.18599999999998	0.571868220765185	1.15043791374483	-1.68406121488534
1.18699999999998	1.04151817569671	0.709285636019034	-1.70965647274242
1.18799999999998	1.40042269066383	0.184483155075825	-1.56998443448891
1.18899999999998	1.63049487952261	-0.367324204967928	-1.27033034649832
1.18999999999998	1.71527663998543	-0.882222434036074	-0.833805466246552
1.19099999999998	1.63456410984678	-1.30683889594185	-0.334514785725177
1.19199999999998	1.40220433540324	-1.58854690464177	0.191586305344716
1.19299999999998	1.01539314910681	-1.70880047949718	0.701338628708845
1.19399999999998	0.520757483975128	-1.67270634577659	1.15421881495112
1.19499999999998	-0.0263160535053417	-1.47570740183823	1.50266820993053
1.19599999999998	-0.57078108899132	-1.15032795321217	1.68380060209856
1.19699999999998	-1.04120864447399	-0.709619147776481	1.70953111554045
1.19799999999998	-1.40032532481117	-0.185081246175109	1.57006679007898
1.19899999999998	-1.63020539682787	0.366779467846147	1.27066913233577
1.19999999999998	-1.71501095497298	0.881933038693836	0.833998231566459
1.20099999999998	-1.63442738091533	1.30673540323144	0.334180774572373
1.20199999999998	-1.40208038641428	1.58861284339907	-0.192032775940176
1.20299999999998	-1.01515485369403	1.70885874377869	-0.701721644655656
1.20399999999998	-0.520174452436863	1.67252613590012	-1.15462857069765
1.20499999999998	0.0271991424032805	1.47538148242696	-1.50314857125136
1.20599999999998	0.571763464409807	1.14997500919654	-1.68403795187337
1.20699999999998	1.04186326008468	0.708889325002135	-1.70959074298546
1.20799999999998	1.40077656675395	0.183963719654916	-1.56980029892923
1.20899999999998	1.63073180903118	-0.368088615580255	-1.2697889676632
1.20999999999998	1.7153998213764	-0.88310612377573	-0.83290761123831
1.21099999999998	1.63439270698799	-1.30774584500331	-0.333433972765247
1.21199999999998	1.40159910126531	-1.58910831211697	0.192779804200988
1.21299999999998	1.014175816393	-1.70888915982435	0.702758383459669
1.21399999999998	0.519034142367789	-1.6721238119376	1.15616967903843
1.21499999999998	-0.0284135898400674	-1.4751236650962	1.5039789567625
1.21599999999998	-0.572800872709201	-1.14992415627219	1.68424678694864
1.21699999999998	-1.04223003897664	-0.708345438514895	1.70966537138991
1.21799999999998	-1.40095767616865	-0.183114932088555	1.56965916547818
1.21899999999998	-1.63107548221411	0.368821469403903	1.26934309399887
1.21999999999998	-1.71559003482053	0.88344517785798	0.832437451320539
1.22099999999998	-1.63442340737255	1.3079219812388	0.333370390082061
1.22199999999998	-1.40163507503299	1.58911531644787	-0.192604296644322
1.22299999999998	-1.01433786192138	1.70890903857221	-0.702512514786669
1.22399999999998	-0.519478280334077	1.6722743875812	-1.15558024386057
1.22499999999998	0.0276794846844371	1.47535440023894	-1.50348052496544
1.22599999999998	0.571815314941427	1.15016375829223	-1.68408439258982
1.22699999999998	1.04172953556832	0.709199989214468	-1.70964649313176
1.22799999999998	1.40062271790505	0.184591742744678	-1.57000541315613
1.22899999999998	1.63045660984244	-0.367167080041114	-1.27046724160831
1.22999999999998	1.71516002795172	-0.882097153810176	-0.833879634106718
1.23099999999998	1.63451670634547	-1.3067230172874	-0.334283010885404
1.23199999999998	1.4022521379802	-1.58854981308171	0.191868011979408
1.23299999999998	1.01552230548669	-1.7088781159562	0.701446569055841
1.23399999999997	0.520897645030815	-1.67279605420092	1.15406124479529
1.23499999999997	-0.0261602498384041	-1.47560940465785	1.50258552356249
1.23599999999997	-0.570729755314311	-1.15004906449656	1.68382083795095
1.23699999999997	-1.04141790243613	-0.709529820072556	1.70951614532584
1.23799999999997	-1.40053391414369	-0.185191550661949	1.57007760390855
1.23899999999997	-1.6301697937206	0.36662169657294	1.27080823451821
1.23999999999997	-1.71489294038412	0.881814457978395	0.834056349570181
1.24099999999997	-1.63437694773059	1.30662837306349	0.333945055682053
1.24199999999997	-1.40213274293908	1.58861666835611	-0.192312218185504
1.24299999999997	-1.0152815368551	1.70893681760017	-0.701834757050883
1.24399999999997	-0.5203108068586	1.67261449725667	-1.15448934002354
1.24499999999997	0.0270502320268359	1.47528609927849	-1.50307170267137
1.24599999999997	0.571716511047499	1.14970435985386	-1.68405902433627
1.24699999999997	1.04206812907089	0.708803652963932	-1.70958110249996
1.24799999999997	1.40097311139237	0.184083975473328	-1.56982367673137
1.24899999999997	1.63068472187246	-0.367920268502053	-1.26994656733589
1.24999999999997	1.71527899484226	-0.882975547272747	-0.832992734950123
1.25099999999997	1.63434655849479	-1.30762493678172	-0.33320999718394
1.25199999999997	1.40165075782947	-1.58911083485138	0.19304692965945
1.25299999999997	1.0142956820714	-1.70896619262307	0.702850016950595
1.25399999999997	0.519177233563801	-1.67221192283063	1.15600709428713
1.25499999999997	-0.0282417024535213	-1.47501929804679	1.50390216432067
1.25599999999997	-0.57275132214596	-1.14964270581563	1.68426681867648
1.25699999999997	-1.04244613951153	-0.708257380520793	1.70964892650896
1.25799999999997	-1.4011541354445	-0.183220772661154	1.56967413818611
1.25899999999997	-1.63103119417871	0.368675371734419	1.26948602059067
1.25999999999997	-1.71547872153503	0.883330978504734	0.832483180042852
1.26099999999997	-1.63437476854852	1.3078179058313	0.333132286159915
1.26199999999997	-1.40168043675205	1.58912605136961	-0.19288497355983
1.26299999999997	-1.01445486391903	1.70899115108604	-0.70261109113774
1.26399999999997	-0.519618418923792	1.67236757332234	-1.15541678230949
1.26499999999997	0.0275220441048201	1.47525380601854	-1.50339829990333
1.26599999999997	0.571761402319106	1.14988812572311	-1.68410812572783
1.26699999999997	1.04193939524374	0.709106850910566	-1.70963714001369
1.26799999999997	1.40082564811785	0.184690306300286	-1.57002314213515
1.26899999999997	1.63042371998938	-0.367019546520609	-1.27059650502557
1.26999999999997	1.71504528299684	-0.881981013229498	-0.833947667739498
1.27099999999997	1.63446657797272	-1.30661561232848	-0.334047741135345
1.27199999999997	1.40229335034904	-1.58855512726607	0.192156679387547
1.27299999999997	1.01564276822722	-1.70895435630279	0.701567686567023
1.27399999999997	0.521024009653087	-1.67288211884282	1.15392148885018
1.27499999999997	-0.0260200255832917	-1.47551042994089	1.50251125216659
1.27599999999997	-0.57068940984473	-1.14976976809556	1.68384384905993
1.27699999999997	-1.04162930674644	-0.709429799569456	1.70950355067773
1.27799999999997	-1.40074660456476	-0.185288014269204	1.57008600951879
1.27899999999997	-1.63014291269338	0.366476558553248	1.2709384499383
1.27999999999997	-1.71477891988975	0.88170575872584	0.834110734550444
1.28099999999997	-1.63432534516077	1.30652852665343	0.333711072054659
1.28199999999997	-1.40218123998756	1.58862138448397	-0.192593024336469
1.28299999999997	-1.01540336616719	1.70901360976166	-0.701953508641245
1.28399999999997	-0.520439567312974	1.67270226989336	-1.15435706327344
1.28499999999997	0.0269046661225046	1.47519353380451	-1.5029946826653
1.28599999999997	0.571663855480683	1.1494362375516	-1.68408096875957
1.28699999999997	1.042267484095	0.708715797598793	-1.70957239047639
1.28799999999997	1.40116956313442	0.184203974176834	-1.56984599031099
1.28899999999997	1.63064011627808	-0.367749739038516	-1.27010404462931
1.28999999999997	1.71515753625368	-0.882842651233026	-0.833085686073834
1.29099999999997	1.63429950045861	-1.30750074627183	-0.332994232427289
1.29199999999997	1.40170348833426	-1.58910878618943	0.193308815780136
1.29299999999997	1.01442601905277	-1.70904008432149	0.702939135041924
1.29399999999997	0.519326411024232	-1.6723029063524	1.15583689383578
1.29499999999997	-0.0280601641866528	-1.47492082824525	1.50381839972506
1.29599999999997	-0.572688673477057	-1.1493638048655	1.68428566882445
1.29699999999997	-1.04265626371543	-0.708171883690883	1.70963281844752
1.29799999999997	-1.4013496892701	-0.183332768284766	1.56968997242604
1.29899999999997	-1.63098620285425	0.368520580404113	1.26963267953163
1.29999999999997	-1.71536529600411	0.883210751036572	0.832539180212681
1.30099999999997	-1.63432502210768	1.30770823321811	0.332902352620354
1.30199999999997	-1.40172714864442	1.58913268015659	-0.193162935452209
1.30299999999997	-1.01457654716768	1.70907200967883	-0.702707833597859
1.30399999999997	-0.519761950029749	1.67246319002299	-1.15525147631664
1.30499999999997	0.0273623739691189	1.47515720382391	-1.50331263776804
1.30599999999997	0.57170361216804	1.14961283684763	-1.68413126886644
1.30699999999997	1.04214533066046	0.709009205565892	-1.70962802228378
1.30799999999997	1.40102916316277	0.184783442103816	-1.57003891848594
1.30899999999997	1.63039313119991	-0.366876080819805	-1.27072209054306
1.30999999999997	1.7149313432187	-0.88187001633571	-0.834013283982987
1.31099999999997	1.63441399784154	-1.30651343621762	-0.333811945453491
1.31199999999997	1.40232931756627	-1.58856136591236	0.192449349130154
1.31299999999997	1.015753788097	-1.70902833227215	0.701698428274351
1.31399999999997	0.521138767673684	-1.67296483711249	1.15379547339016
1.31499999999997	-0.0258916817409146	-1.47541134900286	1.50244331794885
1.31599999999997	-0.570657091117997	-1.14949069270833	1.68386905376104
1.31699999999997	-1.04183965010694	-0.7093207453441	1.70949302898013
1.31799999999997	-1.40096258743645	-0.185372934951475	1.57009210177697
1.31899999999997	-1.63012400555287	0.366342468424698	1.27106040806038
1.31999999999997	-1.71466862176011	0.881606245669076	0.834161493700626
1.32099999999997	-1.63427333916249	1.30643554922649	0.333478829905128
1.32199999999997	-1.40222567028417	1.58862720186188	-0.19287509662451
1.32299999999997	-1.01551952622341	1.70908905045307	-0.702078018189066
1.32399999999996	-0.520562447787462	1.67278821767344	-1.154233232829
1.32499999999996	0.0267630366614654	1.47510351170057	-1.50291891824716
1.32599999999996	0.571610956368869	1.14917049995389	-1.68410321394056
1.32699999999996	1.04246204449926	0.7086250808	-1.70956451899281
1.32799999999996	1.40136574575658	0.184321847452672	-1.56986828131846
1.32899999999996	1.63059832082064	-0.36757883838236	-1.27026024954757
1.32999999999996	1.71503639907907	-0.882708061628755	-0.83318149836886
1.33099999999996	1.63425172266804	-1.30737424058554	-0.332786354844223
1.33199999999996	1.40175701156301	-1.58910236800645	0.193565678484688
1.33299999999996	1.01456127037939	-1.70911238437869	0.703024647147633
1.33399999999996	0.519483249682383	-1.67239705469426	1.15565963187154
1.33499999999996	-0.0278609904697086	-1.47482828219275	1.50372824791433
1.33599999999996	-0.572610994660015	-1.14908893473732	1.68430218581495
1.33699999999996	-1.04285383356713	-0.708089294161574	1.70961657083313
1.33799999999996	-1.40154373691538	-0.183454326456086	1.56970770362001
1.33899999999996	-1.63093937793017	0.368353115065635	1.26978517385085
1.33999999999996	-1.7152486676869	0.883081506134449	0.83260865217697
1.34099999999996	-1.63427448743953	1.30759112964172	0.332682555952085
1.34199999999996	-1.40177609931314	1.58913398853864	-0.193436585710782
1.34299999999996	-1.01470425326867	1.70915119325676	-0.702801332885546
1.34399999999996	-0.519910110122775	1.67256134200388	-1.15508275692324
1.34499999999996	0.0271909776676736	1.47506679390409	-1.5032237576869
1.34599999999996	0.571640824361548	1.14933783869296	-1.68415347377654
1.34699999999996	1.04234701342014	0.708907839527996	-1.70961922951145
1.34799999999996	1.40123309525275	0.184873722714733	-1.57005326953792
1.34899999999996	1.630361699682	-0.366732427477989	-1.27084831874788
1.34999999999996	1.71481753334696	-0.881762557853657	-0.834078481106521
1.35099999999996	1.63435920757141	-1.30641461885503	-0.33357814278447
1.35199999999996	1.4023606192502	-1.58856864653229	0.192745830600996
1.35299999999996	1.01585662414632	-1.70910074431355	0.701838692769649
1.35399999999996	0.521241915628124	-1.67304407516547	1.15368318662447
1.35499999999996	-0.025770914575526	-1.47531353245317	1.50238214871693
1.35599999999996	-0.570635125820469	-1.14921068535871	1.68389673895452
1.35699999999996	-1.04205034881598	-0.70920048577902	1.70948360641058
1.35799999999996	-1.4011826968783	-0.185441810369292	1.57009444443571
1.35899999999996	-1.63011469904503	0.366225058091738	1.2711701142436
1.35999999999996	-1.7145633676506	0.881521090359795	0.8342027378949
1.36099999999996	-1.63421978547996	1.30635249499842	0.333246371576119
1.36199999999996	-1.4022625743075	1.58863677691187	-0.193162447691447
1.36299999999996	-1.01562420876629	1.70916319968785	-0.702213859886351
1.36399999999996	-0.520672066268106	1.67286963090589	-1.15412570600076
1.36499999999996	0.0266339726767785	1.47501385393254	-1.50285011098261
1.36599999999996	0.571566272480272	1.14890639161096	-1.6841273745951
1.36699999999996	1.0426554817784	0.708527169170617	-1.70955815103971
1.36799999999996	1.40156289671098	0.184430667906455	-1.56988837107871
1.36899999999996	1.63056289209155	-0.367413454472533	-1.27040898817211
1.36999999999996	1.71491830883898	-0.882573925512919	-0.833263235456442
1.37099999999996	1.63420422005609	-1.30724785118691	-0.33258667928751
1.37199999999996	1.40181252730566	-1.58909235259153	0.193816316869858
1.37299999999996	1.01470466432053	-1.70918399623365	0.703104050251036
1.37399999999996	0.519652717733791	-1.67249681772173	1.15547148041987
1.37499999999996	-0.0276481934314051	-1.47474686360006	1.50362640592122
1.37599999999996	-0.572510215386894	-1.14882112841165	1.68431641984789
1.37699999999996	-1.04303536433984	-0.70801671739413	1.70960117703002
1.37799999999996	-1.40173347559866	-0.183596271431329	1.56973023612852
1.37899999999996	-1.63088604381985	0.368160810319506	1.26995222447889
1.37999999999996	-1.71512561313935	0.882932550248659	0.832701967372292
1.38099999999996	-1.63422366660016	1.30745830639927	0.332479770971062
1.38199999999996	-1.40183123650258	1.58912549093728	-0.193699557177379
1.38299999999996	-1.01484715302151	1.70922784922761	-0.702883594972614
1.38399999999996	-0.520072922202461	1.67266530939964	-1.15489895212987
1.38499999999996	0.0270081046917441	1.47498364689174	-1.50312274414328
1.38599999999996	0.571565432021701	1.14906284621535	-1.68417264365249
1.38699999999996	1.04254032223952	0.708806610880115	-1.70961022730087
1.38799999999996	1.40143708303044	0.184965304522913	-1.5700661283997
1.38899999999996	1.63033138756467	-0.366588356237276	-1.27097351770574
1.38999999999996	1.71470288725961	-0.881657931446428	-0.834143542646309
1.39099999999996	1.63429964799343	-1.30632007314925	-0.333346090035221
1.39199999999996	1.40238577921863	-1.58857860197515	0.193048841597519
1.39299999999996	1.0159492469486	-1.7091726658807	0.701992062519168
1.39399999999996	0.521328498335375	-1.67311839772368	1.15359023338383
1.39499999999996	-0.0256684381721261	-1.47521343908663	1.5023325709915
1.39599999999996	-0.570631796506339	-1.14892774721553	1.68392903052084
1.39699999999996	-1.04226882669257	-0.709063638130586	1.70947609370248
1.39799999999996	-1.40140915619727	-0.185484515599671	1.57009209425406
1.39899999999996	-1.63010944056628	0.366138167539101	1.27126450464946
1.39999999999996	-1.71446731699053	0.881459586453966	0.834224852573453
1.40099999999996	-1.6341648240524	1.30628787899982	0.333007197787692
1.40199999999996	-1.40228791179	1.58865440112283	-0.193459726596944
1.40299999999996	-1.01570976141755	1.70923628006231	-0.702367576351412
1.40399999999996	-0.520759691703811	1.67294324460385	-1.15404448273227
1.40499999999996	0.0265274165200704	1.47492218073406	-1.50279468105949
1.40599999999996	0.571538285099541	1.14864382484591	-1.68415503609903
1.40699999999996	1.04285048736482	0.708418292542918	-1.70955386206525
1.40799999999996	1.40176355793006	0.184522598697816	-1.56990475300397
1.40899999999996	1.63053672964575	-0.367262031913669	-1.27054550161226
1.40999999999996	1.71480536923774	-0.882448962395434	-0.833342117566821
1.41099999999996	1.63415726467373	-1.30712617566305	-0.332392846123245
1.41199999999996	1.4018679619134	-1.58908064525168	0.194061910555419
1.41299999999996	1.01485240124903	-1.70925460263518	0.703180092212114
1.41399999999996	0.519830109169109	-1.67260029052732	1.15527778661434
1.41499999999995	-0.0274230836568239	-1.47467603802766	1.50351549336379
1.41599999999995	-0.572391208519524	-1.14856299530953	1.6843270874115
1.41699999999995	-1.04320074195418	-0.707955286851707	1.70958766750344
1.41799999999995	-1.40191724373431	-0.183758647070692	1.56975756674334
1.41899999999995	-1.63082426126712	0.367940781652998	1.27013541317736
1.41999999999995	-1.71499608101962	0.882762140036531	0.832821599425898
1.42099999999995	-1.63417259166923	1.30730621111431	0.332297809077072
1.42199999999995	-1.40189466243385	1.5891049715107	-0.193947913765596
1.42299999999995	-1.01501252454264	1.70929896358944	-0.702951687295574
1.42399999999995	-0.520254018507101	1.67277664542058	-1.15469672682892
1.42499999999995	0.0268066015000841	1.47490848588929	-1.50300760041482
1.42599999999995	0.571475704970955	1.14878938407079	-1.68418759841453
1.42699999999995	1.04272445150653	0.708706161094153	-1.70960004416011
1.42799999999995	1.40164030390786	0.185058233872025	-1.57007657617419
1.42899999999995	1.63030235262064	-0.366445701218769	-1.27109606038226
1.42999999999995	1.71458806657288	-0.881558655055995	-0.834205742959905
1.43099999999995	1.63423688846809	-1.30623294272893	-0.33311105794175
1.43199999999995	1.40240271345797	-1.58859187075333	0.193359020390534
1.43299999999995	1.01602800459032	-1.70924395737497	0.702159928877319
1.43399999999995	0.521394893901537	-1.6731864802269	1.15352051316634
1.43499999999995	-0.0255907720754917	-1.47510956267043	1.50229748094093
1.43599999999995	-0.570650282371337	-1.14864316639891	1.68396664559858
1.43699999999995	-1.04249551466285	-0.708910238195616	1.70947145146245
1.43799999999995	-1.40164104876802	-0.18549915561833	1.57008546021201
1.43899999999995	-1.63011705880583	0.366081315658006	1.2713398322277
1.43999999999995	-1.7143818134612	0.881422647271751	0.834227172380539
1.44099999999995	-1.63410991183995	1.30624350965645	0.33276109203877
1.44199999999995	-1.40230293380858	1.58867981902262	-0.193763808778794
1.44299999999995	-1.0157781466553	1.70930807446104	-0.702535874308313
1.44399999999995	-0.520828632416125	1.6730098673073	-1.15398656197594
1.44499999999995	0.0264340904775129	1.47483065120834	-1.50274970303009
1.44599999999995	0.571523346475499	1.1483851899763	-1.68418476981925
1.44699999999995	1.04304389634853	0.708301811138082	-1.70955071844931
1.44799999999995	1.40196298073312	0.184600409851685	-1.56991821104723
1.44899999999995	1.63051847386149	-0.367121833000285	-1.27067177573498
1.44999999999995	1.71469642301823	-0.882331006144418	-0.833418940296989
1.45099999999995	1.63411021262831	-1.30700777924809	-0.332206071206527
1.45199999999995	1.40191984256728	-1.58906759353655	0.194296188401368
1.45299999999995	1.01500290694463	-1.70932336057972	0.703252226506876
1.45399999999995	0.520013550210539	-1.67270646190736	1.15507963148072
1.45499999999995	-0.0271883086303042	-1.47461569198145	1.50339613076152
1.45599999999995	-0.572251737563724	-1.14831466871383	1.68433508826725
1.45699999999995	-1.04335056561548	-0.70790363204783	1.70957588067561
1.45799999999995	-1.4020952632213	-0.18393777843061	1.56978894006336
1.45899999999995	-1.63075801976289	0.367699074521503	1.27033071612389
1.45999999999995	-1.71486183122972	0.882573927844004	0.832964661395807
1.46099999999995	-1.63412158203166	1.30713802422407	0.332136269841616
1.46199999999995	-1.40196574705627	1.58907377917111	-0.194181753589077
1.46299999999995	-1.01519487117647	1.709367448317	-0.703005922795809
1.46399999999995	-0.520452799787516	1.67289394904472	-1.15447811589649
1.46499999999995	0.0265855993838404	1.4748429126511	-1.50287834622076
1.46599999999995	0.571368994385326	1.1485206594547	-1.68419786704278
1.46699999999995	1.04289695538097	0.70861044695829	-1.70958865593451
1.46799999999995	1.40183966820666	0.185160497807755	-1.57008755705187
1.46899999999995	1.6302709477238	-0.36629433579464	-1.27122318729747
1.46999999999995	1.71447036087743	-0.881454817146549	-0.834275695860543
1.47099999999995	1.63417181142064	-1.30614393294893	-0.332881265121694
1.47199999999995	1.40241770741083	-1.58860302136181	0.193669027529141
1.47299999999995	1.01610307570039	-1.70931380288566	0.702331927663973
1.47399999999995	0.521453733857779	-1.67325222851581	1.15345902280557
1.47499999999995	-0.0255233724321274	-1.475005265583	1.50226725139122
1.47599999999995	-0.570677996999117	-1.14835807119501	1.68400624481243
1.47699999999995	-1.04272513342135	-0.708747022057824	1.70946803651661
1.47799999999995	-1.40187573848654	-0.185497229978686	1.57007578640904
1.47899999999995	-1.63013425858215	0.366042818472365	1.27140227310696
1.47999999999995	-1.71430308443097	0.881401774615264	0.834216682849551
1.48099999999995	-1.63405439220083	1.30621319645532	0.332510223796975
1.48199999999995	-1.4023098019196	1.58871076116342	-0.194073429814314
1.48299999999995	-1.01583111574667	1.70937912289265	-0.702717263662524
1.48399999999995	-0.520881506101653	1.67307032094791	-1.15394810533363
1.48499999999995	0.0263583281973008	1.47473771966171	-1.50271541744336
1.48599999999995	0.571522027831762	1.1481285730266	-1.68421696986288
1.48699999999995	1.04323808218834	0.708176081292972	-1.70954894228061
1.48799999999995	1.40216291099109	0.184661142322782	-1.56992832489121
1.48899999999995	1.63050694725974	-0.366997958253641	-1.27078595017463
1.48999999999995	1.71459283706622	-0.882224840955547	-0.833488346496852
1.49099999999995	1.63406276622991	-1.30689734184994	-0.332021286941147
1.49199999999995	1.40196757601993	-1.58905537991665	0.194527170405578
1.49299999999995	1.01514986448401	-1.70939045264942	0.703327418959213
1.49399999999995	0.520198134015711	-1.6728111251764	1.15488753598517
1.49499999999995	-0.0269553963637782	-1.47456250754461	1.50327471345986
1.49599999999995	-0.572115379919559	-1.1480650107956	1.68433970708228
1.49699999999995	-1.04348969993764	-0.707856058245208	1.70956577787914
1.49799999999995	-1.40226959187938	-0.184124950242345	1.56982268432035
1.49899999999995	-1.63069031749696	0.367443742804059	1.27053260907975
1.49999999999995	-1.71472432899776	0.882373618228153	0.833127735059125
1.50099999999995	-1.63407140778868	1.30695700035207	0.33199393763994
1.50199999999995	-1.4020449047673	1.58903304931526	-0.194401168608734
1.50299999999995	-1.01539491223734	1.70943374874029	-0.703046524322126
1.50399999999995	-0.520671953988233	1.67301790591918	-1.15424171861614
1.50499999999995	0.0263410227430494	1.47478924359599	-1.50273314789235
1.50599999999994	0.57124034464529	1.1482590270734	-1.68420247982929
1.50699999999994	1.04305419495187	0.708524285514824	-1.70957618234095
1.50799999999994	1.4020331005535	0.185281289811065	-1.57010106890285
1.50899999999994	1.63023369839196	-0.3661234919772	-1.27136181592066
1.50999999999994	1.71434672749144	-0.881336699144328	-0.834363216463404
1.51099999999994	1.6341045519748	-1.30604442608669	-0.33266324001764
1.51199999999994	1.40243619831022	-1.58860574091269	0.193970666772937
1.51299999999994	1.01618283684009	-1.70938173616286	0.70249965345965
1.51399999999994	0.521516177253653	-1.67331921782839	1.15339232853293
1.51499999999994	-0.0254527403210666	-1.47490344959226	1.50223295214019
1.51599999999994	-0.570702206334208	-1.14807281978655	1.68404556881382
1.51699999999994	-1.04295332309002	-0.708579944545932	1.70946499971643
1.51799999999994	-1.40211196770672	-0.185490829089686	1.57006501273133
1.51899999999994	-1.63015553438247	0.366010454691968	1.27146048451633
1.51999999999994	-1.71422606127209	0.881387912939282	0.834202511179745
1.52099999999994	-1.6339978236461	1.3061898835127	0.332257179587179
1.52199999999994	-1.40231161244824	1.58874479099442	-0.194387631600337
1.52299999999994	-1.0158755753689	1.70944968896982	-0.702907447393546
1.52399999999994	-0.520923563965772	1.67312711251679	-1.15392281574883
1.52499999999994	0.0262954023090047	1.47464313779683	-1.50268894386542
1.52599999999994	0.571531741313475	1.14787123459077	-1.68425153318472
1.52699999999994	1.04343468166841	0.708040599179712	-1.70954825756795
1.52799999999994	1.40236524778165	0.184705526355563	-1.56993495857376
1.52899999999994	1.63050319054357	-0.366890603184022	-1.27088817401869
1.52999999999994	1.71449422260412	-0.882132202290226	-0.833547011785884
1.53099999999994	1.63401385847916	-1.30679732269945	-0.331833148762393
1.53199999999994	1.40200824119124	-1.5890461339143	0.194762485366513
1.53299999999994	1.01528753420667	-1.70945630909596	0.703412634677685
1.53399999999994	0.520370118096004	-1.67291220158243	1.1547099486
1.53499999999994	-0.0267354770474992	-1.47451200103477	1.50315755405793
1.53599999999994	-0.571985918017273	-1.14781666987507	1.6843455482811
1.53699999999994	-1.04362545488166	-0.70780312656872	1.70955734491414
1.53799999999994	-1.4024443476027	-0.184305139231092	1.56985537691583
1.53899999999994	-1.63062745132482	0.367191889896145	1.27072896759119
1.53999999999994	-1.71458522939261	0.882178942618677	0.833300116723404
1.54099999999994	-1.63402102863976	1.30677617350279	0.331859881525733
1.54199999999994	-1.40212415009163	1.58898927279949	-0.194615580116728
1.54299999999994	-1.01559822735638	1.70949804522116	-0.703087223401106
1.54399999999994	-0.520895247215919	1.67313990490115	-1.15400546499928
1.54499999999994	0.0260910711226685	1.47474277721049	-1.50258339000619
1.54599999999994	0.571104369777128	1.14800250485393	-1.68420456934857
1.54699999999994	1.04320128939345	0.708441802648063	-1.7095638098025
1.54799999999994	1.40222269730462	0.185411876070951	-1.57011644020929
1.54899999999994	1.63019461932302	-0.365939716170046	-1.27150758314851
1.54999999999994	1.71421865838372	-0.881206922590274	-0.834465887990451
1.55099999999994	1.63403695204941	-1.30593480933024	-0.332460263070424
1.55199999999994	1.40246109457444	-1.58859931702202	0.194259931809741
1.55299999999994	1.01627478283687	-1.70944804194458	0.702656338407638
1.55399999999994	0.521594195687998	-1.67339234371881	1.15330819987247
1.55499999999994	-0.0253625844416379	-1.47481016552546	1.50218506537481
1.55599999999994	-0.570705134827673	-1.14779232643207	1.68408140573543
1.55699999999994	-1.0431701183806	-0.708421248982724	1.70946201226534
1.55799999999994	-1.40234473092849	-0.185502533013175	1.57005769961836
1.55899999999994	-1.63017101877706	0.365959177085594	1.27153155089924
1.55999999999994	-1.71414330441882	0.881359183890961	0.834206276222119
1.56099999999994	-1.63394005957688	1.30615492514755	0.332014749977617
1.56199999999994	-1.40231697576304	1.58877239619827	-0.194696260466348
1.56299999999994	-1.01592779977025	1.70951894861195	-0.70309153993422
1.56399999999994	-0.520973938668472	1.67318681128189	-1.15388735259275
1.56499999999994	0.0262235181700993	1.47455113743825	-1.50265569085463
1.56599999999994	0.571535094966779	1.14761186298011	-1.68428461306707
1.56699999999994	1.0436275421141	0.707906948559494	-1.70954516320072
1.56799999999994	1.40257001453622	0.184746076637686	-1.56993946606623
1.56899999999994	1.63050295875113	-0.366789000231438	-1.27098511333882
1.56999999999994	1.71439670247435	-0.882047779417891	-0.833599084305101
1.57099999999994	1.63396185185752	-1.30670568206439	-0.331638166852225
1.57199999999994	1.40204031573137	-1.58904104462628	0.195008195951097
1.57299999999994	1.01541153406292	-1.70952183523694	0.703514425383716
1.57399999999994	0.520522485608339	-1.67300700642346	1.15455559933519
1.57499999999994	-0.0265439056327733	-1.47445869768065	1.50305210621288
1.57599999999994	-0.571876981793619	-1.14756536779732	1.68435656582889
1.57699999999994	-1.04376890735615	-0.707732531935932	1.70955113337695
1.57799999999994	-1.40262650637237	-0.184457989634359	1.56988239988941
1.57899999999994	-1.63057871442079	0.366967255555913	1.27090424089992
1.57999999999994	-1.71445458481216	0.882006888050758	0.833454248005883
1.58099999999994	-1.63396943152108	1.3066130874892	0.331718400889831
1.58199999999994	-1.40219582706468	1.58894988734632	-0.194836786537328
1.58299999999994	-1.01578825777608	1.709561358975	-0.703144843717586
1.58399999999994	-0.521101435159159	1.67325677766927	-1.15379362277108
1.58499999999994	0.0258573479742401	1.4746973190899	-1.50244314183577
1.58599999999994	0.570978787351647	1.14774879622244	-1.68420832691808
1.58699999999994	1.04334544592065	0.708355097425524	-1.70955296180742
1.58799999999994	1.40241113822059	0.185538504556268	-1.57013192398722
1.58899999999994	1.63015886137398	-0.36575505038384	-1.27165385507277
1.58999999999994	1.7140899400455	-0.881072942014585	-0.834577351788737
1.59099999999994	1.63397018528502	-1.30581919181693	-0.332271789669503
1.59199999999994	1.40249091528843	-1.58858586971812	0.194537119779293
1.59299999999994	1.01638018621617	-1.70951242898914	0.702800180260852
1.59399999999994	0.521692250772022	-1.67347433499914	1.15320044024008
1.59499999999994	-0.0252470923841151	-1.47472853134578	1.50211949100235
1.59599999999994	-0.5706804306221	-1.14751944088258	1.68411117045743
1.59699999999993	-1.0433698998483	-0.708276919584954	1.70945840878403
1.59799999999993	-1.40257070217737	-0.185543345500618	1.57005581643395
1.59899999999993	-1.63017592015787	0.365876219168188	1.27162370783839
1.59999999999993	-1.71405093768873	0.881301042463091	0.834234670636652
1.60099999999993	-1.63388148553606	1.30609803387057	0.331792167040322
1.60199999999993	-1.40233160131003	1.58878764849306	-0.194991852461024
1.60299999999993	-1.01599902523325	1.70958652197608	-0.703259131744951
1.60399999999993	-0.52104672582162	1.67325468346326	-1.15382550229651
1.60499999999993	0.0261256664802357	1.47446665036682	-1.50260479551079
1.60599999999993	0.571517259911569	1.14735175169307	-1.68431341912268
1.60699999999993	1.04381473916669	0.707778870002329	-1.7095403200086
1.60799999999993	1.4027747499282	0.184798405202099	-1.56994543957916
1.60899999999993	1.63050025320679	-0.36667626666222	-1.27108849353295
1.60999999999993	1.71429484982126	-0.881957438410094	-0.833659361759403
1.61099999999993	1.63390694898035	-1.30661019395684	-0.331444796716268
1.61199999999993	1.40207038381645	-1.58903497997763	0.195258819188957
1.61299999999993	1.01553563847762	-1.70958724394903	0.703623644258439
1.61399999999993	0.520669734124178	-1.67310098168436	1.15440832994544
1.61499999999993	-0.0263586723938443	-1.47440473141646	1.50294939787831
1.61599999999993	-0.571776484746579	-1.14730936559321	1.68436991718544
1.61699999999993	-1.04391746249309	-0.707648901538128	1.70954624512806
1.61799999999993	-1.40281535146145	-0.184594109055333	1.5699052527424
1.61899999999993	-1.6305398102724	0.366759382028537	1.27106572917088
1.61999999999993	-1.7143277899958	0.88184986976803	0.833595953969152
1.62099999999993	-1.63391497284056	1.30646242684179	0.331568136078619
1.62199999999993	-1.4022590093454	1.58891519546879	-0.195069568998814
1.62299999999993	-1.01596612544414	1.70962399266968	-0.703220744420252
1.62399999999993	-0.521290173166488	1.67336828826273	-1.15360531818869
1.62499999999993	0.0256424776314579	1.47464943080872	-1.50231340667363
1.62599999999993	0.570868445794162	1.14749353630827	-1.68421503656883
1.62699999999993	1.04349347591538	0.708257343262387	-1.70954352257658
1.62799999999993	1.40260362396411	0.185652226290578	-1.5701453545984
1.62899999999993	1.63013059532075	-0.365580190549941	-1.27179377120817
1.62999999999993	1.7139644269034	-0.880945627210825	-0.834687037794418
1.63099999999993	1.63390318323977	-1.30570739266063	-0.332086314170542
1.63199999999993	1.40251951573968	-1.58857159673264	0.194813578918389
1.63299999999993	1.01648713139717	-1.7095759167896	0.702944554035975
1.63399999999993	0.52179411916968	-1.67355802331292	1.15309077881005
1.63499999999993	-0.025124687107578	-1.47465235519751	1.50204815940525
1.63599999999993	-0.570645723198807	-1.14724983021779	1.68413842391045
1.63699999999993	-1.04356159968852	-0.708135805907405	1.70945508610325
1.63799999999993	-1.40278651884313	-0.185590522993979	1.57005830361675
1.63899999999993	-1.63017874204651	0.365779572204026	1.27172244594232
1.63999999999993	-1.71395440329249	0.881231289418219	0.834277614767126
1.64099999999993	-1.63382157709505	1.30603145919617	0.331579827467898
1.64199999999993	-1.40234897336062	1.58879660239024	-0.195282239968175
1.64299999999993	-1.01607813798586	1.70965261189072	-0.703420780271408
1.64399999999993	-0.521129649401085	1.67332624036092	-1.15375133181774
1.64499999999993	0.0260161412406394	1.47438651519535	-1.50254562174865
1.64599999999993	0.571489594732977	1.14709076355055	-1.68434036854721
1.64699999999993	1.04399756421278	0.707650260894085	-1.70953534865643
1.64799999999993	1.40298035202685	0.184853614218817	-1.56995195437061
1.64899999999993	1.63049828198521	-0.366559970427982	-1.2711933356989
1.64999999999993	1.71419125621329	-0.881865624931717	-0.833724047717056
1.65099999999993	1.63384994189161	-1.30651373208554	-0.331254747714659
1.65199999999993	1.40209886763927	-1.58902862541432	0.195512577489188
1.65299999999993	1.01565973830193	-1.70965270140001	0.703738781203169
1.65399999999993	0.520814460983229	-1.67319511306238	1.15426603142978
1.65499999999993	-0.0261809967511777	-1.47434175826409	1.50284963886153
1.65599999999993	-0.571678930289379	-1.1470522883247	1.68438406698034
1.65699999999993	-1.04406713180037	-0.707557685223997	1.70954267914275
1.65799999999993	-1.40300795452735	-0.184722042309648	1.56992606033315
1.65899999999993	-1.63050686716109	0.366559593719912	1.27122025994347
1.65999999999993	-1.71420275974762	0.881699898395013	0.833733745230487
1.66099999999993	-1.63385850852827	1.30631761121483	0.331415521857981
1.66199999999993	-1.40231744124895	1.58888192855639	-0.195308200208432
1.66299999999993	-1.0161381745067	1.70968573414941	-0.703307902805823
1.66399999999993	-0.521469433573211	1.67347719706114	-1.15343112638535
1.66499999999993	0.0254376041637762	1.47460165497747	-1.50218846184268
1.66599999999993	0.570765546289078	1.14723789755192	-1.6842230540003
1.66699999999993	1.04364216097373	0.70815248931056	-1.70953504756771
1.66799999999993	1.40279885777418	0.185759221054902	-1.57015796931288
1.66899999999993	1.63010769152089	-0.365409514217575	-1.27193086214346
1.66999999999993	1.71384037365375	-0.88082140999851	-0.83479880089449
1.67099999999993	1.63383577741469	-1.30559718773238	-0.331904912336141
1.67199999999993	1.40254727204901	-1.58855589928491	0.195089086737674
1.67299999999993	1.01659592314694	-1.70963860987002	0.703089390448035
1.67399999999993	0.521899350279065	-1.67364332556385	1.15297948713826
1.67499999999993	-0.0249971344762961	-1.47458108733099	1.50197195619906
1.67599999999993	-0.570603678850649	-1.14698247177481	1.68416387156833
1.67699999999993	-1.04374718063032	-0.707995285981325	1.70945216037783
1.67799999999993	-1.40299741872872	-0.185643080472084	1.57006329065638
1.67899999999993	-1.63018143095606	0.365673877655482	1.27182616873225
1.67999999999993	-1.71385504064046	0.881153608754617	0.834332248531575
1.68099999999993	-1.63376052296758	1.30595768656182	0.331375848733647
1.68199999999993	-1.40236773683263	1.58880034679472	-0.195567543701036
1.68299999999993	-1.01616421925391	1.70971759101626	-0.703578070413845
1.68399999999993	-0.521222448652753	1.67340127578734	-1.15366401212282
1.68499999999993	0.0258966431452364	1.47431090440937	-1.502479216703
1.68599999999993	0.571453267767886	1.14682934182315	-1.68436552733392
1.68699999999993	1.04417612835893	0.707520411418675	-1.7095303254172
1.68799999999992	1.40318920914516	0.184911311036891	-1.56995818038227
1.68899999999992	1.6304971888222	-0.366440820566268	-1.27129878928681
1.68999999999992	1.71408599994451	-0.881772502598095	-0.833792658441318
1.69099999999992	1.6337909872997	-1.30641653336619	-0.331066186169972
1.69199999999992	1.40212570215303	-1.58902136594305	0.19576971505723
1.69299999999992	1.0157834092653	-1.7097180770368	0.703859701675203
1.69399999999992	0.520957165677177	-1.67328956710816	1.15412855611249
1.69499999999992	-0.0260098539157887	-1.47426952914132	1.50275310761762
1.69599999999992	-0.571583668218824	-1.14679448068557	1.68439940202779
1.69699999999992	-1.04421749673373	-0.707459696222914	1.70954038867511
1.69799999999992	-1.40320374136792	-0.184843338658922	1.56994559161379
1.69899999999992	-1.6304807551638	0.366367732897164	1.27136935203342
1.69999999999992	-1.71407905516435	0.881556033029186	0.833868429137234
1.70099999999992	-1.63380035117168	1.30617855231712	0.331260549096673
1.70199999999992	-1.40237072303469	1.58885038522448	-0.19555292544951
1.70299999999992	-1.01630340252835	1.70974579016158	-0.703410934160119
1.70399999999992	-0.521638152535698	1.67358229722426	-1.15327107559343
1.70499999999992	0.0252424465488829	1.47455389100823	-1.50206831358167
1.70599999999992	0.57066871285544	1.14698223302187	-1.6842322923413
1.70699999999992	1.04378455370532	0.70803752512421	-1.7095279563756
1.70799999999992	1.40299657316892	0.185861820513532	-1.57017068221466
1.70899999999992	1.63008947306171	-0.36524000232166	-1.27206730603373
1.70999999999992	1.71371715235418	-0.880697713917442	-0.834915756531988
1.71099999999992	1.63376895565024	-1.30548137244641	-0.331716434951825
1.71199999999992	1.40257586502095	-1.58853780868246	0.195362119579482
1.71299999999992	1.01670922523157	-1.70970056717465	0.70323288448807
1.71399999999992	0.522010856114512	-1.67373153236122	1.15286355529404
1.71499999999992	-0.0248606467090172	-1.47451580284041	1.50188935226535
1.71599999999992	-0.570552278474556	-1.14671767891375	1.68418740724299
1.71699999999992	-1.04392587635046	-0.707855786034862	1.70945013678813
1.71799999999992	-1.40320797102819	-0.185703258772662	1.57006979969907
1.71899999999992	-1.63018475123047	0.365558852853095	1.27193496557207
1.71999999999992	-1.71375287191063	0.881068493513596	0.834398272246635
1.72099999999992	-1.63369815440412	1.30587742850213	0.331179316173727
1.72199999999992	-1.40238693634956	1.58879937343046	-0.195848736691754
1.72299999999992	-1.0162556966666	1.70978148247718	-0.703732835153285
1.72399999999992	-0.521321171412522	1.67347918341576	-1.15357040101967
1.72499999999992	0.0257701627069941	1.47423926893495	-1.50240684832238
1.72599999999992	0.571403833915531	1.14656607109271	-1.68439030959085
1.72699999999992	1.0443517831302	0.707387248993374	-1.7095260815107
1.72799999999992	1.40339762843681	0.184966982007159	-1.56996436304217
1.72899999999992	1.63049866934865	-0.366322829441368	-1.27140170950536
1.72999999999992	1.71398047382189	-0.881681600953936	-0.833861445165837
1.73099999999992	1.63373006051449	-1.30632182101424	-0.330876716290281
1.73199999999992	1.40214924036668	-1.58901492475922	0.196032223647784
1.73299999999992	1.01590319142544	-1.709783338302	0.70398948956903
1.73399999999992	0.521093807160354	-1.67338286095142	1.15400081171017
1.73499999999992	-0.0258467757063639	-1.47419906908411	1.50265913637025
1.73599999999992	-0.571494747467456	-1.14653617481598	1.6844165649084
1.73699999999992	-1.04436996685136	-0.70735389286129	1.7095393898757
1.73799999999992	-1.40340280725807	-0.184955613109606	1.56996363434441
1.73899999999992	-1.63046154457747	0.366185175901116	1.27151199232362
1.73999999999992	-1.71395735762447	0.881418770905688	0.833999614609078
1.74099999999992	-1.63374234539463	1.30604533092903	0.331099433420567
1.74199999999992	-1.40241983028139	1.58881989976315	-0.195802131696613
1.74299999999992	-1.01646337862077	1.70980477272338	-0.703524000975518
1.74399999999992	-0.521798421402303	1.67368462785702	-1.15312317234757
1.74499999999992	0.0250564278022897	1.47450585777694	-1.50195215089354
1.74599999999992	0.570576726668991	1.14672697914821	-1.68424209685697
1.74699999999992	1.04392561267149	0.707917013545034	-1.70952184307295
1.74799999999992	1.40319600274913	0.18596006160147	-1.57018302514684
1.74899999999992	1.63007197444707	-0.365073405031716	-1.27220272448753
1.74999999999992	1.71359479213954	-0.880575061505815	-0.835036727056462
1.75099999999992	1.63370149960401	-1.30536534566473	-0.331532518132273
1.75199999999992	1.40260410497499	-1.588517643883	0.1956328448115
1.75299999999992	1.01682570511612	-1.7097615196276	0.70337501210366
1.75399999999992	0.522127255303942	-1.67382191106825	1.1527444099032
1.75499999999992	-0.0247170413036197	-1.47445594481303	1.50180115448517
1.75599999999992	-0.570493123311681	-1.14645531759688	1.68420924806457
1.75699999999992	-1.04409789754111	-0.707716227812938	1.70944908216017
1.75799999999992	-1.40341837786484	-0.185769055797193	1.57007751455592
1.75899999999992	-1.63018729467302	0.365437023876602	1.27204786849423
1.75999999999992	-1.71364857893921	0.880977331030184	0.834474251376077
1.76099999999992	-1.63363458818849	1.30579175340833	0.330990038592269
1.76199999999992	-1.40240692192978	1.58879425628107	-0.196126756951505
1.76299999999992	-1.01635254782812	1.70984422505048	-0.703884940363255
1.76399999999992	-0.521425943761354	1.67356004650433	-1.15347080998152
1.76499999999992	0.0256360894372746	1.47417218080298	-1.5023287465101
1.76599999999992	0.571347521545036	1.14630318461291	-1.68441255839997
1.76699999999992	1.04452283879923	0.707252905132062	-1.70952187940668
1.76799999999992	1.40360612131392	0.185025618362713	-1.56997144227431
1.76899999999992	1.63050087859088	-0.366200343911783	-1.27150546636548
1.76999999999992	1.71387327094544	-0.881587253092218	-0.833936346419847
1.77099999999992	1.6336676467304	-1.30622453222664	-0.330691090309504
1.77199999999992	1.40217292176712	-1.58900644452661	0.196295777804282
1.77299999999992	1.01602499117874	-1.7098482234065	0.704122710922783
1.77399999999992	0.521230065501715	-1.67347766811041	1.15387434471154
1.77499999999992	-0.02568306588443	-1.47413263530164	1.5025619171382
1.77599999999992	-0.57140456496338	-1.14627819232502	1.68443289533856
1.77699999999992	-1.04452083819783	-0.707245003791804	1.70953907505281
1.77799999999991	-1.40360369809573	-0.185065870876363	1.56998107449279
1.77899999999991	-1.63044553107453	0.366003569557845	1.27165295114234
1.77999999999991	-1.71383509459109	0.881282140515701	0.834133150051431
1.78099999999991	-1.63368189295101	1.30591342632909	0.330937535510105
1.78199999999991	-1.40246640708169	1.58878834391779	-0.196054407864826
1.78299999999991	-1.01662161605288	1.7098628297418	-0.703643211023501
1.78399999999991	-0.521953734655255	1.67378565410685	-1.1529825631379
1.78499999999991	0.0248758156922779	1.47445847614624	-1.50183711131696
1.78599999999991	0.570487487781111	1.14647044784828	-1.68425238163622
1.78699999999991	1.04406632777934	0.707790174483667	-1.70951657853678
1.78799999999991	1.40339837270306	0.186053099178502	-1.57019461061463
1.78899999999991	1.63005963060605	-0.364910169455115	-1.27233532910366
1.78999999999991	1.71347390631491	-0.880455658244299	-0.835158861793537
1.79099999999991	1.63363280640795	-1.30525180385291	-0.331350208582294
1.79199999999991	1.40263020586245	-1.58849717475952	0.195905043470263
1.79299999999991	1.01694254978848	-1.70982186171396	0.703517885122044
1.79399999999991	0.522243654771822	-1.67391269653006	1.15262740666406
1.79499999999991	-0.0245733435496012	-1.47439953538557	1.50171051463092
1.79599999999991	-0.570431819370726	-1.14619364998333	1.68423040164391
1.79699999999991	-1.04426597557837	-0.707572933488251	1.70944878338852
1.79799999999991	-1.40363046410994	-0.185834589126201	1.57008518828776
1.79899999999991	-1.63019108970188	0.365312475835021	1.2721551222625
1.79999999999991	-1.71354400725363	0.880886920383484	0.834552901148422
1.80099999999991	-1.63356933830353	1.30570677732454	0.330802594277574
1.80199999999991	-1.40242369778461	1.58878839096797	-0.196406730408452
1.80299999999991	-1.01644672653449	1.70990579842614	-0.704041649799313
1.80399999999991	-0.521526251380523	1.67363983614417	-1.15337718802849
1.80499999999991	0.0255074762243982	1.47410584889834	-1.50225274763874
1.80599999999991	0.571295080137913	1.14603925513699	-1.6844359721144
1.80699999999991	1.04469477557879	0.707110449698291	-1.70951851822226
1.80799999999991	1.40381700758022	0.185073700501995	-1.56997637243646
1.80899999999991	1.63050837899925	-0.366087533050329	-1.27160148554071
1.80999999999991	1.7137682174171	-0.881499999905348	-0.834008005188615
1.81099999999991	1.63360428671269	-1.3061339326905	-0.330503948656334
1.81199999999991	1.40219431045237	-1.58900020250717	0.196562804057615
1.81299999999991	1.01614141539501	-1.70991276230878	0.704264685706869
1.81399999999991	0.521361720670864	-1.67357034674864	1.15375909381029
1.81499999999991	-0.025526357794293	-1.47406925576316	1.50246803286722
1.81599999999991	-0.571318567992746	-1.14602284451199	1.68444998501193
1.81699999999991	-1.04467021850591	-0.707132030669838	1.70953992138964
1.81799999999991	-1.40380484211991	-0.185171899445559	1.56999805800976
1.81899999999991	-1.63043293059444	0.365824063593198	1.27179177039334
1.81999999999991	-1.713713218909	0.88114564886842	0.834269980325194
1.82099999999991	-1.6336204902525	1.30578120435719	0.330781702352232
1.82199999999991	-1.40251261214771	1.58875412909653	-0.196304944970154
1.82299999999991	-1.01678150881508	1.70991916489065	-0.703763389832534
1.82399999999991	-0.5221087813319	1.67388646984404	-1.15284303994495
1.82499999999991	0.02469350769498	1.47441474990772	-1.50171826093538
1.82599999999991	0.570392818631029	1.1462160048196	-1.68426105068945
1.82699999999991	1.04420117037736	0.707662808881216	-1.7095116555253
1.82799999999991	1.4036003035111	0.186149870989247	-1.57020722137353
1.82899999999991	1.63004866582185	-0.364740292223999	-1.27247111717946
1.82999999999991	1.71335155219781	-0.880331374078435	-0.835291249770548
1.83099999999991	1.6335631386157	-1.30513400036263	-0.331176050904931
1.83199999999991	1.40265748892608	-1.58847267126451	0.196173322097092
1.83299999999991	1.0170651247086	-1.70988104901965	0.703657450550443
1.83399999999991	0.522367018904411	-1.67400622447469	1.15250457864353
1.83499999999991	-0.0244221610465264	-1.47434916453595	1.50161310931215
1.83599999999991	-0.570362397628992	-1.14593384995588	1.68424975602149
1.83699999999991	-1.04443013959932	-0.707428774098451	1.70944735776145
1.83799999999991	-1.4038432556154	-0.185902392926498	1.57009309504636
1.83899999999991	-1.63019640510097	0.365185844800947	1.27226097500998
1.83999999999991	-1.71343898420333	0.880797213630064	0.834634009989164
1.84099999999991	-1.63350208635826	1.30562312951692	0.33061609274359
1.84199999999991	-1.4024364890569	1.58878245646827	-0.196689651831195
1.84299999999991	-1.01653602499814	1.70996604275167	-0.704204993551431
1.84399999999991	-0.521618810291283	1.67371720778506	-1.15329312379378
1.84499999999991	0.0253889782107512	1.47403890031435	-1.50218185250212
1.84599999999991	0.571252109859005	1.14577408344866	-1.68446111932638
1.84699999999991	1.04486809025782	0.706957274826379	-1.70951663235745
1.84799999999991	1.40403086398164	0.185105998835583	-1.56997818930752
1.84899999999991	1.63052288716219	-0.365990541414739	-1.27168605718284
1.84999999999991	1.71366776285169	-0.88142519248927	-0.834070843617998
1.85099999999991	1.63354011877907	-1.30605467202765	-0.330312290986865
1.85199999999991	1.40220966390957	-1.58899863391408	0.196836307422062
1.85299999999991	1.01624785820607	-1.70997674479712	0.70441854088835
1.85399999999991	0.521481595010415	-1.67365774729927	1.15365985309699
1.85499999999991	-0.0253848058858397	-1.47400632175606	1.50238383464785
1.85599999999991	-0.571245268849675	-1.14577017908484	1.68446921862345
1.85699999999991	-1.04482169434704	-0.707010332719679	1.70954204991154
1.85799999999991	-1.40400675932708	-0.185262650518399	1.57001224623598
1.85899999999991	-1.63042743322888	0.365659621865357	1.27191985268663
1.85999999999991	-1.71359606848147	0.8810202275857	0.834398104671752
1.86099999999991	-1.63355838909341	1.30565797731299	0.330625551879991
1.86199999999991	-1.40255249484554	1.58872261565448	-0.196556181108234
1.86299999999991	-1.01693331570478	1.7099738657317	-0.703889664129498
1.86399999999991	-0.522254875314931	1.67398372668488	-1.15271500822603
1.86499999999991	0.0245194671711478	1.47437286517106	-1.5016027131777
1.86599999999991	0.570296171339106	1.14596512444915	-1.68427151574755
1.86699999999991	1.044331193216	0.707534303102947	-1.70950844614733
1.86799999999991	1.4038005904442	0.186245991555663	-1.57022095175766
1.8689999999999	1.63004022943224	-0.364568027678137	-1.27260784472935
1.8699999999999	1.7132289970958	-0.880203297137499	-0.835426090108315
1.8709999999999	1.63349437043305	-1.30501257876165	-0.331014036928625
1.8719999999999	1.40268784881611	-1.58844338203796	0.196432329289352
1.8729999999999	1.01719668489439	-1.70993848626892	0.703788591372334
1.8739999999999	0.522502618490704	-1.6741040254834	1.15237074642721
1.8749999999999	-0.0242559562458493	-1.47430910806248	1.50150407407673
1.8759999999999	-0.570275972457684	-1.14568101638842	1.68426519210886
1.8769999999999	-1.04458078919429	-0.707290926005426	1.70944642406043
1.8779999999999	-1.40405162423267	-0.185985268639018	1.57010404142811
1.8789999999999	-1.63019812207563	0.3650424147929	1.27237671001399
1.8799999999999	-1.713329401436	0.880693705768743	0.834733354196286
1.8809999999999	-1.63343313296847	1.30552988320881	0.330441587887335
1.8819999999999	-1.40245285079057	1.58876920075125	-0.196963701647763
1.8829999999999	-1.01663573751451	1.71002310720396	-0.704363302573915
1.8839999999999	-0.521722248798436	1.67379893503963	-1.15319760998579
1.8849999999999	0.025258389597877	1.47397884832039	-1.50210167070891
1.8859999999999	0.571198449481539	1.14551099953721	-1.68448385271267
1.8869999999999	1.04503622712707	0.706804098418934	-1.70951462595615
1.8879999999999	1.4042439329563	0.185140759289586	-1.56998002913274
1.8889999999999	1.6305377061019	-0.365890946264542	-1.27177113675131
1.8899999999999	1.71356667088524	-0.881349828860723	-0.834137107219772
1.8909999999999	1.63347427744994	-1.30597633490267	-0.330122667964609
1.8919999999999	1.40222244223019	-1.58899720712098	0.197112656483867
1.8929999999999	1.01635058883536	-1.71003982740633	0.704579375751644
1.8939999999999	0.52159508786305	-1.67374278631131	1.15356852721666
1.8949999999999	-0.0252533162941174	-1.47394387034558	1.50230483069351
1.8959999999999	-0.571181798435415	-1.14551749186643	1.6844902783863
1.8969999999999	-1.04497660465489	-0.706878581350011	1.70954496939372
1.8979999999999	-1.40421139921002	-0.185340827906188	1.57002323388137
1.8989999999999	-1.63042984038996	0.365512208044474	1.27203472002391
1.8999999999999	-1.71348399787657	0.880909381716705	0.83451338899713
1.9009999999999	-1.63349487572764	1.30554754190827	0.330463601523354
1.9019999999999	-1.4025830517917	1.58869760652488	-0.196812713968003
1.9029999999999	-1.01707154026673	1.71002801039569	-0.704026718448538
1.9039999999999	-0.522386529082905	1.67407554667576	-1.15260341208634
1.9049999999999	0.0243591484645083	1.47433036262245	-1.5014945521848
1.9059999999999	0.570204452988896	1.14571607970176	-1.68428489464055
1.9069999999999	1.04445999050279	0.70740154993291	-1.70950745802334
1.9079999999999	1.4040010646257	0.186337263107312	-1.57023522913815
1.9089999999999	1.63003570065061	-0.364397153168806	-1.27274377713116
1.9099999999999	1.71310465882688	-0.880073061621926	-0.835553961588664
1.9109999999999	1.63342676675989	-1.30488855044211	-0.330863015805032
1.9119999999999	1.40272184248328	-1.58840941041738	0.196682966846087
1.9129999999999	1.01733897629539	-1.70999445786123	0.703911246786168
1.9139999999999	0.522655845578096	-1.67420715262556	1.15222820101518
1.9149999999999	-0.0240705050828646	-1.47428076043316	1.50138048045673
1.9159999999999	-0.570168024874579	-1.14543534196119	1.68427595446408
1.9169999999999	-1.04471561999469	-0.707161072485545	1.70944626599549
1.9179999999999	-1.40425373362586	-0.186088546957359	1.57011937867835
1.9189999999999	-1.63019430002636	0.364875269040684	1.27250664416821
1.9199999999999	-1.7132128010018	0.880570310489949	0.834857316271788
1.9209999999999	-1.63336256894344	1.30542026473782	0.330283616317804
1.9219999999999	-1.40247523897346	1.58874544348822	-0.197227679877426
1.9229999999999	-1.0167506736411	1.71007812606153	-0.704510998472879
1.9239999999999	-0.521842854194554	1.67388735082142	-1.15308369507582
1.9249999999999	0.0251032170627454	1.47392515909189	-1.50200695435394
1.9259999999999	0.571127409098258	1.14524894580507	-1.68450242001667
1.9269999999999	1.045193156582	0.706650161414155	-1.70951311784296
1.9279999999999	1.40445697863216	0.185183292573449	-1.56998294157161
1.9289999999999	1.63055127144937	-0.365782663762561	-1.27186060007105
1.9299999999999	1.71346229056533	-0.881269776006874	-0.834211275539183
1.9309999999999	1.63340589752668	-1.30589592234111	-0.329935225161702
1.9319999999999	1.4022334344655	-1.58899501823614	0.197393588249511
1.9329999999999	1.01645133291713	-1.71010254037866	0.704747963866656
1.9339999999999	0.52170327178843	-1.67382733528173	1.15348440271714
1.9349999999999	-0.0251297295557647	-1.47388167706512	1.50222960351704
1.9359999999999	-0.571125546303598	-1.14526269835762	1.68451355637033
1.9369999999999	-1.04513615485587	-0.706736329388774	1.70954877305637
1.9379999999999	-1.40442022130659	-0.185405110214501	1.57003193035281
1.9389999999999	-1.63043929882669	0.365378989323142	1.2721405592743
1.9399999999999	-1.71337481759374	0.880810236984752	0.834619005709399
1.9409999999999	-1.63342960046264	1.30544773091196	0.330295452505871
1.9419999999999	-1.40260613953362	1.58867722510111	-0.197077538529008
1.9429999999999	-1.01719854940898	1.71008184434294	-0.704176137136114
1.9439999999999	-0.522503932147335	1.67416271997012	-1.15250467716403
1.9449999999999	0.0242135886834831	1.47428524763612	-1.50139410506318
1.9459999999999	0.570123025275345	1.14546572967957	-1.68430050619552
1.9469999999999	1.0445916635158	0.707260043213519	-1.70950761394878
1.9479999999999	1.40420391450792	0.186415268581627	-1.57024766117186
1.9489999999999	1.63003751954749	-0.364234302622893	-1.2728724956179
1.9499999999999	1.71298315522455	-0.879948866295061	-0.835681435594256
1.9509999999999	1.63335868444554	-1.30476804024226	-0.330715003160877
1.9519999999999	1.40275441775729	-1.58837585272252	0.196929971356136
1.9529999999999	1.01748388443629	-1.7100496772092	0.704034569566671
1.9539999999999	0.522815301950967	-1.67431182259122	1.15208730464437
1.9549999999999	-0.023878020637031	-1.47425924364468	1.50125065558916
1.9559999999999	-0.570048532349169	-1.14519285884228	1.68428498517313
1.9569999999999	-1.04484078192555	-0.707032315683331	1.7094475866656
1.9579999999999	-1.4044549194238	-0.186201205330346	1.5701370856924
1.9589999999999	-1.63018891455678	0.364694464579862	1.27264404480307
1.95999999999989	-1.71309192445093	0.880434244277987	0.834998957005281
1.96099999999989	-1.63329080445541	1.30529873266279	0.330138986628396
1.96199999999989	-1.40250276622908	1.58871337708565	-0.197484135759364
1.96299999999989	-1.01687939333097	1.71013162486795	-0.704650515157029
1.96399999999989	-0.521980800424645	1.67398270169352	-1.15295352304649
1.96499999999989	0.0249350755033686	1.47387931822814	-1.50189544514986
1.96599999999989	0.571035037871253	1.14498930927153	-1.6845162577769
1.96699999999989	1.04533576743645	0.706498709531941	-1.70951274172376
1.96799999999989	1.40466861479762	0.185241803123099	-1.56998895969721
1.96899999999989	1.63056057291768	-0.365654280535155	-1.2719619403698
1.96999999999989	1.71335099190614	-0.88117407650795	-0.834305584572378
1.97099999999989	1.63333515093493	-1.30580321164073	-0.329758368458435
1.97199999999989	1.40224852763302	-1.58898624890038	0.197672453697142
1.97299999999989	1.01656240338301	-1.71016444897757	0.704915070974407
1.97399999999989	0.52182177935559	-1.67391706406252	1.15339077157969
1.97499999999989	-0.0249960187691812	-1.47382482264482	1.50214532911948
1.97599999999989	-0.571060800472165	-1.14500579282241	1.68453525218929
1.97699999999989	-1.04529364695526	-0.706590355757245	1.70955245320132
1.97799999999989	-1.4046317744709	-0.185470721907444	1.57004080416979
1.97899999999989	-1.63045041614142	0.365243120611109	1.27224771870636
1.97999999999989	-1.71326480219509	0.880710327050681	0.83472746280167
1.98099999999989	-1.63336112621566	1.30534907478813	0.330125089179
1.98199999999989	-1.40262454377773	1.58865751520765	-0.197349960711907
1.98299999999989	-1.01732021774844	1.71013544453251	-0.704335447718138
1.98399999999989	-0.522612985541579	1.67424714405476	-1.15241630661198
1.98499999999989	0.0240783191520905	1.4742370384298	-1.50129818992157
1.98599999999989	0.570050755140802	1.14520948914098	-1.68431849280965
1.98699999999989	1.04472938415853	0.707105935434696	-1.70950870321812
1.98799999999989	1.40441376743881	0.186479096134364	-1.57025701233986
1.98899999999989	1.6300478811167	-0.364085035228399	-1.27299131056969
1.98999999999989	1.71286523045785	-0.879836891065474	-0.835801281777465
1.99099999999989	1.6332887206444	-1.30465709671808	-0.330561094171056
1.99199999999989	1.40278072229073	-1.58834702888696	0.197182555748674
1.99299999999989	1.0176227916945	-1.7101050411235	0.704168980675889
1.99399999999989	0.522967881955527	-1.67441430236609	1.15195751056825
1.99499999999989	-0.0236921767682951	-1.47423878425567	1.50112362445576
1.99599999999989	-0.569929154788567	-1.14494393472846	1.68429555165486
1.99699999999989	-1.04496446986765	-0.706896926467674	1.70945042269097
1.99799999999989	-1.4046608249107	-0.186308726550546	1.57015491272044
1.99899999999989	-1.63018626540578	0.364511155280038	1.27278138045708
2	-1.71296951074851	0.880293160535387	0.835150651551068
