"Time [s]"	"InducedVoltage(Phase_A) [V]"	"InducedVoltage(Phase_C) [V]"	"InducedVoltage(Phase_B) [V]"
0	-36.2175255556912	404.389322956394	-347.497853791464
0.001	37.4887248907518	272.181163553476	-291.414779486899
0.002	111.194975337195	139.973004150559	-235.331705182333
0.003	170.170431704818	55.7193230288387	-227.939362243665
0.004	212.415523136503	-25.1377313902376	-208.268100217449
0.005	243.159231569253	-110.033358923367	-157.058177847063
0.006	256.651581104526	-172.645045525546	-70.4180868680633
0.007	215.288050754559	-214.72528569167	5.1983310307695
0.008	158.34483263042	-236.409506031384	61.7116192343454
0.009	109.937195128261	-231.341035246353	109.884047736504
0.01	57.5695741393596	-212.502410784126	155.791484733479
0.011	-4.02359559826304	-185.178178432126	216.202973513079
0.012	-68.6802531833568	-134.46585352821	255.808270666513
0.013	-137.604351355391	-79.0447266847478	259.257544468025
0.014	-205.267956239321	-25.3363782176006	203.936444448035
0.015	-286.617167210376	31.9786277851033	144.273650730867
0.016	-291.32960910892	118.080347998509	89.3166072152943
0.017	-234.906027381665	224.087072252088	46.1853871887335
0.018	-156.176055452756	303.510077874296	-7.20514380883214
0.019	-98.3064096839687	329.935545507463	-91.7069292127209
0.02	-78.6020475818724	237.065907520692	-227.516345204027
0.021	-39.8472073512883	153.191949077403	-329.322598597425
0.022	79.4299571917469	149.75396577557	-278.191842715011
0.023	202.729518915033	158.724655164658	-218.820878696818
0.024	264.545164369872	47.5469229446782	-269.035769526282
0.025	305.344479039779	-142.000356323684	-189.120828733193
0.026	208.424972181382	-126.226343605	-20.9329529947457
0.027	131.285309780786	-180.47503813812	-37.5728041807533
0.028	127.735044243835	-214.483567124579	4.60558860863869
0.029	132.643550511821	-197.063561190261	75.1357610552386
0.03	62.7831434259336	-216.253348377132	218.761756717261
0.031	-74.9652698977368	-202.626694852241	259.127679106796
0.032	-122.587400641492	-124.396480538732	261.047954888393
0.033	-149.830164201968	-76.4548865879437	235.627658200632
0.034	-182.904940248713	-28.6139762794054	197.376548298249
0.035	-284.341232288439	32.0959060969128	143.810362574464
0.036	-296.897581617767	140.813578135716	89.0879570458508
0.037	-259.271206791193	235.85427068508	43.943327467589
0.038	-139.828468798097	240.865840888308	20.8651678274276
0.039	-54.6678616128583	254.411554963808	-51.3971751100466
0.04	-19.4304176931457	287.425466679548	-205.511045811058
0.041	12.1014824145541	192.832434383612	-297.162142362347
0.042	46.7579260827183	99.2866057126619	-227.138417985095
0.043	140.759454299562	26.3129096271596	-229.781312051344
0.044	277.29572896686	-10.8578447603312	-200.663764164894
0.045	304.882762867013	-81.5031574548841	-144.478382778245
0.046	275.300172692377	-160.468495162577	-92.4170696947735
0.047	237.202439930928	-234.99782380906	-42.5248227379886
0.048	149.779825063408	-212.187203807557	12.9597770584722
0.049	83.5944238611752	-247.741476405419	117.858554904771
0.05	41.0997899645711	-238.726207485739	207.143721850607
0.051	-17.461565383764	-188.727866032472	273.761181588539
0.052	-99.1652090981368	-132.499187390442	292.225583419179
0.053	-183.173335096094	-88.1818809480851	287.712998949621
0.054	-202.117615977001	-72.3062559669628	215.519163630796
0.055	-267.457844983721	-4.58198947117427	120.439661821692
0.056	-315.06540845215	191.612764566555	100.150100724369
0.057	-202.150860562905	209.523838219948	128.444980752139
0.058	-111.425731438688	276.034084970224	35.0184147608751
0.059	-180.129456103547	248.997790191985	-187.159183015149
0.06	-121.40933389716	129.431025403858	-136.379111314295
0.061	65.142743060041	222.817143071198	-278.961181904865
0.062	48.6207062121088	149.76786408501	-152.32274621363
0.063	135.813907644937	-6.24444608131913	-272.927901812136
0.064	264.000876119132	29.6379892440782	-200.831575777571
0.065	216.447496016048	-14.4364034788316	-47.7965838780416
0.066	305.43491884685	-209.60726719314	-79.5353523634051
0.067	178.021313573593	-228.670735901634	-88.2446160131463
0.068	101.056066909432	-195.071573994748	50.0748348495087
0.069	104.714125107186	-325.364505783617	166.396731036827
0.07	76.002367715106	-298.298803647692	218.251493883831
0.071	32.3998638308782	-150.229944181231	202.916832763958
0.0720000000000001	-122.512798566287	-103.888076921535	265.662187365678
0.0730000000000001	-208.406726221856	-68.495065806893	315.810488595891
0.0740000000000001	-262.064670205179	-38.3419824272586	274.850967050643
0.0750000000000001	-226.465869193141	-21.2787235211787	137.5044960229
0.0760000000000001	-328.803745824078	190.28629829301	61.9710319118458
0.0770000000000001	-293.933247568293	269.544859012783	69.62844707377
0.0780000000000001	-119.221428916395	244.802762942717	80.4966405011116
0.0790000000000001	-113.115735229256	336.340669906308	-182.388623545719
0.0800000000000001	-192.801171517997	169.040544722187	-183.061479545061
0.0810000000000001	37.8034824443533	177.724387459526	-289.782271163037
0.0820000000000001	91.7506159978795	246.550297199477	-161.512024932897
0.0830000000000001	132.295589166934	18.7273636801006	-267.295427958636
0.0840000000000001	216.698121041952	79.1648684345328	-194.031412174017
0.0850000000000001	293.532071358481	-44.8487795543679	-78.1621717523658
0.0860000000000001	161.821928513057	-155.613908117936	-191.735964819057
0.0870000000000001	220.589628789172	-184.908029943812	33.1681534096919
0.0880000000000001	175.64809796914	-240.064064732937	-12.6619653035942
0.0890000000000001	33.5116072231189	-288.750548791899	126.380931814707
0.0900000000000001	133.782818680143	-200.494081066237	199.513962375411
0.0910000000000001	-94.6520452967595	-178.923180534111	217.216187678075
0.0920000000000001	-69.7436250146519	-193.967440822495	293.563706788745
0.0930000000000001	-162.641337781557	24.8233966338709	264.550080136572
0.0940000000000001	-276.724738723812	-82.7504401171639	259.287871495921
0.0950000000000001	-250.097725902946	120.82718883567	102.654603065304
0.0960000000000001	-316.739646891623	148.119745937067	200.525332798945
0.0970000000000001	-256.566657985444	206.036504253408	-70.9607989539296
0.0980000000000001	-229.037878496647	294.563292310737	62.4053912460467
0.0990000000000001	-79.4958968074577	360.304113289437	-197.442967294678
0.1	-167.101410811684	201.606066947769	-155.11161938576
0.101	96.8519421898922	312.990299155345	-338.572358861526
0.102	13.2009250183219	83.129585713349	-283.90539154944
0.103	213.577962405995	223.372812306036	-252.926674701784
0.104	291.343578092049	-64.9033640067223	-265.7239763322
0.105	250.753158081611	37.2015785164925	-136.590657775446
0.106	231.387753019025	-172.501625217417	-246.495034327944
0.107	317.182872904536	-255.499324873438	27.1801158967928
0.108	119.975923868963	-286.554982174896	-32.7219785806091
0.109	191.864210782745	-216.455881270452	39.6154184175187
0.11	176.911980580997	-244.451577766825	238.276570870574
0.111	-61.1362670673414	-296.599510457333	273.222887028036
0.112	-75.5508256896692	-121.389335600825	322.59472943348
0.113	-130.848006271619	-87.9599543919435	272.711557464003
0.114	-249.937250215659	-71.6661835817733	211.321004825731
0.115	-317.685773815821	16.6803541266214	180.649616036825
0.116	-320.260218339632	132.797063950188	147.665794673945
0.117	-302.717541703538	237.83518366378	94.745198727068
0.118	-249.975399290963	273.081491962048	36.9805104271803
0.119	-159.085303370478	321.208483978395	-64.4192934546196
0.12	-78.7812127980154	331.430753075561	-252.573595197892
0.121	4.8321436912242	290.283791534638	-360.103599174844
0.122	107.37656729689	254.453065348649	-396.21013267524
0.123	168.324788247691	197.852189569539	-303.925373825295
0.124	317.690686193508	6.63912952291956	-279.503597403568
0.125	416.572763529905	-136.432501469198	-258.146416867744
0.126	414.642563027565	-221.30566283611	-221.313426113502
0.127	280.171261108579	-265.076168100874	-123.493298638671
0.128	256.037363523995	-419.084213615313	131.67329186811
0.129	233.354078120265	-451.057108677885	238.263488595895
0.13	171.328059209654	-350.359671426801	262.991323960391
0.131	-112.465398582297	-268.422332718233	398.695380114199
0.132	-228.341333036221	-260.433537140263	469.84359129049
0.133	-255.958410580241	-190.889937575366	410.187383335952
0.134	-385.628315080862	104.330714179222	301.039353536296
0.135	-478.306611285179	207.766953649722	296.619040512477
0.136	-451.391228071264	235.978471589443	207.865606781236
0.137	-332.230981094321	368.686392561061	-90.9594565027634
0.138	-329.081422720506	477.217974829468	-181.120936686655
0.139	-231.731214326231	482.11223329289	-224.571858227504
0.14	39.3977488614512	365.315866444245	-338.38817785004
0.141	162.855795143586	338.688077285765	-469.630380882367
0.142	232.328395003343	260.211614820632	-483.379624070103
0.143	287.972519503181	73.5450609845405	-431.997517118471
0.144	439.257638612793	-142.617695704	-316.385773562843
0.145	480.560060961248	-239.634802915169	-268.868704055875
0.146	468.891717165334	-323.233886998084	-162.070301983417
0.147	393.293008432416	-372.739281485944	-5.54638472383528
0.148	248.587960285425	-436.648560946341	218.380398529514
0.149	143.365131516083	-468.428064110484	320.099904206989
0.15	30.3162994098469	-439.07330048937	397.468400001067
0.151	-92.4354471747788	-358.078507603962	453.081468796746
0.152	-208.908204175871	-236.585644750131	471.678497226366
0.153	-339.479670931896	-72.5355020119072	425.47753528865
0.154	-441.52048963568	85.1562747603638	346.924872743557
0.155	-481.417119046114	205.271605935388	254.900857716915
0.156	-475.123094975209	318.081169172903	136.659774868048
0.157	-427.810546863488	402.770113942875	6.63667005699486
0.158	-330.311128939331	462.817217910771	-124.529398316859
0.159	-212.37544219069	493.941633532023	-249.292493087317
0.16	-78.4794336980801	454.213019280168	-357.453570688172
0.161	71.483681974877	371.903502313014	-433.544757914362
0.162	213.11416132071	252.459571582141	-471.409310631458
0.163	347.908274666703	121.770281317262	-459.734950508004
0.164	441.553601676854	-18.1725357619218	-404.230263471255
0.165	491.497806599653	-158.853805324316	-314.142996890154
0.166	492.415676084072	-295.308854122286	-200.944952950976
0.167	459.88057164576	-397.905027181549	-69.9847541902265
0.168	377.853045779241	-454.447659328166	84.5104361953102
0.169	244.304683163969	-476.632030099167	243.329677363894
0.17	75.6745560648637	-461.529251848592	378.996035439767
0.171	-72.0224519964481	-407.321708886369	465.360557209205
0.172	-208.43052853485	-316.293098815152	514.585403732042
0.173	-317.785104792839	-187.280236588238	511.899525765861
0.174	-419.778183902778	-5.4923024227429	429.971795162209
0.175	-521.230118521403	163.801209747194	287.539128781863
0.176	-532.998231631248	327.277216850297	192.860635824634
0.177	-494.797596356271	434.502799394669	75.9844434881902
0.178	-379.892817721829	474.913963748141	-97.7115545860869
0.179	-192.44690337698	523.890414753316	-269.626433241636
0.18	-67.009605060133	516.699525372244	-426.508763739584
0.181	50.8032033711125	433.124880563278	-510.68379964172
0.182	207.724768774352	269.244794953619	-511.167753807312
0.183	383.470592478883	94.0776742272957	-496.778313430318
0.184	503.852715461631	-55.4387679300781	-458.143518213713
0.185	548.434814020743	-169.764592916159	-331.388310073662
0.186	506.933292101777	-313.930230061827	-157.091537228415
0.187	438.316538334788	-472.605940275977	14.1011572116094
0.188	371.909804007573	-538.032646231054	176.809364535766
0.189	218.840220701319	-550.263996009443	286.363244161486
0.19	54.9124632501721	-477.416826200077	397.319553745257
0.191	-122.084605659774	-355.20604728047	512.452695523604
0.192	-286.742429116849	-255.833686269979	540.540676185902
0.193	-401.535654136243	-120.482619421451	509.60817705433
0.194	-468.280173992044	39.6781711195331	430.336611006891
0.195	-504.909766188618	200.569239906938	287.869471380739
0.196	-502.708053705177	366.990249919082	137.040615092962
0.197	-458.132740207616	469.897996660792	-8.98175817108071
0.198	-359.775349759675	518.886430659648	-150.911872627951
0.199	-211.122321438782	531.347611610138	-278.948120810761
0.2	-62.8438128702158	476.787121358136	-397.034295261421
0.201	90.1059560276005	370.594625358736	-487.524210748982
0.202	242.59365433499	247.126280415341	-529.161972894098
0.203	383.991541944958	116.50233734431	-508.647465016131
0.204	478.663379350741	-28.5282538692846	-441.274633090178
0.205	524.651472461729	-171.741502708732	-325.227646649989
0.206	518.38250019258	-304.402268857591	-174.046669303875
0.207	451.78064412526	-425.952852560384	-29.4264067085703
0.208	350.256224872104	-506.825936045008	125.091279201045
0.209	225.627784412204	-533.264387955839	277.37139056527
0.21	93.6193307636426	-500.808660097405	410.071772389345
0.211	-56.4481380674195	-428.449944664541	490.208076702523
0.212	-203.184233633956	-295.434482016342	523.393132285939
0.213	-348.062796827884	-136.179040724803	501.166219158018
0.214	-472.804173738807	14.6558640344299	428.327720480081
0.215	-534.487587211244	175.70473191717	336.515593829344
0.216	-540.018144461619	324.835161188397	214.118288851007
0.217	-495.022396415316	427.23772295081	57.8770252763841
0.218	-381.094613334148	490.290263105985	-119.56990985756
0.219	-221.768525742044	536.676599604103	-273.634429953138
0.22	-81.4879216445519	519.340129289386	-419.844582213244
0.221	65.2253422417042	442.894159496062	-508.113516766362
0.222	210.14178872154	300.195610095945	-536.242549144749
0.223	371.96835322557	129.563509748206	-502.369512933674
0.224	495.583168608836	-32.9687466031399	-445.559531928992
0.225	551.681446630823	-197.818856836723	-357.61867869606
0.226	549.822568774888	-322.35421357936	-187.79442974552
0.227	465.121951753509	-441.635506037074	-24.684788651264
0.228	351.285855021017	-536.793808668295	144.88285710621
0.229	236.754708720794	-557.842596972879	318.47224997177
0.23	82.5538665703132	-514.875279036023	431.95684192129
0.231	-90.9839100806398	-411.344098043524	487.921855994576
0.232	-250.768168653986	-251.622335869973	537.999059616559
0.233	-413.371235933364	-109.581348281632	525.850477131266
0.234	-508.525279660174	37.4552183185286	450.179659525754
0.235	-538.214541545306	184.421648615225	323.026188011788
0.236	-510.44188592032	343.029452759596	160.87808576646
0.237	-452.774975882665	475.966236320298	0.76760296954137
0.238	-370.825575442442	536.671290179468	-166.613609994359
0.239	-223.545390896106	549.521697104869	-301.653721108083
0.24	-65.7341874317536	501.759240111556	-408.321659208
0.241	95.0319860274114	389.312908582873	-491.575338838342
0.242	250.102426755384	251.162335252012	-538.930680697044
0.243	399.309893834492	114.017108781889	-520.252742755319
0.244	494.067154334453	-35.067135633484	-446.460824153006
0.245	533.970294259844	-180.787154866362	-325.401052877365
0.246	518.402692578672	-322.784344359831	-170.134868042976
0.247	449.754055492501	-451.796079825498	-23.1445743621756
0.248	359.105125433555	-524.52052558932	139.961596530787
0.249	235.651943177379	-544.222239812241	296.178272540226
0.25	88.7779967902673	-504.967555251756	422.253339412117
0.251	-75.2700486513673	-419.141616526798	486.445731448894
0.252	-222.520625067237	-280.451269886764	520.659247488458
0.253	-374.418523468703	-126.54726971066	504.655164554487
0.254	-483.617306577747	24.5674417047688	446.079671173977
0.255	-538.43201968603	184.484556584446	351.757262909583
0.256	-540.610392415392	321.479592926449	199.633613126979
0.257	-480.862916050876	427.521002338727	37.0692850595924
0.258	-369.480953132725	504.978093785428	-128.016591035999
0.259	-226.801087198038	546.564761158264	-279.457230063348
0.26	-87.9461820059784	518.633222432648	-422.949318125021
0.261	64.3388512902041	438.919373082244	-505.029954494668
0.262	216.022446971421	294.506694386663	-533.350204556008
0.263	373.639971282438	132.698488773606	-505.892821188686
0.264	493.414608802897	-25.2402482771441	-444.615317821995
0.265	548.724196766031	-192.604260543437	-356.965573792978
0.266	548.91114848615	-328.296326556111	-197.239810789769
0.267	479.171929912249	-435.797198813662	-30.0920714877864
0.268	359.348812874235	-525.513983461669	135.800275344389
0.269	230.056375423598	-558.821686932917	298.986998464645
0.27	89.534322161082	-518.798526856358	441.21687418441
0.271	-81.1350717429487	-426.008619358776	498.485759841468
0.272	-237.478343493761	-274.510760757932	529.226860286901
0.273	-396.815271264751	-113.7649107285	519.006816678334
0.274	-505.356979577197	41.8820909002682	461.201152891325
0.275	-553.663885732379	188.551669297681	335.550591788869
0.276	-532.396816219836	327.155597961269	171.731545976917
0.277	-452.067806305673	464.932518520376	17.8841722296368
0.278	-365.500993368301	538.198461436834	-158.395531504363
0.279	-235.561403510941	553.325945616022	-316.057270843096
0.28	-72.1211220523896	512.475185089954	-420.163196435908
0.281	93.9529478018617	407.969810951388	-488.14349212358
0.282	250.187338707716	255.168607311062	-536.602650419017
0.283	399.025183626637	113.616267384326	-523.91926436776
0.284	500.932086421553	-38.3089857759966	-452.565694743798
0.285	541.87152539577	-184.649575205641	-328.507790103564
0.286	522.477886839389	-328.046494493309	-170.455985867767
0.287	451.222899355813	-459.774540399714	-20.2121970606492
0.288	363.868605680562	-530.3241813161	149.007636351625
0.289	236.908422728657	-547.194135819808	306.890120783085
0.29	80.4577113670977	-508.237278911942	422.119609664618
0.291	-84.5117348634856	-416.751961599966	485.474442769998
0.292	-233.140178278523	-272.071308535079	525.48364833825
0.293	-384.493770695242	-119.379120028007	512.83016515525
0.294	-489.801024783074	32.1056162422428	455.091164212178
0.295	-541.959439324822	187.475439412809	345.663151064819
0.296	-538.701340278882	318.830224677879	183.15414533488
0.297	-469.080340776027	436.293570650603	30.1669204201445
0.298	-361.392311344964	519.371381120623	-133.005667290523
0.299	-231.609886389418	549.611530651072	-288.134624681979
0.3	-90.9855850081902	516.363626061146	-428.120728354106
0.301	71.3432056370926	428.24209233084	-499.857236133534
0.302	222.887161546375	288.679054532359	-526.936527826385
0.303	378.598332527972	128.748247088944	-507.25736220368
0.304	491.371661235736	-26.8736954156372	-448.902025802972
0.305	545.322732439967	-191.844831854294	-356.406602662922
0.306	546.003881501204	-325.724960923108	-193.743472967767
0.307	478.325381957837	-435.040289666467	-30.6733708503084
0.308	362.903106456474	-521.238985897445	134.557010659808
0.309	230.146384387588	-555.38688006029	292.989999118558
0.31	89.6756369184239	-520.07380313387	435.962783234814
0.311	-76.6920254002157	-428.387809524142	501.926562036289
0.312	-231.568598157023	-283.495826180252	527.753937195715
0.313	-389.487947753084	-120.510127121872	513.226503723447
0.314	-498.49843664553	37.5627977596118	459.669939130743
0.315	-551.912754853125	193.686372036317	346.921317647007
0.316	-543.177242199285	323.435531865601	177.692459343748
0.317	-461.177612468994	452.217297525354	24.5851206373753
0.318	-360.28677490002	535.035508851575	-146.375305799004
0.319	-237.693588417693	554.079590788847	-313.037826486783
0.32	-80.3790019161694	514.811828762306	-431.559920594904
0.321	89.2269776589492	419.682204136769	-489.64325196779
0.322	242.381442297488	267.028069492479	-531.324010715425
0.323	396.560230454582	112.43594831256	-522.211174717797
0.324	502.697316208278	-39.5756864945747	-457.546796458707
0.325	547.715288502365	-187.612307294796	-333.693735248108
0.326	530.220475642003	-326.069981752943	-172.519331397519
0.327	453.535998516965	-459.147214024826	-21.5939224514328
0.328	363.663591274565	-532.783950972694	149.970760157168
0.329	237.530815377517	-549.762966916848	310.734648233828
0.33	78.7471388018528	-511.145940224343	424.768139701698
0.331	-87.5082431734595	-417.488671618106	486.944854492687
0.332	-237.742679984568	-269.576061866454	528.181702906824
0.333	-389.259390808476	-116.022737514535	517.346149717365
0.334	-494.729167920638	35.789656985443	457.093264407596
0.335	-544.228152609477	188.23211179509	340.253825970367
0.336	-536.585781282636	320.307408106364	177.623923093819
0.337	-461.977097239503	445.032534813098	27.3684375301149
0.338	-360.179486238359	525.731346214864	-138.017372134162
0.339	-235.079282632654	550.040011131126	-296.728224694833
0.34	-88.3622506778745	512.975028127598	-430.729787161114
0.341	77.6713387067549	424.643909053123	-494.22596603299
0.342	228.608300043774	283.300979602342	-524.671367694536
0.343	382.641134148044	124.079863225764	-509.769434252321
0.344	491.108424323843	-30.2923751488267	-453.12487930816
0.345	544.432072371508	-192.054406219	-353.245457920945
0.346	543.72259606781	-323.008627307829	-187.574956359941
0.347	473.969931430866	-436.711413822493	-29.5407432564412
0.348	362.27267729725	-522.017974040132	135.197945374326
0.349	231.633381006367	-553.232802134771	292.988324318817
0.35	89.3243882235739	-518.432472038145	433.633200820697
0.351	-76.2352310040688	-427.891052625197	500.42795136566
0.352	-229.770815397136	-285.173852622735	526.950890244051
0.353	-386.243080470418	-122.938078400659	511.326231509259
0.354	-495.340855584507	34.1771317048412	456.565198822638
0.355	-549.02352250005	194.586087922923	351.366653507419
0.356	-545.066036939653	323.557938493315	181.844981053414
0.357	-467.557726397042	445.016817343223	26.5592322016239
0.358	-359.80198435437	530.6764999681	-140.97821095279
0.359	-235.549040957067	554.682024915579	-305.564477760287
0.36	-84.9869109950809	515.627690768363	-435.958259896039
0.361	84.7388494774774	424.007668624698	-493.145723952958
0.362	238.181175318731	274.787673951281	-528.279517482572
0.363	392.971700063709	115.30782575556	-518.055295968535
0.364	500.05451569411	-39.2711286762448	-459.82450259119
0.365	549.595802519173	-190.685625735043	-339.569964729061
0.366	537.012305091193	-323.813139752937	-174.737743686352
0.367	457.194039358091	-454.847618072713	-23.6232358600825
0.368	361.90996366735	-533.013983404442	147.251572012524
0.369	237.632923220831	-551.463879687776	310.821576835655
0.37	80.231384592492	-512.91997569325	428.817302626893
0.371	-87.3940564173987	-419.782111323317	488.598360114314
0.372	-238.727525548949	-270.835710476355	528.389419177641
0.373	-391.081540220361	-115.171012336608	518.205196296478
0.374	-496.98479411243	37.4190927755718	457.899582025738
0.375	-545.90392484862	189.361630111895	339.482155946392
0.376	-536.480543313257	321.790649242903	176.084563213727
0.377	-459.797058604873	449.005187547436	25.8669892193022
0.378	-360.630163696746	528.493147910912	-141.438200120692
0.379	-236.261734359804	550.330286178771	-302.302177601011
0.38	-85.5292845194893	512.407392877992	-430.935149144075
0.381	81.5043308368879	423.106238687458	-491.513645371097
0.382	232.386576088041	279.392205852403	-525.193371879726
0.383	385.5040565835	120.697857460248	-512.25269188125
0.384	492.477261233267	-33.3030875255718	-455.89440904018
0.385	545.023425226133	-191.89200984352	-349.119983482278
0.386	541.967249908888	-321.792389435602	-182.760187594087
0.387	469.474932279126	-439.936993857268	-28.2520592384732
0.388	361.032714866655	-524.245209174842	136.792114073151
0.389	233.094582521588	-552.326407221423	295.467478831525
0.39	88.4948278745823	-516.339773019149	433.368365738075
0.391	-77.7474456241907	-426.490027161121	497.770455318738
0.392	-230.359773929345	-283.979651582024	526.01258163863
0.393	-385.547421775776	-122.604779191474	511.275804056057
0.394	-494.041342972465	33.4609590095032	455.762448192934
0.395	-547.371568840967	194.151636804166	351.450224041345
0.396	-544.444018620364	323.359976040215	182.878305781117
0.397	-469.357996825071	442.416083543423	27.2396678337146
0.398	-360.311923984334	527.843356714612	-139.146260642832
0.399	-234.234175791033	554.119204951589	-301.256316833262
0.4	-86.5585838931773	516.035335419382	-436.134588137545
0.401	82.0576927672476	425.339830176864	-495.329302513057
0.402	235.323713884789	278.902704290932	-526.923156012667
0.403	390.288263550605	117.833451395171	-515.254417658929
0.404	497.810544942848	-37.9750790563134	-459.423395276152
0.405	549.300420204838	-192.571135813358	-344.039533182568
0.406	540.73281124827	-322.931098327726	-176.965883349177
0.407	461.16781525097	-450.405784916291	-25.0135778422735
0.408	360.575915579062	-531.87022802545	144.280188804479
0.409	236.90093367452	-552.496679030703	308.367349223147
0.41	82.4846563101953	-513.784744990764	432.173916150071
0.411	-85.9808682327707	-421.987155449419	490.602237978056
0.412	-237.97323885683	-273.496126017194	527.705051737513
0.413	-391.114962812923	-115.66753311757	517.356217278285
0.414	-497.485654881834	37.9827287701617	458.5892425217
0.415	-547.158677997267	190.631236537109	340.667443016723
0.416	-537.822078189364	322.332780554684	176.096218864267
0.417	-460.042104255365	449.796744886675	25.3636178859016
0.418	-360.638639609998	529.662859850488	-142.748826832786
0.419	-236.414379652143	550.884713264321	-304.689025234883
0.42	-84.2115428546011	512.768400619176	-431.501868362743
0.421	83.2779024989014	422.707858853807	-491.027061813712
0.422	234.437663165083	277.386248218357	-525.843276949356
0.423	387.279242971388	118.821533482869	-513.805787238922
0.424	494.012688364795	-35.1790692125451	-457.12944310341
0.425	545.844037430466	-191.798620964014	-346.317118535844
0.426	540.958676560834	-321.653270226934	-180.121594113183
0.427	466.306697378705	-442.869802799196	-27.2619405885821
0.428	360.388659574356	-526.085314236812	138.460448656445
0.429	234.113538719282	-551.897829298585	298.164793545363
0.43	87.385527906666	-514.942172949484	433.503438148112
0.431	-79.5112531305233	-425.335918560344	495.600142477516
0.432	-231.541820897376	-282.194405942523	525.576613620481
0.433	-385.962607807431	-121.491883106831	511.802863043426
0.434	-493.698439062375	33.886703078188	456.022709346144
0.435	-546.692028013782	193.692660393405	350.162840870761
0.436	-543.556302646482	322.954499962897	182.308253804726
0.437	-469.006286446938	441.991064254024	27.3069981081875
0.438	-360.450233926109	526.762194766228	-138.715136724012
0.439	-233.833538940496	553.366539120861	-299.72537921379
0.44	-86.8776271555474	515.891014958469	-435.408528127091
0.441	80.9193139107518	425.555388443707	-496.03134867171
0.442	233.819338507353	280.579879066886	-526.332724801653
0.443	388.697840137009	119.279896865037	-513.711786152789
0.444	496.278384418505	-36.7145064440471	-458.227061539603
0.445	548.539788165078	-193.459595827206	-346.637912863872
0.446	542.264453889237	-322.856802454398	-178.727059329086
0.447	464.178984074686	-447.134205706919	-25.7956221965261
0.448	360.064436934958	-530.241357050692	142.131859103624
0.449	235.784724484981	-553.010798579614	305.54374806351
0.45	84.1429635685655	-514.350959294579	434.178176238508
0.451	-84.3712981715383	-423.455065176174	492.419590853354
0.452	-236.722799737693	-276.026881632007	526.977534724482
0.453	-390.446812398685	-116.669511072423	516.068560885634
0.454	-497.217719393268	37.9319058162972	458.768984956454
0.455	-547.798529835891	191.780599572543	342.436563658054
0.456	-539.464118073368	322.461691670751	176.741765815961
0.457	-461.26190956145	449.062554085591	25.4014606017976
0.458	-360.379621236833	529.906945765363	-142.767490240847
0.459	-236.110706522663	551.517019608412	-305.27399487529
0.46	-83.9686774247768	513.281967572487	-432.441546806161
0.461	83.8275359395142	422.892696829673	-491.454232375802
0.462	235.342946042754	276.831604469783	-526.237082493231
0.463	388.36750843974	117.970186093478	-514.494814761883
0.464	495.067106479878	-36.284807845707	-457.644989558116
0.465	546.515518872245	-191.994879798646	-344.92148657335
0.466	540.596293512807	-321.876191080445	-178.843339557762
0.467	464.606451202065	-444.789862756618	-26.5662130004174
0.468	360.161596151504	-527.382089666166	139.812610942137
0.469	234.647351977611	-551.73693664273	300.445521086566
0.47	86.313300200201	-514.204523623356	433.490499943545
0.471	-80.9246129642376	-424.569663934084	494.305444817477
0.472	-232.680931976105	-280.615001012242	525.512486223794
0.473	-386.651694017282	-120.373243524731	512.452708985639
0.474	-493.944162978573	34.6445011085419	456.444745196197
0.475	-546.516670902898	193.383256587949	348.667409733562
0.476	-542.771954354414	322.620039789299	181.284972554787
0.477	-467.987361527532	442.463599782886	27.1063084076781
0.478	-360.335192581172	526.582248354914	-138.870873018276
0.479	-233.808394825919	552.795516055252	-299.56527032019
0.48	-86.7433095539631	515.462592392824	-434.877164367796
0.481	80.6603145432916	425.366948477336	-495.922715589354
0.482	233.192483276935	281.0227481865	-526.04340701847
0.483	387.831026145785	119.891844487668	-512.943559772653
0.484	495.377047217456	-35.9540094320416	-457.278864411189
0.485	547.904915134714	-193.836378624432	-347.808249755451
0.486	542.80283740574	-322.884480333651	-179.770520561412
0.487	465.914639495689	-445.104847250065	-26.2249746504999
0.488	359.960284304582	-528.866583029083	140.862829199431
0.489	234.885064962524	-553.119018743086	303.366879450185
0.49	85.1111102508975	-514.749351782176	434.882853052647
0.491	-83.0965819574767	-424.253097556704	493.849498721507
0.492	-235.531480592084	-277.891976969948	526.503582945331
0.493	-389.607169079392	-117.679077003784	514.807260821303
0.494	-496.60947747535	37.4986986706805	458.456494927463
0.495	-547.955178844837	192.738970708056	344.235040785907
0.496	-540.855214898356	322.550639976771	177.605816185138
0.497	-462.842820255709	447.724311511425	25.6155800938986
0.498	-360.08298270258	529.613177459727	-142.203492757422
0.499	-235.580644501622	552.038033539426	-304.862194377415
0.5	-84.2474707053737	513.748460013048	-433.437161766052
0.501	83.6955783707038	423.323402126898	-492.265350645813
0.502	235.515775255827	277.132495453009	-526.354408210861
0.503	388.841594434052	117.760136760562	-514.535476766262
0.504	495.660610399212	-36.8357121352043	-457.803820174943
0.505	547.03525442079	-192.389539842301	-344.605619801391
0.506	540.711254055988	-322.171623866394	-178.328808262792
0.507	464.011761775549	-445.717158405023	-26.1455751603961
0.508	360.023225614316	-528.131204567486	140.655917840442
0.509	234.829150890433	-551.785227323112	301.962787535285
0.51	85.5404914389342	-513.956879231427	433.568253394934
0.511	-81.8562962650615	-424.118657028579	493.744288428583
0.512	-233.566430172169	-279.53771087072	525.640082793035
0.513	-387.302612093846	-119.512520795686	512.950877058614
0.514	-494.39748029802	35.3895354016711	456.740584556894
0.515	-546.634977159445	193.251122140028	347.461583872573
0.516	-542.211955563792	322.469031432212	180.334146853984
0.517	-466.95133129768	443.200665123539	26.8133878240433
0.518	-360.146136799614	526.809243541551	-139.278145043292
0.519	-233.887088817147	552.429945972732	-300.034448093395
0.52	-86.4153265908336	515.011321351832	-434.614218913229
0.521	80.8524090794493	425.043131087747	-495.540513780976
0.522	233.102055446932	280.866093900718	-525.872689306437
0.523	387.488708973457	119.965881047824	-512.632750551818
0.524	494.940159894457	-35.6752717053721	-456.768112147499
0.525	547.469431644783	-193.919373487665	-348.068391032522
0.526	542.856680588181	-322.904783187009	-180.19767795498
0.527	466.718546106229	-444.061361771879	-26.4090558392749
0.528	359.963976360459	-527.959526681836	140.211294414832
0.529	234.241338443749	-552.996174234973	301.996948491755
0.53	85.6190120491531	-514.925844652084	435.085158421321
0.531	-82.2606756924102	-424.613680095784	494.738500751276
0.532	-234.627679960725	-279.075769211244	526.229602323876
0.533	-388.900700435678	-118.468264186787	513.815131179415
0.534	-496.008087711927	36.9892926219841	457.92995087905
0.535	-547.914909735975	193.380301735164	345.592781682961
0.536	-541.763116215815	322.718107587987	178.440818249737
0.537	-464.260285511337	446.411939295055	25.8349957021953
0.538	-359.86650714939	529.092635310435	-141.540422428779
0.539	-235.010996962347	552.347748988169	-304.037477860595
0.54	-84.6503918648158	514.105284943756	-434.204198999044
0.541	83.2652963771094	423.752112127421	-493.171912938599
0.542	235.289252347978	277.792069974022	-526.324723016313
0.543	388.893712552597	117.9086154232	-514.212022312155
0.544	495.879241018207	-37.0190340290863	-457.723254200493
0.545	547.385516040343	-192.857825476589	-344.887028203165
0.546	541.100171404003	-322.430483069565	-178.286649618195
0.547	464.098735894905	-445.887549929556	-25.9449786464661
0.548	359.877178096851	-528.422841412832	141.004397679354
0.549	234.735915643788	-551.921256506318	302.668735015274
0.55	85.1519665210303	-513.95770089883	433.840270194746
0.551	-82.3248868886626	-423.956207702681	493.701881459215
0.552	-234.084525243728	-279.006722693075	525.774821948757
0.553	-387.764635142662	-118.997741966664	513.199158061795
0.554	-494.798129781023	35.9383538170683	456.87372882951
0.555	-546.84224691432	193.280363289732	346.702189653838
0.556	-541.953276838846	322.505677846475	179.705482331588
0.557	-466.254454051871	443.792788143792	26.5407879235915
0.558	-359.971495157115	527.096700059094	-139.68967139224
0.559	-233.912198004046	552.233008490937	-300.628523788685
0.56	-86.0644962760981	514.688788164534	-434.554468989083
0.561	81.1693373597218	424.755499117847	-495.228546348781
0.562	233.244621145677	280.534292935052	-525.792073116285
0.563	387.456979382365	119.81050885773	-512.545763930772
0.564	494.797502439786	-35.7027761364912	-456.516717348761
0.565	547.243933500278	-193.947775865846	-347.910798378556
0.566	542.771874359372	-322.924621450319	-180.237157428301
0.567	466.959794243884	-443.627628129346	-26.4364990183301
0.568	359.916998732381	-527.469547653735	139.950578661113
0.569	233.85105659709	-552.803812139384	301.331601977845
0.57	85.7950065129041	-514.93334020176	435.089611284918
0.571	-81.8066521710059	-424.728220227458	495.238651797935
0.572	-234.082109002759	-279.713925460603	526.070596982944
0.573	-388.380556393408	-118.951787075421	513.174773235584
0.574	-495.599714646037	36.6137138215339	457.373517974258
0.575	-547.784633296063	193.773195586026	346.445608197524
0.576	-542.277973269299	322.873990773639	179.041730693533
0.577	-465.306983814383	445.383574692674	25.9950527527037
0.578	-359.724517063674	528.521132878951	-141.000435955948
0.579	-234.4863063585	552.493918678654	-303.17108188099
0.58	-84.9869247461694	514.342183432791	-434.683885572715
0.581	82.7834657946465	424.072692576813	-493.996826596497
0.582	234.89912826204	278.49645567087	-526.260499171407
0.583	388.724925920785	118.210502836398	-513.733142352301
0.584	495.86062869518	-36.9835208285789	-457.475379294034
0.585	547.562035618456	-193.31346013305	-345.417834039423
0.586	541.571930195086	-322.654478682416	-178.492789664794
0.587	464.556982871017	-445.590228193791	-25.8865945088282
0.588	359.738971092702	-528.379763800326	141.012267801089
0.589	234.448138892678	-552.067983298122	302.772508382274
0.59	85.0513297099567	-514.063703530648	434.231328446732
0.591	-82.4425041928603	-423.986929096905	493.981073794296
0.592	-234.270267695085	-278.913465862075	525.848416786257
0.593	-388.022142387187	-118.784973940513	513.200109131766
0.594	-495.061319564876	36.2710226055296	456.854603146855
0.595	-547.032370721073	193.463213437185	346.387664828605
0.596	-541.951108505786	322.636309921462	179.390597311842
0.597	-465.96734466863	444.1074651824	26.3338749958386
0.598	-359.82203246757	527.283889353378	-139.988074872591
0.599	-233.836288896337	552.160075445674	-301.09816039781
0.6	-85.775757874009	514.516114534084	-434.644983618531
0.601	81.4440892179402	424.566603893563	-495.111418664066
0.602	233.435758235011	280.243236778419	-525.775484401297
0.603	387.560017064197	119.60165962202	-512.515538290139
0.604	494.824497688891	-35.8699785652561	-456.384296866775
0.605	547.179194467418	-194.018649242352	-347.637158628386
0.606	542.68925356612	-322.969963768101	-180.102975051186
0.607	466.952675632874	-443.514662724942	-26.371147963745
0.608	359.826952897792	-527.246666193171	139.915217812631
0.609	233.599856538361	-552.642749127116	301.118865416961
0.61	85.7753296343049	-514.855556734583	435.087091122375
0.611	-81.6322435954764	-424.711430682208	495.491786901322
0.612	-233.805915462816	-279.979916598847	525.98008721317
0.613	-388.087753300967	-119.184792174132	512.774297707875
0.614	-495.350557058179	36.4137532030262	456.93734632927
0.615	-547.652127788888	194.030980194595	346.87383099006
0.616	-542.551174996439	323.000757618055	179.387518790429
0.617	-465.970709029915	444.677701445702	26.0767674919775
0.618	-359.634348395318	528.033057173587	-140.635658880391
0.619	-234.041980162565	552.518143011123	-302.484390389556
0.62	-85.1930623726458	514.478754467734	-434.949590727644
0.621	82.3808082964816	424.273300025252	-494.655635117734
0.622	234.508571277558	279.066292736849	-526.190875718966
0.623	388.494948487807	118.527389657852	-513.252125596521
0.624	495.729030177021	-36.8612779230928	-457.137179000777
0.625	547.604137756231	-193.706064044912	-345.964090522329
0.626	541.983862547504	-322.853954701175	-178.778582007647
0.627	465.159230662562	-445.091318205846	-25.8973337762296
0.628	359.618550649508	-528.145195762709	140.85177220424
0.629	234.072683310241	-552.178659803738	302.533305824791
0.63	85.098760306999	-514.196050334359	434.6310111957
0.631	-82.3524543047713	-424.105652000764	494.415449033638
0.632	-234.231635087004	-279.08269133908	525.869402632932
0.633	-388.109381040168	-118.777933224167	513.029332513946
0.634	-495.186857470252	36.4293450941042	456.716650699231
0.635	-547.173531401248	193.740350342061	346.387814988938
0.636	-542.110223734138	322.803630353041	179.308265185596
0.637	-466.007188904878	444.148531012294	26.1983841230418
0.638	-359.69188626675	527.335309823015	-140.143951259084
0.639	-233.665423949784	552.160120296021	-301.357693088657
0.64	-85.5802119301463	514.459469627763	-434.827233001103
0.641	81.6107247427118	424.475909741451	-495.188923822401
0.642	233.575364834286	280.082410606214	-525.789406254725
0.643	387.682195326271	119.437563858618	-512.456748939723
0.644	494.91324348096	-36.0599573136791	-456.271119840783
0.645	547.202001541095	-194.151619744148	-347.41445723473
0.646	542.671539079974	-323.054962172425	-179.94896908035
0.647	466.908093673712	-443.508261004865	-26.2687438344706
0.648	359.716277634146	-527.15217909668	139.974842428195
0.649	233.400182924616	-552.53354698892	301.123648809879
0.65	85.6709523975936	-514.764710869704	435.136755107615
0.651	-81.6065473660694	-424.647764893897	495.645142988737
0.652	-233.698733461204	-280.055873083027	525.929175185393
0.653	-387.951877629373	-119.259726582793	512.514824733798
0.654	-495.224141394534	36.354546635005	456.618086889041
0.655	-547.563122846362	194.225608200157	347.035595204187
0.656	-542.692740347998	323.112606369885	179.551174509069
0.657	-466.363237010663	444.228525942529	26.0932149660942
0.658	-359.559229462372	527.668386723581	-140.423630226953
0.659	-233.677152827833	552.478780819589	-302.021925629514
0.66	-85.2871246293843	514.537015924433	-435.09902280223
0.661	82.0987582070627	424.373280612465	-495.183607723783
0.662	234.19787789775	279.472710183952	-526.096351891662
0.663	388.281701252201	118.784048108503	-512.836538224512
0.664	495.569420630746	-36.7357237869017	-456.780416806905
0.665	547.567416787828	-194.028440551139	-346.405472078502
0.666	542.308257358908	-323.030056413915	-179.05208537826
0.667	465.744630763692	-444.560341279127	-25.9252929878016
0.668	359.504494200855	-527.831040262201	140.638470909873
0.669	233.696136776997	-552.236487912703	302.155023372849
0.67	85.1877926748079	-514.318134547357	434.972222035941
0.671	-82.1682172427669	-424.242317002784	494.896020280259
0.672	-234.073317984207	-279.367906149523	525.862970183735
0.673	-388.07934688589	-118.886751721668	512.763463842852
0.674	-495.207208124632	36.4685114717425	456.496528982973
0.675	-547.255994410967	194.055091823565	346.563574427535
0.676	-542.345997515634	322.984543843726	179.376069953811
0.677	-466.262408074012	443.988513099024	26.1180328177186
0.678	-359.580865655107	527.263057982619	-140.179833644133
0.679	-233.424524270738	552.191074494027	-301.417890551889
0.68	-85.4674683521439	514.476496240178	-435.050402187574
0.681	81.6657050916036	424.458850296353	-495.416001945903
0.682	233.631345977019	280.059889221332	-525.812565021212
0.683	387.76859568494	119.352774666507	-512.343426557758
0.684	494.999356901167	-36.217493049826	-456.12629908071
0.685	547.260088975334	-194.339972170185	-347.303092242473
0.686	542.729678211194	-323.176258555781	-179.846956497497
0.687	466.926509820232	-443.490862572571	-26.1629202283291
0.688000000000001	359.602988694329	-527.094156809349	140.051143503088
0.689000000000001	233.20245385187	-552.468650416507	301.193495207966
0.690000000000001	85.5463314794604	-514.69734837759	435.23992670839
0.691000000000001	-81.6351843761456	-424.58440690054	495.792518711774
0.692000000000001	-233.670947146478	-280.063540850642	525.905804597526
0.693000000000001	-387.906864129869	-119.258895074568	512.323944742117
0.694000000000001	-495.177811980174	36.3806558835855	456.370560075041
0.695000000000001	-547.519892976373	194.40248561916	347.068045823395
0.696000000000001	-542.778150164554	323.223209090557	179.607901607781
0.697000000000001	-466.605857082729	443.94573875531	26.0650880158031
0.698000000000001	-359.479524030384	527.407130779354	-140.318406029594
0.699000000000001	-233.374813298062	552.416989452494	-301.74253716516
0.700000000000001	-85.2990028651883	514.547813413582	-435.204127966963
0.701000000000001	81.9225390638107	424.409683120574	-495.584120279723
0.702000000000001	233.975644908692	279.741061097658	-526.019029521103
0.703000000000001	388.115651595064	118.964304433202	-512.503903574281
0.704000000000001	495.427168909554	-36.6439171320367	-456.436549586693
0.705000000000001	547.499033782418	-194.296774881927	-346.71380985265
0.706000000000001	542.554071813453	-323.187737825188	-179.278740322789
0.707000000000001	466.247436432012	-444.086301695395	-25.9436715550347
0.708000000000001	359.414831446181	-527.505411543627	140.442657772526
0.709000000000001	233.334248125945	-552.247556956852	301.778566079484
0.710000000000001	85.2615269604371	-514.420175013643	435.226764854219
0.711000000000001	-81.9660957195925	-424.358127874684	495.358023628085
0.712000000000001	-233.876837053297	-279.671172758558	525.849199836656
0.713000000000001	-387.9827147013	-119.038327845022	512.46764038012
0.714000000000001	-495.169917177151	36.4430710798613	456.228293548209
0.715000000000001	-547.283026105983	194.365202785024	346.799972106626
0.716000000000001	-542.60220678946	323.170773704383	179.521172507765
0.717000000000001	-466.622347553772	443.725958381229	26.0725044757786
0.718000000000001	-359.491245670588	527.098990820732	-140.141499965434
0.719000000000001	-233.14489327446	552.22302173863	-301.340451365262
0.720000000000001	-85.4075103706073	514.5296812028	-435.27414090575
0.721000000000001	81.6383630955388	424.48336558294	-495.732704736781
0.722000000000001	233.612810370154	280.139320179128	-525.836678755703
0.723000000000001	387.803858170891	119.339991782594	-512.17850500609
0.724000000000001	495.056242468576	-36.3252159021106	-455.939453167883
0.725000000000001	547.320614420787	-194.563593303854	-347.296651701404
0.726000000000001	542.846335322045	-323.32259508942	-179.813388265087
0.727000000000001	467.03324934758	-443.416704343026	-26.0698112233264
0.728000000000001	359.497033091365	-527.023696230727	140.105753812603
0.729000000000001	232.986460968606	-552.431740578486	301.244634336058
0.730000000000001	85.434146103073	-514.662817514927	435.378797017494
0.731000000000001	-81.6626365813211	-424.541022500838	495.976266545187
0.732000000000001	-233.662682145282	-280.072322987823	525.898649971073
0.733000000000001	-387.899860186238	-119.239430764591	512.155879051351
0.734000000000001	-495.172338648665	36.4433620514282	456.155463686138
0.735000000000001	-547.51014789455	194.583461613834	347.062310569706
0.736000000000001	-542.857647446963	323.340068192646	179.619808056707
0.737000000000001	-466.782619446654	443.7478510521	26.013683841013
0.738000000000001	-359.394913521209	527.211828292895	-140.272272049741
0.739000000000001	-233.107120313417	552.356627174804	-301.575955739299
0.740000000000001	-85.2651983997061	514.535338188749	-435.319300086152
0.741000000000001	81.8163539089061	424.417418171458	-495.891249321642
0.742000000000001	233.821346289129	279.918630402258	-525.963918545486
0.743000000000001	387.996482682905	119.083455384983	-512.229782907544
0.744000000000001	495.319413227932	-36.5933396224563	-456.126341604041
0.745000000000001	547.434823799038	-194.529269397106	-346.917322117144
0.746000000000001	542.738013836253	-323.334930334837	-179.450681818465
0.747000000000001	466.660734200138	-443.697142041629	-25.9446392502345
0.748000000000001	359.339466834515	-527.198142978973	140.286354872843
0.749000000000001	232.999827409534	-552.230007777791	301.452548959655
0.750000000000001	85.3025810598378	-514.496614199953	435.419728377222
0.751000000000001	-81.7826684877627	-424.440154636723	495.775892361861
0.752000000000001	-233.684780559293	-279.94893263048	525.839776017534
0.753000000000001	-387.864276763807	-119.192262340325	512.174384588834
0.754000000000001	-495.107605141198	36.3939050071866	455.942511931192
0.755000000000001	-547.2779811512	194.647866058834	347.029080215245
0.756000000000001	-542.842757726535	323.361900329516	179.696773082996
0.757000000000001	-467.011721285662	443.424384744858	26.042867531715
0.758000000000001	-359.419052271827	526.889306160093	-140.069582863939
0.759000000000001	-232.851646069272	552.242677987511	-301.188160394822
0.760000000000001	-85.3714923294597	514.594017786892	-435.47760027598
0.761000000000001	81.5637181891919	424.52469042909	-496.089326103834
0.762000000000001	233.544413310672	280.276087389844	-525.860837654221
0.763000000000001	387.790187018316	119.37202538524	-511.969790653042
0.764000000000001	495.088147338954	-36.3848577674855	-455.729455438568
0.765000000000001	547.369544264964	-194.802369563632	-347.360675095759
0.766000000000001	542.996829899445	-323.483342808974	-179.835345307656
0.767000000000001	467.211859125084	-443.287037565502	-25.9923770061619
0.768000000000001	359.401942079478	-526.926366733292	140.130696235329
0.769000000000001	232.751931246006	-552.408600803529	301.251108008827
0.770000000000001	85.3427036448624	-514.655376991955	435.53462191885
0.771000000000001	-81.6689998988762	-424.518993718033	496.201087400731
0.772000000000001	-233.647041834923	-280.106591385228	525.900435921433
0.773000000000001	-387.898772762075	-119.227478733687	511.989818405068
0.774000000000001	-495.185030196184	36.5131653305064	455.950692612197
0.775000000000001	-547.519632482882	194.773888997216	347.060944218485
0.776000000000001	-542.94732901276	323.465008290556	179.622699010238
0.777000000000001	-466.942996002141	443.584248804792	25.9533414665725
0.778000000000001	-359.307605945563	527.052122533884	-140.252557945586
0.779000000000001	-232.858999895905	552.304046745641	-301.468336409851
0.780000000000001	-85.2092331484384	514.515855904545	-435.458794244862
0.781000000000001	81.7486687015276	424.416397988462	-496.14279150866
0.782000000000001	233.710444997879	280.045871507706	-525.925647273898
0.783000000000001	387.912416573642	119.163526766961	-511.993943980972
0.784000000000001	495.23904101877	-36.574556847403	-455.846081318513
0.785000000000001	547.386506956815	-194.741596119292	-347.053691973893
0.786000000000001	542.885040419411	-323.476576887318	-179.580053329863
0.787000000000001	467.004680930182	-443.374731263322	-25.9305424111138
0.788000000000001	359.273016595272	-526.926621778635	140.168982767778
0.789000000000001	232.691817131368	-552.200225359551	301.185460405052
0.790000000000001	85.3125796662702	-514.551603372001	435.576554052388
0.791000000000001	-81.6292166634331	-424.494771519168	496.150162651884
0.792000000000001	-233.514662755899	-280.185982989571	525.835732707211
0.793000000000001	-387.747607022332	-119.330408527096	511.898765104459
0.794000000000001	-495.040680374278	36.3434911087945	455.658486596036
0.795000000000001	-547.257238965278	194.905149300555	347.230043537905
0.796000000000001	-543.051388105944	323.549211624085	179.867726129312
0.797000000000001	-467.39384690912	443.123370893342	26.0181893713942
0.798000000000001	-359.359865418634	526.663619925111	-139.989201517114
0.799000000000001	-232.560057452499	552.245155358643	-301.008027679822
0.800000000000001	-85.3422011580875	514.657004740727	-435.652033810287
0.801000000000001	81.4682399370659	424.568002374235	-496.453549347025
0.802000000000001	233.447808298909	280.43697378331	-525.88576228564
0.803000000000001	387.743701666052	119.432887684123	-511.741795591825
0.804000000000001	495.095832285039	-36.4109805428821	-455.498518443439
0.805000000000001	547.402476111008	-195.042904167303	-347.464255812058
0.806000000000001	543.1613025248	-323.650928011393	-179.896520909962
0.807000000000001	467.438386455672	-443.117812084751	-25.9315008544401
0.808000000000001	359.320544010265	-526.79659441525	140.129872073238
0.809000000000001	232.50370146514	-552.38951636153	301.209728133022
0.810000000000001	85.2712669276703	-514.667594487234	435.693187959887
0.811000000000001	-81.6492223907868	-424.514767470515	496.461140415839
0.812000000000001	-233.612843333373	-280.172315613359	525.907145200805
0.813000000000001	-387.889111034497	-119.234490474123	511.81679579937
0.814000000000001	-495.199496556921	36.5746163316685	455.744337752012
0.815000000000001	-547.537019749903	194.972984356082	347.081669084967
0.816000000000001	-543.051201106234	323.5979080149	179.636208107138
0.817000000000001	-467.113571840998	443.425180309102	25.8926335159491
0.818000000000001	-359.226362464816	526.904831180583	-140.240175523989
0.819000000000001	-232.614850119066	552.26065636818	-301.381092564218
0.820000000000001	-85.1458187960348	514.502899863415	-435.600922596072
0.821000000000001	81.6969501519189	424.412840554607	-496.388163383307
0.822000000000001	233.620180969298	280.15132142342	-525.899314413616
0.823000000000001	387.850016774475	119.223981029141	-511.779360580091
0.824000000000001	495.177482478913	-36.57416575508	-455.584345942704
0.825000000000001	547.35156034156	-194.944791401577	-347.15483674362
0.826000000000001	543.017056050115	-323.617776617076	-179.68310202771
0.827000000000001	467.301998624788	-443.095777749649	-25.9074084970057
0.828000000000001	359.216157159328	-526.674884721496	140.084207328532
0.829000000000001	232.399046587334	-552.170717501251	300.95996706158
0.830000000000001	85.2990843548265	-514.593008934207	435.706933149196
0.831000000000001	-81.4982819705257	-424.529844529972	496.495141108549
0.832000000000001	-233.362330196019	-280.39274149241	525.838799305315
0.833000000000001	-387.634517603013	-119.454344212191	511.635177692488
0.834000000000001	-494.961600476339	36.2979891631654	455.376117670735
0.835000000000001	-547.240524010985	195.141378159209	347.40740074301
0.836000000000001	-543.246287936267	323.739270325287	180.028155950588
0.837000000000001	-467.754227287906	442.823993366878	25.998429552522
0.838000000000001	-359.310499077518	526.430465894563	-139.906002379308
0.839000000000001	-232.270112460865	552.233288939343	-300.814902867292
0.840000000000001	-85.3136178384311	514.718099016513	-435.804077574582
0.841000000000001	81.3610247788383	424.60973749588	-496.819110427237
0.842000000000001	233.334266781309	280.609834117101	-525.913672668281
0.843000000000001	387.674471615784	119.512174170129	-511.502932242009
0.844000000000001	495.088624402741	-36.4144516756915	-455.252972269423
0.845000000000001	547.422100573565	-195.282520531173	-347.589428062505
0.846000000000001	543.33205596813	-323.824276252999	-179.983968266541
0.847000000000001	467.696794908824	-442.921309167334	-25.8810710430464
0.848000000000001	359.250049166062	-526.643487134289	140.111140628916
0.849000000000001	232.2458643342	-552.370440837373	301.132745518685
0.850000000000001	85.2122628113094	-514.692977340555	435.849501583264
0.851000000000001	-81.6100569938338	-424.520725745503	496.744227631585
0.852000000000001	-233.563628900249	-280.263860488889	525.92089461586
0.853000000000001	-387.870755920215	-119.256580592269	511.637871180982
0.854000000000001	-495.21265259705	36.6277550448837	455.533928461163
0.855000000000001	-547.557304959192	195.178549828663	347.12074685162
0.856000000000001	-543.166234495648	323.737822613918	179.660006193883
0.857000000000001	-467.296437872786	443.264794849878	25.832996571608
0.858000000000001	-359.149421350945	526.762350650533	-140.230212894025
0.859000000000001	-232.373129759979	552.223566814491	-301.303707273572
0.860000000000001	-85.0778617546781	514.496453779496	-435.745155783048
0.861000000000001	81.6537795166372	424.409143867968	-496.633315346274
0.862000000000001	233.542031616861	280.245080207399	-525.880583065186
0.863000000000001	387.801527387318	119.27276974532	-511.579498791003
0.864000000000001	495.130577793241	-36.585904791623	-455.334800918541
0.865000000000001	547.324398057431	-195.143087629835	-347.234049890229
0.866000000000001	543.144029864888	-323.760884115265	-179.768000063132
0.867000000000001	467.565048342134	-442.845800513033	-25.8787045618254
0.868000000000001	359.162762852235	-526.444050575103	140.017585809373
0.869000000000001	232.120733870574	-552.136719017593	300.768257502413
0.870000000000001	85.2679709398194	-514.626629718325	435.821955843103
0.871000000000001	-81.3844043193512	-424.551276117211	496.821541216047
0.872000000000001	-233.225468711198	-280.575155770861	525.846541524942
0.873000000000001	-387.527601252637	-119.565576247842	511.386386832299
0.874000000000001	-494.894464456199	36.2584905482146	455.08828153677
0.875000000000001	-547.213155938409	195.36232383177	347.571494597267
0.876000000000001	-543.422275228424	323.928566142326	180.178769420449
0.877000000000001	-468.098422154192	442.536879519137	25.977832473961
0.878000000000001	-359.269463159427	526.196754490744	-139.828478048571
0.879000000000001	-231.983042233565	552.208506756036	-300.61846884478
0.880000000000001	-85.2813032701585	514.776078935421	-435.935522497212
0.881000000000001	81.2499643229669	424.647261599575	-497.180144197016
0.882000000000001	233.209646311948	280.785001246349	-525.944426090486
0.883000000000001	387.590706522608	119.602693927069	-511.260314938923
0.884000000000001	495.073306226217	-36.4066635863862	-454.989594498496
0.885000000000001	547.427784801455	-195.513946292679	-347.731768570824
0.886000000000001	543.503015244937	-324.001701542654	-180.089021004737
0.887000000000001	467.977086860258	-442.705155362922	-25.8386053353186
0.888000000000001	359.189567684209	-526.469869468788	140.078226927333
0.889000000000001	231.98022369254	-552.348489652889	301.025113268632
0.890000000000001	85.1617078872122	-514.727805378524	435.999604611946
0.891000000000001	-81.555340650368	-424.534657374352	497.046423271903
0.892000000000001	-233.497506639541	-280.377433534617	525.941406631556
0.893000000000001	-387.840422228699	-119.294254737733	511.451684910102
0.894000000000001	-495.22188889493	36.6701683360096	455.315413408339
0.895000000000001	-547.571487213927	195.388507792865	347.179110494739
0.896000000000001	-543.296410392224	323.885980288184	179.697505924172
0.897000000000001	-467.497517516228	443.095736078908	25.776084027604
0.898000000000001	-359.07798501747	526.617291354478	-140.217403037467
0.899000000000001	-232.129317040307	552.191271726995	-301.224939079906
0.900000000000001	-85.0085379189331	514.497823412794	-435.891967458408
0.901000000000001	81.6123805876254	424.408141112985	-496.885314164915
0.902000000000001	233.469568947954	280.336218096105	-525.868269894033
0.903000000000001	387.759675488943	119.316749146638	-511.387596984015
0.904000000000001	495.093742139958	-36.6047186804423	-455.091418384786
0.905000000000001	547.303302977645	-195.340177294093	-347.302290222212
0.906000000000001	543.264316766365	-323.906564491658	-179.844206695641
0.907000000000001	467.812247624003	-442.617149696207	-25.8450358679509
0.908000000000001	359.114449623418	-526.22903015287	139.965040184779
0.909000000000001	231.852215545405	-552.100850050654	300.603687250105
0.910000000000001	85.223987815076	-514.655345961084	435.929637746315
0.911000000000001	-81.2860999839369	-424.563687114552	497.133937327148
0.912000000000001	-233.10171944616	-280.737360307885	525.859525017964
0.913000000000001	-387.429809686765	-119.664940233398	511.150959527816
0.914000000000001	-494.836160312907	36.2268334610973	454.806117218526
0.915000000000001	-547.188294244031	195.573167748704	347.713576091611
0.916000000000001	-543.579914264719	324.117529048011	180.317737975812
0.917000000000001	-468.42396375889	442.267113751072	25.953910404066
0.918000000000001	-359.233955854739	525.969792739606	-139.75989610519
0.919000000000001	-231.702258918675	552.173304812506	-300.431505927877
0.920000000000001	-85.2415034813287	514.82949282138	-436.050507879405
0.921000000000001	81.1434681740064	424.679027149638	-497.531199770213
0.922000000000001	233.086564942293	280.954359504402	-525.969747957614
0.923000000000001	387.498471889232	119.694503884084	-511.029828433918
0.924000000000001	495.054223785776	-36.3939980391539	-454.720017270474
0.925000000000001	547.424292073251	-195.737487029125	-347.873343089048
0.926000000000001	543.667691184455	-324.180730978529	-180.201111527597
0.927000000000001	468.264815230826	-442.481302627163	-25.8004499772571
0.928000000000001	359.13687628224	-526.283118958234	140.03803677513
0.929000000000001	231.712383857356	-552.321722876494	300.898839698552
0.930000000000001	85.1139521506901	-514.767075712478	436.139703664764
0.931000000000001	-81.4898919623119	-424.552371955191	497.360093485713
0.932000000000001	-233.419473591983	-280.503913849107	525.965859135848
0.933000000000001	-387.799628306997	-119.344081112474	511.260634741052
0.934000000000001	-495.225394893219	36.7018421590117	455.088965847585
0.935000000000001	-547.573167380411	195.599187690734	347.251383529666
0.936000000000001	-543.440430922512	324.042109508035	179.748722776047
0.937000000000001	-467.715919773162	442.915769520553	25.7220711765651
0.938000000000001	-359.013350152427	526.46460500496	-140.199597160123
0.939000000000001	-231.880962648868	552.161323726257	-301.13723253731
0.940000000000001	-84.940988174808	514.506161496575	-436.038047670727
0.941000000000001	81.5676997292374	424.410831231631	-497.146683968091
0.942000000000001	233.396604780123	280.43108842276	-525.861133963829
0.943000000000001	387.717307214863	119.362325169443	-511.198432246197
0.944000000000001	495.061839803206	-36.6241479883744	-454.848427095018
0.945000000000001	547.284576895002	-195.537704138407	-347.369133043634
0.946000000000001	543.382586618445	-324.056698856978	-179.920340699084
0.947000000000001	468.058086700993	-442.39783140759	-25.8087078385492
0.948000000000001	359.069479123316	-526.022271191054	139.919428018279
0.949000000000001	231.588805538201	-552.064644374418	300.453756746779
0.950000000000001	85.1717747288241	-514.683127800108	436.033165399908
0.951000000000001	-81.1965622997533	-424.570899053554	497.439864487896
0.952000000000001	-232.986836465308	-280.888740893821	525.878555707523
0.953000000000001	-387.337963895447	-119.756639470673	510.925502527725
0.954000000000001	-494.786251416499	36.2011072164052	454.528016704967
0.955000000000001	-547.167487889631	195.786809792128	347.842006716788
0.956000000000001	-543.725413789474	324.298306907013	180.446098824455
0.957000000000001	-468.735247094797	442.014347303476	25.9268939613413
0.958000000000001	-359.20261270972	525.751347804087	-139.700531663813
0.959000000000001	-231.427866359287	552.133758858971	-300.258744735841
0.960000000000001	-85.1942897207061	514.87940311233	-436.155832718521
0.961000000000001	81.0459928168841	424.705574424958	-497.87098799994
0.962000000000001	232.96913056268	281.111093287358	-526.001066310622
0.963000000000001	387.406331076457	119.782348860547	-510.807631796929
0.964000000000001	495.038687558803	-36.38193957979	-454.454598162626
0.965000000000001	547.418556502239	-195.954093571487	-348.00048594019
0.966000000000001	543.820907527803	-324.359912014239	-180.308313269731
0.967000000000001	468.547690954933	-442.262249525879	-25.7643816158122
0.968000000000001	359.089458131558	-526.091905252564	139.997531321732
0.969000000000001	231.44851329196	-552.292567587106	300.771200370867
0.970000000000001	85.0631034738614	-514.805529413074	436.268395671826
0.971000000000001	-81.4228056182036	-424.568820535589	497.673033517193
0.972000000000001	-233.335589695596	-280.630998647017	525.994063090054
0.973000000000001	-387.754846165225	-119.399151118208	511.069553596189
0.974000000000001	-495.224646502263	36.7265168383495	454.858301113268
0.975000000000001	-547.567733240786	195.807498634494	347.32732721596
0.976000000000001	-543.584345278883	324.20079527912	179.807675908787
0.977000000000001	-467.941594786853	442.729659303361	25.67219688165
0.978000000000001	-358.95779922656	526.303443053757	-140.178052695721
0.979000000000001	-231.624701125674	552.134973432429	-301.03431235375
0.980000000000001	-84.8810479956914	514.513546653227	-436.183193890896
0.981000000000001	81.5177932884144	424.416935346892	-497.415158646326
0.982000000000001	233.318408865777	280.532029941516	-525.858217289843
0.983000000000001	387.668930434778	119.413428833336	-511.01108721485
0.984000000000001	495.03116934929	-36.6384724876223	-454.600535892233
0.985000000000001	547.265434621797	-195.73513130823	-347.440495074471
0.986000000000001	543.49983543857	-324.211955414407	-180.00326217437
0.987000000000001	468.315038128717	-442.181132560671	-25.7708200773026
0.988000000000001	359.025845179006	-525.814364914956	139.87312435487
0.989000000000001	231.327512781405	-552.027216776623	300.307235714599
0.990000000000001	85.1156290993635	-514.71346058785	436.130706482578
0.991000000000001	-81.1084991152764	-424.576570795088	497.74695052937
0.992000000000001	-232.874567984286	-281.037826859015	525.903560121862
0.993000000000001	-387.241661699882	-119.845994069987	510.708567894338
0.994000000000001	-494.74698590837	36.1758251424242	454.247545967419
0.995000000000001	-547.149556685632	196.001411208045	347.964619852591
0.996000000000001	-543.863533066806	324.477033280381	180.5716477447
0.997000000000001	-469.040676575014	441.771782067127	25.8987270350448
0.998000000000001	-359.176806774938	525.537084836331	-139.64707264354
0.999000000000001	-231.156785105308	552.090989564997	-300.094385375659
1	-85.1423763240156	514.930138641783	-436.255896229042
1.001	80.9552662432356	424.729728083044	-498.204605179736
1.002	232.856740323422	281.258440054788	-526.038478710823
1.003	387.317946274553	119.866847026372	-510.594220862129
1.004	495.027266462942	-36.3725270769466	-454.194886615639
1.005	547.413601706382	-196.165756821734	-348.113415384793
1.006	543.965715654913	-324.538075731478	-180.410836228343
1.007	468.8212309464	-442.052821340012	-25.7272970155835
1.008	359.04595182252	-525.903410763829	139.961023508075
1.009	231.190630275041	-552.260642417338	300.648465204527
1.01	85.0065095765762	-514.841894870235	436.390221724823
1.011	-81.3585210278756	-424.582781281907	497.979045998871
1.012	-233.252328749356	-280.752888585584	526.025033983764
1.013	-387.710168295029	-119.453931972241	510.883134520973
1.014	-495.222269533563	36.7487803429605	454.627799936027
1.015	-547.557895027464	196.011925356067	347.399802257503
1.016	-543.724600405742	324.360330977267	179.867878048953
1.017	-468.169717359589	442.545636055689	25.6237421147887
1.018	-358.905880452652	526.138439085556	-140.155510086618
1.019	-231.369794040507	552.10637459348	-300.928367063976
1.02	-84.820479152778	514.522176143496	-436.320985923566
1.021	81.4664802616865	424.422883093346	-497.682792783495
1.022	233.237758464571	280.634334540225	-525.860727704632
1.023	387.616449875465	119.467489700359	-510.826194952491
1.024	495.000061297764	-36.6481020973759	-454.34953173405
1.025	547.247905432254	-195.935156069261	-347.512251100985
1.026	543.610910950806	-324.365473772005	-180.092853147636
1.027	468.57587060928	-441.968210942731	-25.733929662684
1.028	358.989317770298	-525.608485807072	139.828530710766
1.029	231.06971061714	-551.98514644816	300.167881769747
1.03	85.056857717976	-514.751052213118	436.221155740753
1.031	-81.0238705343194	-424.582181769109	498.053552182992
1.032	-232.767069835367	-281.181414792836	525.933938776823
1.033	-387.149175744439	-119.932016662279	510.504794023712
1.034	-494.714009179967	36.1540435190755	453.967163914155
1.035	-547.132247909542	196.209483091776	348.077209999719
1.036	-543.994507771497	324.656146236305	180.692145069973
1.037	-469.333761115613	441.539571930208	25.8687125738528
1.038	-359.157443232139	525.330347091835	-139.599797089612
1.039	-230.891577932292	552.045333170249	-299.939169553162
1.04	-85.0853381417178	514.978837596158	-436.348353362995
1.041	80.8693137821037	424.749783853756	-498.538975215565
1.042	232.74877289816	281.397781524303	-526.070711056532
1.043	387.233306671399	119.948206285595	-510.398910709641
1.044	495.014536174554	-36.3617234870173	-453.928392626124
1.045	547.405493746401	-196.371000825851	-348.215181964408
1.046	544.101657099213	-324.714604538607	-180.512625899979
1.047	469.090928734867	-441.845652420794	-25.6914466879872
1.048	359.00830101175	-525.710699883107	139.923274711758
1.049	230.935861858402	-552.22444392266	300.519934558647
1.05	84.9455275410327	-514.878018197315	436.50713080502
1.051	-81.2880252285875	-424.597664502486	498.279498295291
1.05199999999999	-233.162440338278	-280.877824561534	526.059013004886
1.05299999999999	-387.659159147094	-119.515503345098	510.69682530456
1.05399999999999	-495.214456241332	36.762503290946	454.392038634281
1.05499999999999	-547.541079560753	196.214731836368	347.478800957031
1.05599999999999	-543.866451528701	324.523526309834	179.937290071752
1.05699999999999	-468.409502723779	442.353957555516	25.5793266434616
1.05799999999999	-358.861804130955	525.965608752163	-140.128466761775
1.05899999999999	-231.112439953914	552.076802192458	-300.812248356843
1.05999999999999	-84.7612994032147	514.536063107423	-436.453414691628
1.06099999999999	81.4103148473706	424.432278968824	-497.955739260915
1.06199999999999	233.153195511006	280.74236609833	-525.870596959232
1.06299999999999	387.559344558134	119.526333969409	-510.642085335136
1.06399999999999	494.970721872344	-36.6535141139412	-454.096183262904
1.06499999999999	547.231121735764	-196.135653698094	-347.587105106419
1.06599999999999	543.718656036901	-324.523287525221	-180.187908802659
1.06699999999999	468.841870703041	-441.759778885646	-25.6971807588366
1.06799999999999	358.958917162456	-525.406239750799	139.787400795425
1.06899999999999	230.816153494139	-551.943179375541	300.036356442585
1.06999999999999	84.992832175967	-514.789815657025	436.308243198439
1.07099999999999	-80.9445054269546	-424.587283350865	498.358696954618
1.07199999999999	-232.664832724417	-281.31755482686	525.969169855059
1.07299999999999	-387.062295782171	-120.013180157372	510.309232881481
1.07399999999999	-494.689031142043	36.137006605067	453.693048465259
1.07499999999999	-547.117041911618	196.413205771648	348.177585565353
1.07599999999999	-544.118418325594	324.835364094097	180.805457548995
1.07699999999999	-469.614185833567	441.320853115797	25.8349283013983
1.07799999999999	-359.140799064805	525.132185820781	-139.559660236364
1.07899999999999	-230.63306794174	551.998178603249	-299.797106025909
1.07999999999999	-85.0218526495321	515.023777859714	-436.434873588663
1.08099999999999	80.792135643752	424.765105085641	-498.868547851205
1.08199999999999	232.646521072305	281.526190670257	-526.100110160888
1.08299999999999	387.152670430766	120.024617808316	-510.213097782001
1.08399999999999	495.004198416668	-36.3535370730941	-453.667414038573
1.08499999999999	547.396924663407	-196.570125251009	-348.303155459191
1.08599999999999	544.227476012264	-324.888332904736	-180.609849830273
1.08699999999999	469.351549447965	-441.646102961545	-25.6554107444427
1.08799999999999	358.975533145229	-525.517345869976	139.887111588136
1.08899999999999	230.686399348859	-552.184372124644	300.391741895212
1.08999999999999	84.8805599322069	-514.913122153642	436.612818800355
1.09099999999999	-81.2172105219275	-424.610507599359	498.577455530381
1.09199999999999	-233.071129494885	-281.001775129067	526.095246505283
1.09299999999999	-387.602591206747	-119.579875071784	510.512789828635
1.09399999999999	-495.20071391046	36.769083062419	454.15062034994
1.09499999999999	-547.520165467422	196.414780755894	347.562027096543
1.09599999999999	-544.006786244568	324.68899886706	180.013377680682
1.09699999999999	-468.655840148127	442.158945649857	25.5381050789798
1.09799999999999	-358.827823082644	525.786101586421	-140.099486367571
1.09899999999999	-230.852301118985	552.045812015961	-300.688312426878
1.09999999999999	-84.7026099261159	514.553679538785	-436.578009908106
1.10099999999999	81.3502994043096	424.443654533903	-498.232371117995
1.10199999999999	233.064217073151	280.854293171608	-525.886376744145
1.10299999999999	387.497430446192	119.59009607517	-510.458232333394
1.10399999999999	494.941626089876	-36.6534561053309	-453.840569599588
1.10499999999999	547.2128728263	-196.334852667618	-347.664917415571
1.10599999999999	543.825923460971	-324.68510155998	-180.28895229868
1.10699999999999	469.111252034149	-441.55387191367	-25.6617716759384
1.10799999999999	358.935215978059	-525.204764831579	139.747474048531
1.10899999999999	230.56548831939	-551.900378647447	299.908026473435
1.10999999999999	84.9256598101751	-514.8293105982	436.389558831903
1.11099999999999	-80.8670288733357	-424.593652966504	498.66533380219
1.11199999999999	-232.564813453299	-281.450177093205	526.009031436716
1.11299999999999	-386.978098389278	-120.09273811287	510.119680296505
1.11399999999999	-494.667756328487	36.1232841116046	453.422326479339
1.11499999999999	-547.10404543353	196.612043112928	348.271480000303
1.11599999999999	-544.237794215758	325.015179240267	180.914628570303
1.11699999999999	-469.886960218494	441.112329251222	25.7997880154563
1.11799999999999	-359.127881446985	524.938457777435	-139.525198672587
1.11899999999999	-230.379548788743	551.950461627889	-299.663122540424
1.11999999999999	-84.9537077783395	515.066825745533	-436.516832804019
1.12099999999999	80.7213360229635	424.777845818721	-499.189312412895
1.12199999999999	232.548365944327	281.646023815274	-526.134333070647
1.12299999999999	387.07534131492	120.09787611751	-510.034196277953
1.12399999999999	494.996101297191	-36.347461476564	-453.412423073154
1.12499999999999	547.390138009221	-196.76494460602	-348.380871976946
1.12599999999999	544.344085487292	-325.059721633972	-180.702130838856
1.12699999999999	469.60208554062	-441.456765877685	-25.6199211876802
1.12799999999999	358.949437541919	-525.322366472943	139.85415549159
1.12899999999999	230.442192181557	-552.141730699167	300.265674927037
1.12999999999999	84.8114699469444	-514.947207359655	436.709690891377
1.13099999999999	-81.1480989212137	-424.621342386106	498.871820666378
1.13199999999999	-232.978994275524	-281.122344264032	526.134178942805
1.13299999999999	-387.544548200093	-119.645172485323	510.332186350071
1.13399999999999	-495.182268052387	36.7709230671893	453.906040120376
1.13499999999999	-547.497671212116	196.611637052498	347.645480321423
1.13599999999999	-544.143685239928	324.85627176696	180.093560996443
1.13699999999999	-468.904403569093	441.964506667997	25.4987167715592
1.13799999999999	-358.797641444127	525.603798450337	-140.06927281712
1.13899999999999	-230.596500759981	552.012024396489	-300.561355075611
1.13999999999999	-84.6430749799143	514.573544557489	-436.695161116676
1.14099999999999	81.288791496297	424.455381526334	-498.509849827082
1.14199999999999	232.972297055155	280.967147237591	-525.907976257386
1.14299999999998	387.432592349483	119.657200117089	-510.275070283986
1.14399999999998	494.912464677129	-36.6489408236235	-453.584358319241
1.14499999999998	547.193216287081	-196.531588470741	-347.742960269727
1.14599999999998	543.930624937612	-324.850574917988	-180.394009305505
1.14699999999998	469.381991294955	-441.349941297513	-25.6281272472998
1.14799999999998	358.918034987369	-525.002195617039	139.708086452927
1.14899999999998	230.316700337476	-551.854939025749	299.778948972845
1.14999999999998	84.8554263709753	-514.864500410332	436.4594490442
1.15099999999998	-80.7881541509015	-424.605506572298	498.979172162298
1.15199999999998	-232.460131621557	-281.580986700727	526.054214592709
1.15299999999998	-386.896373151373	-120.174355034852	509.933101138498
1.15399999999998	-494.650462552559	36.1091499437967	453.150788315201
1.15499999999998	-547.089601316318	196.807082658775	348.363614176765
1.15599999999998	-544.354115516101	325.196857446834	181.023720923313
1.15699999999998	-470.158126696041	440.90862955123	25.7648628921892
1.15799999999998	-359.11977605888	524.739867292886	-139.493818406691
1.15899999999998	-230.128948123488	551.90618358147	-299.531107558023
1.15999999999998	-84.8820918765434	515.110517727364	-436.593498971832
1.16099999999998	80.653133961212	424.789839052447	-499.507343410622
1.16199999999998	232.450200007785	281.761673976843	-526.173117281261
1.16299999999998	386.999793850088	120.171181994666	-509.859333636122
1.16399999999998	494.989003416185	-36.3414186315139	-453.16007488398
1.16499999999998	547.383079620243	-196.956151110317	-348.451847773054
1.16599999999998	544.455830536482	-325.231932728018	-180.793865826359
1.16699999999998	469.849513184886	-441.271488024541	-25.5852195714037
1.16799999999998	358.928143973094	-525.12662952017	139.822652342167
1.16899999999998	230.201147919982	-552.097056564689	300.140122876473
1.16999999999998	84.7385582313955	-514.981678223519	436.799762452831
1.17099999999998	-81.0790644957131	-424.63051449884	499.167982951004
1.17199999999998	-232.886985930307	-281.241325421687	526.174082327825
1.17299999999998	-387.485125753275	-119.711585832688	510.154381258461
1.17399999999998	-495.16218343433	36.7696575767369	453.659915081754
1.17499999999998	-547.473161558903	196.806260133714	347.727175221002
1.17599999999998	-544.263282866845	325.02683342528	180.179224411736
1.17699999999998	-469.168298013506	441.770065964203	25.4583533118984
1.17799999999998	-358.759636047559	525.41800672985	-140.037285000935
1.17899999999998	-230.357020991719	551.97504635019	-300.438291959859
1.17999999999998	-84.5805113671914	514.596719275425	-436.802890801807
1.18099999999998	81.2273364769478	424.467388923179	-498.788463104598
1.18199999999998	232.879945081743	281.080905451138	-525.938406368228
1.18299999999998	387.365827341958	119.725342268499	-510.090979298687
1.18399999999998	494.88548728683	-36.6424371922733	-453.329423561617
1.18499999999998	547.173970495808	-196.726287403676	-347.818808580711
1.18599999999998	544.03371351383	-325.019273517641	-180.499626474415
1.18699999999998	469.649954931523	-441.152277725799	-25.5952578570762
1.18799999999998	358.904514967118	-524.802480943209	139.672038253504
1.18899999999998	230.072188858783	-551.807360043753	299.654087990598
1.18999999999998	84.7817604628172	-514.898229068147	436.524880251763
1.19099999999998	-80.7125301386444	-424.616461905776	499.290680521376
1.19199999999998	-232.359774443541	-281.708008699923	526.101091069893
1.19299999999998	-386.811186296428	-120.253574855408	509.752323364128
1.19399999999998	-494.635665131686	36.0941337205909	452.880186242272
1.19499999999998	-547.07353748047	196.998943938364	348.449394979413
1.19599999999998	-544.465035485978	325.379448626056	181.132392168026
1.19699999999998	-470.427555482672	440.708805435688	25.7305134418937
1.19799999999998	-359.116680337175	524.537901601373	-139.464325461469
1.19899999999998	-229.880072016708	551.860714021256	-299.397657743207
1.19999999999998	-84.805558145103	515.153570847689	-436.670900769313
1.20099999999998	80.5835740576526	424.802364537604	-499.817456994086
1.20199999999998	232.346994501047	281.877440167629	-526.213550512549
1.20299999999998	386.92553272025	120.245900379625	-509.68886871548
1.20399999999998	494.980401257165	-36.3326078785708	-452.906926041991
1.20499999999998	547.373594840144	-197.144653473165	-348.520000553716
1.20599999999998	544.564322006527	-325.406473230421	-180.88938062201
1.20699999999998	470.099795674869	-441.085684194401	-25.5527911120914
1.20799999999998	358.913306669274	-524.925605347219	139.790444056235
1.20899999999998	229.955242277227	-552.052335235171	300.011331266033
1.20999999999998	84.6680123452266	-515.017508195475	436.881356424885
1.21099999999998	-81.007114388413	-424.63972122758	499.473638473064
1.21199999999998	-232.793605722677	-281.362467113661	526.213776966235
1.21299999999998	-387.423284872318	-119.780847707381	509.978579258681
1.21399999999998	-495.141674025207	36.7653478867491	453.411295578764
1.21499999999998	-547.447732207857	197.000146841398	347.809277724065
1.21599999999998	-544.387282869134	325.199508824016	180.26783018614
1.21699999999998	-469.429166267439	441.578717757294	25.4185844412762
1.21799999999998	-358.727637192009	525.23050642634	-140.006205911737
1.21899999999998	-230.117806045457	551.936401492458	-300.316071479312
1.21999999999998	-84.5145526064282	514.623708454077	-436.905642678327
1.22099999999998	81.1666274479874	424.476803380815	-499.067061238477
1.22199999999998	232.788332339559	281.193335209077	-525.974686726384
1.22299999999998	387.297213111607	119.793722124333	-509.908218142346
1.22399999999998	494.859581587304	-36.6346509910023	-453.067729073906
1.22499999999998	547.157765018515	-196.919987342262	-347.900281104869
1.22599999999998	544.13583025699	-325.190641946714	-180.603867624378
1.22699999999998	469.914220626897	-440.963769077759	-25.5621005419395
1.22799999999998	358.893182336725	-524.60824646979	139.641079975631
1.22899999999998	229.83389193739	-551.758822785792	299.538171547823
1.22999999999998	84.7034181092781	-514.930073769062	436.587607501589
1.23099999999998	-80.6433216062448	-424.625863477229	499.596623221315
1.23199999999998	-232.264568365273	-281.826795794301	526.151022864812
1.23299999999998	-386.729832493507	-120.328302874491	509.578557076432
1.23399999999997	-494.624660455877	36.0820617552811	452.614675739448
1.23499999999997	-547.057894869219	197.186649543061	348.524278767199
1.23599999999997	-544.569505475907	325.560340161291	181.235314388467
1.23699999999997	-470.688147121817	440.519244424007	25.695307374882
1.23799999999997	-359.116011707559	524.338269410607	-139.438541417284
1.23899999999997	-229.635879576913	551.813247234889	-299.269369390346
1.23999999999997	-84.7231466635232	515.192761405455	-436.751884948026
1.24099999999997	80.5159926535306	424.813915085093	-500.111293888128
1.24199999999997	232.244204791508	281.988295292619	-526.257273867557
1.24299999999997	386.851206083989	120.320149244065	-509.522538865379
1.24399999999997	494.970729996497	-36.322320343501	-452.654582972656
1.24499999999997	547.361038885436	-197.328397978183	-348.58236264783
1.24599999999997	544.666279020663	-325.581739424623	-180.987321664905
1.24699999999997	470.351618023387	-440.900706889933	-25.5220781636865
1.24799999999997	358.904982321487	-524.719677490604	139.757425768594
1.24899999999997	229.711610480089	-552.004243975381	299.877109395481
1.24999999999997	84.5942729698021	-515.055278770695	436.953832385762
1.25099999999997	-80.9324363474693	-424.649389508972	499.782737766184
1.25199999999997	-232.695800665328	-281.485898069657	526.25692684339
1.25299999999997	-387.35507575807	-119.855357771698	509.803087291145
1.25399999999997	-495.118448507595	36.7542697924479	453.157077336539
1.25499999999997	-547.418936017322	197.192624783842	347.895070033532
1.25599999999997	-544.509619692439	325.376592231159	180.364654355815
1.25699999999997	-469.694817365567	441.385325294833	25.3821078324792
1.25799999999997	-358.707995932977	525.036607859639	-139.974788322853
1.25899999999997	-229.877058734207	551.896144395573	-300.188117595433
1.25999999999997	-84.4475273563132	514.655606770314	-437.002840547822
1.26099999999997	81.1039529865023	424.486927326568	-499.350893882937
1.26199999999997	232.694331796478	281.308145538312	-526.017259719745
1.26299999999997	387.225572833012	119.865099716424	-509.72611757791
1.26399999999997	494.836444995241	-36.6235777637007	-452.805691171755
1.26499999999997	547.140463028613	-197.113767303794	-347.981517593835
1.26599999999997	544.239358214286	-325.365680295435	-180.709825824504
1.26699999999997	470.177992924635	-440.781274812543	-25.5290142858582
1.26799999999997	358.88625287411	-524.41654461028	139.613997878545
1.26899999999997	229.598071871526	-551.709852820895	299.426637109573
1.26999999999997	84.6215630074638	-514.961466708889	436.648837286076
1.27099999999997	-80.5787050241247	-424.634599098983	499.899926604153
1.27199999999997	-232.173227623672	-281.939514937584	526.204420522892
1.27299999999997	-386.650582121818	-120.399229036728	509.411007179475
1.27399999999997	-494.618758574138	36.0722374599764	452.353802283154
1.27499999999997	-547.044035236378	197.371688901923	348.58976331641
1.27599999999997	-544.669384261438	325.740661845332	181.332596893339
1.27699999999997	-470.939896901705	440.339968526106	25.6597016178086
1.27799999999997	-359.117297818324	524.141785300253	-139.417541158939
1.27899999999997	-229.396308128617	551.764572822451	-299.14755958049
1.27999999999997	-84.636007196375	515.229200172592	-436.82771538786
1.28099999999997	80.4535747289794	424.822767927587	-500.399662495785
1.28199999999997	232.144105173209	282.092857830545	-526.304096391128
1.28299999999997	386.777873820376	120.392225277687	-509.360484304776
1.28399999999997	494.963798854212	-36.311339868303	-452.403554632195
1.28499999999997	547.344233435479	-197.508736088847	-348.637619391862
1.28599999999997	544.759189358178	-325.75729625291	-181.086286094267
1.28699999999997	470.603628614315	-440.720439952806	-25.4914217168236
1.28799999999997	358.902079039419	-524.51182342196	139.726400165404
1.28899999999997	229.470553143664	-551.95371321535	299.741945681678
1.28999999999997	84.5174199756023	-515.092912194509	437.018358555476
1.29099999999997	-80.8580357950701	-424.658095038808	500.091453646545
1.29199999999997	-232.596012124353	-281.6080399176	526.303048207425
1.29299999999997	-387.277469281486	-119.931298132056	509.630319261788
1.29399999999997	-495.099608028542	36.7371779690908	452.897758793854
1.29499999999997	-547.386575210885	197.382078107154	347.981505889278
1.29599999999997	-544.628509290404	325.557023379742	180.467269099396
1.29699999999997	-469.967590238378	441.19192117462	25.3471496230646
1.29799999999997	-358.693425554665	524.839115406117	-139.942846021472
1.29899999999997	-229.636513584154	551.853348688879	-300.057292894417
1.29999999999997	-84.3790931498591	514.690170632458	-437.093499318947
1.30099999999997	81.0402738964331	424.497482181541	-499.636827592327
1.30199999999997	232.597873463256	281.424446938479	-526.065288072562
1.30299999999997	387.150601476744	119.93932952224	-509.54489814565
1.30399999999997	494.81459713793	-36.6088196558394	-452.543642718786
1.30499999999997	547.124323998868	-197.305986199084	-348.061161451397
1.30599999999997	544.341238198921	-325.544366976275	-180.818631098397
1.30699999999997	470.441718492416	-440.603631281741	-25.4967534173429
1.30799999999997	358.883832502318	-524.225763462076	139.589103797837
1.30899999999997	229.363968037135	-551.659522923621	299.316827942886
1.30999999999997	84.5382120187923	-514.993935515905	436.708806560071
1.31099999999997	-80.517345377161	-424.643419881912	500.201338529496
1.31199999999997	-232.084680275273	-282.047929694742	526.261294583645
1.31299999999997	-386.575529469269	-120.466966359785	509.249079144197
1.31399999999997	-494.615020423316	36.0634951596581	452.097045115811
1.31499999999997	-547.030449414598	197.553488109633	348.647844558683
1.31599999999997	-544.765409377082	325.92065629453	181.425735812198
1.31699999999997	-471.182558988941	440.169947364229	25.6239752190881
1.31799999999997	-359.122937329514	523.947810392625	-139.400927203157
1.31899999999997	-229.161418116414	551.715403376173	-299.031693716599
1.31999999999997	-84.5446162072481	515.263777244378	-436.89891435975
1.32099999999997	80.3952825976208	424.829303557416	-500.682663795498
1.32199999999997	232.047668878328	282.191652635389	-526.353926529638
1.32299999999997	386.706144060759	120.461848591188	-509.202921564556
1.32399999999996	494.957078435944	-36.3008327796315	-452.155214639931
1.32499999999996	547.325484448927	-197.684705972865	-348.685685418164
1.32599999999996	544.847919707404	-325.933011746685	-181.1842956934
1.32699999999996	470.851088130388	-440.545419153887	-25.4613050522456
1.32799999999996	358.903701257328	-524.303233347328	139.696237674348
1.32899999999996	229.232575064057	-551.900685835032	299.608031770885
1.32999999999996	84.4380782584313	-515.129223246394	437.078751178715
1.33099999999996	-80.7846764110294	-424.666178956786	500.395143524637
1.33199999999996	-232.494711105032	-281.728127420909	526.352033328911
1.33299999999996	-387.195741183618	-120.010016372241	509.458968662944
1.33399999999996	-495.07802069701	36.7153296844267	452.634984723906
1.33499999999996	-547.344240152092	197.568772501514	348.068616042791
1.33599999999996	-544.750004190307	325.739347455433	180.573937900615
1.33699999999996	-470.242838907116	440.999640575743	25.3143850181852
1.33799999999996	-358.689903348251	524.634967705489	-139.908867213119
1.33899999999996	-229.395641014788	551.80744152172	-299.922529769159
1.33999999999996	-84.3092897567346	514.728391068814	-437.176521673884
1.34099999999996	80.974180247374	424.509623507267	-499.926096224885
1.34199999999996	232.498388126388	281.542858896927	-526.119141662867
1.34299999999996	387.071846044475	120.017204718114	-509.364747174764
1.34399999999996	494.794143145892	-36.5898512528793	-452.281424037695
1.34499999999996	547.101087790449	-197.494548099788	-348.141000763659
1.34599999999996	544.449846693874	-325.728955211129	-180.929716089637
1.34699999999996	470.706189058594	-440.429999164965	-25.4657557349152
1.34799999999996	358.886081832609	-524.034116813262	139.565959973534
1.34899999999996	229.128604429245	-551.606150192722	299.204950790037
1.34999999999996	84.4558336649674	-515.030130375668	436.769837641359
1.35099999999996	-80.4583257755527	-424.652061001369	500.500338322051
1.35199999999996	-231.998588321206	-282.154027677263	526.323973385466
1.35299999999996	-386.503995103889	-120.532097781258	509.092862168653
1.35399999999996	-494.614708518191	36.056669148077	451.844493854817
1.35499999999996	-547.012830203651	197.7305427123	348.698962092463
1.35599999999996	-544.864211244943	326.102847094465	181.514590237587
1.35699999999996	-471.415222995511	440.010199579686	25.5868674560598
1.35799999999996	-359.132348062315	523.758675409729	-139.389161974866
1.35899999999996	-228.93200216673	551.666868461029	-298.924330192114
1.35999999999996	-84.4486686055781	515.296032268058	-436.967376348697
1.36099999999996	80.343582170644	424.831404638623	-500.956366318781
1.36199999999996	231.957211172465	282.284281913452	-526.408819267567
1.36299999999996	386.6383655412	120.526422775975	-509.051412194903
1.36399999999996	494.952142498188	-36.2935687819559	-451.911846114407
1.36499999999996	547.306038944885	-197.855776973353	-348.724404981856
1.36599999999996	544.932299803494	-326.107462321573	-181.277263612484
1.36699999999996	471.089209298132	-440.379222440347	-25.4307764446096
1.36799999999996	358.907414932578	-524.096501264162	139.669779960999
1.36899999999996	228.999995380568	-551.844122378988	299.479382906597
1.36999999999996	84.3554167474294	-515.160471040386	437.14575271567
1.37099999999996	-80.7140887828921	-424.673925673994	500.676556168932
1.37199999999996	-232.391692750432	-281.844501404621	526.402996157368
1.37299999999996	-387.107862985122	-120.091643642116	509.287733381178
1.37399999999996	-495.051946586742	36.6871785119185	452.367430168832
1.37499999999996	-547.300911165197	197.749954121668	348.154925501356
1.37599999999996	-544.862021955488	325.925735188414	180.690013926663
1.37699999999996	-470.525148952943	440.80441101752	25.2847571821335
1.37799999999996	-358.698111258825	524.420445962801	-139.870940901497
1.37899999999996	-229.152568221184	551.757081750835	-299.778011649638
1.37999999999996	-84.2395693195033	514.771739929154	-437.250257106594
1.38099999999996	80.9019465391931	424.525756150611	-500.22219640123
1.38199999999996	232.39243009758	281.667184538012	-526.179328148441
1.38299999999996	386.984083481061	120.102358290329	-509.184037795235
1.38399999999996	494.774230819053	-36.562539827973	-452.015357157254
1.38499999999996	547.081026894205	-197.681662507895	-348.22379201341
1.38599999999996	544.557327329957	-325.920800676389	-181.049899509209
1.38699999999996	470.974890217818	-440.256235335239	-25.4375836483873
1.38799999999996	358.896760790921	-523.841306357202	139.544098901172
1.38899999999996	228.894304534231	-551.553660760189	299.092610693963
1.38999999999996	84.3714996949412	-515.069575209152	436.829975059431
1.39099999999996	-80.4032392661815	-424.662141702822	500.797452611088
1.39199999999996	-231.9138687748	-282.258528825904	526.394931632739
1.39299999999996	-386.436532270028	-120.594063905544	508.943220921649
1.39399999999996	-494.620748613229	36.0542681570128	451.598170864666
1.39499999999996	-546.996936507501	197.904958637057	348.742337607662
1.39599999999996	-544.963358334213	326.285691871096	181.596459529349
1.39699999999996	-471.637030186234	439.864109084946	25.547063181631
1.39799999999996	-359.140329504701	523.579122530915	-139.383999448415
1.39899999999996	-228.700284369004	551.622683138771	-298.827589604604
1.39999999999996	-84.3578764242487	515.321418914866	-437.039652076003
1.40099999999996	80.3024929381286	424.828292545849	-501.217654785762
1.40199999999996	231.876912262396	282.366522123014	-526.466924384636
1.40299999999996	386.578150372452	120.581878939479	-508.907849754468
1.40399999999996	494.950069713738	-36.2930354584621	-451.676906380858
1.40499999999996	547.287108223882	-198.021063869785	-348.750198327218
1.40599999999996	545.010868579471	-326.278355888153	-181.36035503954
1.40699999999996	471.312202265274	-440.225532302989	-25.3988259662241
1.40799999999996	358.913070565242	-523.895693845103	139.649109061285
1.40899999999996	228.773171715694	-551.784630611485	299.359251391708
1.40999999999996	84.2686395919912	-515.186930481765	437.203384045439
1.41099999999996	-80.6481045640099	-424.677213267621	500.949271443575
1.41199999999996	-232.289302760337	-281.954469588626	526.454756678664
1.41299999999996	-387.015560664364	-120.173957383498	509.118181656695
1.41399999999996	-495.022292079922	36.6543121078591	452.097694402228
1.41499999999995	-547.253192825933	197.924252499657	348.23770674945
1.41599999999995	-544.9681248627	326.11304271813	180.811594047709
1.41699999999995	-470.809533434652	440.607708457824	25.2605800919352
1.41799999999995	-358.716501780137	524.196639781014	-139.830100760092
1.41899999999995	-228.907017532812	551.699428723691	-299.622153565988
1.41999999999995	-84.1718197524965	514.821358383533	-437.313813751458
1.42099999999995	80.8234893503941	424.544071077777	-500.523790348826
1.42199999999995	232.277929235375	281.79876039639	-526.245722842668
1.42299999999995	386.882137891211	120.193992078746	-509.003773529979
1.42399999999995	494.758506035541	-36.5223181688676	-451.745039533342
1.42499999999995	547.060620007185	-197.868159531288	-348.310873585908
1.42599999999995	544.669103470871	-326.1191018185	-181.179997999707
1.42699999999995	471.248746535571	-440.083222976635	-25.412445745578
1.42799999999995	358.915852401332	-523.647927222128	139.523467985922
1.42899999999995	228.662048712786	-551.503935090795	298.980515791928
1.42999999999995	84.2857139522308	-515.112953837225	436.890317422354
1.43099999999995	-80.3511781047885	-424.674287672931	501.094685018155
1.43199999999995	-231.834175010121	-282.358928024405	526.470078332284
1.43299999999995	-386.374708867649	-120.652086621641	508.800908486785
1.43399999999995	-494.63311068878	36.0574771480719	451.360584289019
1.43499999999995	-546.985665977028	198.076917556469	348.776967774591
1.43599999999995	-545.059510295846	326.466396271517	181.669164657654
1.43699999999995	-471.845232291512	439.732928203298	25.5048058638627
1.43799999999995	-359.145534105175	523.411082577286	-139.38599125044
1.43899999999995	-228.476010037802	551.580471276336	-298.745627984307
1.43999999999995	-84.2647546553739	515.341331613746	-437.11265984716
1.44099999999995	80.2719016212479	424.820862384695	-501.466080341769
1.44199999999995	231.806978031371	282.436309366176	-526.524900817564
1.44299999999995	386.524787153286	120.628255438415	-508.772065529519
1.44399999999995	494.94951423917	-36.2982071537339	-451.45068766763
1.44499999999995	547.262722893638	-198.179216098962	-348.763141054146
1.44599999999995	545.089255997986	-326.445461232042	-181.435066789165
1.44699999999995	471.520549873028	-440.083378838218	-25.3659486300548
1.44799999999995	358.919084384598	-523.701401286397	139.632507402078
1.44899999999995	228.55549312837	-551.72224285197	299.246435312248
1.44999999999995	84.1779491567323	-515.209173144132	437.252835437994
1.45099999999995	-80.5862103899138	-424.676773103668	501.212869090462
1.45199999999995	-232.190370061032	-282.059814288469	526.502259607896
1.45299999999995	-386.916935622654	-120.255767043165	508.956038105508
1.45399999999995	-494.989356734088	36.6168986723556	451.827404973849
1.45499999999995	-547.201858840844	198.090769925911	348.316499280795
1.45599999999995	-545.063428933419	326.30102326762	180.938957505731
1.45699999999995	-471.098828051757	440.411036666001	25.2407924083562
1.45799999999995	-358.744697605818	523.96585361722	-139.786940612245
1.45899999999995	-228.662756541593	551.636852952113	-299.458223939473
1.45999999999995	-84.1038114668282	514.874853322501	-437.366054728082
1.46099999999995	80.7402491980564	424.56409638007	-500.828391554191
1.46199999999995	232.155834975393	281.935754947033	-526.318023430693
1.46299999999995	386.770875879798	120.29366914589	-508.824169206732
1.46399999999995	494.742071388955	-36.4734992722746	-451.472193100679
1.46499999999995	547.038399171357	-198.051036393624	-348.400230324268
1.46599999999995	544.783395001485	-326.322253196403	-181.319520822025
1.46699999999995	471.527960995647	-439.910212496405	-25.3907888917242
1.46799999999995	358.942712825683	-523.449949150535	139.501098882636
1.46899999999995	228.431279517147	-551.454833602395	298.864369754402
1.46999999999995	84.1994131536217	-515.16048135191	436.947491436924
1.47099999999995	-80.2985494567829	-424.689115802376	501.394430738848
1.47199999999995	-231.754104009815	-282.459088412879	526.550292650835
1.47299999999995	-386.314631710435	-120.710781523857	508.662900134832
1.47399999999995	-494.649341842614	36.0615743698485	451.127095141594
1.47499999999995	-546.977106289906	198.246962932813	348.80822858565
1.47599999999995	-545.154624566989	326.647194387993	181.738993421213
1.47699999999995	-472.047136422237	439.611049137183	25.4617917041802
1.47799999999995	-359.150605065183	523.249792079139	-139.392250107566
1.47899999999995	-228.258520095616	551.540048451051	-298.673513302083
1.47999999999995	-84.1688258488213	515.358956142899	-437.18559025741
1.48099999999995	80.2486922301455	424.811421840057	-501.706459052576
1.48199999999995	231.744590281233	282.497564708101	-526.583653611288
1.48299999999995	386.478686172927	120.668361729225	-508.64383384821
1.48399999999995	494.949609645016	-36.3088019447386	-451.230841671102
1.48499999999995	547.239834298953	-198.332601286202	-348.767312109731
1.48599999999995	545.163699634461	-326.609146635105	-181.501552419525
1.48699999999995	471.71605435658	-439.952491733629	-25.331972417731
1.48799999999995	358.924828802752	-523.51493897019	139.620617389401
1.48899999999995	228.344036268646	-551.659100576424	299.142374716585
1.48999999999995	84.0858898064791	-515.226882701906	437.297603677775
1.49099999999995	-80.5300708363092	-424.672500894392	501.467059555704
1.49199999999995	-232.095190209983	-282.158038066711	526.548457346725
1.49299999999995	-386.81771153592	-120.335072732769	508.800248553635
1.49399999999995	-494.951730468295	36.5793274730195	451.560117025955
1.49499999999995	-547.153530379489	198.248617631791	348.387177474693
1.49599999999995	-545.159983555781	326.497496749006	181.064993622416
1.49699999999995	-471.374320018078	440.208952550396	25.2260707968595
1.49799999999995	-358.779891941742	523.731108002863	-139.743093558785
1.49899999999995	-228.420725617583	551.568693046404	-299.290075240606
1.49999999999995	-84.0340115007983	514.929875424094	-437.404874020622
1.50099999999995	80.6529212090761	424.58338212392	-501.133797419186
1.50199999999995	232.026503021384	282.076048963189	-526.395106248674
1.50299999999995	386.649992529963	120.400699425031	-508.645355713392
1.50399999999995	494.722958249104	-36.4158428211165	-451.195194294015
1.50499999999995	547.012976731282	-198.228662323191	-348.491429276206
1.50599999999994	544.89932190224	-326.530216522585	-181.469331936942
1.50699999999994	471.813850306581	-439.734741558576	-25.3737025116647
1.50799999999994	358.978905601625	-523.242995703759	139.4751134381
1.50899999999994	228.20059783846	-551.404781788265	298.739252982194
1.50999999999994	84.1130290994825	-515.213207167128	436.998599457255
1.51099999999994	-80.2421755166376	-424.707726942366	501.699976445764
1.51199999999994	-231.668353664582	-282.561314825991	526.633906790577
1.51299999999994	-386.25336147013	-120.775995250171	508.528986686713
1.51399999999994	-494.666659586437	36.0625183344636	450.892675073284
1.51499999999994	-546.968917574719	198.41576823613	348.840623607259
1.51599999999994	-545.249466013141	326.83062980571	181.812616673628
1.51699999999994	-472.251116755815	439.492875240621	25.4194309026137
1.51799999999994	-359.158644616699	523.089115456246	-139.3999869851
1.51899999999994	-228.043566675747	551.501283781654	-298.604528215003
1.51999999999994	-84.0705268896265	515.377458247314	-437.257973336586
1.52099999999994	80.2282376259975	424.801970573423	-501.945331592566
1.52199999999994	231.686211197854	282.554907481715	-526.644811187516
1.52299999999994	386.436037079342	120.704897975404	-508.519815793209
1.52399999999994	494.952011403129	-36.3225764530382	-451.015368355279
1.52499999999994	547.218966274777	-198.483974719956	-348.766128116594
1.52599999999994	545.23633900447	-326.771903206064	-181.562589319306
1.52699999999994	471.902940354931	-439.830635411053	-25.2967243832243
1.52799999999994	358.930566113248	-523.335072824149	139.61329899419
1.52899999999994	228.137942761916	-551.596129539585	299.046784555066
1.52999999999994	83.9910320605512	-515.241599106204	437.341162232809
1.53099999999994	-80.4803641249563	-424.665120409227	501.713863023491
1.53199999999994	-232.005617287922	-282.248811214847	526.595634128906
1.53299999999994	-386.720706984573	-120.410175181656	508.650149311172
1.53399999999994	-494.917416110666	36.5441075135273	451.297313922313
1.53499999999994	-547.105595143503	198.400200547659	348.447605457936
1.53599999999994	-545.250440969774	326.695331159704	181.187994223162
1.53699999999994	-471.639536864383	440.013543306346	25.211796633047
1.53799999999994	-358.818892721039	523.497987337628	-139.701967998315
1.53899999999994	-228.183103722128	551.497029127238	-299.126409324643
1.53999999999994	-83.9577780677867	514.987052722532	-437.428850867782
1.54099999999994	80.5642007528498	424.597230884112	-501.440235197671
1.54199999999994	231.896878548135	282.213099296702	-526.47546164246
1.54299999999994	386.525922735243	120.508772421664	-508.471643284378
1.54399999999994	494.702980140463	-36.3581403200066	-450.918241598176
1.54499999999994	546.986318338588	-198.397127690658	-348.577925006907
1.54599999999994	545.01329865446	-326.740272356566	-181.621179342385
1.54699999999994	472.096919616323	-439.560702205862	-25.3592404539245
1.54799999999994	359.021407911167	-523.029926577112	139.447369593212
1.54899999999994	227.971922018403	-551.351592240997	298.608857060771
1.54999999999994	84.0240390607021	-515.267206420228	437.041695158063
1.55099999999994	-80.1817063343151	-424.727886739963	502.005624920027
1.55199999999994	-231.575857474964	-282.664507691783	526.720194880165
1.55299999999994	-386.186311737576	-120.848724922557	508.396406597897
1.55399999999994	-494.680587148871	36.0556982257647	450.651861464835
1.55499999999994	-546.956780129635	198.582178193349	348.87686550234
1.55599999999994	-545.342550386035	327.017839093389	181.896340360619
1.55699999999994	-472.464983552926	439.371077449349	25.3806065299103
1.55799999999994	-359.174612547893	522.918715969549	-139.404312646981
1.55899999999994	-227.826287848564	551.461710098769	-298.526148719126
1.55999999999994	-83.9722856417677	515.400006805367	-437.325274677117
1.56099999999994	80.2032448419416	424.795741256586	-502.191526244502
1.56199999999994	231.623083813846	282.61747105072	-526.711010443965
1.56299999999994	386.389175992786	120.746552413685	-508.395279467872
1.56399999999994	494.953861101777	-36.3321373300622	-450.795812658533
1.56499999999994	547.197456838571	-198.635673843635	-348.768338261882
1.56599999999994	545.31157679668	-326.939274458145	-181.628922212437
1.56699999999994	472.092447147316	-439.704914420615	-25.260550133644
1.56799999999994	358.942472422129	-523.160871921808	139.605697134483
1.56899999999994	227.932944214906	-551.535076869125	298.954352727415
1.56999999999994	83.8937437232203	-515.258779186452	437.386029033716
1.57099999999994	-80.4348506168311	-424.657902646495	501.960917452876
1.57199999999994	-231.921536126148	-282.335362561898	526.646362803322
1.57299999999994	-386.62878166845	-120.480790610657	508.506229432619
1.57399999999994	-494.889048454582	36.5148288134829	451.041173951471
1.57499999999994	-547.066391241112	198.548308742803	348.496506877697
1.57599999999994	-545.333076160846	326.893329883335	181.304459616006
1.57699999999994	-471.891925562531	439.832835861387	25.194567548062
1.57799999999994	-358.85759901622	523.274542301573	-139.66873348754
1.57899999999994	-227.952208048424	551.425245190271	-298.978158989488
1.57999999999994	-83.8758703913669	515.039632494845	-437.44999289404
1.58099999999994	80.485153291082	424.60619943844	-501.735847116052
1.58199999999994	231.7736044564	282.336799857122	-526.555187427158
1.58299999999994	386.407569288597	120.611471628683	-508.308057180258
1.58399999999994	494.686822616923	-36.3045813057323	-450.648779053499
1.58499999999994	546.958783133399	-198.559458579374	-348.649519064682
1.58599999999994	545.121439377407	-326.948522867459	-181.765185082317
1.58699999999994	472.366658569006	-439.393698796914	-25.3446348893331
1.58799999999994	359.065692299941	-522.816592869256	139.421037820192
1.58899999999994	227.747723153385	-551.293554940108	298.47806891445
1.58999999999994	83.9310786715237	-515.317891630745	437.076503284037
1.59099999999994	-80.1197547604799	-424.746249802349	502.305562119234
1.59199999999994	-231.479269996591	-282.766677901191	526.808909448796
1.59299999999994	-386.110729072259	-120.926559271012	508.26306048156
1.59399999999994	-494.68793544415	36.0380939899982	450.400259979225
1.59499999999994	-546.939343156137	198.74580365336	348.919050762276
1.59599999999994	-545.433338237985	327.2090904632	181.991679455072
1.59699999999993	-472.689469226196	439.242521297624	25.3472383266033
1.59799999999993	-359.20080232907	522.733574084336	-139.402592350084
1.59899999999993	-227.605217980501	551.419564668806	-298.43210859555
1.59999999999993	-83.8750175308678	515.424823294903	-437.389037201743
1.60099999999993	80.169452152675	424.796991407483	-502.44250359633
1.60199999999993	231.549884226032	282.689614622486	-526.784019501346
1.60299999999993	386.332576076773	120.79887348302	-508.267279283927
1.60399999999993	494.952299411634	-36.3318385128211	-450.566370551559
1.60499999999993	547.172392301856	-198.788033096439	-348.779293214279
1.60599999999993	545.391593431334	-327.114898673747	-181.708623611895
1.60699999999993	472.297479255119	-439.572881690744	-25.2269008859212
1.60799999999993	358.960010761508	-522.98046480023	139.594880429446
1.60899999999993	227.725503278597	-551.474671864319	298.85694604621
1.60999999999993	83.7945966144677	-515.281171747873	437.429131773545
1.61099999999993	-80.3879008409076	-424.652755546744	502.214565043135
1.61199999999993	-231.836565163901	-282.424786020796	526.703615905225
1.61299999999993	-386.534745338832	-120.552263971401	508.364825069482
1.61399999999993	-494.865904353441	36.4862622646762	450.784685687005
1.61499999999993	-547.028406518022	198.696250267903	348.541067932867
1.61599999999993	-545.417812352735	327.095365823247	181.420519307129
1.61699999999993	-472.140977746512	439.66046405508	25.1763279426189
1.61799999999993	-358.897888968361	523.054792482795	-139.640992385658
1.61899999999993	-227.724458810951	551.35349108387	-298.839523571524
1.61999999999993	-83.7879797233987	515.090487739493	-437.469775201725
1.62099999999993	80.4128171552416	424.61255707376	-502.027817890533
1.62199999999993	231.655963495156	282.452768626999	-526.637705077433
1.62299999999993	386.292883901259	120.708797200886	-508.151175421438
1.62399999999993	494.675952277656	-36.2557044069423	-450.384573768438
1.62499999999993	546.932650797946	-198.718857454014	-348.708088484937
1.62599999999993	545.225968162704	-327.155894500451	-181.901629895207
1.62699999999993	472.625030121216	-439.236193045881	-25.328486007743
1.62799999999993	359.110148048735	-522.605116971809	139.39816797818
1.62899999999993	227.52697135664	-551.232416840519	298.351583390223
1.62999999999993	83.8338315826517	-515.365436660884	437.106733413756
1.63099999999993	-80.0612436636301	-424.76176544981	502.600723623876
1.63199999999993	-231.383667500098	-282.864204072008	526.899893088932
1.63299999999993	-386.03238434251	-121.00432005696	508.130975117585
1.63399999999993	-494.693012227487	36.0178934766855	450.146224774078
1.63499999999993	-546.918806277258	198.905668115409	348.957380595201
1.63599999999993	-545.521036091229	327.402524979717	182.090264505193
1.63699999999993	-472.915876489711	439.114024310387	25.316662192802
1.63799999999993	-359.224919154617	522.545282913425	-139.396782486503
1.63899999999993	-227.392223203379	551.370095198005	-298.335857674424
1.63999999999993	-83.7756612459739	515.451717214193	-437.444831175195
1.64099999999993	80.1328261974337	424.800169777953	-502.697787299228
1.64199999999993	231.472603734431	282.765143194069	-526.862067436073
1.64299999999993	386.270835374759	120.856009500476	-508.138540303232
1.64399999999993	494.948488584779	-36.3263715297966	-450.330551546337
1.64499999999993	547.145790641725	-198.93972516557	-348.794289930905
1.64599999999993	545.473453492337	-327.295751644798	-181.79474679856
1.64699999999993	472.507969479803	-439.440502656469	-25.1949801092204
1.64799999999993	358.982787814073	-522.796646675268	139.583394285817
1.64899999999993	227.517929958358	-551.413584646799	298.758618671716
1.64999999999993	83.6929742280814	-515.305654503734	437.469287981841
1.65099999999993	-80.3413143216802	-424.648107153819	502.469300002398
1.65199999999993	-231.751074252346	-282.514893328786	526.767325203847
1.65299999999993	-386.43912933734	-120.624075985688	508.22620371398
1.65399999999993	-494.845277318696	36.4575883376292	450.527250226611
1.65499999999993	-546.995457734407	198.85335479829	348.583607431753
1.65599999999993	-545.497933538202	327.289469939386	181.53442811881
1.65699999999993	-472.388201510992	439.494603100708	25.1586121624101
1.65799999999993	-358.940822726976	522.835642914348	-139.616618809599
1.65899999999993	-227.498912633744	551.28163602956	-298.705800389682
1.65999999999993	-83.6958925865308	515.140304675101	-437.486514712985
1.66099999999993	80.3442512193546	424.617712819815	-502.318223372506
1.66199999999993	231.541067279312	282.564317341558	-526.723722066413
1.66299999999993	386.179266742254	120.803805593024	-507.999702597391
1.66399999999993	494.66874093349	-36.2085370882677	-450.123223579532
1.66499999999993	546.907037736987	-198.875542083673	-348.757335457323
1.66599999999993	545.327942125302	-327.363757425547	-182.034592157625
1.66699999999993	472.876614684654	-439.085408241362	-25.311993567404
1.66799999999993	359.156696800447	-522.393268255658	139.37707825483
1.66899999999993	227.308833746715	-551.168735272477	298.227107169412
1.66999999999993	83.7326821328559	-515.411895780935	437.132061248975
1.67099999999993	-80.0045962390576	-424.775777733866	502.893888558349
1.67199999999993	-231.288505365679	-282.958711552537	526.993999073815
1.67299999999993	-385.951348902075	-121.082710585109	508.000303710361
1.67399999999993	-494.696572867874	35.9952843061688	449.890096690221
1.67499999999993	-546.896484755361	199.062238232859	348.992469060806
1.67599999999993	-545.606544374353	327.598615556189	182.191915369268
1.67699999999993	-473.143501779673	438.987185793481	25.2882888094994
1.67799999999993	-359.250238098397	522.35220550924	-139.388869721451
1.67899999999993	-227.184012227341	551.316958127566	-298.237121924126
1.67999999999993	-83.6736096844035	515.479731099135	-437.493920200677
1.68099999999993	80.094517672888	424.804077807198	-502.956399797928
1.68199999999993	231.392786134948	282.84266023291	-526.943392434683
1.68299999999993	386.203517578718	120.917244221535	-508.010526712809
1.68399999999993	494.941770601158	-36.3163152289241	-450.085941708978
1.68499999999993	547.11909179799	-199.090371377967	-348.81520458018
1.68599999999993	545.55662462265	-327.481562586221	-181.886310630913
1.68699999999993	472.722860591044	-439.308930404472	-25.1647980832883
1.68799999999992	359.013080786235	-522.609100381785	139.572145034934
1.68899999999992	227.307979677036	-551.352131603158	298.65939109546
1.68999999999992	83.5888111223073	-515.331682031827	437.506130845491
1.69099999999992	-80.2950126448105	-424.644030768095	502.726472271347
1.69199999999992	-231.665285146668	-282.604832576856	526.835901227202
1.69299999999992	-386.342292887732	-120.696711093755	508.089986617973
1.69399999999992	-494.826243588122	36.4285099286372	450.268854437284
1.69499999999992	-546.967019592965	199.020037966844	348.624551505131
1.69599999999992	-545.573814303036	327.47504845575	181.646294410172
1.69699999999992	-472.633828514903	439.334784462657	25.1409866473236
1.69799999999992	-358.986244634188	522.616357563992	-139.594797061324
1.69899999999992	-227.277013795887	551.211071556086	-298.576239580367
1.69999999999992	-83.5983000005518	515.188300132022	-437.50092289619
1.70099999999992	80.27870399267	424.62251928793	-502.607880040561
1.70199999999992	231.429628136992	282.671832907359	-526.813474546183
1.70299999999992	386.067320506342	120.895404937108	-507.858008710608
1.70399999999992	494.665249992652	-36.1634929373262	-449.860141433313
1.70499999999992	546.880599084581	-199.028406216031	-348.797237988242
1.70599999999992	545.426266306558	-327.571657986352	-182.163978759631
1.70699999999992	473.115840849879	-438.944707897664	-25.2956640342934
1.70799999999992	359.212019463597	-522.175704610678	139.357274160939
1.70899999999992	227.09289989279	-551.101822835192	298.103376180931
1.70999999999992	83.6276792924686	-515.457711595782	437.15154950174
1.71099999999992	-79.948196703937	-424.783658528971	503.199321580163
1.71199999999992	-231.193090629285	-283.056436236044	527.078554531307
1.71299999999992	-385.866639789383	-121.162758492194	507.870764908587
1.71399999999992	-494.698369117058	35.9690348134352	449.630670805966
1.71499999999992	-546.871502823529	199.215729520809	349.025796971316
1.71599999999992	-545.691631765539	327.79812392666	182.298054977637
1.71699999999992	-473.373597875906	438.861892878885	25.2627295451384
1.71799999999992	-359.282094677728	522.1525272622	-139.380337089058
1.71899999999992	-226.976780202284	551.262111625757	-298.134834127002
1.71999999999992	-83.5681206801555	515.509640660501	-437.536693325431
1.72099999999992	80.0547175065132	424.808934988534	-503.218956072908
1.72199999999992	231.311218054558	282.921944928331	-527.028052865482
1.72299999999992	386.13123968296	120.982109046716	-507.88409846153
1.72399999999992	494.934525254077	-36.3022990614179	-449.837565866384
1.72499999999992	547.091334119516	-199.239914480809	-348.836447302706
1.72599999999992	545.633671208536	-327.673197842236	-181.983461268474
1.72699999999992	472.947949214666	-439.178822099339	-25.1357719198531
1.72799999999992	359.045845306611	-522.420266986215	139.56171846853
1.72899999999992	227.101040911842	-551.289811448528	298.562653536808
1.72999999999992	83.4818044732375	-515.358771512567	437.540264339527
1.73099999999992	-80.2504133074013	-424.640220060302	502.984728875556
1.73199999999992	-231.58082014781	-282.693103744981	526.908939938065
1.73299999999992	-386.246048941235	-120.768413542784	507.957265921246
1.73399999999992	-494.809384265087	36.4004773505828	450.011322141138
1.73499999999992	-546.940582866718	199.183791867305	348.658324660078
1.73599999999992	-545.647971761092	327.662894268134	181.75742853815
1.73699999999992	-472.8752193839	439.18228195469	25.1228249672992
1.73799999999992	-359.032840406715	522.398279751685	-139.575755531284
1.73899999999992	-227.058737319396	551.140789010722	-298.451642020792
1.73999999999992	-83.495813047002	515.233595004572	-437.512377714541
1.74099999999992	80.2150122298375	424.626560023338	-502.900181188511
1.74199999999992	231.322515113239	282.774568834119	-526.90156511718
1.74299999999992	385.956451660623	120.98487296023	-507.721869278905
1.74399999999992	494.664957218468	-36.1201448663526	-449.59917137205
1.74499999999992	546.854849204592	-199.178770080087	-348.828978545967
1.74599999999992	545.520298866701	-327.778878628727	-182.289945963434
1.74699999999992	473.348886002497	-438.809965603176	-25.2797462159822
1.74799999999992	359.270390077644	-521.956951943564	139.338817926115
1.74899999999992	226.875971697934	-551.033466633187	297.980300659312
1.74999999999992	83.5228176924718	-515.501656474099	437.165997431063
1.75099999999992	-79.8932925355245	-424.790284158917	503.504208924189
1.75199999999992	-231.09739462902	-283.152298218269	527.165362943773
1.75299999999992	-385.778399858872	-121.243875744598	507.74216729216
1.75399999999992	-494.698449812179	35.9396085593455	449.36939779954
1.75499999999992	-546.844296607562	199.365966255219	349.056744581975
1.75599999999992	-545.776082008061	328.000627216156	182.408093579391
1.75699999999992	-473.60477422943	438.73908978394	25.2398340956066
1.75799999999992	-359.320480323728	521.947172015746	-139.371567604256
1.75899999999992	-226.768916808185	551.206079673794	-298.02964606169
1.75999999999992	-83.4612842661879	515.540307153582	-437.57361711815
1.76099999999992	80.0139907507189	424.814422378142	-503.484212783808
1.76199999999992	231.227666258714	283.002502872743	-527.116795543774
1.76299999999992	386.054374101662	121.049968769412	-507.75818341175
1.76399999999992	494.926604066763	-36.2841785461485	-449.585869618267
1.76499999999992	547.062033198629	-199.387865701348	-348.857936528576
1.76599999999992	545.711432107761	-327.868996190079	-182.08381188987
1.76699999999992	473.175317254193	-439.050279480844	-25.1093210067113
1.76799999999992	359.083282514691	-522.227286769348	139.550437132366
1.76899999999992	226.894757276955	-551.225962274496	298.465975908834
1.76999999999992	83.3723923545613	-515.386909180436	437.569119945632
1.77099999999992	-80.2056242150322	-424.637279134424	503.245256110343
1.77199999999992	-231.494724963281	-282.781912299971	526.986868113786
1.77299999999992	-386.147930588385	-120.841778879886	507.826933118501
1.77399999999992	-494.794925677023	36.3705552960882	449.751633788761
1.77499999999992	-546.913131386145	199.345032808776	348.687572426654
1.77599999999992	-545.72149907895	327.85444297662	181.870978200362
1.77699999999992	-473.116273234446	439.033188533212	25.1061797142464
1.77799999999991	-359.082859897909	522.179132915441	-139.558000560019
1.77899999999991	-226.8418329788	551.069440434208	-298.328123350449
1.77999999999991	-83.3895635165525	515.278570957856	-437.519801090907
1.78099999999991	80.1532016400754	424.631285813386	-503.195614541326
1.78199999999991	231.215485869319	282.874917588699	-526.991943374931
1.78299999999991	385.844791028812	121.074485824011	-507.588803158675
1.78399999999991	494.667881397626	-36.0771756349467	-449.339352114399
1.78499999999991	546.829550347533	-199.327177960611	-348.854548179056
1.78599999999991	545.611672088833	-327.988028297955	-182.415270319266
1.78699999999991	473.578839998232	-438.680273364618	-25.2641969005603
1.78799999999991	359.332044923719	-521.737075305164	139.32196792215
1.78899999999991	226.661257902989	-550.963268633617	297.859281510973
1.78999999999991	83.4142757088574	-515.545488789184	437.176467310121
1.79099999999991	-79.8410999069583	-424.796145608615	503.808653211243
1.79199999999991	-231.002600545497	-283.245370906603	527.255252052557
1.79299999999991	-385.687656073975	-121.32468695444	507.612841651781
1.79399999999991	-494.698895016657	35.9091651838985	449.109521542012
1.79499999999991	-546.816998321423	199.513161144486	349.083107966865
1.79599999999991	-545.858475821125	328.205885402245	182.519887012992
1.79699999999991	-473.834156207647	438.620716495077	25.2183817446079
1.79799999999991	-359.364488531571	521.73834436205	-139.363595100757
1.79899999999991	-226.560625591931	551.147064961222	-297.930066025262
1.79999999999991	-83.3529175517538	515.574444548464	-437.602221114081
1.80099999999991	79.9746689500975	424.81985694106	-503.750306870848
1.80199999999991	231.145640518923	283.081613643423	-527.209324686026
1.80299999999991	385.976971250122	121.117407458173	-507.634919390861
1.80399999999991	494.920475153964	-36.2659622819743	-449.335538229173
1.80499999999991	547.033727604921	-199.533987245821	-348.875559610255
1.80599999999991	545.787603913515	-328.066593761356	-182.183224475663
1.80699999999991	473.399695440877	-438.928805438697	-25.0825461078543
1.80799999999991	359.122232001434	-522.036749196296	139.542145785797
1.80899999999991	226.691371419027	-551.161233552324	298.374886895751
1.80999999999991	83.2598384178509	-515.412466855018	437.593480352095
1.81099999999991	-80.1639307044133	-424.633932785151	503.504056532281
1.81199999999991	-231.409976260319	-282.866269816667	527.066752713949
1.81299999999991	-386.052895057359	-120.912559801614	507.701881649254
1.81399999999991	-494.779694724145	36.3424155601442	449.494408103422
1.81499999999991	-546.888078465157	199.501090985478	348.708939056929
1.81599999999991	-545.792210198453	328.046411251168	181.981952144715
1.81699999999991	-473.35165051316	438.890813842152	25.0899363777017
1.81799999999991	-359.134623614002	521.960131224279	-139.541863379876
1.81899999999991	-226.62808847453	550.995963038757	-298.206287616415
1.81999999999991	-83.2802883145662	515.321585275222	-437.521790068151
1.82099999999991	80.0927286565081	424.635555488771	-503.488277972961
1.82199999999991	231.10787810479	282.972924739343	-527.086647322386
1.82299999999991	385.731103332625	121.165035794116	-507.458444862381
1.82399999999991	494.67272748318	-36.0326950466139	-449.079650112417
1.82499999999991	546.80228902688	-199.471719936313	-348.875220990431
1.82599999999991	545.699310936049	-328.198745088124	-182.542789754064
1.82699999999991	473.808351746334	-438.553195938382	-25.2506048358521
1.82799999999991	359.399133133738	-521.512937891969	139.304434151764
1.82899999999991	226.448362310748	-550.890163213245	297.73610419407
1.82999999999991	83.3028863759604	-515.591081854436	437.179867408916
1.83099999999991	-79.7884135821048	-424.802626284197	504.115198865617
1.83199999999991	-230.905649689624	-283.338670901875	527.349373002024
1.83299999999991	-385.592364217483	-121.408377755143	507.484128453351
1.83399999999991	-494.698105804186	35.8748245449612	448.847128093084
1.83499999999991	-546.789179950938	199.657059938735	349.108530668621
1.83599999999991	-545.940236582466	328.41531458007	182.636646709338
1.83699999999991	-474.067741970328	438.505075857432	25.1976017399635
1.83799999999991	-359.413116016077	521.526381171954	-139.354262715086
1.83899999999991	-226.353149485576	551.088237727445	-297.832120036387
1.83999999999991	-83.242579102359	515.611368829117	-437.626965020813
1.84099999999991	79.9368978450667	424.825915886855	-504.017917245574
1.84199999999991	231.065597301364	283.159326951355	-527.305744574785
1.84299999999991	385.900464058766	121.183586283396	-507.515341720236
1.84399999999991	494.917214706852	-36.2488349666141	-449.088130242354
1.84499999999991	547.007788502034	-199.678307470707	-348.888728708332
1.84599999999991	545.863131648254	-328.264816865691	-182.279266824262
1.84699999999991	473.615980398818	-438.816808622278	-25.0555130310661
1.84799999999991	359.162773723818	-521.851275990797	139.538443049923
1.84899999999991	226.492023180546	-551.096540250321	298.29213212468
1.84999999999991	83.1448756895048	-515.434651074532	437.615213564844
1.85099999999991	-80.1276440726215	-424.629479538376	503.758552631134
1.85199999999991	-231.330454869501	-282.943961886429	527.148598408927
1.85299999999991	-385.961805703503	-120.978110883048	507.582233466288
1.85399999999991	-494.766263195651	36.3189974978568	449.241312208637
1.85499999999991	-546.866400896254	199.651425543211	348.723981550867
1.85599999999991	-545.860462963836	328.236142671214	182.085383975593
1.85699999999991	-473.57642549736	438.759846365162	25.0728312880955
1.85799999999991	-359.185064980048	521.74768220128	-139.529803675566
1.85899999999991	-226.420673901795	550.922272383756	-298.092393549346
1.85999999999991	-83.1686352525864	515.360605720343	-437.521748014878
1.86099999999991	80.0376793880568	424.637749727291	-503.772552791761
1.86199999999991	231.005894247866	283.06463834149	-527.181732988226
1.86299999999991	385.619179140758	121.251250077222	-507.333483021263
1.86399999999991	494.678440389853	-35.9901390468209	-448.825344096537
1.86499999999991	546.774342486079	-199.610861513826	-348.887704951671
1.86599999999991	545.776704167958	-328.407740721907	-182.668802569845
1.86699999999991	474.035021876897	-438.430821346202	-25.2369303997844
1.86799999999991	359.469397228192	-521.288311547284	139.287494389678
1.8689999999999	226.239638988041	-550.814019233799	297.61310702831
1.8699999999999	83.188767663563	-515.635269459362	437.181754621031
1.8709999999999	-79.7346266627541	-424.809281624147	504.412053179689
1.8719999999999	-230.806521616931	-283.430803276317	527.446366217978
1.8729999999999	-385.491163921726	-121.495104230962	507.356262082981
1.8739999999999	-494.694066403684	35.8344607855239	448.582155054881
1.8749999999999	-546.758574736553	199.794917420923	349.133327649519
1.8759999999999	-546.020016211834	328.628091674062	182.761118032123
1.8769999999999	-474.304816736608	438.390090382989	25.1812319515785
1.8779999999999	-359.470835038373	521.305657366408	-139.342382632323
1.8789999999999	-226.146497842961	551.027683431918	-297.727331414126
1.8799999999999	-83.1312793603722	515.651290975843	-437.6433558177
1.8809999999999	79.8962684675242	424.836177440067	-504.291766308951
1.8819999999999	230.980282177909	283.239317542437	-527.405289535098
1.8829999999999	385.817113276056	121.253906452713	-507.399600926152
1.8839999999999	494.913488716073	-36.2241721643268	-448.834307411873
1.8849999999999	546.980638396313	-199.820086719239	-348.904060723118
1.8859999999999	545.940059883662	-328.467848783186	-182.382182003764
1.8869999999999	473.837777645534	-438.706901118274	-25.03077324348
1.8879999999999	359.20770582923	-521.663339129348	139.534596823408
1.8889999999999	226.293773145593	-551.031705554128	298.208892381435
1.8899999999999	83.0289647833398	-515.458882596181	437.634029531535
1.8909999999999	-80.0923934352999	-424.626506041948	504.014439255163
1.8919999999999	-231.251835219745	-283.020872218312	527.235324448476
1.8929999999999	-385.871853394835	-121.042620285349	507.466719267776
1.8939999999999	-494.755500972305	36.2970410950192	448.989151465021
1.8949999999999	-546.848404157168	199.798915965729	348.736303476844
1.8959999999999	-545.928482141298	328.426378479158	182.185447692794
1.8969999999999	-473.794806219479	438.638910516415	25.0546910074139
1.8979999999999	-359.234794555131	521.537753443823	-139.521735512345
1.8989999999999	-226.218441179931	550.853035950662	-297.98851385746
1.8999999999999	-83.0541574866164	515.397173672232	-437.521331026782
1.9009999999999	79.9891221489364	424.638160191566	-504.049787473776
1.9019999999999	230.911823935938	283.150064616608	-527.276315491357
1.9029999999999	385.511511524972	121.330403870814	-507.214004480535
1.9039999999999	494.685011183822	-35.9524637199289	-448.576693637802
1.9049999999999	546.745677547413	-199.745184053318	-348.89114009846
1.9059999999999	545.845304524387	-328.614282920684	-182.790342455752
1.9069999999999	474.255537513893	-438.314529768853	-25.2225633827925
1.9079999999999	359.541074122913	-521.064286825598	139.272228885192
1.9089999999999	226.034636024907	-550.734416276117	297.491452006992
1.9099999999999	83.0689581762747	-515.67590845312	437.189815542496
1.9109999999999	-79.6778920669889	-424.815488820182	504.690945783632
1.9119999999999	-230.704924276611	-283.520859975267	527.545982651118
1.9129999999999	-385.382866187894	-121.58504744385	507.228279940082
1.9139999999999	-494.683130717294	35.787305235663	448.316954229011
1.9149999999999	-546.726350660961	199.926392192405	349.152279441551
1.9159999999999	-546.097519791714	328.845418471968	182.895474007345
1.9169999999999	-474.547595120113	438.274269475645	25.170311531415
1.9179999999999	-359.538113631166	521.072525528185	-139.326887317143
1.9189999999999	-225.9405664005	550.963815998043	-297.612734510143
1.9199999999999	-83.0185009754429	515.695041449265	-437.649327896417
1.9209999999999	79.8502320583638	424.849954247873	-504.573699953985
1.9219999999999	230.887329969972	283.325178750394	-527.51129619523
1.9229999999999	385.72456533236	121.332682573309	-507.283318595453
1.9239999999999	494.907819446551	-36.1907752401021	-448.572696602944
1.9249999999999	546.946071257299	-199.962191729534	-348.923259278114
1.9259999999999	546.024192035513	-328.676213286824	-182.495465662728
1.9269999999999	474.065747483741	-438.598784390911	-25.0106978262987
1.9279999999999	359.263822050165	-521.466868840706	139.530176271353
1.9289999999999	226.094292817203	-550.96595633601	298.122341500563
1.9299999999999	82.9110191159599	-515.487112244314	437.649324531865
1.9309999999999	-80.056393038652	-424.626146334232	504.276050377481
1.9319999999999	-231.172463061172	-283.099095895034	527.328813411213
1.9329999999999	-385.782101548372	-121.107522142525	507.354375617145
1.9339999999999	-494.748061128702	36.2752050969384	448.736438850487
1.9349999999999	-546.833001344194	199.945658216604	348.745200799897
1.9359999999999	-545.995816747833	328.618978707506	182.283952853291
1.9369999999999	-474.010608552274	438.526368968843	25.0352166860384
1.9379999999999	-359.284066450724	521.331219174273	-139.516842703554
1.9389999999999	-226.019077520094	550.784099537643	-297.891371078519
1.9399999999999	-82.9355187670553	515.431247661609	-437.521553564897
1.9409999999999	79.9452171311072	424.637493927212	-504.323553203528
1.9419999999999	230.823460929021	283.229494189146	-527.372991034879
1.9429999999999	385.407590124636	121.40461924183	-507.098598607107
1.9439999999999	494.694617261645	-35.9191243728161	-448.328540027915
1.9449999999999	546.717520830818	-199.877472334009	-348.889427899155
1.9459999999999	545.909436591862	-328.819517956543	-182.906401132337
1.9469999999999	474.468638240451	-438.205686466053	-25.2071077532543
1.9479999999999	359.612250992125	-520.844774631892	139.259952776914
1.9489999999999	225.833605039573	-550.64957120452	297.375165553966
1.9499999999999	82.9456356770573	-515.714563672168	437.19106002364
1.9509999999999	-79.6244707790119	-424.819173947195	504.966432433379
1.9519999999999	-230.604266688254	-283.60781248026	527.644974517013
1.9529999999999	-385.270533321	-121.673824486679	507.104598210535
1.9539999999999	-494.668582485319	35.7378546179803	448.052735077698
1.9549999999999	-546.693322587998	200.052578946532	349.163350944792
1.9559999999999	-546.170511712138	329.066384802402	183.034329583966
1.9569999999999	-474.792249576376	438.160543158949	25.162601492474
1.9579999999999	-359.614137498255	520.831110352985	-139.310500973196
1.9589999999999	-225.733995132982	550.895669910207	-297.493040889331
1.95999999999989	-82.903009894149	515.739779698125	-437.645087797792
1.96099999999989	79.8011199955258	424.864488384804	-504.859970376885
1.96199999999989	230.788038226331	283.414644422863	-527.62312238776
1.96299999999989	385.623372898103	121.418247782292	-507.166379397665
1.96399999999989	494.898592906327	-36.1489231744254	-448.303007889465
1.96499999999989	546.915875928013	-200.103383465384	-348.941922103364
1.96599999999989	546.099962367884	-328.890008956608	-182.620812627039
1.96699999999989	474.300729565202	-438.490599739587	-24.996483946867
1.96799999999989	359.332847361167	-521.256906408842	139.523782026551
1.96899999999989	225.891958120063	-550.896083658254	298.02701932741
1.96999999999989	82.790418988451	-515.519795972794	437.656355797424
1.97099999999989	-80.015840971208	-424.629135132778	504.547216113943
1.97199999999989	-231.086623301906	-283.183037259657	527.430822155577
1.97299999999989	-385.68612425001	-121.178200077189	507.242617277265
1.97399999999989	-494.740624027421	36.2473849150573	448.475700605286
1.97499999999989	-546.817798124771	200.092241417698	348.754557539787
1.97599999999989	-546.064781702984	328.819029822407	182.389923069814
1.97699999999989	-474.232846483097	438.415437065166	25.0172010120258
1.97799999999989	-359.338127515639	521.119633849801	-139.511649031534
1.97899999999989	-225.818641670517	550.713842518553	-297.793085463431
1.97999999999989	-82.8143860536699	515.467206439572	-437.520255904685
1.98099999999989	79.9036759794327	424.638747737445	-504.60237362267
1.98199999999989	230.736582437927	283.308440419522	-527.475049890907
1.98299999999989	385.304326029284	121.477929324859	-506.985487006231
1.98399999999989	494.707232206865	-35.8883004777439	-448.080858893839
1.98499999999989	546.691304693669	-200.010105624967	-348.881883309597
1.98599999999989	545.972435988711	-329.027549288814	-183.020302888071
1.98699999999989	474.678629017731	-438.103553706286	-25.1902104084789
1.98799999999989	359.684383280278	-520.626839300332	139.251690878266
1.98899999999989	225.634113677893	-550.564131362763	297.265701770168
1.98999999999989	82.8173493411457	-515.751855837075	437.190028792225
1.99099999999989	-79.5765098134516	-424.820205652611	505.240187606409
1.99199999999989	-230.50799835367	-283.689932168877	527.743649919729
1.99299999999989	-385.157930596228	-121.758012236541	506.986424927216
1.99399999999989	-494.654909738974	35.6907387574175	447.788529892358
1.99499999999989	-546.660058723822	200.175518110412	349.166113887513
1.99599999999989	-546.236978020272	329.29484952721	183.1719271991
1.99699999999989	-475.035315079082	438.04700826079	25.1548710361109
1.99799999999989	-359.696355043054	520.588199917128	-139.295509970535
1.99899999999989	-225.525440495077	550.819881830584	-297.373532263357
2	-82.783245333677	515.782005198944	-437.630728858153
