"Time [s]"	"InputVoltage(Phase_A) [V]"	"InputVoltage(Phase_C) [V]"	"InputVoltage(Phase_B) [V]"
0	0	487.903679018718	-487.903679018718
0.001	174.094810355438	376.976568077412	-551.07137843285
0.002	331.148007683416	229.148364102494	-560.296371785911
0.003	455.786130775503	58.8895216786914	-514.675652454194
0.004	535.808731738579	-117.133837434446	-418.674894304133
0.005	563.382640840131	-281.691320420065	-281.691320420065
0.006	535.808731738579	-418.674894304132	-117.133837434446
0.007	455.786130775503	-514.675652454194	58.8895216786913
0.008	331.148007683416	-560.29637178591	229.148364102494
0.009	174.094810355438	-551.07137843285	376.976568077412
0.01	-4.12114786740858E-13	-487.903679018717	487.903679018718
0.011	-174.094810355438	-376.976568077411	551.07137843285
0.012	-331.148007683417	-229.148364102494	560.296371785911
0.013	-455.786130775504	-58.8895216786906	514.675652454194
0.014	-535.808731738579	117.133837434447	418.674894304132
0.015	-563.382640840131	281.691320420066	281.691320420064
0.016	-535.808731738578	418.674894304133	117.133837434445
0.017	-455.786130775502	514.675652454195	-58.8895216786927
0.018	-331.148007683415	560.296371785911	-229.148364102495
0.019	-174.094810355436	551.071378432849	-376.976568077413
0.02	1.37845290737459E-12	487.903679018717	-487.903679018718
0.021	174.094810355439	376.976568077411	-551.07137843285
0.022	331.148007683418	229.148364102493	-560.296371785911
0.023	455.786130775504	58.8895216786898	-514.675652454194
0.024	535.808731738579	-117.133837434447	-418.674894304131
0.025	563.382640840131	-281.691320420068	-281.691320420064
0.026	535.808731738578	-418.674894304134	-117.133837434443
0.027	455.786130775502	-514.675652454196	58.8895216786944
0.028	331.148007683414	-560.29637178591	229.148364102497
0.029	174.094810355435	-551.071378432849	376.976568077414
0.03	-2.75690581474919E-12	-487.903679018717	487.903679018719
0.031	-174.09481035544	-376.97656807741	551.07137843285
0.032	-331.148007683419	-229.148364102492	560.29637178591
0.033	-455.786130775505	-58.8895216786878	514.675652454193
0.034	-535.80873173858	117.133837434449	418.674894304129
0.035	-563.382640840131	281.691320420068	281.691320420062
0.036	-535.808731738577	418.674894304135	117.133837434442
0.037	-455.786130775501	514.675652454196	-58.8895216786953
0.038	-331.148007683413	560.29637178591	-229.148364102498
0.039	-174.094810355433	551.071378432849	-376.976568077415
0.04	4.77484718430787E-12	487.903679018716	-487.90367901872
0.041	174.094810355443	376.976568077408	-551.071378432851
0.042	331.14800768342	229.14836410249	-560.29637178591
0.043	455.786130775506	58.8895216786859	-514.675652454192
0.044	535.80873173858	-117.13383743445	-418.674894304129
0.045	563.382640840131	-281.69132042007	-281.69132042006
0.046	535.808731738577	-418.674894304137	-117.13383743444
0.047	455.786130775499	-514.675652454197	58.8895216786983
0.048	331.148007683412	-560.296371785911	229.1483641025
0.049	174.094810355431	-551.071378432848	376.976568077417
0.05	-5.6417093219352E-12	-487.903679018715	487.903679018721
0.051	-174.094810355444	-376.976568077406	551.071378432851
0.052	-331.148007683421	-229.148364102488	560.29637178591
0.053	-455.786130775507	-58.889521678684	514.675652454192
0.054	-535.80873173858	117.133837434452	418.674894304128
0.055	-563.382640840131	281.691320420072	281.691320420059
0.056	-535.808731738577	418.674894304138	117.133837434438
0.057	-455.786130775498	514.675652454198	-58.8895216787002
0.058	-331.14800768341	560.296371785911	-229.148364102501
0.059	-174.09481035543	551.071378432848	-376.976568077418
0.06	7.60280727263307E-12	487.903679018714	-487.903679018721
0.061	174.094810355446	376.976568077405	-551.071378432851
0.062	331.148007683422	229.148364102487	-560.29637178591
0.063	455.786130775507	58.8895216786841	-514.675652454192
0.064	535.80873173858	-117.133837434452	-418.674894304129
0.065	563.382640840131	-281.691320420072	-281.69132042006
0.066	535.808731738577	-418.674894304138	-117.133837434439
0.067	455.786130775498	-514.675652454198	58.8895216786991
0.068	331.14800768341	-560.296371785911	229.1483641025
0.069	174.09481035543	-551.071378432848	376.976568077418
0.07	-7.47490958019625E-12	-487.903679018714	487.903679018721
0.071	-174.094810355446	-376.976568077405	551.071378432851
0.0720000000000001	-331.148007683422	-229.148364102487	560.29637178591
0.0730000000000001	-455.786130775508	-58.8895216786822	514.675652454191
0.0740000000000001	-535.808731738581	117.133837434454	418.674894304128
0.0750000000000001	-563.382640840131	281.691320420073	281.691320420059
0.0760000000000001	-535.808731738576	418.674894304138	117.133837434439
0.0770000000000001	-455.786130775498	514.675652454198	-58.8895216786991
0.0780000000000001	-331.148007683408	560.296371785912	-229.148364102502
0.0790000000000001	-174.094810355428	551.071378432847	-376.976568077419
0.0800000000000001	9.47864009503974E-12	487.903679018713	-487.903679018723
0.0810000000000001	174.094810355446	376.976568077405	-551.071378432851
0.0820000000000001	331.148007683425	229.148364102483	-560.29637178591
0.0830000000000001	455.786130775509	58.8895216786802	-514.675652454191
0.0840000000000001	535.808731738582	-117.133837434456	-418.674894304127
0.0850000000000001	563.382640840131	-281.691320420073	-281.691320420059
0.0860000000000001	535.808731738575	-418.674894304141	-117.133837434436
0.0870000000000001	455.786130775497	-514.675652454199	58.889521678701
0.0880000000000001	331.148007683408	-560.296371785911	229.148364102502
0.0890000000000001	174.094810355428	-551.071378432847	376.976568077419
0.0900000000000001	-1.1397105481592E-11	-487.903679018712	487.903679018723
0.0910000000000001	-174.094810355448	-376.976568077403	551.071378432852
0.0920000000000001	-331.148007683425	-229.148364102483	560.29637178591
0.0930000000000001	-455.786130775509	-58.8895216786803	514.675652454191
0.0940000000000001	-535.808731738583	117.13383743446	418.674894304124
0.0950000000000001	-563.382640840131	281.691320420077	281.691320420056
0.0960000000000001	-535.808731738575	418.674894304139	117.133837434436
0.0970000000000001	-455.786130775497	514.675652454199	-58.8895216787009
0.0980000000000001	-331.148007683405	560.296371785912	-229.148364102506
0.0990000000000001	-174.094810355426	551.071378432847	-376.97656807742
0.1	1.13402620627312E-11	487.903679018713	-487.903679018723
0.101	174.094810355448	376.976568077403	-551.071378432851
0.102	331.148007683427	229.148364102483	-560.296371785909
0.103	455.786130775512	58.8895216786783	-514.675652454189
0.104	535.808731738582	-117.133837434456	-418.674894304126
0.105	563.382640840131	-281.691320420075	-281.691320420055
0.106	535.808731738575	-418.67489430414	-117.133837434434
0.107	455.786130775495	-514.6756524542	58.8895216787048
0.108	331.148007683407	-560.296371785911	229.148364102504
0.109	174.094810355426	-551.071378432847	376.976568077422
0.11	-1.32729383039987E-11	-487.903679018712	487.903679018725
0.111	-174.094810355451	-376.976568077402	551.071378432852
0.112	-331.148007683428	-229.148364102481	560.296371785909
0.113	-455.78613077551	-58.8895216786804	514.675652454189
0.114	-535.808731738584	117.133837434462	418.67489430412
0.115	-563.382640840131	281.691320420077	281.691320420052
0.116	-535.808731738574	418.674894304142	117.13383743443
0.117	-455.786130775496	514.675652454199	-58.8895216787047
0.118	-331.148007683402	560.296371785912	-229.148364102511
0.119	-174.094810355424	551.071378432847	-376.976568077423
0.12	1.52482471094117E-11	487.903679018711	-487.903679018726
0.121	174.094810355453	376.976568077401	-551.071378432853
0.122	331.14800768343	229.14836410248	-560.296371785909
0.123	455.786130775512	58.8895216786786	-514.675652454188
0.124	535.808731738583	-117.13383743446	-418.674894304121
0.125	563.382640840131	-281.691320420078	-281.691320420051
0.126	535.808731738575	-418.67489430414	-117.133837434432
0.127	455.786130775495	-514.6756524542	58.8895216787067
0.128	331.148007683407	-560.296371785911	229.148364102505
0.129	174.094810355422	-551.071378432847	376.976568077425
0.13	-1.31024080474162E-11	-487.903679018712	487.903679018725
0.131	-174.094810355451	-376.976568077402	551.071378432852
0.132	-331.148007683428	-229.148364102482	560.296371785909
0.133	-455.786130775513	-58.8895216786766	514.675652454187
0.134	-535.808731738584	117.133837434461	418.674894304121
0.135	-563.382640840131	281.691320420077	281.691320420052
0.136	-535.808731738574	418.674894304142	117.13383743443
0.137	-455.786130775494	514.6756524542	-58.8895216787086
0.138	-331.148007683402	560.296371785912	-229.148364102511
0.139	-174.094810355424	551.071378432847	-376.976568077423
0.14	1.50492951433989E-11	487.903679018711	-487.903679018726
0.141	174.094810355453	376.976568077401	-551.071378432853
0.142	331.14800768343	229.14836410248	-560.296371785909
0.143	455.786130775512	58.8895216786787	-514.675652454188
0.144	535.808731738583	-117.133837434459	-418.674894304121
0.145	563.382640840131	-281.691320420078	-281.691320420051
0.146	535.808731738574	-418.674894304143	-117.133837434428
0.147	455.786130775493	-514.675652454201	58.8895216787105
0.148	331.148007683404	-560.296371785911	229.148364102509
0.149	174.094810355419	-551.071378432846	376.976568077427
0.15	-1.69961822393816E-11	-487.90367901871	487.903679018727
0.151	-174.094810355455	-376.976568077399	551.071378432853
0.152	-331.148007683428	-229.148364102482	560.296371785909
0.153	-455.786130775515	-58.8895216786727	514.675652454186
0.154	-535.808731738584	117.133837434461	418.67489430412
0.155	-563.382640840131	281.69132042008	281.691320420049
0.156	-535.808731738573	418.674894304144	117.133837434426
0.157	-455.786130775491	514.675652454202	-58.8895216787124
0.158	-331.148007683399	560.296371785912	-229.148364102515
0.159	-174.094810355421	551.071378432846	-376.976568077426
0.16	1.89430693353643E-11	487.903679018709	-487.903679018728
0.161	174.094810355457	376.976568077398	-551.071378432854
0.162	331.14800768343	229.14836410248	-560.296371785909
0.163	455.786130775514	58.8895216786748	-514.675652454186
0.164	535.808731738586	-117.133837434467	-418.674894304116
0.165	563.382640840131	-281.691320420078	-281.691320420051
0.166	535.808731738572	-418.674894304146	-117.133837434424
0.167	455.78613077549	-514.675652454203	58.8895216787143
0.168	331.148007683401	-560.296371785912	229.148364102513
0.169	174.094810355419	-551.071378432846	376.976568077427
0.17	-1.688249540166E-11	-487.90367901871	487.903679018727
0.171	-174.094810355459	-376.976568077396	551.071378432854
0.172	-331.148007683435	-229.148364102474	560.296371785908
0.173	-455.786130775515	-58.8895216786729	514.675652454186
0.174	-535.808731738585	117.133837434465	418.674894304117
0.175	-563.382640840131	281.691320420087	281.691320420042
0.176	-535.808731738573	418.674894304144	117.133837434426
0.177	-455.786130775489	514.675652454204	-58.8895216787163
0.178	-331.148007683399	560.296371785912	-229.148364102514
0.179	-174.094810355417	551.071378432845	-376.976568077429
0.18	2.27657892537536E-11	487.903679018707	-487.90367901873
0.181	174.094810355457	376.976568077398	-551.071378432854
0.182	331.148007683433	229.148364102477	-560.296371785908
0.183	455.786130775518	58.889521678667	-514.675652454184
0.184	535.808731738585	-117.133837434467	-418.674894304116
0.185	563.382640840131	-281.691320420085	-281.691320420044
0.186	535.808731738572	-418.674894304145	-117.133837434424
0.187	455.78613077549	-514.675652454203	58.8895216787142
0.188	331.148007683394	-560.296371785913	229.14836410252
0.189	174.094810355419	-551.071378432846	376.976568077427
0.19	-2.46842546403059E-11	-487.903679018706	487.903679018731
0.191	-174.094810355462	-376.976568077393	551.071378432856
0.192	-331.148007683434	-229.148364102475	560.296371785908
0.193	-455.786130775517	-58.8895216786691	514.675652454184
0.194	-535.808731738585	117.133837434465	418.674894304118
0.195	-563.382640840131	281.691320420087	281.691320420042
0.196	-535.80873173857	418.67489430415	117.133837434419
0.197	-455.786130775489	514.675652454203	-58.8895216787162
0.198	-331.148007683396	560.296371785913	-229.148364102518
0.199	-174.094810355413	551.071378432844	-376.976568077432
0.2	2.2652102416032E-11	487.903679018707	-487.90367901873
0.201	174.094810355464	376.976568077389	-551.071378432856
0.202	331.148007683433	229.148364102473	-560.296371785908
0.203	455.786130775518	58.8895216786671	-514.675652454184
0.204	535.808731738587	-117.133837434471	-418.674894304114
0.205	563.382640840131	-281.691320420088	-281.69132042004
0.206	535.80873173857	-418.674894304151	-117.133837434417
0.207	455.786130775486	-514.675652454206	58.8895216787221
0.208	331.148007683398	-560.296371785913	229.148364102516
0.209	174.094810355415	-551.071378432845	376.97656807743
0.21	-2.45989895120147E-11	-487.903679018706	487.90367901873
0.211	-174.094810355462	-376.976568077394	551.071378432856
0.212	-331.148007683438	-229.148364102471	560.296371785908
0.213	-455.786130775519	-58.8895216786651	514.675652454183
0.214	-535.808731738588	117.133837434473	418.674894304113
0.215	-563.382640840131	281.69132042009	281.691320420039
0.216	-535.808731738572	418.674894304147	117.133837434423
0.217	-455.786130775485	514.675652454207	-58.889521678724
0.218	-331.148007683396	560.296371785913	-229.148364102518
0.219	-174.094810355414	551.071378432844	-376.976568077432
0.22	2.65174548985669E-11	487.903679018705	-487.903679018732
0.221	174.094810355464	376.976568077392	-551.071378432855
0.222	331.148007683439	229.14836410247	-560.296371785907
0.223	455.786130775521	58.8895216786633	-514.675652454182
0.224	535.808731738588	-117.133837434475	-418.674894304112
0.225	563.382640840131	-281.691320420092	-281.691320420037
0.226	535.808731738571	-418.674894304148	-117.133837434421
0.227	455.786130775488	-514.675652454204	58.8895216787179
0.228	331.148007683388	-560.296371785914	229.148364102527
0.229	174.094810355412	-551.071378432844	376.976568077433
0.23	-2.84359202851192E-11	-487.903679018704	487.903679018733
0.231	-174.094810355466	-376.976568077391	551.071378432856
0.232	-331.148007683441	-229.148364102468	560.296371785907
0.233	-455.786130775522	-58.8895216786614	514.675652454182
0.234	-535.808731738586	117.133837434469	418.674894304115
0.235	-563.382640840131	281.691320420093	281.691320420036
0.236	-535.808731738568	418.674894304155	117.133837434411
0.237	-455.786130775487	514.675652454205	-58.8895216787198
0.238	-331.148007683393	560.296371785913	-229.148364102521
0.239	-174.094810355402	551.071378432842	-376.97656807744
0.24	3.04254399452475E-11	487.903679018703	-487.903679018733
0.241	174.094810355468	376.976568077389	-551.071378432856
0.242	331.148007683442	229.148364102466	-560.296371785907
0.243	455.786130775523	58.8895216786594	-514.675652454181
0.244	535.808731738589	-117.133837434478	-418.674894304109
0.245	563.382640840131	-281.691320420088	-281.69132042004
0.246	535.80873173857	-418.674894304151	-117.133837434417
0.247	455.786130775481	-514.675652454209	58.8895216787297
0.248	331.148007683392	-560.296371785913	229.148364102523
0.249	174.094810355408	-551.071378432843	376.976568077436
0.25	-3.23154836223694E-11	-487.903679018702	487.903679018735
0.251	-174.094810355462	-376.976568077394	551.071378432855
0.252	-331.148007683437	-229.148364102471	560.296371785908
0.253	-455.786130775519	-58.8895216786655	514.675652454183
0.254	-535.808731738588	117.133837434472	418.674894304113
0.255	-563.382640840131	281.69132042009	281.691320420039
0.256	-535.808731738572	418.674894304146	117.133837434423
0.257	-455.786130775485	514.675652454207	-58.8895216787237
0.258	-331.14800768339	560.296371785913	-229.148364102525
0.259	-174.094810355414	551.071378432844	-376.976568077432
0.26	2.62332378042629E-11	487.903679018706	-487.903679018732
0.261	174.094810355471	376.976568077387	-551.071378432857
0.262	331.148007683439	229.14836410247	-560.296371785907
0.263	455.78613077552	58.8895216786636	-514.675652454182
0.264	535.808731738588	-117.133837434474	-418.674894304111
0.265	563.382640840131	-281.691320420091	-281.691320420037
0.266	535.808731738569	-418.674894304153	-117.133837434413
0.267	455.786130775489	-514.675652454204	58.8895216787177
0.268	331.148007683389	-560.296371785914	229.148364102527
0.269	174.094810355404	-551.071378432842	376.976568077439
0.27	-2.81374923361E-11	-487.903679018704	487.903679018732
0.271	-174.094810355466	-376.976568077391	551.071378432856
0.272	-331.148007683441	-229.148364102468	560.296371785907
0.273	-455.786130775521	-58.8895216786616	514.675652454182
0.274	-535.808731738589	117.133837434476	418.67489430411
0.275	-563.382640840131	281.691320420093	281.691320420036
0.276	-535.808731738568	418.674894304155	117.133837434411
0.277	-455.786130775483	514.675652454208	-58.8895216787275
0.278	-331.148007683393	560.296371785913	-229.148364102521
0.279	-174.094810355403	551.071378432842	-376.97656807744
0.28	3.00985902867978E-11	487.903679018703	-487.903679018734
0.281	174.094810355467	376.97656807739	-551.071378432856
0.282	331.148007683442	229.148364102466	-560.296371785907
0.283	455.786130775523	58.8895216786596	-514.675652454181
0.284	535.808731738589	-117.133837434478	-418.674894304109
0.285	563.382640840131	-281.691320420095	-281.691320420034
0.286	535.80873173857	-418.67489430415	-117.133837434417
0.287	455.786130775481	-514.675652454209	58.8895216787295
0.288	331.148007683392	-560.296371785913	229.148364102523
0.289	174.094810355408	-551.071378432843	376.976568077436
0.29	-3.19886339639197E-11	-487.903679018703	487.903679018735
0.291	-174.094810355469	-376.976568077388	551.071378432857
0.292	-331.148007683444	-229.148364102464	560.296371785907
0.293	-455.786130775524	-58.8895216786578	514.67565245418
0.294	-535.80873173859	117.13383743448	418.674894304108
0.295	-563.382640840131	281.691320420096	281.691320420032
0.296	-535.80873173857	418.674894304152	117.133837434415
0.297	-455.786130775485	514.675652454207	-58.8895216787234
0.298	-331.148007683384	560.296371785914	-229.148364102532
0.299	-174.094810355406	551.071378432843	-376.976568077437
0.3	3.3978153624048E-11	487.903679018701	-487.903679018736
0.301	174.094810355471	376.976568077387	-551.071378432857
0.302	331.148007683445	229.148364102462	-560.296371785906
0.303	455.786130775525	58.8895216786559	-514.675652454179
0.304	535.808731738588	-117.133837434474	-418.674894304112
0.305	563.382640840131	-281.691320420098	-281.691320420031
0.306	535.808731738567	-418.674894304158	-117.133837434406
0.307	455.786130775484	-514.675652454207	58.8895216787253
0.308	331.148007683389	-560.296371785914	229.148364102526
0.309	174.094810355397	-551.071378432841	376.976568077445
0.31	-3.58397755917395E-11	-487.903679018701	487.903679018736
0.311	-174.094810355473	-376.976568077385	551.071378432858
0.312	-331.148007683447	-229.148364102461	560.296371785906
0.313	-455.786130775526	-58.8895216786539	514.675652454178
0.314	-535.808731738591	117.133837434484	418.674894304105
0.315	-563.382640840131	281.691320420093	281.691320420036
0.316	-535.808731738566	418.67489430416	117.133837434404
0.317	-455.786130775478	514.675652454211	-58.8895216787352
0.318	-331.148007683387	560.296371785914	-229.148364102528
0.319	-174.094810355403	551.071378432842	-376.97656807744
0.32	3.78008735424373E-11	487.903679018699	-487.903679018737
0.321	174.094810355475	376.976568077384	-551.071378432858
0.322	331.148007683448	229.148364102459	-560.296371785906
0.323	455.786130775527	58.889521678652	-514.675652454177
0.324	535.808731738589	-117.133837434478	-418.674894304109
0.325	563.382640840131	-281.691320420094	-281.691320420034
0.326	535.808731738568	-418.674894304156	-117.13383743441
0.327	455.786130775482	-514.675652454209	58.8895216787292
0.328	331.148007683379	-560.296371785915	229.148364102537
0.329	174.094810355393	-551.07137843284	376.976568077447
0.33	-3.17328385790461E-11	-487.903679018703	487.903679018734
0.331	-174.094810355477	-376.976568077382	551.071378432858
0.332	-331.14800768345	-229.148364102457	560.296371785906
0.333	-455.786130775528	-58.8895216786501	514.675652454177
0.334	-535.808731738592	117.133837434487	418.674894304102
0.335	-563.382640840131	281.691320420096	281.691320420033
0.336	-535.808731738567	418.674894304157	117.133837434408
0.337	-455.78613077548	514.67565245421	-58.8895216787311
0.338	-331.148007683384	560.296371785914	-229.148364102532
0.339	-174.094810355391	551.071378432839	-376.976568077449
0.34	3.36797256750287E-11	487.903679018701	-487.903679018736
0.341	174.094810355471	376.976568077387	-551.071378432857
0.342	331.148007683451	229.148364102455	-560.296371785906
0.343	455.786130775529	58.8895216786482	-514.675652454176
0.344	535.808731738593	-117.133837434489	-418.674894304101
0.345	563.382640840131	-281.691320420105	-281.691320420024
0.346	535.808731738566	-418.674894304158	-117.133837434406
0.347	455.786130775479	-514.67565245421	58.889521678733
0.348	331.148007683382	-560.296371785915	229.148364102533
0.349	174.094810355397	-551.071378432841	376.976568077445
0.35	-5.16138243256137E-11	-487.903679018693	487.903679018744
0.351	-174.094810355473	-376.976568077385	551.071378432858
0.352	-331.148007683447	-229.148364102461	560.296371785906
0.353	-455.786130775531	-58.8895216786463	514.675652454175
0.354	-535.808731738594	117.133837434491	418.6748943041
0.355	-563.382640840131	281.691320420106	281.691320420022
0.356	-535.808731738566	418.674894304159	117.133837434404
0.357	-455.786130775478	514.675652454211	-58.889521678735
0.358	-331.148007683381	560.296371785915	-229.148364102535
0.359	-174.094810355395	551.07137843284	-376.976568077446
0.36	4.55600002169376E-11	487.903679018696	-487.903679018741
0.361	174.094810355482	376.976568077378	-551.071378432859
0.362	331.148007683448	229.148364102459	-560.296371785906
0.363	455.786130775527	58.8895216786523	-514.675652454177
0.364	535.808731738591	-117.133837434485	-418.674894304104
0.365	563.382640840131	-281.691320420108	-281.69132042002
0.366	535.808731738563	-418.674894304166	-117.133837434394
0.367	455.786130775482	-514.675652454209	58.8895216787289
0.368	331.148007683379	-560.296371785915	229.148364102537
0.369	174.094810355394	-551.07137843284	376.976568077447
0.37	-4.74784656034899E-11	-487.903679018695	487.903679018742
0.371	-174.094810355484	-376.976568077377	551.07137843286
0.372	-331.14800768345	-229.148364102458	560.296371785906
0.373	-455.786130775528	-58.8895216786504	514.675652454176
0.374	-535.808731738592	117.133837434487	418.674894304103
0.375	-563.382640840131	281.691320420103	281.691320420026
0.376	-535.808731738562	418.674894304167	117.133837434392
0.377	-455.786130775471	514.675652454216	-58.8895216787468
0.378	-331.148007683384	560.296371785914	-229.148364102531
0.379	-174.094810355392	551.07137843284	-376.976568077449
0.38	4.94253526994726E-11	487.903679018694	-487.903679018743
0.381	174.094810355486	376.976568077375	-551.07137843286
0.382	331.148007683458	229.148364102448	-560.296371785905
0.383	455.786130775529	58.8895216786485	-514.675652454176
0.384	535.808731738593	-117.133837434489	-418.674894304101
0.385	563.382640840131	-281.691320420104	-281.691320420024
0.386	535.808731738564	-418.674894304163	-117.133837434398
0.387	455.78613077547	-514.675652454217	58.8895216787487
0.388	331.148007683383	-560.296371785915	229.148364102533
0.389	174.094810355398	-551.071378432841	376.976568077444
0.39	-5.135802894074E-11	-487.903679018693	487.903679018744
0.391	-174.094810355488	-376.976568077374	551.071378432861
0.392	-331.148007683459	-229.148364102447	560.296371785905
0.393	-455.786130775535	-58.8895216786386	514.675652454172
0.394	-535.808731738593	117.133837434491	418.6748943041
0.395	-563.382640840131	281.691320420106	281.691320420022
0.396	-535.808731738564	418.674894304164	117.133837434396
0.397	-455.786130775474	514.675652454214	-58.8895216787426
0.398	-331.148007683375	560.296371785916	-229.148364102542
0.399	-174.094810355396	551.071378432841	-376.976568077445
0.4	4.52899939773488E-11	487.903679018696	-487.903679018742
0.401	174.094810355482	376.976568077378	-551.071378432859
0.402	331.148007683461	229.148364102445	-560.296371785904
0.403	455.786130775536	58.8895216786287	-514.675652454171
0.404	535.808731738591	-117.133837434485	-418.674894304104
0.405	563.382640840131	-281.691320420108	-281.691320420021
0.406	535.808731738563	-418.674894304171	-117.133837434395
0.407	455.786130775473	-514.675652454215	58.8895216787446
0.408	331.148007683373	-560.296371785917	229.148364102544
0.409	174.094810355379	-551.071378432835	376.976568077459
0.41	-5.51807488591294E-11	-487.903679018687	487.903679018746
0.411	-174.094810355484	-376.976568077371	551.07137843286
0.412	-331.148007683462	-229.148364102436	560.296371785904
0.413	-455.786130775533	-58.8895216786347	514.675652454174
0.414	-535.808731738597	117.13383743451	418.674894304093
0.415	-563.382640840131	281.691320420116	281.691320420026
0.416	-535.808731738565	418.674894304167	117.133837434408
0.417	-455.786130775472	514.675652454219	-58.8895216787385
0.418	-331.148007683378	560.296371785916	-229.148364102531
0.419	-174.094810355384	551.071378432836	-376.976568077448
0.42	4.91269247504533E-11	487.90367901869	-487.903679018739
0.421	174.094810355478	376.976568077375	-551.071378432857
0.422	331.148007683457	229.148364102441	-560.296371785906
0.423	455.786130775539	58.8895216786248	-514.675652454173
0.424	535.808731738595	-117.133837434505	-418.674894304102
0.425	563.382640840131	-281.691320420125	-281.691320420018
0.426	535.808731738561	-418.674894304174	-117.133837434399
0.427	455.786130775475	-514.675652454217	58.8895216787325
0.428	331.14800768337	-560.296371785917	229.14836410254
0.429	174.09481035539	-551.071378432838	376.976568077444
0.43	-5.90603121963795E-11	-487.903679018685	487.903679018744
0.431	-174.094810355487	-376.976568077368	551.071378432859
0.432	-331.148007683453	-229.148364102447	560.296371785906
0.433	-455.786130775535	-58.8895216786308	514.675652454175
0.434	-535.808731738598	117.133837434514	418.674894304095
0.435	-563.382640840131	281.69132042012	281.691320420023
0.436	-535.808731738564	418.67489430417	117.133837434405
0.437	-455.786130775469	514.675652454221	-58.8895216787424
0.438	-331.148007683375	560.296371785916	-229.148364102535
0.439	-174.094810355381	551.071378432836	-376.976568077452
0.44	5.29354338141275E-11	487.903679018688	-487.903679018741
0.441	174.094810355497	376.976568077361	-551.071378432861
0.442	331.148007683461	229.148364102438	-560.296371785905
0.443	455.786130775532	58.8895216786369	-514.675652454178
0.444	535.808731738596	-117.133837434508	-418.674894304099
0.445	563.382640840131	-281.691320420128	-281.691320420014
0.446	535.80873173856	-418.674894304177	-117.133837434395
0.447	455.786130775473	-514.675652454218	58.8895216787363
0.448	331.148007683367	-560.296371785917	229.148364102544
0.449	174.094810355386	-551.071378432837	376.976568077447
0.45	-6.29114538241993E-11	-487.903679018683	487.903679018746
0.451	-174.094810355491	-376.976568077365	551.07137843286
0.452	-331.148007683456	-229.148364102443	560.296371785906
0.453	-455.786130775537	-58.889521678627	514.675652454174
0.454	-535.808731738595	117.133837434502	418.674894304103
0.455	-563.382640840131	281.691320420123	281.691320420019
0.456	-535.808731738558	418.674894304183	117.133837434385
0.457	-455.786130775467	514.675652454222	-58.8895216787462
0.458	-331.148007683372	560.296371785917	-229.148364102538
0.459	-174.094810355377	551.071378432835	-376.976568077454
0.46	5.68860514249536E-11	487.903679018686	-487.903679018743
0.461	174.0948103555	376.976568077358	-551.071378432862
0.462	331.148007683464	229.148364102434	-560.296371785905
0.463	455.786130775534	58.889521678633	-514.675652454176
0.464	535.808731738598	-117.133837434512	-418.674894304096
0.465	563.382640840131	-281.691320420118	-281.691320420025
0.466	535.808731738559	-418.674894304179	-117.133837434391
0.467	455.786130775461	-514.675652454226	58.8895216787561
0.468	331.148007683377	-560.296371785916	229.148364102533
0.469	174.094810355383	-551.071378432836	376.97656807745
0.47	-6.67910171614494E-11	-487.903679018681	487.903679018748
0.471	-174.094810355495	-376.976568077362	551.071378432861
0.472	-331.148007683472	-229.148364102425	560.296371785904
0.473	-455.78613077554	-58.8895216786231	514.675652454172
0.474	-535.808731738595	117.133837434506	418.6748943041
0.475	-563.382640840131	281.691320420126	281.691320420016
0.476	-535.808731738561	418.674894304175	117.133837434397
0.477	-455.786130775465	514.675652454224	-58.8895216787501
0.478	-331.148007683356	560.296371785919	-229.148364102556
0.479	-174.094810355389	551.071378432837	-376.976568077445
0.48	6.0708771343343E-11	487.903679018684	-487.903679018745
0.481	174.094810355504	376.976568077355	-551.071378432863
0.482	331.148007683467	229.148364102431	-560.296371785904
0.483	455.786130775545	58.8895216786133	-514.675652454168
0.484	535.808731738599	-117.133837434516	-418.674894304094
0.485	563.382640840131	-281.691320420121	-281.691320420021
0.486	535.808731738558	-418.674894304182	-117.133837434387
0.487	455.786130775468	-514.675652454221	58.889521678744
0.488	331.148007683361	-560.296371785918	229.148364102551
0.489	174.094810355379	-551.071378432835	376.976568077453
0.49	-5.46833689440973E-11	-487.903679018687	487.903679018742
0.491	-174.094810355498	-376.976568077359	551.071378432861
0.492	-331.148007683462	-229.148364102436	560.296371785905
0.493	-455.786130775542	-58.8895216786193	514.67565245417
0.494	-535.808731738602	117.133837434526	418.674894304087
0.495	-563.382640840131	281.691320420116	281.691320420027
0.496	-535.80873173856	418.674894304178	117.133837434393
0.497	-455.786130775462	514.675652454225	-58.8895216787539
0.498	-331.148007683366	560.296371785917	-229.148364102545
0.499	-174.09481035537	551.071378432833	-376.97656807746
0.5	6.46309672447387E-11	487.903679018682	-487.903679018747
0.501	174.094810355493	376.976568077364	-551.07137843286
0.502	331.148007683457	229.148364102442	-560.296371785905
0.503	455.786130775538	58.8895216786253	-514.675652454173
0.504	535.808731738595	-117.133837434504	-418.674894304102
0.505	563.382640840131	-281.691320420124	-281.691320420018
0.506	535.808731738562	-418.674894304174	-117.133837434399
0.507	455.786130775475	-514.675652454217	58.889521678732
0.508	331.14800768337	-560.296371785917	229.14836410254
0.509	174.094810355391	-551.071378432838	376.976568077444
0.51	-5.85345105719171E-11	-487.903679018685	487.903679018744
0.511	-174.094810355502	-376.976568077357	551.071378432862
0.512	-331.148007683452	-229.148364102447	560.296371785906
0.513	-455.786130775535	-58.8895216786314	514.675652454175
0.514	-535.808731738598	117.133837434514	418.674894304095
0.515	-563.382640840131	281.691320420119	281.691320420023
0.516	-535.808731738559	418.67489430418	117.133837434389
0.517	-455.786130775469	514.675652454221	-58.8895216787418
0.518	-331.148007683375	560.296371785916	-229.148364102534
0.519	-174.094810355381	551.071378432836	-376.976568077451
0.52	5.2480686463241E-11	487.903679018688	-487.903679018741
0.521	174.094810355496	376.976568077361	-551.071378432861
0.522	331.148007683473	229.148364102424	-560.296371785903
0.523	455.786130775531	58.8895216786375	-514.675652454178
0.524	535.808731738596	-117.133837434508	-418.674894304099
0.525	563.382640840131	-281.691320420128	-281.691320420015
0.526	535.808731738561	-418.674894304176	-117.133837434395
0.527	455.786130775464	-514.675652454225	58.8895216787517
0.528	331.148007683367	-560.296371785917	229.148364102543
0.529	174.094810355387	-551.071378432837	376.976568077446
0.53	-6.23714413450216E-11	-487.903679018684	487.903679018745
0.531	-174.09481035549	-376.976568077365	551.07137843286
0.532	-331.148007683468	-229.148364102429	560.296371785904
0.533	-455.786130775546	-58.8895216786116	514.675652454167
0.534	-535.808731738594	117.133837434502	418.674894304104
0.535	-563.382640840131	281.691320420123	281.69132042002
0.536	-535.808731738558	418.674894304183	117.133837434386
0.537	-455.786130775467	514.675652454222	-58.8895216787457
0.538	-331.148007683359	560.296371785918	-229.148364102552
0.539	-174.094810355378	551.071378432835	-376.976568077454
0.54	5.63318280910607E-11	487.903679018686	-487.903679018743
0.541	174.0948103555	376.976568077358	-551.071378432861
0.542	331.148007683463	229.148364102435	-560.296371785905
0.543	455.786130775543	58.8895216786177	-514.67565245417
0.544	535.808731738597	-117.133837434512	-418.674894304097
0.545	563.382640840131	-281.691320420117	-281.691320420025
0.546	535.808731738559	-418.674894304179	-117.133837434392
0.547	455.786130775462	-514.675652454226	58.8895216787556
0.548	331.148007683364	-560.296371785917	229.148364102547
0.549	174.094810355383	-551.071378432836	376.976568077449
0.55	-6.62936372464173E-11	-487.903679018681	487.903679018748
0.551	-174.094810355494	-376.976568077363	551.071378432861
0.552	-331.148007683471	-229.148364102426	560.296371785903
0.553	-455.786130775539	-58.8895216786238	514.675652454173
0.554	-535.8087317386	117.133837434521	418.67489430409
0.555	-563.382640840131	281.691320420126	281.691320420017
0.556	-535.808731738561	418.674894304175	117.133837434398
0.557	-455.786130775465	514.675652454224	-58.8895216787495
0.558	-331.148007683356	560.296371785919	-229.148364102556
0.559	-174.094810355374	551.071378432834	-376.976568077457
0.56	6.01545480094501E-11	487.903679018684	-487.903679018745
0.561	174.094810355504	376.976568077355	-551.071378432862
0.562	331.148007683466	229.148364102431	-560.296371785904
0.563	455.786130775545	58.8895216786138	-514.675652454168
0.564	535.808731738599	-117.133837434515	-418.674894304094
0.565	563.382640840131	-281.691320420135	-281.691320420008
0.566	535.808731738558	-418.674894304181	-117.133837434388
0.567	455.786130775469	-514.675652454221	58.8895216787435
0.568	331.148007683361	-560.296371785918	229.14836410255
0.569	174.09481035538	-551.071378432835	376.976568077452
0.57	-7.01021463100915E-11	-487.903679018679	487.90367901875
0.571	-174.094810355498	-376.97656807736	551.071378432861
0.572	-331.148007683462	-229.148364102437	560.296371785905
0.573	-455.786130775542	-58.8895216786199	514.675652454171
0.574	-535.808731738602	117.133837434525	418.674894304087
0.575	-563.382640840131	281.691320420129	281.691320420013
0.576	-535.80873173856	418.674894304177	117.133837434394
0.577	-455.786130775463	514.675652454225	-58.8895216787533
0.578	-331.148007683366	560.296371785917	-229.148364102545
0.579	-174.09481035537	551.071378432833	-376.97656807746
0.58	6.40483222014154E-11	487.903679018682	-487.903679018747
0.581	174.094810355492	376.976568077364	-551.07137843286
0.582	331.14800768347	229.148364102428	-560.296371785904
0.583	455.786130775538	58.889521678626	-514.675652454173
0.584	535.8087317386	-117.133837434519	-418.674894304092
0.585	563.382640840131	-281.691320420138	-281.691320420005
0.586	535.808731738557	-418.674894304184	-117.133837434384
0.587	455.786130775466	-514.675652454223	58.8895216787473
0.588	331.148007683358	-560.296371785918	229.148364102554
0.589	174.094810355376	-551.071378432835	376.976568077455
0.59	-7.3939077083196E-11	-487.903679018677	487.903679018751
0.591	-174.094810355501	-376.976568077357	551.071378432862
0.592	-331.148007683465	-229.148364102433	560.296371785904
0.593	-455.786130775544	-58.8895216786161	514.675652454169
0.594	-535.808731738598	117.133837434513	418.674894304096
0.595	-563.382640840131	281.691320420133	281.69132042001
0.596	-535.808731738554	418.674894304191	117.133837434374
0.597	-455.78613077546	514.675652454227	-58.8895216787572
0.598	-331.148007683363	560.296371785918	-229.148364102548
0.599	-174.094810355367	551.071378432832	-376.976568077463
0.6	6.78710421198048E-11	487.903679018681	-487.903679018749
0.601	174.094810355511	376.976568077349	-551.071378432865
0.602	331.148007683473	229.148364102424	-560.296371785903
0.603	455.78613077554	58.8895216786221	-514.675652454172
0.604	535.808731738601	-117.133837434523	-418.674894304089
0.605	563.382640840131	-281.691320420127	-281.691320420015
0.606	535.808731738556	-418.674894304186	-117.13383743438
0.607	455.786130775455	-514.675652454231	58.8895216787671
0.608	331.148007683368	-560.296371785917	229.148364102543
0.609	174.094810355372	-551.071378432834	376.976568077458
0.61	-7.78612729845918E-11	-487.903679018676	487.903679018753
0.611	-174.094810355505	-376.976568077354	551.071378432863
0.612	-331.148007683481	-229.148364102415	560.296371785902
0.613	-455.786130775546	-58.8895216786122	514.675652454168
0.614	-535.808731738599	117.133837434517	418.674894304093
0.615	-563.382640840131	281.691320420136	281.691320420006
0.616	-535.808731738558	418.674894304182	117.133837434386
0.617	-455.786130775458	514.675652454229	-58.889521678761
0.618	-331.148007683347	560.29637178592	-229.148364102567
0.619	-174.094810355378	551.071378432835	-376.976568077453
0.62	7.17363946023397E-11	487.903679018678	-487.90367901875
0.621	174.094810355515	376.976568077347	-551.071378432865
0.622	331.148007683476	229.148364102421	-560.296371785903
0.623	455.786130775552	58.8895216786024	-514.675652454163
0.624	535.808731738602	-117.133837434527	-418.674894304086
0.625	563.382640840131	-281.691320420131	-281.691320420011
0.626	535.808731738555	-418.674894304189	-117.133837434376
0.627	455.786130775462	-514.675652454226	58.889521678755
0.628	331.148007683352	-560.29637178592	229.148364102561
0.629	174.094810355353	-551.07137843283	376.976568077473
0.63	-6.56967813483789E-11	-487.903679018682	487.903679018747
0.631	-174.094810355509	-376.976568077351	551.071378432864
0.632	-331.148007683484	-229.148364102412	560.296371785902
0.633	-455.786130775548	-58.8895216786084	514.675652454166
0.634	-535.808731738605	117.133837434536	418.674894304079
0.635	-563.382640840131	281.691320420139	281.691320420003
0.636	-535.808731738557	418.674894304185	117.133837434382
0.637	-455.786130775456	514.67565245423	-58.8895216787649
0.638	-331.148007683357	560.296371785919	-229.148364102555
0.639	-174.094810355359	551.071378432831	-376.976568077468
0.64	7.56870122131659E-11	487.903679018677	-487.903679018752
0.641	174.094810355518	376.976568077344	-551.071378432866
0.642	331.148007683479	229.148364102417	-560.296371785903
0.643	455.786130775545	58.8895216786144	-514.675652454168
0.644	535.808731738603	-117.13383743453	-418.674894304084
0.645	563.382640840131	-281.691320420134	-281.691320420008
0.646	535.808731738554	-418.674894304192	-117.133837434373
0.647	455.786130775459	-514.675652454227	58.8895216787589
0.648	331.148007683362	-560.296371785918	229.14836410255
0.649	174.094810355365	-551.071378432832	376.976568077464
0.65	-6.96189772497746E-11	-487.90367901868	487.903679018749
0.651	-174.094810355512	-376.976568077348	551.071378432865
0.652	-331.148007683474	-229.148364102423	560.296371785903
0.653	-455.786130775541	-58.8895216786204	514.675652454171
0.654	-535.808731738601	117.133837434524	418.674894304088
0.655	-563.382640840131	281.691320420129	281.691320420014
0.656	-535.80873173855	418.674894304198	117.133837434363
0.657	-455.786130775463	514.675652454225	-58.8895216787528
0.658	-331.14800768334	560.296371785921	-229.148364102574
0.659	-174.094810355355	551.07137843283	-376.976568077471
0.66	6.34940988675226E-11	487.903679018683	-487.903679018746
0.661	174.094810355522	376.976568077341	-551.071378432866
0.662	331.148007683482	229.148364102414	-560.296371785902
0.663	455.786130775556	58.8895216785946	-514.67565245416
0.664	535.808731738605	-117.133837434534	-418.674894304081
0.665	563.382640840131	-281.691320420137	-281.691320420005
0.666	535.808731738552	-418.674894304194	-117.133837434369
0.667	455.786130775457	-514.675652454229	58.8895216787627
0.668	331.148007683345	-560.29637178592	229.148364102568
0.669	174.094810355361	-551.071378432831	376.976568077466
0.67	-7.34132754587336E-11	-487.903679018678	487.903679018751
0.671	-174.094810355516	-376.976568077345	551.071378432865
0.672	-331.148007683477	-229.148364102419	560.296371785903
0.673	-455.786130775553	-58.8895216786007	514.675652454163
0.674	-535.808731738603	117.133837434528	418.674894304085
0.675	-563.382640840131	281.691320420132	281.69132042001
0.676	-535.808731738554	418.67489430419	117.133837434375
0.677	-455.786130775461	514.675652454227	-58.8895216787566
0.678	-331.148007683337	560.296371785921	-229.148364102577
0.679	-174.094810355367	551.071378432832	-376.976568077462
0.68	6.73736622047727E-11	487.903679018681	-487.903679018748
0.681	174.094810355526	376.976568077338	-551.071378432868
0.682	331.148007683472	229.148364102425	-560.296371785903
0.683	455.786130775559	58.8895216785908	-514.675652454159
0.684	535.808731738606	-117.133837434538	-418.674894304079
0.685	563.382640840131	-281.691320420155	-281.691320419988
0.686	535.808731738551	-418.674894304197	-117.133837434365
0.687	455.786130775455	-514.675652454231	58.8895216787665
0.688000000000001	331.148007683342	-560.296371785921	229.148364102571
0.689000000000001	174.094810355357	-551.07137843283	376.976568077469
0.690000000000001	-9.33226829147316E-11	-487.903679018668	487.903679018761
0.691000000000001	-174.09481035552	-376.976568077343	551.071378432866
0.692000000000001	-331.14800768348	-229.148364102416	560.296371785902
0.693000000000001	-455.786130775555	-58.8895216785969	514.675652454161
0.694000000000001	-535.808731738604	117.133837434532	418.674894304083
0.695000000000001	-563.382640840131	281.691320420149	281.691320419993
0.696000000000001	-535.808731738553	418.674894304193	117.133837434371
0.697000000000001	-455.786130775459	514.675652454228	-58.8895216787605
0.698000000000001	-331.148007683347	560.29637178592	-229.148364102566
0.699000000000001	-174.094810355363	551.071378432832	-376.976568077465
0.700000000000001	1.03227648651227E-10	487.903679018663	-487.903679018766
0.701000000000001	174.094810355514	376.976568077347	-551.071378432865
0.702000000000001	331.148007683475	229.148364102421	-560.296371785903
0.703000000000001	455.786130775561	58.889521678587	-514.675652454158
0.704000000000001	535.808731738602	-117.133837434526	-418.674894304086
0.705000000000001	563.382640840131	-281.691320420158	-281.691320419984
0.706000000000001	535.80873173855	-418.674894304199	-117.133837434361
0.707000000000001	455.786130775462	-514.675652454226	58.8895216787544
0.708000000000001	331.148007683339	-560.296371785921	229.148364102575
0.709000000000001	174.094810355354	-551.07137843283	376.976568077472
0.710000000000001	-9.71596136878361E-11	-487.903679018666	487.903679018763
0.711000000000001	-174.094810355524	-376.97656807734	551.071378432867
0.712000000000001	-331.148007683483	-229.148364102412	560.296371785902
0.713000000000001	-455.786130775557	-58.889521678593	514.67565245416
0.714000000000001	-535.808731738605	117.133837434536	418.67489430408
0.715000000000001	-563.382640840131	281.691320420153	281.69132041999
0.716000000000001	-535.808731738552	418.674894304195	117.133837434367
0.717000000000001	-455.786130775456	514.67565245423	-58.8895216787643
0.718000000000001	-331.148007683344	560.29637178592	-229.148364102569
0.719000000000001	-174.09481035536	551.071378432831	-376.976568077468
0.720000000000001	9.10915787244448E-11	487.903679018669	-487.90367901876
0.721000000000001	174.094810355518	376.976568077344	-551.071378432865
0.722000000000001	331.148007683492	229.148364102403	-560.296371785901
0.723000000000001	455.786130775554	58.889521678599	-514.675652454162
0.724000000000001	535.808731738603	-117.13383743453	-418.674894304084
0.725000000000001	563.382640840131	-281.691320420148	-281.691320419995
0.726000000000001	535.808731738554	-418.674894304191	-117.133837434373
0.727000000000001	455.786130775441	-514.67565245424	58.8895216787901
0.728000000000001	331.148007683349	-560.29637178592	229.148364102564
0.729000000000001	174.094810355365	-551.071378432832	376.976568077463
0.730000000000001	-1.01053387879801E-10	-487.903679018664	487.903679018765
0.731000000000001	-174.094810355512	-376.976568077349	551.071378432864
0.732000000000001	-331.1480076835	-229.148364102394	560.296371785899
0.733000000000001	-455.78613077556	-58.8895216785891	514.675652454158
0.734000000000001	-535.808731738601	117.133837434524	418.674894304088
0.735000000000001	-563.382640840131	281.691320420156	281.691320419987
0.736000000000001	-535.80873173855	418.674894304198	117.133837434363
0.737000000000001	-455.786130775445	514.675652454238	-58.8895216787841
0.738000000000001	-331.148007683341	560.296371785921	-229.148364102573
0.739000000000001	-174.094810355356	551.07137843283	-376.976568077471
0.740000000000001	9.4900087788119E-11	487.903679018667	-487.903679018762
0.741000000000001	174.094810355521	376.976568077341	-551.071378432866
0.742000000000001	331.148007683495	229.1483641024	-560.2963717859
0.743000000000001	455.786130775556	58.8895216785952	-514.675652454161
0.744000000000001	535.808731738604	-117.133837434534	-418.674894304082
0.745000000000001	563.382640840131	-281.691320420151	-281.691320419991
0.746000000000001	535.808731738552	-418.674894304194	-117.13383743437
0.747000000000001	455.786130775448	-514.675652454235	58.8895216787781
0.748000000000001	331.148007683346	-560.29637178592	229.148364102567
0.749000000000001	174.094810355331	-551.071378432825	376.97656807749
0.750000000000001	-8.88888962435885E-11	-487.90367901867	487.903679018759
0.751000000000001	-174.094810355516	-376.976568077346	551.071378432865
0.752000000000001	-331.148007683503	-229.14836410239	560.296371785899
0.753000000000001	-455.786130775553	-58.8895216786013	514.675652454163
0.754000000000001	-535.808731738612	117.133837434559	418.674894304064
0.755000000000001	-563.382640840131	281.691320420159	281.691320419983
0.756000000000001	-535.808731738554	418.67489430419	117.133837434375
0.757000000000001	-455.786130775442	514.67565245424	-58.8895216787879
0.758000000000001	-331.148007683338	560.296371785921	-229.148364102577
0.759000000000001	-174.094810355337	551.071378432826	-376.976568077485
0.760000000000001	9.88507053989451E-11	487.903679018665	-487.903679018764
0.761000000000001	174.094810355525	376.976568077338	-551.071378432868
0.762000000000001	331.148007683498	229.148364102396	-560.2963717859
0.763000000000001	455.786130775558	58.8895216785913	-514.675652454159
0.764000000000001	535.808731738611	-117.133837434553	-418.674894304068
0.765000000000001	563.382640840131	-281.691320420154	-281.691320419988
0.766000000000001	535.808731738552	-418.674894304197	-117.133837434366
0.767000000000001	455.786130775446	-514.675652454237	58.8895216787819
0.768000000000001	331.148007683343	-560.29637178592	229.148364102571
0.769000000000001	174.094810355343	-551.071378432827	376.976568077481
0.770000000000001	-9.27116161619779E-11	-487.903679018668	487.903679018761
0.771000000000001	-174.094810355519	-376.976568077343	551.071378432866
0.772000000000001	-331.148007683493	-229.148364102402	560.296371785901
0.773000000000001	-455.786130775555	-58.8895216785974	514.675652454162
0.774000000000001	-535.808731738613	117.133837434563	418.674894304062
0.775000000000001	-563.382640840131	281.691320420149	281.691320419994
0.776000000000001	-535.808731738553	418.674894304192	117.133837434372
0.777000000000001	-455.78613077544	514.675652454241	-58.8895216787918
0.778000000000001	-331.148007683347	560.29637178592	-229.148364102565
0.779000000000001	-174.094810355333	551.071378432825	-376.976568077488
0.780000000000001	1.02673425317334E-10	487.903679018663	-487.903679018766
0.781000000000001	174.094810355514	376.976568077348	-551.071378432865
0.782000000000001	331.148007683501	229.148364102392	-560.296371785899
0.783000000000001	455.786130775561	58.8895216785875	-514.675652454158
0.784000000000001	535.808731738612	-117.133837434557	-418.674894304065
0.785000000000001	563.382640840131	-281.691320420157	-281.691320419985
0.786000000000001	535.808731738545	-418.67489430421	-117.133837434346
0.787000000000001	455.786130775444	-514.675652454239	58.8895216787858
0.788000000000001	331.14800768334	-560.296371785921	229.148364102574
0.789000000000001	174.094810355339	-551.071378432827	376.976568077484
0.790000000000001	-9.66480229180888E-11	-487.903679018666	487.903679018763
0.791000000000001	-174.094810355538	-376.976568077328	551.07137843287
0.792000000000001	-331.148007683496	-229.148364102398	560.2963717859
0.793000000000001	-455.786130775557	-58.8895216785936	514.67565245416
0.794000000000001	-535.80873173861	117.133837434551	418.67489430407
0.795000000000001	-563.382640840131	281.691320420152	281.69132041999
0.796000000000001	-535.808731738547	418.674894304206	117.133837434352
0.797000000000001	-455.786130775447	514.675652454236	-58.8895216787797
0.798000000000001	-331.148007683344	560.29637178592	-229.148364102569
0.799000000000001	-174.094810355345	551.071378432828	-376.976568077479
0.800000000000001	9.05799879546976E-11	487.903679018669	-487.90367901876
0.801000000000001	174.094810355548	376.976568077321	-551.071378432872
0.802000000000001	331.148007683491	229.148364102403	-560.296371785901
0.803000000000001	455.786130775554	58.8895216785996	-514.675652454162
0.804000000000001	535.808731738613	-117.133837434561	-418.674894304063
0.805000000000001	563.382640840131	-281.691320420147	-281.691320419996
0.806000000000001	535.808731738544	-418.674894304213	-117.133837434343
0.807000000000001	455.786130775441	-514.67565245424	58.8895216787896
0.808000000000001	331.148007683349	-560.29637178592	229.148364102563
0.809000000000001	174.094810355336	-551.071378432829	376.976568077487
0.810000000000001	-1.00484953691193E-10	-487.903679018672	487.903679018764
0.811000000000001	-174.094810355542	-376.976568077325	551.071378432871
0.812000000000001	-331.148007683499	-229.148364102395	560.296371785899
0.813000000000001	-455.786130775569	-58.8895216785897	514.675652454152
0.814000000000001	-535.808731738611	117.133837434539	418.674894304067
0.815000000000001	-563.382640840131	281.691320420142	281.691320420001
0.816000000000001	-535.808731738546	418.674894304208	117.133837434348
0.817000000000001	-455.786130775445	514.675652454238	-58.8895216787835
0.818000000000001	-331.148007683315	560.296371785924	-229.148364102602
0.819000000000001	-174.094810355326	551.071378432824	-376.976568077494
0.820000000000001	1.1044676284655E-10	487.90367901866	-487.90367901877
0.821000000000001	174.094810355536	376.97656807733	-551.07137843287
0.822000000000001	331.148007683494	229.1483641024	-560.2963717859
0.823000000000001	455.786130775575	58.8895216785639	-514.675652454148
0.824000000000001	535.808731738614	-117.133837434564	-418.674894304061
0.825000000000001	563.382640840131	-281.691320420164	-281.691320419978
0.826000000000001	535.808731738548	-418.674894304204	-117.133837434354
0.827000000000001	455.786130775448	-514.675652454235	58.8895216787775
0.828000000000001	331.14800768332	-560.296371785923	229.148364102596
0.829000000000001	174.094810355332	-551.071378432825	376.97656807749
0.830000000000001	-1.04378727883159E-10	-487.903679018662	487.903679018767
0.831000000000001	-174.09481035553	-376.976568077334	551.071378432868
0.832000000000001	-331.148007683489	-229.148364102406	560.296371785901
0.833000000000001	-455.786130775571	-58.8895216785699	514.67565245415
0.834000000000001	-535.808731738612	117.133837434559	418.674894304064
0.835000000000001	-563.382640840131	281.691320420159	281.691320419984
0.836000000000001	-535.80873173855	418.6748943042	117.13383743436
0.837000000000001	-455.786130775452	514.675652454233	-58.8895216787715
0.838000000000001	-331.148007683325	560.296371785922	-229.148364102591
0.839000000000001	-174.094810355338	551.071378432826	-376.976568077485
0.840000000000001	9.83106929197675E-11	487.903679018665	-487.903679018763
0.841000000000001	174.094810355555	376.976568077315	-551.071378432874
0.842000000000001	331.148007683484	229.148364102411	-560.296371785902
0.843000000000001	455.786130775567	58.8895216785759	-514.675652454153
0.844000000000001	535.80873173861	-117.133837434553	-418.674894304069
0.845000000000001	563.382640840131	-281.691320420154	-281.691320419989
0.846000000000001	535.808731738542	-418.674894304217	-117.133837434335
0.847000000000001	455.786130775437	-514.675652454243	58.8895216787973
0.848000000000001	331.14800768333	-560.296371785922	229.148364102585
0.849000000000001	174.094810355343	-551.071378432827	376.976568077481
0.850000000000001	-1.24202870210866E-10	-487.903679018652	487.903679018777
0.851000000000001	-174.094810355549	-376.976568077319	551.071378432872
0.852000000000001	-331.148007683505	-229.148364102387	560.2963717859
0.853000000000001	-455.786130775564	-58.889521678582	514.675652454155
0.854000000000001	-535.808731738609	117.133837434547	418.674894304073
0.855000000000001	-563.382640840131	281.691320420176	281.691320419966
0.856000000000001	-535.808731738543	418.674894304214	117.133837434341
0.857000000000001	-455.78613077544	514.675652454241	-58.8895216787912
0.858000000000001	-331.148007683335	560.296371785921	-229.14836410258
0.859000000000001	-174.094810355349	551.071378432829	-376.976568077476
0.860000000000001	1.18134835247474E-10	487.903679018655	-487.903679018773
0.861000000000001	174.094810355543	376.976568077324	-551.071378432871
0.862000000000001	331.148007683501	229.148364102393	-560.2963717859
0.863000000000001	455.786130775579	58.8895216785562	-514.675652454145
0.864000000000001	535.808731738606	-117.133837434541	-418.674894304077
0.865000000000001	563.382640840131	-281.691320420171	-281.691320419972
0.866000000000001	535.808731738545	-418.674894304209	-117.133837434347
0.867000000000001	455.786130775444	-514.675652454238	58.8895216787852
0.868000000000001	331.148007683314	-560.296371785924	229.148364102603
0.869000000000001	174.094810355325	-551.071378432823	376.976568077495
0.870000000000001	-1.12095221993513E-10	-487.903679018659	487.903679018771
0.871000000000001	-174.094810355538	-376.976568077329	551.07137843287
0.872000000000001	-331.148007683496	-229.148364102398	560.296371785901
0.873000000000001	-455.786130775576	-58.8895216785622	514.675652454147
0.874000000000001	-535.808731738615	117.133837434566	418.674894304059
0.875000000000001	-563.382640840131	281.691320420166	281.691320419977
0.876000000000001	-535.808731738547	418.674894304205	117.133837434353
0.877000000000001	-455.786130775429	514.675652454249	-58.889521678811
0.878000000000001	-331.148007683319	560.296371785923	-229.148364102598
0.879000000000001	-174.09481035533	551.071378432824	-376.976568077491
0.880000000000001	1.06012976175407E-10	487.903679018661	-487.903679018768
0.881000000000001	174.094810355532	376.976568077333	-551.071378432868
0.882000000000001	331.148007683517	229.148364102375	-560.296371785898
0.883000000000001	455.786130775572	58.8895216785683	-514.675652454149
0.884000000000001	535.808731738613	-117.13383743456	-418.674894304064
0.885000000000001	563.382640840131	-281.691320420188	-281.691320419954
0.886000000000001	535.808731738549	-418.674894304201	-117.133837434359
0.887000000000001	455.786130775432	-514.675652454246	58.889521678805
0.888000000000001	331.148007683324	-560.296371785923	229.148364102592
0.889000000000001	174.094810355336	-551.071378432826	376.976568077486
0.890000000000001	-1.31961996885366E-10	-487.903679018648	487.90367901878
0.891000000000001	-174.094810355557	-376.976568077314	551.071378432874
0.892000000000001	-331.148007683512	-229.14836410238	560.296371785899
0.893000000000001	-455.786130775568	-58.8895216785743	514.675652454152
0.894000000000001	-535.808731738611	117.133837434554	418.674894304067
0.895000000000001	-563.382640840131	281.691320420183	281.69132041996
0.896000000000001	-535.808731738541	418.674894304219	117.133837434333
0.897000000000001	-455.786130775436	514.675652454244	-58.8895216787989
0.898000000000001	-331.148007683329	560.296371785922	-229.148364102587
0.899000000000001	-174.094810355342	551.071378432827	-376.976568077482
0.900000000000001	1.25893961921975E-10	487.903679018652	-487.903679018777
0.901000000000001	174.094810355551	376.976568077319	-551.071378432873
0.902000000000001	331.148007683507	229.148364102386	-560.296371785899
0.903000000000001	455.786130775565	58.8895216785804	-514.675652454155
0.904000000000001	535.808731738609	-117.133837434548	-418.674894304072
0.905000000000001	563.382640840131	-281.691320420178	-281.691320419965
0.906000000000001	535.808731738543	-418.674894304215	-117.133837434339
0.907000000000001	455.786130775439	-514.675652454241	58.8895216787929
0.908000000000001	331.148007683334	-560.296371785922	229.148364102581
0.909000000000001	174.094810355348	-551.071378432829	376.976568077477
0.910000000000001	-1.19825926958583E-10	-487.903679018655	487.903679018775
0.911000000000001	-174.094810355545	-376.976568077323	551.071378432871
0.912000000000001	-331.148007683528	-229.148364102362	560.296371785897
0.913000000000001	-455.786130775561	-58.8895216785863	514.675652454157
0.914000000000001	-535.808731738617	117.133837434574	418.674894304054
0.915000000000001	-563.382640840131	281.691320420172	281.69132041997
0.916000000000001	-535.808731738545	418.67489430421	117.133837434345
0.917000000000001	-455.786130775424	514.675652454252	-58.8895216788187
0.918000000000001	-331.148007683313	560.296371785924	-229.148364102605
0.919000000000001	-174.094810355323	551.071378432823	-376.976568077496
0.920000000000001	1.13686837721616E-10	487.903679018658	-487.903679018771
0.921000000000001	174.094810355539	376.976568077327	-551.07137843287
0.922000000000001	331.148007683523	229.148364102368	-560.296371785897
0.923000000000001	455.786130775577	58.8895216785606	-514.675652454147
0.924000000000001	535.808731738615	-117.133837434568	-418.674894304058
0.925000000000001	563.382640840131	-281.691320420167	-281.691320419975
0.926000000000001	535.808731738547	-418.674894304206	-117.133837434351
0.927000000000001	455.786130775428	-514.67565245425	58.8895216788126
0.928000000000001	331.148007683318	-560.296371785923	229.148364102599
0.929000000000001	174.094810355329	-551.071378432824	376.976568077492
0.930000000000001	-1.07647224467655E-10	-487.90367901866	487.903679018769
0.931000000000001	-174.094810355534	-376.976568077332	551.071378432869
0.932000000000001	-331.148007683518	-229.148364102373	560.296371785898
0.933000000000001	-455.786130775573	-58.8895216785666	514.675652454149
0.934000000000001	-535.808731738623	117.133837434593	418.674894304041
0.935000000000001	-563.382640840131	281.691320420162	281.691320419981
0.936000000000001	-535.808731738548	418.674894304202	117.133837434357
0.937000000000001	-455.786130775431	514.675652454247	-58.8895216788066
0.938000000000001	-331.148007683323	560.296371785923	-229.148364102594
0.939000000000001	-174.094810355304	551.071378432819	-376.976568077511
0.940000000000001	1.33653088596475E-10	487.903679018648	-487.903679018782
0.941000000000001	174.094810355558	376.976568077313	-551.071378432875
0.942000000000001	331.148007683513	229.148364102379	-560.296371785899
0.943000000000001	455.786130775569	58.8895216785726	-514.675652454151
0.944000000000001	535.808731738621	-117.133837434587	-418.674894304045
0.945000000000001	563.382640840131	-281.691320420184	-281.691320419958
0.946000000000001	535.808731738541	-418.67489430422	-117.133837434332
0.947000000000001	455.786130775435	-514.675652454245	58.8895216788006
0.948000000000001	331.148007683328	-560.296371785922	229.148364102588
0.949000000000001	174.09481035531	-551.07137843282	376.976568077507
0.950000000000001	-1.27513999359508E-10	-487.903679018651	487.903679018778
0.951000000000001	-174.094810355552	-376.976568077317	551.071378432873
0.952000000000001	-331.148007683508	-229.148364102384	560.296371785899
0.953000000000001	-455.786130775566	-58.8895216785787	514.675652454154
0.954000000000001	-535.808731738619	117.133837434581	418.674894304049
0.955000000000001	-563.382640840131	281.691320420179	281.691320419963
0.956000000000001	-535.808731738532	418.674894304237	117.133837434306
0.957000000000001	-455.786130775438	514.675652454242	-58.8895216787945
0.958000000000001	-331.148007683332	560.296371785921	-229.148364102583
0.959000000000001	-174.094810355316	551.071378432821	-376.976568077502
0.960000000000001	1.21474386105547E-10	487.903679018654	-487.903679018775
0.961000000000001	174.094810355577	376.976568077298	-551.071378432879
0.962000000000001	331.148007683529	229.148364102361	-560.296371785897
0.963000000000001	455.786130775562	58.8895216785847	-514.675652454157
0.964000000000001	535.808731738617	-117.133837434575	-418.674894304053
0.965000000000001	563.382640840131	-281.691320420174	-281.691320419969
0.966000000000001	535.808731738535	-418.674894304233	-117.133837434312
0.967000000000001	455.786130775423	-514.675652454253	58.8895216788203
0.968000000000001	331.148007683311	-560.296371785924	229.148364102606
0.969000000000001	174.094810355321	-551.071378432823	376.976568077498
0.970000000000001	-1.15406351142155E-10	-487.903679018657	487.903679018772
0.971000000000001	-174.094810355571	-376.976568077302	551.071378432877
0.972000000000001	-331.148007683524	-229.148364102366	560.296371785897
0.973000000000001	-455.786130775577	-58.8895216785589	514.675652454146
0.974000000000001	-535.808731738616	117.133837434569	418.674894304057
0.975000000000001	-563.382640840131	281.691320420168	281.691320419974
0.976000000000001	-535.808731738536	418.674894304229	117.133837434318
0.977000000000001	-455.786130775427	514.67565245425	-58.8895216788143
0.978000000000001	-331.148007683316	560.296371785924	-229.148364102601
0.979000000000001	-174.094810355327	551.071378432824	-376.976568077493
0.980000000000001	1.09324105324049E-10	487.90367901866	-487.903679018769
0.981000000000001	174.094810355566	376.976568077307	-551.071378432876
0.982000000000001	331.148007683519	229.148364102372	-560.296371785898
0.983000000000001	455.786130775593	58.8895216785331	-514.675652454135
0.984000000000001	535.808731738614	-117.133837434563	-418.674894304061
0.985000000000001	563.382640840131	-281.691320420163	-281.691320419979
0.986000000000001	535.808731738538	-418.674894304225	-117.133837434324
0.987000000000001	455.78613077543	-514.675652454248	58.8895216788083
0.988000000000001	331.148007683296	-560.296371785927	229.148364102624
0.989000000000001	174.094810355302	-551.071378432818	376.976568077513
0.990000000000001	-1.03256070360658E-10	-487.903679018663	487.903679018766
0.991000000000001	-174.09481035556	-376.976568077311	551.071378432875
0.992000000000001	-331.148007683514	-229.148364102377	560.296371785898
0.993000000000001	-455.786130775589	-58.8895216785392	514.675652454138
0.994000000000001	-535.808731738622	117.133837434589	418.674894304044
0.995000000000001	-563.382640840131	281.691320420186	281.691320419957
0.996000000000001	-535.80873173854	418.674894304221	117.13383743433
0.997000000000001	-455.786130775434	514.675652454245	-58.8895216788022
0.998000000000001	-331.1480076833	560.296371785926	-229.148364102619
0.999000000000001	-174.094810355308	551.07137843282	-376.976568077508
1	1.29247723634762E-10	487.90367901865	-487.903679018779
1.001	174.094810355524	376.97656807734	-551.071378432867
1.002	331.148007683483	229.148364102412	-560.296371785902
1.003	455.786130775548	58.8895216786089	-514.675652454166
1.004	535.80873173859	-117.133837434489	-418.674894304112
1.005	563.382640840131	-281.691320420097	-281.691320420045
1.006	535.808731738582	-418.674894304131	-117.133837434461
1.007	455.786130775513	-514.675652454191	58.8895216786688
1.008	331.148007683435	-560.296371785909	229.148364102467
1.009	174.094810355497	-551.071378432861	376.976568077361
1.01	6.90221213517361E-11	-487.903679018749	487.90367901868
1.011	-174.094810355335	-376.976568077487	551.071378432825
1.012	-331.148007683323	-229.148364102593	560.296371785923
1.013	-455.786130775432	-58.8895216788061	514.675652454247
1.014	-535.808731738529	117.133837434295	418.674894304245
1.015	-563.382640840131	281.691320419926	281.691320420217
1.016	-535.808731738642	418.674894303998	117.133837434655
1.017	-455.786130775629	514.67565245411	-58.8895216784717
1.018	-331.148007683621	560.296371785884	-229.148364102257
1.019	-174.094810355685	551.071378432902	-376.976568077213
1.02	-2.99280600302154E-10	487.903679018864	-487.903679018565
1.021	174.094810355147	376.976568077634	-551.071378432785
1.022	331.148007683163	229.148364102774	-560.296371785944
1.023	455.786130775296	58.8895216790351	-514.675652454341
1.024	535.808731738468	-117.133837434101	-418.674894304378
1.025	563.382640840131	-281.691320419726	-281.691320420416
1.026	535.808731738704	-418.674894303866	-117.133837434849
1.027	455.786130775746	-514.67565245403	58.8895216782745
1.028	331.148007683781	-560.296371785864	229.148364102076
1.029	174.094810355874	-551.071378432943	376.976568077066
1.03	4.97507812724507E-10	-487.903679018963	487.903679018466
1.031	-174.094810354958	-376.976568077782	551.071378432743
1.032	-331.148007683002	-229.148364102955	560.296371785965
1.033	-455.78613077518	-58.8895216792321	514.675652454421
1.034	-535.808731738407	117.133837433907	418.674894304511
1.035	-563.382640840131	281.691320419582	281.69132042056
1.036	-535.808731738765	418.674894303733	117.133837435043
1.037	-455.786130775862	514.675652453949	-58.8895216780774
1.038	-331.148007683942	560.296371785843	-229.148364101894
1.039	-174.094810356062	551.071378432984	-376.976568076919
1.04	-6.63703758618794E-10	487.903679019046	-487.903679018383
1.041	174.094810354769	376.976568077929	-551.071378432702
1.042	331.148007682842	229.148364103137	-560.296371785985
1.043	455.786130775082	58.8895216793974	-514.675652454489
1.044	535.808731738345	-117.133837433713	-418.674894304643
1.045	563.382640840131	-281.691320419411	-281.691320420732
1.046	535.808731738827	-418.674894303601	-117.133837435237
1.047	455.786130775979	-514.675652453868	58.8895216778802
1.048	331.148007684076	-560.296371785826	229.148364101743
1.049	174.094810356251	-551.071378433026	376.976568076771
1.05	8.61874127622286E-10	-487.903679019145	487.903679018283
1.051	-174.094810354611	-376.976568078052	551.071378432668
1.05199999999999	-331.148007682682	-229.148364103318	560.296371786006
1.05299999999999	-455.786130774966	-58.8895216795946	514.675652454569
1.05399999999999	-535.808731738284	117.133837433519	418.674894304775
1.05499999999999	-563.382640840131	281.691320419239	281.691320420904
1.05599999999999	-535.808731738878	418.674894303489	117.133837435399
1.05699999999999	-455.786130776095	514.675652453788	-58.8895216776831
1.05799999999999	-331.148007684237	560.296371785805	-229.148364101562
1.05899999999999	-174.094810356409	551.071378433061	-376.976568076648
1.05999999999999	-1.06011555089935E-09	487.903679019244	-487.903679018184
1.06099999999999	174.094810354423	376.9765680782	-551.071378432626
1.06199999999999	331.148007682521	229.148364103499	-560.296371786026
1.06299999999999	455.786130774849	58.8895216797917	-514.67565245465
1.06399999999999	535.808731738233	-117.133837433357	-418.674894304887
1.06499999999999	563.382640840131	-281.691320419067	-281.691320421075
1.06599999999999	535.808731738939	-418.674894303357	-117.133837435593
1.06699999999999	455.786130776193	-514.67565245372	58.8895216775178
1.06799999999999	331.148007684397	-560.296371785784	229.148364101381
1.06899999999999	174.094810356597	-551.071378433101	376.976568076501
1.06999999999999	1.25837118503114E-09	-487.903679019343	487.903679018085
1.07099999999999	-174.094810354234	-376.976568078347	551.071378432585
1.07199999999999	-331.148007682387	-229.14836410365	560.296371786044
1.07299999999999	-455.786130774732	-58.8895216799889	514.67565245473
1.07399999999999	-535.808731738171	117.133837433163	418.674894305019
1.07499999999999	-563.382640840131	281.691320418923	281.691320421219
1.07599999999999	-535.808731739	418.674894303224	117.133837435787
1.07699999999999	-455.786130776309	514.675652453639	-58.8895216773207
1.07799999999999	-331.148007684557	560.296371785764	-229.1483641012
1.07899999999999	-174.094810356786	551.071378433143	-376.976568076353
1.07999999999999	-1.45661260830821E-09	487.903679019443	-487.903679017986
1.08099999999999	174.094810354046	376.976568078494	-551.071378432544
1.08199999999999	331.148007682226	229.148364103832	-560.296371786064
1.08299999999999	455.786130774616	58.889521680186	-514.675652454811
1.08399999999999	535.80873173811	-117.133837432969	-418.674894305152
1.08499999999999	563.382640840131	-281.691320418724	-281.691320421418
1.08599999999999	535.808731739062	-418.674894303092	-117.133837435981
1.08699999999999	455.786130776445	-514.675652453546	58.8895216770917
1.08799999999999	331.148007684718	-560.296371785743	229.148364101018
1.08899999999999	174.094810357005	-551.07137843319	376.976568076182
1.08999999999999	1.6547829773117E-09	-487.903679019542	487.903679017887
1.09099999999999	-174.094810353857	-376.976568078642	551.071378432502
1.09199999999999	-331.14800768204	-229.148364104042	560.296371786089
1.09299999999999	-455.7861307745	-58.8895216803831	514.675652454892
1.09399999999999	-535.808731738039	117.133837432744	418.674894305306
1.09499999999999	-563.382640840131	281.691320418552	281.69132042159
1.09599999999999	-535.808731739123	418.674894302959	117.133837436175
1.09699999999999	-455.786130776561	514.675652453465	-58.8895216768946
1.09799999999999	-331.148007684878	560.296371785722	-229.148364100837
1.09899999999999	-174.094810357163	551.071378433225	-376.976568076059
1.09999999999999	-1.85306703315291E-09	487.903679019641	-487.903679017788
1.10099999999999	174.094810353669	376.976568078789	-551.071378432461
1.10199999999999	331.14800768188	229.148364104223	-560.29637178611
1.10299999999999	455.786130774383	58.8895216805803	-514.675652454973
1.10399999999999	535.808731737988	-117.133837432581	-418.674894305417
1.10499999999999	563.382640840131	-281.691320418381	-281.691320421762
1.10599999999999	535.808731739184	-418.674894302826	-117.133837436369
1.10699999999999	455.786130776659	-514.675652453397	58.8895216767293
1.10799999999999	331.148007685038	-560.296371785701	229.148364100656
1.10899999999999	174.094810357351	-551.071378433266	376.976568075911
1.10999999999999	2.05122319130169E-09	-487.90367901974	487.903679017689
1.11099999999999	-174.09481035348	-376.976568078936	551.07137843242
1.11199999999999	-331.148007681745	-229.148364104375	560.296371786127
1.11299999999999	-455.786130774267	-58.8895216807774	514.675652455053
1.11399999999999	-535.808731737926	117.133837432387	418.67489430555
1.11499999999999	-563.382640840131	281.691320418237	281.691320421906
1.11599999999999	-535.808731739245	418.674894302693	117.133837436563
1.11699999999999	-455.786130776775	514.675652453317	-58.8895216765322
1.11799999999999	-331.148007685199	560.296371785681	-229.148364100475
1.11899999999999	-174.09481035754	551.071378433308	-376.976568075764
1.11999999999999	-2.21743334805069E-09	487.903679019823	-487.903679017606
1.12099999999999	174.094810353292	376.976568079084	-551.071378432379
1.12199999999999	331.148007681585	229.148364104556	-560.296371786148
1.12299999999999	455.786130774169	58.8895216809427	-514.675652455121
1.12399999999999	535.808731737865	-117.133837432194	-418.674894305682
1.12499999999999	563.382640840131	-281.691320418065	-281.691320422078
1.12599999999999	535.808731739307	-418.674894302561	-117.133837436757
1.12699999999999	455.786130776892	-514.675652453236	58.889521676335
1.12799999999999	331.148007685333	-560.296371785663	229.148364100323
1.12899999999999	174.094810357728	-551.071378433349	376.976568075617
1.12999999999999	2.41566056047304E-09	-487.903679019922	487.903679017506
1.13099999999999	-174.094810353134	-376.976568079207	551.071378432344
1.13199999999999	-331.148007681425	-229.148364104737	560.296371786168
1.13299999999999	-455.786130774052	-58.8895216811398	514.675652455201
1.13399999999999	-535.808731737804	117.133837432	418.674894305815
1.13499999999999	-563.382640840131	281.691320417893	281.691320422249
1.13599999999999	-535.808731739358	418.67489430245	117.133837436919
1.13699999999999	-455.786130777008	514.675652453156	-58.8895216761379
1.13799999999999	-331.148007685494	560.296371785642	-229.148364100142
1.13899999999999	-174.094810357887	551.071378433383	-376.976568075493
1.13999999999999	-2.61390198375011E-09	487.903679020021	-487.903679017408
1.14099999999999	174.094810352945	376.976568079354	-551.071378432303
1.14199999999999	331.148007681264	229.148364104918	-560.296371786189
1.14299999999998	455.786130773936	58.8895216813369	-514.675652455282
1.14399999999998	535.808731737752	-117.133837431837	-418.674894305926
1.14499999999998	563.382640840131	-281.691320417722	-281.691320422421
1.14599999999998	535.808731739419	-418.674894302317	-117.133837437113
1.14699999999998	455.786130777125	-514.675652453075	58.8895216759408
1.14799999999998	331.148007685654	-560.296371785622	229.148364099961
1.14899999999998	174.094810358106	-551.071378433431	376.976568075322
1.14999999999998	2.8120723527536E-09	-487.90367902012	487.903679017308
1.15099999999998	-174.094810352757	-376.976568079502	551.071378432262
1.15199999999998	-331.148007681104	-229.148364105099	560.29637178621
1.15299999999998	-455.786130773819	-58.8895216815341	514.675652455363
1.15399999999998	-535.808731737681	117.133837431612	418.67489430608
1.15499999999998	-563.382640840131	281.69132041755	281.691320422592
1.15599999999998	-535.80873173949	418.674894302163	117.133837437338
1.15699999999998	-455.786130777241	514.675652452995	-58.8895216757436
1.15799999999998	-331.14800768584	560.296371785598	-229.148364099751
1.15899999999998	-174.094810358294	551.071378433473	-376.976568075175
1.15999999999998	-3.01029956517596E-09	487.903679020219	-487.90367901721
1.16099999999998	174.094810352538	376.976568079673	-551.071378432214
1.16199999999998	331.148007680944	229.14836410528	-560.29637178623
1.16299999999998	455.786130773703	58.8895216817312	-514.675652455443
1.16399999999998	535.80873173762	-117.133837431418	-418.674894306213
1.16499999999998	563.382640840131	-281.691320417378	-281.691320422764
1.16599999999998	535.808731739552	-418.67489430203	-117.133837437532
1.16699999999998	455.786130777358	-514.675652452914	58.8895216755465
1.16799999999998	331.148007685975	-560.29637178558	229.148364099599
1.16899999999998	174.094810358483	-551.071378433514	376.976568075028
1.16999999999998	3.20852677759831E-09	-487.903679020319	487.90367901711
1.17099999999998	-174.09481035238	-376.976568079796	551.07137843218
1.17199999999998	-331.148007680783	-229.148364105461	560.296371786251
1.17299999999998	-455.786130773586	-58.8895216819284	514.675652455524
1.17399999999998	-535.808731737559	117.133837431224	418.674894306346
1.17499999999998	-563.382640840131	281.691320417207	281.691320422936
1.17599999999998	-535.808731739603	418.674894301919	117.133837437695
1.17699999999998	-455.786130777475	514.675652452833	-58.8895216753493
1.17799999999998	-331.148007686135	560.29637178556	-229.148364099418
1.17899999999998	-174.094810358641	551.071378433548	-376.976568074904
1.17999999999998	-3.40673977916595E-09	487.903679020418	-487.903679017011
1.18099999999998	174.094810352191	376.976568079944	-551.071378432139
1.18199999999998	331.148007680623	229.148364105642	-560.296371786272
1.18299999999998	455.78613077347	58.8895216821255	-514.675652455605
1.18399999999998	535.808731737508	-117.133837431061	-418.674894306457
1.18499999999998	563.382640840131	-281.691320417035	-281.691320423107
1.18599999999998	535.808731739664	-418.674894301786	-117.133837437889
1.18699999999998	455.786130777572	-514.675652452766	58.889521675184
1.18799999999998	331.148007686295	-560.296371785539	229.148364099237
1.18899999999998	174.094810358829	-551.07137843359	376.976568074757
1.18999999999998	3.60493856987887E-09	-487.903679020517	487.903679016912
1.19099999999998	-174.094810352003	-376.976568080091	551.071378432097
1.19199999999998	-331.148007680488	-229.148364105794	560.296371786289
1.19299999999998	-455.786130773353	-58.8895216823226	514.675652455685
1.19399999999998	-535.808731737446	117.133837430868	418.67489430659
1.19499999999998	-563.382640840131	281.691320416891	281.691320423251
1.19599999999998	-535.808731739725	418.674894301654	117.133837438083
1.19699999999998	-455.786130777689	514.675652452685	-58.8895216749869
1.19799999999998	-331.148007686456	560.296371785518	-229.148364099056
1.19899999999998	-174.094810359018	551.071378433631	-376.976568074609
1.19999999999998	-3.77116293748259E-09	487.9036790206	-487.903679016829
1.20099999999998	174.094810351814	376.976568080238	-551.071378432056
1.20199999999998	331.148007680328	229.148364105975	-560.29637178631
1.20299999999998	455.786130773255	58.8895216824879	-514.675652455752
1.20399999999998	535.808731737385	-117.133837430674	-418.674894306722
1.20499999999998	563.382640840131	-281.69132041672	-281.691320423423
1.20599999999998	535.808731739787	-418.674894301521	-117.133837438276
1.20699999999998	455.786130777805	-514.675652452604	58.8895216747898
1.20799999999998	331.14800768659	-560.296371785501	229.148364098904
1.20899999999998	174.094810359206	-551.071378433672	376.976568074462
1.20999999999998	3.96937593905022E-09	-487.903679020699	487.90367901673
1.21099999999998	-174.094810351626	-376.976568080386	551.071378432015
1.21199999999998	-331.148007680168	-229.148364106156	560.296371786331
1.21299999999998	-455.786130773139	-58.8895216826851	514.675652455833
1.21399999999998	-535.808731737324	117.13383743048	418.674894306855
1.21499999999998	-563.382640840131	281.691320416548	281.691320423595
1.21599999999998	-535.808731739848	418.674894301389	117.13383743847
1.21699999999998	-455.786130777922	514.675652452524	-58.8895216745926
1.21799999999998	-331.148007686777	560.296371785476	-229.148364098693
1.21899999999998	-174.094810359395	551.071378433713	-376.976568074315
1.21999999999998	-4.19964862885536E-09	487.903679020814	-487.903679016615
1.22099999999998	174.094810351437	376.976568080533	-551.071378431974
1.22199999999998	331.148007680007	229.148364106337	-560.296371786351
1.22299999999998	455.786130773003	58.8895216829141	-514.675652455927
1.22399999999998	535.808731737262	-117.133837430286	-418.674894306988
1.22499999999998	563.382640840131	-281.691320416348	-281.691320423794
1.22599999999998	535.808731739909	-418.674894301256	-117.133837438664
1.22699999999998	455.786130778038	-514.675652452443	58.8895216743955
1.22799999999998	331.148007686937	-560.296371785456	229.148364098513
1.22899999999998	174.094810359583	-551.071378433754	376.976568074168
1.22999999999998	4.39787584127771E-09	-487.903679020913	487.903679016516
1.23099999999998	-174.094810351249	-376.97656808068	551.071378431932
1.23199999999998	-331.148007679847	-229.148364106518	560.296371786372
1.23299999999998	-455.786130772887	-58.8895216831112	514.675652456008
1.23399999999997	-535.808731737201	117.133837430092	418.67489430712
1.23499999999997	-563.382640840131	281.691320416204	281.691320423938
1.23599999999997	-535.808731739971	418.674894301123	117.133837438858
1.23699999999997	-455.786130778155	514.675652452362	-58.8895216741984
1.23799999999997	-331.148007687097	560.296371785435	-229.148364098331
1.23899999999997	-174.094810359772	551.071378433796	-376.97656807402
1.23999999999997	-4.56404336546257E-09	487.903679020996	-487.903679016433
1.24099999999997	174.09481035106	376.976568080828	-551.071378431891
1.24199999999997	331.148007679687	229.1483641067	-560.296371786393
1.24299999999997	455.786130772789	58.8895216832765	-514.675652456075
1.24399999999997	535.80873173714	-117.133837429898	-418.674894307253
1.24499999999997	563.382640840131	-281.691320416033	-281.69132042411
1.24599999999997	535.808731740032	-418.674894300991	-117.133837439052
1.24699999999997	455.786130778271	-514.675652452282	58.8895216740012
1.24799999999997	331.148007687232	-560.296371785418	229.14836409818
1.24899999999997	174.09481035996	-551.071378433837	376.976568073873
1.24999999999997	4.7622563670302E-09	-487.903679021096	487.903679016333
1.25099999999997	-174.094810350902	-376.976568080951	551.071378431857
1.25199999999997	-331.148007679526	-229.148364106881	560.296371786413
1.25299999999997	-455.786130772673	-58.8895216834736	514.675652456156
1.25399999999997	-535.808731737079	117.133837429704	418.674894307385
1.25499999999997	-563.382640840131	281.691320415861	281.691320424281
1.25599999999997	-535.808731740083	418.674894300879	117.133837439215
1.25699999999997	-455.786130778388	514.675652452201	-58.8895216738041
1.25799999999997	-331.148007687392	560.296371785397	-229.148364097999
1.25899999999997	-174.094810360118	551.071378433871	-376.976568073749
1.25999999999997	-4.96049779030727E-09	487.903679021195	-487.903679016234
1.26099999999997	174.094810350713	376.976568081098	-551.071378431815
1.26199999999997	331.148007679366	229.148364107062	-560.296371786434
1.26299999999997	455.786130772556	58.8895216836707	-514.675652456236
1.26399999999997	535.808731737027	-117.133837429542	-418.674894307497
1.26499999999997	563.382640840131	-281.691320415689	-281.691320424453
1.26599999999997	535.808731740144	-418.674894300747	-117.133837439409
1.26699999999997	455.786130778485	-514.675652452133	58.8895216736388
1.26799999999997	331.148007687552	-560.296371785376	229.148364097817
1.26899999999997	174.094810360307	-551.071378433912	376.976568073602
1.26999999999997	5.15875342443906E-09	-487.903679021294	487.903679016135
1.27099999999997	-174.094810350525	-376.976568081246	551.071378431774
1.27199999999997	-331.148007679231	-229.148364107214	560.296371786452
1.27299999999997	-455.78613077244	-58.8895216838679	514.675652456317
1.27399999999997	-535.808731736966	117.133837429348	418.674894307629
1.27499999999997	-563.382640840131	281.691320415546	281.691320424597
1.27599999999997	-535.808731740206	418.674894300614	117.133837439602
1.27699999999997	-455.786130778602	514.675652452053	-58.8895216734417
1.27799999999997	-331.148007687713	560.296371785356	-229.148364097636
1.27899999999997	-174.094810360495	551.071378433954	-376.976568073455
1.27999999999997	-5.35690958258783E-09	487.903679021393	-487.903679016036
1.28099999999997	174.094810350336	376.976568081393	-551.071378431733
1.28199999999997	331.148007679045	229.148364107424	-560.296371786476
1.28299999999997	455.786130772323	58.8895216840651	-514.675652456398
1.28399999999997	535.808731736905	-117.133837429154	-418.674894307762
1.28499999999997	563.382640840131	-281.691320415346	-281.691320424796
1.28599999999997	535.808731740267	-418.674894300482	-117.133837439796
1.28699999999997	455.786130778719	-514.675652451972	58.8895216732445
1.28799999999997	331.148007687873	-560.296371785335	229.148364097455
1.28899999999997	174.094810360714	-551.071378434002	376.976568073284
1.28999999999997	5.5551510058649E-09	-487.903679021492	487.903679015937
1.29099999999997	-174.094810350148	-376.97656808154	551.071378431692
1.29199999999997	-331.148007678911	-229.148364107576	560.296371786493
1.29299999999997	-455.786130772207	-58.8895216842621	514.675652456478
1.29399999999997	-535.808731736833	117.133837428929	418.674894307916
1.29499999999997	-563.382640840131	281.691320415175	281.691320424968
1.29599999999997	-535.808731740328	418.674894300349	117.13383743999
1.29699999999997	-455.786130778835	514.675652451892	-58.8895216730474
1.29799999999997	-331.148007688059	560.296371785311	-229.148364097245
1.29899999999997	-174.094810360903	551.071378434043	-376.976568073136
1.29999999999997	-5.75336400743254E-09	487.903679021591	-487.903679015838
1.30099999999997	174.094810349959	376.976568081687	-551.07137843165
1.30199999999997	331.14800767875	229.148364107757	-560.296371786514
1.30299999999997	455.786130772109	58.8895216844274	-514.675652456546
1.30399999999997	535.808731736772	-117.133837428735	-418.674894308048
1.30499999999997	563.382640840131	-281.691320415003	-281.691320425139
1.30599999999997	535.808731740389	-418.674894300216	-117.133837440184
1.30699999999997	455.786130778952	-514.675652451811	58.8895216728503
1.30799999999997	331.148007688168	-560.296371785297	229.148364097122
1.30899999999997	174.094810361091	-551.071378434084	376.976568072989
1.30999999999997	5.95159121985489E-09	-487.90367902169	487.903679015739
1.31099999999997	-174.094810349771	-376.976568081835	551.07137843161
1.31199999999997	-331.14800767859	-229.148364107938	560.296371786534
1.31299999999997	-455.786130771993	-58.8895216846245	514.675652456626
1.31399999999997	-535.808731736711	117.133837428541	418.674894308181
1.31499999999997	-563.382640840131	281.691320414831	281.691320425311
1.31599999999997	-535.808731740451	418.674894300084	117.133837440378
1.31699999999997	-455.786130779068	514.67565245173	-58.8895216726531
1.31799999999997	-331.148007688328	560.296371785276	-229.148364096941
1.31899999999997	-174.094810361219	551.071378434112	-376.976568072889
1.31999999999997	-6.14981843227724E-09	487.903679021789	-487.90367901564
1.32099999999997	174.094810349582	376.976568081982	-551.071378431568
1.32199999999997	331.14800767843	229.148364108119	-560.296371786555
1.32299999999997	455.786130771876	58.8895216848217	-514.675652456707
1.32399999999996	535.80873173667	-117.13383742841	-418.674894308271
1.32499999999996	563.382640840131	-281.69132041466	-281.691320425483
1.32599999999996	535.808731740512	-418.674894299951	-117.133837440572
1.32699999999996	455.786130779185	-514.67565245165	58.889521672456
1.32799999999996	331.148007688489	-560.296371785255	229.14836409676
1.32899999999996	174.094810361408	-551.071378434153	376.976568072742
1.32999999999996	6.34808827726374E-09	-487.903679021888	487.903679015541
1.33099999999996	-174.094810349394	-376.976568082129	551.071378431527
1.33199999999996	-331.148007678269	-229.1483641083	560.296371786576
1.33299999999996	-455.786130771759	-58.8895216850188	514.675652456788
1.33399999999996	-535.808731736608	117.133837428216	418.674894308403
1.33499999999996	-563.382640840131	281.691320414543	281.691320425599
1.33599999999996	-535.808731740573	418.674894299818	117.133837440766
1.33699999999996	-455.786130779301	514.675652451569	-58.8895216722589
1.33799999999996	-331.148007688649	560.296371785235	-229.148364096579
1.33899999999996	-174.094810361596	551.071378434194	-376.976568072595
1.33999999999996	-6.51421316888445E-09	487.903679021971	-487.903679015457
1.34099999999996	174.094810349205	376.976568082277	-551.071378431486
1.34199999999996	331.148007678109	229.148364108481	-560.296371786597
1.34299999999996	455.786130771643	58.8895216852159	-514.675652456869
1.34399999999996	535.808731736547	-117.133837428022	-418.674894308536
1.34499999999996	563.382640840131	-281.691320414344	-281.691320425799
1.34599999999996	535.808731740634	-418.674894299686	-117.13383744096
1.34699999999996	455.786130779418	-514.675652451489	58.8895216720617
1.34799999999996	331.14800768881	-560.296371785214	229.148364096398
1.34899999999996	174.094810361815	-551.071378434242	376.976568072424
1.34999999999996	6.71246880301624E-09	-487.903679022071	487.903679015358
1.35099999999996	-174.094810349047	-376.9765680824	551.071378431451
1.35199999999996	-331.148007677948	-229.148364108662	560.296371786617
1.35299999999996	-455.786130771527	-58.8895216854131	514.675652456949
1.35399999999996	-535.808731736476	117.133837427797	418.67489430869
1.35499999999996	-563.382640840131	281.691320414172	281.69132042597
1.35599999999996	-535.808731740686	418.674894299574	117.133837441122
1.35699999999996	-455.786130779534	514.675652451408	-58.8895216718646
1.35799999999996	-331.148007688996	560.29637178519	-229.148364096188
1.35899999999996	-174.094810362004	551.071378434283	-376.976568072277
1.35999999999996	-6.91066759372916E-09	487.90367902217	-487.903679015259
1.36099999999996	174.094810348859	376.976568082548	-551.07137843141
1.36199999999996	331.148007677788	229.148364108843	-560.296371786638
1.36299999999996	455.786130771391	58.889521685642	-514.675652457043
1.36399999999996	535.808731736415	-117.133837427603	-418.674894308823
1.36499999999996	563.382640840131	-281.691320414001	-281.691320426142
1.36599999999996	535.808731740747	-418.674894299442	-117.133837441316
1.36699999999996	455.786130779632	-514.67565245134	58.8895216716993
1.36799999999996	331.148007689156	-560.296371785169	229.148364096006
1.36899999999996	174.094810362192	-551.071378434325	376.976568072129
1.36999999999996	7.10892322786094E-09	-487.903679022269	487.90367901516
1.37099999999996	-174.09481034867	-376.976568082695	551.071378431369
1.37199999999996	-331.148007677654	-229.148364108995	560.296371786656
1.37299999999996	-455.786130771275	-58.8895216858392	514.675652457124
1.37399999999996	-535.808731736353	117.133837427409	418.674894308955
1.37499999999996	-563.382640840131	281.691320413829	281.691320426313
1.37599999999996	-535.808731740808	418.674894299309	117.13383744151
1.37699999999996	-455.786130779748	514.67565245126	-58.8895216715022
1.37799999999996	-331.148007689317	560.296371785148	-229.148364095826
1.37899999999996	-174.094810362381	551.071378434366	-376.976568071982
1.37999999999996	-7.30712201857386E-09	487.903679022368	-487.903679015061
1.38099999999996	174.094810348482	376.976568082842	-551.071378431327
1.38199999999996	331.148007677493	229.148364109176	-560.296371786676
1.38299999999996	455.786130771196	58.8895216859727	-514.675652457178
1.38399999999996	535.808731736292	-117.133837427215	-418.674894309088
1.38499999999996	563.382640840131	-281.691320413657	-281.691320426485
1.38599999999996	535.808731740869	-418.674894299177	-117.133837441704
1.38699999999996	455.786130779865	-514.675652451179	58.889521671305
1.38799999999996	331.148007689425	-560.296371785135	229.148364095703
1.38899999999996	174.094810362569	-551.071378434407	376.976568071834
1.38999999999996	7.50534923099622E-09	-487.903679022467	487.903679014962
1.39099999999996	-174.094810348293	-376.97656808299	551.071378431286
1.39199999999996	-331.148007677333	-229.148364109357	560.296371786697
1.39299999999996	-455.786130771079	-58.8895216861698	514.675652457259
1.39399999999996	-535.808731736231	117.133837427021	418.674894309221
1.39499999999996	-563.382640840131	281.691320413486	281.691320426657
1.39599999999996	-535.808731740931	418.674894299044	117.133837441898
1.39699999999996	-455.786130779981	514.675652451098	-58.8895216711079
1.39799999999996	-331.148007689585	560.296371785114	-229.148364095522
1.39899999999996	-174.094810362697	551.071378434435	-376.976568071735
1.39999999999996	-7.70354802170914E-09	487.903679022566	-487.903679014863
1.40099999999996	174.094810348105	376.976568083137	-551.071378431245
1.40199999999996	331.148007677173	229.148364109538	-560.296371786718
1.40299999999996	455.786130770963	58.889521686367	-514.675652457339
1.40399999999996	535.80873173619	-117.13383742689	-418.67489430931
1.40499999999996	563.382640840131	-281.691320413314	-281.691320426829
1.40599999999996	535.808731740992	-418.674894298911	-117.133837442092
1.40699999999996	455.786130780098	-514.675652451018	58.8895216709107
1.40799999999996	331.148007689746	-560.296371785093	229.148364095341
1.40899999999996	174.094810362916	-551.071378434483	376.976568071563
1.40999999999996	7.90177523413149E-09	-487.903679022665	487.903679014764
1.41099999999996	-174.094810347916	-376.976568083284	551.071378431204
1.41199999999996	-331.148007677012	-229.14836410972	560.296371786739
1.41299999999996	-455.786130770846	-58.8895216865641	514.675652457419
1.41399999999996	-535.808731736118	117.133837426665	418.674894309464
1.41499999999995	-563.382640840131	281.69132041317	281.691320426973
1.41599999999995	-535.808731741054	418.674894298779	117.133837442285
1.41699999999995	-455.786130780214	514.675652450937	-58.8895216707136
1.41799999999995	-331.148007689932	560.296371785069	-229.14836409513
1.41899999999995	-174.094810363104	551.071378434524	-376.976568071416
1.41999999999995	-8.06802802344464E-09	487.903679022748	-487.90367901468
1.42099999999995	174.094810347728	376.976568083431	-551.071378431163
1.42199999999995	331.148007676852	229.148364109901	-560.29637178676
1.42299999999995	455.786130770711	58.889521686793	-514.675652457514
1.42399999999995	535.808731736057	-117.133837426471	-418.674894309597
1.42499999999995	563.382640840131	-281.691320412998	-281.691320427144
1.42599999999995	535.808731741115	-418.674894298646	-117.133837442479
1.42699999999995	455.78613078035	-514.675652450844	58.8895216704847
1.42799999999995	331.148007690092	-560.296371785048	229.148364094949
1.42899999999995	174.094810363293	-551.071378434565	376.976568071269
1.42999999999995	8.26624102501228E-09	-487.903679022848	487.903679014581
1.43099999999995	-174.094810347569	-376.976568083555	551.071378431128
1.43199999999995	-331.148007676666	-229.148364110111	560.296371786783
1.43299999999995	-455.786130770595	-58.8895216869902	514.675652457594
1.43399999999995	-535.808731735996	117.133837426277	418.67489430973
1.43499999999995	-563.382640840131	281.691320412827	281.691320427316
1.43599999999995	-535.808731741166	418.674894298535	117.133837442642
1.43699999999995	-455.786130780466	514.675652450763	-58.8895216702875
1.43799999999995	-331.148007690253	560.296371785028	-229.148364094768
1.43899999999995	-174.094810363481	551.071378434607	-376.976568071122
1.43999999999995	-8.46442560487048E-09	487.903679022947	-487.903679014482
1.44099999999995	174.094810347381	376.976568083702	-551.071378431087
1.44199999999995	331.148007676505	229.148364110292	-560.296371786804
1.44299999999995	455.786130770478	58.8895216871874	-514.675652457675
1.44399999999995	535.808731735935	-117.133837426083	-418.674894309863
1.44499999999995	563.382640840131	-281.691320412655	-281.691320427488
1.44599999999995	535.808731741227	-418.674894298402	-117.133837442836
1.44699999999995	455.786130780545	-514.675652450709	58.8895216701541
1.44799999999995	331.148007690413	-560.296371785007	229.148364094587
1.44899999999995	174.09481036367	-551.071378434647	376.976568070974
1.44999999999995	8.66266702814755E-09	-487.903679023046	487.903679014383
1.45099999999995	-174.094810347192	-376.976568083849	551.071378431045
1.45199999999995	-331.148007676397	-229.148364110415	560.296371786818
1.45299999999995	-455.786130770361	-58.8895216873845	514.675652457755
1.45399999999995	-535.808731735873	117.133837425889	418.674894309995
1.45499999999995	-563.382640840131	281.691320412483	281.691320427659
1.45599999999995	-535.808731741288	418.67489429827	117.13383744303
1.45699999999995	-455.786130780661	514.675652450628	-58.8895216699569
1.45799999999995	-331.148007690573	560.296371784986	-229.148364094406
1.45899999999995	-174.094810363858	551.071378434689	-376.976568070827
1.45999999999995	-8.86088002971519E-09	487.903679023145	-487.903679014284
1.46099999999995	174.094810347004	376.976568083997	-551.071378431004
1.46199999999995	331.148007676236	229.148364110596	-560.296371786839
1.46299999999995	455.786130770283	58.8895216875179	-514.67565245781
1.46399999999995	535.808731735812	-117.133837425695	-418.674894310128
1.46499999999995	563.382640840131	-281.691320412312	-281.691320427831
1.46599999999995	535.80873174135	-418.674894298137	-117.133837443224
1.46699999999995	455.786130780778	-514.675652450547	58.8895216697598
1.46799999999995	331.148007690682	-560.296371784972	229.148364094284
1.46899999999995	174.094810364047	-551.07137843473	376.97656807068
1.46999999999995	9.05907882042811E-09	-487.903679023244	487.903679014184
1.47099999999995	-174.094810346815	-376.976568084144	551.071378430963
1.47199999999995	-331.148007676076	-229.148364110777	560.296371786859
1.47299999999995	-455.786130770166	-58.889521687715	514.67565245789
1.47399999999995	-535.808731735751	117.133837425501	418.674894310261
1.47499999999995	-563.382640840131	281.69132041214	281.691320428002
1.47599999999995	-535.808731741411	418.674894298004	117.133837443417
1.47699999999995	-455.786130780895	514.675652450466	-58.8895216695627
1.47799999999995	-331.148007690868	560.296371784948	-229.148364094073
1.47899999999995	-174.094810364205	551.071378434765	-376.976568070556
1.47999999999995	-9.25729182199575E-09	487.903679023343	-487.903679014086
1.48099999999995	174.094810346627	376.976568084291	-551.071378430922
1.48199999999995	331.148007675915	229.148364110958	-560.29637178688
1.48299999999995	455.786130770031	58.889521687944	-514.675652457984
1.48399999999995	535.8087317357	-117.133837425339	-418.674894310372
1.48499999999995	563.382640840131	-281.691320411968	-281.691320428174
1.48599999999995	535.808731741472	-418.674894297872	-117.133837443611
1.48699999999995	455.78613078103	-514.675652450373	58.8895216693337
1.48799999999995	331.148007691029	-560.296371784927	229.148364093892
1.48899999999995	174.094810364394	-551.071378434806	376.976568070409
1.48999999999995	9.45556166698225E-09	-487.903679023442	487.903679013987
1.49099999999995	-174.094810346438	-376.976568084439	551.071378430881
1.49199999999995	-331.148007675729	-229.148364111168	560.296371786904
1.49299999999995	-455.786130769914	-58.8895216881412	514.675652458065
1.49399999999995	-535.808731735638	117.133837425145	418.674894310505
1.49499999999995	-563.382640840131	281.691320411824	281.691320428318
1.49599999999995	-535.808731741543	418.674894297718	117.133837443837
1.49699999999995	-455.786130781146	514.675652450292	-58.8895216691365
1.49799999999995	-331.148007691189	560.296371784907	-229.148364093711
1.49899999999995	-174.094810364582	551.071378434847	-376.976568070262
1.49999999999995	-9.62170076945768E-09	487.903679023525	-487.903679013904
1.50099999999995	174.094810346219	376.97656808461	-551.071378430833
1.50199999999995	331.148007675569	229.148364111349	-560.296371786925
1.50299999999995	455.786130769798	58.8895216883383	-514.675652458145
1.50399999999995	535.808731735577	-117.133837424951	-418.674894310637
1.50499999999995	563.382640840131	-281.691320411653	-281.69132042849
1.50599999999994	535.808731741605	-418.674894297585	-117.133837444031
1.50699999999994	455.786130781263	-514.675652450212	58.8895216689394
1.50799999999994	331.148007691349	-560.296371784886	229.14836409353
1.50899999999994	174.09481036477	-551.071378434888	376.976568070114
1.50999999999994	9.81995640358946E-09	-487.903679023624	487.903679013804
1.51099999999994	-174.094810346092	-376.97656808471	551.071378430805
1.51199999999994	-331.148007675409	-229.14836411153	560.296371786946
1.51299999999994	-455.786130769681	-58.8895216885354	514.675652458226
1.51399999999994	-535.808731735516	117.133837424757	418.67489431077
1.51499999999994	-563.382640840131	281.691320411481	281.691320428661
1.51599999999994	-535.808731741646	418.674894297495	117.133837444162
1.51699999999994	-455.786130781379	514.675652450131	-58.8895216687423
1.51799999999994	-331.14800769151	560.296371784865	-229.148364093349
1.51899999999994	-174.094810364959	551.071378434929	-376.976568069967
1.51999999999994	-1.00181694051571E-08	487.903679023723	-487.903679013706
1.52099999999994	174.094810345903	376.976568084857	-551.071378430763
1.52199999999994	331.148007675248	229.148364111711	-560.296371786967
1.52299999999994	455.786130769565	58.8895216887325	-514.675652458306
1.52399999999994	535.808731735454	-117.133837424563	-418.674894310902
1.52499999999994	563.382640840131	-281.691320411309	-281.691320428833
1.52599999999994	535.808731741707	-418.674894297363	-117.133837444356
1.52699999999994	455.786130781459	-514.675652450076	58.8895216686089
1.52799999999994	331.14800769167	-560.296371784844	229.148364093168
1.52899999999994	174.094810365148	-551.071378434971	376.97656806982
1.52999999999994	1.02163824067247E-08	-487.903679023822	487.903679013607
1.53099999999994	-174.094810345715	-376.976568085004	551.071378430722
1.53199999999994	-331.14800767514	-229.148364111834	560.29637178698
1.53299999999994	-455.786130769448	-58.8895216889296	514.675652458388
1.53399999999994	-535.808731735393	117.133837424369	418.674894311035
1.53499999999994	-563.382640840131	281.691320411138	281.691320429005
1.53599999999994	-535.808731741769	418.67489429723	117.133837444549
1.53699999999994	-455.786130781575	514.675652449996	-58.8895216684117
1.53799999999994	-331.14800769183	560.296371784824	-229.148364092987
1.53899999999994	-174.094810365336	551.071378435012	-376.976568069672
1.53999999999994	-1.04146238300018E-08	487.903679023922	-487.903679013507
1.54099999999994	174.094810345526	376.976568085152	-551.071378430682
1.54199999999994	331.148007674979	229.148364112015	-560.296371787001
1.54299999999994	455.786130769351	58.8895216890951	-514.675652458455
1.54399999999994	535.808731735332	-117.133837424175	-418.674894311167
1.54499999999994	563.382640840131	-281.691320410966	-281.691320429176
1.54599999999994	535.80873174183	-418.674894297097	-117.133837444743
1.54699999999994	455.78613078171	-514.675652449902	58.8895216681827
1.54799999999994	331.148007691965	-560.296371784806	229.148364092835
1.54899999999994	174.094810365524	-551.071378435053	376.976568069525
1.54999999999994	1.06128368315694E-08	-487.903679024021	487.903679013408
1.55099999999994	-174.094810345338	-376.976568085299	551.07137843064
1.55199999999994	-331.148007674793	-229.148364112225	560.296371787025
1.55299999999994	-455.786130769234	-58.8895216892921	514.675652458535
1.55399999999994	-535.808731735271	117.133837423982	418.6748943113
1.55499999999994	-563.382640840131	281.691320410794	281.691320429348
1.55599999999994	-535.808731741901	418.674894296943	117.133837444969
1.55699999999994	-455.786130781827	514.675652449821	-58.8895216679856
1.55799999999994	-331.148007692125	560.296371784786	-229.148364092654
1.55899999999994	-174.094810365683	551.071378435088	-376.976568069401
1.55999999999994	-1.08110782548465E-08	487.90367902412	-487.903679013309
1.56099999999994	174.094810345119	376.97656808547	-551.071378430592
1.56199999999994	331.148007674633	229.148364112406	-560.296371787046
1.56299999999994	455.786130769117	58.8895216894893	-514.675652458616
1.56399999999994	535.808731735219	-117.133837423819	-418.674894311411
1.56499999999994	563.382640840131	-281.691320410595	-281.691320429548
1.56599999999994	535.808731741962	-418.674894296811	-117.133837445163
1.56699999999994	455.786130781943	-514.675652449741	58.8895216677885
1.56799999999994	331.148007692285	-560.296371784765	229.148364092473
1.56899999999994	174.094810365871	-551.071378435129	376.976568069254
1.56999999999994	1.10413367337969E-08	-487.903679024235	487.903679013194
1.57099999999994	-174.09481034493	-376.976568085617	551.071378430551
1.57199999999994	-331.148007674472	-229.148364112588	560.296371787067
1.57299999999994	-455.786130769001	-58.8895216896864	514.675652458697
1.57399999999994	-535.808731735158	117.133837423625	418.674894311543
1.57499999999994	-563.382640840131	281.691320410479	281.691320429663
1.57599999999994	-535.808731742023	418.674894296678	117.133837445356
1.57699999999994	-455.78613078206	514.67565244966	-58.8895216675913
1.57799999999994	-331.148007692446	560.296371784744	-229.148364092292
1.57899999999994	-174.09481036606	551.07137843517	-376.976568069107
1.57999999999994	-1.11754872023084E-08	487.903679024302	-487.903679013127
1.58099999999994	174.094810344742	376.976568085764	-551.07137843051
1.58199999999994	331.148007674312	229.148364112769	-560.296371787088
1.58299999999994	455.786130768884	58.8895216898834	-514.675652458777
1.58399999999994	535.808731735097	-117.133837423431	-418.674894311676
1.58499999999994	563.382640840131	-281.691320410307	-281.691320429835
1.58599999999994	535.808731742085	-418.674894296545	-117.13383744555
1.58699999999994	455.786130782176	-514.67565244958	58.8895216673942
1.58799999999994	331.148007692606	-560.296371784724	229.14836409211
1.58899999999994	174.094810366248	-551.071378435211	376.97656806896
1.58999999999994	1.13736575713119E-08	-487.903679024401	487.903679013028
1.59099999999994	-174.094810344614	-376.976568085864	551.071378430481
1.59199999999994	-331.148007674152	-229.14836411295	560.296371787108
1.59299999999994	-455.786130768768	-58.8895216900807	514.675652458858
1.59399999999994	-535.808731735036	117.133837423237	418.674894311809
1.59499999999994	-563.382640840131	281.691320410135	281.691320430007
1.59599999999994	-535.808731742126	418.674894296455	117.133837445681
1.59699999999993	-455.786130782293	514.675652449499	-58.889521667197
1.59799999999993	-331.148007692767	560.296371784703	-229.148364091929
1.59899999999993	-174.094810366437	551.071378435253	-376.976568068812
1.59999999999993	-1.1571898994589E-08	487.9036790245	-487.903679012928
1.60099999999993	174.094810344426	376.976568086012	-551.071378430441
1.60199999999993	331.148007673991	229.148364113131	-560.296371787128
1.60299999999993	455.786130768651	58.8895216902778	-514.675652458939
1.60399999999993	535.808731734974	-117.133837423043	-418.674894311941
1.60499999999993	563.382640840131	-281.691320409964	-281.691320430179
1.60599999999993	535.808731742188	-418.674894296323	-117.133837445875
1.60699999999993	455.78613078239	-514.675652449431	58.8895216670318
1.60799999999993	331.148007692927	-560.296371784682	229.148364091748
1.60899999999993	174.094810366625	-551.071378435294	376.976568068665
1.60999999999993	1.17701546287208E-08	-487.903679024599	487.903679012829
1.61099999999993	-174.094810344237	-376.976568086159	551.071378430399
1.61199999999993	-331.148007673857	-229.148364113283	560.296371787146
1.61299999999993	-455.786130768535	-58.8895216904749	514.675652459019
1.61399999999993	-535.808731734913	117.13383742285	418.674894312074
1.61499999999993	-563.382640840131	281.691320409792	281.69132043035
1.61599999999993	-535.808731742258	418.674894296169	117.133837446101
1.61699999999993	-455.786130782507	514.675652449351	-58.8895216668346
1.61799999999993	-331.148007693087	560.296371784662	-229.148364091567
1.61899999999993	-174.094810366814	551.071378435335	-376.976568068518
1.61999999999993	-1.19683960519978E-08	487.903679024699	-487.90367901273
1.62099999999993	174.094810344018	376.97656808633	-551.071378430352
1.62199999999993	331.148007673696	229.148364113464	-560.296371787167
1.62299999999993	455.786130768437	58.8895216906403	-514.675652459087
1.62399999999993	535.808731734852	-117.133837422656	-418.674894312207
1.62499999999993	563.382640840131	-281.691320409565	-281.69132043055
1.62599999999993	535.80873174232	-418.674894296015	-117.133837446295
1.62699999999993	455.786130782624	-514.675652449257	58.8895216666375
1.62799999999993	331.148007693222	-560.296371784641	229.148364091415
1.62899999999993	174.094810367002	-551.071378435376	376.976568068371
1.62999999999993	1.219856926582E-08	-487.90367902483	487.903679012615
1.63099999999993	-174.09481034383	-376.976568086501	551.071378430311
1.63199999999993	-331.148007673536	-229.148364113674	560.296371787188
1.63299999999993	-455.786130768321	-58.8895216908692	514.675652459168
1.63399999999993	-535.808731734781	117.133837422399	418.674894312361
1.63499999999993	-563.382640840131	281.691320409393	281.691320430721
1.63599999999993	-535.808731742381	418.674894295882	117.133837446488
1.63699999999993	-455.78613078274	514.675652449176	-58.8895216664722
1.63799999999993	-331.148007693382	560.29637178462	-229.148364091264
1.63899999999993	-174.09481036716	551.071378435418	-376.976568068271
1.63999999999993	-1.2396810689097E-08	487.903679024929	-487.903679012532
1.64099999999993	174.094810343641	376.976568086648	-551.071378430276
1.64199999999993	331.148007673376	229.148364113855	-560.296371787205
1.64299999999993	455.786130768204	58.8895216910664	-514.675652459235
1.64399999999993	535.808731734739	-117.133837422268	-418.67489431243
1.64499999999993	563.382640840131	-281.691320409222	-281.691320430865
1.64599999999993	535.808731742442	-418.67489429575	-117.133837446651
1.64699999999993	455.786130782857	-514.675652449096	58.8895216662751
1.64799999999993	331.148007693543	-560.296371784599	229.148364091082
1.64899999999993	174.094810367349	-551.071378435459	376.976568068123
1.64999999999993	1.25950947449383E-08	-487.903679025028	487.903679012433
1.65099999999993	-174.094810343452	-376.976568086796	551.071378430234
1.65199999999993	-331.148007673215	-229.148364114036	560.296371787226
1.65299999999993	-455.786130768088	-58.8895216912634	514.675652459316
1.65399999999993	-535.808731734678	117.133837422074	418.674894312562
1.65499999999993	-563.382640840131	281.691320409106	281.691320430982
1.65599999999993	-535.808731742503	418.674894295617	117.133837446845
1.65699999999993	-455.786130782973	514.675652449015	-58.8895216660779
1.65799999999993	-331.148007693703	560.296371784579	-229.148364090901
1.65899999999993	-174.094810367537	551.0713784355	-376.976568067976
1.65999999999993	-1.27291883700309E-08	487.903679025095	-487.903679012366
1.66099999999993	174.094810343264	376.976568086943	-551.071378430193
1.66199999999993	331.148007673055	229.148364114217	-560.296371787247
1.66299999999993	455.786130767971	58.8895216914607	-514.675652459396
1.66399999999993	535.808731734616	-117.13383742188	-418.674894312695
1.66499999999993	563.382640840131	-281.691320408934	-281.691320431153
1.66599999999993	535.808731742565	-418.674894295484	-117.133837447039
1.66699999999993	455.786130783089	-514.675652448935	58.8895216658808
1.66799999999993	331.148007693863	-560.296371784558	229.14836409072
1.66899999999993	174.094810367726	-551.071378435541	376.976568067829
1.66999999999993	1.29274013715985E-08	-487.903679025194	487.903679012267
1.67099999999993	-174.094810343136	-376.976568087043	551.071378430166
1.67199999999993	-331.148007672895	-229.148364114398	560.296371787267
1.67299999999993	-455.786130767855	-58.8895216916577	514.675652459477
1.67399999999993	-535.808731734555	117.133837421686	418.674894312827
1.67499999999993	-563.382640840131	281.691320408762	281.691320431325
1.67599999999993	-535.808731742606	418.674894295394	117.13383744717
1.67699999999993	-455.786130783206	514.675652448854	-58.8895216656836
1.67799999999993	-331.148007694024	560.296371784537	-229.148364090539
1.67899999999993	-174.094810367914	551.071378435582	-376.976568067682
1.67999999999993	-1.3125671216585E-08	487.903679025293	-487.903679012168
1.68099999999993	174.094810342948	376.97656808719	-551.071378430124
1.68199999999993	331.148007672734	229.14836411458	-560.296371787288
1.68299999999993	455.786130767738	58.8895216918549	-514.675652459558
1.68399999999993	535.808731734494	-117.133837421492	-418.67489431296
1.68499999999993	563.382640840131	-281.691320408591	-281.691320431496
1.68599999999993	535.808731742668	-418.674894295262	-117.133837447364
1.68699999999993	455.786130783285	-514.675652448799	58.8895216655502
1.68799999999992	331.148007694184	-560.296371784517	229.148364090358
1.68899999999992	174.094810368103	-551.071378435624	376.976568067534
1.68999999999992	1.33239126398621E-08	-487.903679025393	487.903679012068
1.69099999999992	-174.094810342759	-376.976568087337	551.071378430083
1.69199999999992	-331.148007672625	-229.148364114702	560.296371787302
1.69299999999992	-455.786130767622	-58.889521692052	514.675652459638
1.69399999999992	-535.808731734433	117.133837421298	418.674894313093
1.69499999999992	-563.382640840131	281.691320408419	281.691320431668
1.69599999999992	-535.808731742729	418.674894295129	117.133837447558
1.69699999999992	-455.786130783401	514.675652448719	-58.8895216653531
1.69799999999992	-331.148007694344	560.296371784496	-229.148364090177
1.69899999999992	-174.094810368291	551.071378435665	-376.976568067387
1.69999999999992	-1.35221256414297E-08	487.903679025492	-487.90367901197
1.70099999999992	174.094810342571	376.976568087485	-551.071378430042
1.70199999999992	331.148007672465	229.148364114883	-560.296371787323
1.70299999999992	455.786130767543	58.8895216921854	-514.675652459693
1.70399999999992	535.808731734372	-117.133837421105	-418.674894313225
1.70499999999992	563.382640840131	-281.691320408247	-281.69132043184
1.70599999999992	535.80873174279	-418.674894294997	-117.133837447752
1.70699999999992	455.786130783518	-514.675652448638	58.8895216651559
1.70799999999992	331.148007694505	-560.296371784475	229.148364089996
1.70899999999992	174.09481036848	-551.071378435706	376.97656806724
1.70999999999992	1.37203528538521E-08	-487.903679025591	487.90367901187
1.71099999999992	-174.094810342382	-376.976568087632	551.071378430001
1.71199999999992	-331.148007672305	-229.148364115064	560.296371787343
1.71299999999992	-455.786130767388	-58.8895216924463	514.675652459799
1.71399999999992	-535.80873173431	117.133837420911	418.674894313358
1.71499999999992	-563.382640840131	281.691320408076	281.691320432011
1.71599999999992	-535.808731742852	418.674894294864	117.133837447946
1.71699999999992	-455.786130783672	514.675652448532	-58.8895216648951
1.71799999999992	-331.148007694665	560.296371784454	-229.148364089815
1.71899999999992	-174.094810368668	551.071378435747	-376.976568067092
1.71999999999992	-1.39184948011462E-08	487.90367902569	-487.903679011771
1.72099999999992	174.094810342194	376.976568087779	-551.07137842996
1.72199999999992	331.148007672093	229.148364115304	-560.296371787371
1.72299999999992	455.786130767272	58.8895216926434	-514.67565245988
1.72399999999992	535.808731734249	-117.133837420717	-418.674894313491
1.72499999999992	563.382640840131	-281.691320407904	-281.691320432183
1.72599999999992	535.808731742932	-418.674894294688	-117.133837448202
1.72699999999992	455.786130783789	-514.675652448451	58.889521664698
1.72799999999992	331.148007694826	-560.296371784433	229.148364089634
1.72899999999992	174.094810368857	-551.071378435789	376.976568066945
1.72999999999992	1.41167220135685E-08	-487.903679025789	487.903679011672
1.73099999999992	-174.094810341944	-376.976568087974	551.071378429905
1.73199999999992	-331.148007671932	-229.148364115485	560.296371787392
1.73299999999992	-455.786130767156	-58.8895216928406	514.675652459961
1.73399999999992	-535.808731734188	117.133837420523	418.674894313623
1.73499999999992	-563.382640840131	281.691320407732	281.691320432355
1.73599999999992	-535.808731742994	418.674894294556	117.133837448396
1.73699999999992	-455.786130783905	514.67565244837	-58.8895216645008
1.73799999999992	-331.148007694986	560.296371784413	-229.148364089453
1.73899999999992	-174.094810369045	551.071378435829	-376.976568066798
1.73999999999992	-1.4314991858555E-08	487.903679025888	-487.903679011573
1.74099999999992	174.094810341756	376.976568088121	-551.071378429863
1.74199999999992	331.148007671772	229.148364115666	-560.296371787412
1.74299999999992	455.786130767039	58.8895216930377	-514.675652460041
1.74399999999992	535.808731734127	-117.133837420329	-418.674894313756
1.74499999999992	563.382640840131	-281.691320407561	-281.691320432527
1.74599999999992	535.808731743055	-418.674894294423	-117.13383744859
1.74699999999992	455.786130784022	-514.67565244829	58.8895216643037
1.74799999999992	331.148007695146	-560.296371784392	229.148364089272
1.74899999999992	174.094810369234	-551.071378435871	376.976568066651
1.74999999999992	1.45132190709774E-08	-487.903679025987	487.903679011473
1.75099999999992	-174.094810341628	-376.976568088221	551.071378429836
1.75199999999992	-331.148007671612	-229.148364115847	560.296371787432
1.75299999999992	-455.786130766923	-58.8895216932348	514.675652460122
1.75399999999992	-535.808731734065	117.133837420135	418.674894313889
1.75499999999992	-563.382640840131	281.691320407389	281.691320432698
1.75599999999992	-535.808731743096	418.674894294333	117.133837448721
1.75699999999992	-455.786130784138	514.675652448209	-58.8895216641066
1.75799999999992	-331.148007695307	560.296371784371	-229.14836408909
1.75899999999992	-174.094810369422	551.071378435912	-376.976568066503
1.75999999999992	-1.47114604942544E-08	487.903679026086	-487.903679011375
1.76099999999992	174.09481034144	376.976568088369	-551.071378429794
1.76199999999992	331.148007671451	229.148364116028	-560.296371787454
1.76299999999992	455.786130766806	58.889521693432	-514.675652460203
1.76399999999992	535.808731734004	-117.133837419941	-418.674894314021
1.76499999999992	563.382640840131	-281.691320407217	-281.69132043287
1.76599999999992	535.808731743158	-418.674894294201	-117.133837448915
1.76699999999992	455.786130784217	-514.675652448154	58.8895216639732
1.76799999999992	331.148007695467	-560.296371784351	229.14836408891
1.76899999999992	174.094810369611	-551.071378435953	376.976568066356
1.76999999999992	1.49096734958221E-08	-487.903679026185	487.903679011276
1.77099999999992	-174.094810341251	-376.976568088516	551.071378429753
1.77199999999992	-331.148007671343	-229.148364116151	560.296371787467
1.77299999999992	-455.78613076669	-58.8895216936292	514.675652460283
1.77399999999992	-535.808731733943	117.133837419747	418.674894314154
1.77499999999992	-563.382640840131	281.691320407046	281.691320433041
1.77599999999992	-535.808731743219	418.674894294068	117.133837449109
1.77699999999992	-455.786130784334	514.675652448074	-58.889521663776
1.77799999999991	-331.148007695627	560.29637178433	-229.148364088728
1.77899999999991	-174.094810369799	551.071378435994	-376.976568066208
1.77999999999991	-1.51078438648256E-08	487.903679026284	-487.903679011177
1.78099999999991	174.094810341063	376.976568088663	-551.071378429712
1.78199999999991	331.148007671182	229.148364116332	-560.296371787489
1.78299999999991	455.786130766611	58.8895216937625	-514.675652460338
1.78399999999991	535.808731733882	-117.133837419553	-418.674894314286
1.78499999999991	563.382640840131	-281.691320406874	-281.691320433213
1.78599999999991	535.80873174328	-418.674894293936	-117.133837449303
1.78699999999991	455.78613078445	-514.675652447993	58.8895216635789
1.78799999999991	331.148007695736	-560.296371784316	229.148364088606
1.78899999999991	174.094810369988	-551.071378436036	376.976568066061
1.78999999999991	1.53060568663932E-08	-487.903679026384	487.903679011077
1.79099999999991	-174.094810340874	-376.97656808881	551.071378429671
1.79199999999991	-331.148007671022	-229.148364116513	560.296371787509
1.79299999999991	-455.786130766494	-58.8895216939596	514.675652460418
1.79399999999991	-535.80873173382	117.13383741936	418.674894314419
1.79499999999991	-563.382640840131	281.691320406702	281.691320433385
1.79599999999991	-535.808731743341	418.674894293803	117.133837449497
1.79699999999991	-455.786130784567	514.675652447913	-58.8895216633817
1.79799999999991	-331.148007695896	560.296371784295	-229.148364088425
1.79899999999991	-174.094810370116	551.071378436064	-376.976568065961
1.79999999999991	-1.55042840788155E-08	487.903679026483	-487.903679010978
1.80099999999991	174.094810340686	376.976568088958	-551.07137842963
1.80199999999991	331.148007670862	229.148364116694	-560.29637178753
1.80299999999991	455.786130766378	58.8895216941568	-514.675652460499
1.80399999999991	535.808731733779	-117.133837419228	-418.674894314509
1.80499999999991	563.382640840131	-281.691320406531	-281.691320433556
1.80599999999991	535.808731743403	-418.67489429367	-117.133837449691
1.80699999999991	455.786130784683	-514.675652447832	58.8895216631846
1.80799999999991	331.148007696057	-560.296371784275	229.148364088244
1.80899999999991	174.094810370304	-551.071378436105	376.976568065814
1.80999999999991	1.57025255020926E-08	-487.903679026582	487.903679010879
1.81099999999991	-174.094810340497	-376.976568089105	551.071378429589
1.81199999999991	-331.148007670701	-229.148364116875	560.296371787551
1.81299999999991	-455.786130766261	-58.8895216943539	514.675652460579
1.81399999999991	-535.808731733718	117.133837419034	418.674894314641
1.81499999999991	-563.382640840131	281.691320406414	281.691320433673
1.81599999999991	-535.808731743464	418.674894293537	117.133837449884
1.81699999999991	-455.7861307848	514.675652447751	-58.8895216629875
1.81799999999991	-331.148007696217	560.296371784254	-229.148364088063
1.81899999999991	-174.094810370493	551.071378436146	-376.976568065667
1.81999999999991	-1.5836732814023E-08	487.903679026649	-487.903679010812
1.82099999999991	174.094810340309	376.976568089252	-551.071378429547
1.82199999999991	331.148007670541	229.148364117056	-560.296371787572
1.82299999999991	455.786130766145	58.8895216945512	-514.67565246066
1.82399999999991	535.808731733656	-117.13383741884	-418.674894314774
1.82499999999991	563.382640840131	-281.691320406243	-281.691320433844
1.82599999999991	535.808731743525	-418.674894293405	-117.133837450078
1.82699999999991	455.786130784916	-514.675652447671	58.8895216627903
1.82799999999991	331.148007696378	-560.296371784233	229.148364087881
1.82899999999991	174.094810370681	-551.071378436187	376.976568065519
1.82999999999991	1.60349600264453E-08	-487.903679026748	487.903679010713
1.83099999999991	-174.094810340181	-376.976568089352	551.07137842952
1.83199999999991	-331.148007670381	-229.148364117237	560.296371787592
1.83299999999991	-455.786130766028	-58.8895216947482	514.675652460741
1.83399999999991	-535.808731733595	117.133837418647	418.674894314907
1.83499999999991	-563.382640840131	281.691320406071	281.691320434016
1.83599999999991	-535.808731743566	418.674894293315	117.133837450209
1.83699999999991	-455.786130785033	514.67565244759	-58.8895216625932
1.83799999999991	-331.148007696538	560.296371784212	-229.1483640877
1.83899999999991	-174.09481037087	551.071378436228	-376.976568065372
1.83999999999991	-1.62331446063035E-08	487.903679026847	-487.903679010614
1.84099999999991	174.094810339992	376.976568089499	-551.071378429478
1.84199999999991	331.14800767022	229.148364117418	-560.296371787613
1.84299999999991	455.786130765912	58.8895216949454	-514.675652460822
1.84399999999991	535.808731733534	-117.133837418453	-418.674894315039
1.84499999999991	563.382640840131	-281.691320405899	-281.691320434188
1.84599999999991	535.808731743648	-418.67489429314	-117.133837450466
1.84699999999991	455.786130785149	-514.675652447509	58.8895216623961
1.84799999999991	331.148007696698	-560.296371784192	229.148364087519
1.84899999999991	174.094810371058	-551.07137843627	376.976568065225
1.84999999999991	1.64313433970165E-08	-487.903679026946	487.903679010515
1.85099999999991	-174.094810339743	-376.976568089694	551.071378429424
1.85199999999991	-331.14800767006	-229.148364117599	560.296371787633
1.85299999999991	-455.786130765795	-58.8895216951425	514.675652460902
1.85399999999991	-535.808731733473	117.133837418259	418.674894315172
1.85499999999991	-563.382640840131	281.691320405672	281.691320434415
1.85599999999991	-535.808731743709	418.674894293007	117.13383745066
1.85699999999991	-455.786130785266	514.675652447429	-58.8895216621989
1.85799999999991	-331.148007696858	560.296371784171	-229.148364087338
1.85899999999991	-174.094810371247	551.071378436311	-376.976568065078
1.85999999999991	-1.66936189316402E-08	487.903679027077	-487.903679010384
1.86099999999991	174.094810339555	376.976568089841	-551.071378429383
1.86199999999991	331.148007669899	229.14836411778	-560.296371787654
1.86299999999991	455.786130765679	58.8895216953396	-514.675652460983
1.86399999999991	535.808731733392	-117.133837418002	-418.674894315347
1.86499999999991	563.382640840131	-281.691320405501	-281.691320434586
1.86599999999991	535.80873174377	-418.674894292874	-117.133837450854
1.86699999999991	455.786130785382	-514.675652447348	58.8895216620018
1.86799999999991	331.148007697019	-560.29637178415	229.148364087157
1.8689999999999	174.094810371496	-551.071378436365	376.976568064883
1.8699999999999	1.68918603549173E-08	-487.903679027176	487.903679010284
1.8709999999999	-174.094810339366	-376.976568089989	551.071378429341
1.8719999999999	-331.148007669739	-229.148364117961	560.296371787675
1.8729999999999	-455.786130765562	-58.8895216955369	514.675652461064
1.8739999999999	-535.80873173333	117.133837417808	418.67489431548
1.8749999999999	-563.382640840131	281.691320405329	281.691320434758
1.8759999999999	-535.808731743831	418.674894292742	117.133837451048
1.8769999999999	-455.786130785499	514.675652447268	-58.8895216618047
1.8779999999999	-331.148007697179	560.29637178413	-229.148364086976
1.8789999999999	-174.094810371624	551.071378436393	-376.976568064783
1.8799999999999	-1.70901017781944E-08	487.903679027275	-487.903679010185
1.8809999999999	174.094810339177	376.976568090136	-551.0713784293
1.8819999999999	331.148007669579	229.148364118143	-560.296371787696
1.8829999999999	455.786130765446	58.8895216957339	-514.675652461144
1.8839999999999	535.808731733289	-117.133837417677	-418.67489431557
1.8849999999999	563.382640840131	-281.691320405157	-281.69132043493
1.8859999999999	535.808731743893	-418.674894292609	-117.133837451242
1.8869999999999	455.786130785615	-514.675652447187	58.8895216616075
1.8879999999999	331.14800769734	-560.296371784109	229.148364086795
1.8889999999999	174.094810371812	-551.071378436435	376.976568064636
1.8899999999999	1.72883289906167E-08	-487.903679027375	487.903679010086
1.8909999999999	-174.094810338989	-376.976568090283	551.071378429259
1.8919999999999	-331.148007669418	-229.148364118324	560.296371787716
1.8929999999999	-455.786130765329	-58.8895216959311	514.675652461225
1.8939999999999	-535.808731733228	117.133837417483	418.674894315703
1.8949999999999	-563.382640840131	281.691320405041	281.691320435046
1.8959999999999	-535.808731743954	418.674894292477	117.133837451436
1.8969999999999	-455.786130785732	514.675652447106	-58.8895216614104
1.8979999999999	-331.1480076975	560.296371784088	-229.148364086614
1.8989999999999	-174.094810372001	551.071378436476	-376.976568064488
1.8999999999999	-1.74225078808377E-08	487.903679027442	-487.903679010019
1.9009999999999	174.0948103388	376.976568090431	-551.071378429218
1.9019999999999	331.148007669258	229.148364118505	-560.296371787737
1.9029999999999	455.786130765213	58.8895216961281	-514.675652461305
1.9039999999999	535.808731733166	-117.133837417289	-418.674894315835
1.9049999999999	563.382640840131	-281.691320404869	-281.691320435218
1.9059999999999	535.808731744015	-418.674894292344	-117.13383745163
1.9069999999999	455.786130785848	-514.675652447026	58.8895216612132
1.9079999999999	331.14800769766	-560.296371784067	229.148364086433
1.9089999999999	174.094810372189	-551.071378436517	376.976568064341
1.9099999999999	1.76207208824053E-08	-487.903679027541	487.90367900992
1.9109999999999	-174.094810338673	-376.97656809053	551.07137842919
1.9119999999999	-331.148007669098	-229.148364118686	560.296371787757
1.9129999999999	-455.786130765096	-58.8895216963253	514.675652461385
1.9139999999999	-535.808731733105	117.133837417095	418.674894315968
1.9149999999999	-563.382640840131	281.691320404698	281.691320435389
1.9159999999999	-535.808731744057	418.674894292254	117.133837451761
1.9169999999999	-455.786130785965	514.675652446945	-58.8895216610161
1.9179999999999	-331.148007697821	560.296371784046	-229.148364086252
1.9189999999999	-174.094810372378	551.071378436558	-376.976568064194
1.9199999999999	-1.78189054622635E-08	487.90367902764	-487.903679009821
1.9209999999999	174.094810338484	376.976568090678	-551.071378429148
1.9219999999999	331.148007668937	229.148364118867	-560.296371787778
1.9229999999999	455.78613076498	58.8895216965225	-514.675652461466
1.9239999999999	535.808731733044	-117.133837416902	-418.674894316101
1.9249999999999	563.382640840131	-281.691320404526	-281.691320435561
1.9259999999999	535.808731744118	-418.674894292121	-117.133837451955
1.9269999999999	455.786130786044	-514.675652446891	58.8895216608827
1.9279999999999	331.148007697981	-560.296371784026	229.148364086071
1.9289999999999	174.094810372566	-551.071378436599	376.976568064046
1.9299999999999	1.80171184638311E-08	-487.903679027739	487.903679009722
1.9309999999999	-174.094810338296	-376.976568090825	551.071378429107
1.9319999999999	-331.148007668829	-229.14836411899	560.296371787793
1.9329999999999	-455.786130764863	-58.8895216967195	514.675652461547
1.9339999999999	-535.808731732983	117.133837416708	418.674894316233
1.9349999999999	-563.382640840131	281.691320404354	281.691320435733
1.9359999999999	-535.808731744179	418.674894291989	117.133837452148
1.9369999999999	-455.78613078616	514.67565244681	-58.8895216606856
1.9379999999999	-331.148007698141	560.296371784005	-229.14836408589
1.9389999999999	-174.094810372755	551.07137843664	-376.976568063899
1.9399999999999	-1.82153598871082E-08	487.903679027838	-487.903679009623
1.9409999999999	174.094810338107	376.976568090972	-551.071378429066
1.9419999999999	331.148007668668	229.148364119171	-560.296371787813
1.9429999999999	455.786130764784	58.889521696853	-514.675652461602
1.9439999999999	535.808731732921	-117.133837416514	-418.674894316366
1.9449999999999	563.382640840131	-281.691320404183	-281.691320435904
1.9459999999999	535.80873174424	-418.674894291856	-117.133837452342
1.9469999999999	455.786130786277	-514.675652446729	58.8895216604884
1.9479999999999	331.14800769825	-560.296371783991	229.148364085767
1.9489999999999	174.094810372944	-551.071378436682	376.976568063752
1.9499999999999	1.84135728886758E-08	-487.903679027937	487.903679009524
1.9509999999999	-174.094810337919	-376.97656809112	551.071378429025
1.9519999999999	-331.148007668508	-229.148364119352	560.296371787834
1.9529999999999	-455.786130764668	-58.8895216970501	514.675652461682
1.9539999999999	-535.80873173286	117.13383741632	418.674894316498
1.9549999999999	-563.382640840131	281.691320404011	281.691320436076
1.9559999999999	-535.808731744302	418.674894291724	117.133837452536
1.9569999999999	-455.786130786393	514.675652446649	-58.8895216602913
1.9579999999999	-331.14800769841	560.29637178397	-229.148364085586
1.9589999999999	-174.094810373071	551.071378436709	-376.976568063652
1.95999999999989	-1.86118569445171E-08	487.903679028036	-487.903679009425
1.96099999999989	174.09481033773	376.976568091267	-551.071378428984
1.96199999999989	331.148007668347	229.148364119533	-560.296371787855
1.96299999999989	455.786130764551	58.8895216972473	-514.675652461763
1.96399999999989	535.808731732819	-117.133837416189	-418.674894316588
1.96499999999989	563.382640840131	-281.691320403839	-281.691320436248
1.96599999999989	535.808731744363	-418.674894291591	-117.13383745273
1.96699999999989	455.786130786509	-514.675652446568	58.8895216600941
1.96799999999989	331.148007698571	-560.296371783949	229.148364085405
1.96899999999989	174.09481037326	-551.071378436751	376.976568063505
1.96999999999989	1.88100699460847E-08	-487.903679028136	487.903679009326
1.97099999999989	-174.094810337542	-376.976568091414	551.071378428942
1.97199999999989	-331.148007668187	-229.148364119714	560.296371787875
1.97299999999989	-455.786130764435	-58.8895216974444	514.675652461844
1.97399999999989	-535.808731732757	117.133837415995	418.674894316721
1.97499999999989	-563.382640840131	281.691320403668	281.691320436419
1.97599999999989	-535.808731744424	418.674894291458	117.133837452924
1.97699999999989	-455.786130786626	514.675652446487	-58.889521659897
1.97799999999989	-331.148007698731	560.296371783929	-229.148364085224
1.97899999999989	-174.094810373448	551.071378436792	-376.976568063358
1.97999999999989	-1.90082403150882E-08	487.903679028235	-487.903679009227
1.98099999999989	174.094810337353	376.976568091562	-551.071378428901
1.98199999999989	331.148007668027	229.148364119895	-560.296371787896
1.98299999999989	455.786130764318	58.8895216976416	-514.675652461924
1.98399999999989	535.808731732676	-117.133837415738	-418.674894316896
1.98499999999989	563.382640840131	-281.691320403496	-281.691320436591
1.98599999999989	535.808731744485	-418.674894291326	-117.133837453118
1.98699999999989	455.786130786743	-514.675652446407	58.8895216596999
1.98799999999989	331.148007698891	-560.296371783908	229.148364085043
1.98899999999989	174.094810373697	-551.071378436847	376.976568063163
1.98999999999989	1.92064675275105E-08	-487.903679028334	487.903679009127
1.99099999999989	-174.094810337165	-376.976568091709	551.07137842886
1.99199999999989	-331.148007667866	-229.148364120076	560.296371787917
1.99299999999989	-455.786130764164	-58.8895216979024	514.67565246203
1.99399999999989	-535.808731732615	117.133837415544	418.674894317029
1.99499999999989	-563.382640840131	281.691320403324	281.691320436763
1.99599999999989	-535.808731744547	418.674894291193	117.133837453312
1.99699999999989	-455.786130786859	514.675652446326	-58.8895216595027
1.99799999999989	-331.148007699104	560.296371783881	-229.148364084803
1.99899999999989	-174.094810373886	551.071378436888	-376.976568063015
2	2.18847162614111E-12	487.903679018729	-487.903679018732
