"Time [s]"	"Current(Phase_A) [A]"	"Current(Phase_C) [A]"	"Current(Phase_B) [A]"
0	0	0	0
0.001	8.47095078911141	25.6440198716001	-34.1149706607115
0.002	30.283905334006	49.642634272008	-79.926539606014
0.003	62.2420612722057	59.6897192450891	-121.931780517295
0.004	100.292958376583	54.0228393215729	-154.315797698156
0.005	139.207495450134	35.5182723947505	-174.725767844885
0.006	175.384750172475	6.66810030239691	-182.052850474872
0.007	206.807524039955	-31.9797164947634	-174.827807545192
0.008	228.070241846606	-76.623430972423	-151.446810874183
0.009	234.092946478859	-121.563194016748	-112.529752462111
0.01	223.118328000683	-160.236362076965	-62.8819659237182
0.011	197.052197888936	-185.954116941597	-11.0980809473398
0.012	158.620739470911	-196.695431393625	38.0746919227137
0.013	111.245087345099	-191.452912948496	80.207825603397
0.014	58.2074962953437	-171.851119321298	113.643623025954
0.015	8.54795546820508	-140.533118277187	131.985162808982
0.016	-35.7869362953145	-100.046754918454	135.833691213768
0.017	-71.5247437578492	-54.5345286202506	126.0592723781
0.018	-95.954783978172	-7.99128279746282	103.946066775635
0.019	-106.116611114704	34.2490744988235	71.8675366158807
0.02	-103.913711817217	71.6715997395439	32.2421120776732
0.021	-88.6370680172189	98.6542559305969	-10.017187913378
0.022	-58.8449690298026	113.105220628256	-54.2602515984536
0.023	-18.6147498212377	110.748655500944	-92.1339056797067
0.024	20.2216421242343	94.0176669351172	-114.239309059351
0.025	55.088153959128	77.5326886215692	-132.620842580697
0.026	106.438843641466	41.3277566639619	-147.766600305428
0.027	150.388902969458	-9.34668896252641	-141.042214006931
0.028	176.702922929488	-62.0455729929019	-114.657349936586
0.029	183.860780554947	-111.967306652304	-71.8934739026433
0.03	178.658202940135	-147.511948717565	-31.1462542225708
0.031	163.881567625019	-173.734182574235	9.85261494921687
0.032	133.786343230298	-188.713649777888	54.9273065475896
0.033	88.2334672313299	-186.044913450229	97.8114462188986
0.034	34.0116432364615	-165.690198287025	131.678555050563
0.035	-14.2812223632583	-134.703716614353	148.984938977611
0.036	-55.4221716946178	-97.156953476432	152.57912517105
0.037	-86.9534244388572	-54.3328493934881	141.286273832345
0.038	-113.704829033319	0.644034328976041	113.060794704343
0.039	-128.782174483572	54.0064675819912	74.7757069015804
0.04	-127.359220615048	89.1412455985381	38.2179750165102
0.041	-112.119640687275	115.201450381673	-3.08180969439812
0.042	-77.4829085758356	134.489949437507	-57.0070408616711
0.043	-36.9793784091504	140.26141746832	-103.28203905917
0.044	2.30616218165859	131.418058046922	-133.72422022858
0.045	43.6443642697378	108.620359315296	-152.264723585034
0.046	83.8368993797558	73.5256158714397	-157.362515251195
0.047	115.787042115241	31.161286522245	-146.948328637486
0.048	142.739734032773	-22.9492954960776	-119.790438536695
0.049	156.645001773298	-70.7432074620183	-85.9017943112799
0.05	153.715593727125	-108.452115493123	-45.2634782340023
0.051	136.294867499767	-135.067172282511	-1.22769521725616
0.052	106.852686734481	-149.095998259502	42.2433115250206
0.053	68.4206060223941	-146.96389935176	78.5432933293658
0.054	16.1583989229776	-124.914131873974	108.755732950997
0.055	-35.6157824552531	-93.3133371385169	128.92911959377
0.056	-70.4490005092243	-63.9321965756233	134.381197084848
0.057	-103.770908096032	-13.6491714538724	117.420079549904
0.058	-129.775460619807	37.2370623796118	92.5383982401956
0.059	-138.320521698915	75.7005235032822	62.6199981956324
0.06	-130.53387948112	123.484621081864	7.04925839925539
0.061	-117.964786565853	147.820045214612	-29.8552586487588
0.062	-76.8878416090214	163.728736426132	-86.8408948171102
0.063	-39.6997251988593	168.40137530553	-128.701650106671
0.064	3.09768153937553	152.983609255464	-156.08129079484
0.065	61.3373687679189	122.484547151286	-183.821915919205
0.066	95.5476981710013	93.499857974088	-189.047556145089
0.067	130.649050617725	43.9547978302352	-174.603848447961
0.068	164.162251208935	-13.2889787999621	-150.873272408973
0.069	173.091511750902	-50.5313805496969	-122.560131201205
0.07	163.180594118794	-81.365032707021	-81.8155614117731
0.071	138.556189937532	-114.659844263071	-23.8963456744607
0.0720000000000001	111.389653090053	-135.379482003102	23.989828913049
0.0730000000000001	77.5459994768694	-135.977594454889	58.43159497802
0.0740000000000001	35.2878599473314	-118.070808496142	82.7829485488111
0.0750000000000001	-21.821963587477	-82.3736040820365	104.195567669513
0.0760000000000001	-58.1720233531317	-56.1727251774971	114.344748530629
0.0770000000000001	-83.1142706256414	-19.8772042943156	102.991474919957
0.0780000000000001	-109.008531170119	36.4082474136885	72.6002837564304
0.0790000000000001	-121.022081140859	69.8049972915922	51.2170838492663
0.0800000000000001	-107.631867410573	108.161312178747	-0.529444768173676
0.0810000000000001	-96.6486098031418	136.10617884506	-39.4575690419186
0.0820000000000001	-56.9240938019903	144.849312178064	-87.9252183760737
0.0830000000000001	-19.1911948444686	148.397866054728	-129.206671210259
0.0840000000000001	29.7537761612768	127.365167368695	-157.118943529972
0.0850000000000001	75.5203456984005	103.924200530098	-179.444546228499
0.0860000000000001	120.185971047162	58.0668753950667	-178.252846442229
0.0870000000000001	157.631310181546	14.6857667851869	-172.317076966732
0.0880000000000001	176.560832251587	-35.5408236210577	-141.020008630529
0.0890000000000001	191.583672907569	-80.4828843061996	-111.100788601369
0.0900000000000001	178.625466621564	-117.116009242721	-61.5094573788432
0.0910000000000001	164.904517534258	-150.787074764738	-14.1174427695201
0.0920000000000001	127.636246680114	-156.119428251674	28.48318157156
0.0930000000000001	90.2487436449478	-164.900384021039	74.6516403760908
0.0940000000000001	45.6194541477004	-142.152031486805	96.5325773391046
0.0950000000000001	-4.48688250111809	-121.909416768382	126.3962992695
0.0960000000000001	-38.3940694457475	-81.3824420502914	119.776511496039
0.0970000000000001	-78.5314103856202	-42.2246350268316	120.756045412452
0.0980000000000001	-92.2222463184474	4.2280831601163	87.9941631583311
0.0990000000000001	-108.256463201167	38.3052796292844	69.951183571883
0.1	-95.2621851966935	78.1867186197964	17.0754665768971
0.101	-86.6761744721361	95.1716818020043	-8.49550732986822
0.102	-54.0221378304694	112.905933722544	-58.8837958920744
0.103	-13.6726444279608	102.96933998977	-89.2966955618097
0.104	16.7347226946317	99.4491909287641	-116.183913623396
0.105	68.802207033889	64.6607017413023	-133.462908775191
0.106	103.423582825655	23.8348949374787	-127.258477763133
0.107	128.557141446408	-5.73061074897137	-122.826530697437
0.108	151.651400149594	-53.7397024899687	-97.9116976596253
0.109	151.848056001033	-101.104109289474	-50.7439467115595
0.11	136.982590240998	-127.912636257633	-9.06995398336514
0.111	119.627326098759	-144.694563124523	25.0672370257641
0.112	91.0083371043399	-156.501563555243	65.4932264509034
0.113	47.6862637702152	-152.040865740185	104.354601969969
0.114	1.38742632291509	-132.306059563348	130.918633240433
0.115	-40.348210200424	-101.833058424943	142.181268625367
0.116	-74.9117541110688	-63.9232929505365	138.835047061605
0.117	-98.193503469304	-23.1422858673213	121.335789336625
0.118	-110.826087037091	21.8711459047976	88.954941132293
0.119	-113.023755849098	61.3256319198089	51.6981239292889
0.12	-106.893528652189	86.2958829209318	20.5976457312572
0.121	-90.574764129958	99.3495630078242	-8.77479887786625
0.122	-64.0987108863798	98.8482641494061	-34.7495532630263
0.123	-22.3823271039106	87.597003045662	-65.2146759417514
0.124	8.85704275558161	78.6035774629008	-87.4606202184824
0.125	30.2487159675365	64.6908998786241	-94.9396158461606
0.126	48.0175400459032	39.0963159333218	-87.1138559792251
0.127	72.546986429688	0.126442093531551	-72.6734285232195
0.128	87.4105750826139	-20.1242183070752	-67.2863567755387
0.129	85.9632378453953	-34.4189441107164	-51.544293734679
0.13	71.9975469092911	-54.1707172389754	-17.8268296703157
0.131	71.7252749775244	-74.9754328986912	3.25015792116686
0.132	61.9131717354993	-77.8570097689842	15.943838033485
0.133	34.7017969058339	-67.7687833404808	33.0669864346468
0.134	16.0009902684841	-73.4517006969454	57.4507104284613
0.135	4.56592883705644	-68.1410303793021	63.5751015422457
0.136	-11.8008710483852	-46.275981160537	58.0768522089222
0.137	-39.0755215488001	-30.4080842711391	69.4836058199393
0.138	-48.463134957588	-20.0260290597291	68.4891640173171
0.139	-47.5424260269282	-5.38815943056778	52.9305854574959
0.14	-60.1199874296663	22.2602206480094	37.8597667816569
0.141	-65.6879130112396	37.1713914224837	28.5165215887559
0.142	-57.3593587345745	42.1159845291362	15.2433742054383
0.143	-40.5644413098955	46.5961444778839	-6.0317031679884
0.144	-29.481752117553	59.4052541966043	-29.9235020790513
0.145	-17.5786936509953	59.6953515006981	-42.1166578497028
0.146	-4.15158776116569	50.229165172631	-46.0775774114653
0.147	13.1009115169776	32.737407168399	-45.8383186853766
0.148	36.1043368721475	16.0097093165388	-52.1140461886863
0.149	50.2389823568321	0.633400498662054	-50.8723828554941
0.15	54.9665368386957	-12.9453366185178	-42.0212002201778
0.151	52.078323509707	-23.8647737283855	-28.2135497813215
0.152	42.9177114936679	-31.4636829188997	-11.4540285747681
0.153	31.9372372303407	-39.641631552535	7.70439432219428
0.154	20.3139887558499	-45.7859574946895	25.4719687388396
0.155	6.70079501994388	-44.2996256281368	37.5988306081929
0.156	-6.90322689673072	-36.920185445677	43.8234123424077
0.157	-18.4346912451324	-24.9676377598193	43.4023290049518
0.158	-26.9737048523636	-10.7585019241281	37.7322067764917
0.159	-30.0518287996959	1.81788494006734	28.2339438596286
0.16	-28.5831387281223	13.3207412697995	15.2623974583229
0.161	-23.7046977905409	22.7684915830644	0.936206207476509
0.162	-16.047804412957	29.0828814305594	-13.0350770176024
0.163	-6.94934745445615	31.2323973088749	-24.2830498544187
0.164	3.48915767486877	28.4175615817003	-31.906719256569
0.165	13.8761750186343	21.0194201827008	-34.8955952013352
0.166	22.3228566521556	10.5834993695967	-32.9063560217524
0.167	26.7244880494924	-1.65725748289245	-25.0672305666
0.168	28.403644223993	-14.5529828019072	-13.8506614220858
0.169	28.7728450897767	-25.8753371235273	-2.89750796624938
0.17	28.3766113286679	-34.11596029722	5.73934896855205
0.171	23.3862425827014	-37.0969375894977	13.7106950067963
0.172	14.2560789456878	-33.72086264224	19.4647836965522
0.173	1.61388227572903	-24.9443799019437	23.3304976262146
0.174	-10.5338542500705	-17.8271218349634	28.3609760850339
0.175	-18.5700948775352	-14.430494276627	33.0005891541621
0.176	-21.4755747954149	-10.0379249962152	31.5134997916301
0.177	-20.3373708647979	-2.91610593695526	23.2534768017532
0.178	-21.8769716369249	7.48800866639676	14.3889629705282
0.179	-26.7996261488663	15.8483619591772	10.9512641896891
0.18	-27.0161663441359	17.3305915014813	9.68557484265454
0.181	-20.9755933967954	15.5479880387587	5.42760535803669
0.182	-14.1073207131774	18.4248027475554	-4.31748203437797
0.183	-11.9004245989625	23.9667723376076	-12.0663477386451
0.184	-11.8726207971319	25.7627571642884	-13.8901363671565
0.185	-7.53261822410333	21.6031148398232	-14.0704966157199
0.186	2.14972078666316	15.8874784671952	-18.0371992538584
0.187	10.5078822058128	13.8421022495806	-24.3499844553934
0.188	14.2917856393033	12.5338770680213	-26.8256627073246
0.189	16.6122086198841	7.61312692893966	-24.2253355488238
0.19	19.2134778578643	-1.3962579814954	-17.8172198763689
0.191	24.7546729232968	-11.8909443691277	-12.8637285541692
0.192	27.6305631389332	-18.8172800204152	-8.81328311851804
0.193	25.6462335884293	-21.9651166808913	-3.68111690753792
0.194	18.9937453297028	-21.9388458712493	2.94510054154654
0.195	9.21403948584938	-21.0999883721635	11.8859488863141
0.196	0.642180611461029	-21.4876357271761	20.8454551157151
0.197	-5.80909352717917	-19.531469141579	25.3405626687581
0.198	-10.777678813263	-14.0455492595885	24.8232280728515
0.199	-14.6727796981538	-6.38783344801403	21.0606131461678
0.2	-16.6307220987406	2.2221021621184	14.4086199366222
0.201	-17.1536127658733	10.778982123829	6.37463064204427
0.202	-16.0074909467165	17.0150280399228	-1.0075370932063
0.203	-13.2005843886845	19.853623832746	-6.65303944406143
0.204	-8.39956509145248	18.8303126157704	-10.4307475243179
0.205	-1.71487184392833	14.4517291308658	-12.7368572869374
0.206	6.07079755595257	7.98953044508893	-14.0603280010415
0.207	12.9832053403322	0.329167720859556	-13.3123730611918
0.208	17.737002666743	-6.83828673459714	-10.8987159321458
0.209	19.55099996293	-12.2716482943875	-7.2793516685425
0.21	17.5738469919652	-15.0675207644511	-2.50632622751417
0.211	11.9372215840158	-15.2010765940025	3.26385500998666
0.212	4.52346505021166	-14.6593046592133	10.1358396090017
0.213	-2.44752076653916	-14.2799354471643	16.7274562137035
0.214	-8.12520733195161	-12.5994095239695	20.7246168559211
0.215	-11.9717216868203	-8.95782386132823	20.9295455481485
0.216	-13.681021823081	-3.97773113563302	17.658752958714
0.217	-14.3021461668237	2.5514779837391	11.7506681830846
0.218	-16.446452599014	9.9131662331226	6.53328636589138
0.219	-18.3746872324113	15.1802810114919	3.19440622091939
0.22	-17.2475419361726	16.0551626690649	1.19237926710767
0.221	-12.6786793547092	14.2307183462322	-1.55203899152294
0.222	-6.31078143068496	12.9863019389242	-6.67552050823921
0.223	-1.98978881961898	14.5068527866408	-12.5170639670218
0.224	-0.0536080761556805	14.910363696009	-14.8567556198533
0.225	0.474532653735738	13.1218240364219	-13.5963566901577
0.226	3.40680536510754	9.41587088272065	-12.8226762478282
0.227	8.6238262635997	4.12183606125546	-12.7456623248552
0.228	13.0587624169792	0.721585874074178	-13.7803482910534
0.229	14.8988733535357	-0.168602430065065	-14.7302709234706
0.23	14.7220812718612	-1.83118718824165	-12.8908940836196
0.231	13.450914953005	-6.38141853850243	-7.06949641450254
0.232	13.5810818517164	-12.4296066025694	-1.15147524914695
0.233	15.0611609829748	-16.8684735743494	1.80731259137464
0.234	13.9966086606734	-17.9756436039248	3.97903494325134
0.235	8.81114270242508	-15.7009166811877	6.88977397876264
0.236	1.02985826801774	-13.261095433078	12.2312371650603
0.237	-5.193266077237	-11.7046210309882	16.8978871082252
0.238	-8.99911360615157	-9.84168751399853	18.8408011201501
0.239	-12.0014433253394	-6.02150780563052	18.0229511309699
0.24	-13.1683015981172	-0.627598400744248	13.7958999988615
0.241	-13.6819801276736	6.2991152432266	7.38286488444695
0.242	-13.7997607705845	12.3190659885555	1.48069478202899
0.243	-13.3660773539363	15.9024419287241	-2.53636457478776
0.244	-10.6710858981057	16.3016354840237	-5.63054958591808
0.245	-5.22175659083821	13.4470556098895	-8.22529901905133
0.246	2.07506767599942	9.07736061116491	-11.1524282871643
0.247	8.48151458757139	4.12906633428924	-12.6105809218606
0.248	12.5134650619688	-0.349212662334048	-12.1642523996348
0.249	14.0679243918132	-3.68858672306603	-10.3793376687471
0.25	13.3369981233885	-6.27637253663242	-7.06062558675605
0.251	10.1321293600168	-9.045820884816	-1.08630847520081
0.252	5.37314505180675	-11.5038443490425	6.13069929723579
0.253	1.62237280607981	-13.4315198468801	11.8091470408003
0.254	-1.87282577519629	-12.4487764322285	14.3216022074248
0.255	-4.54717147100708	-9.12892573636049	13.6760972073676
0.256	-7.57967901092309	-4.55384799895755	12.1335270098806
0.257	-11.0380662522036	1.65459270986594	9.38347354233765
0.258	-14.2451077128372	7.77145136517681	6.47365634766037
0.259	-15.6165240980397	11.6564388102566	3.96008528778311
0.26	-14.2197695192074	12.3602437655807	1.85952575362664
0.261	-9.80854499304888	11.2867764221474	-1.47823142909851
0.262	-4.35629450458651	11.2413065581875	-6.88501205360103
0.263	-0.351128720396337	12.4737519691289	-12.1226232487325
0.264	2.1235423311269	12.1822785229703	-14.3058208540972
0.265	3.09322688662701	9.94152259190901	-13.034749478536
0.266	5.17602570744402	6.52327577214487	-11.6993014795889
0.267	8.89807892858203	1.27075876053603	-10.1688376891181
0.268	12.6214672861035	-3.11337322851402	-9.50809405758948
0.269	14.1388939171839	-4.95411747545918	-9.18477644172477
0.27	13.5834235308478	-5.09926128019014	-8.48416225065771
0.271	11.2034959183978	-6.95609517835405	-4.24740074004378
0.272	8.58436543750804	-10.4626471652643	1.8782817277563
0.273	8.20001647262756	-14.132538274874	5.93252180224649
0.274	8.04567305478874	-15.1562114205388	7.11053836575003
0.275	5.62323439724964	-13.6258722836484	8.00263788639874
0.276	-0.010157877528707	-10.296507377716	10.3066652552448
0.277	-5.93168602759934	-6.9517885965924	12.8834746241917
0.278	-9.73337660722667	-4.88314995218826	14.6165265594149
0.279	-12.0182260606286	-3.0867402676868	15.1049663283154
0.28	-12.6041793123504	0.137754906903352	12.466424405447
0.281	-11.9485302704822	5.27335845077404	6.67517181970818
0.282	-11.8748542963357	11.0828653341686	0.791988962167119
0.283	-11.7434003733127	14.5917547869168	-2.84835441360416
0.284	-10.3050406397846	15.438742210305	-5.13370157052037
0.285	-6.01352270850366	13.2647406101414	-7.25121790163774
0.286	0.652414318940343	9.61788046562245	-10.2702947845628
0.287	6.75616363456855	5.64692719509056	-12.4030908296591
0.288	10.5901406078921	2.33273190402759	-12.9228725119197
0.289	12.5327868785727	-0.293583130962479	-12.2392037476102
0.29	12.5629104900382	-3.20263564418461	-9.36027484585362
0.291	10.4001651205178	-6.92290505040404	-3.47726007011379
0.292	7.33774928703517	-10.6448979819016	3.30714869486646
0.293	5.22289474630952	-13.4379116457654	8.21501689945588
0.294	2.92738344159971	-13.0644103026686	10.1370268610689
0.295	0.130227681446522	-10.4802306877493	10.3500030063028
0.296	-4.35577950853567	-6.27670453788134	10.632484046417
0.297	-9.10860468398841	-0.583982509626821	9.69258719361523
0.298	-12.7811970032831	4.40331488870511	8.37788211457801
0.299	-14.0516007493371	7.5379112143746	6.51368953496248
0.3	-12.8268097114854	8.33309018279639	4.49371952868897
0.301	-9.47956462542905	9.19669101661312	0.282873608815921
0.302	-4.70341761096012	10.5313990301123	-5.82798141915221
0.303	-1.43328907906999	12.3832195768002	-10.9499304977302
0.304	1.02211057775262	11.945324302905	-12.9674348806577
0.305	2.46934156094037	9.50325559180208	-11.9725971527424
0.306	5.18509915750434	5.88752313976476	-11.0726222972691
0.307	8.99956247484053	0.530901398277146	-9.53046387311767
0.308	12.5132724673242	-4.11452787474886	-8.3987445925753
0.309	13.9014081552772	-6.52458568636996	-7.37682246890728
0.31	13.0226805107179	-6.69273341235525	-6.32994709836262
0.311	10.2906155468186	-7.81424502701234	-2.4763705198063
0.312	6.62339404171971	-10.1483825083588	3.52498846663913
0.313	5.01668487850524	-13.0907086669257	8.07402378842047
0.314	4.10025407636021	-13.488578096135	9.38832401977478
0.315	2.58764775682135	-11.9272563492546	9.33960859243322
0.316	-1.6589779121659	-8.58051034397684	10.2394882561427
0.317	-6.86324581547782	-4.20411811365196	11.0673639291298
0.318	-10.6811361974828	-1.14565693878635	11.8267931362692
0.319	-12.5028421228967	0.371125123744382	12.1317169991523
0.32	-12.6854363251634	2.1545560221343	10.5308803030291
0.321	-11.0455831713846	5.68008051264594	5.36550265873863
0.322	-9.40189504746206	10.156123801677	-0.754228754214974
0.323	-9.16338666004666	13.8065239442768	-4.64313728423018
0.324	-8.38346025634942	14.67180630408	-6.28834604773058
0.325	-5.2071803317986	12.8765316451009	-7.66935131330229
0.326	0.629996800587526	9.34143226143547	-9.971429062023
0.327	6.4674213013283	5.37278818688474	-11.840209488213
0.328	10.2665309392139	2.3594419837279	-12.6259729229418
0.329	12.2322551081492	0.209413084348034	-12.4416681924973
0.33	12.4397200818913	-2.39687747339583	-10.0428426084955
0.331	10.6199937174951	-6.17339973309521	-4.44659398439987
0.332	8.25961560346126	-10.2884720929776	2.02885648951635
0.333	6.94965911285757	-13.4517597931445	6.50210068028697
0.334	5.31283276947742	-13.5897223328201	8.2768895633427
0.335	2.35116724509996	-11.428075322607	9.07690807750703
0.336	-2.69500501824615	-7.47847679070324	10.1734818089494
0.337	-7.9698074737094	-2.36145408954811	10.3312615632575
0.338	-11.7718242435837	1.92193436783163	9.84988987575207
0.339	-13.1704512862803	4.57860495793753	8.5918463283428
0.34	-12.5639906130606	5.90879658061529	6.65519403244532
0.341	-9.76300282232251	7.88722749114759	1.87577533117492
0.342	-5.69246869098589	10.2419901071955	-4.54952141620958
0.343	-3.11637088319863	12.6539985782179	-9.53762769501928
0.344	-0.903095077277778	12.3151137800938	-11.4120187028161
0.345	0.907854313631323	9.98230739204927	-10.8901617056806
0.346	4.39688339016739	6.25776605400876	-10.6546494441762
0.347	8.67058790718353	0.882445457740688	-9.55303336492422
0.348	12.2620814284478	-3.70831192151606	-8.55376950693174
0.349	13.6260419848718	-6.285912631984	-7.34012935288776
0.35	12.766351680621	-6.76677663919008	-5.9995750414309
0.351	9.95600751963219	-7.98466764765798	-1.97133987197421
0.352	6.00859528965699	-10.090903243054	4.08230795339705
0.353	3.90434765190265	-12.7284280971575	8.82408044525485
0.354	2.42456185911949	-12.8107404931719	10.3861786340524
0.355	1.00191591529802	-11.0190262797252	10.0171103644272
0.356	-2.73835355093899	-7.63224109825034	10.3705946491893
0.357	-7.49578409964017	-2.82147051258412	10.3172546122243
0.358	-11.2681632179473	0.871666151653472	10.3964970662938
0.359	-12.8623161286465	2.67293093958253	10.189385189064
0.36	-12.7405867881626	3.7736541863553	8.96693260180734
0.361	-10.6093094531608	6.36308728776695	4.24622216539386
0.362	-8.03875724345968	9.9636798742406	-1.92492263078092
0.363	-7.18394004803306	13.3692355927828	-6.18529554474978
0.364	-6.37088881206605	13.988389100997	-7.6175002889309
0.365	-3.96122817921953	12.3456635701565	-8.38443539093694
0.366	1.11881099103543	8.84887171872384	-9.96768270975927
0.367	6.67254776082529	4.5660603854469	-11.2386081462722
0.368	10.4857802077111	1.40667667434404	-11.8924568820552
0.369	12.3464111294793	-0.501202986637895	-11.8452081428414
0.37	12.5117660292162	-2.60816852093454	-9.9035975082817
0.371	10.6440246824717	-6.05433127018507	-4.58969341228661
0.372	8.32772812666557	-10.0906131152296	1.76288498856404
0.373	7.27978442865824	-13.39979675616	6.12001232750179
0.374	5.96676931384051	-13.7755655712722	7.80879625743169
0.375	3.14621149503095	-11.8358118785925	8.68960038356151
0.376	-1.96614819089204	-8.07811276289398	10.044260953786
0.377	-7.38348086068944	-3.28287617775989	10.6663570384493
0.378	-11.2124614627886	0.594204223295361	10.6182572394932
0.379	-12.7936001788793	2.97405417245203	9.8195460064273
0.38	-12.5327174903325	4.59833943861319	7.93437805171932
0.381	-10.0569145764637	7.14285767116019	2.91405690530351
0.382	-6.56348199955139	10.0983597956111	-3.53487779605971
0.383	-4.50635235936931	12.8755016480203	-8.36914928865097
0.384	-2.62453560878704	12.7518686468321	-10.127333038045
0.385	-0.544449656082944	10.6086036790886	-10.0641540230056
0.386	3.51617807383285	6.87358235235737	-10.3897604261902
0.387	8.19956706812483	1.6187840596592	-9.81835112778403
0.388	11.9143381068205	-2.7816338818957	-9.1327042249248
0.389	13.3244972144094	-5.31501517398935	-8.00948204042006
0.39	12.6584407523814	-6.12330112427229	-6.53513962810907
0.391	9.94327847478286	-7.73103800342693	-2.21224047135594
0.392	6.06808073453139	-10.0490558223797	3.98097508784831
0.393	3.90470136843195	-12.6904295639789	8.785728195547
0.394	2.2199229172137	-12.679250636714	10.4593277195003
0.395	0.628982155606463	-10.7666541251554	10.1376719695489
0.396	-3.10680659802548	-7.29456574180788	10.4013723398334
0.397	-7.75607972185795	-2.30310916110694	10.0591888829649
0.398	-11.5102035774668	1.70336508736664	9.80683849010017
0.399	-13.0327173522709	3.78518431302328	9.24753303924761
0.4	-12.7316738254593	4.68428979874747	8.04738402671188
0.401	-10.3764618073784	6.8383557665989	3.5381060407795
0.402	-7.26461383752983	9.92295036792172	-2.65833653039189
0.403	-5.9290650456768	13.0856387822973	-7.15657373662051
0.404	-4.89167711404638	13.5029200096169	-8.61124289557056
0.405	-2.8673883869651	11.8430346147519	-8.97564622778684
0.406	1.70247065684706	8.36617295556358	-10.0686436124106
0.407	6.97365999426965	3.80189848051744	-10.7755584747871
0.408	10.808684496517	0.365216190709372	-11.1739006872264
0.409	12.5471267183533	-1.52912263145375	-11.0180040868996
0.41	12.5988412935855	-3.20235363731122	-9.39648765627433
0.411	10.5746096261005	-6.21937445914579	-4.35523516695475
0.412	8.02135958268314	-9.97634882809799	1.95498924541485
0.413	6.93016315430897	-13.2876307925901	6.35746763828113
0.414	5.75266122506323	-13.7175773763285	7.96491615126525
0.415	3.19345520545191	-11.9115292217662	8.71807401631433
0.416	-1.76093585186736	-8.26895326446205	10.0298891163294
0.417	-7.15318894479647	-3.5770654057019	10.7302543504984
0.418	-11.0036678753098	0.137494516983432	10.8661733583264
0.419	-12.674716034649	2.36614795320187	10.3085680814471
0.42	-12.5631654688669	4.03233899257898	8.53082647628787
0.421	-10.2575031799234	6.76668658153917	3.49081659838423
0.422	-7.08709788949279	10.016661069435	-2.92956317994218
0.423	-5.34253275733141	12.9970816731047	-7.65454891577328
0.424	-3.7127601332285	13.0670606565737	-9.35430052334516
0.425	-1.49777389779272	11.07387688252	-9.57610298472725
0.426	2.8649687247009	7.37517153358394	-10.2401402582848
0.427	7.81040040232026	2.27053149635621	-10.0809318986765
0.428	11.6066395468748	-1.93910252680378	-9.66753702007103
0.429	13.0914326798539	-4.3862511054881	-8.70518157436584
0.43	12.6276068568681	-5.44397681369699	-7.18363004317109
0.431	10.0395012588552	-7.40763887553148	-2.63186238332376
0.432	6.34273044317321	-10.0054376591339	3.66270721596067
0.433	4.28402998526135	-12.7549340243085	8.47090403904717
0.434	2.57401341778283	-12.7518218832697	10.1778084654868
0.435	0.804932552142864	-10.8189594467648	10.0140268946219
0.436	-3.07949522970973	-7.28721326195583	10.3667084916656
0.437	-7.78340246769976	-2.23307818691435	10.0164806546141
0.438	-11.5542944610216	1.89093826158172	9.6633561994399
0.439	-13.0750184767558	4.13134322350778	8.94367525324806
0.44	-12.7104430887488	5.04203458896127	7.66840849978757
0.441	-10.2675342697516	7.05922422261997	3.2083100471316
0.442	-6.90030808370449	9.91666543775354	-3.01635735404905
0.443	-5.28190201909868	12.9334009522302	-7.65149893313157
0.444	-4.01277225152863	13.2186105096646	-9.20583825813599
0.445	-2.14481871573483	11.4989006944824	-9.35408197874758
0.446	2.14050898021097	8.02612342073359	-10.1666324009446
0.447	7.20669894694319	3.26975330798066	-10.4764522549238
0.448	11.0512739055314	-0.426053155795678	-10.6252207497357
0.449	12.7185535382523	-2.41264765160187	-10.3059058866504
0.45	12.6653530721376	-3.78840277197304	-8.87695030016453
0.451	10.4938564798838	-6.44971366571936	-4.04414281416441
0.452	7.65932207590058	-9.9133939970687	2.25407192116812
0.453	6.4117433393672	-13.1599558077745	6.74821246840726
0.454	5.24849136401983	-13.5710580239144	8.32256665989459
0.455	2.93180563039779	-11.8329713632188	8.90116573282104
0.456	-1.80315817652624	-8.25805717860015	10.0612153551264
0.457	-7.10583082918018	-3.55263817546129	10.6584690046415
0.458	-10.9740266422613	0.147960904094318	10.826065738167
0.459	-12.6749219431041	2.29897073781838	10.3759512052857
0.46	-12.6087442323285	3.88382434702584	8.72491988530269
0.461	-10.3668257770209	6.61575207965608	3.7510736973648
0.462	-7.32647280933134	9.95644557131206	-2.62997276198073
0.463	-5.75098237792049	13.045496887344	-7.29451450942355
0.464	-4.27968871293155	13.2491508090733	-8.96946209614175
0.465	-2.03411508487537	11.3662742736977	-9.33215918882232
0.466	2.45292986606747	7.71588577482111	-10.1688156408886
0.467	7.53410409031069	2.72970878577214	-10.2638128760828
0.468	11.3740942179651	-1.3253936828306	-10.0487005351345
0.469	12.9427554068641	-3.6893146150395	-9.25344079182464
0.47	12.6316370045408	-4.92087412278868	-7.71076288175211
0.471	10.1576588911681	-7.13042604723326	-3.02723284393482
0.472	6.64184336977875	-9.96379506876644	3.32195169898769
0.473	4.71985763396079	-12.8293759201005	8.10951828613972
0.474	3.06401990187664	-12.8879712505292	9.82395134865256
0.475	1.15503289425391	-10.9809520072304	9.82591911297652
0.476	-2.89835959991078	-7.41702123348867	10.3153808333995
0.477	-7.70222523272972	-2.36055939758532	10.062784630315
0.478	-11.5066810750932	1.78783007951066	9.71885099558252
0.479	-13.0535303672008	4.10116361851162	8.95236674868915
0.48	-12.6986325660352	5.08964682519493	7.6089857408403
0.481	-10.2346990394781	7.11494202909766	3.11975701038047
0.482	-6.77081116571921	9.90778667176845	-3.13697550604924
0.483	-5.00603620509628	12.8592871383972	-7.85325093330097
0.484	-3.58049108514835	13.0760552882149	-9.49556420306652
0.485	-1.75511614190033	11.3134887409447	-9.55837259904437
0.486	2.39736202316199	7.83066768658577	-10.2280297097478
0.487	7.35331257476911	2.95030680085205	-10.3036193756212
0.488	11.2037606688618	-0.929444585961198	-10.2743160829006
0.489	12.836711872153	-3.02489321365634	-9.81181865849665
0.49	12.6945138428198	-4.23697384734874	-8.45753999547103
0.491	10.4256307520821	-6.65436311775545	-3.7712676343267
0.492	7.36061756447525	-9.883046788005	2.52242922352974
0.493	5.9363033198163	-13.0521148594071	7.11581153959084
0.494	4.70702970339703	-13.4125485994732	8.70551889607616
0.495	2.5791986226523	-11.6986959881575	9.11949736550523
0.496	-1.94637823164207	-8.16780734955666	10.1141855811987
0.497	-7.13809266648523	-3.40320588235983	10.5412985488451
0.498	-11.0202207158158	0.359529219891385	10.6606914959244
0.499	-12.7243781410929	2.49147147502217	10.2329066660708
0.5	-12.6534918626376	3.95364028009442	8.6998515825432
0.501	-10.4143936547787	6.5911035607403	3.82329009403836
0.502	-7.37894270781894	9.90624687112607	-2.52730416330712
0.503	-5.85963380472738	13.0411231125586	-7.18148930783117
0.504	-4.47551790282719	13.321545874579	-8.84602797175177
0.505	-2.27257109937653	11.5147305691687	-9.24215946979216
0.506	2.22980668733866	7.91520365055884	-10.1450103378975
0.507	7.35981403575266	2.99940829368085	-10.3592223294335
0.508	11.2298678647637	-0.963983605882622	-10.2658842588811
0.509	12.8631484057101	-3.26258228786883	-9.60056611784123
0.51	12.6504575934144	-4.58179377159146	-8.06866382182289
0.511	10.262492416985	-6.93311753286498	-3.32937488412001
0.512	6.88782252292581	-9.92458685273284	3.03676432980703
0.513	5.08190106357037	-12.8860646570543	7.80416359348396
0.514	3.49890227029355	-13.0228927302844	9.52399045999081
0.515	1.50615057601786	-11.1596474093996	9.65349683338175
0.516	-2.68120286564437	-7.58824323944362	10.269446105088
0.517	-7.58055115573807	-2.55677120109248	10.1373223568305
0.518	-11.420899112008	1.57121925045626	9.84967986155171
0.519	-13.0071733088498	3.90809241435066	9.09908089449913
0.52	-12.6973852589669	4.98376320420953	7.71362205475741
0.521	-10.249751538896	7.07692706955853	3.17282446933742
0.522	-6.77515976399741	9.89189316429157	-3.11673340029416
0.523	-4.95686245005674	12.835512925122	-7.87865047506522
0.524	-3.45180203226924	13.0297919709123	-9.57798993864305
0.525	-1.60872002172973	11.2439423331971	-9.63522231146741
0.526	2.5063819000544	7.74918983391511	-10.2555717339695
0.527	7.41782440557342	2.80122554033762	-10.219049945911
0.528	11.2763295560032	-1.19114583563816	-10.085183720365
0.529	12.9064598363492	-3.38163374454788	-9.52482609180134
0.53	12.7103430334901	-4.51704992025704	-8.19329311323311
0.531	10.3834944629338	-6.79404520493731	-3.58944925799653
0.532	7.15875325721948	-9.86423718091447	2.70548392369499
0.533	5.58888238739558	-12.9702129602417	7.38133057284609
0.534	4.27130114902467	-13.2816617072997	9.01036055827502
0.535	2.26796615338607	-11.5707794739505	9.30281332056439
0.536	-2.09661691767485	-8.068704686239	10.1653216039138
0.537	-7.19162553258675	-3.2396863292735	10.4313118618603
0.538	-11.0846461345585	0.607763525107853	10.4768826094507
0.539	-12.7847574923414	2.76175538088187	10.0230021114595
0.54	-12.6901600778073	4.11217842147556	8.57798165633175
0.541	-10.4295719403033	6.62987091512881	3.79970102517448
0.542	-7.33625296772913	9.86697630013906	-2.53072333240994
0.543	-5.80148352070799	13.0083794131607	-7.20689589245275
0.544	-4.44811719691047	13.3241234992209	-8.87600630231048
0.545	-2.31917811228997	11.567181198995	-9.24800308670502
0.546	2.13679925230767	8.01138902260769	-10.1481882749154
0.547	7.26584237537912	3.12046764457303	-10.3863100199521
0.548	11.1595191558332	-0.811873732536886	-10.3476454232963
0.549	12.8351310013625	-3.07655770367927	-9.75857329768321
0.55	12.6764809566372	-4.41386824502951	-8.26261271160773
0.551	10.3394065263515	-6.81797542921936	-3.52143109713216
0.552	7.04432947311157	-9.88904934684886	2.84471987373729
0.553	5.31196595259506	-12.9147772187508	7.60281126615577
0.554	3.78748285386263	-13.1176435538714	9.33016070000882
0.555	1.75981383698994	-11.2991178750084	9.53930403801843
0.556	-2.49964200758084	-7.74049461635829	10.2401366239391
0.557	-7.46454431039826	-2.73671590939462	10.2012602197929
0.558	-11.3361745775027	1.36284469797017	9.97332987953255
0.559	-12.9649607434265	3.70237247405811	9.26258826936838
0.56	-12.7059871221996	4.84428024592814	7.86170687627141
0.561	-10.2881195160993	7.00666456213963	3.28145495395972
0.562	-6.83766889241672	9.87044658038198	-3.03277768796526
0.563	-5.01545620783292	12.8337113787089	-7.81825517087595
0.564	-3.48115034260532	13.036260731503	-9.5551103888977
0.565	-1.60723638540506	11.2494280017343	-9.64219161632923
0.566	2.51325665844068	7.75009899355745	-10.2633556519981
0.567	7.42044847168024	2.76953842598928	-10.1899868976695
0.568	11.2948670285814	-1.28481616560029	-10.0100508629811
0.569	12.9390730890262	-3.5407623473763	-9.39831074164987
0.57	12.7231140171244	-4.65585913146587	-8.06725488565851
0.571	10.3694113824247	-6.86471933803572	-3.50469204438898
0.572	7.05161804657025	-9.84743823362753	2.79582018705728
0.573	5.38115747247739	-12.9123814514798	7.53122397900245
0.574	3.99035864280241	-13.1976605063874	9.20730186358494
0.575	2.05475934104453	-11.4825480734168	9.42778873237227
0.576	-2.20671002804894	-7.99758059482897	10.2042906228779
0.577	-7.23341261516541	-3.11505560153859	10.348468216704
0.578	-11.1393555717219	0.814936551894518	10.3244190198273
0.579	-12.8376579715389	3.00982873305561	9.82782923848332
0.58	-12.718122638857	4.27953011080627	8.43859252805077
0.581	-10.432810474711	6.68912761217187	3.74368286253914
0.582	-7.26218222121926	9.83594636471341	-2.57376414349415
0.583	-5.67667796625115	12.9647969461792	-7.28811897992808
0.584	-4.3156602822556	13.291317999428	-8.97565771717243
0.585	-2.26220949274481	11.5642828101185	-9.30207331737371
0.586	2.12160306780201	8.0442031780656	-10.1658062458676
0.587	7.22374465700463	3.14721467312147	-10.3709593301261
0.588	11.1365177323494	-0.79768277555275	-10.3388349567966
0.589	12.8401704817001	-3.05786345386501	-9.78230702783508
0.59	12.7053918399817	-4.37141020326262	-8.33398163671909
0.591	10.3904693496793	-6.76724275969036	-3.6232265899889
0.592	7.1187890488651	-9.85655915730487	2.73777010843977
0.593	5.41774193282745	-12.9184004083621	7.5006584755346
0.594	3.92802522177946	-13.1681946076471	9.24016938586765
0.595	1.90337437901709	-11.3896255163518	9.48625113733469
0.596	-2.37502375720148	-7.85354775876942	10.2285715159709
0.597	-7.37143817418002	-2.8695783696485	10.2410165438285
0.598	-11.2696800639525	1.21277750652713	10.0569025574254
0.599	-12.9374549318518	3.54995649230998	9.38749843954186
0.6	-12.7221558265003	4.72906501731186	7.99309080918849
0.601	-10.334135547879	6.93742799952426	3.39670754835478
0.602	-6.91331114910955	9.84513222426122	-2.93182107515167
0.603	-5.10521197495851	12.8375058206886	-7.73229384573005
0.604	-3.56935061651656	13.064382324216	-9.49503170769944
0.605	-1.67302876496454	11.2931311607	-9.62010239573544
0.606	2.46449019450068	7.79797353425106	-10.2624637287517
0.607	7.38451215813912	2.80587934492818	-10.1903915030673
0.608	11.2796203628299	-1.27932380287099	-10.0002965599589
0.609	12.9472759552899	-3.57476148335111	-9.37251447193874
0.61	12.7364759191856	-4.6964434255753	-8.04003249361025
0.611	10.377957081981	-6.88299294212626	-3.49496413985472
0.612	7.01435544011958	-9.82877403652458	2.814418596405
0.613	5.28569552741463	-12.8771234271696	7.59142789975501
0.614	3.84478396917351	-13.1541518771211	9.30936790794759
0.615	1.93982896591578	-11.4396875850298	9.49985861911407
0.616	-2.26327247396368	-7.96657945610455	10.2298519300682
0.617	-7.25120423762099	-3.04481813177156	10.2960223693926
0.618	-11.1710763412411	0.951731291742798	10.2193450494983
0.619	-12.8761141820389	3.19140288342017	9.68471129861875
0.62	-12.7399259933799	4.41193746745331	8.32798852592661
0.621	-10.4358851617544	6.73991768225456	3.69596747949988
0.622	-7.19434377528435	9.81065475329699	-2.61631097801264
0.623	-5.5507454545297	12.9221382971037	-7.37139284257402
0.624	-4.162090900789	13.249613029249	-9.08752212845997
0.625	-2.16978422340304	11.5393430197976	-9.3695587963946
0.626	2.14271501838318	8.04705959941196	-10.1897746177951
0.627	7.20779664419108	3.12965699485864	-10.3374536390497
0.628	11.1373058872946	-0.851405343611835	-10.2859005436828
0.629	12.8608673775247	-3.12758686536001	-9.73328051216469
0.63	12.7332960161895	-4.40106297140361	-8.33223304478593
0.631	10.4232633067386	-6.75700005532209	-3.66626325141648
0.632	7.1381758483177	-9.82718446937125	2.68900862105355
0.633	5.43637300442514	-12.904524382635	7.46815137820986
0.634	3.95892731798722	-13.184118150104	9.22519083211679
0.635	1.96007391395272	-11.4390966730062	9.47902275905347
0.636	-2.30202807757407	-7.92840068041123	10.2304287579853
0.637	-7.30403456054692	-2.9522644120619	10.2562989726088
0.638	-11.2249179949152	1.12919543748356	10.0957225574316
0.639	-12.925597559678	3.46751974453569	9.4580778151423
0.64	-12.7424449662463	4.65841600456466	8.08402896168162
0.641	-10.3780347227828	6.88494630354287	3.49308841923994
0.642	-6.97688413909689	9.81840969729627	-2.84152555819938
0.643	-5.18195789745003	12.8379051099165	-7.65594721246647
0.644	-3.65364570477881	13.0937178789622	-9.44007217418335
0.645	-1.74951731817297	11.3459713312444	-9.59645401307146
0.646	2.3982909686672	7.86254205471543	-10.2608330233826
0.647	7.33257298286498	2.86839100165171	-10.2009639845167
0.648	11.2498267068924	-1.23292002693088	-10.0169066799615
0.649	12.9450162686116	-3.55201787740434	-9.39299839120727
0.65	12.7517511174938	-4.68698057990343	-8.06477053759036
0.651	10.4004597028495	-6.87158556163197	-3.52887414121754
0.652	7.01837559522505	-9.80776370986465	2.7893881146396
0.653	5.25927681332542	-12.8562038850488	7.59692707172338
0.654	3.78870111984806	-13.1383294833706	9.34962836352256
0.655	1.89635786964354	-11.4318114462079	9.53545357656436
0.656	-2.27604432851935	-7.96926245791233	10.2453067864317
0.657	-7.24558903221928	-3.02132676503255	10.2669157972518
0.658	-11.1809105861135	1.0242543602519	10.1566562258616
0.659	-12.9005523627792	3.30419542907832	9.59635693370087
0.66	-12.7579117414285	4.49930288880775	8.25860885262079
0.661	-10.4458990614795	6.77119658844964	3.67470247302985
0.662	-7.14782775990456	9.7886334964959	-2.64080573659135
0.663	-5.45263619933304	12.8861040307141	-7.4334678313811
0.664	-4.03061567302039	13.2132915694131	-9.18267589639267
0.665	-2.08142011536045	11.5137340562133	-9.43231394085286
0.666	2.17052552783897	8.04321903024039	-10.2137445580794
0.667	7.20051751301792	3.10096013678364	-10.3014776498016
0.668	11.1468854476834	-0.925760151821157	-10.2211252958622
0.669	12.8855869943655	-3.22880720019783	-9.65677979416772
0.67	12.7584141444342	-4.46197757777335	-8.2964365666609
0.671	10.4454867280697	-6.76716478252657	-3.67832194554314
0.672	7.12864314082373	-9.80071975503852	2.67207661421479
0.673	5.40583502304088	-12.8807269215719	7.47489189853104
0.674	3.92344084696515	-13.1777730251463	9.25433217818111
0.675	1.95957300004401	-11.4598623304772	9.50028933043321
0.676	-2.26664472984953	-7.97415455249877	10.2407992823483
0.677	-7.25756373840747	-2.99574615744513	10.2533098958526
0.678	-11.1979745904967	1.09954039881433	10.0984341916824
0.679	-12.9258844225634	3.44575144309081	9.4801329794726
0.68	-12.764196919555	4.63090521976365	8.13329169979136
0.681	-10.4159639645586	6.85239878464661	3.56356517991203
0.682	-7.02013541201772	9.79190423069824	-2.77176881868052
0.683	-5.22951123916593	12.8315456396453	-7.60203440047942
0.684	-3.70723931674548	13.1149588883309	-9.40771957158542
0.685	-1.80915833386107	11.3929832918788	-9.58382495801773
0.686	2.33587208882508	7.92647135347655	-10.2623434423016
0.687	7.27860868790763	2.93251717631196	-10.2111258642196
0.688000000000001	11.2174179549522	-1.18067918532741	-10.0367387696248
0.689000000000001	12.9411551607623	-3.51607986560366	-9.42507529515865
0.690000000000001	12.7690411692948	-4.66120809456589	-8.10783307472895
0.691000000000001	10.4299389062349	-6.84792554667316	-3.58201335956176
0.692000000000001	7.04158165164326	-9.78469538427693	2.74311373263368
0.693000000000001	5.26699764858713	-12.8420141945646	7.57501654597744
0.694000000000001	3.78027504256403	-13.1376979193976	9.35742287683359
0.695000000000001	1.89460834488601	-11.4450629497764	9.55045460489044
0.696000000000001	-2.26084616235756	-7.994070022858	10.2549161852156
0.697000000000001	-7.22272544726015	-3.02980824517688	10.252533692437
0.698000000000001	-11.1752698111479	1.05155000042186	10.123719810726
0.699000000000001	-12.9145538731923	3.36478082142404	9.54977305176822
0.700000000000001	-12.7744929734025	4.54895806561921	8.22553490778334
0.701000000000001	-10.4619576110166	6.78521632884247	3.67674128217408
0.702000000000001	-7.12348861818425	9.76779312339148	-2.64430450520723
0.703000000000001	-5.38785803225564	12.8569981178965	-7.46914008564084
0.704000000000001	-3.93430259580178	13.1870189842586	-9.25271638845687
0.705000000000001	-2.01341372951585	11.4971714994192	-9.48375776990338
0.706000000000001	2.19040464554219	8.04440957477157	-10.2348142203138
0.707000000000001	7.19169994530817	3.07899335731938	-10.2706933026275
0.708000000000001	11.1540421379273	-0.992890330300801	-10.1611518076265
0.709000000000001	12.9090040854517	-3.32711816177151	-9.58188592368019
0.710000000000001	12.7805231587567	-4.52724711408337	-8.25327604467336
0.711000000000001	10.4632347342202	-6.7835046059959	-3.67973012822434
0.712000000000001	7.10986996234769	-9.77668773694387	2.66681777459618
0.713000000000001	5.35642260646096	-12.8531198513471	7.49669724488616
0.714000000000001	3.85898742910634	-13.1609660623579	9.30197863325152
0.715000000000001	1.92930278676615	-11.4646242089404	9.53532142217428
0.716000000000001	-2.25290283066865	-8.00266879379094	10.2555716244596
0.717000000000001	-7.22423953031369	-3.01640739388498	10.2406469241987
0.718000000000001	-11.1820483488985	1.10295594805576	10.0790924008428
0.719000000000001	-12.9334105867108	3.46353234878123	9.46987823792955
0.720000000000001	-12.7856801507327	4.63405600355457	8.15162414717816
0.721000000000001	-10.4478389165615	6.83577469695642	3.61206421960504
0.722000000000001	-7.04529018691312	9.76635649877715	-2.72106631186403
0.723000000000001	-5.24892943702196	12.8189349525769	-7.57000551555493
0.724000000000001	-3.72708964107075	13.1260429094913	-9.39895326842056
0.725000000000001	-1.84452275593951	11.4289240599231	-9.58440130398354
0.726000000000001	2.28563539824519	7.98206499779777	-10.267700396043
0.727000000000001	7.22941555537797	2.98697551946154	-10.2163910748395
0.728000000000001	11.1882722337374	-1.13941554472924	-10.0488566890082
0.729000000000001	12.9398338704297	-3.48944258156351	-9.45039128886615
0.730000000000001	12.787606749654	-4.63845306274931	-8.14915368690465
0.731000000000001	10.4613070223692	-6.82322441156588	-3.63808261080328
0.732000000000001	7.06924590080453	-9.76070882297872	2.69146292217419
0.733000000000001	5.28472677151349	-12.8295786023547	7.5448518308412
0.734000000000001	3.78869410000629	-13.1427662769729	9.3540721769666
0.735000000000001	1.91021945155515	-11.4676103766443	9.55739092508911
0.736000000000001	-2.23195098810275	-8.03011423071074	10.2620652188135
0.737000000000001	-7.19056537758397	-3.05511070760186	10.2456760851858
0.738000000000001	-11.1610980026778	1.05388160339366	10.1072163992841
0.739000000000001	-12.922686927563	3.39458206841278	9.5281048591502
0.740000000000001	-12.7918034923208	4.57396761300532	8.21783587931547
0.741000000000001	-10.4824475158404	6.78721869825763	3.69522881758274
0.742000000000001	-7.1156728688056	9.74704832245285	-2.63137545364725
0.743000000000001	-5.34912440768483	12.8334853638012	-7.48436095611639
0.744000000000001	-3.86946213608861	13.170113257048	-9.30065112095938
0.745000000000001	-1.96819902270951	11.491209878922	-9.52301085621246
0.746000000000001	2.19841385428228	8.05409496564717	-10.2525088199294
0.747000000000001	7.17735471548546	3.06981713643898	-10.2471718519244
0.748000000000001	11.1556684532501	-1.04357525753811	-10.112093195712
0.749000000000001	12.9284595892918	-3.40904953755722	-9.51941005173458
0.750000000000001	12.8003967614635	-4.58446759291043	-8.21592916855304
0.751000000000001	10.4802419254542	-6.79882157435456	-3.68142035109962
0.752000000000001	7.09233165955604	-9.75424399610642	2.66191233655038
0.753000000000001	5.30600254667131	-12.8255473927651	7.51954484609376
0.754000000000001	3.78904831930759	-13.141457476153	9.35240915684546
0.755000000000001	1.88898977181896	-11.4628981229672	9.57390835114829
0.756000000000001	-2.24833230252109	-8.0233169624789	10.271649265
0.757000000000001	-7.19769725886864	-3.02651590997892	10.2242131688476
0.758000000000001	-11.1713168306471	1.12156721563631	10.0497496150107
0.759000000000001	-12.9440272613444	3.50112456690943	9.44290269443493
0.760000000000001	-12.8061005260039	4.65440712902985	8.15169339697407
0.761000000000001	-10.4751630332442	6.82919131486328	3.64597171838094
0.762000000000001	-7.05838172411962	9.74198931268915	-2.68360758856953
0.763000000000001	-5.24780553015597	12.8027089091583	-7.55490337900229
0.764000000000001	-3.72173274493814	13.1288747582299	-9.40714201329179
0.765000000000001	-1.85946505858814	11.4545861180825	-9.59512105949434
0.766000000000001	2.24761199216543	8.02841919835008	-10.2760311905155
0.767000000000001	7.1864508834014	3.03008066885756	-10.216531552259
0.768000000000001	11.1637195314419	-1.11236013808577	-10.0513593933562
0.769000000000001	12.9417366133806	-3.47784290690459	-9.46389370647605
0.770000000000001	12.806612330998	-4.62516154648694	-8.18145078451106
0.771000000000001	10.4919678979762	-6.80213688913374	-3.68983100884247
0.772000000000001	7.09469222311319	-9.73674610247983	2.64205387936664
0.773000000000001	5.30070045598746	-12.8166121151865	7.51591165919904
0.774000000000001	3.79815005200719	-13.1484357979549	9.35028574594775
0.775000000000001	1.92940063368599	-11.4923995196695	9.56299888598356
0.776000000000001	-2.1987560386765	-8.07001106399216	10.2687671026687
0.777000000000001	-7.15476126818546	-3.08705175251976	10.2418130207052
0.778000000000001	-11.1433364169301	1.04529206876993	10.0980443481602
0.779000000000001	-12.9280681812131	3.40950537843864	9.51856280277442
0.780000000000001	-12.8103108486674	4.58567946345936	8.22463138520807
0.781000000000001	-10.5055562099755	6.78236316550984	3.72319304446563
0.782000000000001	-7.11796502339388	9.72623410140408	-2.60826907801021
0.783000000000001	-5.32717098921251	12.8136399174383	-7.48646892822583
0.784000000000001	-3.82608420355177	13.1596682484797	-9.33358404492794
0.785000000000001	-1.94025462781696	11.4934043268037	-9.55314969898676
0.786000000000001	2.19637210576166	8.07112291792647	-10.2674950236881
0.787000000000001	7.15795878586856	3.07143746509117	-10.2293962509597
0.788000000000001	11.1518512768547	-1.07824215681571	-10.073609120039
0.789000000000001	12.943746829561	-3.47299913439133	-9.4707476951697
0.790000000000001	12.8187400053287	-4.6303830019288	-8.18835700339991
0.791000000000001	10.4979988650309	-6.80997666991494	-3.68802219511594
0.792000000000001	7.0799712909206	-9.73279216814855	2.65282087722795
0.793000000000001	5.26225549829727	-12.7996827099134	7.53742721161611
0.794000000000001	3.7249041830844	-13.1231017620555	9.39819757897111
0.795000000000001	1.84985919901825	-11.4603411858051	9.61048198678688
0.796000000000001	-2.24625693424535	-8.04145226493215	10.2877091991775
0.797000000000001	-7.17393092915507	-3.03372694838329	10.2076578775384
0.798000000000001	-11.1622568655931	1.14424995800027	10.0180069075928
0.799000000000001	-12.9555083806994	3.54553066209309	9.40997771860631
0.800000000000001	-12.8252805836418	4.68236287893836	8.14291770470345
0.801000000000001	-10.4995349187681	6.82809323191302	3.67144168685504
0.802000000000001	-7.06474704408565	9.7188991301382	-2.65415208605256
0.803000000000001	-5.23474184984659	12.7841313769092	-7.54938952706263
0.804000000000001	-3.70010906750292	13.12601154228	-9.42590247477709
0.805000000000001	-1.85968717210711	11.4723419719841	-9.61265479987701
0.806000000000001	2.21964508374515	8.06681775796693	-10.2864628417121
0.807000000000001	7.14924804883915	3.0633825713571	-10.2126306201962
0.808000000000001	11.1435143473689	-1.09828609382276	-10.0452282535462
0.809000000000001	12.9464775924769	-3.48102066035854	-9.4654569321184
0.810000000000001	12.8254336521392	-4.62257472440972	-8.20285892772951
0.811000000000001	10.5207220330299	-6.78621452031432	-3.7345075127156
0.812000000000001	7.11519062087004	-9.71330456189249	2.59811394102245
0.813000000000001	5.3099115409366	-12.8021640375982	7.49225249666161
0.814000000000001	3.80097563787661	-13.1520580532831	9.35108241540651
0.815000000000001	1.94471049431411	-11.515434323189	9.57072382887491
0.816000000000001	-2.16683738204374	-8.10924051366369	10.2760778957074
0.817000000000001	-7.11892570309871	-3.1193470269824	10.2382727300811
0.818000000000001	-11.1246888033877	1.03446926951725	10.0902195338704
0.819000000000001	-12.9327838568867	3.42021738933381	9.51256646755292
0.820000000000001	-12.8287447540674	4.59305029508293	8.23569445898442
0.821000000000001	-10.530004974984	6.77480998948247	3.75519498550157
0.822000000000001	-7.12524135242701	9.70550406674346	-2.58026271431645
0.823000000000001	-5.3140612816048	12.7958463680456	-7.48178508644077
0.824000000000001	-3.79467174052615	13.1529838125967	-9.35831207207059
0.825000000000001	-1.92260245373052	11.500618829193	-9.57801637546252
0.826000000000001	2.18754995651519	8.09335535434635	-10.2809053108615
0.827000000000001	7.13516238613698	3.08037087938136	-10.2155332655183
0.828000000000001	11.1445429456941	-1.10201336862541	-10.0425295770686
0.829000000000001	12.9563148999613	-3.5239219886827	-9.43239291127857
0.830000000000001	12.8362436166065	-4.66797672586223	-8.16826689074431
0.831000000000001	10.5167284180263	-6.81788831249091	-3.69884010553544
0.832000000000001	7.07215096138846	-9.71185965837525	2.63970869698679
0.833000000000001	5.22440893687979	-12.7752967406379	7.55088780375814
0.834000000000001	3.66538470466201	-13.1059278561903	9.44054315152827
0.835000000000001	1.81322341913578	-11.4581668886017	9.64494346946588
0.836000000000001	-2.24360672768858	-8.06005859779091	10.3036653254795
0.837000000000001	-7.15146648680881	-3.0402133918578	10.1916798786666
0.838000000000001	-11.1536659633319	1.16800392176983	9.98566204156207
0.839000000000001	-12.9673310007068	3.59292945597325	9.37440154473354
0.840000000000001	-12.8436887118423	4.71437975747624	8.12930895436604
0.841000000000001	-10.5221629312115	6.83029215241473	3.69187077879681
0.842000000000001	-7.06735116457249	9.69670288676797	-2.62935172219547
0.843000000000001	-5.21444507835048	12.7639630285379	-7.54951795018743
0.844000000000001	-3.66839652059956	13.1193943241779	-9.45099780357835
0.845000000000001	-1.85019619252429	11.4847651998514	-9.63456900732714
0.846000000000001	2.19852500126188	8.09981729407871	-10.2983422953406
0.847000000000001	7.11610034084927	3.08999626865501	-10.2060966095043
0.848000000000001	11.1262791362851	-1.09312669022104	-10.0331524460641
0.849000000000001	12.9531747130668	-3.49476912492909	-9.45840558813771
0.850000000000001	12.8440758470288	-4.62803771739455	-8.21603812963427
0.851000000000001	10.5480185039515	-6.77468077281782	-3.77333773113365
0.852000000000001	7.13189876102538	-9.69029128351389	2.5583925224885
0.853000000000001	5.31367493707309	-12.7864757383314	7.47280080125834
0.854000000000001	3.7979701412652	-13.1538317413173	9.35586160005212
0.855000000000001	1.95610142916399	-11.5366184295985	9.58051700043453
0.856000000000001	-2.13660441945673	-8.14748419117899	10.2840886106357
0.857000000000001	-7.08345239731635	-3.15114946943335	10.2346018667497
0.858000000000001	-11.1058320278517	1.02329299374339	10.0825390341083
0.859000000000001	-12.9372395303929	3.42936058081767	9.50787894957524
0.860000000000001	-12.8471689206768	4.59843000966921	8.24873891100757
0.861000000000001	-10.5552915721542	6.76584850152575	3.78944307062847
0.862000000000001	-7.13546603648154	9.68484793965682	-2.54938190317528
0.863000000000001	-5.30640186678363	12.7792427249089	-7.47284085812531
0.864000000000001	-3.77101612125588	13.1487402470019	-9.37772412574604
0.865000000000001	-1.91163026943316	11.511103140858	-9.59947287142488
0.866000000000001	2.17380282607419	8.11948236689997	-10.2932851929742
0.867000000000001	7.1100151210425	3.09439578357841	-10.2044109046209
0.868000000000001	11.1345584412916	-1.11787503219771	-10.0166834090939
0.869000000000001	12.9668507500104	-3.56550758315319	-9.40134316685724
0.870000000000001	12.8532272638818	-4.69927093359336	-8.15395633028845
0.871000000000001	10.5364248960502	-6.82305146001888	-3.71337343603131
0.872000000000001	7.06821778130836	-9.69132237775446	2.62310459644611
0.873000000000001	5.19217413236203	-12.7521151014533	7.55994096909122
0.874000000000001	3.61231915511586	-13.0913423764736	9.47902322135777
0.875000000000001	1.78013059720538	-11.4570172282701	9.67688663106474
0.876000000000001	-2.24005868464059	-8.07909266491822	10.3191513495588
0.877000000000001	-7.12920647630066	-3.04755598577606	10.1767624620767
0.878000000000001	-11.1447468036724	1.19031710181783	9.95442970185458
0.879000000000001	-12.9790391937495	3.64029074157208	9.33874845217747
0.880000000000001	-12.861491189182	4.74788267557823	8.11360851360379
0.881000000000001	-10.5438270652571	6.83433135246116	3.70949571279593
0.882000000000001	-7.06797935318883	9.67530183414276	-2.60732248095394
0.883000000000001	-5.19011095848945	12.7428820568352	-7.55277109834572
0.884000000000001	-3.6306599936266	13.1112882543273	-9.48062826070072
0.885000000000001	-1.83414130685551	11.4934348940472	-9.65929358719167
0.886000000000001	2.18243221009156	8.12885294164022	-10.3112851517318
0.887000000000001	7.08604853113168	3.11164651503966	-10.1976950461713
0.888000000000001	11.1112519200921	-1.09484966853658	-10.0164022515555
0.889000000000001	12.9613272605039	-3.51714214148556	-9.44418511901837
0.890000000000001	12.8624562267289	-4.640499530847	-8.2219566958819
0.891000000000001	10.574076746005	-6.76716111167796	-3.80691563432708
0.892000000000001	7.14500809145775	-9.6676538449854	2.52264575352765
0.893000000000001	5.31174946772383	-12.7693521037916	7.45760263606774
0.894000000000001	3.78832690644999	-13.1534062801416	9.36507937369165
0.895000000000001	1.96186746737898	-11.5549233118075	9.59305584442854
0.896000000000001	-2.10902225045052	-8.1839325937652	10.2929548442157
0.897000000000001	-7.04893640464601	-3.1811836777603	10.2301200824063
0.898000000000001	-11.0873074884454	1.01389169456386	10.0734157938815
0.899000000000001	-12.941906143336	3.43985630202367	9.50204984131232
0.900000000000001	-12.8656653690834	4.60423387074568	8.26143149833767
0.901000000000001	-10.5810287219153	6.75676213711014	3.82426658480516
0.902000000000001	-7.14712730494669	9.66429974591934	-2.51717244097265
0.903000000000001	-5.30137976051045	12.763152767747	-7.46177300723659
0.904000000000001	-3.75148351899453	13.1458749185676	-9.39439139957304
0.905000000000001	-1.90450443763103	11.5236020020367	-9.61909756440568
0.906000000000001	2.15743557801752	8.1478457418742	-10.3052813198917
0.907000000000001	7.08318563474578	3.11208939576874	-10.1952750305145
0.908000000000001	11.1224113668916	-1.1277844026391	-9.99462696425255
0.909000000000001	12.975836896309	-3.59988491251012	-9.37595198379888
0.910000000000001	12.8699242602409	-4.72533086690755	-8.14459339333338
0.911000000000001	10.5571560657704	-6.82569891400236	-3.73145715176802
0.912000000000001	7.06782254779845	-9.67084048233713	2.60301793453868
0.913000000000001	5.16540604703052	-12.7299556322092	7.5645495851787
0.914000000000001	3.56590828897618	-13.0786489395489	9.51274065057276
0.915000000000001	1.75190056747317	-11.457848465768	9.70594789829481
0.916000000000001	-2.23439425883752	-8.09960898523279	10.3340032440703
0.917000000000001	-7.10612987146204	-3.05724620311661	10.1633760745787
0.918000000000001	-11.1346241755557	1.20904670526197	9.92557747029368
0.919000000000001	-12.9899882232263	3.6845599014058	9.30542832182052
0.920000000000001	-12.8787381855817	4.78014566322272	8.09859252235897
0.921000000000001	-10.5652170328255	6.83851025715706	3.7267067756684
0.922000000000001	-7.06852362052252	9.65495641695121	-2.58643279642869
0.923000000000001	-5.16539495377411	12.7216326466768	-7.55623769290267
0.924000000000001	-3.59164092198389	13.102660621175	-9.51101969919116
0.925000000000001	-1.81554508348703	11.5004141403034	-9.68486905681634
0.926000000000001	2.16890695875319	8.15580729497515	-10.3247142537283
0.927000000000001	7.05782174302706	3.1307431739817	-10.1885649170088
0.928000000000001	11.0974442566645	-1.10023806640044	-9.99720619026402
0.929000000000001	12.9701489459873	-3.54445332452787	-9.42569562145945
0.930000000000001	12.8804634932829	-4.65748721714613	-8.22297627613674
0.931000000000001	10.5991011606446	-6.76238415393352	-3.83671700671106
0.932000000000001	7.15552037936905	-9.64550265885378	2.48998227948473
0.933000000000001	5.30551153651635	-12.7511940579376	7.44568252142126
0.934000000000001	3.77315840934454	-13.1510557667792	9.37789735743462
0.935000000000001	1.96195969808068	-11.5701885202673	9.60822882218667
0.936000000000001	-2.084278477461	-8.21834354927435	10.3026220267354
0.937000000000001	-7.01574403383102	-3.20894808438616	10.2246921182172
0.938000000000001	-11.0694723494118	1.00727852133136	10.0621938280804
0.939000000000001	-12.9471066622888	3.45339188452789	9.4937147777609
0.940000000000001	-12.8841003177856	4.61212966169184	8.27197065609374
0.941000000000001	-10.6066643776469	6.74863104892585	3.85803332872102
0.942000000000001	-7.1587158254362	9.64398902784058	-2.48527320240438
0.943000000000001	-5.29629510886348	12.7469635988515	-7.45066848998801
0.944000000000001	-3.73243374798373	13.1432043260347	-9.41077057805098
0.945000000000001	-1.89801733163612	11.536513634779	-9.63849630314288
0.946000000000001	2.14045483268469	8.17694102259968	-10.3173958552844
0.947000000000001	7.05558673721043	3.13145990720717	-10.1870466444176
0.948000000000001	11.1091472264039	-1.13479457345387	-9.97435265295004
0.949000000000001	12.9840172460434	-3.63060657925671	-9.35341066678667
0.950000000000001	12.8865281126285	-4.74868789472912	-8.13784021789936
0.951000000000001	10.5786097953889	-6.82709927394995	-3.75151052143891
0.952000000000001	7.06982416598757	-9.65041233278406	2.58058816679649
0.953000000000001	5.14234495391431	-12.708409031378	7.56606407746373
0.954000000000001	3.52429089816903	-13.067333584715	9.54304268654596
0.955000000000001	1.72800847652445	-11.4611259308482	9.73311745432378
0.956000000000001	-2.22682450462377	-8.12151765405714	10.3483421586809
0.957000000000001	-7.08200204161093	-3.06937268447481	10.1513747260857
0.958000000000001	-11.1231406293447	1.22398829322051	9.8991523361242
0.959000000000001	-12.9999538284602	3.72470063497172	9.2752531934885
0.960000000000001	-12.8954988090805	4.80975366727912	8.08574514180138
0.961000000000001	-10.5867499225239	6.8417402007303	3.74500972179364
0.962000000000001	-7.0706903004591	9.63496456067706	-2.56427426021795
0.963000000000001	-5.14281269417837	12.7007000202489	-7.55788732607057
0.964000000000001	-3.5552037830179	13.0943586644474	-9.53915488142947
0.965000000000001	-1.79807219091305	11.5076137865341	-9.70954159562107
0.966000000000001	2.15570972907728	8.1826554106903	-10.3383651397676
0.967000000000001	7.03004144128889	3.14987304816432	-10.1799144894532
0.968000000000001	11.0837348736829	-1.10579298721381	-9.97794188646905
0.969000000000001	12.9787181402396	-3.57202813254022	-9.40669000769939
0.970000000000001	12.8980158406312	-4.67552400736181	-8.22249183326941
0.971000000000001	10.6235645781626	-6.75866733236137	-3.86489724580123
0.972000000000001	7.16508320181547	-9.6238029206208	2.45871971880533
0.973000000000001	5.29772777068325	-12.7327384427365	7.43501067205328
0.974000000000001	3.75556515952945	-13.1477288790401	9.3921637195107
0.975000000000001	1.95914513489767	-11.5837696974402	9.62462456254253
0.976000000000001	-2.06174627170241	-8.25104670952466	10.3127929812271
0.977000000000001	-6.98399183578204	-3.23466277337817	10.2186546091602
0.978000000000001	-11.0523130104345	1.00315631369786	10.0491566967367
0.979000000000001	-12.9527888217715	3.47004531296314	9.48274350880838
0.980000000000001	-12.9022282660797	4.62269836545927	8.27952990062047
0.981000000000001	-10.6316769764348	6.74204136205781	3.88963561437704
0.982000000000001	-7.16910976420275	9.62404231456829	-2.45493255036554
0.983000000000001	-5.28931268387287	12.7301742889582	-7.44086160508531
0.984000000000001	-3.71123717073037	13.1397705658096	-9.42853339507925
0.985000000000001	-1.88970485889056	11.5484573160094	-9.65875245711884
0.986000000000001	2.12468680297292	8.20525402312814	-10.3299408261011
0.987000000000001	7.02796086594413	3.1509917172795	-10.1789525832236
0.988000000000001	11.0957475426841	-1.14173628821791	-9.95401125446615
0.989000000000001	12.9920908293643	-3.66111089740969	-9.33097993195457
0.990000000000001	12.9029988348525	-4.77208181546762	-8.13091701938488
0.991000000000001	10.600220386558	-6.82870310636831	-3.77151728018971
0.992000000000001	7.07264402963155	-9.63023533620508	2.55759130657353
0.993000000000001	5.12014491347697	-12.6866842608486	7.56653934737161
0.994000000000001	3.4844409204238	-13.0565438828337	9.5721029624099
0.995000000000001	1.70581056849114	-11.4654222387635	9.75961167027236
0.996000000000001	-2.21865010315832	-8.14394574226058	10.3625958454189
0.997000000000001	-7.05744205977393	-3.08276542636026	10.1402074861342
0.998000000000001	-11.1107882546285	1.23676203904833	9.87402621558016
0.999000000000001	-13.0093574343655	3.76255568140411	9.24680175296143
1	-12.9118997281383	4.83764176945128	8.074257958687
1.001	-10.6084308650477	6.8442460799929	3.76418478505481
1.002	-7.07426788195529	9.61517904414218	-2.54091116218689
1.003	-5.12252522542347	12.6800428210865	-7.55751759566306
1.004	-3.5217341451408	13.0864979428723	-9.56476379773154
1.005	-1.78249349296562	11.5154795279819	-9.7329860350163
1.006	2.14186493322498	8.20983838255487	-10.3517033157799
1.007	7.00215754606865	3.16985954344966	-10.1720170895183
1.008	11.0696030048502	-1.10988391650084	-9.95971908834933
1.009	12.986678885959	-3.5979700006853	-9.38870888527375
1.01	12.915334360794	-4.69287214407716	-8.22246221671688
1.011	10.6478676591971	-6.75503962741095	-3.8928280317862
1.012	7.17495466899511	-9.60259679510466	2.42764212610955
1.013	5.29048893141183	-12.7145455080164	7.42405657660461
1.014	3.73820656851481	-13.1443179548204	9.40611138630561
1.015	1.95574520421023	-11.5968392000529	9.64109399584264
1.016	-2.04002027124462	-8.28311255621152	10.3231328274561
1.017	-6.95257399559601	-3.26004149395637	10.2126154895524
1.018	-11.0352457495751	0.999599075461624	10.0356466741134
1.019	-12.9583834446087	3.48753310420865	9.47085034040006
1.02	-12.9199090994449	4.63431936789188	8.28558973155307
1.021	-10.6560981413326	6.73642132511363	3.91967681621892
1.022	-7.17890957694813	9.60447271634609	-2.42556313939796
1.023	-5.28134204199728	12.7131162571943	-7.431774215197
1.024	-3.68868595731566	13.1357517623734	-9.44706580505778
1.025	-1.88043740000674	11.5601741618638	-9.67973676185708
1.026	2.11017929020544	8.23254300497852	-10.342722295184
1.027	7.00088760430867	3.17008722206495	-10.1709748263736
1.028	11.0821404517637	-1.14844462489008	-9.93369582687361
1.029	13.00021115362	-3.69132906943008	-9.30888208418992
1.03	12.9190602803679	-4.79496971302206	-8.12409056734583
1.031	10.6217697686876	-6.83003571179925	-3.79173405688833
1.032	7.07642280347341	-9.61032243046467	2.53389962699125
1.033	5.10004078260553	-12.6650725823259	7.56503179972032
1.034	3.44735203974404	-13.0465168196362	9.59916477989219
1.035	1.68542804772907	-11.4703102862943	9.78488223856526
1.036	-2.20972458083198	-8.1668604911378	10.3765850719698
1.037	-7.03298641913575	-3.09712077449317	10.1301071936289
1.038	-11.0978251563454	1.24725967308496	9.85056548326041
1.039	-13.0182050264432	3.7978260259232	9.22037900051996
1.04	-12.9280145750388	4.86395363375522	8.06406094128362
1.041	-10.6305614788173	6.84588873261198	3.78467274620527
1.042	-7.07884611747735	9.59586265618627	-2.51701653870893
1.043	-5.10460183536612	12.6594214580822	-7.55481962271607
1.044	-3.48993407109286	13.0788046194624	-9.58887054836952
1.045	-1.7672841966673	11.5232611747345	-9.75597697806725
1.046	2.12867586957186	8.23637526694043	-10.3650511365123
1.047	6.97509433643676	3.18921518326048	-10.1643095196972
1.048	11.05580238712	-1.11475376444452	-9.94104862267551
1.049	12.9945630145681	-3.62519778844001	-9.3693652261281
1.05	12.9327855106359	-4.71190787194017	-8.22087763869571
1.051	10.6713535501387	-6.75286295241359	-3.91849059772512
1.05199999999999	7.18340169259138	-9.58196228185889	2.39856058926751
1.05299999999999	5.28095765871856	-12.6958895442947	7.41493188557615
1.05399999999999	3.7174800231643	-13.139615845387	9.42213582222267
1.05499999999999	1.94875097461277	-11.6078701625589	9.65911918794614
1.05599999999999	-2.02084988008619	-8.31326088268175	10.3341107627679
1.05699999999999	-6.92256062639477	-3.28324770607055	10.2058083324653
1.05799999999999	-11.0188743021953	0.998682518907174	10.0201917832882
1.05899999999999	-12.964413245995	3.50821090773045	9.4562023382646
1.05999999999999	-12.9373292204084	4.64859249253019	8.28873672787816
1.06099999999999	-10.6798856860838	6.7324276831227	3.94745800296108
1.06199999999999	-7.18780967798812	9.58529011843699	-2.39748044044886
1.06299999999999	-5.271872046215	12.6956741325071	-7.42380208629208
1.06399999999999	-3.66458463548556	13.1311592931063	-9.46657465762071
1.06499999999999	-1.86997495777773	11.5712855044647	-9.70131054668696
1.06599999999999	2.09663296064171	8.25925661585092	-10.3558895764926
1.06699999999999	6.97396660893369	3.18934275632304	-10.1633093652567
1.06799999999999	11.0680571466277	-1.15416455193401	-9.91389259469365
1.06899999999999	13.0078488966424	-3.72001337971977	-9.28783551692264
1.06999999999999	12.9349686532871	-4.81673804421698	-8.11823060907008
1.07099999999999	10.6436530800509	-6.83070848108071	-3.81294459897016
1.07199999999999	7.08164925546746	-9.59055537761714	2.50890612214968
1.07299999999999	5.08249668937292	-12.6439510186289	7.56145432925598
1.07399999999999	3.41399714789909	-13.0375057950198	9.62350864712074
1.07499999999999	1.6679158576624	-11.4764264262569	9.80851056859454
1.07599999999999	-2.19917540701669	-8.19093804163667	10.3901134486534
1.07699999999999	-7.0077915869255	-3.11346208174365	10.1212536686691
1.07799999999999	-11.0838297907428	1.25455907051147	9.82927072023129
1.07899999999999	-13.0261515804094	3.82927214957348	9.19687943083589
1.07999999999999	-12.9438217608233	4.88768640916551	8.05613535165775
1.08099999999999	-10.6532752566235	6.84627080525257	3.80700445137096
1.08199999999999	-7.08494081322079	9.57688341014152	-2.49194259692073
1.08299999999999	-5.08921149364093	12.6393338852512	-7.55012239161031
1.08399999999999	-3.46114141673392	13.0717146554219	-9.61057323868794
1.08499999999999	-1.75384509889702	11.531660415372	-9.77781531647497
1.08599999999999	2.11520876882491	8.26293327012719	-10.3781420389521
1.08699999999999	6.94830519438226	3.20890647832497	-10.1572116727072
1.08799999999999	11.0418824400731	-1.11905234885232	-9.92283009122073
1.08899999999999	13.0020171728251	-3.65199699754218	-9.35002017528289
1.08999999999999	12.9497242832209	-4.73140192949184	-8.2183223537291
1.09099999999999	10.6943067761439	-6.75142551057044	-3.94288126557346
1.09199999999999	7.19137116729236	-9.56193287861034	2.37056171131798
1.09299999999999	5.27040103762046	-12.6771297809582	7.40672874333776
1.09399999999999	3.69456902304391	-13.1340922066588	9.43952318361488
1.09499999999999	1.9393828344262	-11.6174453372112	9.67806250278502
1.09599999999999	-2.00360072781682	-8.34186926070521	10.345469988522
1.09699999999999	-6.89369531082595	-3.30485178100074	10.1985470918267
1.09799999999999	-11.0028054384089	0.999520063825494	10.0032853745834
1.09899999999999	-12.9706841807132	3.53119490739664	9.43948927331652
1.09999999999999	-12.9543500744854	4.6650125572213	8.28933751726409
1.10099999999999	-10.7030021719199	6.7298659337231	3.97313623819679
1.10199999999999	-7.19574412435085	9.56654233889011	-2.37079821453926
1.10299999999999	-5.26078994766587	12.6778961898521	-7.41710624218618
1.10399999999999	-3.63861774905934	13.1258336976627	-9.48721594860339
1.10499999999999	-1.85770786949056	11.5813630583973	-9.72365518890669
1.10599999999999	2.08432155705426	8.28508165352062	-10.3694032105749
1.10699999999999	6.94766937012161	3.20812184108188	-10.1557912112035
1.10799999999999	11.0539106634457	-1.1598591020755	-9.89405156137017
1.10899999999999	13.0153403181793	-3.74845399881909	-9.26688631936025
1.10999999999999	12.950730007388	-4.8386500061392	-8.11208000124885
1.11099999999999	10.6655983136029	-6.83140882392669	-3.83418948967624
1.11199999999999	7.0875598688698	-9.57104416450512	2.48348429563532
1.11299999999999	5.06623725593176	-12.6230625465549	7.55682529062318
1.11399999999999	3.38254394427867	-13.0290577135072	9.64651376922858
1.11499999999999	1.65183297499374	-11.4830142822272	9.83118130723345
1.11599999999999	-2.18791989125068	-8.21549579881513	10.4034156900658
1.11699999999999	-6.98225905638182	-3.13095323476543	10.1132122911472
1.11799999999999	-11.0692100521549	1.25987585889781	9.80933419325705
1.11899999999999	-13.0334486600325	3.85827301562799	9.17517564440451
1.11999999999999	-12.9593537081179	4.9097840077054	8.04956970041246
1.12099999999999	-10.6760571167521	6.84613933014474	3.82991778660736
1.12199999999999	-7.09217385209552	9.55824233990118	-2.46606848780566
1.12299999999999	-5.07571391183741	12.6196964766597	-7.5439825648223
1.12399999999999	-3.43474169101376	13.0650685184491	-9.63032682743538
1.12499999999999	-1.74209227713963	11.5406446323587	-9.79855235521907
1.12599999999999	2.1014469076749	8.28959204104858	-10.3910389487235
1.12699999999999	6.92170931357042	3.2291793134381	-10.1508886270085
1.12799999999999	11.0277192040049	-1.12247816840488	-9.90524103559997
1.12899999999999	13.0089547781382	-3.67786994886271	-9.33108482927545
1.12999999999999	12.9662031634296	-4.75077679362816	-8.21542636980143
1.13099999999999	10.7169214303134	-6.7503403008612	-3.96658112945219
1.13199999999999	7.19924518720678	-9.5423935103871	2.34314832318032
1.13299999999999	5.25973322410642	-12.6584910378232	7.39875781371679
1.13399999999999	3.67069269503455	-13.128132961806	9.45744026677148
1.13499999999999	1.92880870602187	-11.6262061216633	9.69739741564143
1.13599999999999	-1.98752584342437	-8.36952180297969	10.3570476464041
1.13699999999999	-6.86558474173406	-3.32564022269418	10.1912249644282
1.13799999999999	-10.9871406459371	1.00126955607482	9.98587108986233
1.13899999999999	-12.976889251971	3.55524308280153	9.42164616916947
1.13999999999999	-12.9709111699076	4.68261472680652	8.28829644310107
1.14099999999999	-10.7255655863742	6.72825618606128	3.99730940031292
1.14199999999999	-7.20311301354835	9.54815482458974	-2.34504181104139
1.14299999999998	-5.24875690343605	12.6599419145443	-7.41118501110821
1.14399999999998	-3.61150507304979	13.1199262678985	-9.50842119484867
1.14499999999998	-1.84411999875939	11.5905707590942	-9.74645076033486
1.14599999999998	2.07311655107141	8.31013152776808	-10.3832480788395
1.14699999999998	6.92208349968876	3.22635385692317	-10.1484373566119
1.14799999999998	11.0398604247164	-1.16582186877546	-9.87403855594095
1.14899999999998	13.0228288469842	-3.77735145327851	-9.24547739370567
1.14999999999998	12.9664389790436	-4.86213802758064	-8.10430095146292
1.15099999999998	10.6874409536926	-6.83260635254758	-3.85483460114504
1.15199999999998	7.09326566687338	-9.55168053731382	2.45841487044043
1.15299999999998	5.05007825729161	-12.602081918217	7.55200366092535
1.15399999999998	3.35151968359797	-13.0207214071362	9.66920172353825
1.15499999999998	1.6357297240484	-11.4893439668661	9.85361424281769
1.15599999999998	-2.17689865249448	-8.23984990927154	10.416748561766
1.15699999999998	-6.95685444492638	-3.14864379460055	10.1054982395269
1.15799999999998	-11.0546260612875	1.26509766779478	9.78952839349268
1.15899999999998	-13.0404153852696	3.88659963370897	9.15381575156059
1.15999999999998	-12.9746273086082	4.93162434492426	8.04300296368398
1.16099999999998	-10.6987575547732	6.84610748417905	3.85265007059419
1.16199999999998	-7.09976505528355	9.53988310515347	-2.44011804986992
1.16299999999998	-5.06292668187149	12.6002050576572	-7.53727837578573
1.16399999999998	-3.40923768300184	13.0584801080614	-9.64924242505955
1.16499999999998	-1.7306331589551	11.5496450685371	-9.81901190958198
1.16599999999998	2.08788138624206	8.31613287059497	-10.404014256837
1.16699999999998	6.89536488169373	3.24955220914394	-10.1449170908377
1.16799999999998	11.013422668979	-1.12557466235743	-9.88784800662161
1.16899999999998	13.015579899297	-3.70345478670444	-9.3121251125926
1.16999999999998	12.9824131188673	-4.77037304749242	-8.2120400713749
1.17099999999998	10.7394649531361	-6.7495416521129	-3.98992330102325
1.17199999999998	7.2071928098407	-9.52323769814515	2.31604488830445
1.17299999999998	5.24908053565182	-12.6398912815652	7.39081074591333
1.17399999999998	3.64643588133258	-13.1218962831457	9.47546040181309
1.17499999999998	1.91748010853802	-11.6344728278345	9.71699271929649
1.17599999999998	-1.97344108118599	-8.39590660791743	10.3693476891034
1.17699999999998	-6.83785426647462	-3.34605676852762	10.1839110350022
1.17799999999998	-10.9726948262738	1.0041912140328	9.96850361224103
1.17899999999998	-12.9829600970297	3.57969682506687	9.40326327196284
1.17999999999998	-12.9870147831889	4.70088569404137	8.28612908914749
1.18099999999998	-10.7477497491637	6.72718896701891	4.0205607821448
1.18199999999998	-7.21047942875256	9.52972268175492	-2.31924325300236
1.18299999999998	-5.23643181873545	12.6417929644841	-7.40536114574866
1.18399999999998	-3.58430178132854	13.1136843527639	-9.52938257143541
1.18499999999998	-1.83027781648444	11.5993931461911	-9.76911532970668
1.18599999999998	2.062121075779	8.33503464149568	-10.3971557172747
1.18699999999998	6.89661900804106	3.24489602673207	-10.1415150347731
1.18799999999998	11.0255831728771	-1.17086251791223	-9.85472065496489
1.18899999999998	13.0299961114843	-3.80517840089022	-9.22481771059412
1.18999999999998	12.9820405522115	-4.88516504598293	-8.09687550622853
1.19099999999998	10.7094356854112	-6.83374076201796	-3.87569492339325
1.19199999999998	7.09981675981014	-9.53276601873971	2.43294925892957
1.19299999999998	5.03477176620002	-12.581298073538	7.546526307338
1.19399999999998	3.32154238754965	-13.0125586401935	9.6910162526438
1.19499999999998	1.61996807736724	-11.4957548622029	9.87578678483568
1.19599999999998	-2.16607176195873	-8.26412282230987	10.4301945842686
1.19699999999998	-6.93158267217211	-3.16652922588137	10.0981118980535
1.19799999999998	-11.0399292995053	1.27013028018769	9.76979901931765
1.19899999999998	-13.0470930561793	3.91485384130138	9.13223921487794
1.19999999999998	-12.9901890745035	4.95366885657775	8.03652021792577
1.20099999999998	-10.7211712275918	6.84653973761471	3.8746314899771
1.20199999999998	-7.1066631993448	9.52161260721761	-2.41494940787282
1.20299999999998	-5.0497691637297	12.5805009873377	-7.53073182360804
1.20399999999998	-3.3830606598736	13.0513826348398	-9.66832197496616
1.20499999999998	-1.71802916423693	11.5579208717236	-9.8398917074867
1.20599999999998	2.0754043462563	8.34187910516342	-10.4172834514197
1.20699999999998	6.86966531986477	3.2691599905033	-10.1388253103681
1.20799999999998	10.9993134373595	-1.12962542326192	-9.86968801409755
1.20899999999998	13.0227049047432	-3.73033829499632	-9.29236660974687
1.20999999999998	12.9983645528573	-4.79135044506728	-8.20701410778999
1.21099999999998	10.7619477067739	-6.74941112416556	-4.01253658260832
1.21199999999998	7.21482921039633	-9.50443256396275	2.28960335356643
1.21299999999998	5.23785450569358	-12.6211152143957	7.38326070870214
1.21399999999998	3.62132591528419	-13.1152949984045	9.49396908312031
1.21499999999998	1.90524722462803	-11.6422598247348	9.73701260010672
1.21599999999998	-1.95951049862527	-8.42212672553508	10.3816372241603
1.21699999999998	-6.81038544030687	-3.36644722121759	10.1768326615245
1.21799999999998	-10.958025569948	1.0069631118696	9.95106245807838
1.21899999999998	-12.9889209210922	3.60412158161382	9.38479933947834
1.21999999999998	-13.002916051061	4.71916663886526	8.28374941219572
1.22099999999998	-10.7699476059291	6.7264270714457	4.04352053448344
1.22199999999998	-7.21828953314464	9.51145338818319	-2.29316385503855
1.22299999999998	-5.22439116295963	12.6236141253097	-7.39922296235003
1.22399999999998	-3.55707037094527	13.1076766647901	-9.55060629384485
1.22499999999998	-1.81694226602511	11.6082061088946	-9.79126384286953
1.22599999999998	2.05068503614074	8.36021485551018	-10.4108998916509
1.22699999999998	6.87067005162828	3.26443848583144	-10.1351085374597
1.22799999999998	11.0106165232907	-1.1740616822931	-9.83655484099758
1.22899999999998	13.0363941187886	-3.83062729017626	-9.20576682861233
1.22999999999998	12.9973487905205	-4.90652719122483	-8.09082159929566
1.23099999999998	10.73159557155	-6.83407214323978	-3.89752342831027
1.23199999999998	7.10759676807388	-9.51402601544619	2.40642924737231
1.23299999999998	5.02156654263115	-12.560966078242	7.53939953561082
1.23399999999997	3.29430404398795	-13.0050460976274	9.71074205363946
1.23499999999997	1.60605577112642	-11.5029223699168	9.89686659879037
1.23599999999997	-2.1545314664504	-8.28889790008498	10.4434293665354
1.23699999999997	-6.90605650493407	-3.18550785370892	10.091564358643
1.23799999999997	-11.0248219206554	1.27360474429857	9.75121717635679
1.23899999999997	-13.053277506116	3.94136239535047	9.11191511076557
1.23999999999997	-13.0062461418291	4.97458267037665	8.03166347145249
1.24099999999997	-10.7434825546073	6.846922250298	3.89656030430931
1.24199999999997	-7.1139154126268	9.50364150326115	-2.38972609063435
1.24299999999997	-5.03716481855242	12.5609140419279	-7.52374922337547
1.24399999999997	-3.35726016341325	13.0441541573021	-9.68689399388884
1.24499999999997	-1.70494585270301	11.565736112074	-9.86079025937102
1.24599999999997	2.06386833302407	8.36682165860793	-10.430689991632
1.24699999999997	6.8445643301081	3.2880911202924	-10.1326554504005
1.24799999999997	10.9853183392219	-1.13451209350048	-9.85080624572145
1.24899999999997	13.0296075356087	-3.75849465770171	-9.27111287790698
1.24999999999997	13.0138758847581	-4.81393559068962	-8.19994029406846
1.25099999999997	10.7838965265159	-6.75042819217111	-4.0334683343448
1.25199999999997	7.22158476137204	-9.48607851999787	2.26449375862582
1.25299999999997	5.22492650831556	-12.601905352541	7.37697884422547
1.25399999999997	3.59374130849585	-13.1077584850373	9.5140171765415
1.25499999999997	1.89048278282329	-11.6486823585345	9.7581995757112
1.25599999999997	-1.94748006883625	-8.44702016043465	10.3945002292709
1.25699999999997	-6.78415204660227	-3.38546998380736	10.1696220304096
1.25799999999997	-10.9435809502912	1.01105036318973	9.93253058710145
1.25899999999997	-12.9950388465471	3.63029628981548	9.36474255673165
1.25999999999997	-13.018549333313	4.73892189128996	8.27962744202305
1.26099999999997	-10.7919248880007	6.72661235122244	4.06531253677823
1.26199999999997	-7.2258507619645	9.49339917760332	-2.26754841563882
1.26299999999997	-5.21170062580538	12.6051541303087	-7.39345350450333
1.26399999999997	-3.52932729364517	13.1012342384177	-9.5719069447725
1.26499999999997	-1.80301218264093	11.6165784055182	-9.81356622287725
1.26599999999997	2.03939533832991	8.38533384845975	-10.4247291867897
1.26699999999997	6.84460391365583	3.28449442974995	-10.1290983434058
1.26799999999997	10.9951690355973	-1.17611731863345	-9.81905171696383
1.26899999999997	13.0423363737037	-3.85471044293033	-9.18762593077339
1.26999999999997	13.0125292526957	-4.92690885639318	-8.08562039630254
1.27099999999997	10.7539950874542	-6.83391453263461	-3.92008055481954
1.27199999999997	7.11645978888175	-9.49545351032269	2.37899372144094
1.27299999999997	5.01008029549417	-12.5409641832851	7.53088388779091
1.27399999999997	3.26952092511249	-12.9980886200616	9.72856769494911
1.27499999999997	1.59401221059759	-11.5108991653085	9.91688695471087
1.27599999999997	-2.14201293705528	-8.31442386070739	10.4564367977627
1.27699999999997	-6.88000537137844	-3.20579105483787	10.0857964262163
1.27799999999997	-11.0091113408186	1.27521267098771	9.73389866983085
1.27899999999997	-13.0588214638797	3.96569639145366	9.09312507242607
1.27999999999997	-13.0220564587981	4.99423246078932	8.02782399800881
1.28099999999997	-10.7659396703124	6.84692261820604	3.91901705210631
1.28199999999997	-7.12203897781971	9.4859197498816	-2.36388077206189
1.28299999999997	-5.02579376984736	12.5416128476459	-7.5158190777985
1.28399999999997	-3.33291460145662	13.0371943779771	-9.70427977652053
1.28499999999997	-1.69227438474563	11.5736052115261	-9.88133082678046
1.28599999999997	2.05278307239534	8.39134218563715	-10.4441252580325
1.28699999999997	6.81962808284778	3.30710378390742	-10.1267318667552
1.28799999999997	10.9711324173569	-1.13914539329545	-9.83198702406141
1.28899999999997	13.0361503037642	-3.78657610150149	-9.24957420226275
1.28999999999997	13.0289723935314	-4.8370151337414	-8.19195725978998
1.29099999999997	10.8055145936559	-6.75203548790104	-4.05347910575489
1.29199999999997	7.22804618968152	-9.46815711653918	2.24011092685767
1.29299999999997	5.21085285609895	-12.5823536175847	7.37150076148575
1.29399999999997	3.56497063192004	-13.09977632061	9.53480568868991
1.29499999999997	1.87413784418245	-11.6541783459146	9.7800405017321
1.29599999999997	-1.93681325132906	-8.47092217672868	10.4077354280577
1.29699999999997	-6.75840753981486	-3.4038450612452	10.1622526010601
1.29799999999997	-10.9292406424817	1.0158736748013	9.91336696768042
1.29899999999997	-13.0012174804538	3.65754361408693	9.34367386636687
1.29999999999997	-13.0339213864703	4.75980862514057	8.27411276132976
1.30099999999997	-10.8136414496394	6.72765632033266	4.08598512930674
1.30199999999997	-7.23312127365817	9.4756041939512	-2.24248292029303
1.30299999999997	-5.19830900588116	12.586442511862	-7.38813350598085
1.30399999999997	-3.50087415126018	13.094254781242	-9.59338062998178
1.30499999999997	-1.7883780935229	11.6244311714458	-9.83605307792292
1.30599999999997	2.028603536177	8.41010733976222	-10.4387108759392
1.30699999999997	6.81872465703555	3.3046673456179	-10.1233920026535
1.30799999999997	10.9795101939776	-1.17763876697948	-9.80187142699817
1.30899999999997	13.0480640576514	-3.87825904376801	-9.16980501388338
1.30999999999997	13.0275420477105	-4.94682164602002	-8.08072040169044
1.31099999999997	10.7764639357943	-6.83356703593734	-3.94289689985691
1.31199999999997	7.12605289269707	-9.47709825927728	2.35104536658021
1.31299999999997	5.00013196554265	-12.5214116421983	7.52127967665562
1.31399999999997	3.24664750024145	-12.9915611115129	9.74491361127144
1.31499999999997	1.58324871981514	-11.519336882163	9.93608816234786
1.31599999999997	-2.12890570147936	-8.34036191857143	10.4692676200508
1.31699999999997	-6.85385474202607	-3.22693389410365	10.0807886361297
1.31799999999997	-10.9929679421611	1.27533337274338	9.71763456941775
1.31899999999997	-13.063815875569	3.98816255802253	9.07565331754648
1.31999999999997	-13.0376391783491	5.01276622072714	8.02487295762196
1.32099999999997	-10.7884432393548	6.84658442966543	3.94185880968938
1.32199999999997	-7.13100737429589	9.46848878468569	-2.3374814103898
1.32299999999997	-5.01571651024048	12.5226834385137	-7.50696692827321
1.32399999999996	-3.30995506595913	13.0305054404994	-9.72055037454028
1.32499999999996	-1.68012787107854	11.5815534486906	-9.90142557761208
1.32599999999996	2.04166354118652	8.41579184716424	-10.4574553883508
1.32699999999996	6.79482490992282	3.32631915211414	-10.121144062037
1.32799999999996	10.9566997982506	-1.14339453334056	-9.81330526491008
1.32899999999996	13.042342733983	-3.81433201436216	-9.22801071962084
1.32999999999996	13.043849707934	-4.86025207464381	-8.18359763329022
1.33099999999996	10.8268124766763	-6.75415357687853	-4.07265889979781
1.33199999999996	7.23430297567008	-9.4506991911387	2.21639621546861
1.33299999999996	5.19611016282878	-12.5626822723254	7.3665721094966
1.33399999999996	3.53489325037017	-13.0912442794447	9.55635102907457
1.33499999999996	1.85547648441479	-11.658356380113	9.80287989569818
1.33599999999996	-1.92775331083464	-8.49371029027899	10.4214636011136
1.33699999999996	-6.73375138516037	-3.42130626833244	10.1550576534928
1.33799999999996	-10.9150463063767	1.02176400234327	9.89328230403343
1.33899999999996	-13.0075238027999	3.68630900792379	9.32121479487609
1.33999999999996	-13.0489868268078	4.78219662772333	8.26679019908451
1.34099999999996	-10.8349184676726	6.72965752461308	4.10526094305951
1.34199999999996	-7.23986505850924	9.45805201156709	-2.21818695305785
1.34299999999996	-5.18392075079104	12.5673531055383	-7.38343235474723
1.34399999999996	-3.47141142872767	13.0865814024056	-9.61516997367797
1.34499999999996	-1.77192280677878	11.6309091644852	-9.8589863577064
1.34599999999996	2.01843467689399	8.43440649381558	-10.4528411707096
1.34699999999996	6.79309017558397	3.32477103614442	-10.1178612117284
1.34799999999996	10.9637451687579	-1.17899144223256	-9.78475372652534
1.34899999999996	13.0538665575112	-3.90211865424331	-9.15174790326786
1.34999999999996	13.0423952422927	-4.96655255580139	-8.07584268649127
1.35099999999996	10.7989056359395	-6.83330418820189	-3.96560144773759
1.35199999999996	7.13626933261721	-9.45888594361673	2.32261661099952
1.35299999999996	4.99152969834245	-12.5021427937197	7.51061309537726
1.35399999999996	3.22567635422095	-12.9854503707359	9.75977401651492
1.35499999999996	1.57327659637988	-11.5278371609515	9.95456056457158
1.35599999999996	-2.11488728472505	-8.36692848956525	10.4818157742903
1.35699999999996	-6.82740628349794	-3.24925722546169	10.0766635089596
1.35799999999996	-10.9761715539879	1.27344129084048	9.70273026314746
1.35899999999996	-13.0680474389861	4.00799107449259	9.06005636449355
1.35999999999996	-13.0529427781158	5.02943208483081	8.02351069328502
1.36099999999996	-10.8111003503578	6.84573506893389	3.96536528142393
1.36199999999996	-7.14127313158789	9.45124003656427	-2.30996690497638
1.36299999999996	-5.00779622435752	12.5043221219374	-7.49652589757987
1.36399999999996	-3.28959545655506	13.0245109996367	-9.73491554308167
1.36499999999996	-1.66962983991169	11.5900928247462	-9.92046298483455
1.36599999999996	2.02975222192924	8.44070179554202	-10.4704540174713
1.36699999999996	6.76979356377982	3.3463982928115	-10.1161918565913
1.36799999999996	10.9419379132426	-1.14636392665095	-9.7955739865917
1.36899999999996	13.0481284804713	-3.8407146048832	-9.20741387558807
1.36999999999996	13.0592588672163	-4.88254742935689	-8.17671143785945
1.37099999999996	10.8477906754502	-6.75667312194339	-4.09111755350676
1.37199999999996	7.24037367456652	-9.43380175964081	2.19342808507429
1.37299999999996	5.18044247528892	-12.5429326648943	7.36249018960536
1.37399999999996	3.5029541166772	-13.0820263572519	9.57907224057472
1.37499999999996	1.83466409499302	-11.6613357751914	9.82667168019838
1.37599999999996	-1.92097416167231	-8.51484411831787	10.4358182799902
1.37699999999996	-6.71051191125954	-3.4371250777372	10.1476369889967
1.37799999999996	-10.9013265125625	1.02983276101906	9.87149375154343
1.37899999999996	-13.014228188333	3.71814615621496	9.29608203211804
1.37999999999996	-13.0636980595852	4.80739952343569	8.25629853614951
1.38099999999996	-10.8553949874843	6.7332432758298	4.12215171165449
1.38199999999996	-7.24523814117487	9.44075281480208	-2.19551467362721
1.38299999999996	-5.1669663020963	12.547354758612	-7.3803884565157
1.38399999999996	-3.43900042679326	13.0774475446079	-9.63844711781468
1.38499999999996	-1.75310645946865	11.6358909091182	-9.88278444964955
1.38599999999996	2.00976790855872	8.45752243107329	-10.467290339632
1.38699999999996	6.76830256783425	3.34382708547687	-10.1121296533111
1.38799999999996	10.9480532639335	-1.18095445463248	-9.76709880930106
1.38899999999996	13.0595644106051	-3.92643014345779	-9.13313426714734
1.38999999999996	13.0571391875107	-4.98652355704651	-8.07061563046418
1.39099999999996	10.8214713895496	-6.83341176049811	-3.98805962905149
1.39199999999996	7.14722977861323	-9.44083456160768	2.29360478299445
1.39299999999996	4.98451208932754	-12.4832146245068	7.49870253517922
1.39399999999996	3.20734699138479	-12.9801042993236	9.77275730793884
1.39499999999996	1.56542549904447	-11.5372597773354	9.97183427829095
1.39599999999996	-2.09916978052649	-8.39478597585671	10.4939557563832
1.39699999999996	-6.79990704665962	-3.27373894516927	10.0736459918289
1.39799999999996	-10.958388313005	1.26832308741072	9.69006522559425
1.39899999999996	-13.0718992340652	4.02396102178962	9.04793821227559
1.39999999999996	-13.0679103667797	5.04273350937501	8.02517685740474
1.40099999999996	-10.834141729444	6.84341024313378	3.99073148631019
1.40199999999996	-7.15358588580739	9.43399400736866	-2.28040812156127
1.40299999999996	-5.00338901382997	12.486851942035	-7.483462928205
1.40399999999996	-3.27355467413827	13.0197413873458	-9.74618671320757
1.40499999999996	-1.66228312452443	11.599868722817	-9.93758559829254
1.40599999999996	2.01614649565151	8.46661420864501	-10.4827607042965
1.40699999999996	6.74413485247691	3.36797596684596	-10.1121108193229
1.40799999999996	10.9263902385851	-1.14696003686951	-9.77943020171557
1.40899999999996	13.0531774352636	-3.86446293710435	-9.18871449815924
1.40999999999996	13.0741619243521	-4.90353178965047	-8.17063013470161
1.41099999999996	10.8685437665461	-6.75907487422974	-4.10946889231631
1.41199999999996	7.24665535272695	-9.41742363918857	2.17076828646162
1.41299999999996	5.16458093628007	-12.5232954586294	7.35871452234931
1.41399999999996	3.4701343413079	-13.0723743137882	9.6022399724803
1.41499999999995	1.81207449719167	-11.6631818601254	9.85110736293369
1.41599999999995	-1.91612300327003	-8.5344432603202	10.4505662635902
1.41699999999995	-6.68866760309946	-3.45119665870994	10.1398642618094
1.41799999999995	-10.8882124470867	1.04009491086384	9.84811753622285
1.41899999999995	-13.021543234352	3.75344451989966	9.26809871445239
1.41999999999995	-13.07796439801	4.83561767048453	8.2423467275255
1.42099999999995	-10.8750015106284	6.73884311896759	4.13615839166078
1.42199999999995	-7.24889683651411	9.42387767324963	-2.17498083673552
1.42299999999995	-5.14669927225792	12.5263790326269	-7.37967976036894
1.42399999999995	-3.40306001368526	13.0665361710646	-9.66347615737936
1.42499999999995	-1.7311439928282	11.638921218032	-9.90777722520378
1.42599999999995	2.00279539454639	8.47917976488873	-10.4819751594351
1.42699999999995	6.74439482466911	3.36170199426028	-10.1060968189294
1.42799999999995	10.9324347243244	-1.18359663623105	-9.74883808809339
1.42899999999995	13.0650018993045	-3.95098651912669	-9.1140153801778
1.42999999999995	13.0715990189103	-5.00639359967235	-8.06520541923792
1.43099999999995	10.8439761920397	-6.83336420434408	-4.01061198769566
1.43199999999995	7.1590462938136	-9.42308839973883	2.26404210592523
1.43299999999995	4.97941604038949	-12.464879834807	7.48546379441748
1.43399999999995	3.19215472387681	-12.9757504038235	9.78359567994669
1.43499999999995	1.56040533322204	-11.548029350116	9.98762401689392
1.43599999999995	-2.08167061131152	-8.42399475423445	10.505665365546
1.43699999999995	-6.77147908577323	-3.30041116662527	10.0718902523985
1.43799999999995	-10.939797648371	1.25979619175167	9.68000145661934
1.43899999999995	-13.0748937451784	4.03544658958444	9.039447155594
1.43999999999995	-13.0826185409226	5.05247347654922	8.0301450643734
1.44099999999995	-10.8575607031342	6.83935364403861	4.01820705909555
1.44199999999995	-7.16789633282717	9.41689345564978	-2.24899712282262
1.44299999999995	-5.0023677299627	12.4703753249884	-7.46800759502572
1.44399999999995	-3.26154354939929	13.0161085749289	-9.75456502552964
1.44499999999995	-1.65716009397939	11.6103636390728	-9.95320354509338
1.44599999999995	2.00108879796209	8.49322873595614	-10.4943175339182
1.44699999999995	6.71805064628009	3.39067465599981	-10.1087253022799
1.44799999999995	10.910288002928	-1.14564082421354	-9.76464717871448
1.44899999999995	13.057306625193	-3.88589240804507	-9.17141421714792
1.44999999999995	13.0883987348971	-4.92337334241041	-8.1650253924867
1.45099999999995	10.8888138381075	-6.76143838501324	-4.12737545309423
1.45199999999995	7.25284854336118	-9.40185409141098	2.1490055480498
1.45299999999995	5.148401207092	-12.5037797383553	7.35537853126327
1.45399999999995	3.43643706484617	-13.0622472731222	9.62581020827601
1.45499999999995	1.78772003976894	-11.6638285458547	9.87610850608577
1.45599999999995	-1.91367288872356	-8.5521644625973	10.4658373513209
1.45699999999995	-6.66835571437035	-3.46354427674813	10.1318999911185
1.45799999999995	-10.8757846425722	1.05228855116206	9.82349609141018
1.45899999999995	-13.0292137457815	3.79137343331927	9.23784031246223
1.45999999999995	-13.0918321145807	4.86648148848284	8.22535062609782
1.46099999999995	-10.8938243558793	6.74635451710484	4.14746983877447
1.46199999999995	-7.2510923492508	9.40757550689054	-2.15648315763974
1.46299999999995	-5.12377150445064	12.5046408742017	-7.38086936975109
1.46399999999995	-3.36401149971063	13.0541478018887	-9.69013630217807
1.46499999999995	-1.70603277551562	11.6400089216368	-9.93397614612115
1.46599999999995	1.99780113644506	8.49916273949521	-10.4969638759403
1.46699999999995	6.72162690593526	3.37810760693594	-10.0997345128712
1.46799999999995	10.9172491567377	-1.18776796661016	-9.72948119012755
1.46899999999995	13.0704628374248	-3.97703577480712	-9.09342706261772
1.46999999999995	13.085767800087	-5.02742747865697	-8.05834032143006
1.47099999999995	10.8661444194387	-6.83398266795997	-4.03216175147872
1.47199999999995	7.17077520795133	-9.40571668570701	2.23494147775568
1.47299999999995	4.97459283438018	-12.4467003390492	7.47210750466899
1.47399999999995	3.17785046143262	-12.9716185225571	9.79376806112449
1.47499999999995	1.55622097534558	-11.5591183076833	10.0028973323377
1.47599999999995	-2.06363307148287	-8.45360250785177	10.5172355793346
1.47699999999995	-6.74275022353659	-3.32810598793839	10.070856211475
1.47799999999995	-10.9208158536328	1.24943711860876	9.67137873502403
1.47899999999995	-13.0772488581006	4.04421601455467	9.03303284354596
1.47999999999995	-13.0971193551549	5.06004944115896	8.03706991399595
1.48099999999995	-10.8812205207566	6.83424516978261	4.04697535097396
1.48199999999995	-7.18364615371124	9.39999736432765	-2.21635121061641
1.48299999999995	-5.00410098701896	12.4546993035712	-7.45059831655222
1.48399999999995	-3.25275555065019	13.0134781334328	-9.76072258278256
1.48499999999995	-1.65452077472174	11.6218307594913	-9.96730998476959
1.48599999999995	1.98468498141648	8.5206234572802	-10.5053084386967
1.48699999999995	6.6914823580997	3.41463860136168	-10.1061209594614
1.48799999999995	10.8936054974562	-1.14213996548917	-9.75146553196705
1.48899999999995	13.0607481563315	-3.90461506947197	-9.15613308685952
1.48999999999995	13.1021224626447	-4.94144075540491	-8.16068170723978
1.49099999999995	10.908900344925	-6.76328199094966	-4.14561835397538
1.49199999999995	7.25953345555992	-9.38675988672055	2.12722643116063
1.49299999999995	5.13306173789699	-12.4846109058218	7.35154916792484
1.49399999999995	3.40319868878517	-13.0520454403382	9.64884675155307
1.49499999999995	1.76325771659447	-11.6640958407115	9.90083812411703
1.49599999999995	-1.91084230490894	-8.57050530364577	10.4813476085547
1.49699999999995	-6.64907995675792	-3.47499231595413	10.1240722727121
1.49799999999995	-10.8637901986005	1.06540189722223	9.79838830137824
1.49899999999995	-13.0371347175726	3.83081573491647	9.20631898265614
1.49999999999995	-13.1053679088234	4.89936317516502	8.20600473365834
1.50099999999995	-10.9120072935906	6.75557957601591	4.15642771757473
1.50199999999995	-7.25204384415857	9.3919461953251	-2.13990235116653
1.50299999999995	-5.09839808438374	12.4822805185406	-7.38388243415686
1.50399999999995	-3.32176690519736	13.0403722394892	-9.71860533429182
1.50499999999995	-1.67744982287343	11.6390279832905	-9.96157816041711
1.50599999999994	1.99513312886314	8.5172630898552	-10.5123962187183
1.50699999999994	6.70026090273156	3.39261571001214	-10.0928766127437
1.50799999999994	10.9027099098566	-1.1943194881213	-9.70839042173528
1.50899999999994	13.0761191528026	-4.00584355961367	-9.0702755931889
1.50999999999994	13.0995665669088	-5.05082487023524	-8.04874169667357
1.51099999999994	10.8876948139751	-6.83595562228558	-4.05173919168955
1.51199999999994	7.18142842715407	-9.38895172553455	2.20752329838048
1.51299999999994	4.9685261112214	-12.4281750612876	7.45964895006616
1.51399999999994	3.16229033067255	-12.9669503910772	9.80466006040461
1.51499999999994	1.55089599986194	-11.5695452695484	10.0186492696864
1.51599999999994	-2.04636725018069	-8.48265242018527	10.529019670366
1.51699999999994	-6.71431808654426	-3.35571976555082	10.0700378520951
1.51799999999994	-10.9018585259624	1.23887125599009	9.66298726997232
1.51899999999994	-13.0794475412131	4.05234531731686	9.02710222389623
1.51999999999994	-13.111639174044	5.06708574444545	8.04455342959857
1.52099999999994	-10.9050978794464	6.82884610852403	4.07625177092237
1.52199999999994	-7.20031253896929	9.38329935279987	-2.18298681383058
1.52299999999994	-5.00742086355612	12.4395256574511	-7.43210479389494
1.52399999999994	-3.24605407944125	13.0115303168663	-9.76547623742509
1.52499999999994	-1.65366357131848	11.6341019195794	-9.98043834826087
1.52599999999994	1.96711471945429	8.54885763895436	-10.5159723584086
1.52699999999994	6.66429702647926	3.43991946255622	-10.1042164890355
1.52799999999994	10.876246954997	-1.13652600469137	-9.73972095030564
1.52899999999994	13.0634378189043	-3.92065965848611	-9.14277816041823
1.52999999999994	13.1155117151119	-4.95750581360126	-8.1580059015106
1.53099999999994	10.9291020513725	-6.76425382067964	-4.16484823069285
1.53199999999994	7.26730364807226	-9.37182398568146	2.1045203376092
1.53299999999994	5.11944871328238	-12.465835513036	7.34638679975357
1.53399999999994	3.37224180667355	-13.0423865416367	9.67014473496318
1.53499999999994	1.74014215036011	-11.6647760501835	9.92463389982338
1.53599999999994	-1.90744492735887	-8.58921466082121	10.4966595881801
1.53699999999994	-6.62994349992105	-3.48691510954726	10.1168586094683
1.53799999999994	-10.8516014354512	1.07758540082636	9.77401603462485
1.53899999999994	-13.0448329283242	3.86929631938772	9.17553660893647
1.53999999999994	-13.118490164663	4.93219160755887	8.18629855710415
1.54099999999994	-10.9299875854781	6.76517549974955	4.1648120857286
1.54199999999994	-7.25310140518047	9.37680851873276	-2.1237071135523
1.54299999999994	-5.07300846534375	12.4598627660255	-7.38685430068171
1.54399999999994	-3.27942108603282	13.0264931677018	-9.74707208166899
1.54499999999994	-1.64795928118228	11.6372110808174	-9.98925179963512
1.54599999999994	1.99330092805854	8.53459300153795	-10.5278939295965
1.54699999999994	6.67975392302933	3.40627617867229	-10.0860301017016
1.54799999999994	10.8885612833398	-1.20204450584734	-9.68651677749249
1.54899999999994	13.0818338194544	-4.03622201851507	-9.04561180093936
1.54999999999994	13.1132170301124	-5.07609014441678	-8.03712688569558
1.55099999999994	10.9086271295099	-6.83930901213709	-4.06931811737285
1.55199999999994	7.19091815335803	-9.37291024399284	2.18199209063481
1.55299999999994	4.9604902575695	-12.4092228626713	7.4487326051018
1.55399999999994	3.14384995511258	-12.9612603384862	9.81741038337364
1.55499999999994	1.5425616438635	-11.5783918514617	10.0358302075982
1.55599999999994	-2.03139483397766	-8.51001262509621	10.5414074590739
1.55699999999994	-6.6870468712881	-3.38171161654923	10.0687584878373
1.55799999999994	-10.883509745805	1.23056242810107	9.65294731770394
1.55899999999994	-13.08201842514	4.06324531298897	9.01877311215101
1.55999999999994	-13.1260463232674	5.07655557238843	8.04949075087898
1.56099999999994	-10.9286223796124	6.8248075143691	4.10381486524329
1.56199999999994	-7.21616794718594	9.36686423853052	-2.15069629134459
1.56299999999994	-5.00928388856097	12.4239040452041	-7.41462015664318
1.56399999999994	-3.23752483660761	13.0089206074718	-9.77139577086415
1.56499999999994	-1.65122155278711	11.6455867965027	-9.99436524371557
1.56599999999994	1.95027181779327	8.57668298920215	-10.5269548069954
1.56699999999994	6.63776820873087	3.46461053045127	-10.1023787391821
1.56799999999994	10.8585910162858	-1.13060566076981	-9.72798535551597
1.56899999999994	13.0658025963449	-3.93601557952251	-9.12978701682237
1.56999999999994	13.1287821589152	-4.97273864870299	-8.1560435102122
1.57099999999994	10.9496146788372	-6.76462884420741	-4.18498583462979
1.57199999999994	7.27629769907728	-9.35684783434589	2.0805501352686
1.57299999999994	5.10801463584308	-12.4474144695319	7.33939983368887
1.57399999999994	3.34453820921024	-13.033614194101	9.68907598489078
1.57499999999994	1.72018584589311	-11.6669462250345	9.94676037914139
1.57599999999994	-1.90219437118612	-8.60926710854064	10.5114614797268
1.57699999999994	-6.60976954650252	-3.50106371399403	10.1108332604965
1.57799999999994	-10.8383847199866	1.08634992621724	9.75203479376937
1.57899999999994	-13.0516752949651	3.90349534027995	9.14817995468513
1.57999999999994	-13.1314661449397	4.96190467009705	8.16956147484261
1.58099999999994	-10.9484983337201	6.77336955318379	4.17512878053632
1.58199999999994	-7.25591943130935	9.36203866412885	-2.10611923281949
1.58299999999994	-5.0506027046926	12.4381038048585	-7.38750110016589
1.58399999999994	-3.24081991626923	13.0134588678968	-9.77263895162755
1.58499999999994	-1.62082979539999	11.6362701220092	-10.0154403266092
1.58599999999994	1.99032596855187	8.55266066579591	-10.5429866343478
1.58699999999994	6.65916420360976	3.42066934777688	-10.0798335513866
1.58799999999994	10.8742414744533	-1.20895294267811	-9.6652885317752
1.58899999999994	13.0871647925679	-4.06611752179107	-9.02104727077688
1.58999999999994	13.1266570277869	-5.10184465131536	-8.02481237647152
1.59099999999994	10.9290205726789	-6.84350842589872	-4.08551214678014
1.59199999999994	7.19966926925323	-9.35743586086504	2.15776659161181
1.59299999999994	4.95062329732684	-12.3899052561811	7.43928195885429
1.59399999999994	3.12197165299411	-12.9543651305915	9.83239347759736
1.59499999999994	1.53064785593816	-11.585276688202	10.0546288322638
1.59599999999994	-2.01921287620712	-8.5352515832627	10.5544644594698
1.59699999999993	-6.66138809883591	-3.40530759257799	10.0666956914139
1.59799999999993	-10.8660813701636	1.2257497467099	9.64033162345373
1.59899999999993	-13.0851743533194	4.07863296685302	9.00654138646639
1.59999999999993	-13.1406136731697	5.09011629695636	8.05049737621333
1.60099999999993	-10.951286164137	6.82316688571857	4.12811927841844
1.60199999999993	-7.23007936379669	9.35087350673054	-2.12079414293385
1.60299999999993	-5.00765948204348	12.4073230496215	-7.399663567578
1.60399999999993	-3.22441782945603	13.0047561381834	-9.78033830872734
1.60499999999993	-1.64462068332448	11.6550738903286	-10.0104532070041
1.60599999999993	1.93575902682381	8.60303755648718	-10.538796583311
1.60699999999993	6.61205736201492	3.48794746682197	-10.1000048288369
1.60799999999993	10.8412868353776	-1.12644682742031	-9.71484000795729
1.60899999999993	13.0684589980137	-3.95332048129033	-9.11513851672335
1.60999999999993	13.1421626012679	-4.98945216816956	-8.15271043309835
1.61099999999993	10.9703121095653	-6.7657802043491	-4.20453190521623
1.61199999999993	7.28555746649459	-9.34194139074977	2.05638392425518
1.61299999999993	5.09670094478009	-12.4287428041881	7.33204185940802
1.61399999999993	3.31748509650425	-13.0249561363919	9.70747103988769
1.61499999999993	1.70073376275157	-11.6694832146681	9.96874945191652
1.61599999999993	-1.89608324453884	-8.630188627461	10.5262718719998
1.61699999999993	-6.58875984430313	-3.51673757496757	10.1054974192707
1.61799999999993	-10.8243197353344	1.09297060186596	9.73134913346843
1.61899999999993	-13.0578897213659	3.93505504462568	9.12283467674025
1.61999999999993	-13.1444697402573	4.98969124328303	8.15477849697427
1.62099999999993	-10.9676516866716	6.78054054799338	4.18711113867824
1.62199999999993	-7.2604218744099	9.34722496105021	-2.08680308664031
1.62299999999993	-5.03073557538308	12.4166877246452	-7.3859521492621
1.62399999999993	-3.20560947043792	13.0012122170832	-9.7956027466453
1.62499999999993	-1.59621076750613	11.6364906301057	-10.0402798625996
1.62599999999993	1.98578729903888	8.57192155794903	-10.5577088569879
1.62699999999993	6.63785054504995	3.4366328182107	-10.0744833632606
1.62799999999993	10.8593086971655	-1.21402980780497	-9.64527888936057
1.62899999999993	13.0919489455936	-4.09422630629062	-8.99772263930301
1.62999999999993	13.1399417720634	-5.12668520130671	-8.01325657075667
1.63099999999993	10.9495156132694	-6.84754712941193	-4.10196848385752
1.63199999999993	7.20895737147157	-9.34220985932928	2.13325248785772
1.63299999999993	4.94104903565802	-12.3706265882356	7.42957755257754
1.63399999999993	3.09989007457212	-12.9472558861369	9.84736581156474
1.63499999999993	1.51785662450688	-11.5916249362102	10.0737683117034
1.63599999999993	-2.00788733517316	-8.55989162877018	10.5677789639433
1.63699999999993	-6.63619552880833	-3.42830708134846	10.0645026101568
1.63799999999993	-10.849247725591	1.22211409622535	9.62713362936562
1.63899999999993	-13.0883360686786	4.09555651825707	8.99277955042157
1.63999999999993	-13.1548942665983	5.1054044532358	8.04948981336252
1.64099999999993	-10.9735185998444	6.82259138773891	4.15092721210553
1.64199999999993	-7.24326421256019	9.33508610399373	-2.09182189143353
1.64299999999993	-5.00456867163571	12.3902334185622	-7.38566474692645
1.64399999999993	-3.20914347139138	12.999807859079	-9.79066438768759
1.64499999999993	-1.63601166983178	11.6634852400693	-10.0274735702375
1.64599999999993	1.92235730647066	8.62868061288364	-10.5510379193543
1.64699999999993	6.58677148597175	3.51077141736	-10.0975429033317
1.64799999999993	10.8239942901119	-1.12287896456906	-9.70111532554288
1.64899999999993	13.0711275693073	-3.97129734898144	-9.09983022032587
1.64999999999993	13.1555501141308	-5.00685471897265	-8.14869539515814
1.65099999999993	10.9910816024916	-6.76748904600203	-4.22359255648957
1.65199999999993	7.29512005529516	-9.3271400116979	2.03201995640275
1.65299999999993	5.08563433115199	-12.4099183471905	7.32428401603848
1.65399999999993	3.29086069669331	-13.016317199538	9.7254565028447
1.65499999999993	1.68253864355446	-11.6733015055761	9.99076286202162
1.65599999999993	-1.8897600990211	-8.65139390773917	10.5411540067603
1.65699999999993	-6.56738410467143	-3.5332073780042	10.1005914826756
1.65799999999993	-10.8097876278221	1.09848934711883	9.71129828070325
1.65899999999993	-13.0636983327174	3.96524205103239	9.09845628168499
1.65999999999993	-13.1574125137682	5.01666017877515	8.14075233499307
1.66099999999993	-10.987105498017	6.78733354559454	4.19977195242249
1.66199999999993	-7.26587219899584	9.3324608732317	-2.06658867423586
1.66299999999993	-5.01224414224476	12.3953325738115	-7.38308843156672
1.66399999999993	-3.17227460966819	12.9892326411711	-9.81695803150289
1.66499999999993	-1.57279505870708	11.6371801034707	-10.0643850447636
1.66599999999993	1.98052862180248	8.59171528621753	-10.57224390802
1.66699999999993	6.61622300931155	3.45344200490608	-10.0696650142176
1.66799999999993	10.8439817391068	-1.21816157798875	-9.62582016111802
1.66899999999993	13.0963315265546	-4.12147596880085	-8.97485555775378
1.66999999999993	13.1530501905177	-5.15127016143171	-8.00178002908599
1.67099999999993	10.9700070420374	-6.8516890554521	-4.11831798658533
1.67199999999993	7.21859160730593	-9.32724722335867	2.10865561605274
1.67299999999993	4.93156904511677	-12.3513267580105	7.41975771289377
1.67399999999993	3.07752149989859	-12.9399158149754	9.86239431507678
1.67499999999993	1.50429452724696	-11.5975022799048	10.0932077526579
1.67599999999993	-1.99721451749735	-8.58409493715642	10.5813094546538
1.67699999999993	-6.61129879308194	-3.45101498710023	10.0623137801822
1.67799999999993	-10.8327041165742	1.21927192262161	9.61343219395262
1.67899999999993	-13.0913511635722	4.11347140912379	8.97787975444839
1.67999999999993	-13.1689168293393	5.12197436639117	8.04694246294816
1.68099999999993	-10.9954720518906	6.82289025804242	4.17258179384816
1.68199999999993	-7.2560002191257	9.31962752388064	-2.06362730475494
1.68299999999993	-5.0003357936386	12.3727289979844	-7.37239320434576
1.68399999999993	-3.19184766508599	12.994308393426	-9.80246072834004
1.68499999999993	-1.62574858571764	11.6709785760405	-10.0452299903228
1.68599999999993	1.90985146009407	8.65375477190103	-10.5636062319951
1.68699999999993	6.56175704766284	3.53327715721414	-10.095034204877
1.68799999999992	10.8064042717057	-1.11959337551099	-9.6868108961947
1.68899999999992	13.0737284932508	-3.98973723949179	-9.08399125375902
1.68999999999992	13.1688855979766	-5.02482707677491	-8.14405852120169
1.69099999999992	11.0119237298671	-6.76956568759574	-4.24235804227139
1.69199999999992	7.30497136329706	-9.3124416005951	2.00747023729804
1.69299999999992	5.07479442698686	-12.3909276481011	7.31613322111426
1.69399999999992	3.26453859584709	-13.007609925748	9.74307132990088
1.69499999999992	1.66547209395169	-11.6783134800929	10.0128413861412
1.69599999999992	-1.8833316548421	-8.67275530492755	10.5560869597696
1.69699999999992	-6.54576378455174	-3.55034044328645	10.0961042278382
1.69799999999992	-10.7949133005578	1.10315163088029	9.69176166967747
1.69899999999992	-13.068967355018	3.99411240038208	9.07485495463592
1.69999999999992	-13.1703742982026	5.04297149214555	8.12740280605702
1.70099999999992	-11.0068576780903	6.79373498925856	4.21312268883178
1.70199999999992	-7.27233186239864	9.31771893151204	-2.0453870691134
1.70299999999992	-4.99551763202731	12.3739338899235	-7.37841625789616
1.70399999999992	-3.14097703462074	12.9776951781683	-9.83671814354755
1.70499999999992	-1.55054356873188	11.6383259577695	-10.0877823890376
1.70599999999992	1.97472265186681	8.61193507616353	-10.5866577280303
1.70699999999992	6.59480481799583	3.47102955160927	-10.0658343696051
1.70799999999992	10.8283252060539	-1.22163500238129	-9.60669020367263
1.70899999999992	13.1003849956056	-4.14828595034263	-8.95209904526292
1.70999999999992	13.1659763618403	-5.17599120958498	-7.98998515225536
1.71099999999992	10.9912688621081	-6.85597009582075	-4.13529876628735
1.71199999999992	7.22828430295684	-9.31255697277718	2.08427266982034
1.71299999999992	4.92175179205052	-12.3318769622787	7.41012517022819
1.71399999999992	3.05431712505142	-12.9321496937859	9.87783256873449
1.71499999999992	1.48944654049199	-11.6026306465417	10.1131841060497
1.71599999999992	-1.98739035598206	-8.60769498346613	10.5950853394482
1.71699999999992	-6.58673125745678	-3.47329655876083	10.0600278162176
1.71799999999992	-10.816114680741	1.21719026035939	9.59892442038158
1.71899999999992	-13.0941343127442	4.132394439198	8.96173987354617
1.71999999999992	-13.1826563512849	5.13978207296776	8.04287427831715
1.72099999999992	-11.0171618666594	6.82397950191482	4.19318236474459
1.72199999999992	-7.26839391247329	9.30447759259656	-2.03608368012327
1.72299999999992	-4.99518783568828	12.3548255125708	-7.35963767688257
1.72399999999992	-3.17326063561413	12.9882034252009	-9.81494278958681
1.72499999999992	-1.61413623848545	11.6777278650642	-10.0635916265787
1.72599999999992	1.89864678003663	8.67813128550205	-10.5767780655387
1.72699999999992	6.53681161717009	3.55572746548903	-10.0925390826591
1.72799999999992	10.7887376412079	-1.11632368942184	-9.67241395178603
1.72899999999992	13.0761252101625	-4.00800445815702	-9.06812075200552
1.72999999999992	13.1821258230635	-5.0428089330693	-8.13931688999417
1.73099999999992	11.0328871535966	-6.77165550834379	-4.26123164525279
1.73199999999992	7.31537286421638	-9.29776532585941	1.98239246164303
1.73299999999992	5.06474753279068	-12.3719059172158	7.30715838442517
1.73399999999992	3.2392682187667	-12.9990430473905	9.75977482862383
1.73499999999992	1.64908377257867	-11.6836214482255	10.0345376756469
1.73599999999992	-1.87636526813636	-8.6945693681526	10.570934636289
1.73699999999992	-6.52372556084985	-3.5684401953878	10.0921657562376
1.73799999999992	-10.779610307376	1.10659454788626	9.67301575948975
1.73899999999992	-13.073708651027	4.0213891326839	9.05231951834309
1.73999999999992	-13.1833181296136	5.06845471725246	8.1148634123611
1.74099999999992	-11.0269475517681	6.7994004169328	4.22754713483535
1.74199999999992	-7.27969258772105	9.30306382311758	-2.02337123539652
1.74299999999992	-4.98012201890462	12.3526055869538	-7.37248356804923
1.74399999999992	-3.11142969726075	12.9664463141106	-9.85501661684982
1.74499999999992	-1.52946367963696	11.6399328445005	-10.1104691648636
1.74599999999992	1.96845433118374	8.63247411262488	-10.6009284438086
1.74699999999992	6.57325331200629	3.48918006441738	-10.0624333764237
1.74799999999992	10.8123670829683	-1.22448249802332	-9.58788458494501
1.74899999999992	13.1043604224501	-4.17467225751391	-8.92968816493618
1.74999999999992	13.1786578701928	-5.20074688281453	-7.97791098737827
1.75099999999992	11.0124864807711	-6.86050999936372	-4.15197648140739
1.75199999999992	7.23811259465873	-9.29816764620217	2.06005505154345
1.75299999999992	4.91170324083672	-12.3123790167413	7.40067577590462
1.75399999999992	3.03047600358564	-12.9240289325005	9.89355292891487
1.75499999999992	1.47350229071783	-11.6071117553899	10.1336094646721
1.75599999999992	-1.97830977679439	-8.63076321027416	10.6090729870686
1.75699999999992	-6.56249375304025	-3.49525074709794	10.0577445001382
1.75799999999992	-10.7994541273926	1.21566613908317	9.58378798830943
1.75899999999992	-13.096828575858	4.15213169684426	8.94469687901378
1.75999999999992	-13.196118212941	5.15863267531982	8.03748553762115
1.76099999999992	-11.0386033056039	6.82579895658137	4.21280434902253
1.76199999999992	-7.28049810131319	9.28958058807986	-2.00908248676667
1.76299999999992	-4.98918941701958	12.3366060853015	-7.34741666828189
1.76399999999992	-3.15344290849275	12.9815265918722	-9.82808368337949
1.76499999999992	-1.60115451417342	11.6836957977314	-10.082541283558
1.76599999999992	1.8882827287409	8.70206915850848	-10.5903518872494
1.76699999999992	6.51221783633006	3.57790946662194	-10.090127302952
1.76799999999992	10.7710979531259	-1.11352722934102	-9.65757072378484
1.76899999999992	13.0785609478542	-4.02683002583169	-9.05173092202248
1.76999999999992	13.195327056481	-5.06159006459713	-8.13373699188386
1.77099999999992	11.0538650176306	-6.77428235426155	-4.27958266336906
1.77199999999992	7.32584218353621	-9.28321232295177	1.95737013941556
1.77299999999992	5.0546134343455	-12.3526215599938	7.29800812564832
1.77399999999992	3.21395406815988	-12.9902697395442	9.77631567138435
1.77499999999992	1.63220324259754	-11.6886613041091	10.0564580615116
1.77599999999992	-1.86961651653661	-8.71635018755089	10.5859667040875
1.77699999999992	-6.50167887114893	-3.58675603353783	10.0884349046868
1.77799999999991	-10.7640758315663	1.10970772981264	9.65436810175368
1.77899999999991	-13.0782040393202	4.0483422006863	9.02986183863393
1.77999999999991	-13.1962221928861	5.0940555130814	8.10216667980467
1.78099999999991	-11.0473093792729	6.8050451237129	4.24226425555996
1.78199999999991	-7.28754819505481	9.28851731542699	-2.00096912037218
1.78299999999991	-4.96525529042595	12.3311718539539	-7.36591656352791
1.78399999999991	-3.08277242448081	12.9552395922529	-9.87246716777213
1.78499999999991	-1.50885499841554	11.6417139565791	-10.1328589581635
1.78599999999991	1.96194688181859	8.65326744111124	-10.6152143229298
1.78699999999991	6.55151660921006	3.50789846933519	-10.0594150785452
1.78799999999991	10.7960450418653	-1.22666836988512	-9.56937667198016
1.78899999999991	13.1079697416855	-4.20041175175173	-8.90755798993376
1.78999999999991	13.1911716149599	-5.22529119550901	-7.9658804194509
1.79099999999991	11.033833417346	-6.86508570261615	-4.16874771472985
1.79199999999991	7.24844355820708	-9.28398096052041	2.03553740231333
1.79299999999991	4.90185364337584	-12.2930122994986	7.39115865612272
1.79399999999991	3.00687577599909	-12.9158780321991	9.90900225619997
1.79499999999991	1.45739415113391	-11.6114855133083	10.1540913621744
1.79599999999991	-1.96936242497544	-8.65381577507407	10.6231782000495
1.79699999999991	-6.53826691565714	-3.51747015539665	10.0557370710538
1.79799999999991	-10.7824563168867	1.21392059591637	9.5685357209703
1.79899999999991	-13.0996782216893	4.17170135903245	8.92797686265683
1.79999999999991	-13.2092905782605	5.1774715963562	8.03181898190431
1.80099999999991	-11.0599586884963	6.82764101728799	4.23231767120832
1.80199999999991	-7.29293438158114	9.27473623902431	-1.98180185744317
1.80299999999991	-4.98360041175066	12.3183190261374	-7.3347186143867
1.80399999999991	-3.13424893320129	12.9747983709169	-9.84054943771565
1.80499999999991	-1.58857060201395	11.6896755980771	-10.1011049960632
1.80599999999991	1.87766267112382	8.72616481430333	-10.6038274854272
1.80699999999991	6.48734701701555	3.6008097268895	-10.088156743905
1.80799999999991	10.7530763640011	-1.10959305557466	-9.6434833084264
1.80899999999991	13.0806736825106	-4.04425875729274	-9.03641492521789
1.80999999999991	13.2084442225261	-5.07970429808223	-8.12873992444388
1.81099999999991	11.0750068006841	-6.77656708273358	-4.29843971795055
1.81199999999991	7.33691748127732	-9.26875271116543	1.93183522988811
1.81299999999991	5.04574338719627	-12.3335722241836	7.28782883698732
1.81399999999991	3.18995423825078	-12.9817322161694	9.79177797791862
1.81499999999991	1.6161380772153	-11.6939169784407	10.0777789012254
1.81599999999991	-1.86249434228524	-8.73836225824515	10.6008566005304
1.81699999999991	-6.47949428434246	-3.60565402068766	10.0851483050301
1.81799999999991	-10.7483123012561	1.11209571834688	9.63621658290924
1.81899999999991	-13.0823607883861	4.07458921901234	9.00777156937375
1.81999999999991	-13.208938504308	5.11961362912087	8.08932487518715
1.82099999999991	-11.067513940427	6.81089984767819	4.25661409274878
1.82199999999991	-7.29553127405619	9.2741558459713	-1.97862457191511
1.82299999999991	-4.95039389335261	12.3095818779741	-7.35918798462152
1.82399999999991	-3.05424206159598	12.9438263983303	-9.88958433673431
1.82499999999991	-1.48773325752467	11.6430635481967	-10.155330290672
1.82599999999991	1.95610283502883	8.6735188404703	-10.6296216754991
1.82699999999991	6.5302156061153	3.5262518840021	-10.0564674901174
1.82799999999991	10.7797668578392	-1.22938268570103	-9.55038417213819
1.82899999999991	13.1114762920761	-4.2269508698427	-8.88452542223344
1.82999999999991	13.2034333464508	-5.25090024914228	-7.95253309730852
1.83099999999991	11.054969740446	-6.87046446655322	-4.18450527389274
1.83199999999991	7.25856254573161	-9.27020326549504	2.01164071976343
1.83299999999991	4.8912405759501	-12.2734838275502	7.38224325160013
1.83399999999991	2.98212073278262	-12.9072520238162	9.92513129103354
1.83499999999991	1.43994540217213	-11.6151085978288	10.1751631956567
1.83599999999991	-1.96127466902593	-8.67630414612792	10.6375788151538
1.83699999999991	-6.51425449441983	-3.53961073131626	10.0538652257361
1.83799999999991	-10.7652871884829	1.21239854307597	9.55288864540696
1.83899999999991	-13.1023588112957	4.19133906702118	8.91101974427453
1.83999999999991	-13.2221705738632	5.19638687855312	8.02578369531008
1.84099999999991	-11.081239926257	6.82949391245264	4.2517460138044
1.84199999999991	-7.30576202850122	9.25994613846079	-1.95418410995956
1.84299999999991	-4.97871208179385	12.3000691176249	-7.32135703583102
1.84399999999991	-3.11619426291481	12.9682104973349	-9.85201623442008
1.84499999999991	-1.57697439033145	11.6959465706927	-10.1189721803613
1.84599999999991	1.86632138710885	8.75073022709747	-10.6170516142063
1.84699999999991	6.462149775623	3.6247019407198	-10.0868517163428
1.84799999999991	10.7345678930119	-1.10392114984194	-9.63064674316995
1.84899999999991	13.0823430706682	-4.05944608932145	-9.02289698134679
1.84999999999991	13.2214244889667	-5.09631280721174	-8.12511168175495
1.85099999999991	11.0963998957571	-6.77803986876918	-4.31836002698794
1.85199999999991	7.34917712064365	-9.25436131352608	1.90518419288243
1.85299999999991	5.03890095025962	-12.3150346613349	7.27613371107528
1.85399999999991	3.16846677068863	-12.9740264479319	9.80555967724326
1.85499999999991	1.6021543940323	-11.6998620531652	10.0977076591329
1.85599999999991	-1.85416069930589	-8.76104820814607	10.615208907452
1.85699999999991	-6.45670941712588	-3.62583178102585	10.0825411981517
1.85799999999991	-10.7319968821055	1.11249966715033	9.61949721495517
1.85899999999991	-13.0857781507907	4.09829512153368	8.98748302925699
1.85999999999991	-13.2212990558174	5.14341680204257	8.07788225377482
1.86099999999991	-11.0876121114409	6.8160105473753	4.27160156406561
1.86199999999991	-7.30430715788737	9.25998731920817	-1.95568016132079
1.86299999999991	-4.93693250089694	12.2884227878497	-7.35149028695278
1.86399999999991	-3.02746918938824	12.9327815645701	-9.90531237518189
1.86499999999991	-1.46750741746397	11.644592867044	-10.1770854495801
1.86599999999991	1.95060312147003	8.69333168507749	-10.6439348065475
1.86699999999991	6.50928891662416	3.54452675671221	-10.0538156733364
1.86799999999991	10.7635758195742	-1.23203134367796	-9.53154447589628
1.8689999999999	13.1148090519138	-4.25351454632374	-8.86129450559005
1.8699999999999	13.2157992150766	-5.27688329590245	-7.93891591917414
1.8709999999999	11.0756026299842	-6.87660254378271	-4.19900008620153
1.8719999999999	7.26819595159762	-9.25699924400183	1.98880329240421
1.8729999999999	4.87947711800425	-12.2538524063183	7.37437528831408
1.8739999999999	2.95554011893322	-12.8978969431961	9.94235682426288
1.8749999999999	1.4201833151338	-11.6173421604434	10.1971588453096
1.8759999999999	-1.95499301242275	-8.69734631051577	10.6523393229385
1.8769999999999	-6.49132850498274	-3.56042072739776	10.0517492323805
1.8779999999999	-10.7485363700555	1.21266490214602	9.53587146790947
1.8789999999999	-13.1050931683342	4.21311763034042	8.89197553799376
1.8799999999999	-13.2346314640642	5.2174657070953	8.01716575696894
1.8809999999999	-11.1019467605733	6.83249518601497	4.26945157455834
1.8819999999999	-7.31757088861578	9.24558332322727	-1.92801243461149
1.8829999999999	-4.97217634666336	12.2812741716062	-7.30909782494285
1.8839999999999	-3.09586112183915	12.9606598363205	-9.86479871448137
1.8849999999999	-1.56311198980481	11.7008979511833	-10.1377859613785
1.8859999999999	1.8563745879915	8.77427020954376	-10.6306447975353
1.8869999999999	6.43748731713074	3.64800518994691	-10.0854925070776
1.8879999999999	10.716237036402	-1.09883287507925	-9.61740416132278
1.8889999999999	13.0840518246193	-4.07516175844922	-9.00889006617009
1.8899999999999	13.2342887830768	-5.11340308020823	-8.1208857028686
1.8909999999999	11.1177834287687	-6.77979739819461	-4.3379860305741
1.8919999999999	7.36179942964731	-9.24011549493327	1.87831606528596
1.8929999999999	5.03276785212772	-12.2965875147563	7.26381966262861
1.8939999999999	3.14802645590801	-12.9666369016135	9.81861044570553
1.8949999999999	1.5892376083486	-11.706137797836	10.1169001894874
1.8959999999999	-1.8449969652359	-8.78424904979325	10.6292460150292
1.8969999999999	-6.43333845880063	-3.64722205664089	10.0805605154415
1.8979999999999	-10.7152784720837	1.11135766673653	9.60392080534719
1.8989999999999	-13.0885802506674	4.11935817296259	8.96922207770485
1.8999999999999	-13.2334699028282	5.1651564350851	8.06831346774309
1.9009999999999	-11.1079178473387	6.82004618640089	4.28787166093785
1.9019999999999	-7.31435248204369	9.24586012330936	-1.93150764126567
1.9029999999999	-4.92570415560463	12.267944083591	-7.34223992798636
1.9039999999999	-3.00339057198853	12.9226188953412	-9.9192283233527
1.9049999999999	-1.44903472155576	11.6468805457722	-10.1978458242164
1.9059999999999	1.94468703225246	8.71339315270801	-10.6580801849605
1.9069999999999	6.48831793325296	3.56336739874096	-10.0516853319939
1.9079999999999	10.7472561824783	-1.23393834166271	-9.51331784081558
1.9089999999999	13.1178903876323	-4.27947828171438	-8.83841210591797
1.9099999999999	13.2289808303234	-5.30263555671506	-7.92634527360835
1.9109999999999	11.0958318015624	-6.88331712548009	-4.21251467608231
1.9119999999999	7.27744058267538	-9.24428651056067	1.96684592788528
1.9129999999999	4.86647834386187	-12.2340118404181	7.36753349655624
1.9139999999999	2.92677049518259	-12.8873385999704	9.9605681047878
1.9149999999999	1.39760812303604	-11.6180275193654	10.2204193963294
1.9159999999999	-1.9508453367711	-8.71679094436351	10.6676362811346
1.9169999999999	-6.46959701286649	-3.5796690123669	10.0492660252334
1.9179999999999	-10.7323865545837	1.21532835763636	9.51705819694736
1.9189999999999	-13.1079935375735	4.23791591583628	8.87007762173719
1.9199999999999	-13.246685373888	5.24157434586896	8.00511102801906
1.9209999999999	-11.1219628738991	6.83730312720537	4.28465974669371
1.9219999999999	-7.32800415754412	9.2316207488785	-1.90361659133438
1.9229999999999	-4.96299316353962	12.26158021398	-7.29858705044037
1.9239999999999	-3.07204091356127	12.9516914446018	-9.87965053104055
1.9249999999999	-1.54546493044889	11.7039967587787	-10.1585318283298
1.9259999999999	1.84846188506563	8.7964542651149	-10.6449161501805
1.9269999999999	6.41378778798347	3.67029610351802	-10.0840838915015
1.9279999999999	10.6980878087851	-1.09501095296659	-9.60307685581848
1.9289999999999	13.0859333025565	-4.09237658000999	-8.99355672254655
1.9299999999999	13.2471426038619	-5.13177124662767	-8.11537135723421
1.9309999999999	11.1392373818992	-6.78216531124006	-4.35707207065913
1.9319999999999	7.37468381046565	-9.2259346133796	1.85125080291395
1.9329999999999	5.02703761665049	-12.2780140797567	7.25097646310621
1.9339999999999	3.12827145342455	-12.9593342979228	9.83106284449826
1.9349999999999	1.57701104593739	-11.7127197881194	10.135708742182
1.9359999999999	-1.83521698577338	-8.80801463177821	10.6432316175516
1.9369999999999	-6.40929752711884	-3.66991319227501	10.0792107193938
1.9379999999999	-10.6979693361682	1.10852820150934	9.58944113465883
1.9389999999999	-13.0908657240161	4.13833807646898	8.95252764754713
1.9399999999999	-13.2457286971372	5.18537512294278	8.06035357419438
1.9409999999999	-11.1286497295326	6.82317352899665	4.30547620053599
1.9419999999999	-7.32576640917566	9.23166195183845	-1.90589554266279
1.9429999999999	-4.91657477534227	12.247874494594	-7.33129971925172
1.9439999999999	-2.98181392530737	12.9133961034069	-9.93158217809953
1.9449999999999	-1.43259059810094	11.6501245387434	-10.2175339406424
1.9459999999999	1.93766009407054	8.73426757346873	-10.6719276675393
1.9469999999999	6.46673163704191	3.58339346467861	-10.0501251017205
1.9479999999999	10.7303361513832	-1.23416569138818	-9.49617045999499
1.9489999999999	13.120544026474	-4.30393109174417	-8.81661293472987
1.9499999999999	13.2418723894655	-5.32768908577723	-7.91418330368822
1.9509999999999	11.1160760649733	-6.88996500086737	-4.22611106410592
1.9519999999999	7.28691627494641	-9.23189839391595	1.94498211896954
1.9529999999999	4.85356565441241	-12.214175477978	7.36060982356562
1.9539999999999	2.89765622698139	-12.8763270330718	9.9786708060904
1.9549999999999	1.37397574185506	-11.6181156227627	10.2441398809077
1.9559999999999	-1.94772849410035	-8.73559185644588	10.6833203505462
1.9569999999999	-6.44837692784051	-3.59845852147155	10.0468354493121
1.9579999999999	-10.7162114716108	1.21885371044832	9.4973577611625
1.9589999999999	-13.1108932964119	4.26423020137292	8.84666309503899
1.95999999999989	-13.2584512876998	5.26764307823187	7.99080820946791
1.96099999999989	-11.1415821469433	6.84349635698957	4.29808578995368
1.96199999999989	-7.33754615843371	9.21798722522459	-1.88044106679087
1.96299999999989	-4.9517468639617	12.2411199771652	-7.28937311320352
1.96399999999989	-3.04511786045432	12.9413910874468	-9.89627322699252
1.96499999999989	-1.52528463654996	11.7060056109369	-10.1807209743869
1.96599999999989	1.84287543787526	8.81714492831201	-10.6600203661873
1.96699999999989	6.3912732426243	3.69124353832752	-10.0825167809518
1.96799999999989	10.6803329300845	-1.09324191481772	-9.58709101526678
1.96899999999989	13.0882356878069	-4.11249679562721	-8.97573889217971
1.96999999999989	13.2600205420077	-5.15295147397042	-8.10706906803728
1.97099999999989	11.1605696385892	-6.78612264052995	-4.37444699805922
1.97199999999989	7.38695022381809	-9.21192217582139	1.8249719520033
1.97299999999989	5.01985243878517	-12.2586838708718	7.23883143208662
1.97399999999989	3.1064612893782	-12.9511291793407	9.84466788996246
1.97499999999989	1.56290093259826	-11.7184305686364	10.1555296360381
1.97599999999989	-1.82629045451818	-8.8314183005999	10.6577087551181
1.97699999999989	-6.38525985739203	-3.69267446775084	10.0779343251429
1.97799999999989	-10.6804229261446	1.10591268958464	9.57451023655998
1.97899999999989	-13.093045300102	4.15775940979901	8.93528589030294
1.97999999999989	-13.2579674358372	5.20601803485964	8.05194940097752
1.98099999999989	-11.1497542359498	6.82637178315079	4.32338245279905
1.98199999999989	-7.33796795129475	9.2173840274386	-1.87941607614385
1.98299999999989	-4.90840527764597	12.2277391022513	-7.31933382460537
1.98399999999989	-2.96158152482074	12.9044885468503	-9.94290702202955
1.98499999999989	-1.41732129945639	11.6540840268611	-10.2367627274047
1.98599999999989	1.92961745863014	8.75613921685385	-10.685756675484
1.98699999999989	6.44424458705316	3.60493537168866	-10.0491799587418
1.98799999999989	10.7126015270504	-1.23257375735559	-9.48002776969476
1.98899999999989	13.1226532226792	-4.32632868805343	-8.79632453462579
1.98999999999989	13.2547044623155	-5.35132023153	-7.90338423078552
1.99099999999989	11.1368542612733	-6.89590728067511	-4.2409469805982
1.99199999999989	7.29755210772401	-9.21956697354091	1.92201486581689
1.99299999999989	4.84221163352635	-12.1945612856743	7.35234965214794
1.99399999999989	2.87020094358252	-12.8657981535852	9.99559721000267
1.99499999999989	1.35129324895672	-11.6187328099188	10.2674395609621
1.99599999999989	-1.94406399150605	-8.75537090036064	10.6994348918667
1.99699999999989	-6.42679530233041	-3.61810204072388	10.0448973430543
1.99799999999989	-10.6992262153059	1.22135300740399	9.47787320790191
1.99899999999989	-13.1136238343827	4.29043699193575	8.82318684244694
2	-13.270106073658	5.29457798346015	7.97552809019788
