"Slice []"	"Time [ns]"	"Distance [mm]"	"Flux_Lines []"	"Mag_B [tesla]"	"coEnergy [J_per_m3]"	"Br []"	"Bt []"
1	2000000000	0	0.0296073351066515	0.361026851844181	55137.7271308791	0.448650864019906	-0.0107267773124404
1	2000000000	0.513618	0.0297677552469918	0.310698252601736	39533.008178929	0.280862167137384	0.0480204989615625
1	2000000000	1.027236	0.0298921582159411	0.421674585167764	82737.7398182839	0.203886172908267	0.150317991883303
1	2000000000	1.540854	0.0300977696683185	0.435707386555756	88537.3767550249	0.448012441510911	0.0600709660476949
1	2000000000	2.054472	0.0303390801519954	0.496833090759816	93277.2103258466	0.491467433062944	0.00188066339559917
1	2000000000	2.56809	0.0306024387395036	0.525702445060832	106172.72049696	0.533865542582778	-0.0563669438852023
1	2000000000	3.081708	0.0308745087216728	0.52704125003427	110598.837167587	0.526364449793449	0.00637341521459463
1	2000000000	3.595326	0.0311450836002817	0.527259957241436	110607.993313698	0.52723194190474	-0.000369454020390579
1	2000000000	4.108944	0.0314160820405381	0.528496013164809	111142.403050451	0.52801363828433	-0.00714884673600164
1	2000000000	4.622562	0.0316882703085629	0.522912663757889	108806.96897227	0.526568681491666	0.0198442984376478
1	2000000000	5.13618	0.0319545246699839	0.510338894106483	103648.070649655	0.510164655174825	0.000842251128389308
1	2000000000	5.649798	0.0322122719831228	0.495685511941196	97924.4024583623	0.493443389732597	-0.0180953745269082
1	2000000000	6.163416	0.0324587472167432	0.429108840179224	74045.5484896783	0.438248832031178	0.0258788221127479
1	2000000000	6.677034	0.0326478866789683	0.301443989134248	35706.2889143304	0.298273646554509	0.0318252128213989
1	2000000000	7.190652	0.0327651861730219	0.173397036518551	11218.2878223205	0.158549487983095	0.0497720156030607
1	2000000000	7.70427	0.0328225008031559	0.142835299973202	8666.39435271309	0.147260863813073	-0.0245443726830813
1	2000000000	8.217888	0.0329480786370287	0.349560238606114	48102.0909409056	0.341677380622022	-0.0461267533491102
1	2000000000	8.731506	0.0331733840864756	0.542231663626635	115202.340998773	0.535532450970557	-0.0862986575845995
1	2000000000	9.245124	0.0334990459003682	0.692046588961412	189768.910220771	0.725419257819347	0.229437749590649
1	2000000000	9.758742	0.033849171722069	0.639453650110224	155967.105707756	0.637528730997495	0.0899867456145669
1	2000000000	10.27236	0.0341534997728672	0.5431672243409	127547.366581644	0.547096343375839	-0.0461445950026435
1	2000000000	10.785978	0.0344107364575529	0.490938782004766	107722.164897186	0.45416751865622	-0.178934899185927
1	2000000000	11.299596	0.0345326071574198	0.232588003525484	32369.2062294729	0.189205469804713	-0.0353173467189897
1	2000000000	11.813214	0.0346071435686434	0.101454254165641	-2603.95752341839	0.101305902085734	0.0498437052710611
1	2000000000	12.326832	0.034636948126795	0.0934846425479312	851.086834592666	0.0150270145906509	0.136258134570632
1	2000000000	12.84045	0.0346641267768067	0.0787027745789985	3412.22131183555	0.0702447757581166	-0.0187401914763357
1	2000000000	13.354068	0.0347052514221245	0.0917011433769865	3090.51777133101	0.0898994978919312	-0.0172266272866706
1	2000000000	13.867686	0.0347564762878524	0.109695408454464	4388.71821092161	0.109565829901643	-0.0183225928920327
1	2000000000	14.381304	0.0348140299177801	0.112105217731476	5003.52679126426	0.111589519638181	0.000996791764730136
1	2000000000	14.894922	0.0348712202387223	0.111209215208176	4920.6962269512	0.111111294401599	0.00161181912735053
1	2000000000	15.40854	0.0349281705360458	0.111735563139357	4970.21396968726	0.11065563327406	0.00246163734866378
1	2000000000	15.922158	0.0349861974322707	0.115029474328177	5065.07284890039	0.113096761005497	0.00193045272068358
1	2000000000	16.435776	0.0350423409829936	0.106076075065592	4452.65245519959	0.105521545064227	0.000582304427880428
1	2000000000	16.949394	0.035094589489345	0.0791134849346804	2989.38639421004	0.0979302166267933	-0.000667443317482964
1	2000000000	17.463012	0.035129962191543	0.0504667958601248	616.745368653959	0.0311427998953775	-0.0380384175915345
1	2000000000	17.97663	0.0351532452638093	0.0607220560193818	998.338849114923	0.0596568601067093	0.00480007161768734
1	2000000000	18.490248	0.0351913834176923	0.100339574348168	6243.23127734331	0.088989249728364	0.048374897535671
1	2000000000	19.003866	0.0352598299510258	0.196179952405017	19439.0105682801	0.250583279460682	0.120742274064798
1	2000000000	19.517484	0.0354094116899894	0.323494687060444	43067.3456594704	0.331593413793327	0.0262707176971683
1	2000000000	20.031102	0.035600142300619	0.416673530910798	66323.8261909158	0.410796939525978	-0.0734305209060795
1	2000000000	20.54472	0.0358303780547981	0.46723580487636	87035.8523395911	0.467651648679152	0.00350063908327284
1	2000000000	21.058338	0.0360635138328094	0.445473928755137	78522.6218279165	0.440185920893292	0.00621684003753491
1	2000000000	21.571956	0.0362825664167621	0.402995287338594	65216.3531539142	0.412814971364947	0.00970598206938247
1	2000000000	22.085574	0.0364875868636965	0.340738866876882	47202.8026249408	0.385548007479344	0.0139668801508544
1	2000000000	22.599192	0.0366157832452307	0.205323255534733	18919.7476037591	0.196027189008947	0.0183341405100579
1	2000000000	23.11281	0.0366922501092139	0.106225630100607	3507.30574036648	0.101754886223455	0.0250901710307843
1	2000000000	23.626428	0.0367203330848328	0.0680760801116344	1992.44954101362	0.00762973853176336	0.033520391563378
1	2000000000	24.140046	0.0367615769959269	0.13028856619752	7846.70945461272	0.128982313534786	-0.00844994034521986
1	2000000000	24.653664	0.0368448083418331	0.195015977162458	14855.6569346713	0.195076311305783	-0.022803519015454
1	2000000000	25.167282	0.036961919122905	0.241749606557079	23145.5038563379	0.260899559726455	-0.0389890401878327
1	2000000000	25.6809	0.0370916404015738	0.246793658349774	24708.4006903875	0.241582056636123	-0.0121794977490881
1	2000000000	26.194518	0.0372162447925392	0.244249634442192	23698.4450124321	0.243624417894488	-0.0130116813914254
1	2000000000	26.708136	0.0373418967736224	0.248749873350763	24557.6012544673	0.245656701954165	-0.0152906089632387
1	2000000000	27.221754	0.0374693333199249	0.225139255255972	20145.7550354408	0.233490913856394	0.0707372150064107
1	2000000000	27.735372	0.0375715162623071	0.165415855055322	10720.4735553251	0.16424339785835	0.0186636993823237
1	2000000000	28.24899	0.0376378917047154	0.0941680420185182	3914.89857203209	0.0940766519205941	-0.028267168641061
1	2000000000	28.762608	0.0376690188470571	0.0257286732602098	-63.0328649112452	0.0288794278909093	0.00941648207287477
1	2000000000	29.276226	0.0376654460228507	0.0494263534206499	695.366340995835	-0.0428839854778338	-0.0190938815240335
1	2000000000	29.789844	0.0376248761714028	0.124361920331708	6907.51977426041	-0.115181861584971	-0.04715694965454
1	2000000000	30.303462	0.0375447324143855	0.201160181091371	16307.4638987419	-0.2054379383901	-0.0059613307999625
1	2000000000	30.81708	0.0374382343777707	0.208737349539822	17375.5087781238	-0.209253163083742	-0.00215115163243087
1	2000000000	31.330698	0.0373297910729951	0.212971077822913	18011.8745776954	-0.213012519742073	0.00170286839449033
1	2000000000	31.844316	0.0372194797143264	0.214064132538373	18242.3465302985	-0.214174190197493	-0.0100139090080018
1	2000000000	32.357934	0.037109403858294	0.216455846656771	18595.0763308767	-0.214407504000189	0.00695071502338247
1	2000000000	32.871552	0.036999288677243	0.213019543031189	18132.77982329	-0.214321969865576	0.0256195348110935
1	2000000000	33.38517	0.0368893061765479	0.203541183263197	16666.0541416516	-0.21388549918135	0.0459897792408996
1	2000000000	33.898788	0.0367969931273687	0.150542452281647	9041.70241615605	-0.146610318697364	-0.0400230135738174
1	2000000000	34.412406	0.0367383692009166	0.0905387557801294	3317.14922043981	-0.0816663293364222	-0.0387718500656902
1	2000000000	34.926024	0.0367131019737352	0.0274436261690206	427.021009391702	-0.0167320892232301	-0.0406188356056092
1	2000000000	35.439642	0.036712733311419	0.0136815873969939	128.501912509675	0.0121886926459275	0.00664189020726864
1	2000000000	35.95326	0.0367260750449232	0.040144354839956	634.621068826395	0.0397260682358038	-0.00560762044979251
1	2000000000	36.466878	0.036753502295883	0.0658065303588293	1753.59024673549	0.0670361803080517	-0.0178631775071822
1	2000000000	36.980496	0.0367936898905885	0.0797458154431371	2558.57036723305	0.0821606339137108	0.0118166644058559
1	2000000000	37.494114	0.0368358661351536	0.0823648543418849	2696.98490600549	0.0820490573011674	0.00403396985337517
1	2000000000	38.007732	0.036877950024983	0.0819436880363932	2670.48530735142	0.0818028836211478	-0.00315469113102459
1	2000000000	38.52135	0.0369167467022804	0.0752756657493354	968.519712603506	0.057310105219236	-0.00717210943463265
1	2000000000	39.034968	0.0369340849544345	0.00635043146190574	-141.744466960635	0.0102183206628509	-0.00243458850069528
1	2000000000	39.548586	0.0369272626441484	0.0566174448412769	2426.98204516393	-0.0367613753276186	0.00455954270152204
1	2000000000	40.062204	0.0368836281111354	0.169102034117027	13466.9414124892	-0.183349776444284	-0.0900512483079562
1	2000000000	40.575822	0.0367517429027678	0.333090246871291	44254.8973068962	-0.329932554573496	6.36521915407095E-05
1	2000000000	41.08944	0.0365450196436837	0.468034948789382	85427.3145826474	-0.474723851542367	0.102338350438145
1	2000000000	41.603058	0.0362689524112183	0.56448107874658	128405.403921269	-0.546378169620156	-0.0268322565463545
1	2000000000	42.116676	0.0359845800072201	0.565091091982376	127577.550667044	-0.560908281670596	-0.00803029005604904
1	2000000000	42.630294	0.0356928224449117	0.571351360028002	129685.33305743	-0.575139382375682	0.00952434548229272
1	2000000000	43.143912	0.0353938266118439	0.581523172172673	134703.394033818	-0.589097721714332	0.0258295747056466
1	2000000000	43.65753	0.0351029190530784	0.56840838918411	128564.238415108	-0.566089158631596	0.000756880294338503
1	2000000000	44.171148	0.0348122089228971	0.56669990560529	127837.921546348	-0.565951107215058	-0.00437601527841397
1	2000000000	44.684766	0.0345215326785234	0.576268048193151	132607.811252276	-0.565958598592993	-0.0099504257106587
1	2000000000	45.198384	0.0342342898086627	0.48791515642251	92654.6142837284	-0.496150915527894	-0.0429219115733076
1	2000000000	45.712002	0.0340171653632344	0.351700302947601	50358.4479004301	-0.349310080397088	-0.0370396436028583
1	2000000000	46.22562	0.0338754791277266	0.18712643641	16407.2625532554	-0.202412286667251	-0.0344312817484224
1	2000000000	46.739238	0.0338391626275103	0.0352383678377257	741.8979351101	0.0219184616948021	-0.0480133207564397
1	2000000000	47.252856	0.0338833242713399	0.158743107091823	9985.77441367384	0.150109477542933	-0.0290080281473565
1	2000000000	47.766474	0.033993418843075	0.31927366649636	42653.3450177659	0.278644614369777	-0.0129413724315989
1	2000000000	48.280092	0.0341855977708008	0.414142347905192	64729.9298735162	0.419387248521669	0.136170019556807
1	2000000000	48.79371	0.0343909897991298	0.382558393462513	57062.0100871787	0.379977008001511	-0.000841580312189472
1	2000000000	49.307328	0.0345754910428215	0.27791162813529	40708.8045883095	0.338054014074085	-0.133699239921176
1	2000000000	49.820946	0.0346919685545784	0.0568870082353541	7356.94440986492	0.0459168149112575	-0.0176458280597952
1	2000000000	50.334564	0.0346758322138569	0.120574350210146	2767.67846289352	-0.108935854740417	-0.074683122422027
1	2000000000	50.848182	0.0345798823861176	0.351660212470927	62913.4726295481	-0.264868387962627	-0.131673229369737
1	2000000000	51.3618	0.0343407901892891	0.658426526563616	210884.891331361	-0.913501860967274	-0.277566411272224
1	2000000000	51.875418	0.0338458643258965	0.978922298892165	393356.92540256	-1.01301725784513	-0.0471691545838
1	2000000000	52.389036	0.0333009306067785	1.13372058330328	492162.047557265	-1.10820826879302	0.189456026730706
1	2000000000	52.902654	0.0327120612531279	1.13184063158007	511519.582190026	-1.11691197820028	0.00182280625215472
1	2000000000	53.416272	0.0321388361536427	1.11802071287351	497753.135383504	-1.11522885667103	0.00038342210888485
1	2000000000	53.92989	0.0315664459276263	1.11259375579502	492285.567598638	-1.11366107241607	-0.00106826249080334
1	2000000000	54.443508	0.0309948313562747	1.11542394734112	495009.519375755	-1.11220853248929	-0.00253036002758423
1	2000000000	54.957126	0.0304202660395235	1.12087127190758	499492.708039411	-1.12260104078019	0.0204224931756652
1	2000000000	55.470744	0.0298417519975582	1.13478393311445	512772.234166679	-1.13010594156502	0.0282528119102045
1	2000000000	55.984362	0.0292594048728088	1.1563832885384	533540.937703399	-1.13751368957762	0.0402322568669293
1	2000000000	56.49798	0.028683872962873	1.03942607867115	415441.784931896	-1.03774676602346	-0.126892385162167
1	2000000000	57.011598	0.0282016226389254	0.837144142311724	284336.239261855	-0.839795872616838	-0.0202342037055542
1	2000000000	57.525216	0.0278215399591604	0.633818881148908	182546.246987567	-0.639926371962639	0.0832209408362766
1	2000000000	58.038834	0.0276138114408464	0.325737133460299	59495.2623944974	-0.216895687581038	0.0575230766047253
1	2000000000	58.552452	0.0275645069217831	0.0650391386933134	-164.433258001272	0.0245518616523524	-0.0565244996365025
1	2000000000	59.06607	0.0276386546613772	0.35054360439574	41853.2722935438	0.263793498269547	-0.177001446173305
1	2000000000	59.579688	0.0278423449222731	0.383112928356229	73374.0890038799	0.432611437184164	0.284422835143345
1	2000000000	60.093306	0.0280252444794628	0.290086115380655	33167.6091861545	0.278966041985846	0.0844788765714598
1	2000000000	60.606924	0.0281282979665864	0.158488759933474	9307.42402591809	0.121761705036967	-0.0957582227191986
1	2000000000	61.120542	0.0281546942527554	0.125058864855904	1893.92789298767	-0.0552620218714076	0.133299096112115
1	2000000000	61.63416	0.0280197589196539	0.489708512783385	91643.7676764551	-0.470349627081602	0.082269730196918
1	2000000000	62.147778	0.0276714216174659	0.876081752668529	308289.652764038	-0.886128512615596	0.0627434676298381
1	2000000000	62.661396	0.0271156742767992	1.20127128178377	574671.523291881	-1.20253059803468	-0.0978069040296425
1	2000000000	63.175014	0.0264916134234175	1.22980743724446	601894.472196147	-1.22736404475423	-0.0351734787778073
1	2000000000	63.688632	0.0258550750518867	1.2446483402526	616806.863118849	-1.25111908591072	0.0268141534163955
1	2000000000	64.20225	0.0252076963420756	1.2462019549873	618674.735538753	-1.23073820362265	0.0101028697815638
1	2000000000	64.715868	0.0245770897049711	1.22838647839359	600729.882618336	-1.22485841780197	0.00471507563556066
1	2000000000	65.229486	0.0239494519771879	1.2172023236326	589351.988940487	-1.2191775522917	-0.000714126128374611
1	2000000000	65.743104	0.0233246810820558	1.21149598812479	584022.7859297	-1.21369527381609	-0.00618203228748334
1	2000000000	66.256722	0.0227038844637851	1.2116966785463	582427.731461665	-1.21327933315804	0.00865931140746563
1	2000000000	66.77034	0.022077735836499	1.22853902482258	601973.255024725	-1.22499666610515	-0.00900789233955377
1	2000000000	67.283958	0.0214454588976548	1.26727098714619	644348.718404004	-1.23714163054021	-0.026418921450975
1	2000000000	67.797576	0.0207835335721339	1.21301041127313	585939.423266953	-1.24441477972007	-0.111352889969679
1	2000000000	68.311194	0.0201862362713822	1.08720515221092	470526.129885966	-1.08123070776508	-0.039849486629825
1	2000000000	68.824812	0.019673070301818	0.918144193947637	338101.14020729	-0.916833907547439	0.0260612099239386
1	2000000000	69.33843	0.0192883336259349	0.580575768359351	135771.725556934	-0.533251555465314	-0.0964821823691337
1	2000000000	69.852048	0.0191224343204778	0.159990059931786	10064.2417190743	-0.112783177138929	-0.107706090614066
1	2000000000	70.365666	0.0191724249541497	0.305577322199844	30282.8245145011	0.307365719913552	-0.129568950856151
1	2000000000	70.879284	0.0193536426681838	0.420724405005225	61831.3991670919	0.239475953932252	-0.23940480068262
1	2000000000	71.392902	0.019443552578628	0.272452904310205	19940.9904500369	0.110691774218439	-0.21940016035643
1	2000000000	71.90652	0.0194674098404406	0.0962212901096563	50497.4418768532	-0.017736311457165	-0.202723826013044
1	2000000000	72.420138	0.0193617805380395	0.515915514912571	153785.260517577	-0.579247286242031	-0.3299463983093
1	2000000000	72.933756	0.0189902239012212	0.856247706620971	303773.128060429	-0.866712900200271	-0.0467051474073934
1	2000000000	73.447374	0.0184724042048788	1.15208969346801	497560.773821519	-1.14872208811166	0.25544482190008
1	2000000000	73.960992	0.0178246703439678	1.29846306749372	678737.114045335	-1.23187266490757	0.00515453733034098
1	2000000000	74.47461	0.0171964317950581	1.22793529329586	602292.312919902	-1.21453899805269	-0.0119343191369054
1	2000000000	74.988228	0.0165769822177853	1.19137295704517	562767.199028412	-1.19766160005765	-0.0330080025007096
1	2000000000	75.501846	0.0159660577521503	1.18613558937456	559831.781182505	-1.18652481178615	-0.00137374875722781
1	2000000000	76.015464	0.0153569255518569	1.18606146046098	559722.312798695	-1.18543225355727	-0.000932798036245644
1	2000000000	76.529082	0.0147483325868112	1.18337888633902	557202.310990561	-1.18442507570395	-0.00049989454475784
1	2000000000	77.0427	0.0141402350222981	1.17804577467892	552200.23004904	-1.18350322043096	-7.33453014995599E-05
1	2000000000	77.556318	0.0135373945709829	1.17340628248685	547847.654535545	-1.17219037053106	0.000968950612383563
1	2000000000	78.069936	0.0129352496087363	1.1726147889539	547105.649061349	-1.17256368449457	-0.000257842912810586
1	2000000000	78.583554	0.0123328833465527	1.17556497092515	549873.467001645	-1.17305180759204	-0.00139396967943835
1	2000000000	79.097172	0.0117285925514191	1.19010907509499	558514.349787437	-1.17525999361923	0.00902207670261808
1	2000000000	79.61079	0.0111270611556023	1.16552865482917	541118.022838201	-1.16693323463397	0.0623954161086907
1	2000000000	80.124408	0.0105300517774068	1.08978113463137	485668.963109841	-1.15763127465318	0.122274765540137
1	2000000000	80.638026	0.0100170741835486	0.801519180497851	277239.052262568	-0.76056624262637	-0.038512107674931
1	2000000000	81.151644	0.00973037488804871	0.440998380540385	76898.8131266584	-0.356460454672551	-0.239776925319993
1	2000000000	81.665262	0.00965023057994586	0.140075620406081	5576.76679068544	0.0436916023852359	-0.455044319779765
1	2000000000	82.17888	0.00971047181472414	0.123775400354138	-6887.54581843149	0.0121881317566549	-0.0708933959425964
1	2000000000	82.692498	0.00966537367361539	0.26805030479494	18633.4944014108	-0.188212766788996	-0.200161740889678
1	2000000000	83.206116	0.00951671974329528	0.570334813814309	183248.082549207	-0.391040280301456	-0.327263601046383
1	2000000000	83.719734	0.00919650870169935	0.97953724799206	417560.429005686	-1.07724411085541	-0.0219342872986492
1	2000000000	84.233352	0.00863938280364303	1.07888937073449	469200.100392564	-1.09215571297086	-0.0070372248787413
1	2000000000	84.74697	0.00807464816685295	1.11655845113105	489151.525643439	-1.10687165133932	0.00792162358325173
1	2000000000	85.260588	0.00750410971439807	1.09770565191361	479675.718884183	-1.08983408122284	0.0126963138332534
1	2000000000	85.774206	0.00694417872000998	1.09219686405085	474713.985761084	-1.0905517244169	0.00740637130195942
1	2000000000	86.287824	0.00638383181465879	1.09040466134958	473054.742250329	-1.09145287979928	0.0023488480405193
1	2000000000	86.801442	0.00582297582909136	1.09197300439489	474448.493739844	-1.09253332000197	-0.00247381999645296
1	2000000000	87.31506	0.005262198803304	1.09241563320103	474816.285402155	-1.09211843493545	0.000994727742083458
1	2000000000	87.828678	0.00470108359256809	1.09266672230018	475054.533143663	-1.09286018854386	0.00159427594311119
1	2000000000	88.342296	0.00413956833339163	1.09283460783913	475201.412183909	-1.09367582823314	0.00230952249550943
1	2000000000	88.855914	0.00357859127451478	1.09097814428553	473570.28052411	-1.09133431686116	-0.000745116513260432
1	2000000000	89.369532	0.00301837747505922	1.09046841998259	473145.868843133	-1.09013862495893	-0.00155797019858693
1	2000000000	89.88315	0.00245875169949256	1.09203374378088	474595.038988111	-1.08904479333109	-0.00242877360444214
1	2000000000	90.396768	0.00189534661576576	1.08927050391367	471841.452884429	-1.09601586112135	-0.0217497763682852
1	2000000000	90.910386	0.00133649531185465	1.08128411790355	465454.57006218	-1.08000090205037	0.0252777741899101
1	2000000000	91.424004	0.000786077411131463	1.07111864796667	457644.549260908	-1.06317327741586	0.0735249558558728
1	2000000000	91.937622	0.000255702341581563	0.884247075589842	342467.551379897	-0.909866347552153	-0.158449343598203
1	2000000000	92.45124	-0.000113898037788974	0.654150396626384	170772.089346221	-0.529958590698756	-0.353987970312187
1	2000000000	92.964858	-0.00028936856030125	0.453751181963023	65750.8172598585	-0.154029611701232	-0.57596254724755
1	2000000000	93.478476	-0.000319612284462666	0.251701480359665	37468.3915411785	-0.156816513941259	-0.239647983122954
1	2000000000	93.992094	-0.000478554982862253	0.46299291578973	88612.0833776811	-0.461584755149728	-0.0705776715816129
1	2000000000	94.505712	-0.000793186424193537	0.750430847083192	212466.55510058	-0.762980827651553	0.121317103923632
1	2000000000	95.01933	-0.00125358733127558	0.96162468981247	369991.641605232	-0.960440961450611	-0.073632466679602
1	2000000000	95.532948	-0.00176036809729929	1.01605928659465	410791.728518787	-1.01275997965475	-0.00896332559314542
1	2000000000	96.046566	-0.00229372828731729	1.05552109270964	444533.094943239	-1.06393952766325	0.0555539204638154
1	2000000000	96.560184	-0.00285111104425614	1.08280101732629	468064.90188434	-1.05037460014039	0.00290226239171617
1	2000000000	97.073802	-0.00339099405710386	1.05883834408251	447038.959542522	-1.05193056003474	0.00203834412250808
1	2000000000	97.58742	-0.0039317029629481	1.0502052701997	438305.927521509	-1.05359301996234	0.000399638600330818
1	2000000000	98.101038	-0.00447329629083235	1.05302411662253	441129.816897627	-1.05537687454713	-0.00201204946837513
1	2000000000	98.614656	-0.00501237089106825	1.05067242882657	439232.712354232	-1.04917919241662	0.000863530681629561
1	2000000000	99.128274	-0.00555135967168119	1.0492474163047	438045.331647011	-1.04964507153438	-0.000407697786212808
1	2000000000	99.641892	-0.00609061532879863	1.04987884312806	438576.01203676	-1.05021870052391	-0.00177900157066281
1	2000000000	100.15551	-0.00663000487082419	1.05321432677381	441083.649301688	-1.05068405618102	0.000460874868454845
1	2000000000	100.669128	-0.00717002437647892	1.05098402206678	439624.095292576	-1.05215025694755	0.00034035491470912
1	2000000000	101.182746	-0.00771081883723631	1.0419379274248	433178.481450787	-1.05370157527028	0.000242738467213149
1	2000000000	101.696364	-0.00824486290169154	1.03916670390346	422104.396947727	-1.01748473631311	-0.248234557269516
1	2000000000	102.209982	-0.00875567492573232	0.970162096639558	373588.332104794	-0.970850277187862	-0.00508187232400096
1	2000000000	102.7236	-0.00924138811861574	0.810000153812506	275647.507100103	-0.919774339250048	0.231236274440022
1	2000000000	103.237218	-0.00963157916368849	0.610127343192515	167022.747769226	-0.573578640627287	0.00737675643463342
1	2000000000	103.750836	-0.00990681221223771	0.569265552119943	132104.492323076	-0.499027698517613	-0.263957646389761
1	2000000000	104.264454	-0.0101450804947221	0.624442798590802	144828.123436619	-0.42964758714168	-0.53711461682083
1	2000000000	104.778072	-0.0103691572071358	0.598278839536433	155600.68733066	-0.507637965320067	-0.489128136491595
1	2000000000	105.29169	-0.0106422662164356	0.552900303634174	123612.460056428	-0.554759348682389	-0.142182169623184
1	2000000000	105.805308	-0.0109379015190555	0.635908257217133	150065.975925456	-0.595337156759816	0.209831177132257
1	2000000000	106.318926	-0.0112776028055994	0.755030504096857	242023.707672928	-0.923409241744671	0.00465191079754265
1	2000000000	106.832544	-0.0117623789559746	0.932540147954184	352565.564234539	-0.96430505755499	0.00576230830110594
1	2000000000	107.346162	-0.0122681727117369	1.02602462807512	412558.395756231	-1.00524818037054	0.00750035907629426
1	2000000000	107.85978	-0.0127948255108469	1.03021518677748	422355.06856778	-1.02384832944722	-2.7868819699188E-05
1	2000000000	108.373398	-0.0133204865166394	1.02465534248644	417762.934250575	-1.02307366111412	-4.32336619262247E-05
1	2000000000	108.887016	-0.0138457705375489	1.02157290545605	415235.13084501	-1.02238051828784	-0.000106719160175456
1	2000000000	109.400634	-0.0143707196388182	1.02089974226701	414691.500786418	-1.0217696555457	-0.000216793256678874
1	2000000000	109.914252	-0.0148954970538526	1.02292296910822	416329.452087905	-1.0231199595185	0.00304783511437445
1	2000000000	110.42787	-0.015421821755343	1.02680030041242	419505.604742087	-1.02638726788024	0.00279498704679124
1	2000000000	110.941488	-0.0159498460309246	1.03236422770577	424095.795309735	-1.02973668628146	0.00294133475910283
1	2000000000	111.455106	-0.0164811334624667	1.03159245254207	423227.710999117	-1.03205264690401	-0.00978664898732285
1	2000000000	111.968724	-0.0170082518133657	1.02095271397917	414767.679288504	-1.02042633978767	0.0276717854345161
1	2000000000	112.482342	-0.0175292334553243	1.00064363043576	399107.357065053	-1.00814819071901	0.0679167472764538
1	2000000000	112.99596	-0.01803041783207	0.884877099436731	308948.946725548	-0.894108795663495	-0.129411448814438
1	2000000000	113.509578	-0.0184359288731877	0.690172794827524	186905.358312285	-0.684695679835106	-0.0504329652298913
1	2000000000	114.023196	-0.0187335456749928	0.477776638366206	92827.405535758	-0.47404706558372	0.00745945224848677
1	2000000000	114.536814	-0.0189408161703099	0.503909081595793	74586.0614628752	-0.455530475811363	0.0329828084696691
1	2000000000	115.050432	-0.0192542645611486	0.781277931497185	222649.364298724	-0.765360042254138	-0.0668361348797545
1	2000000000	115.56405	-0.019727292466075	1.05813350308762	500154.179804726	-1.07681072360849	-0.133245093008867
1	2000000000	116.077668	-0.0202963907124718	1.18902906881118	607047.205339561	-0.846885203273282	0.266541703800818
1	2000000000	116.591286	-0.0206636266343041	0.623178090276025	166318.418759483	-0.583996910476501	-0.0121642575968774
1	2000000000	117.104904	-0.0208972195009809	0.433937840017499	64894.1885009989	-0.326529189708635	-0.302891059026076
1	2000000000	117.618522	-0.0210255242945495	0.670801123130737	244984.504074181	-0.512087175604149	-0.122085888445373
1	2000000000	118.13214	-0.0213187207769904	0.626640824206872	187393.183280555	-0.629316605776903	-0.0247779186203076
1	2000000000	118.645758	-0.0216716631847563	0.752439433510858	197310.721919954	-0.744722767032497	0.076054242082786
1	2000000000	119.159376	-0.0220834034182577	0.820565068444307	267245.680792514	-0.858261548812099	0.180395142595317
1	2000000000	119.672994	-0.022498211011716	0.810707334499728	262239.155518906	-0.805972215301005	-0.0194913009235117
1	2000000000	120.186612	-0.0229120948837648	0.803478186182342	256638.386586991	-0.805630803047968	-0.000638602742630112
1	2000000000	120.70023	-0.0233257304617182	0.79842097703534	253666.965524502	-0.805009237029272	0.0169853205147149
1	2000000000	121.213848	-0.023733080552194	0.796728964078611	252618.986400341	-0.793856834539156	0.0106867650488708
1	2000000000	121.727466	-0.0241429325480442	0.801942463881007	255882.110661643	-0.802124445740304	0.00462794698186983
1	2000000000	122.241084	-0.0245570758503885	0.813680092666533	263538.847560669	-0.810565248750995	-0.000951339855251529
1	2000000000	122.754702	-0.0249783972895754	0.809974011782617	259275.449155016	-0.812347716846214	-0.0236166725221669
1	2000000000	123.26832	-0.0253863864956972	0.775957885785099	239897.501336318	-0.776309494081553	-0.00759521432999676
1	2000000000	123.781938	-0.0257758056346607	0.717093857345722	211484.36552991	-0.740041812069561	0.00719545164709478
1	2000000000	124.295556	-0.0260837956646818	0.531275482089094	107349.007813891	-0.457984904784011	0.220177736371976
1	2000000000	124.809174	-0.0262988128167775	0.37236753119266	49600.2095490372	-0.379960362383866	0.00634491687493914
1	2000000000	125.322792	-0.0264748070493896	0.472961176519183	149181.994569753	-0.306053082146382	-0.213546201687478
1	2000000000	125.83641	-0.0267393498371031	0.883030977878961	377470.313645214	-0.957926432462536	-0.544822969241091
1	2000000000	126.350028	-0.0273039041432713	1.24532622853485	611093.56567807	-1.2388438622888	-0.0317875806405492
1	2000000000	126.863646	-0.0280102272001643	1.48508710921086	881179.382230934	-1.5098465501255	0.517098174194244
1	2000000000	127.377264	-0.0288031990636191	1.48354350498453	940486.951182249	-1.25606417671917	-0.169694844972515
1	2000000000	127.890882	-0.0293317581534675	0.898756968704855	331355.990802711	-0.802278661791057	-0.217677202567865
1	2000000000	128.4045	-0.02962753470052	0.358443918042613	36735.3893489437	-0.349703868942681	-0.28952192287897
1	2000000000	128.918118	-0.0297003640784271	0.268383929998707	42418.5429794816	-0.161744148300102	0.0107352446530824
1	2000000000	129.431736	-0.029824045188429	0.325991103456782	52865.5062204658	-0.319742350748874	0.052678802775784
1	2000000000	129.945354	-0.0300286604903994	0.479420864461873	84571.9495527442	-0.476862671296324	0.105609390562586
1	2000000000	130.458972	-0.0303137138155021	0.584717363861803	137082.695279733	-0.632928760114518	0.169519514537697
1	2000000000	130.97259	-0.030574803357109	0.528597435001676	112717.939653041	-0.500150445242805	0.0117712240530074
1	2000000000	131.486208	-0.0308331392268487	0.497213401227966	97825.2978868084	-0.505872994800494	-0.00875803792729342
1	2000000000	131.999826	-0.0310945249669861	0.500466806435476	99326.1869397352	-0.512028282315129	-0.0298936066579053
1	2000000000	132.513444	-0.0313532995492202	0.504346662404591	100996.064212839	-0.504495811515029	0.0138320545922666
1	2000000000	133.027062	-0.0316146096644173	0.514898764257792	105591.473629753	-0.513076859111207	0.00367331411031463
1	2000000000	133.54068	-0.0318803851750323	0.539652354821099	116633.146253797	-0.521880353595654	-0.00545721318315904
1	2000000000	134.054298	-0.0321571129794885	0.51500203249607	101764.608685112	-0.517331139782644	-0.123335972946739
1	2000000000	134.567916	-0.0323974338187227	0.418904398283794	69524.386425578	-0.418128238055827	-0.0130208806528302
1	2000000000	135.081534	-0.0325862878442148	0.282683673910966	38338.7285552073	-0.316948436274063	0.089904279809108
1	2000000000	135.595152	-0.0326937408906397	0.152730723097258	6714.86558994527	-0.129667817431535	0.0970222999838702
1	2000000000	136.10877	-0.032770798670893	0.16282295900828	8255.14012144387	-0.170724189207091	-0.00741483472940253
1	2000000000	136.622388	-0.0328694496695372	0.316742818368203	58663.7134839059	-0.213743276872774	-0.109895910395154
1	2000000000	137.136006	-0.0330667015946859	0.559874407784653	143815.246487406	-0.70381905692051	0.012114474811144
1	2000000000	137.649624	-0.0334277254294838	0.685322921491847	190198.98319591	-0.702027350858735	0.00542424432737939
1	2000000000	138.163242	-0.0337878743285868	0.722039156674248	202468.966396329	-0.700409631111641	-0.000466503448931485
1	2000000000	138.67686	-0.0341438035337025	0.636035616475194	164889.928394646	-0.640737414754234	-0.0521613129004753
1	2000000000	139.190478	-0.0344130646348591	0.412971340024491	68506.3708884203	-0.407831253989803	-0.0758006862158482
1	2000000000	139.704096	-0.0345628377606978	0.201636521178444	17083.0053975916	-0.175484394350622	-0.106985663071236
1	2000000000	140.217714	-0.0345952513905904	0.122525664811388	10335.7601047918	-0.0735652871541366	-0.0141843892787102
1	2000000000	140.731332	-0.0346345865818321	0.0752112047586725	4314.71132957399	-0.0795905290209526	-0.00927597193204205
1	2000000000	141.24495	-0.034676994346169	0.0905408968410065	2222.85533464563	-0.0855300197294094	-0.00445590552492462
1	2000000000	141.758568	-0.0347224313767597	0.101191603925803	3895.54255722219	-0.0913865692687646	0.000275157954910774
1	2000000000	142.272186	-0.0347761768605339	0.104795459765621	4503.87650745249	-0.106824705348792	-0.00997169900567912
1	2000000000	142.785804	-0.0348312570356751	0.108427511666909	4630.53541165161	-0.107635593948199	-0.00306129735576452
1	2000000000	143.299422	-0.0348867228548766	0.10896748583603	4705.6343444396	-0.108327165636642	0.00359527707232597
1	2000000000	143.81304	-0.0349428808433344	0.108442746929775	4617.87403535439	-0.10836344738524	-0.00430666801641819
1	2000000000	144.326658	-0.0349975885102934	0.104446734737245	4357.22005476878	-0.104644040334024	0.00329757991737098
1	2000000000	144.840276	-0.0350503509422415	0.0980780215850377	3956.48938130528	-0.100788601575257	0.0109994443817395
1	2000000000	145.353894	-0.0350957567559134	0.0823562738838579	2805.70224842664	-0.0762568586407867	0.0113464641869266
1	2000000000	145.867512	-0.0351316099242966	0.0635755787293491	1584.77243681386	-0.0633885978082142	0.000610956954339174
1	2000000000	146.38113	-0.0351609093781959	0.0486482509646564	872.33134153333	-0.0507423375538641	-0.0116836177310605
1	2000000000	146.894748	-0.0351883130560626	0.0935683178615844	3439.43494167148	-0.0874877535942374	0.0134084256753553
1	2000000000	147.408366	-0.035264236756479	0.211859216455368	17503.4669095448	-0.208147177973451	0.0183529304966754
1	2000000000	147.921984	-0.0354020975709873	0.324826556521513	41668.7760145601	-0.328632286817489	0.0334421686028614
1	2000000000	148.435602	-0.0355984977687578	0.409040076614156	66772.9504962562	-0.411148788153024	-0.04371192516143
1	2000000000	148.94922	-0.0358129376137206	0.42492329251084	71909.998202301	-0.423734299646234	0.00253941195855532
1	2000000000	149.462838	-0.0360336242102394	0.432158473719207	74514.4154415393	-0.435468976422805	0.0500911275546444
1	2000000000	149.976456	-0.0362597194572748	0.420782987323282	70341.8676749741	-0.433065337761259	-0.100320385325051
1	2000000000	150.490074	-0.0364558190275954	0.333375751522889	42946.0998819156	-0.330426944559736	-0.0635137495645396
1	2000000000	151.003692	-0.0365990390156294	0.235744507039174	23906.2193194517	-0.227170756299886	-0.031436294084759
1	2000000000	151.51731	-0.0366890802466668	0.167491286740895	14141.4818065635	-0.123366095071494	-0.00409289398203075
1	2000000000	152.030928	-0.0367167450598965	0.092136841788443	5858.32437602967	-0.0756506717388711	0.074306826784714
1	2000000000	152.544546	-0.0367678099555977	0.134418590887378	5897.00171389621	-0.123348515928244	0.0257879698699569
1	2000000000	153.058164	-0.0368436041864029	0.184914144928286	13570.6205915036	-0.171930884474568	-0.0182965580888757
1	2000000000	153.571782	-0.036952755175557	0.219057627029426	19458.0054663763	-0.225406821094344	-0.00688234234603367
1	2000000000	154.0854	-0.0370719329829933	0.239754587790255	22731.7887518428	-0.238642198578413	0.00239205499066571
1	2000000000	154.599018	-0.0371978689154615	0.248982311481862	24545.7951282339	-0.251722420412254	0.011623402741588
1	2000000000	155.112636	-0.0373213506378969	0.247767983013321	23909.6617741266	-0.233583804272633	0.00264431758833266
1	2000000000	155.626254	-0.0374408506958916	0.229235332212611	21030.388371539	-0.231756618900143	0.000194445603599256
1	2000000000	156.139872	-0.0375594290977623	0.192816236196824	16210.3482843913	-0.229995537387127	-0.00243264376159303
1	2000000000	156.65349	-0.0376398565338372	0.0956583516971151	4576.37731575107	-0.077655943740422	0.0256548119378603
1	2000000000	157.167108	-0.0376651659681522	0.0175764989043173	-197.773908406139	-0.0209584116280421	0.00668511005636211
1	2000000000	157.680726	-0.0376654806179968	0.034519816262146	624.466644918693	0.0292732864654361	-0.00415880008128064
1	2000000000	158.194344	-0.0376310294205513	0.107541740250355	4467.64242251145	0.104846010969533	-0.0154657490590149
1	2000000000	158.707962	-0.0375578239516301	0.173447177781779	12002.030325955	0.180159927239985	-0.0325433252258725
1	2000000000	159.22158	-0.0374531647703452	0.210549380890872	17710.6993887432	0.209220510782201	0.0157641649737694
1	2000000000	159.735198	-0.0373442846526108	0.214918025791914	18391.0582718155	0.214720964996589	0.00383763720879347
1	2000000000	160.248816	-0.0372326324193075	0.21993335313186	19252.5908776987	0.220015471952318	-0.00788384766022566
1	2000000000	160.762434	-0.0371175504526836	0.222062500936747	19452.1819097033	0.2263983656523	0.0282055986089061
1	2000000000	161.276052	-0.037005464851191	0.210519416029251	17457.349930765	0.20998183091189	0.00268249022747887
1	2000000000	161.78967	-0.036901930210884	0.190147699136207	14886.0144075268	0.193101959147392	-0.0227772501842809
1	2000000000	162.303288	-0.0368095644832854	0.161213910284942	10818.1468533544	0.145124996065001	0.0184962202993706
1	2000000000	162.816906	-0.0367493723567027	0.0959905535951298	3788.61464459491	0.0892619292464844	0.0187444226528639
1	2000000000	163.330524	-0.0367178657876571	0.0340383795687348	272.904012846435	0.0334318439717991	0.0209737314322207
1	2000000000	163.844142	-0.0367150364786798	0.0217261874978406	197.13780362258	-0.0235370668317691	-0.00190816533244585
1	2000000000	164.35776	-0.0367321791491595	0.0424023925674826	718.873900298562	-0.0432111842418136	-8.0377469375948E-05
1	2000000000	164.871378	-0.0367594187236857	0.0636763364760934	1606.49060197572	-0.062854444728371	0.00159518174664629
1	2000000000	165.384996	-0.036796741134196	0.0847521736983634	2872.37468497918	-0.0824735167539951	0.00311828951766117
1	2000000000	165.898614	-0.0368427498155473	0.0854692614522644	2852.57140171893	-0.0864641042075674	-0.00235275880869848
1	2000000000	166.412232	-0.0368848077578455	0.076846675804016	2396.24116668681	-0.0773073519033579	-0.00175285824157383
1	2000000000	166.92585	-0.0369221614813782	0.0635195210446313	1739.31692601617	-0.0681469505994831	-0.0013512410246353
1	2000000000	167.439468	-0.0369428781153258	0.0604419633409798	-2784.29707790442	-0.0105437084326541	0.00563847702422078
1	2000000000	167.953086	-0.0369342921752296	0.0569924373883061	2070.48907371565	0.044089010392429	0.0408387903023664
1	2000000000	168.466704	-0.0368974720698016	0.16389242376914	20958.5349942631	0.0994009220130315	0.0772524602443523
1	2000000000	168.980322	-0.0367713747994023	0.320796875664051	52349.3971028039	0.372010058475594	0.134959542792975
1	2000000000	169.49394	-0.0365573403835299	0.462263529954922	83953.169108158	0.461021677516645	0.00122302263062865
1	2000000000	170.007558	-0.0362982364681805	0.549861879934156	114367.446078308	0.547483609580271	-0.139487507915449
1	2000000000	170.521176	-0.0360064390694826	0.569015862138633	129267.1536231	0.563189760928263	-0.0030668976852016
1	2000000000	171.034794	-0.035716815507663	0.564878785031141	126975.496689278	0.564616607447108	0.0011572492962695
1	2000000000	171.548412	-0.0354264265470583	0.56912937309167	128828.596343212	0.566171420591069	0.00578823374423518
1	2000000000	172.06203	-0.0351320743618136	0.579245709057753	133437.688911936	0.5882648754597	0.000483642158907788
1	2000000000	172.575648	-0.0348331320617872	0.576201140350355	131987.03968115	0.575823440013254	0.00320671999523348
1	2000000000	173.089266	-0.0345405544835536	0.558095227259125	124183.480962089	0.563482285409572	0.00625753624752138
1	2000000000	173.602884	-0.0342569691366255	0.507874168755444	103087.009465698	0.499619415656773	0.0370946431749744
1	2000000000	174.116502	-0.0340422610430729	0.338950588192896	46276.2779533942	0.336447317287638	0.0367972412170813
1	2000000000	174.63012	-0.0339113491400482	0.17840186053946	12064.0039160423	0.173331990669525	0.0394085445553818
1	2000000000	175.143738	-0.0338641978222132	0.0284751739712728	331.317251077216	0.0102965955879541	0.0449278168566479
1	2000000000	175.657356	-0.0338920559287847	0.157528023707202	10654.3568115738	-0.136438285664266	0.0684059902073705
1	2000000000	176.170974	-0.0340045209867244	0.316009145761775	39423.8584067239	-0.301410985691829	0.0971415323501816
1	2000000000	176.684592	-0.0342015737307877	0.456794440208158	84790.2425826218	-0.465787476888675	0.135007092859654
1	2000000000	177.19821	-0.0344383094092472	0.390464370173293	59720.9792618628	-0.400227558831544	-0.141561426560239
1	2000000000	177.711828	-0.0346082070811322	0.265413977776752	29091.7495287541	-0.260917982274067	-0.00363176842924072
1	2000000000	178.225446	-0.0347059050944544	0.135479533890368	11130.3168884777	-0.119121010030663	0.124179214807207
1	2000000000	178.739064	-0.0347384460494496	0.13392969517062	-17699.5491617722	0.0526581599403254	-0.0385694610564832
1	2000000000	179.252682	-0.0346345780768477	0.371405051909055	59608.4290881696	0.352348982867025	0.13281075927233
1	2000000000	179.7663	-0.0343759482400727	0.777769012498058	279103.52411127	0.655275153457692	0.301484347943532
1	2000000000	180.279918	-0.0339063530531263	1.05803861085117	456060.706503859	1.08727966292545	0.0304312905076137
1	2000000000	180.793536	-0.0333434929299251	1.10413779481164	485247.872416051	1.10442586350381	0.0080949888082986
1	2000000000	181.307154	-0.0327719121971669	1.12257272291799	498534.557872212	1.12123600785099	-0.0144734256720425
1	2000000000	181.820772	-0.0321956576192364	1.1139647451717	493698.607128163	1.11317819467105	-0.00217149109853879
1	2000000000	182.33439	-0.0316258133364912	1.10504861768843	485783.559119554	1.10581949576374	0.00625148617596036
1	2000000000	182.848008	-0.0310596846774379	1.10533126395361	486566.423451787	1.09871143615865	0.015149942185003
1	2000000000	183.361626	-0.030492778320423	1.11493105989277	494657.967279575	1.12960703670822	0.0549363714695966
1	2000000000	183.875244	-0.0299137382316434	1.12243608909014	500766.664196784	1.1249731415886	-0.008611117483541
1	2000000000	184.388862	-0.0293373690861275	1.12734034896194	508170.12892351	1.11919459070011	-0.0759855994656256
1	2000000000	184.90248	-0.0287609978721418	1.11220879014012	499026.264707125	1.18336985373548	0.350082741813294
1	2000000000	185.416098	-0.0282298330679643	0.879291086042092	308850.928924829	0.884569361529568	0.22075476218517
1	2000000000	185.929716	-0.0278527190558008	0.620652906026788	154016.539727665	0.583548293913369	0.105209165962894
1	2000000000	186.443334	-0.0276307444385547	0.306305958536945	40011.5234348533	0.280508715214407	0.00346380682152119
1	2000000000	186.956952	-0.0275790555351372	0.05274584056412	2753.15778359935	-0.00780943945547695	-0.00973801751755301
1	2000000000	187.47057	-0.0276356978354298	0.214257391984232	19195.3666998691	-0.212619841133894	0.034106686461835
1	2000000000	187.984188	-0.0277973276218543	0.46069964828322	85988.6297698549	-0.4166181530011	0.0790905206852818
1	2000000000	188.497806	-0.0280304026927997	0.343098094759294	50795.2564019857	-0.367256581653194	-0.0287258237691088
1	2000000000	189.011424	-0.0281592569930047	0.151023846326083	8711.7979694944	-0.134565590460132	-0.0505153307021707
1	2000000000	189.525042	-0.0281687303644863	0.0565656817017083	3620.98695587854	0.0975455080969397	-0.0897167027938375
1	2000000000	190.03866	-0.0280457819152786	0.427799548317225	81435.6723707311	0.419086633715584	0.0919862258660085
1	2000000000	190.552278	-0.0277319223868624	0.813967307172087	259320.367435998	0.802451118713933	-0.111789504468072
1	2000000000	191.065896	-0.0272221752713341	1.1375694134879	516002.131007637	1.18175581694705	-0.345836735921871
1	2000000000	191.579514	-0.0265660362324782	1.28640762825868	663197.197872004	1.27177702714806	0.116715513289718
1	2000000000	192.093132	-0.0259166019414923	1.26055804866237	632576.333646901	1.25694072905444	0.0605373947214435
1	2000000000	192.60675	-0.0252750230578412	1.23896266922241	609571.469412594	1.24121092927048	0.0113466381241843
1	2000000000	193.120368	-0.0246421177611675	1.22422430964374	596339.499449581	1.22395973758586	-0.00113412489313376
1	2000000000	193.633986	-0.0240153366553845	1.21622361788834	588535.750403843	1.21674030813778	0.00429158730250848
1	2000000000	194.147604	-0.0233922123589118	1.212832560678	585411.074551109	1.20972105588955	0.00989889435534079
1	2000000000	194.661222	-0.0227697727588123	1.20637047451661	578846.335787296	1.2314750926082	0.0156422128890595
1	2000000000	195.17484	-0.0221454456360894	1.18592613526975	558245.430511204	1.19965040933951	0.0153516910611276
1	2000000000	195.688458	-0.021537439900556	1.19855915864606	575634.806152271	1.16792316969536	0.0157825355632523
1	2000000000	196.202076	-0.02094045397748	1.24697226932736	629172.697270385	1.45556492487357	0.0729391298666838
1	2000000000	196.715694	-0.0202598945239492	1.16615285382865	525436.025464657	1.19446640094264	0.0545617104868628
1	2000000000	197.229312	-0.0197134952042237	0.923134019829379	357471.331758978	0.933161585633722	0.0392729902739621
1	2000000000	197.74293	-0.019301360881451	0.532165741962828	131752.507753492	0.671657466968034	0.0270735500127798
1	2000000000	198.256548	-0.0191630741419211	0.168618434114143	29250.3018260191	0.105312215120325	-0.0496643771826616
1	2000000000	198.770166	-0.0191737239123496	0.143015158348373	2077.80700232667	-0.146145161697761	0.154164077876805
1	2000000000	199.283784	-0.0193125427597287	0.284660204235844	27138.223261955	-0.393758467026368	0.360472682935852
1	2000000000	199.797402	-0.019426655458615	0.185119921998979	6080.63687121781	-0.0847351836579378	0.135001303093561
1	2000000000	200.31102	-0.0194260015766352	0.182070026758904	15280.7062924723	0.0873626139439104	0.159719656273086
1	2000000000	200.824638	-0.0193368315473514	0.380263833934022	94436.9895288865	0.259937819142854	0.184611285129567
1	2000000000	201.338256	-0.0189889087104284	0.775205466422114	289207.989667375	0.981671347985972	0.255008008928327
1	2000000000	201.851874	-0.0184573071376482	1.09233844798811	471017.87712879	1.08750375654557	-0.0259433063111954
1	2000000000	202.365492	-0.0178726975841969	1.23692750949384	584564.082787473	1.18805351961807	-0.314745150704083
1	2000000000	202.87911	-0.0172369983497211	1.23734705907215	611043.717730828	1.25819756368643	0.00281952962511432
1	2000000000	203.392728	-0.0166007955880939	1.21660821798963	589069.720144621	1.21919184729671	0.00903551599938062
1	2000000000	203.906346	-0.0159845712819917	1.19751624547272	570390.325363742	1.18040545424578	0.0158190841383071
1	2000000000	204.419964	-0.0153811046260544	1.18567656201114	559816.83593782	1.19479327461441	0.008732267446476
1	2000000000	204.933582	-0.0147694830211476	1.18495126062288	558791.711412449	1.18685487189208	0.00752245145303895
1	2000000000	205.4472	-0.014161920020081	1.1833592624285	557060.528822166	1.17899039430195	0.00661023388442386
1	2000000000	205.960818	-0.0135574151825599	1.18136747424379	555256.203967375	1.18562848171102	0.00589807618735032
1	2000000000	206.474436	-0.0129482430238635	1.1841759423206	557626.417064586	1.18645376635195	-0.00424639896051462
1	2000000000	206.988054	-0.0123386752350825	1.19262927472813	566687.838180121	1.18716282843518	-0.016367618501471
1	2000000000	207.501672	-0.0117287810351513	1.2075326740278	582200.92608959	1.18771857857005	-0.0304653245513413
1	2000000000	208.01529	-0.0111157614935052	1.15773184526755	500902.680577679	1.13922072824359	0.0561873727913116
1	2000000000	208.528908	-0.0105595670474446	1.00318668524173	430872.516230468	1.02600295151471	-0.133202533717926
1	2000000000	209.042526	-0.0100624276991993	0.900478988139806	379421.443238393	0.909250905387853	-0.326929253031497
1	2000000000	209.556144	-0.00978418171657905	0.525061170980509	145784.949889046	0.368162088322271	0.0105770359368251
1	2000000000	210.069762	-0.00965797110716275	0.205659164131066	4638.37612073605	0.124072420727209	0.257211883888068
1	2000000000	210.58338	-0.00965592775596028	0.0980641949359569	-7774.0796257302	-0.115316290462331	0.509197281465856
1	2000000000	211.096998	-0.00967235806530883	0.144962964060723	5126.2496166754	0.13276170333198	0.0291341418773434
1	2000000000	211.610616	-0.00952187775321887	0.462933010469286	83155.858887195	0.453325037508042	0.0640320168062696
1	2000000000	212.124234	-0.00920660584522121	0.803671062636832	263733.760223831	0.774369895099358	0.0759964584405499
1	2000000000	212.637852	-0.00872473592208231	1.01645732664515	413843.070377454	1.02846038238543	0.072032491658599
1	2000000000	213.15147	-0.00818401472581056	1.07735867352608	461818.179400243	1.07690198790699	0.0066635620900977
1	2000000000	213.665088	-0.00761870814352904	1.11441507024151	493030.134738831	1.12419145166799	-0.0592394349598085
1	2000000000	214.178706	-0.00703944128313975	1.1190621309326	498974.817796823	1.11069909107657	0.0011860623701242
1	2000000000	214.692324	-0.00646954836070515	1.10940131830965	489789.317101613	1.10845562966471	-0.000750996675450045
1	2000000000	215.205942	-0.00590079443832223	1.10369325110201	484573.292473287	1.10626432532514	-0.00256675901038409
1	2000000000	215.71956	-0.00533391166917693	1.10131229090955	482592.216019275	1.09825535026995	-0.00432623320781093
1	2000000000	216.233178	-0.00476967532483603	1.09957388097044	481042.816020105	1.09888006768203	-0.00394025234478879
1	2000000000	216.746796	-0.0042050943710249	1.098302821709	480032.866685706	1.09959646691882	-0.00379638620079709
1	2000000000	217.260414	-0.00364048228785119	1.09770499567539	479453.463496604	1.09277978191019	-0.00520991730647505
1	2000000000	217.774032	-0.00307779384506931	1.09957504352904	481038.80920825	1.09832705055755	-0.00520643914179528
1	2000000000	218.28765	-0.00251223452642868	1.10292435346016	484067.503087698	1.10395782372611	-0.00551297605020317
1	2000000000	218.801268	-0.00194376266996812	1.10772266580987	488254.543862453	1.10966733373539	-0.00613112154819865
1	2000000000	219.314886	-0.00137677485523003	1.11624831716157	489131.507318882	1.09947324950223	-0.00145960052983551
1	2000000000	219.828504	-0.000814326516075264	1.07231305659532	464247.28451601	1.09064781559912	-0.017553852717392
1	2000000000	220.342122	-0.000256467020366917	0.980057215569378	411983.15460349	1.08160462255931	-0.0336653289862585
1	2000000000	220.85574	7.39535559165925E-05	0.605263673631677	187034.378695289	0.447929033321412	0.113249535973488
1	2000000000	221.369358	0.000252938770339982	0.356510365431617	42494.3155511615	0.249688328999208	0.32117471436932
1	2000000000	221.882976	0.000331122470934774	0.185922772092243	24796.3183840201	0.0554370047493621	0.535059116799262
1	2000000000	222.396594	0.000471147490141199	0.420290134251784	97543.5902096552	0.487706593154631	0.274968260409488
1	2000000000	222.910212	0.000780477990312766	0.720866506608554	201256.960859798	0.716027134951159	0.0189852305410718
1	2000000000	223.42383	0.00120583145510493	0.939241689321836	336572.678918739	0.939439503920804	-0.252096261722068
1	2000000000	223.937448	0.00173079735545998	1.03573772112352	428769.620462258	1.05079033684738	0.0321329040695459
1	2000000000	224.451066	0.0022715580745666	1.05502192223169	442860.075405036	1.05488133716297	0.0166425935227159
1	2000000000	224.964684	0.00281436967649446	1.0613272098574	447501.70816248	1.05878257615576	0.00316433119998445
1	2000000000	225.478302	0.00335768785684815	1.05606233283652	443762.181927971	1.05312733863847	-0.00073383710873395
1	2000000000	225.99192	0.00389787008972369	1.0503817461846	438991.45524844	1.05034450929209	0.000659843493126042
1	2000000000	226.505538	0.00443665125336376	1.0492949192458	438084.291317003	1.04767212487544	0.0021830673285754
1	2000000000	227.019156	0.00497529018445325	1.05070147418262	439267.588772223	1.05697757353419	-0.00673135837814695
1	2000000000	227.532774	0.00551685528290488	1.04898895235544	437810.665614306	1.05189106007337	-0.00152389092536279
1	2000000000	228.046392	0.0060558542199041	1.05393323922901	442022.694683133	1.046984774168	0.00356320169107356
1	2000000000	228.56001	0.00659308712723673	1.06550453997335	451857.958478633	1.07382161284621	0.00196856815544355
1	2000000000	229.073628	0.00714227497410832	1.06286534634974	449395.616743343	1.06470600738584	-0.00043258725436798
1	2000000000	229.587246	0.00768678979831564	1.05701998292565	444694.94138412	1.05562280193355	-0.00356752843093109
1	2000000000	230.100864	0.00822664422535534	1.04727629192161	437377.977947548	1.04655640659597	-0.00743726704419345
1	2000000000	230.614482	0.00874992337346012	0.963675032675118	359649.938129281	0.957145569378585	0.12809300047446
1	2000000000	231.1281	0.00920747565447366	0.815479716767151	267508.601940504	0.82407336317093	-0.0267692513525214
1	2000000000	231.641718	0.00959597081097736	0.627882555933879	169131.77943547	0.688293708240182	-0.165619719177937
1	2000000000	232.155336	0.00986276339278813	0.566083120574727	132678.998089977	0.466426524633853	0.16764628793026
1	2000000000	232.668954	0.0101022285183752	0.601303416033631	144167.822141881	0.466813060926236	0.410686705036719
1	2000000000	233.182572	0.0103430741539178	0.665012778731138	178292.307595241	0.471794863646007	0.651415004985172
1	2000000000	233.69619	0.0106018097077498	0.592059699352373	156720.089361928	0.550169972298915	-0.114425687669498
1	2000000000	234.209808	0.0109068089460599	0.640901434416615	162348.842242004	0.637717230885575	-0.0447208738749145
1	2000000000	234.723426	0.0112571181464535	0.817105647270781	261482.939508328	0.726588306418441	0.0207020607708688
1	2000000000	235.237044	0.0116933466970459	0.95226753722141	372655.28049093	0.976481525212389	0.0753755758954319
1	2000000000	235.750662	0.0122011621907663	0.999336205566613	398641.542640878	1.00080567744951	0.0291618297354988
1	2000000000	236.26428	0.0127212683490654	1.02526689509502	413137.045737941	1.02434128112589	-0.0166567439405222
1	2000000000	236.777898	0.0132492991822815	1.02116048125655	415040.157769099	1.01769430663831	-0.00437820855250329
1	2000000000	237.291516	0.0137719237399535	1.01783833924586	412225.769493816	1.01741070233854	-0.0021581725721421
1	2000000000	237.805134	0.0142944338821419	1.01687381388092	411414.70601965	1.01724855992343	-9.11661207626193E-06
1	2000000000	238.318752	0.0148169647279596	1.01769320454828	412093.382456775	1.01819634658459	0.000170373505442996
1	2000000000	238.83237	0.0153400162972586	1.01792930121469	412263.529251205	1.01856630741831	0.000748538850187261
1	2000000000	239.345988	0.0158632812925811	1.0205577875998	414474.363252528	1.01902735682897	0.00130921266671072
1	2000000000	239.859606	0.0163868064321189	1.02582549147866	418861.506491087	1.01957923867307	0.00185078938227499
1	2000000000	240.373224	0.0169160257211831	1.0182403868021	412520.293797851	1.02189780208318	0.013741469187967
1	2000000000	240.886842	0.01743641620134	1.00688096409971	403638.399316784	1.00439792517442	-0.0189708235900588
1	2000000000	241.40046	0.0179476797796807	0.992407725863073	392234.993067972	0.986357452071372	-0.0519542390070291
1	2000000000	241.914078	0.0184095828708816	0.717684514870311	208734.819047927	0.761819244469222	0.0524679952699452
1	2000000000	242.427696	0.0187270935804142	0.525505045109391	112280.598199738	0.474794467905697	0.126486823719038
1	2000000000	242.941314	0.0188975851760927	0.512204940513971	154382.396923018	0.18941510047926	0.22406217550572
1	2000000000	243.454932	0.0192178413940128	0.82827913658471	217549.192447092	0.870481002885662	0.375041355484512
1	2000000000	243.96855	0.0196944971054382	0.990562481811014	391987.654802297	0.984493211778765	0.0171519803169794
1	2000000000	244.482168	0.0202279403781077	1.19664556862051	768089.570584321	1.09148792281694	-0.378119969046682
1	2000000000	244.995786	0.0206173389785711	0.868706167521894	553721.952458507	0.456071741450148	-0.426205490042651
1	2000000000	245.509404	0.0208431000115218	0.432230799752088	70523.4213401584	0.424059149397523	-0.101695993502827
1	2000000000	246.023022	0.0210539878775015	0.565034285327854	11113.4322152876	0.398138079965251	0.216708755437102
1	2000000000	246.53664	0.0213001641922023	0.61555831395968	171922.768951584	0.627650030406809	0.0339754655915492
1	2000000000	247.050258	0.0216441007491125	0.708455177588716	203005.294991595	0.711483492298366	-0.0159754569073963
1	2000000000	247.563876	0.0220308633801285	0.799264741572347	243792.220246251	0.794400297285996	-0.0690878981601189
1	2000000000	248.077494	0.0224534988512221	0.829722692878658	274531.737934665	0.814441975845944	0.0127383423439349
1	2000000000	248.591112	0.02286884821764	0.805758453116005	258503.215417578	0.802924162046112	0.0119945168014634
1	2000000000	249.10473	0.0232782977693488	0.789833538051186	247997.577046987	0.791474896866079	0.0132431569221598
1	2000000000	249.618348	0.0236819140555344	0.783578223292609	244275.994986973	0.781662733461014	-0.00305601153557064
1	2000000000	250.131966	0.0240861089470502	0.793930493976792	250689.048568377	0.792270006765108	-0.0033583274886242
1	2000000000	250.645584	0.0244957658482703	0.799874519696209	254784.816960109	0.802930414471263	-0.00398985585297782
1	2000000000	251.159202	0.0249109109731387	0.80139014387843	256321.109041306	0.813639821158319	-0.00495168497869365
1	2000000000	251.67282	0.025313584462629	0.800988138240725	245646.274088171	0.765960308984582	0.116598814697364
1	2000000000	252.186438	0.0256975728899843	0.690351452892257	197314.257794258	0.728783643750005	-0.0442479128149238
1	2000000000	252.700056	0.0260617094060067	0.460461613664879	108184.680376166	0.688672188917784	-0.200787571669623
1	2000000000	253.213674	0.0262457738732572	0.345312834373942	8112.36324656401	0.307387008363596	-0.0902583108752583
1	2000000000	253.727292	0.0264230710731069	0.399393832351974	84286.6618723081	0.383732293708501	0.14008714154002
1	2000000000	254.24091	0.0266407097056748	0.712436430305274	370345.796467358	0.464483429621116	0.37389652443538
1	2000000000	254.754528	0.0272109604404415	1.24134102207895	748109.401146019	1.46555573846464	0.508015265504898
1	2000000000	255.268146	0.027978032648682	1.53357336514542	916970.454812134	1.51981085437181	-0.00491939123359899
1	2000000000	255.781764	0.0287704938334703	1.47447102665647	881791.929896231	1.56436597574239	-0.534202747916719
1	2000000000	256.295382	0.0293432908224734	0.930210165796355	473633.89420509	0.606720204194642	-0.0161013764229184
1	2000000000	256.809	0.0295973577380792	0.399708425267985	72402.4178768661	0.382864479475567	0.0654436076064211
1	2000000000	257.322618	0.0297368629072892	0.205932141650991	-36518.3221962529	0.160656182493519	0.155330174695525
1	2000000000	257.836236	0.0298365648415611	0.312396373375906	51166.4731740817	0.394711210891143	-0.00837122239552545
1	2000000000	258.349854	0.0300531477977168	0.44015069623994	79256.1582749317	0.448654606409255	-0.011293721400704
1	2000000000	258.863472	0.0302974299512426	0.514780340783503	100908.184069325	0.502565012954564	-0.0154854214303029
1	2000000000	259.37709	0.0305672628976806	0.532249957239257	112759.732000251	0.530321025681389	0.000482486767546625
1	2000000000	259.890708	0.0308387048879385	0.52663568616444	110359.587214232	0.526675686097675	0.0013570941546305
1	2000000000	260.404326	0.0311082895648414	0.52410641861918	109296.152544884	0.523088932897928	0.00227321583139019
1	2000000000	260.917944	0.031376285812169	0.524767740017305	109585.119040602	0.527939623728254	0.0143795919925794
1	2000000000	261.431562	0.0316464952089245	0.52433400300774	109336.751346529	0.524199538609477	-0.00316743404859658
1	2000000000	261.94518	0.0319147065258128	0.520222730653533	107755.980228832	0.520153634186819	-0.0224901290982482
1	2000000000	262.458798	0.0321807539042044	0.51135927130915	104408.856041536	0.515767711799353	-0.0435860637682034
1	2000000000	262.972416	0.0324263697221372	0.421357616410694	68370.3142848222	0.420701808503341	0.0658869881465244
1	2000000000	263.486034	0.0326118512059992	0.30181745207124	36791.5314421479	0.301371709232115	0.0055819282118149
1	2000000000	263.999652	0.0327357720964887	0.163156448086909	13908.4152645004	0.181023250548042	-0.044233678467543
1	2000000000	264.51327	0.0327917224151304	0.179396680258098	7151.09208791375	0.153230900334696	-0.123995495647974
1	2000000000	265.026888	0.0329133986578441	0.325715866776345	43651.2276245917	0.320986196561316	0.00558453419811805
1	2000000000	265.540506	0.0331218523441143	0.539231998115764	123808.626422738	0.491093279374649	0.122525824023067
1	2000000000	266.054124	0.033434399026208	0.658283011926528	168740.381700511	0.657827974583968	0.0522232343524634
1	2000000000	266.567742	0.0337679615543997	0.641729081091529	163537.415187959	0.64081565757868	-0.0264733161479628
1	2000000000	267.08136	0.0340924136322458	0.585844876315262	147856.681842327	0.622343952776688	-0.108015848339799
1	2000000000	267.594978	0.0343655681786947	0.457871061655508	90688.7999658277	0.394225884047555	-0.0194160496941263
1	2000000000	268.108596	0.0345271210217615	0.255727506662946	25879.7010816591	0.235136976699795	0.0702639578817235
1	2000000000	268.622214	0.0346074131836115	0.103308491726661	3996.16251118927	0.0778291584955063	0.167416401787036
1	2000000000	269.135832	0.0346263368364375	0.121855964937786	10427.1789175335	0.0676737363174992	-0.0372468867452183
1	2000000000	269.64945	0.0346641591822016	0.0840750547059354	3801.7886372695	0.0796604541851859	-0.0201441065054562
1	2000000000	270.163068	0.0347082193560784	0.0958881773125447	2163.13081944926	0.0919571401662965	-0.00497841577799106
1	2000000000	270.676686	0.0347591607282447	0.106261511347749	4520.34759434515	0.109616486636941	0.00970479057222406
1	2000000000	271.190304	0.0348156428112422	0.109694916672104	4800.77698991275	0.110309794243367	0.00500644914709725
1	2000000000	271.703922	0.0348724609563711	0.11149385980673	4934.07383544807	0.110926016890038	0.000603159724287374
1	2000000000	272.21754	0.0349295863711588	0.111417988962119	4938.78232397992	0.113339310742412	0.00672464727502878
1	2000000000	272.731158	0.034986785421652	0.110415540806635	4709.18964104977	0.10937441868554	0.000656630799317762
1	2000000000	273.244776	0.0350419209462113	0.103626863128086	4443.4543910148	0.105304006404165	-0.00541786804214232
1	2000000000	273.758394	0.0350949385007678	0.0957156041925702	4155.24989822886	0.101127175972991	-0.0114980269882418
1	2000000000	274.272012	0.0351263309072294	0.0639371743842147	1575.82445204325	0.0559599624356772	-0.0267303474342693
1	2000000000	274.78563	0.0351559416898248	0.0606507307319294	1570.8730989223	0.0594470153131405	0.00595919807403451
1	2000000000	275.299248	0.0351875043476743	0.0990666844442899	5029.19069436574	0.0635631184021556	0.039518185342667
1	2000000000	275.812866	0.0352603347624871	0.195810861531555	16843.5086939308	0.207736841940563	0.0518262607908604
1	2000000000	276.326484	0.0353917037258696	0.305586571409706	36344.9701374773	0.303619413659848	-0.0106212161910121
1	2000000000	276.840102	0.0355720124032425	0.397717775125348	61848.7040126914	0.398278827364382	-0.0806826030285574
1	2000000000	277.35372	0.0357957860002054	0.436780621917852	76055.1407146285	0.445585273959469	0.039320684832751
1	2000000000	277.867338	0.0360215985232163	0.434130440356493	74962.5749567939	0.433629795568927	0.00821556027425928
1	2000000000	278.380956	0.0362411311755672	0.419731806377618	70246.890487859	0.421137073451679	-0.0213290347130719
1	2000000000	278.894574	0.0364462040919112	0.356546847955853	50887.4240106909	0.349234191733426	0.0356748820253485
1	2000000000	279.408192	0.0365953805972393	0.236392413273289	22327.6343427401	0.231662231405258	0.0380931898420759
1	2000000000	279.92181	0.0366841923856204	0.117812979827699	5376.48212672925	0.114192586238705	0.0443559396503578
1	2000000000	280.435428	0.0367170377199787	0.0514150511848782	1093.07271706893	0.0530556313229447	-0.00586327342077867
1	2000000000	280.949046	0.036761240582918	0.119127086682396	5682.27166853036	0.119047346744452	-0.0138393509926724
1	2000000000	281.462664	0.036839298794486	0.186756835267148	13897.3520411956	0.184879928176854	-0.0234928226503219
1	2000000000	281.976282	0.0369513286049934	0.245618309809336	24012.5224293108	0.249993092509822	-0.00888325530437755
1	2000000000	282.4899	0.0370782412133805	0.241324156295247	23135.006479458	0.244223788402356	-0.00256930351479512
1	2000000000	283.003518	0.0372022258618076	0.244063854348766	23794.4947709215	0.238591199071704	0.00354911853640408
1	2000000000	283.517136	0.037323351554187	0.2545889079606	26117.4150688722	0.233090533797266	0.00947069576259631
1	2000000000	284.030754	0.0374518687356325	0.233363126838014	20405.3700399972	0.230511205463002	0.0422345823136712
1	2000000000	284.544372	0.0375592133532755	0.180955986132894	13939.5371655129	0.187289429280167	-0.0210007363538131
1	2000000000	285.05799	0.0376440604097879	0.111018521151366	7041.30273357433	0.142916860150652	-0.081256684178953
1	2000000000	285.571608	0.0376706549694519	0.0353259464202162	896.443271492714	0.0165397196693921	-0.0307004015414434
1	2000000000	286.085226	0.0376694342449987	0.0419727743481904	738.861835546755	-0.0212861090768786	-0.0282361956415913
1	2000000000	286.598844	0.0376487959651514	0.11707343630062	6973.90620156095	-0.0590713646102447	-0.0261086781111311
1	2000000000	287.112462	0.037560531323563	0.181431441369359	14790.8998705702	-0.222439575943154	-0.00311702932487821
1	2000000000	287.62608	0.0374486277845162	0.216276591927931	18471.6420440331	-0.21331350285968	-0.0035451095359047
1	2000000000	288.139698	0.0373414051244961	0.22116257338859	18967.3687357143	-0.204213032840175	-0.004058176009264
1	2000000000	288.653316	0.0372335812483915	0.214087361914245	18260.4615759644	-0.21716906029746	0.0045558520281084
1	2000000000	289.166934	0.0371222366805605	0.216547792629074	18658.3382964685	-0.216409224662597	0.00360915887196698
1	2000000000	289.680552	0.037011274706309	0.21911729777323	19124.7165596725	-0.21567676520397	0.0034630080396493
1	2000000000	290.19417	0.0369007488389558	0.199848783672395	16042.9417943074	-0.20378455667766	-0.0304910869572041
1	2000000000	290.707788	0.0368114706339686	0.145174895586764	8413.53281930906	-0.143846167784211	-0.0252965302654192
1	2000000000	291.221406	0.0367529969648338	0.0889053799624041	3132.61248441237	-0.0838410165180273	-0.0220516015401051
1	2000000000	291.735024	0.0367250427987254	0.030291329916887	461.128090607866	-0.0293192554814301	0.00486757210903513
1	2000000000	292.248642	0.0367189303489316	0.0146747902448461	97.3331616551715	0.0054821125095353	-0.00672037967199891
1	2000000000	292.76226	0.0367306344307018	0.0409275399509587	651.022219414237	0.040053154361161	-0.0194740158630282
1	2000000000	293.275878	0.0367600492882952	0.0697191557850589	1968.88946477992	0.0738094889186759	0.0254476217254949
1	2000000000	293.789496	0.0367986858245367	0.075328116115304	2208.66546704894	0.0765955211296778	0.0109329056620197
1	2000000000	294.303114	0.0368386848364943	0.0807190074229716	2724.70090922102	0.0791153852655807	-0.00342645506690089
1	2000000000	294.816732	0.0368799104968045	0.0908237731209563	3543.64118492833	0.0813725101891096	-0.0176282302681468
1	2000000000	295.33035	0.0369210133123848	0.0491329550577736	1160.32202647821	0.0567108714345138	0.0296033217466696
1	2000000000	295.843968	0.0369370782433836	0.0138960600780427	139.592878219735	0.00575807499014142	0.00180383809646336
1	2000000000	296.357586	0.036926842977442	0.0167933196403177	863.015757170252	-0.0456896526758352	-0.0227601295021517
1	2000000000	296.871204	0.0369027939314116	0.153647696996218	8600.88099790437	-0.121466698629708	0.0462613165229151
1	2000000000	297.384822	0.0367895672467314	0.323303703822875	41287.3381269386	-0.319403093090845	0.058425674541173
1	2000000000	297.89844	0.0365747519171386	0.489377110321838	98392.3634321369	-0.516993422533686	0.0861300037188152
1	2000000000	298.412058	0.0362908941823142	0.559770478860952	125393.641358995	-0.55372300201438	-0.031223880731618
1	2000000000	298.925676	0.0360047076562695	0.560732400012715	125117.261922484	-0.560614460735465	-0.00831221091785479
1	2000000000	299.439294	0.0357150796592297	0.563674306917375	126207.844784166	-0.56712636003365	0.0137562565961816
1	2000000000	299.952912	0.0354241552678147	0.561510506150258	123712.601484993	-0.563587968872409	-0.000705487825368826
1	2000000000	300.46653	0.0351348483025596	0.562176310639984	125144.533964259	-0.563001803154109	-0.0101190860430432
1	2000000000	300.980148	0.0348457846832451	0.581798347687776	139838.142057134	-0.562641876204382	-0.0199998849023482
1	2000000000	301.493766	0.0345413404961065	0.587767558701945	142971.598068278	-0.634930961405934	-0.152811216732405
1	2000000000	302.007384	0.03425038119553	0.494714392402166	97970.9353665464	-0.497830241680855	-0.0800276381063971
1	2000000000	302.521002	0.0340301717243805	0.377765688911813	56364.6272663202	-0.359456548132143	-0.0131176894420474
1	2000000000	303.03462	0.0338862855052628	0.224653240927338	20303.9298818394	-0.163493523652302	-0.0150693130256128
1	2000000000	303.548238	0.0338385534281868	0.0558450753440756	2015.65442423825	-0.0223979744614015	-0.0238196719577968
1	2000000000	304.061856	0.0338632419408192	0.116339046815097	5005.94887670889	0.118497864025145	-0.0353796120358944
1	2000000000	304.575474	0.0339605034615074	0.267372207615094	28670.097741353	0.282230859442051	-0.0133350632501064
1	2000000000	305.089092	0.0341257319750496	0.37138121987835	55254.5819405886	0.361166120449855	-0.0146868416989391
1	2000000000	305.60271	0.0343315002841924	0.420583357588626	71285.9144770938	0.440086812564634	-0.0173660317391038
1	2000000000	306.116328	0.0345777986946808	0.414747354351993	76545.6597851214	0.518983302868794	-0.0213727580281901
1	2000000000	306.629946	0.034688800069915	0.192931989763489	16015.0593880891	0.102750426968962	-0.0584832892136018
1	2000000000	307.143564	0.0347013126861201	0.0954604866288543	3698.87362334465	-0.0541247603163785	-0.089208575291968
1	2000000000	307.657182	0.0346330969650869	0.326462017940328	53438.976896902	-0.211603116921497	-0.121478515366004
1	2000000000	308.1708	0.0343741368289296	0.633821989604718	183509.428005388	-0.692870534779349	-0.198901568400857
1	2000000000	308.684418	0.0339586759996409	0.931315517706121	336991.123548872	-0.924139793394699	0.0550784767286859
1	2000000000	309.198036	0.0334256634745425	1.13649132274896	500260.853931258	-1.15055614935029	0.324272772541755
1	2000000000	309.711654	0.03282077987659	1.16524805014248	542210.654183615	-1.15354579130869	-0.00624027417202343
1	2000000000	310.225272	0.032236249260703	1.1234899668536	502180.200628941	-1.12264959797539	-0.0177912857950265
1	2000000000	310.73889	0.031667505003282	1.09991744857715	480892.820492794	-1.09208346145519	-0.0318655231486917
1	2000000000	311.252508	0.0311024263496996	1.09323896206438	475461.786695363	-1.12015617561304	0.014428351916206
1	2000000000	311.766126	0.0305306182458976	1.10176347702628	482872.453427357	-1.10650520275305	0.000664034701695302
1	2000000000	312.279744	0.0299657329341199	1.12979005187585	508924.309856754	-1.09319879638571	-0.0128481675122398
1	2000000000	312.793362	0.0293919310225624	1.15394866293925	524688.459168881	-1.17740357821834	-0.0804508579735057
1	2000000000	313.30698	0.028816638667439	1.07006857590481	448961.619499796	-1.06262567679025	-0.0316772845249013
1	2000000000	313.820598	0.0283005088953641	0.908641202581676	343639.306237745	-0.947036929087218	0.014922576569363
1	2000000000	314.334216	0.027858503719238	0.694768097449056	200327.468473311	-0.593148269371859	-0.0224765974950054
1	2000000000	314.847834	0.0276290601165851	0.329667749802937	49132.6304678932	-0.300410384621633	-0.0590209191995296
1	2000000000	315.361452	0.0275497690922182	0.113223808349676	-1327.66877325329	-0.00849682737034726	-0.105862004197871
1	2000000000	315.87507	0.0276201710164338	0.325522874088828	46792.2830407026	0.282454824334385	-0.162991912238872
1	2000000000	316.388688	0.0277925911064818	0.32300284407325	40770.6663546106	0.321421995721089	0.111119595081582
1	2000000000	316.902306	0.027948820492954	0.278159930745998	31965.4517150923	0.286261353396557	-0.103190265497741
1	2000000000	317.415924	0.0280859713079597	0.194418261857082	20794.3434546485	0.247155804075563	-0.309764006796066
1	2000000000	317.929542	0.0281180157948898	0.100557796689624	-17070.9790846434	-0.101120436915373	-0.00816110599099373
1	2000000000	318.44316	0.0279875995229425	0.457439630337846	93350.8385854956	-0.407283815301603	-0.186059219309159
1	2000000000	318.956778	0.0276990625183044	0.904472740030945	377359.196561546	-0.716820032393614	-0.36177935970705
1	2000000000	319.470396	0.0271614781335735	1.15604324020343	544318.179853426	-1.18808223662339	-0.0143721396179297
1	2000000000	319.984014	0.0265452220698881	1.21431838054108	585549.354634945	-1.21157407792011	-0.000680215177930361
1	2000000000	320.497632	0.0259169428281779	1.24266996049791	610984.756215441	-1.23489684284334	0.0137480404299801
1	2000000000	321.01125	0.0252782915064056	1.23992665113091	611940.556953543	-1.24286874107006	-0.0154279108684207
1	2000000000	321.524868	0.0246431639873901	1.23017613949217	602135.462928966	-1.23030669549588	-0.0127716293312
1	2000000000	322.038486	0.0240144753361752	1.22189489643258	594065.405173541	-1.21779890310272	-0.0108751146714915
1	2000000000	322.552104	0.0233895138214772	1.21534387696827	587395.172187702	-1.2208031829987	-0.00650197973466257
1	2000000000	323.065722	0.0227634376232131	1.21545211301501	587428.486428826	-1.2171347554574	-0.00641147194040989
1	2000000000	323.57934	0.022139221543422	1.22468997552198	598912.172035535	-1.21355973572495	-0.00621335554847651
1	2000000000	324.092958	0.0215085587753586	1.23925598474904	610131.209258475	-1.27224495876363	-0.168334380887419
1	2000000000	324.606576	0.020874589825078	1.19703581162716	566283.795108204	-1.19596685285958	-0.0223862826266598
1	2000000000	325.120194	0.0202804826286331	1.10597459328098	494455.808618952	-1.11702220881617	0.124998593420488
1	2000000000	325.633812	0.0197309481768296	0.969900853285301	378875.816526042	-0.942294825718523	-0.223623197548787
1	2000000000	326.14743	0.0193412723323483	0.597564605247572	136866.767609817	-0.574857000034717	-0.149087216885274
1	2000000000	326.661048	0.0191406426521805	0.260196034230058	32896.8218180846	-0.206199739847596	-0.087185559960867
1	2000000000	327.174666	0.0191296424480642	0.370995136021839	70748.2375880999	0.163509683980469	-0.0379278291239491
1	2000000000	327.688284	0.0192882012571402	0.296500063858422	33206.4433540328	0.270838865160194	-0.0143151585547124
1	2000000000	328.201902	0.0194006478291302	0.158526606700215	11584.6876600541	0.166810876220449	-0.083034044742981
1	2000000000	328.71552	0.0194593595846641	0.116563307160823	16059.0306173357	0.0616518127097669	-0.135294260605766
1	2000000000	329.229138	0.019338062430905	0.436763346952578	89484.766208395	-0.449252595273861	-0.103336793296978
1	2000000000	329.742756	0.0190205741355496	0.792395093085347	241108.804935057	-0.78647043073607	0.0817813168247551
1	2000000000	330.256374	0.0185308039801713	1.08459059866526	460357.581548554	-1.12001564716219	0.293847558638612
1	2000000000	330.769992	0.0179243162250677	1.19336893158529	569050.95342443	-1.18783612103434	-0.0766325809075072
1	2000000000	331.28361	0.0173085427220344	1.21041356492814	582948.988933604	-1.20979256357288	-0.0156351820840348
1	2000000000	331.797228	0.0166817569027236	1.22124818906718	593413.579837463	-1.23072775959961	0.0418942989846185
1	2000000000	332.310846	0.0160546880667824	1.21374882439204	586624.395282181	-1.20303523674044	-0.000159470443292508
1	2000000000	332.824464	0.0154384940452301	1.19700320772545	570132.582322651	-1.19643507269775	-0.0044051349939654
1	2000000000	333.338082	0.0148256439243595	1.18959252925967	562887.557083434	-1.19001699200804	-0.00945606402590799
1	2000000000	333.8517	0.0142143894829785	1.18442361358996	558200.864679655	-1.19203091584254	-0.00624095034693554
1	2000000000	334.365318	0.0136059326966467	1.17476431896164	549028.478168146	-1.17730183101851	-0.00777921891761385
1	2000000000	334.878936	0.0130050090472768	1.17376366689658	548721.231612979	-1.16269893205507	-0.00972907031756367
1	2000000000	335.392554	0.0124027263146378	1.18512722876787	559939.23251754	-1.24066223724505	-0.0194958840221165
1	2000000000	335.906172	0.011773565951285	1.1977445771703	571027.979989715	-1.20925406125933	-0.00970947574200445
1	2000000000	336.41979	0.0111605598590867	1.18920688516889	562583.579870262	-1.17775903885259	1.85406404346641E-06
1	2000000000	336.933408	0.0105634460258609	1.1489687607183	526120.033587538	-1.15818689984403	-0.00525357397475392
1	2000000000	337.447026	0.0100672148299497	0.778776140118699	239724.419663186	-0.774354921330733	-0.0782434893713335
1	2000000000	337.960644	0.00976773634812046	0.420657712827812	71935.2352187637	-0.392070640114786	-0.160489893714506
1	2000000000	338.474262	0.00966419088722003	0.237304406254506	22126.869037529	-0.0114339225186694	-0.251978752241792
1	2000000000	338.98788	0.00966734301333542	0.303489231951642	7398.89512250221	-0.01862785368033	-0.219254323602973
1	2000000000	339.501498	0.00964361345602698	0.222578684634151	38479.2288736934	-0.0738953131447913	-0.257365409701604
1	2000000000	340.015116	0.00959130891481536	0.299308231844541	128320.282084936	-0.129900013745892	-0.296672700305163
1	2000000000	340.528734	0.00922167535627221	0.770575646796292	311283.213769594	-0.962790734663864	-0.227467290805138
1	2000000000	341.042352	0.00870504610827836	1.07277125633169	441114.518204787	-1.04805644286218	0.0613057964743327
1	2000000000	341.55597	0.00814601170437265	1.14244450060457	491927.894833139	-1.12788521962449	0.358487190297477
1	2000000000	342.069588	0.00757437694676347	1.10083136777072	483528.495308407	-1.09178925694274	-0.000479240210950472
1	2000000000	342.583206	0.00701306831444776	1.09382444690951	476034.867096229	-1.09394265733435	0.000102591048357983
1	2000000000	343.096824	0.00645063432151564	1.09287234455208	474902.607800669	-1.0961712129595	0.000706754230112856
1	2000000000	343.610442	0.00588792197768582	1.09477519732221	476879.524625235	-1.09418931005597	0.00103242443086971
1	2000000000	344.12406	0.005325708630696	1.09510572591808	477168.092533879	-1.09506856942978	0.000646570269737241
1	2000000000	344.637678	0.00476301976536322	1.09620168392928	478127.084287878	-1.09604063918018	0.000352229305487728
1	2000000000	345.151296	0.00419974832757279	1.09626194491726	478188.168537329	-1.09702377158556	-8.15265718593874E-05
1	2000000000	345.664914	0.00363687810213171	1.09418582342155	476360.74489637	-1.09479613893209	-0.00182018191752085
1	2000000000	346.178532	0.00307512135537364	1.09528201321411	477373.572967952	-1.0926881184096	-0.00359942429123127
1	2000000000	346.69215	0.00251319456781215	1.09936253563591	480710.347812256	-1.10799061625437	-0.041133655689031
1	2000000000	347.205768	0.00194498250018492	1.10269315241068	483267.575946108	-1.10445103663521	0.0142321263119978
1	2000000000	347.719386	0.00137884214080867	1.10716137854575	489216.534163166	-1.09990758717797	0.074674124887885
1	2000000000	348.233004	0.000815313830456856	1.11349371046854	496525.762007214	-1.09426388222129	0.14018406523735
1	2000000000	348.746622	0.000293284027212786	0.882299173198334	305817.392739488	-0.869577794022822	-0.248774663533944
1	2000000000	349.26024	-7.76203859651662E-05	0.68186003219109	184410.904567073	-0.574857965612116	-0.292419867754224
1	2000000000	349.773858	-0.000297412261047287	0.570159467319062	144289.566914765	-0.281239347669384	-0.362296687583006
1	2000000000	350.287476	-0.000324261175852395	0.370317703885687	49472.0796442688	-0.127717569997864	-0.144969911683437
1	2000000000	350.801094	-0.000460410438343381	0.400269899307507	67784.6843878909	-0.402476491212951	-0.153029699868275
1	2000000000	351.314712	-0.000737702703750796	0.743182753815579	228770.705021612	-0.677258170824488	-0.143128696366733
1	2000000000	351.82833	-0.00117902072773994	0.937408953373077	355407.302862576	-0.947153692499676	-0.0558090955796364
1	2000000000	352.341948	-0.00168394499969312	1.01931772113668	412421.210422902	-1.01878776689458	0.0184932247358325
1	2000000000	352.855566	-0.00222532045495066	1.07001324833382	453527.593304103	-1.08908444944451	0.0947553712189891
1	2000000000	353.369184	-0.00278033533854033	1.06851194685486	455609.068429562	-1.05832087695021	0.000222939415542684
1	2000000000	353.882802	-0.00332259528028025	1.05344077260251	441575.066749893	-1.0532444653788	-0.002112530980555
1	2000000000	354.39642	-0.00386228116008723	1.04705728902424	435774.762838063	-1.04829905370626	-0.00485682957206342
1	2000000000	354.910038	-0.0044001160103637	1.04741536750489	436516.023799241	-1.04779756093716	0.00124038054157707
1	2000000000	355.423656	-0.00493844111228959	1.04840001629219	437335.408426402	-1.04843916905273	0.000984412653839236
1	2000000000	355.937274	-0.00547711807273765	1.0491641331251	437971.779821585	-1.0491673290628	0.000833813619520981
1	2000000000	356.450892	-0.00601616163021553	1.04953898979119	438281.285623697	-1.04959191132169	-0.00118341421861864
1	2000000000	356.96451	-0.00655514675193766	1.04924783383845	438037.445145102	-1.04920905367231	0.000421858234783607
1	2000000000	357.478128	-0.00709394869433563	1.04875390032435	437638.153033761	-1.04887856229286	0.00204746229105658
1	2000000000	357.991746	-0.00763256712057719	1.04817349861094	436634.903516792	-1.04729512882118	-0.00433243755077202
1	2000000000	358.505364	-0.00816633232051651	1.03716638722898	425834.606021542	-1.03119217675229	-0.00691442445318551
1	2000000000	359.018982	-0.00869186138830844	1.00401891169076	404955.13925355	-1.01522612564629	-0.010130448863462
1	2000000000	359.5326	-0.00920922692191616	0.950795136723592	373729.426703209	-0.999405809902282	-0.0139784843881761
1	2000000000	360.046218	-0.00956341102785775	0.678522096933525	188631.457558622	-0.622039622613258	0.0970132059271901
1	2000000000	360.559836	-0.00985749098494548	0.540087059327378	116669.250311346	-0.524101310859343	-0.219958791391237
1	2000000000	361.073454	-0.0101028153775365	0.638277569879359	166231.715581889	-0.432197443240955	-0.539448471784188
1	2000000000	361.587072	-0.0103459600124721	0.618375339287789	147189.128521595	-0.500860363115127	-0.444097576804483
1	2000000000	362.10069	-0.0106116114945758	0.555842082303402	121142.964869004	-0.53265711292059	-0.14830947784382
1	2000000000	362.614308	-0.010892160891852	0.574705086500414	133172.549502883	-0.558845583441748	0.155637264950758
1	2000000000	363.127926	-0.0112174931200012	0.723814240571697	211521.047396528	-0.725656228580232	0.0593090723220328
1	2000000000	363.641544	-0.0116325551599928	0.893277119114262	317302.814757017	-0.890534196400648	0.0796447496017065
1	2000000000	364.155162	-0.0121322090836861	1.04054439363484	429893.850571196	-1.05502095489187	0.108417755736732
1	2000000000	364.66878	-0.0126791256890113	1.0738018756731	460993.36579166	-1.03149326567107	0.0180154556435293
1	2000000000	365.182398	-0.0132081876478606	1.03137660720979	423426.828953477	-1.02874418438921	-0.00499343552766853
1	2000000000	365.696016	-0.0137359726913224	1.01723010829439	410969.400753242	-1.02652671838989	-0.0297858615942492
1	2000000000	366.209634	-0.0142606402067676	1.01969416554693	413746.82913109	-1.01348369511718	0.00267253546524061
1	2000000000	366.723252	-0.0147817454487771	1.01609687020945	410801.108984575	-1.01570300104851	0.00114857111261192
1	2000000000	367.23687	-0.0153040183599551	1.01928826105214	413396.524611342	-1.01803015683808	-0.000273335056631289
1	2000000000	367.750488	-0.0158282481280091	1.02555114065524	418282.936928375	-1.02775861343233	0.0275400011992081
1	2000000000	368.264106	-0.0163566700599658	1.02731235180391	419545.998053042	-1.02995368290503	0.0150582993460123
1	2000000000	368.777724	-0.0168862970074805	1.04299262580858	433758.863060933	-1.03244369605496	0.00485071621287357
1	2000000000	369.291342	-0.0174190113861869	1.06494369832547	452667.858314023	-1.10534408092675	-0.334015783714658
1	2000000000	369.80496	-0.0179345353902813	0.905072833678867	317268.263040404	-0.901509006927944	-0.146151773667619
1	2000000000	370.318578	-0.0183445051216783	0.685776711570793	193431.878122644	-0.694373200505509	0.0251672674487337
1	2000000000	370.832196	-0.0186472947384986	0.408004116353983	82035.5218107297	-0.484208545035332	0.179915222482613
1	2000000000	371.345814	-0.0188288914929632	0.464045458172264	47602.8562845359	-0.459698577003912	0.101554202455449
1	2000000000	371.859432	-0.0191349305504824	0.78085188773452	271875.461190674	-0.733165578412997	-0.263327997809747
1	2000000000	372.37305	-0.0195832026019722	1.33382617628515	770515.924286804	-1.01352334685593	-0.622551298503444
1	2000000000	372.886668	-0.0202317466292471	1.11610928798582	516178.411695321	-1.14288064362438	-0.084754137520243
1	2000000000	373.400286	-0.0206867561808359	0.661442712035291	171943.509228138	-0.629163742902973	-0.164071943404266
1	2000000000	373.913904	-0.0208783204410989	0.420115539239191	91636.819523549	-0.11708921386284	-0.254883625843575
1	2000000000	374.427522	-0.021013728454278	0.477512102005711	132658.973858533	-0.478222748819794	-0.0436583370894867
1	2000000000	374.94114	-0.0212989665450984	0.634443907078542	158289.732532507	-0.632283095233127	0.0245746406647592
1	2000000000	375.454758	-0.0216630099418199	0.768589185426359	217687.236284013	-0.78506857157871	0.0969821814984002
1	2000000000	375.968376	-0.022080354400664	0.807279574083503	260833.250676885	-0.79642983658012	0.00136306343856879
1	2000000000	376.481994	-0.0224913496188924	0.804986165237964	257944.836125509	-0.803969906446603	0.00592055343784489
1	2000000000	376.995612	-0.0229062110825032	0.806474102746753	258568.060491317	-0.8114831474553	0.0109320737923625
1	2000000000	377.50923	-0.023322988243293	0.807175192385461	259173.651936672	-0.804985161283847	0.00361146190343349
1	2000000000	378.022848	-0.0237360461402962	0.803079801981099	256527.340765051	-0.803468521488357	0.00111300267802911
1	2000000000	378.536466	-0.0241483531403392	0.805586181295338	258503.639323129	-0.802060650493334	-0.00119826185959209
1	2000000000	379.050084	-0.0245623543909815	0.812689385170501	262641.533851733	-0.829424500464259	-0.0711828777903483
1	2000000000	379.563702	-0.0249790330914091	0.792811604098083	248922.785434404	-0.792964732892915	-0.0218565322346358
1	2000000000	380.07732	-0.0253767640449339	0.751320262047044	226441.614399272	-0.755645143313329	0.0268990614910475
1	2000000000	380.590938	-0.0257551067334415	0.696089853657878	195555.171899278	-0.717469408815532	0.0750770982195163
1	2000000000	381.104556	-0.026047381343114	0.518269441656014	110394.820447368	-0.509470492706792	0.0599670683746042
1	2000000000	381.618174	-0.0262787014671047	0.397904851857072	59110.7229556088	-0.391521949274969	-0.0143395508818234
1	2000000000	382.131792	-0.0264498272315418	0.32974627018279	43203.4999273575	-0.27511771768827	-0.101255692004717
1	2000000000	382.64541	-0.0267202865432574	0.79191245367602	252860.602475113	-0.760810708730406	-0.0438351508312168
1	2000000000	383.159028	-0.0272240954308792	1.20542412588043	570422.270879005	-1.20015106470972	0.23459001664288
1	2000000000	383.672646	-0.0279521531312219	1.52117267478895	955662.810776501	-1.63384434424488	0.56698847925569
1	2000000000	384.186264	-0.0287186543173941	1.32905434453756	714205.873608989	-1.25972753215412	-0.334473448383816
1	2000000000	384.699882	-0.0292594620922251	0.901968466389776	321163.007422268	-0.84602496098902	-0.289388378705078
1	2000000000	385.2135	-0.0295876194986047	0.475175216728573	90127.9824924658	-0.431768506687808	-0.269231766151818
1	2000000000	385.727118	-0.0297146596710641	0.256054952506706	38101.0100116871	-0.200484314478358	0.311464262502523
1	2000000000	386.240736	-0.0298437008645924	0.348992825344417	47232.4360848635	-0.302476111338088	0.161329892797518
1	2000000000	386.754354	-0.0300258348606487	0.423798178601628	72646.0135580182	-0.407172043035344	0.0269860209602315
1	2000000000	387.267972	-0.0302668638768466	0.496591628257923	99044.2473915762	-0.514411290460118	-0.0427653370059365
1	2000000000	387.78159	-0.0305311199929586	0.513869554102651	105139.084694584	-0.514536384063083	-0.0221824288837114
1	2000000000	388.295208	-0.0307953546787407	0.517900354638086	106386.953114732	-0.514334692525739	-0.00377543608847958
1	2000000000	388.808826	-0.0310591400310324	0.512483615208134	104498.8766244	-0.511732295857348	7.27848550211119E-05
1	2000000000	389.322444	-0.0313217671098184	0.5110924972686	103931.404454734	-0.510936546618128	6.61808177586766E-05
1	2000000000	389.836062	-0.031583995906069	0.509926276563211	103467.003437113	-0.510181493544437	3.58780859413717E-05
1	2000000000	390.34968	-0.0318458148978991	0.515712025138883	104781.348772877	-0.508849218841192	-0.00399459900812173
1	2000000000	390.863298	-0.0321069548155661	0.531360332717386	108579.29512202	-0.507998421412753	0.00561467313584825
1	2000000000	391.376916	-0.0323676214734052	0.458095254790802	89942.5423857225	-0.507006223531482	0.0152719664831686
1	2000000000	391.890534	-0.0326277419681632	0.294695385978192	48565.3766619347	-0.505871541251399	0.0249765061540506
1	2000000000	392.404152	-0.0327137183354393	0.174668033698761	11926.8471102135	-0.150484582808361	0.042745247823931
1	2000000000	392.91777	-0.0327910557282564	0.154035481632846	12543.0590895964	-0.150964879825656	-0.0521278364724909
1	2000000000	393.431388	-0.0328691049329114	0.283543336659988	51956.6776460203	-0.153262010785488	-0.148803298933612
1	2000000000	393.945006	-0.0330907167527573	0.480981321156196	110664.723929085	-0.53968816293635	-0.117654391427228
1	2000000000	394.458624	-0.03339335172889	0.649976356279752	161288.346277135	-0.638246515493461	0.0499844481478031
1	2000000000	394.972242	-0.0337457978765108	0.729521049570062	204351.083535078	-0.733622190698074	0.225735889730673
1	2000000000	395.48586	-0.0341033354687069	0.619653647409434	150754.760492588	-0.607021405225518	-0.0318138538539047
1	2000000000	395.999478	-0.0343674342118471	0.422561923205172	71411.3593253579	-0.421412879076357	-0.0444127111788478
1	2000000000	396.513096	-0.0345362749882262	0.206246937111001	19916.8813537333	-0.236110013298801	-0.0609035308498508
1	2000000000	397.026714	-0.0345944934050421	0.0756884623919633	3264.84885836639	-0.04323724508008	0.007336438567457
1	2000000000	397.540332	-0.0346220058741281	0.0650847368993861	1723.32393837137	-0.0639028179989905	0.00543153831422628
1	2000000000	398.05395	-0.0346601423675693	0.0802166659874253	2401.25081715854	-0.0846043869982258	0.00403437422620276
1	2000000000	398.567568	-0.0347088876077973	0.101245089008072	4084.43833695444	-0.10185988235111	-0.00161484246199021
1	2000000000	399.081186	-0.0347617655818473	0.104045265744605	4308.94401386621	-0.104042591754128	-0.000268982918969731
1	2000000000	399.594804	-0.0348157601674294	0.105846803282513	4453.94225281879	-0.106207731515739	0.00111545368511269
1	2000000000	400.108422	-0.0348706365277299	0.106424400152678	4507.53496176473	-0.106045109425988	0.000430865789994566
1	2000000000	400.62204	-0.0349251946370827	0.10652321322674	4514.60981035263	-0.106399262071099	0.00193124272399888
1	2000000000	401.135658	-0.0349799290328701	0.106807147456704	4540.2946701355	-0.106730570506234	0.00374466642994749
1	2000000000	401.649276	-0.0350348954894631	0.106565518596259	4445.28683528613	-0.108872052544992	-0.0187675047706051
1	2000000000	402.162894	-0.0350863126479686	0.0936428357922942	2936.51632308987	-0.0913204324050363	-0.0107242133126832
1	2000000000	402.676512	-0.0351286814771386	0.0731895819735987	2752.03899354601	-0.0736447794473843	-0.00472860251637089
1	2000000000	403.19013	-0.0351619472889667	0.0747951281923744	4075.28230763636	-0.0558802766602243	-0.000781504371630385
1	2000000000	403.703748	-0.035173819389498	0.0883186869427187	1035.11564618271	-0.0747594912742511	0.0741144492619843
1	2000000000	404.217366	-0.0352435419889235	0.203204009864617	17798.0011084004	-0.197009590324863	-0.0112985200761849
1	2000000000	404.730984	-0.0353764610200081	0.360538641940555	55238.1440733005	-0.320816312819952	-0.0889324821000389
1	2000000000	405.244602	-0.0355829559063798	0.417884968474587	69826.2171221148	-0.425364948038073	-0.0105238838843973
1	2000000000	405.75822	-0.0358029097813347	0.433439829241014	74845.9358932392	-0.431080955957974	0.00659717070518434
1	2000000000	406.271838	-0.0360257225904109	0.450906426977595	81772.0314885535	-0.436491762691538	0.0254890376685938
1	2000000000	406.785456	-0.0362543536394449	0.414872404401571	67281.2138535675	-0.421904059346881	-0.0891443401165734
1	2000000000	407.299074	-0.0364472247135141	0.334294790119966	44333.4102979955	-0.329012452236152	-0.050850458585905
1	2000000000	407.812692	-0.036592212783403	0.257545381439744	29742.455274334	-0.235467151760124	-0.0170543457987814
1	2000000000	408.32631	-0.0366713872530859	0.154083463111277	15655.7723988912	-0.0890973157695058	0.131230601645825
1	2000000000	408.839928	-0.0367181513797994	0.0971953052593919	4003.34102862468	-0.0932903881990148	0.03946019662913
1	2000000000	409.353546	-0.0367675116822526	0.139486739805826	5558.1095956137	-0.0991996805024098	-0.0501329215711008
1	2000000000	409.867164	-0.0368310613097967	0.177116094913924	14550.890645858	-0.17750041454949	-0.0196336475119136
1	2000000000	410.380782	-0.0369299650383531	0.206158670843712	17447.9811451107	-0.207565350526754	0.00137331482937326
1	2000000000	410.8944	-0.0370442119019171	0.238778975964301	21647.7305173551	-0.237242705800582	0.0231423023541155
1	2000000000	411.408018	-0.037172660259795	0.254029200587074	25715.540736871	-0.252150073289982	-0.0146867187529579
1	2000000000	411.921636	-0.0373000695986485	0.245017354812767	23869.9588937015	-0.243957709869314	-0.00722348062904693
1	2000000000	412.435254	-0.0374232414360263	0.234321158882946	21910.2434083911	-0.235652172684203	-0.000590878047004275
1	2000000000	412.948872	-0.0375419391003439	0.220891292695266	19729.1214199732	-0.195745382588207	0.0794280936916769
1	2000000000	413.46249	-0.0376222317149686	0.124006540187191	6822.9436392014	-0.11701484591044	0.0466447460382477
1	2000000000	413.976108	-0.0376622503459101	0.047327505804617	371.565652562089	-0.0389222018793399	0.0132413281582713
1	2000000000	414.489726	-0.0376623214620397	0.030256956989337	230.418690737285	0.0385360199852214	-0.0207767394796344
1	2000000000	415.003344	-0.0376304469699618	0.0938328756480761	3786.72520802654	0.0927250001589563	0.0178454308336534
1	2000000000	415.516962	-0.0375664090648777	0.156584342348049	9546.88641779793	0.156504881391241	-0.0249357152904988
1	2000000000	416.03058	-0.0374698232070201	0.209663303728821	17581.6794227074	0.219448969597203	-0.0723855322552127
1	2000000000	416.544198	-0.0373553700474261	0.22132229829587	19504.9768553083	0.219761679378021	0.0150484390018161
1	2000000000	417.057816	-0.0372431042879732	0.217984437265327	18914.4568294026	0.217386554837769	0.0105407955173487
1	2000000000	417.571434	-0.0371320737839073	0.218194603564262	19068.4779812864	0.214955805241207	0.00732895871916917
1	2000000000	418.085052	-0.0370181651779926	0.21448039096153	18082.313901144	0.220349691896475	0.0157497723858625
1	2000000000	418.59867	-0.0369115227356755	0.195114980822666	15126.5713556251	0.194880964547782	0.00496846206374903
1	2000000000	419.112288	-0.0368180089216705	0.166231540765451	11497.1712179433	0.169230218756083	-0.00520392851159743
1	2000000000	419.625906	-0.0367492441407958	0.113475495153881	5932.73218306279	0.0848414368785575	0.00121614969791395
1	2000000000	420.139524	-0.0367176495125891	0.0418182432104304	900.647472016716	0.0382148437125206	0.0102841803563515
1	2000000000	420.653142	-0.0367099565043011	0.0106520269042731	-540.733873979552	-0.00822480025428329	0.0206429507817564
1	2000000000	421.16676	-0.0367244894135184	0.0432615685352377	756.007043309258	-0.0395167760298879	0.00522151228118489
1	2000000000	421.680378	-0.0367501348805614	0.0616512596920262	1515.19352577976	-0.0603479416074773	0.00500793747524024
1	2000000000	422.193996	-0.0367864811488071	0.0785071922433095	2455.00944542815	-0.0811834601465901	0.00518554341197515
1	2000000000	422.707614	-0.0368330083772305	0.0913589788859022	3309.17477584856	-0.0912530730691205	-0.0374952401045179
1	2000000000	423.221232	-0.0368764917604715	0.0804811039076143	2428.49657226335	-0.07798200972575	-0.00927148837048344
1	2000000000	423.73485	-0.0369130252109153	0.0589508802017078	1558.46530699155	-0.0641927932279924	0.0182257978623209
1	2000000000	424.248468	-0.0369423454659694	0.0319100921104316	668.198109749859	-0.0498964701982348	0.0449923075038808
1	2000000000	424.762086	-0.0369376629427154	0.0342346507262261	-2961.74989464301	0.0471967797103182	0.00377083262282026
1	2000000000	425.275704	-0.036894141561621	0.145050989320073	11142.7131648963	0.12241418691847	0.0478138293817578
1	2000000000	425.789322	-0.0368117712365491	0.295246075621467	44761.4908737909	0.198469994955061	0.0913718398242834
1	2000000000	426.30294	-0.0365788453014272	0.450097468790445	87438.6943346363	0.515443486476409	0.00885632029440624
1	2000000000	426.816558	-0.0363102845183051	0.544423845396108	116097.896955786	0.530318706594451	0.00480586718546301
1	2000000000	427.330176	-0.0360340928596172	0.578456722467833	130638.569835908	0.545156065142222	0.000352011027053009
1	2000000000	427.843794	-0.0357400616849101	0.57385960389327	131181.186917019	0.58149059394874	-0.000203613896021859
1	2000000000	428.357412	-0.0354440039385605	0.572387289747341	130354.183163008	0.571369065702139	0.00366691287753012
1	2000000000	428.87103	-0.035153114771656	0.573673070160477	131103.17261286	0.561364359279107	0.00742101452612988
1	2000000000	429.384648	-0.0348606854511756	0.574607836149255	129476.840170566	0.57254326436039	0.0243074164064983
1	2000000000	429.898266	-0.0345731605357442	0.549054282752287	119366.506136333	0.546955656708316	-0.0143059308234476
1	2000000000	430.411884	-0.0342989570312197	0.496108807900478	102145.753861942	0.520664931895637	-0.0549092523984001
1	2000000000	430.925502	-0.0340586611397917	0.387180363021771	62568.4513556923	0.362514742948078	0.0312070178268208
1	2000000000	431.43912	-0.0339131878962289	0.209194189462522	17282.6184745307	0.203953365859387	0.0315233097940336
1	2000000000	431.952738	-0.0338491431597573	0.0754765868764792	4206.4064773676	0.0454519554978527	0.0354728540687727
1	2000000000	432.466356	-0.0338733974095558	0.1849387104428	17058.2913567887	-0.167652756896336	-0.0940037472598991
1	2000000000	432.979974	-0.0339838137724885	0.258179914565544	28021.414803004	-0.262046102618575	-0.00961365533026657
1	2000000000	433.493592	-0.0341423040263062	0.362946088787912	52123.2251860404	-0.354839658764255	0.0775752972317611
1	2000000000	434.00721	-0.0343499062248533	0.441594128044498	81816.1835295425	-0.489419463684847	-0.232512682673921
1	2000000000	434.520828	-0.0345558066318444	0.305498951848665	37733.4369635046	-0.311990839842744	-0.117828212336984
1	2000000000	435.034446	-0.0346700559007217	0.161684137911391	10654.5619799532	-0.132584713626587	-0.0189355563928406
1	2000000000	435.548064	-0.0346917058691501	0.0445437863310728	1498.1417729013	0.0485357403193216	0.0641493100654467
1	2000000000	436.061682	-0.0346237592407892	0.315483138598576	35197.202107713	0.293007995503288	-0.0488529905622985
1	2000000000	436.5753	-0.0343871705986305	0.628167926213156	156526.226423689	0.628308847507319	-0.0366580829806331
1	2000000000	437.088918	-0.0339783308757276	0.950466661603391	360969.977332088	0.963656972721473	-0.0505045732641764
1	2000000000	437.602536	-0.0334441066100368	1.06957654604615	455225.886646849	1.06837974764771	0.0463770560690004
1	2000000000	438.116154	-0.0328842536860096	1.11017518161109	490594.212046276	1.11148456330285	-0.0178300347943618
1	2000000000	438.629772	-0.0323025499670065	1.13378459076092	512793.886844221	1.15346269066748	-0.082604091004127
1	2000000000	439.14339	-0.0317201774952315	1.12373612529568	502412.091235342	1.11603370471182	-0.00400745112063283
1	2000000000	439.657008	-0.0311478239733311	1.11283036453302	492717.120848364	1.11275803503918	0.0117166977678743
1	2000000000	440.170626	-0.0305770528932958	1.121568633623	501759.733319084	1.10987454489048	0.028296020638754
1	2000000000	440.684244	-0.0299941306490679	1.13189419897478	511186.738816076	1.15443464389293	0.0630334844014627
1	2000000000	441.197862	-0.0294115247779456	1.11324960093584	493164.709620543	1.11405606865038	0.0079316046978707
1	2000000000	441.71148	-0.0288499010196623	1.07529551486909	460201.557293445	1.07273517000307	-0.0463543931160088
1	2000000000	442.225098	-0.0283119295079213	0.944563437662	355659.772981105	0.970693575714594	0.156572499900732
1	2000000000	442.738716	-0.0278985829330568	0.649766521919922	167654.515774557	0.638786581116633	0.131552078166739
1	2000000000	443.252334	-0.0276557981285106	0.333764947435527	47197.3655971398	0.306580356893853	0.118436511328443
1	2000000000	443.765952	-0.0275774364674933	0.0556407997478176	2265.38317276713	0.051613997731401	0.0748261704632315
1	2000000000	444.27957	-0.0276155993284477	0.221214701553395	21618.6832316137	-0.200278969087384	0.0586551013095076
1	2000000000	444.793188	-0.0277832131335716	0.417903213990546	69811.463196451	-0.452446494151132	0.0461126071070883
1	2000000000	445.306806	-0.0280757646239044	0.560473015930827	140555.347507588	-0.311602367811475	0.098087950041952
1	2000000000	445.820424	-0.0281894770250129	0.237440081463628	24343.0507283806	-0.131160575808673	0.107105367730468
1	2000000000	446.334042	-0.028210469900119	0.122533844677898	7609.39662884884	0.0494499789075342	0.118284408588814
1	2000000000	446.84766	-0.0281386367050523	0.408534987096727	92064.7428946165	0.230304668772225	0.131623081148425
1	2000000000	447.361278	-0.0278097820750022	0.767900637028986	264099.584251033	0.815450514400394	0.183507838632333
1	2000000000	447.874896	-0.027322669941425	1.09115701943042	456168.827888098	1.08043089321965	-0.114187259331657
1	2000000000	448.388514	-0.0267009038252109	1.30307444771947	664623.64053211	1.33972284376582	-0.43019529661869
1	2000000000	448.902132	-0.026031714849941	1.29304004146748	668778.478722674	1.26806427681431	0.00247502586234996
1	2000000000	449.41575	-0.0253856256522329	1.2466657235316	617873.058308614	1.24786294295866	0.0211867494462845
1	2000000000	449.929368	-0.0247497914012097	1.22710440696321	597976.326301169	1.22814280851452	0.0431305579819199
1	2000000000	450.442986	-0.0241191584809074	1.22362625461784	595771.387679664	1.228006924225	0.00370634726471552
1	2000000000	450.956604	-0.0234907836537352	1.21885707074355	591106.517774454	1.21887840767893	0.00256234580487413
1	2000000000	451.470222	-0.0228670781105099	1.21520078430619	587591.213816832	1.20982564868872	0.00153812908790911
1	2000000000	451.98384	-0.0222451844950176	1.21032329553601	581562.465447025	1.21823219585568	-0.0619718503731418
1	2000000000	452.497458	-0.0216162567999688	1.22862736897295	600204.303858695	1.23093009205905	-0.0238396203708989
1	2000000000	453.011076	-0.0209806040167953	1.28415478561054	659703.030394681	1.24440663809066	0.0103816244890341
1	2000000000	453.524694	-0.0203254163713117	1.26203723805622	632676.548094007	1.29431670553932	0.203031284008169
1	2000000000	454.038312	-0.019753435186379	0.938010664998933	345068.582851951	0.932766314980805	0.140091655067489
1	2000000000	454.55193	-0.0193674192720433	0.587548487482448	148434.394820767	0.570220372854836	0.0882625770939416
1	2000000000	455.065548	-0.0191777415203893	0.289677842070766	47333.3662574189	0.0679771722674037	-0.330610845782473
1	2000000000	455.579166	-0.0191826551126904	0.171298733106222	17460.2539856937	-0.0861511901758178	-0.0237060153323536
1	2000000000	456.092784	-0.019265249178703	0.224550430606857	16843.768620771	-0.234510409222923	0.281584193061343
1	2000000000	456.606402	-0.0194225753426313	0.25188408664286	36067.0700499851	-0.377159836861276	0.585210414486666
1	2000000000	457.12002	-0.0194728937062851	0.138418264155514	-24230.4806855721	0.0612244655136978	0.0689166243345663
1	2000000000	457.633638	-0.0193607490260792	0.449718627271027	109502.292064687	0.375915092102855	0.211038645850363
1	2000000000	458.147256	-0.0190862775776813	0.996041291034064	448881.766646377	0.693304479479524	0.350662206068829
1	2000000000	458.660874	-0.0185086604540196	1.16469615771387	554853.309690822	1.20350875960048	0.0260623183146911
1	2000000000	459.174492	-0.0178936131982861	1.20075489761463	570358.590895413	1.19145134718423	0.0160683817622991
1	2000000000	459.68811	-0.0172847823247753	1.19998915189155	569697.479493462	1.17930455062415	0.00663574968577443
1	2000000000	460.201728	-0.0166727500417433	1.19113713536282	565010.489927117	1.19580046505997	0.014800698800271
1	2000000000	460.715346	-0.0160605187434182	1.18875017754203	562203.508869587	1.18821012265658	0.00983781382242103
1	2000000000	461.228964	-0.0154521852302028	1.18518043150745	558811.156576982	1.18062442131461	0.00535191125991243
1	2000000000	461.742582	-0.014844839019328	1.18049355102256	554665.675740064	1.18400517869235	0.00901470189327445
1	2000000000	462.2562	-0.0142383911349382	1.17732621368089	551502.112072932	1.17750141920856	0.00934232408016555
1	2000000000	462.769818	-0.0136352574613827	1.17634293135059	550749.405101505	1.17110162897225	0.0101838009723934
1	2000000000	463.283436	-0.0130317684563401	1.17096354271842	540926.890758181	1.18322860989706	0.0154235864798788
1	2000000000	463.797054	-0.0124257748349442	1.17264890247933	543486.194123562	1.17652150025499	0.0197115180515581
1	2000000000	464.310672	-0.0118231806064363	1.20238790277049	593885.480591696	1.16999349877872	0.0245631226232015
1	2000000000	464.82429	-0.0112008133927092	1.24251736197038	618530.457800382	1.32961785021976	0.376002841305064
1	2000000000	465.337908	-0.0105845983118906	1.06205866439161	434091.076761518	1.06920154026863	0.149550346589183
1	2000000000	465.851526	-0.0101031958769126	0.829711037906546	303586.042348821	0.80469741238436	-0.0678777105186996
1	2000000000	466.365144	-0.00977236832765758	0.676365253319077	221818.250924966	0.213890262187435	-0.135766886692327
1	2000000000	466.878762	-0.00968925711712824	0.289157980886836	56071.9306014132	0.110391564169135	0.0711873474270001
1	2000000000	467.39238	-0.00965830147721886	0.118115623374984	-11459.5963898275	0.0107955448440252	0.27689027639563
1	2000000000	467.905998	-0.00967750797372376	0.0888532353260863	4134.55778404894	-0.0849409180899934	0.481308273960781
1	2000000000	468.419616	-0.00957071592050807	0.387408029485875	69757.8444579948	0.392373025128784	0.0826135816509329
1	2000000000	468.933234	-0.00928004139737596	0.741291764130698	209397.963360514	0.73890962832485	-0.110361350097811
1	2000000000	469.446852	-0.00881233631767813	1.02908108986611	422268.616794492	1.08163151962463	-0.329908204883021
1	2000000000	469.96047	-0.00824795847209243	1.10185871979856	484833.744558405	1.09816211194845	0.0815079009715454
1	2000000000	470.474088	-0.00768089859433818	1.11042234108679	490394.385335941	1.10978456176646	0.0233795896017061
1	2000000000	470.987706	-0.00710812082995607	1.11509292427913	494371.295096267	1.12044078534614	-0.0303553986393085
1	2000000000	471.501324	-0.00653538844893163	1.11081313129486	490996.260462353	1.10917285742479	0.00464165705116139
1	2000000000	472.014942	-0.00596711501673289	1.10370475027622	484688.326953075	1.10368043735509	0.00427542502613008
1	2000000000	472.52856	-0.00540164123342354	1.09838541990773	480017.695790592	1.09827292355104	0.00441313037444542
1	2000000000	473.042178	-0.00483813460149017	1.09692740099633	478755.030848422	1.09739837291531	5.77321241578897E-05
1	2000000000	473.555796	-0.00427449015128981	1.09742013322494	479187.519308037	1.09742924566307	-0.000493922638954913
1	2000000000	474.069414	-0.00371081041387996	1.09700007789048	478826.674324747	1.09753550114411	-0.00113285458913417
1	2000000000	474.583032	-0.00314780287051859	1.09640151787367	478207.865085182	1.09409011350249	-0.00167061853952788
1	2000000000	475.09665	-0.00258468813923329	1.09880290467178	480326.329211641	1.09867849151452	-0.0010912274508829
1	2000000000	475.610268	-0.00201919177411098	1.10389072011292	485187.869675928	1.10336374670556	-0.000576611660942928
1	2000000000	476.123886	-0.00144953239001417	1.11963294976014	487905.789429067	1.11923127281163	0.252262977664785
1	2000000000	476.637504	-0.000893693199535301	1.08196953365735	442230.569400918	1.04472138014735	0.0992700587790936
1	2000000000	477.151122	-0.000376827858624657	0.875095897620212	348371.363622508	0.967498329496558	-0.0448061698284189
1	2000000000	477.66474	8.94100149714167E-05	0.623908997248471	205264.37370446	0.318080059729094	0.145193159782477
1	2000000000	478.178358	0.000230108836908437	0.473775298415939	80407.8690246649	0.230168726392503	0.263099501288776
1	2000000000	478.691976	0.000326235226073846	0.277517392497901	50640.6881297503	0.144524328178857	0.383296592603607
1	2000000000	479.205594	0.000378960151114783	0.292275521393633	111936.189256946	0.0611734312934355	0.505764514410656
1	2000000000	479.719212	0.000734549226476744	0.679857459685133	235225.324567344	0.815678616652938	0.204161873849088
1	2000000000	480.23283	0.00117659988214965	0.944636861263327	332426.316131917	0.904727773011531	-0.0945910313482746
1	2000000000	480.746448	0.00166294847552453	1.02592913739862	403772.226729783	0.988145031751654	-0.401458996043862
1	2000000000	481.260066	0.00220615359375316	1.04756639150867	438441.677412742	1.07395695403129	0.00163650866299928
1	2000000000	481.773684	0.00275446096052985	1.06471097797818	450801.380041239	1.06115376790299	0.00296855317105608
1	2000000000	482.287302	0.00329622044919818	1.06077840291714	447253.595789696	1.04846076504799	0.00446880773612357
1	2000000000	482.80092	0.00383645686522692	1.05271356116468	440981.988557387	1.05517415467718	0.000899763646737561
1	2000000000	483.314538	0.00437766654565473	1.05234156940953	440628.685024463	1.0522964897249	0.00162627825575265
1	2000000000	483.828156	0.00491742308953655	1.05244485376231	440702.929882444	1.04951593606746	0.0023936012479742
1	2000000000	484.341774	0.00545734634268518	1.0523243073057	440612.985142744	1.05443582865849	-0.000575211931007769
1	2000000000	484.855392	0.00599897603751373	1.05423154361593	442195.592038344	1.0546678977068	-0.000658435017978079
1	2000000000	485.36901	0.00654074508926161	1.06016423829751	447376.53691584	1.05497689102789	-0.00124349399065899
1	2000000000	485.882628	0.00708555676059617	1.06294691483713	449873.830443136	1.07110645058648	0.040118923935657
1	2000000000	486.396246	0.00762931268341726	1.04539170131426	434896.148462774	1.04618724686757	0.0117850711540152
1	2000000000	486.909864	0.0081601531537725	1.02144707946418	415150.416810121	1.02081362776235	-0.0169546286857427
1	2000000000	487.423482	0.00867795358648152	0.978053961145101	378437.705328962	0.98778710481424	0.0820318297526194
1	2000000000	487.9371	0.00914616131793284	0.84095198565718	274439.621396289	0.83531693836858	0.0532372121487721
1	2000000000	488.450718	0.00953597012672487	0.684366245250155	188888.15177565	0.682572106634287	0.0450787905098651
1	2000000000	488.964336	0.00984733180818139	0.557019898025518	126143.58364362	0.529911992630075	0.0575568855043395
1	2000000000	489.477954	0.0100748801570628	0.600036405034761	140285.06539384	0.453397266367373	0.406431838106888
1	2000000000	489.991572	0.0103135712823973	0.601041902255406	144386.399341078	0.476007790846887	0.388139154022797
1	2000000000	490.50519	0.0105637838702095	0.575391084898836	137362.383255481	0.498235268998577	0.361677685155708
1	2000000000	491.018808	0.0108519820999668	0.64181869620749	170520.711753522	0.630248429054522	-0.163229006133083
1	2000000000	491.532426	0.0112110331964793	0.780767492704423	240242.4812459	0.768087757927116	-0.102549320812029
1	2000000000	492.046044	0.0116411778176757	0.921452596656896	338072.336810558	0.907051842802405	-0.050739649942688
1	2000000000	492.559662	0.0121428034032336	0.990931784073212	393064.216518593	1.00253825565703	0.0820705112888903
1	2000000000	493.07328	0.012660828479032	1.01626273832493	410513.717160656	1.01447583559996	0.0267155376541179
1	2000000000	493.586898	0.0131847412642338	1.023787439031	416313.242290166	1.02547132916713	-0.0264221762610905
1	2000000000	494.100516	0.0137104699310079	1.02037963966236	414308.502182112	1.01969922966528	0.00183196782886412
1	2000000000	494.614134	0.0142339610759482	1.01878761735265	412978.195785712	1.01877256919395	0.00160716968487872
1	2000000000	495.127752	0.0147569960729526	1.01809900927376	412409.862503783	1.01792352672676	0.00153693585837184
1	2000000000	495.64137	0.0152798901715679	1.01799033851824	412347.237175734	1.01872412987813	-0.000670649261018782
1	2000000000	496.154988	0.0158032145744499	1.01884034121318	413019.938916305	1.01910635984338	0.00163361518709735
1	2000000000	496.668606	0.0163267672232251	1.02137031627928	415108.0405435	1.0196131295825	0.00401257772560852
1	2000000000	497.182224	0.0168526045211555	1.03005902124818	419495.327360507	1.03450395196238	0.0187640784136982
1	2000000000	497.695842	0.0173803856965545	1.02691233559965	415927.369820281	1.02060813208076	-0.00204033850796138
1	2000000000	498.20946	0.0179009497383142	0.981824160897215	394585.506445471	1.00640094287446	-0.0228856464634527
1	2000000000	498.723078	0.0183946372293569	0.867631784351319	323714.461116159	0.580500133864982	-0.424923956344849
1	2000000000	499.236696	0.0186732270585658	0.525214700118877	88553.6583524214	0.505211784595509	-0.142749246293988
1	2000000000	499.750314	0.0189145332742412	0.501283453285647	148698.337869609	0.435337598001942	0.145030473264098
1	2000000000	500.263932	0.0191213603282261	0.958350614365452	529501.903406199	0.370969272551784	0.438367681286756
1	2000000000	500.77755	0.0196743291400094	0.966025636279063	433266.230428928	1.05648545739644	0.572972993085714
1	2000000000	501.291168	0.0201811995900011	0.98420465713474	355712.594723758	0.915464489365509	-0.000283810705433221
1	2000000000	501.804786	0.0206128556750229	0.873169546134222	356769.594066496	0.763556697003531	-0.58947156853434
1	2000000000	502.318404	0.0207979733192861	0.452979528219772	157930.528812152	0.311487072445648	-0.233359795958742
1	2000000000	502.832022	0.0209916360461546	0.452015791451523	62719.7837551825	0.443135453037189	-0.0747220588720477
1	2000000000	503.34564	0.0212536793003129	0.633598673074205	138777.245679527	0.577724882831867	0.0747037072589497
1	2000000000	503.859258	0.0216291189752022	0.742501575722686	227287.427083267	0.797715991597895	0.0417275194259545
1	2000000000	504.372876	0.022035292187737	0.787229262701552	245750.383366	0.78382308336028	0.0106806791869302
1	2000000000	504.886494	0.0224341959196544	0.78658866780088	243656.681896979	0.7694107632001	-0.019949063643443
1	2000000000	505.400112	0.0228329587245474	0.776296312212334	239883.596422981	0.78680715487291	0.0016789344046364
1	2000000000	505.91373	0.0232365844379921	0.784487573322315	244874.55982862	0.784907209915314	0.000860581525323992
1	2000000000	506.427348	0.0236392463189049	0.784420522197806	244798.48185424	0.783054254554527	9.0417579801499E-05
1	2000000000	506.940966	0.0240402033924028	0.777094165114276	239761.051380608	0.778551375549519	-0.0313121039191279
1	2000000000	507.454584	0.0244420586916383	0.783978911731901	244181.881121937	0.786330649058564	-0.0126124855401507
1	2000000000	507.968202	0.0248480129493574	0.813997203282714	265265.515967663	0.79450635320433	0.0041983379754103
1	2000000000	508.48182	0.0252663474537419	0.839104589426621	278574.488693098	0.867350772660326	0.253661214909863
1	2000000000	508.995438	0.0256724554405436	0.719353182534217	199662.75546946	0.713544278070358	0.099897938083157
1	2000000000	509.509056	0.0259988575157807	0.541228846390321	125222.624261683	0.557022260246861	-0.0412251902060564
1	2000000000	510.022674	0.0262388193456043	0.328289974677397	39116.3689088394	0.182586688217033	-0.263238848361316
1	2000000000	510.536292	0.0263735430143748	0.264230322610568	-98263.158098525	0.342764881827985	-0.0295891114147804
1	2000000000	511.04991	0.0265916657593318	0.690712828607442	347130.875367324	0.50732591418604	0.20007755472348
1	2000000000	511.563528	0.0268954277283738	1.63771089878885	1419348.19789277	0.676225985678347	0.425723098523876
1	2000000000	512.077146	0.0279514752175828	1.73406442542354	1239415.08075081	1.93709139429715	0.272610784940025
1	2000000000	512.590764	0.0287887498857388	1.39607276560447	791384.768088394	1.32305683092345	0.212309326886972
1	2000000000	513.104382	0.0293103955282255	0.754647427534003	266702.156650804	0.708107596856498	0.16691874405657
1	2000000000	513.618	0.0295503877323647	0.405024852232276	66947.7306349217	0.382039019635406	-0.0807849115434729
