"Time [s]"	"Current(EndConnection) [kA]"	"RingCurrent(EndConnection) [kA]"
0	0	0
0.001	-0.126000689405842	2.2658190481495
0.002	-0.494279893968961	5.14362240074451
0.003	-1.06263144660695	7.57179656089258
0.004	-1.70723028691592	9.1310827608069
0.005	-2.31047863528376	9.72629759497822
0.006	-3.14575152448279	9.25572288433972
0.007	-3.94494035973121	6.96343051157889
0.008	-4.25652857908528	4.07058586429128
0.009	-4.24315039379472	1.19784928583601
0.01	-3.96409413806106	-1.50724541324079
0.011	-3.48139106576032	-4.07731598569527
0.012	-2.84458382566713	-6.51689106823872
0.013	-2.03961374936634	-8.54835234775939
0.014	-0.792235553795599	-9.87206249284207
0.015	-0.073109935702907	-9.7295305580759
0.016	0.75763021553191	-8.56718602838715
0.017	1.40726965586437	-6.56757450381386
0.018	1.8401865865075	-4.05283622473868
0.019	1.9994433851877	-1.32063192913219
0.02	1.95374439861986	1.50694681192999
0.021	1.70002853035445	4.08845246750787
0.022	0.554371096277003	6.53913394416478
0.023	-0.497004136031356	7.5050572155633
0.024	-1.15885492631108	6.99837011294652
0.025	-1.82799259334671	5.62772242492563
0.026	-2.28437771366258	2.67084951863864
0.027	-2.56982103701403	-0.647830272166656
0.028	-2.50915754071652	-4.06490307651725
0.029	-1.92534177416789	-7.65424701536911
0.03	-0.630199389743797	-10.798871636336
0.031	0.043219547051076	-12.0565210723048
0.032	0.871464384006425	-12.319894516319
0.033	1.60197776602679	-11.2984118035272
0.034	2.27854186890331	-9.31955769499668
0.035	2.66878677544943	-6.90446143883053
0.036	2.75420571020511	-4.20261063860671
0.037	2.56318400962333	-1.40125940568865
0.038	2.15299090293511	1.84915878418939
0.039	2.14673691995218	3.93361299856893
0.04	1.49300264640114	5.76950037610493
0.041	0.898497072787216	7.31656248334589
0.042	0.116546936965693	8.49353014278002
0.043	-0.67688557465138	8.90734575418783
0.044	-1.335043761071	8.41797078117024
0.045	-1.88668341217896	7.01621544965163
0.046	-2.30850137635074	4.86008892416694
0.047	-2.7722593755371	2.54469977904075
0.048	-3.00296924920451	0.300211533043871
0.049	-2.36600655228438	-2.43898226688406
0.05	-1.87515218548604	-5.10703413161333
0.051	-1.31852926007197	-7.29070860246801
0.052	-0.577192453120413	-8.82226968595193
0.053	0.119955828459453	-9.3000161186488
0.054	0.804040928562803	-8.71720453416298
0.055	1.45482932374524	-7.25400862206799
0.056	1.85759358596452	-5.83338146796798
0.057	2.33069793788231	-4.01464760483911
0.058	2.34126000102002	-1.78418684853461
0.059	2.49669993294791	0.369655432513038
0.06	2.65859598930647	2.8463626445557
0.061	2.13683185211448	4.48544164540244
0.062	1.509559853216	7.20814046979797
0.063	1.61532423967885	8.73030519450297
0.064	1.25036658727211	9.85127046419219
0.065	0.391489629783588	11.2421667051598
0.066	-0.170756594284541	11.8371629402541
0.067	-0.600635719192098	11.422192984677
0.068	-1.51508019310342	10.7003515737253
0.069	-2.04511947708416	9.315128979071
0.07	-2.31542115848011	7.20480904067632
0.071	-2.37152640347635	4.61052532449665
0.0720000000000001	-2.6292994127321	2.52993151235503
0.0730000000000001	-2.38421312484352	-0.0423035109007678
0.0740000000000001	-2.16820699733813	-2.31638203512113
0.0750000000000001	-1.6378548862523	-4.09060883203057
0.0760000000000001	-0.802960610312103	-5.90107527877994
0.0770000000000001	-0.215458665646879	-6.93802384587779
0.0780000000000001	0.506932882474628	-7.19541696300985
0.0790000000000001	1.37132985966318	-7.23918699824253
0.0800000000000001	1.59275359889134	-7.14409445071509
0.0810000000000001	1.74223295516449	-5.57547187569309
0.0820000000000001	2.38670688728246	-4.68538208427997
0.0830000000000001	2.57143988697695	-3.22057362297663
0.0840000000000001	2.75301986417234	-1.53531486327483
0.0850000000000001	3.35982203448741	-0.414807533899631
0.0860000000000001	3.32463865557285	1.52628789490688
0.0870000000000001	3.55103627487739	2.78327742865201
0.0880000000000001	2.75652558433604	4.54071996928948
0.0890000000000001	2.87952284660091	6.27145358558779
0.0900000000000001	2.29405235052004	7.18238855432274
0.0910000000000001	1.50253744425266	8.90712387937105
0.0920000000000001	1.0173240319791	9.28017154743091
0.0930000000000001	0.292736411902881	9.30635104039438
0.0940000000000001	0.0764734402794038	9.21974149432331
0.0950000000000001	-0.113009889337708	8.19126262872495
0.0960000000000001	-0.910036209023665	7.46738271779945
0.0970000000000001	-1.55063612525962	6.44182473336016
0.0980000000000001	-1.82030988816163	4.72244456226541
0.0990000000000001	-1.87804482063874	3.08025656144928
0.1	-1.70479572573565	1.22547725845181
0.101	-1.69055023854495	-0.818775289588293
0.102	-1.64518076452317	-2.10309636115918
0.103	-1.77282166026098	-4.10102422362438
0.104	-1.80570093512062	-4.94300510665011
0.105	-1.31026623814623	-6.48212670113344
0.106	-0.57438473550554	-8.01968257164178
0.107	-1.03063713857332	-8.47979438693382
0.108	-0.284510095702693	-9.64854074318823
0.109	0.172857663103987	-9.98921764197884
0.11	-0.303676828032618	-9.86998996424165
0.111	0.321003085734228	-10.3347147182925
0.112	0.937071014602956	-10.2500714534655
0.113	0.727462937336992	-9.61367355296547
0.114	1.15761091225608	-9.33435311645174
0.115	0.871323839689661	-8.90622587568526
0.116	1.69826841166844	-8.55069623604543
0.117	1.91750485073377	-7.9035779504171
0.118	1.39243975508854	-7.04731555866615
0.119	1.70388208793214	-6.51540696313789
0.12	1.64796159287148	-5.81872088897604
0.121	1.92357419941663	-5.60387397681108
0.122	1.52275915438869	-5.09991054679039
0.123	1.46828248740073	-4.36356418659499
0.124	1.79816320500075	-4.60313682590147
0.125	1.38925172072096	-4.44052583463332
0.126	1.59022738259691	-4.32752477144966
0.127	1.6150903579839	-4.12769743513509
0.128	1.28673805751538	-3.97063343692864
0.129	1.46155472390872	-3.90643049876692
0.13	1.44003488369959	-4.19274458805055
0.131	1.57358218450544	-4.51225611051886
0.132	1.28730510062944	-4.17923162573824
0.133	1.10333422662632	-3.78939402930778
0.134	1.30973468667402	-4.41061053700945
0.135	0.862917116421153	-4.30757653517419
0.136	0.799487088054039	-3.83194538385527
0.137	0.935997497249084	-3.68279316009863
0.138	0.640368556814287	-3.93097598992285
0.139	0.700298950712957	-3.91765895171546
0.14	0.490140632766264	-3.18763578231877
0.141	0.449433313778122	-3.11238495766644
0.142	0.612856277240494	-3.55444559034428
0.143	0.400155853092116	-3.3895459053323
0.144	0.282629501108785	-2.74899385437876
0.145	0.47130958321009	-2.77376832916166
0.146	0.413816768327968	-3.17436431218095
0.147	0.47672352589007	-3.30245218395092
0.148	0.226849718719545	-2.8752763379769
0.149	0.234929780796424	-2.32367555395636
0.15	0.481551766694238	-2.81397596341654
0.151	0.296103460697355	-3.07480316616773
0.152	0.336005782106737	-3.04138358974919
0.153	0.199974366505989	-2.6828506540282
0.154	0.174197736416716	-2.12038731931397
0.155	0.321830170797687	-2.06225547138559
0.156	0.321991831617034	-2.25631538233256
0.157	0.441030585844007	-2.44054273257958
0.158	0.283353156351644	-2.30530920301745
0.159	0.339787432365098	-2.07162343157027
0.16	0.289534151787287	-1.65229806323041
0.161	0.306636765793672	-1.22585965269662
0.162	0.398519763898026	-1.0479450858603
0.163	0.479311441958506	-1.04877632515059
0.164	0.600317491109045	-1.19124090784889
0.165	0.501924949529755	-1.14557973835237
0.166	0.575696236192067	-1.05332825261082
0.167	0.589552767257444	-0.896996018038891
0.168	0.584084946275857	-0.613205241103784
0.169	0.537917647953259	-0.253655923531992
0.17	0.629375033946634	-0.176704632168726
0.171	0.715462628610666	-0.332808022963649
0.172	0.640978410520346	-0.415932237618167
0.173	0.641473969572409	-0.438684204075004
0.174	0.657156736037891	-0.315481720846017
0.175	0.58221131222372	-0.00923380793288572
0.176	0.566285552214551	0.150360623299336
0.177	0.677121158098577	-0.0219434465781286
0.178	0.688757272646231	-0.255151075489636
0.179	0.534464223049437	-0.232897288607917
0.18	0.460352512765933	0.0480018208966949
0.181	0.534665565725368	0.191752126680604
0.182	0.519495960285675	0.0493873399008986
0.183	0.536758631829531	-0.162739319876618
0.184	0.519797972809515	-0.253086678850551
0.185	0.419904248036091	-0.0331897166196212
0.186	0.399093906463036	0.134134457314739
0.187	0.516542965722767	-0.0722877059734656
0.188	0.516482713540692	-0.345620930512042
0.189	0.357365749289527	-0.300548824639333
0.19	0.31299186479731	-0.0662205827555862
0.191	0.394891716257633	-0.0171514321447706
0.192	0.38937983473576	-0.149974882664793
0.193	0.404370266460827	-0.337935242801138
0.194	0.360834817242991	-0.34246402811732
0.195	0.296813103534175	-0.144294049641744
0.196	0.286571720146968	0.073243352675117
0.197	0.393249713704792	0.00734681592420566
0.198	0.429476876074174	-0.137644707420904
0.199	0.344275901173922	-0.144837738727291
0.2	0.30808206999163	-0.0375538779382055
0.201	0.315750972448847	0.199415596502674
0.202	0.311897191566263	0.395847268685851
0.203	0.379404960397685	0.440759703576725
0.204	0.492581398848036	0.395791310726909
0.205	0.484754097921592	0.328393760764762
0.206	0.403811660651137	0.427811088365882
0.207	0.342218848077315	0.649690018791455
0.208	0.393524029308354	0.835625026852324
0.209	0.361712122555467	1.00621779913912
0.21	0.443590640703407	1.03250550379043
0.211	0.600032589464379	0.927863264423292
0.212	0.540002757640961	0.898872387899341
0.213	0.458519499870613	0.9739264092511
0.214	0.338449941410174	1.19420385064193
0.215	0.396849542696531	1.32320033578404
0.216	0.424706924423073	1.33758709021723
0.217	0.473849585708001	1.29016008507971
0.218	0.601346316151662	1.08147898349247
0.219	0.438661241816455	1.09788120769413
0.22	0.331094376743394	1.26824482874232
0.221	0.333769130720538	1.3855023200174
0.222	0.48405755301916	1.2015607191241
0.223	0.479624071942376	1.03332231800175
0.224	0.369144813750784	0.979918544244469
0.225	0.341519856677644	1.02896112939781
0.226	0.29716869364895	1.14748154915956
0.227	0.379853695095382	1.06236491176211
0.228	0.486956512147387	0.813767506037859
0.229	0.358877332413321	0.697707256021574
0.23	0.234899964343317	0.821555130935986
0.231	0.290537467373074	0.899629320074048
0.232	0.394282753696285	0.786024532294719
0.233	0.3610728866876	0.622180031787844
0.234	0.277248291087783	0.558139133492651
0.235	0.245234439265358	0.619132199946561
0.236	0.236377698825854	0.779827989360329
0.237	0.296041059151765	0.79532843412763
0.238	0.392242230627638	0.639515815500262
0.239	0.325263735695667	0.547864203769418
0.24	0.221055231801372	0.606723830532787
0.241	0.191546575472949	0.808993556241035
0.242	0.284696391332641	0.891468575167535
0.243	0.324892197001524	0.894471010283683
0.244	0.300919345336735	0.871670795910011
0.245	0.350698783097618	0.7991084729733
0.246	0.22070906307161	0.886522445177625
0.247	0.178757733456995	1.07485108640011
0.248	0.266494940224065	1.20234071296478
0.249	0.326984262408798	1.22758125084655
0.25	0.348307913823305	1.18186330379061
0.251	0.286526259514974	1.17807148842581
0.252	0.297147799264301	1.17257406489695
0.253	0.160010852185819	1.35578471405016
0.254	0.195191004549365	1.4904947113645
0.255	0.328974090222429	1.51332196032955
0.256	0.337913647305862	1.45256959070751
0.257	0.315807355850938	1.3803556668093
0.258	0.191192853943847	1.43097435573642
0.259	0.187930621641153	1.50572464178551
0.26	0.193778084490471	1.61802716486931
0.261	0.226898198336953	1.65951006890395
0.262	0.376943126140412	1.49102050340297
0.263	0.257988259132627	1.38145905249809
0.264	0.166312483058052	1.40111545458722
0.265	0.150435233929008	1.52619627465964
0.266	0.223066657771629	1.539503089833
0.267	0.281184752306314	1.43720196848847
0.268	0.201390465824571	1.32430184431256
0.269	0.199463639095287	1.2227881074455
0.27	0.125396859250156	1.32590750282471
0.271	0.14461745060666	1.42117451151058
0.272	0.290596843370087	1.29955290969664
0.273	0.227382660354652	1.12718767043486
0.274	0.157941621916236	1.05017548704609
0.275	0.112668282739913	1.14470951620793
0.276	0.162463359897381	1.2509692204045
0.277	0.202663686551476	1.23376410886098
0.278	0.168228229813121	1.13821827718598
0.279	0.204709931239936	0.998573823651286
0.28	0.103151985791184	1.04074139620299
0.281	0.0889231007882474	1.21970049646271
0.282	0.170653756874192	1.29202280284351
0.283	0.197290208246004	1.21134745595557
0.284	0.176585590542085	1.11793834928154
0.285	0.0912672923663772	1.11630025330947
0.286	0.103616324121985	1.20119311188545
0.287	0.0948647907819936	1.36642033694051
0.288	0.102801516725225	1.47836161836723
0.289	0.228837464315161	1.39869963933744
0.29	0.154150786103212	1.29226570307768
0.291	0.103925807980568	1.29985080152385
0.292	0.0560385214609807	1.40851416097137
0.293	0.0879624079174291	1.56627855659046
0.294	0.116767328297088	1.65622580286787
0.295	0.103583621557571	1.65669688459477
0.296	0.19325960922926	1.50800445228247
0.297	0.0669374673378086	1.468471054187
0.298	0.0319753437318268	1.58880931191481
0.299	0.0678103646575132	1.70297514990896
0.3	0.103866333625842	1.76895466312814
0.301	0.149022686882757	1.67013003199249
0.302	0.0511214018371409	1.61000061874715
0.303	0.0820459174583989	1.52381220004184
0.304	0.0140160603624854	1.63574306198548
0.305	0.0330504721783248	1.75997117372339
0.306	0.152977564513853	1.68935754319446
0.307	0.0971325304538539	1.5461521151675
0.308	0.0617384573986876	1.43627599372186
0.309	-0.00149633416250549	1.50667588176169
0.31	0.0422162609281193	1.6184960385274
0.311	0.0784702286984282	1.63794978427446
0.312	0.0521177402447586	1.55383474360757
0.313	0.113618586751861	1.33600988086256
0.314	5.22870311342558E-05	1.33186020841783
0.315	-0.00478655318029746	1.47576291203572
0.316	0.070893169132052	1.53881410528964
0.317	0.0820684246057615	1.44918390808664
0.318	0.0738927331698433	1.28926008872006
0.319	-0.0113017713029888	1.25573429396794
0.32	0.0123992848674529	1.33772423587397
0.321	0.016097456914456	1.47665356129669
0.322	0.0262809569853696	1.5275445423628
0.323	0.124466749584718	1.34909386299851
0.324	0.0162932188162401	1.22575996791448
0.325	-0.015289307128304	1.26941997783954
0.326	-0.0164588759319624	1.45096807253874
0.327	0.0303632212211344	1.55424947201976
0.328	0.0622846243278743	1.52463994220628
0.329	0.00314500662293449	1.45805459416989
0.33	0.0493171577754085	1.31739307225739
0.331	-0.0437131966783875	1.41342008336304
0.332	-0.0335432383224179	1.58290207686601
0.333	0.0363943999889639	1.66607681082087
0.334	0.0328954742755409	1.64087127528205
0.335	0.0401872488603351	1.50874881130383
0.336	-0.0614845937313437	1.47110667594168
0.337	-0.0195350485087263	1.53551760938793
0.338	-0.0413359471647443	1.68835374140189
0.339	-0.015101709716429	1.80574121602338
0.34	0.0820420997729852	1.66197297775795
0.341	-0.0156007335912384	1.55843872087497
0.342	-0.0345283320194849	1.50064329983556
0.343	-0.071301207032232	1.63768959118912
0.344	-0.013291363567226	1.76060051205966
0.345	0.012526420550982	1.77941595070804
0.346	-0.0272028041083631	1.69593999731206
0.347	0.0313081287486714	1.47564903769659
0.348	-0.0859948781154681	1.50453156234184
0.349	-0.0587232369755009	1.65804625413532
0.35	0.00548431366170325	1.7450997948792
0.351	0.0037138452145748	1.67450390720583
0.352	0.0140144068769573	1.49151477556244
0.353	-0.0873252011960328	1.42833410258886
0.354	-0.0398046536960053	1.51269107103051
0.355	-0.0432087149369977	1.6531254497727
0.356	-0.0230010330560049	1.68802015242625
0.357	0.0656941257710398	1.47787147043355
0.358	-0.0553190296298617	1.35091611985881
0.359	-0.0664458357075805	1.38213208783912
0.36	-0.0585622526325928	1.55606446837336
0.361	-0.0105462638169274	1.62789695077041
0.362	0.0196763667459675	1.54489758537869
0.363	-0.0508762071198021	1.41445628796381
0.364	-0.0245784328035611	1.28152084330291
0.365	-0.0971469828544884	1.43589309400219
0.366	-0.0480425872268042	1.60768576762825
0.367	0.017754170193429	1.61112219727917
0.368	-0.0219398558168336	1.48594744274279
0.369	-0.0200300504054542	1.3382666743181
0.37	-0.107341975871558	1.39003162369313
0.371	-0.0577398382423253	1.51394490793832
0.372	-0.0527239549406179	1.65928922422492
0.373	-0.0413969444244162	1.66107193151827
0.374	0.0355845962354176	1.46115933119817
0.375	-0.101005587274136	1.3727095698148
0.376	-0.0888516167978444	1.45059275303932
0.377	-0.0862786154289322	1.6435365776323
0.378	-0.0439944252174607	1.71599492167654
0.379	-0.0112327504038713	1.65417339385501
0.38	-0.0856336906550994	1.51731008827561
0.381	-0.0521004843779531	1.38066280199461
0.382	-0.143802665419521	1.52799346531457
0.383	-0.0807152400968318	1.71140737425885
0.384	-0.0240034522973497	1.74249704345978
0.385	-0.0649480251804537	1.61616034718014
0.386	-0.0410580311829822	1.44230300786126
0.387	-0.146826036875445	1.44308313843875
0.388	-0.0930548440624059	1.57619102627946
0.389	-0.0865059913661323	1.73240149412344
0.39	-0.0723349362146951	1.71038756298815
0.391	0.00486155410974038	1.48670504878642
0.392	-0.140202002508282	1.36356877756713
0.393	-0.107989469971918	1.4708586524583
0.394	-0.10725486998369	1.65540448465147
0.395	-0.0713961868991901	1.69898290674561
0.396	-0.025563549897443	1.57943816321061
0.397	-0.113848590246143	1.41600374255487
0.398	-0.0850502782245546	1.32958266388025
0.399	-0.159091095047721	1.51747609058731
0.4	-0.0920504081567221	1.67113186622392
0.401	-0.0286041921278199	1.61741440025919
0.402	-0.0996323639820259	1.45524516755675
0.403	-0.0702616942391326	1.29062258355336
0.404	-0.166257467164009	1.41527700542132
0.405	-0.107454587305081	1.55905119867596
0.406	-0.0868427312464103	1.64804993246741
0.407	-0.0965897536899624	1.55910406983443
0.408	-0.0333813181133817	1.31726184835357
0.409	-0.181936997812718	1.29263259462313
0.41	-0.130643600880115	1.47352510413877
0.411	-0.115312164109638	1.62270914203925
0.412	-0.102777356914069	1.62391317627929
0.413	-0.0489172204534445	1.45344812609789
0.414	-0.153536781346806	1.32591675541923
0.415	-0.131729743400716	1.31628148743051
0.416	-0.181872861915715	1.54048569223527
0.417	-0.128699173742066	1.67009987784109
0.418	-0.0593359618295274	1.5666422093944
0.419	-0.146923146105882	1.39359265619162
0.42	-0.108380431578702	1.27144213228925
0.421	-0.209627874467925	1.4399004799677
0.422	-0.15795416308405	1.59417108192009
0.423	-0.126560270021195	1.65661490692188
0.424	-0.150156210376801	1.55724855984903
0.425	-0.0905339064298496	1.29947698753302
0.426	-0.236271463708939	1.32403366718521
0.427	-0.177360245479415	1.50320712921632
0.428	-0.166328624505834	1.64552936893427
0.429	-0.163651110666671	1.63888310993165
0.43	-0.0967228384407072	1.43333990327208
0.431	-0.196851912749891	1.29737166845546
0.432	-0.186298373100188	1.32053558633569
0.433	-0.241355166702047	1.57338464529631
0.434	-0.179884284832321	1.67064310134701
0.435	-0.111027749877681	1.52393187680333
0.436	-0.21334958511118	1.3660829183658
0.437	-0.154101811449444	1.24179128513416
0.438	-0.247326798826302	1.42427135183474
0.439	-0.208095008100374	1.58949643781004
0.44	-0.168437195893818	1.59964636232336
0.441	-0.197981789638456	1.46092539085108
0.442	-0.140135441255651	1.19142734895375
0.443	-0.287330161539006	1.30948756667493
0.444	-0.223719691732053	1.49475278418881
0.445	-0.210828607651988	1.59800696980772
0.446	-0.214714284342339	1.54566785723634
0.447	-0.162018589215973	1.30336717927255
0.448	-0.247897101656121	1.22136306020747
0.449	-0.247012845212015	1.31154801509698
0.45	-0.292467150094667	1.55403848652376
0.451	-0.238284467654055	1.59829111321838
0.452	-0.176969733043015	1.40049796959461
0.453	-0.284532454763567	1.26415490716045
0.454	-0.255019317129099	1.22103136579713
0.455	-0.312547779107854	1.41500325424913
0.456	-0.279789839717468	1.5575457185346
0.457	-0.237541363601833	1.50959275589922
0.458	-0.273897208521121	1.33925657326399
0.459	-0.22908415189006	1.11568474538498
0.46	-0.362901887078189	1.29736446407711
0.461	-0.308149256401521	1.47950317146716
0.462	-0.292838184978118	1.54138338027111
0.463	-0.300036172589652	1.45441026200021
0.464	-0.277900035743875	1.20468320671228
0.465	-0.329744413367766	1.16266773762601
0.466	-0.331679607656224	1.31151628337948
0.467	-0.38749543033623	1.5287700144247
0.468	-0.33423616914796	1.52374074127266
0.469	-0.285909543195202	1.29649263904439
0.47	-0.391569838812317	1.1793891353773
0.471	-0.365078799196249	1.18442346903381
0.472	-0.394746031801295	1.39269823782847
0.473	-0.376462745554674	1.51120084243103
0.474	-0.341794639478785	1.42490539610569
0.475	-0.373063429121693	1.22626893793651
0.476	-0.349699220195077	1.06576426901535
0.477	-0.438668574262571	1.27140564074609
0.478	-0.39676116823069	1.44150346084016
0.479	-0.381386943901064	1.47246876266892
0.48	-0.385613548252312	1.352227599541
0.481	-0.3731245644557	1.10346190880051
0.482	-0.418900779406355	1.09783057154199
0.483	-0.413761906417114	1.28767777397625
0.484	-0.456738065028548	1.47010798701796
0.485	-0.402968337852955	1.42216633641867
0.486	-0.365185227425719	1.17618362112698
0.487	-0.46115287338311	1.08227725206064
0.488	-0.426281164763164	1.12645057385576
0.489	-0.442262255072405	1.33835362784935
0.49	-0.427109917457838	1.41910504191097
0.491	-0.390672284330817	1.28537120724031
0.492	-0.411871627667964	1.0648768159874
0.493	-0.423235128518747	0.991638527769453
0.494	-0.471910248815498	1.22066662043267
0.495	-0.435667076815385	1.36251443314026
0.496	-0.412275798060793	1.34529255259075
0.497	-0.411363786629171	1.1738873475086
0.498	-0.420727838465636	0.974627475682629
0.499	-0.458111068617108	1.02113550654553
0.5	-0.42897637645782	1.21827403631947
0.501	-0.464988461410067	1.35326587452728
0.502	-0.407137310245996	1.24641289708632
0.503	-0.387153391342381	0.995841281831836
0.504	-0.473242105222931	0.956804118263169
0.505	-0.432242411190402	1.04812169249716
0.506	-0.445081310743941	1.24281769699179
0.507	-0.419536629087614	1.26885162449376
0.508	-0.396680404061743	1.09860040091637
0.509	-0.421847980156879	0.877246826789889
0.51	-0.435520849616664	0.895696063038657
0.511	-0.46424206586118	1.11958143373902
0.512	-0.430253821001894	1.23095481891664
0.513	-0.409200755581421	1.17990329323858
0.514	-0.39987335267055	0.983537774285507
0.515	-0.42959243262733	0.821638598071866
0.516	-0.452975282420927	0.917798981042662
0.517	-0.429175744829757	1.10571404466814
0.518	-0.453800138033852	1.19550111296868
0.519	-0.393056480722437	1.05880691135895
0.52	-0.385694441280873	0.812353407808124
0.521	-0.45342458250134	0.799224794205923
0.522	-0.427597563925216	0.941292818589306
0.523	-0.435002439467158	1.10325600846386
0.524	-0.410632792672342	1.09337698134085
0.525	-0.394800433513928	0.894380320486553
0.526	-0.410065472538489	0.695218444519674
0.527	-0.442517933072057	0.780344252916747
0.528	-0.45857834251591	0.998879332236095
0.529	-0.417450171662118	1.0773103983468
0.53	-0.399687835698456	0.989403750267881
0.531	-0.383309545674015	0.754462003004882
0.532	-0.425395172451518	0.647597094536029
0.533	-0.448012461392857	0.824824690048888
0.534	-0.42933031163214	0.982766430381646
0.535	-0.444902516242753	1.02380147030345
0.536	-0.380544456228661	0.846238328787384
0.537	-0.389404375693727	0.622619151466014
0.538	-0.44451298739034	0.663021619259172
0.539	-0.423677955873084	0.852076659848152
0.54	-0.436267525620444	0.97111772909098
0.541	-0.409116703615871	0.908258539058375
0.542	-0.396131353050245	0.686208452069895
0.543	-0.409823324785287	0.543664969096037
0.544	-0.449272870819899	0.691748845862088
0.545	-0.463607662126054	0.892461950098511
0.546	-0.411224394782522	0.930885120615039
0.547	-0.398040020849004	0.797175293230063
0.548	-0.39133064947253	0.564646132642253
0.549	-0.426103240879375	0.518803026451408
0.55	-0.453412004309388	0.733565736782367
0.551	-0.438344729061828	0.862986876714121
0.552	-0.44385483868643	0.859111636210679
0.553	-0.38096516167118	0.652456114850968
0.554	-0.402474904532238	0.467539379336748
0.555	-0.455931316144356	0.556584889003563
0.556	-0.423515165647284	0.755051605720515
0.557	-0.441337315729783	0.836113212645995
0.558	-0.414196584229833	0.730890444485986
0.559	-0.393151697222479	0.488024881165925
0.56	-0.41905490037473	0.426281594431608
0.561	-0.460013000129712	0.601886338405169
0.562	-0.470974935975613	0.771533986368874
0.563	-0.406002465044322	0.777054105837579
0.564	-0.389125765459651	0.620987931704087
0.565	-0.398042632226727	0.389603317599626
0.566	-0.427683708734114	0.413663332819383
0.567	-0.454634733937712	0.633933703057202
0.568	-0.437896327753176	0.720960483686419
0.569	-0.432487771244724	0.681258465319455
0.57	-0.370570895915059	0.452968700479559
0.571	-0.397937683569553	0.314252298062689
0.572	-0.455874448455224	0.450012787620049
0.573	-0.413017052971798	0.634273754157362
0.574	-0.429793852955873	0.674581819207528
0.575	-0.402753914854166	0.521332420848642
0.576	-0.381735452898923	0.300934439190867
0.577	-0.413988283364807	0.295748363889089
0.578	-0.457306124964605	0.490231161042263
0.579	-0.461925767341609	0.636224636184836
0.58	-0.389492866459542	0.600076710600654
0.581	-0.379975704323379	0.396541055591624
0.582	-0.392818202138897	0.20794528444824
0.583	-0.416085048630792	0.315125872865067
0.584	-0.441750436929313	0.514232363306597
0.585	-0.43537706556338	0.56541621629244
0.586	-0.421333212340139	0.494798328999606
0.587	-0.35873149062294	0.262817744465126
0.588	-0.406378723552726	0.176328979806234
0.589	-0.463721413760908	0.35773392673886
0.59	-0.409190378923404	0.506396844180553
0.591	-0.418390649868127	0.507441299234813
0.592	-0.402887478000186	0.320396831085487
0.593	-0.375712130730881	0.138446757549327
0.594	-0.411567567302512	0.182681283245597
0.595	-0.461882859569607	0.378953335644337
0.596	-0.458509406180028	0.502593894324763
0.597	-0.378713036137218	0.423094617897788
0.598	-0.373477153172474	0.196822360581567
0.599	-0.404267705843017	0.0652168510600264
0.6	-0.425067786447974	0.218446952588488
0.601	-0.434939985381924	0.391470930893145
0.602	-0.436512723404619	0.410530881752605
0.603	-0.411672946832029	0.307459224586175
0.604	-0.352892247702499	0.0857982116188259
0.605	-0.407237340343889	0.0571005761873825
0.606	-0.470457681087023	0.275069071371607
0.607	-0.408579312338106	0.375261506076516
0.608	-0.406943488950877	0.33363452973831
0.609	-0.397960976909059	0.122371696388799
0.61	-0.378312247448594	-0.011953303666638
0.611	-0.413918432297217	0.090928970493277
0.612	-0.465819476104584	0.267160243658522
0.613	-0.450413713414254	0.36030266925012
0.614	-0.366094535957785	0.235461964972473
0.615	-0.368011005470496	-0.00146956392330313
0.616	-0.407428564538152	-0.0503686199204868
0.617	-0.426913313893082	0.123417183001467
0.618	-0.427332760868774	0.257231308370784
0.619	-0.434347201840825	0.251473209891671
0.62	-0.396708566292047	0.110959807532611
0.621	-0.351775341575788	-0.078057994585621
0.622	-0.414896296957847	-0.056910122393488
0.623	-0.474260480085076	0.17602642677112
0.624	-0.400435004476108	0.232372502082629
0.625	-0.389020773032914	0.141978495993721
0.626	-0.388729210774391	-0.0518805370146875
0.627	-0.377269452671436	-0.147098287981558
0.628	-0.41580653458092	-0.021436450210805
0.629	-0.463386121780098	0.145276914348285
0.63	-0.439132362070453	0.207665481653102
0.631	-0.35453496112275	0.0430751028737206
0.632	-0.352640845608878	-0.18464711900157
0.633	-0.413188856631791	-0.149964993217507
0.634	-0.424259201334684	0.0224146754976504
0.635	-0.419017233295661	0.111390262121383
0.636	-0.426656237844913	0.0854087604555718
0.637	-0.387675396891827	-0.0775632765450618
0.638	-0.356573508062284	-0.24107694340009
0.639	-0.43124739137145	-0.156732110712658
0.64	-0.472088952632155	0.0575226317844669
0.641	-0.388311092932393	0.0805133776286569
0.642	-0.368497044264691	-0.0559262910602543
0.643	-0.382095591908217	-0.226717584718627
0.644	-0.374645856504002	-0.253387594419105
0.645	-0.415218996376785	-0.120811590521304
0.646	-0.459262025453287	0.0289859269138744
0.647	-0.424572847156656	0.0509368799100705
0.648	-0.340471521269162	-0.152482921891677
0.649	-0.356081133087286	-0.341527742547881
0.65	-0.426798078309221	-0.250284164625784
0.651	-0.420725907033837	-0.0805616332126945
0.652	-0.408786941733088	-0.0371762398376253
0.653	-0.415593134513006	-0.0847219659754934
0.654	-0.374391555643978	-0.262184399759852
0.655	-0.350682669666482	-0.373077542233575
0.656	-0.442299414052713	-0.247852029655801
0.657	-0.474394767612526	-0.0667186021928147
0.658	-0.379012315986439	-0.079252007372014
0.659	-0.352730920207922	-0.252816625939325
0.66	-0.388118888256913	-0.379353053150264
0.661	-0.376945040193629	-0.366850458462826
0.662	-0.41963968888341	-0.245562717368609
0.663	-0.461342303029214	-0.111354991453759
0.664	-0.416742947452818	-0.119510421894815
0.665	-0.335152034677849	-0.350277496304906
0.666	-0.361733224860236	-0.483635872123621
0.667	-0.439801291547744	-0.356886238363892
0.668	-0.422067139848593	-0.209759053583624
0.669	-0.400585030895713	-0.192546854675667
0.67	-0.405871915066704	-0.262238045132904
0.671	-0.360011664501535	-0.418726364791899
0.672	-0.358342895726896	-0.505491975547004
0.673	-0.453390652990171	-0.347556147802833
0.674	-0.468037892489931	-0.171302064919928
0.675	-0.368171086120549	-0.244301562042771
0.676	-0.337174685612702	-0.434904059152781
0.677	-0.39487308339373	-0.53380118380275
0.678	-0.375087216953629	-0.462064526036353
0.679	-0.416968236155062	-0.356361207966198
0.68	-0.45286707023188	-0.243455821147173
0.681	-0.393054949783667	-0.292094405713217
0.682	-0.316756664067292	-0.520556953495714
0.683	-0.367571097309777	-0.587565253508521
0.684	-0.4421217814183	-0.44172952667177
0.685	-0.415259997290831	-0.331877907905481
0.686	-0.37878522486176	-0.337106415345048
0.687	-0.387203223947585	-0.438647040062571
0.688000000000001	-0.345272038012627	-0.57249512480763
0.689000000000001	-0.359635170255369	-0.605903624031386
0.690000000000001	-0.463993079113226	-0.445013618885574
0.691000000000001	-0.45142866982353	-0.31985601725633
0.692000000000001	-0.349002686272671	-0.411798770982719
0.693000000000001	-0.30808785733831	-0.586573224013384
0.694000000000001	-0.394295109973881	-0.661368599279954
0.695000000000001	-0.388569218230126	-0.583650256663869
0.696000000000001	-0.409852711033368	-0.468639488649498
0.697000000000001	-0.443297244036702	-0.385588774014946
0.698000000000001	-0.365030910305406	-0.475724625889572
0.699000000000001	-0.312378433056041	-0.694874071937798
0.700000000000001	-0.375023989754437	-0.700495957267273
0.701000000000001	-0.446024883045382	-0.548641652200742
0.702000000000001	-0.413522837657206	-0.477705182724737
0.703000000000001	-0.356612681324957	-0.499270754692372
0.704000000000001	-0.372963705590863	-0.619054243715435
0.705000000000001	-0.332254638548186	-0.733745042315438
0.706000000000001	-0.373733308828645	-0.715791224879642
0.707000000000001	-0.479208464589871	-0.582655287601186
0.708000000000001	-0.437059443752707	-0.475985130279958
0.709000000000001	-0.3372209949134	-0.590317587816482
0.710000000000001	-0.291509756506002	-0.754604275387838
0.711000000000001	-0.389720893635837	-0.793592978275923
0.712000000000001	-0.398893773579526	-0.711511970834604
0.713000000000001	-0.401998378219218	-0.608947147051208
0.714000000000001	-0.43454438808837	-0.543391569284435
0.715000000000001	-0.334270737179256	-0.667660173381535
0.716000000000001	-0.313059331290502	-0.859141046223754
0.717000000000001	-0.401761977935409	-0.830931233974322
0.718000000000001	-0.445634617089693	-0.665415979721396
0.719000000000001	-0.406291416213144	-0.610546071323023
0.720000000000001	-0.325449685209293	-0.655224975131467
0.721000000000001	-0.348310403094488	-0.754907025341526
0.722000000000001	-0.317654815674002	-0.869247621323747
0.723000000000001	-0.377187131070743	-0.825129857725109
0.724000000000001	-0.479176886827791	-0.681645368900242
0.725000000000001	-0.405851360579358	-0.607268567597197
0.726000000000001	-0.310671401748944	-0.742164977512119
0.727000000000001	-0.273154701832113	-0.892384335726112
0.728000000000001	-0.38044910686998	-0.856754751783224
0.729000000000001	-0.406752046920535	-0.794807146612302
0.730000000000001	-0.381032872688975	-0.711630657596835
0.731000000000001	-0.400475143257727	-0.674517988228511
0.732000000000001	-0.288141203381755	-0.811036253582459
0.733000000000001	-0.297477183640967	-0.958665742228415
0.734000000000001	-0.416709744787572	-0.918646265640445
0.735000000000001	-0.434242743969138	-0.780938387835933
0.736000000000001	-0.387130077015925	-0.736430670220643
0.737000000000001	-0.285076125544745	-0.81614902264965
0.738000000000001	-0.317344004029158	-0.914591682500713
0.739000000000001	-0.302171569211513	-1.01205086300133
0.740000000000001	-0.372842323248106	-0.968842920391387
0.741000000000001	-0.471062355478538	-0.825631883353434
0.742000000000001	-0.374175637817364	-0.783082737739109
0.743000000000001	-0.279947709681506	-0.916053412363513
0.744000000000001	-0.250830874084984	-1.08164863734387
0.745000000000001	-0.36663241822994	-1.03550742830543
0.746000000000001	-0.40590123441186	-0.945621242014793
0.747000000000001	-0.359390802900917	-0.88360164076912
0.748000000000001	-0.368031442789804	-0.848498486553008
0.749000000000001	-0.241743381205077	-1.01710668452665
0.750000000000001	-0.269430953616566	-1.10460235987215
0.751000000000001	-0.425067881408706	-1.0418252986124
0.752000000000001	-0.414158605111188	-0.930128696655404
0.753000000000001	-0.360791610042862	-0.869406359219521
0.754000000000001	-0.236040629655227	-0.973686110149542
0.755000000000001	-0.271718302736905	-1.0520733669754
0.756000000000001	-0.304440742991113	-1.11316642794866
0.757000000000001	-0.34757297464414	-1.08891508769348
0.758000000000001	-0.436557664871908	-0.931866270154927
0.759000000000001	-0.314773019783043	-0.911302189480329
0.760000000000001	-0.217452603364002	-1.04544995836499
0.761000000000001	-0.243390941893184	-1.17877153933859
0.762000000000001	-0.354523353561637	-1.12485673944351
0.763000000000001	-0.376078775351666	-1.02570935880106
0.764000000000001	-0.309638981061452	-0.982443060771445
0.765000000000001	-0.287991483425222	-0.978163719470657
0.766000000000001	-0.195916984619419	-1.12480500728584
0.767000000000001	-0.244289773933268	-1.22768925028299
0.768000000000001	-0.402874940919959	-1.12842637140617
0.769000000000001	-0.36073927543047	-1.0334064088504
0.770000000000001	-0.297834157860872	-0.978195675823511
0.771000000000001	-0.188849770345868	-1.0804593608704
0.772000000000001	-0.220129094571403	-1.18529513259397
0.773000000000001	-0.288325997860036	-1.23517741139533
0.774000000000001	-0.302853567729526	-1.20505072731133
0.775000000000001	-0.379469336064818	-1.05199066784205
0.776000000000001	-0.241663497420152	-1.050783202782
0.777000000000001	-0.172268659680062	-1.17979035010038
0.778000000000001	-0.241546704334917	-1.26608302283536
0.779000000000001	-0.308574131220417	-1.25451841768439
0.780000000000001	-0.326139076758634	-1.15338338170089
0.781000000000001	-0.24603283155382	-1.12001195990604
0.782000000000001	-0.230752027496766	-1.09858790153209
0.783000000000001	-0.161063949497694	-1.26014018980713
0.784000000000001	-0.199591401350767	-1.36932669008942
0.785000000000001	-0.353148631227328	-1.27784290461223
0.786000000000001	-0.298268147881524	-1.17663326905413
0.787000000000001	-0.239130287511276	-1.119933831344
0.788000000000001	-0.140147094084456	-1.22580403718001
0.789000000000001	-0.189729188162464	-1.32151688467015
0.790000000000001	-0.240218612090245	-1.37956707373951
0.791000000000001	-0.239196067516608	-1.34787394385549
0.792000000000001	-0.314300008608074	-1.19337778402641
0.793000000000001	-0.178752983042623	-1.18425512308679
0.794000000000001	-0.128242394220751	-1.3079092631586
0.795000000000001	-0.206175035028802	-1.38331418357185
0.796000000000001	-0.247423123818862	-1.3845434148049
0.797000000000001	-0.265106751431392	-1.27744741623931
0.798000000000001	-0.175755800816451	-1.23239619634462
0.799000000000001	-0.162072785130532	-1.23893617061102
0.800000000000001	-0.138880272945558	-1.3548672633121
0.801000000000001	-0.14680413213816	-1.4733180405675
0.802000000000001	-0.289733691876695	-1.37953085868637
0.803000000000001	-0.220560226907158	-1.25750101219919
0.804000000000001	-0.176033336838429	-1.18095933279788
0.805000000000001	-0.101810643409834	-1.30435889138172
0.806000000000001	-0.151337618063445	-1.41772972577976
0.807000000000001	-0.187891531240019	-1.46508918690498
0.808000000000001	-0.169995281142414	-1.41041608095991
0.809000000000001	-0.234770833648602	-1.25389899005997
0.810000000000001	-0.107913629221702	-1.24982120997173
0.811000000000001	-0.085915298376558	-1.38064024747678
0.812000000000001	-0.143214999426421	-1.4895316043772
0.813000000000001	-0.186533717499551	-1.44633356907268
0.814000000000001	-0.192888659952306	-1.33933352177488
0.815000000000001	-0.100307939699107	-1.2915851902849
0.816000000000001	-0.111472663467324	-1.30437999851079
0.817000000000001	-0.0878494803772257	-1.45036644079151
0.818000000000001	-0.0967138135823484	-1.56071642290893
0.819000000000001	-0.228662184546244	-1.46004887820247
0.820000000000001	-0.145369086935202	-1.33458241903314
0.821000000000001	-0.106365638800033	-1.2813942814766
0.822000000000001	-0.0589685710046399	-1.39609006182032
0.823000000000001	-0.0950902478790974	-1.53043191530673
0.824000000000001	-0.133726359256488	-1.57060630937667
0.825000000000001	-0.104513470109208	-1.51167187848926
0.826000000000001	-0.166683888654054	-1.35119884525259
0.827000000000001	-0.0495784398385324	-1.35037184737601
0.828000000000001	-0.0323250472990167	-1.49824287236776
0.829000000000001	-0.0964825735762133	-1.5950191760515
0.830000000000001	-0.126569562562093	-1.55291385209537
0.831000000000001	-0.133164971976426	-1.43458960912047
0.832000000000001	-0.039119544640663	-1.38137521298485
0.833000000000001	-0.0529732795014625	-1.41980192992418
0.834000000000001	-0.0361385683536191	-1.55017462195683
0.835000000000001	-0.0524556680979138	-1.64872296935848
0.836000000000001	-0.172651967662805	-1.5210835716991
0.837000000000001	-0.0788090467140682	-1.38983623346263
0.838000000000001	-0.0382406490811575	-1.36297196590493
0.839000000000001	-0.00711745387501264	-1.49383262599702
0.840000000000001	-0.0536542631873003	-1.60314937278803
0.841000000000001	-0.0926664710810749	-1.5976834590185
0.842000000000001	-0.0488932629177389	-1.51949387712394
0.843000000000001	-0.101814994709603	-1.34807099693305
0.844000000000001	0.00457775842006208	-1.38939197107373
0.845000000000001	0.00440205066187809	-1.5433980633798
0.846000000000001	-0.0731142072211017	-1.60954437921015
0.847000000000001	-0.0789187255411796	-1.541753618738
0.848000000000001	-0.0747468521473463	-1.39906346064263
0.849000000000001	0.0154586254598612	-1.37128466932339
0.850000000000001	-0.010049409943231	-1.43849087348301
0.851000000000001	-0.00684590018424592	-1.57799090366953
0.852000000000001	-0.0212124785681949	-1.65895005623262
0.853000000000001	-0.127101083173299	-1.48993407874603
0.854000000000001	-0.0170093808312001	-1.35947338047869
0.855000000000001	0.0130555970145288	-1.3672488391552
0.856000000000001	0.0232852302807069	-1.53365703886644
0.857000000000001	-0.0264405035368452	-1.64576961929846
0.858000000000001	-0.0605806378718951	-1.61680348675882
0.859000000000001	-0.00243472430057273	-1.53830545362769
0.860000000000001	-0.050784995190138	-1.37451174501585
0.861000000000001	0.0445556350126874	-1.45735292207417
0.862000000000001	0.031711798446237	-1.61459837997669
0.863000000000001	-0.0445572677007945	-1.67547558045843
0.864000000000001	-0.0358335812068392	-1.61590159745052
0.865000000000001	-0.0360727843077414	-1.46182818758053
0.866000000000001	0.0550033418222818	-1.44398177247115
0.867000000000001	0.0226250070380956	-1.51519889849531
0.868000000000001	0.0202282601271525	-1.66209839689059
0.869000000000001	0.00580504837852482	-1.73306408409618
0.870000000000001	-0.0922315618320231	-1.54731312058073
0.871000000000001	0.024042502771191	-1.43394850691528
0.872000000000001	0.0467998973906913	-1.43021530874309
0.873000000000001	0.0482442682247745	-1.60299948245226
0.874000000000001	-0.00282709247727325	-1.70137064349415
0.875000000000001	-0.032970170996565	-1.65299348952063
0.876000000000001	0.0285278600950248	-1.549706967033
0.877000000000001	-0.0141638889829246	-1.38568216563177
0.878000000000001	0.0751330679426683	-1.49443381350898
0.879000000000001	0.0424158959831368	-1.6537181280614
0.880000000000001	-0.0279024986919485	-1.68065062147395
0.881000000000001	-0.00399804168870787	-1.58067815224634
0.882000000000001	-0.0016773768072278	-1.41737563629611
0.883000000000001	0.0865092766049704	-1.4147026407651
0.884000000000001	0.0424434801402385	-1.52651453045092
0.885000000000001	0.032032510643189	-1.66779351284736
0.886000000000001	0.0220585702919523	-1.68512452314358
0.887000000000001	-0.0624252508012644	-1.47280699619059
0.888000000000001	0.0641561950723844	-1.37754898675283
0.889000000000001	0.0700093975769607	-1.43667703723866
0.890000000000001	0.0543222507196353	-1.6176343690919
0.891000000000001	0.0120254708920445	-1.67695180877311
0.892000000000001	-0.0178820850318632	-1.59073398086394
0.893000000000001	0.0574750569228684	-1.4676453667893
0.894000000000001	0.0303146045932235	-1.34156699829498
0.895000000000001	0.101026692766816	-1.49767338354977
0.896000000000001	0.0505313769322845	-1.66616517372939
0.897000000000001	-0.0167642179725219	-1.66616598784767
0.898000000000001	0.0269651104303668	-1.53671457719911
0.899000000000001	0.0244838810490392	-1.3853179974022
0.900000000000001	0.110361832441243	-1.44019410767145
0.901000000000001	0.058090517974453	-1.56004428886867
0.902000000000001	0.0494069313264836	-1.69665485973998
0.903000000000001	0.0419222647367267	-1.67845895264343
0.904000000000001	-0.0337969866414244	-1.46125349053539
0.905000000000001	0.105753717874765	-1.38270743726792
0.906000000000001	0.0882141254584419	-1.47713753121791
0.907000000000001	0.0741029741333682	-1.66023560626297
0.908000000000001	0.0367193153670055	-1.70269878753469
0.909000000000001	0.00205924648453652	-1.60018201226507
0.910000000000001	0.0874806119967507	-1.45849877274036
0.911000000000001	0.059251330821998	-1.36787227047883
0.912000000000001	0.128558900046148	-1.53725765931048
0.913000000000001	0.0683569750417075	-1.69782062511189
0.914000000000001	0.0013922476684088	-1.67228481500389
0.915000000000001	0.0635132474639202	-1.52195468316956
0.916000000000001	0.0503044188154524	-1.37413930182353
0.917000000000001	0.137175985253039	-1.45408227151766
0.918000000000001	0.0796261083612173	-1.59000822989502
0.919000000000001	0.0639688572122855	-1.69833850727127
0.920000000000001	0.0665358575682847	-1.63223615901185
0.921000000000001	-0.00160142181000401	-1.39915326108608
0.922000000000001	0.146921195270028	-1.33699800516859
0.923000000000001	0.103874122802257	-1.4935464310563
0.924000000000001	0.0865237540505088	-1.65930113054611
0.925000000000001	0.0628435755676767	-1.66539437667932
0.926000000000001	0.019854882701469	-1.51753533470324
0.927000000000001	0.118924633357381	-1.37903192312626
0.928000000000001	0.0925917417768135	-1.3667256713078
0.929000000000001	0.145229566837233	-1.55240086047363
0.930000000000001	0.0864235656065255	-1.68005462352305
0.931000000000001	0.018511964225826	-1.59228849984669
0.932000000000001	0.104839921559967	-1.42868370789226
0.933000000000001	0.0805056825192703	-1.30127632965881
0.934000000000001	0.160462052242949	-1.43643360338739
0.935000000000001	0.103758588052394	-1.59761024858516
0.936000000000001	0.0793758325019503	-1.66312482497895
0.937000000000001	0.0993504115640922	-1.56193093010604
0.938000000000001	0.0397633208418536	-1.32583845839608
0.939000000000001	0.188889396189333	-1.33150235534386
0.940000000000001	0.13046519789917	-1.52226195429131
0.941000000000001	0.109979832300532	-1.65750957851919
0.942000000000001	0.104439616190944	-1.64456255827039
0.943000000000001	0.0510579385143906	-1.46307202940705
0.944000000000001	0.160466965453207	-1.34846195100673
0.945000000000001	0.140988169742057	-1.37321970091165
0.946000000000001	0.180487358476317	-1.5895259494791
0.947000000000001	0.127776373967375	-1.69394855332132
0.948000000000001	0.0542425853525242	-1.56308214819553
0.949000000000001	0.158594109109836	-1.40452716793623
0.950000000000001	0.115738848085303	-1.29376664188698
0.951000000000001	0.19692606404713	-1.45954739048362
0.952000000000001	0.149817865570182	-1.62158358134264
0.953000000000001	0.111592315445588	-1.64960101998354
0.954000000000001	0.146998366744074	-1.52637280526635
0.955000000000001	0.0924689620263409	-1.27777963444233
0.956000000000001	0.236976530509333	-1.34575221863947
0.957000000000001	0.168257459403766	-1.53480089439366
0.958000000000001	0.145252343518852	-1.64513942062391
0.959000000000001	0.154868719032782	-1.6025690367177
0.960000000000001	0.0917066079802571	-1.37794794397749
0.961000000000001	0.198591524514881	-1.27920444271375
0.962000000000001	0.183787704381925	-1.35169416077135
0.963000000000001	0.220144988472921	-1.59020001437019
0.964000000000001	0.171779773309779	-1.65508149099272
0.965000000000001	0.0975658174476359	-1.47157743226498
0.966000000000001	0.212984820504293	-1.32545571193941
0.967000000000001	0.173218479671224	-1.2768137786089
0.968000000000001	0.235703477637031	-1.45780983563991
0.969000000000001	0.198711314543265	-1.60680788941633
0.970000000000001	0.150034982690808	-1.57548005280354
0.971000000000001	0.196735672562953	-1.42240023877467
0.972000000000001	0.144669523245191	-1.18030984060807
0.973000000000001	0.287857125115131	-1.34568608300268
0.974000000000001	0.215688121867457	-1.5329090199338
0.975000000000001	0.191850669692604	-1.59991056139049
0.976000000000001	0.209758226376007	-1.52346989305716
0.977000000000001	0.159077261135951	-1.27974953617491
0.978000000000001	0.251360379660295	-1.23726960612537
0.979000000000001	0.245136207444883	-1.35704453830511
0.980000000000001	0.277163044990554	-1.57820760385771
0.981000000000001	0.230663801834471	-1.59547931407809
0.982000000000001	0.168358728749573	-1.37385116010478
0.983000000000001	0.267926002772516	-1.24063033133097
0.984000000000001	0.255607676707469	-1.25360914175283
0.985000000000001	0.304277412065434	-1.4546676414194
0.986000000000001	0.271237589447509	-1.57911033892102
0.987000000000001	0.223628734442115	-1.50069865691732
0.988000000000001	0.273912968426906	-1.32328898682753
0.989000000000001	0.231422777570637	-1.12784482103999
0.990000000000001	0.360399679669613	-1.33950756839403
0.991000000000001	0.302920413877036	-1.51683557744035
0.992000000000001	0.282058425960703	-1.55027233985893
0.993000000000001	0.299038036179892	-1.44503684134506
0.994000000000001	0.276458653613804	-1.20020989740346
0.995000000000001	0.332814823707487	-1.190753681588
0.996000000000001	0.325969448259861	-1.35483518769552
0.997000000000001	0.376315177081778	-1.55186011173178
0.998000000000001	0.324096211043419	-1.52054097878886
0.999000000000001	0.281570386796076	-1.27412020763622
1	0.360805178614134	-1.16933337174286
1.001	0.362455531169129	-1.22017248714819
1.002	0.388383874846346	-1.42877268054154
1.003	0.365680896682845	-1.52354291679694
1.004	0.325263368284032	-1.40118622439759
1.005	0.375047937233673	-1.1986078836553
1.006	0.347350600961233	-1.07879190888424
1.007	0.439052168223701	-1.31635961274799
1.008	0.394888071830642	-1.47002553396726
1.009	0.365586915226439	-1.45762306796148
1.01	0.381750875588375	-1.3146584385346
1.011	0.3705990455506	-1.08495398303055
1.012	0.417704933480443	-1.12673860593493
1.013	0.408405876330296	-1.32732279820765
1.014	0.439699308510282	-1.47734244119334
1.015	0.391173340756963	-1.39467845187254
1.016	0.365812427982867	-1.13677024502369
1.017	0.441369194131103	-1.07810331299954
1.018	0.415980242512495	-1.17056166981711
1.019	0.439653516149842	-1.37251529838743
1.02	0.419452132840571	-1.42197252765526
1.021	0.378757178125748	-1.25315905685228
1.022	0.418316042422059	-1.04508997772736
1.023	0.424339562016559	-1.01933329309901
1.024	0.47598582031211	-1.26809901415571
1.025	0.43637688736661	-1.38883819490048
1.026	0.406364013488269	-1.33903608959748
1.027	0.417949978707364	-1.15742300886482
1.028	0.427967359504279	-0.983752819644184
1.029	0.463661184160965	-1.06133320927222
1.03	0.436859314319656	-1.25864823753767
1.031	0.468380006059896	-1.37458675143122
1.032	0.412781201830774	-1.24883156074496
1.033	0.400264487745127	-0.999129963142734
1.034	0.481782777698006	-0.98463464510079
1.035	0.434886754054416	-1.09411769236133
1.036	0.4535452296984	-1.27915947462131
1.037	0.427169306966039	-1.28547634117469
1.038	0.401439903208495	-1.09316388740457
1.039	0.442529235103472	-0.900971164393999
1.04	0.439124120091221	-0.928829190062519
1.041	0.468374246550146	-1.16431129355978
1.042	0.429336824916856	-1.25443343490881
1.043	0.402749353579275	-1.17218453168387
1.044	0.399859876847217	-0.94429582930985
1.045	0.431893639257101	-0.835406538519586
1.046	0.451422769341873	-0.963591528678383
1.047	0.428533950634545	-1.13745285776182
1.048	0.441498676978172	-1.19493612859458
1.049	0.38507198900859	-1.02394080254741
1.05	0.392790846680193	-0.790990163307137
1.051	0.447102990857906	-0.813200767728724
1.05199999999999	0.415252329359376	-0.989150100835966
1.05299999999999	0.435664434000149	-1.12993970311702
1.05399999999999	0.4051812092307	-1.08220990656238
1.05499999999999	0.387123548874164	-0.851562152031688
1.05599999999999	0.423172963328551	-0.710181053937354
1.05699999999999	0.439572410898514	-0.824353244157789
1.05799999999999	0.458047186348474	-1.04062726422038
1.05899999999999	0.408743833094452	-1.08681623516745
1.05999999999999	0.388644153226531	-0.962208439504399
1.06099999999999	0.384377112468123	-0.727670746120343
1.06199999999999	0.425608344410246	-0.673209640354147
1.06299999999999	0.441890101165404	-0.86699086818305
1.06399999999999	0.427906784596706	-1.00876805140473
1.06499999999999	0.434952914631965	-1.01575742099305
1.06599999999999	0.375512723571704	-0.810550819299984
1.06699999999999	0.399958540552693	-0.618682588209866
1.06799999999999	0.44999855714296	-0.699718229133496
1.06899999999999	0.418944308617486	-0.891408415539028
1.06999999999999	0.437566310599143	-0.991880006556841
1.07099999999999	0.407440549042894	-0.8999050714245
1.07199999999999	0.397880706662474	-0.666268378230453
1.07299999999999	0.422062952470927	-0.56607454046959
1.07399999999999	0.458033244592289	-0.73969405319942
1.07499999999999	0.467614049781034	-0.922557404385172
1.07599999999999	0.412040843877123	-0.941496636455357
1.07699999999999	0.39866624117296	-0.787078007914869
1.07799999999999	0.399844633117726	-0.563697163142929
1.07899999999999	0.431025729300621	-0.550082175405116
1.07999999999999	0.453603125448678	-0.772485151726073
1.08099999999999	0.442715179048069	-0.88612736278671
1.08199999999999	0.444433083813047	-0.858137249336275
1.08299999999999	0.384730715211228	-0.635648280385416
1.08399999999999	0.412762408541333	-0.477261627376145
1.08499999999999	0.462425198648409	-0.596091207684212
1.08599999999999	0.422342453553419	-0.786997580734026
1.08699999999999	0.442072906811633	-0.851786171451931
1.08799999999999	0.412882012624804	-0.718523406644112
1.08899999999999	0.391997516880797	-0.470600747451672
1.08999999999999	0.426482779430238	-0.45197918434968
1.09099999999999	0.460425450668873	-0.640029449775388
1.09199999999999	0.469796237573261	-0.795772030640502
1.09299999999999	0.398680104390912	-0.77525640371703
1.09399999999999	0.386074747261474	-0.592354247042886
1.09499999999999	0.403759328651979	-0.389413469988257
1.09599999999999	0.427554270217956	-0.45918771568083
1.09699999999999	0.445659132428526	-0.67315643345195
1.09799999999999	0.433837003720474	-0.737541929256168
1.09899999999999	0.424333950762423	-0.662003467535439
1.09999999999999	0.367846288324957	-0.422915949140177
1.10099999999999	0.405539318589787	-0.340726425928347
1.10199999999999	0.463022122977976	-0.506785633169092
1.10299999999999	0.408532846480707	-0.664410593214512
1.10399999999999	0.421005513448274	-0.67860326276332
1.10499999999999	0.394533614897636	-0.494091856794619
1.10599999999999	0.379638527315575	-0.28602515643734
1.10699999999999	0.419540625220587	-0.332018193221053
1.10799999999999	0.453187519238356	-0.534108202854037
1.10899999999999	0.460276436525934	-0.656244351691464
1.10999999999999	0.383197865403299	-0.59079550267005
1.11099999999999	0.372166571613676	-0.380163005802019
1.11199999999999	0.401205886128956	-0.217355184635158
1.11299999999999	0.422154732802912	-0.359713302277312
1.11399999999999	0.437700104956634	-0.543103143591766
1.11499999999999	0.437057885910083	-0.576756478465651
1.11599999999999	0.41946905734916	-0.478369006738934
1.11699999999999	0.367093914542866	-0.242816859476645
1.11799999999999	0.411567870455404	-0.204456879753781
1.11899999999999	0.472658085189371	-0.397811365977018
1.11999999999999	0.411091987198546	-0.525445291963648
1.12099999999999	0.416368972788897	-0.50629721605069
1.12199999999999	0.404049451901897	-0.302774275401719
1.12299999999999	0.382214670552835	-0.132654377973364
1.12399999999999	0.420194921186736	-0.217076609753082
1.12499999999999	0.462181593676612	-0.410307748494219
1.12599999999999	0.459654097718499	-0.514947829387727
1.12699999999999	0.377659031146387	-0.412193162994661
1.12799999999999	0.374579217446732	-0.179673769934142
1.12899999999999	0.416332135332842	-0.0856090045631144
1.12999999999999	0.430154163450779	-0.261723510199436
1.13099999999999	0.432070120149312	-0.417992287191279
1.13199999999999	0.433434179999626	-0.416852711204537
1.13299999999999	0.406386610695527	-0.281892163686028
1.13399999999999	0.360054138029256	-0.0699174198349308
1.13499999999999	0.414341696150309	-0.0968191346235137
1.13599999999999	0.473287046479654	-0.32777483675167
1.13699999999999	0.3975116604153	-0.396249118148908
1.13799999999999	0.38964976388693	-0.320347588610692
1.13899999999999	0.386385260377507	-0.0953430246571872
1.13999999999999	0.373405238716179	-0.0101275444143697
1.14099999999999	0.413766075950739	-0.148283994796401
1.14199999999999	0.450613990675315	-0.304247563211597
1.14299999999998	0.440823028713924	-0.370617791186576
1.14399999999998	0.351387501317746	-0.229391577210646
1.14499999999998	0.359725449266007	0.00666696202467503
1.14599999999998	0.414338948992728	0.0147852014101055
1.14699999999998	0.430075608793591	-0.176429128647173
1.14799999999998	0.422976176134206	-0.279716044087875
1.14899999999998	0.428825991068275	-0.247359198995044
1.14999999999998	0.394108750577163	-0.0833278724268224
1.15099999999998	0.362555481020656	0.0879552214276365
1.15199999999998	0.425484842994993	0.0221156776835645
1.15299999999998	0.478004199036686	-0.204064851196065
1.15399999999998	0.401125858853192	-0.238099445181136
1.15499999999998	0.386156331725636	-0.122237020524016
1.15599999999998	0.401678842768466	0.0814946667451667
1.15699999999998	0.381986414848913	0.131045611618254
1.15799999999998	0.423116916939735	-0.00810341287017133
1.15899999999998	0.462154369924282	-0.16007662132949
1.15999999999998	0.442048951667266	-0.207847289541149
1.16099999999998	0.357848829333609	-0.0252472725343044
1.16199999999998	0.361264947125997	0.189533760837511
1.16299999999998	0.424103147729256	0.121680477417303
1.16399999999998	0.431406204269882	-0.0529484588560708
1.16499999999998	0.41977911268383	-0.125339820444197
1.16599999999998	0.424322665239988	-0.0794113057133322
1.16699999999998	0.387891412385872	0.0948618688029965
1.16799999999998	0.36141137991033	0.234394982429226
1.16899999999998	0.437471195218898	0.120764199384541
1.16999999999998	0.471466182497269	-0.0870968928865635
1.17099999999998	0.384945267068891	-0.089059358585752
1.17199999999998	0.363655624397773	0.0738886482551217
1.17299999999998	0.382369035435181	0.236495832981823
1.17399999999998	0.378885073093627	0.230101947282899
1.17499999999998	0.419387632932509	0.083108932057187
1.17599999999998	0.451714987070606	-0.0454214860369539
1.17699999999998	0.419261741954637	-0.0482584993296724
1.17799999999998	0.341955479436537	0.171225311050296
1.17899999999998	0.362118184617576	0.335567398296069
1.17999999999998	0.435944483108231	0.209154799043991
1.18099999999998	0.424804337104007	0.0455607500921334
1.18199999999998	0.402571891368606	0.0249996710999817
1.18299999999998	0.405961635390647	0.0771847501642698
1.18399999999998	0.360540355448144	0.268133277430781
1.18499999999998	0.354624858945302	0.352867356311112
1.18599999999998	0.449332670139995	0.201514065831353
1.18699999999998	0.467831416412357	0.0356967584470491
1.18799999999998	0.372420111042092	0.0735432570436235
1.18899999999998	0.348399691819162	0.272585507022109
1.18999999999998	0.397442172386045	0.391895127446955
1.19099999999998	0.380683835441218	0.335211615085139
1.19199999999998	0.424102124810699	0.211692284179173
1.19299999999998	0.455387315061579	0.0979807561466265
1.19399999999998	0.411213904611698	0.131119829883988
1.19499999999998	0.338656203961775	0.369399525872228
1.19599999999998	0.376797622881391	0.47793325222694
1.19699999999998	0.446840773641645	0.326392845437491
1.19799999999998	0.424355774661919	0.18602508781984
1.19899999999998	0.395705309626352	0.189257489386938
1.19999999999998	0.400104294031544	0.283097972656867
1.20099999999998	0.360822135104382	0.430600234882058
1.20199999999998	0.364728050734981	0.480966277433702
1.20299999999998	0.459855920428451	0.307045730161868
1.20399999999998	0.460758514924657	0.172024758463355
1.20499999999998	0.361188263796021	0.242922179754874
1.20599999999998	0.326054483096926	0.431027006127447
1.20699999999998	0.397816818776048	0.523618177239437
1.20799999999998	0.377897338485368	0.418600244801888
1.20899999999998	0.420144563211373	0.318247400190383
1.20999999999998	0.444075055703192	0.227244215399168
1.21099999999998	0.382647575539133	0.305866081538424
1.21199999999998	0.321025215607209	0.530751338303142
1.21299999999998	0.379204736617124	0.561959768233587
1.21399999999998	0.446943467428031	0.405397988080062
1.21499999999998	0.413092633695644	0.309524780704124
1.21599999999998	0.372339110029093	0.339130198717819
1.21699999999998	0.38412392738124	0.459693357443234
1.21799999999998	0.35513114263605	0.596630183054379
1.21899999999998	0.367342993950827	0.580857716546868
1.21999999999998	0.469121168124721	0.420635633415346
1.22099999999998	0.444529403562395	0.312026355516575
1.22199999999998	0.345833380706438	0.424487001118341
1.22299999999998	0.31006989315708	0.608174664609931
1.22399999999998	0.39318120838763	0.639969676110285
1.22499999999998	0.397572965979691	0.554489636920519
1.22599999999998	0.415597343412768	0.445569190643681
1.22699999999998	0.439288327669815	0.380934682279812
1.22799999999998	0.360997084604668	0.492396501827953
1.22899999999998	0.320647059983903	0.70168693915263
1.22999999999998	0.396273666351988	0.699583539074441
1.23099999999998	0.45087119377303	0.522807316516017
1.23199999999998	0.411039458870968	0.461091704952243
1.23299999999998	0.351559887064181	0.503813233485702
1.23399999999997	0.370869575275255	0.636247420833564
1.23499999999997	0.343615931012767	0.753227041508313
1.23599999999997	0.385223348176977	0.706802293075978
1.23699999999997	0.480418751046478	0.555845879173976
1.23799999999997	0.427158294473991	0.464882478926685
1.23899999999997	0.331259410047966	0.603240310696156
1.23999999999997	0.296574506896081	0.76479871146794
1.24099999999997	0.39528829483166	0.751631154744526
1.24199999999997	0.405449417180349	0.673739949527348
1.24299999999997	0.402951842581212	0.575903056727502
1.24399999999997	0.42367541626412	0.53253581941991
1.24499999999997	0.326699952585308	0.678327710217065
1.24599999999997	0.314981989127386	0.839277458498447
1.24699999999997	0.417606583854296	0.792708946718715
1.24799999999997	0.447617837583899	0.626345525011173
1.24899999999997	0.398049466747045	0.586505093688424
1.24999999999997	0.316801720952414	0.658323695322327
1.25099999999997	0.3445944525779	0.767225417126542
1.25199999999997	0.325160276306691	0.858960840917236
1.25299999999997	0.383547080157706	0.799673127156851
1.25399999999997	0.47794762780492	0.664478526620088
1.25499999999997	0.397085780598424	0.609556795461339
1.25599999999997	0.30684928063411	0.765873899159204
1.25699999999997	0.28395982454296	0.929059928648589
1.25799999999997	0.39213073744585	0.849573466494121
1.25899999999997	0.411957633783419	0.786272431509641
1.25999999999997	0.383774234749434	0.708534912734325
1.26099999999997	0.397794542782651	0.688426819189746
1.26199999999997	0.28766267795205	0.835635384464093
1.26299999999997	0.307871840999017	0.966012248946626
1.26399999999997	0.432636848820687	0.906624084902766
1.26499999999997	0.437328541937568	0.768049950087425
1.26599999999997	0.384067150585031	0.731966998710914
1.26699999999997	0.282669574901868	0.827557500001863
1.26799999999997	0.32133345202322	0.925293204800984
1.26899999999997	0.312471428745076	0.999631423107063
1.26999999999997	0.378400041666247	0.943425455539431
1.27099999999997	0.470332143604827	0.801495277091771
1.27199999999997	0.363839560105504	0.774676902064744
1.27299999999997	0.281232815623143	0.898573357763321
1.27399999999997	0.265780631145672	1.0737310337168
1.27499999999997	0.381247192911918	1.00699865264539
1.27599999999997	0.407162641470517	0.91313025811898
1.27699999999997	0.356632758674892	0.855500561860358
1.27799999999997	0.355978571473355	0.846283585268703
1.27899999999997	0.242560789490305	1.00502100399878
1.27999999999997	0.281824223066988	1.09238023258876
1.28099999999997	0.439451251687578	1.01477053707346
1.28199999999997	0.41215050449311	0.906832856169982
1.28299999999997	0.350580737357656	0.860200828023782
1.28399999999997	0.230206599486037	0.985551530834766
1.28499999999997	0.275866467445332	1.06071785361392
1.28599999999997	0.32135455492354	1.09634436042904
1.28699999999997	0.35278791091086	1.07152319493407
1.28799999999997	0.435782888064936	0.91688119795028
1.28899999999997	0.302951075648623	0.91912105818048
1.28999999999997	0.231012264235943	1.03213662289058
1.29099999999997	0.25857096916642	1.18187415419294
1.29199999999997	0.366629152440519	1.11364958207725
1.29299999999997	0.378570854198395	1.01208017311682
1.29399999999997	0.308806540573442	0.976079389098601
1.29499999999997	0.279815528655901	0.992592597009431
1.29599999999997	0.201227680734512	1.16061931843134
1.29699999999997	0.255977717621775	1.23007942978555
1.29799999999997	0.413405196944304	1.1168932646174
1.29899999999997	0.3605732395566	1.02272876418362
1.29999999999997	0.288995025907318	0.980017305940299
1.30099999999997	0.185553270788319	1.09594113503649
1.30199999999997	0.231127012616932	1.19092307555057
1.30299999999997	0.303780636971876	1.22009318344001
1.30399999999997	0.307565278286182	1.1826465726518
1.30499999999997	0.377690234899113	1.03184359849247
1.30599999999997	0.229712138183924	1.05429860727761
1.30699999999997	0.176192966682274	1.16532915377175
1.30799999999997	0.261831119931098	1.25393871487409
1.30899999999997	0.321140479872965	1.22844670155038
1.30999999999997	0.325432868370903	1.12278264157554
1.31099999999997	0.24273304032369	1.09881346068715
1.31199999999997	0.219434634020954	1.10336809296416
1.31299999999997	0.171057757624882	1.26591963746886
1.31399999999997	0.21184364011002	1.3605011708793
1.31499999999997	0.363218982543759	1.25365813131723
1.31599999999997	0.295802843288317	1.15667968525553
1.31699999999997	0.230445300052439	1.11660955983809
1.31799999999997	0.140526572671034	1.23801357117881
1.31899999999997	0.202561872998264	1.32571112049536
1.31999999999997	0.254253459293023	1.36955488990611
1.32099999999997	0.243524572086071	1.33110966553992
1.32199999999997	0.312400965577669	1.1830420687767
1.32299999999997	0.17146098909063	1.19527158926191
1.32399999999996	0.135560703922614	1.30432379996736
1.32499999999996	0.202882760073668	1.41270176018162
1.32599999999996	0.259319099295662	1.37118461584328
1.32699999999996	0.266402759909634	1.26147253676358
1.32799999999996	0.173594920542423	1.22552748735322
1.32899999999996	0.157462157934623	1.252211300756
1.32999999999996	0.147645012337051	1.36785783683238
1.33099999999996	0.157324361688621	1.47345403560402
1.33199999999996	0.299211552412396	1.36313469375794
1.33299999999996	0.219664791562664	1.24441761607393
1.33399999999996	0.157728597147371	1.2081950171757
1.33499999999996	0.108793820614701	1.31627557264975
1.33599999999996	0.16039653453636	1.42228454838622
1.33699999999996	0.200177986321791	1.4544450274787
1.33799999999996	0.173917924546184	1.39122625273664
1.33899999999996	0.231640728569726	1.24103357845125
1.33999999999996	0.104197664323361	1.25956197392088
1.34099999999996	0.0794000157205442	1.41577220287031
1.34199999999996	0.157711172180004	1.48591957624143
1.34299999999996	0.196020644689932	1.42395629373023
1.34399999999996	0.192379223434181	1.31236293599158
1.34499999999996	0.0980590766823736	1.2758050427942
1.34599999999996	0.10829483853488	1.31333545265603
1.34699999999996	0.0982034879388932	1.45373635703745
1.34799999999996	0.107462592664391	1.54608833182259
1.34899999999996	0.236596781723389	1.42321018818622
1.34999999999996	0.142101826679022	1.30158045656343
1.35099999999996	0.100183908099374	1.26893155201045
1.35199999999996	0.0665701790970177	1.39935814460305
1.35299999999996	0.104996991674099	1.52073787192061
1.35399999999996	0.147770778897079	1.53883625710866
1.35499999999996	0.106235120649941	1.47057785132848
1.35599999999996	0.159304474005867	1.32313335192804
1.35699999999996	0.0471014826879086	1.35324485920513
1.35799999999996	0.0361905200831395	1.50892432692017
1.35899999999996	0.111655984313471	1.58750324673005
1.35999999999996	0.133946475707407	1.52751305088842
1.36099999999996	0.131270046393832	1.41090555166482
1.36199999999996	0.0418045595914698	1.35764304430893
1.36299999999996	0.0580587152845276	1.4174235856901
1.36399999999996	0.0440936183043009	1.56530931902446
1.36499999999996	0.0591693457117806	1.65618564305585
1.36599999999996	0.178101592787625	1.51824764613407
1.36699999999996	0.0772499133990621	1.39324938916779
1.36799999999996	0.0391594560814806	1.36755527284379
1.36899999999996	0.0185490851522743	1.49815350312149
1.36999999999996	0.0582109104230315	1.62708279924658
1.37099999999996	0.0985662510544389	1.61364277567374
1.37199999999996	0.0495172117368791	1.53564043734791
1.37299999999996	0.100758589966474	1.37198090454072
1.37399999999996	-0.00464090596487335	1.42315938944515
1.37499999999996	-0.00249938786542998	1.5763830545043
1.37599999999996	0.0781064851035562	1.63619270233985
1.37699999999996	0.080385468849757	1.56309323336168
1.37799999999996	0.0743408015586656	1.42128486881633
1.37899999999996	-0.0157507695876943	1.39821067892712
1.37999999999996	0.0108415119631406	1.47106658584193
1.38099999999996	0.0131049828786954	1.60905705565554
1.38199999999996	0.023907995688128	1.67328207263728
1.38299999999996	0.129177158791854	1.49128152432507
1.38399999999996	0.0147233492028518	1.36026766185098
1.38499999999996	-0.0141918615264187	1.3825003264915
1.38599999999996	-0.0164785026451175	1.54866538779618
1.38699999999996	0.032183714633738	1.64353086003454
1.38799999999996	0.0675723409077812	1.58823473600461
1.38899999999996	0.00184073549572963	1.49718611603225
1.38999999999996	0.0432512724983158	1.35165655247945
1.39099999999996	-0.0446092154524204	1.44507200534538
1.39199999999996	-0.0206101033013756	1.61801021504244
1.39299999999996	0.0584265346788095	1.64021248989303
1.39399999999996	0.0377708959317645	1.5532884333792
1.39499999999996	0.0289471599720541	1.40503251258079
1.39599999999996	-0.0569658430108193	1.40468973218847
1.39699999999996	-0.0194166165990073	1.51690832810384
1.39799999999996	-0.00868744206244855	1.65081538561591
1.39899999999996	-0.00205645640043144	1.70038892485583
1.39999999999996	0.0916328249613955	1.50127793430339
1.40099999999996	-0.0293359811218331	1.40676645519616
1.40199999999996	-0.0486112862926777	1.44017914647541
1.40299999999996	-0.0391665112033745	1.61454884678975
1.40399999999996	0.00717782018029197	1.70199789930032
1.40499999999996	0.0374146877533922	1.63610255608036
1.40599999999996	-0.0317185123362769	1.53657969935668
1.40699999999996	0.00788802980290484	1.39628054512648
1.40799999999996	-0.0769449987153262	1.51378782121221
1.40899999999996	-0.0398367668333883	1.67970152086752
1.40999999999996	0.0339587102394651	1.69393345797619
1.41099999999996	0.00263381067820205	1.59177217206513
1.41199999999996	-0.00185701157085532	1.43417410849008
1.41299999999996	-0.0844286022501344	1.46096261053561
1.41399999999996	-0.0419353375645892	1.56381353366836
1.41499999999995	-0.029563960065497	1.69470914899999
1.41599999999995	-0.0225680648867874	1.70476489275705
1.41699999999995	0.0608294718369325	1.48576161483688
1.41799999999995	-0.068240167290051	1.39889566951609
1.41899999999995	-0.0647155557409214	1.47940134932901
1.41999999999995	-0.0505325338160731	1.64128395087142
1.42099999999995	-0.0103449607850064	1.68944686711083
1.42199999999995	0.019592417101306	1.58360998720481
1.42299999999995	-0.060866871177474	1.45871562840577
1.42399999999995	-0.027874468569782	1.36927050553358
1.42499999999995	-0.0955014319712513	1.51654917158909
1.42599999999995	-0.0457764033381752	1.66893315208243
1.42699999999995	0.0279653282521649	1.63223374487769
1.42799999999995	-0.0278901734752571	1.48809207029886
1.42899999999995	-0.03108413002716	1.35042374528289
1.42999999999995	-0.103821714104306	1.43702393313198
1.43099999999995	-0.0500810309154463	1.56274132351601
1.43199999999995	-0.0358241890994534	1.67057636407699
1.43299999999995	-0.0390794167398722	1.61962621825196
1.43399999999995	0.0300485751580663	1.39410690073534
1.43499999999995	-0.109737609200157	1.33858572745785
1.43599999999995	-0.0847258061575722	1.48035650475785
1.43699999999995	-0.0585399432827983	1.65382043704335
1.43799999999995	-0.0305234952275291	1.6709037449649
1.43899999999995	0.00157206480282366	1.54597910772361
1.43999999999995	-0.0912636602813834	1.40626182429736
1.44099999999995	-0.0644905492235246	1.37302259183962
1.44199999999995	-0.120842959364962	1.55751940386352
1.44299999999995	-0.0651814088543986	1.7059095339078
1.44399999999995	0.00557058585156551	1.65922408872709
1.44499999999995	-0.0681668566113888	1.50968630230835
1.44599999999995	-0.0591985722753147	1.36637855196855
1.44699999999995	-0.13717274394516	1.48560056554108
1.44799999999995	-0.078832522792962	1.62219775942632
1.44899999999995	-0.061599440117257	1.72139585862794
1.44999999999995	-0.0697144528188066	1.64905457797397
1.45099999999995	-0.00309748985883516	1.41817003704145
1.45199999999995	-0.15304688565077	1.37034300708281
1.45299999999995	-0.10565881905547	1.53207766065194
1.45399999999995	-0.0850067907197219	1.69338676541272
1.45499999999995	-0.0644755741956803	1.69144208198996
1.45599999999995	-0.0216782551231631	1.53667176478225
1.45699999999995	-0.123973911102136	1.40124575281503
1.45799999999995	-0.0963286017837768	1.39931796210927
1.45899999999995	-0.142957457435816	1.59191459086791
1.45999999999995	-0.0857918972770781	1.69930227277991
1.46099999999995	-0.0135524032932763	1.59308390316426
1.46199999999995	-0.108040128071794	1.42204943692712
1.46299999999995	-0.0856902112709588	1.3110889667705
1.46399999999995	-0.155468396021135	1.45909644632534
1.46499999999995	-0.0981399360507069	1.61355174198296
1.46599999999995	-0.0685979955237765	1.65083923213616
1.46699999999995	-0.0979585735937235	1.52784205993862
1.46799999999995	-0.0427310390618354	1.29937246039172
1.46899999999995	-0.186660356014936	1.33940779389744
1.46999999999995	-0.122625322100111	1.536473717979
1.47099999999995	-0.0938318344678146	1.64617487273607
1.47199999999995	-0.097536047487112	1.60057965873502
1.47299999999995	-0.0485753509311864	1.40789884913946
1.47399999999995	-0.156925611135006	1.29839908273163
1.47499999999995	-0.134981395421128	1.37523701536363
1.47599999999995	-0.164414561825893	1.59904509190866
1.47699999999995	-0.120356970806227	1.67830561075112
1.47799999999995	-0.0441879161830593	1.52132135680447
1.47899999999995	-0.159556611569037	1.37097732277751
1.47999999999995	-0.127821710122123	1.3184961660676
1.48099999999995	-0.190195423249982	1.48400674616161
1.48199999999995	-0.144587700033662	1.63732148507786
1.48299999999995	-0.103661869530809	1.64300440100662
1.48399999999995	-0.148673225979061	1.51149732116814
1.48499999999995	-0.097958622101494	1.27955429180896
1.48599999999995	-0.240603588770936	1.37307287781087
1.48699999999995	-0.167412457062652	1.56765918313255
1.48799999999995	-0.140957843948313	1.66306342752243
1.48899999999995	-0.156784890619485	1.61024706193404
1.48999999999995	-0.0944680314803077	1.38388887347711
1.49099999999995	-0.203830276640325	1.30070153948554
1.49199999999995	-0.185953535964803	1.38684620350975
1.49299999999995	-0.216461839145805	1.61844586425451
1.49399999999995	-0.171548944913979	1.67047814189119
1.49499999999995	-0.0953965004741588	1.47136419131053
1.49599999999995	-0.215957429843891	1.32845223877144
1.49699999999995	-0.176976504701225	1.2998844491831
1.49799999999995	-0.23025521262815	1.48383534283615
1.49899999999995	-0.194245319003921	1.62337382091949
1.49999999999995	-0.141522336395322	1.57027917524102
1.50099999999995	-0.196827914188363	1.40755365952378
1.50199999999995	-0.148526306556385	1.18156498135745
1.50299999999995	-0.285272054128435	1.36917391660431
1.50399999999995	-0.211427659866454	1.55422770916933
1.50499999999995	-0.181052324566379	1.59780174953429
1.50599999999994	-0.208030859470023	1.50357839644274
1.50699999999994	-0.157262456367055	1.26332944493513
1.50799999999994	-0.25360932005441	1.24813007412838
1.50899999999994	-0.240582771239354	1.38402808345403
1.50999999999994	-0.263851600436272	1.58701491649354
1.51099999999994	-0.223695444046297	1.58117411904417
1.51199999999994	-0.162371950939544	1.34127131830981
1.51299999999994	-0.266906267156364	1.22578850502478
1.51399999999994	-0.252073173638115	1.27381125096186
1.51499999999994	-0.292014372540044	1.47633340969364
1.51599999999994	-0.259656140023023	1.58075930613846
1.51699999999994	-0.207354521210178	1.47422573711971
1.51799999999994	-0.271044560781346	1.29507737661373
1.51899999999994	-0.232381357777751	1.1321963009696
1.51999999999994	-0.352269986777433	1.36621083270157
1.52099999999994	-0.296319265083105	1.53646818914295
1.52199999999994	-0.267449923903851	1.5433361888146
1.52299999999994	-0.295350321486455	1.42371995116431
1.52399999999994	-0.273369790358234	1.19175762887672
1.52499999999994	-0.335740138286431	1.21077424839538
1.52599999999994	-0.322265728549086	1.3832074421846
1.52699999999994	-0.365711691021998	1.56352991011759
1.52799999999994	-0.317700891045324	1.5153851863598
1.52899999999994	-0.280188366062166	1.2606039672287
1.52999999999994	-0.361221794077814	1.17546658098706
1.53099999999994	-0.359554493048486	1.24824854331566
1.53199999999994	-0.384176135714435	1.45442134836278
1.53299999999994	-0.361273431888196	1.53238948816188
1.53399999999994	-0.318208546631372	1.39043387493865
1.53499999999994	-0.377108694173679	1.1917026955243
1.53599999999994	-0.369927032414513	1.10846734668111
1.53699999999994	-0.435657367479454	1.34615619221175
1.53799999999994	-0.39123953128549	1.48870540689604
1.53899999999994	-0.355664102160585	1.45034715876543
1.53999999999994	-0.379791781785814	1.29422424536682
1.54099999999994	-0.366282400742396	1.08005611412335
1.54199999999994	-0.415462211705794	1.15142100984694
1.54299999999994	-0.405577883519975	1.35509548848641
1.54399999999994	-0.42533427330658	1.47897094928442
1.54499999999994	-0.381741241123355	1.37674823482178
1.54599999999994	-0.366418108148263	1.11465689188264
1.54699999999994	-0.438206012757267	1.08584649123037
1.54799999999994	-0.409804170717073	1.20169931756153
1.54899999999994	-0.435947607197607	1.39271503215779
1.54999999999994	-0.416427726128191	1.42172646175564
1.55099999999994	-0.37405054116465	1.23345023409955
1.55199999999994	-0.420808258353194	1.03640528823189
1.55299999999994	-0.424159164651203	1.04100496767946
1.55399999999994	-0.477075389645934	1.29679210141124
1.55499999999994	-0.435253859879083	1.40365432364499
1.55599999999994	-0.400656555962404	1.33140653427803
1.55699999999994	-0.42198046837343	1.14488005562195
1.55799999999994	-0.42903463687833	0.990141045774929
1.55899999999994	-0.462999417148372	1.09017562819037
1.55999999999994	-0.440440152086562	1.28585372939743
1.56099999999994	-0.464983328715912	1.38297736421757
1.56199999999994	-0.413238041748258	1.24231495908395
1.56299999999994	-0.407363359323335	0.995866057454637
1.56399999999994	-0.475945006239781	0.989788684085661
1.56499999999994	-0.432071790438536	1.12642009188869
1.56599999999994	-0.456668726386739	1.30170651944675
1.56699999999994	-0.429410674246502	1.29057602412375
1.56799999999994	-0.401745833891735	1.07943527338518
1.56899999999994	-0.449610956472371	0.903327931206724
1.56999999999994	-0.443404237427049	0.957090649076217
1.57099999999994	-0.471193314112938	1.19383397063642
1.57199999999994	-0.425994997788853	1.26552961504497
1.57299999999994	-0.397364166623601	1.15929806817628
1.57399999999994	-0.404690734543329	0.930226622765377
1.57499999999994	-0.430953443562437	0.845939481739527
1.57599999999994	-0.449195127678553	0.999033918938942
1.57699999999994	-0.429587234791392	1.16000921362533
1.57799999999994	-0.435332017370485	1.19116216613181
1.57899999999994	-0.381472346629902	0.998069772186071
1.57999999999994	-0.398753000495099	0.784115163050386
1.58099999999994	-0.448557656066804	0.838224972807894
1.58199999999994	-0.412470370898409	1.02058091891067
1.58299999999994	-0.433947360783461	1.14476758352065
1.58399999999994	-0.400826380809663	1.07368091717943
1.58499999999994	-0.383533199506855	0.828517214219956
1.58599999999994	-0.429441429687033	0.722727778834083
1.58699999999994	-0.440597941394356	0.855372639133132
1.58799999999994	-0.457824817783319	1.06227488351448
1.58899999999994	-0.404076512440246	1.0901833016366
1.58999999999994	-0.38291880881089	0.943724219866552
1.59099999999994	-0.39041513055164	0.717721782493188
1.59199999999994	-0.426765311222	0.694836130225025
1.59299999999994	-0.440485534279349	0.900911040792173
1.59399999999994	-0.427987506156242	1.02651031278284
1.59499999999994	-0.432237572093404	1.01095077749203
1.59599999999994	-0.375277481340596	0.791198138140354
1.59699999999993	-0.40755108413407	0.624344151803023
1.59799999999993	-0.454883227116482	0.731535699066006
1.59899999999993	-0.416872627160406	0.916768202495813
1.59999999999993	-0.435692400993408	1.00288580981912
1.60099999999993	-0.404330247727393	0.892818912461052
1.60199999999993	-0.397907986459449	0.651904643271072
1.60299999999993	-0.426872310651135	0.582188924212949
1.60399999999993	-0.457312232155938	0.764919594163146
1.60499999999993	-0.469194199120587	0.940780103688394
1.60599999999993	-0.410262476553845	0.943707280263987
1.60699999999993	-0.397331143406045	0.772339739611564
1.60799999999993	-0.406329961613637	0.562032261690782
1.60899999999993	-0.434101391854984	0.574984642969328
1.60999999999993	-0.449841076981265	0.799210984303645
1.61099999999993	-0.444288774332868	0.900420045896583
1.61199999999993	-0.443289505609264	0.85277558368054
1.61299999999993	-0.385751526869033	0.620582379202578
1.61399999999993	-0.421716128751739	0.493518949919927
1.61499999999993	-0.469905139098209	0.628668148362439
1.61599999999993	-0.421523268638633	0.809536832518811
1.61699999999993	-0.438043735832154	0.858804749760809
1.61799999999993	-0.410047316170216	0.708369776861024
1.61899999999993	-0.390969898168393	0.459753159470877
1.61999999999993	-0.430535075623281	0.472512205696213
1.62099999999993	-0.459512158049273	0.67047467815716
1.62199999999993	-0.469554364795387	0.812233764464298
1.62299999999993	-0.395012947943038	0.771536749943801
1.62399999999993	-0.382774799375872	0.557999861097433
1.62499999999993	-0.410252865087753	0.394768028302528
1.62599999999993	-0.429449576015274	0.487905107009751
1.62699999999993	-0.443400865863892	0.694624820779803
1.62799999999993	-0.434473901961032	0.74680120412695
1.62899999999993	-0.422586953786641	0.649768496366666
1.62999999999993	-0.370267464521577	0.409979176734983
1.63099999999993	-0.41286055534955	0.357835862152276
1.63199999999993	-0.469723109247085	0.54285488455672
1.63299999999993	-0.408174393662188	0.68268538732939
1.63399999999993	-0.416379244292446	0.680914745456994
1.63499999999993	-0.391311865142954	0.480332437264409
1.63599999999993	-0.382268073296678	0.284523718162449
1.63699999999993	-0.423126056190509	0.359376817962912
1.63799999999993	-0.450047671821433	0.561484044037805
1.63899999999993	-0.458513747185674	0.667675323236053
1.63999999999993	-0.380559512221449	0.583749983196315
1.64099999999993	-0.370482663135903	0.364137627014361
1.64199999999993	-0.407294484498836	0.230821211193117
1.64299999999993	-0.42608769819568	0.394033956906984
1.64399999999993	-0.435210524990101	0.561730259225728
1.64499999999993	-0.435560814918356	0.582106824697157
1.64599999999993	-0.415988928044868	0.462416468255277
1.64699999999993	-0.368424198028464	0.232765421873231
1.64799999999993	-0.417634665705046	0.222869338630233
1.64899999999993	-0.479286883327284	0.432193821594865
1.64999999999993	-0.410046528332308	0.539424040436432
1.65099999999993	-0.412822570723099	0.504015735987941
1.65199999999993	-0.395420953633624	0.29816190945921
1.65299999999993	-0.382112449691778	0.137477256115065
1.65399999999993	-0.423627942892775	0.242413931794689
1.65499999999993	-0.458529674485189	0.432028950939499
1.65599999999993	-0.461076799562192	0.525236494187236
1.65699999999993	-0.378697586299533	0.40638728393814
1.65799999999993	-0.36939711962882	0.178226483715193
1.65899999999993	-0.417856394543399	0.0953362066042983
1.65999999999993	-0.434500296825218	0.286330212444195
1.66099999999993	-0.433292378148889	0.43034114507025
1.66199999999993	-0.435803569798381	0.419009765020153
1.66299999999993	-0.410049150289267	0.273598502405569
1.66399999999993	-0.366056707547513	0.0675444762959189
1.66499999999993	-0.422095847049779	0.109579812281567
1.66599999999993	-0.477765609810247	0.339956062743111
1.66699999999993	-0.401988255293565	0.400703223744578
1.66799999999993	-0.39364716107195	0.316137672163742
1.66899999999993	-0.392420826031139	0.0886151464792216
1.66999999999993	-0.38081203009633	0.0148918311820661
1.67099999999993	-0.423853904174034	0.156483985279679
1.67199999999993	-0.452688374553279	0.31426400033547
1.67299999999993	-0.443127106093459	0.373682233275421
1.67399999999993	-0.351566999615278	0.220297274028423
1.67499999999993	-0.363302826454764	-0.00842639219397307
1.67599999999993	-0.419212728790792	0.00764363770427815
1.67699999999993	-0.433392778848787	0.204718725546139
1.67799999999993	-0.419876459549238	0.29415539544464
1.67899999999993	-0.42135158820929	0.245529625600266
1.67999999999993	-0.387325411128975	0.0688261381722183
1.68099999999993	-0.361471809917282	-0.0808045894542045
1.68199999999993	-0.435195878643487	0.015183780395833
1.68299999999993	-0.470091233439437	0.236344972882078
1.68399999999993	-0.391357193767466	0.250759054046787
1.68499999999993	-0.373177968826996	0.108542272448896
1.68599999999993	-0.383591585832581	-0.0861143897293273
1.68699999999993	-0.380545212587465	-0.106934619483509
1.68799999999992	-0.424361164935082	0.0521563561329195
1.68899999999992	-0.453330466716287	0.182894814663859
1.68999999999992	-0.433731142421784	0.209256870878869
1.69099999999992	-0.353743692386819	0.00887602108224948
1.69199999999992	-0.362538380590674	-0.188482470630295
1.69299999999992	-0.428289265284232	-0.0930617323977728
1.69399999999992	-0.43570177336794	0.0803225656270032
1.69499999999992	-0.416996318580649	0.132206182535932
1.69599999999992	-0.420699030509073	0.0690783244859601
1.69699999999992	-0.387333989855753	-0.111081547340335
1.69799999999992	-0.366449707487552	-0.231351888641653
1.69899999999992	-0.444091667231856	-0.102876728133419
1.69999999999992	-0.472113285111215	0.0965164734609712
1.70099999999992	-0.387323588047648	0.0875167300630624
1.70199999999992	-0.366377087296953	-0.0869855674394911
1.70299999999992	-0.3971424909954	-0.248802103413247
1.70399999999992	-0.386020805499399	-0.221445697555227
1.70499999999992	-0.42555022878443	-0.072474817535596
1.70599999999992	-0.452578271182982	0.0474982927674862
1.70699999999992	-0.420789544456719	0.0420821888261506
1.70799999999992	-0.345620235397039	-0.182313172447622
1.70899999999992	-0.374530139242788	-0.337212654808617
1.70999999999992	-0.441984262798807	-0.191028861160749
1.71099999999992	-0.425238137279888	-0.0304743255908683
1.71199999999992	-0.400203329409355	-0.0190821654310752
1.71299999999992	-0.40200497456025	-0.108572199277576
1.71399999999992	-0.369191871155089	-0.282763604320921
1.71499999999992	-0.357286256233478	-0.332815409104944
1.71599999999992	-0.448043908274424	-0.167942457727397
1.71699999999992	-0.456657182729134	-0.0124187499131724
1.71799999999992	-0.363872429184096	-0.0676559949899306
1.71899999999992	-0.34285031306168	-0.280747246572244
1.71999999999992	-0.386039913787355	-0.368801673233541
1.72099999999992	-0.378191312620405	-0.293263495308365
1.72199999999992	-0.42377954330142	-0.168749952449715
1.72299999999992	-0.444572595622268	-0.0767471331490353
1.72399999999992	-0.398294539210197	-0.135371512737987
1.72499999999992	-0.325911877047139	-0.357595939010587
1.72599999999992	-0.37343846841773	-0.451913352034576
1.72699999999992	-0.450157778283563	-0.2847124572179
1.72799999999992	-0.420378116563209	-0.161279885856727
1.72899999999992	-0.390600671707172	-0.183646916292568
1.72999999999992	-0.395853122071691	-0.297089181571292
1.73099999999992	-0.370520697525451	-0.44873942668411
1.73199999999992	-0.370138816337931	-0.470408773042407
1.73299999999992	-0.464816377040871	-0.298585525182613
1.73399999999992	-0.460885354204113	-0.175616674600005
1.73499999999992	-0.364176421967575	-0.257960745841427
1.73599999999992	-0.329933268377255	-0.453301537017114
1.73699999999992	-0.406822016811585	-0.536018759808612
1.73799999999992	-0.385782646063154	-0.422517911553636
1.73899999999992	-0.428632343725987	-0.323935409976191
1.73999999999992	-0.451895891322841	-0.237464761841474
1.74099999999992	-0.389144695216905	-0.320872999668417
1.74199999999992	-0.32945677354541	-0.544269900492234
1.74299999999992	-0.38890303070419	-0.565101741538895
1.74399999999992	-0.455132572483968	-0.402427969790302
1.74499999999992	-0.417307211393612	-0.30768679346578
1.74599999999992	-0.374946954530542	-0.342423098908193
1.74699999999992	-0.386535733390125	-0.468399591437731
1.74799999999992	-0.358475347411972	-0.596568091394819
1.74899999999992	-0.381113510720004	-0.578891963706933
1.74999999999992	-0.471286589179389	-0.401835450035138
1.75099999999992	-0.437158640729271	-0.301556903007024
1.75199999999992	-0.340761226308401	-0.427361631156196
1.75299999999992	-0.310230112597526	-0.610504711658604
1.75399999999992	-0.395012485869237	-0.619539406040928
1.75499999999992	-0.400009193477001	-0.520319226869866
1.75599999999992	-0.413186384423739	-0.416957613369805
1.75699999999992	-0.42754750983151	-0.368530964635685
1.75799999999992	-0.351321309308808	-0.497652244646737
1.75899999999992	-0.321145932471415	-0.692720011451894
1.75999999999992	-0.402965819623241	-0.658424497035127
1.76099999999992	-0.447305454475434	-0.481208683050299
1.76199999999992	-0.39938587886762	-0.431495112791774
1.76299999999992	-0.341498468450338	-0.496639135164822
1.76399999999992	-0.355666694946281	-0.614989929494669
1.76499999999992	-0.338892357811226	-0.714248491995529
1.76599999999992	-0.387262101192455	-0.671580575230987
1.76699999999992	-0.478683732788413	-0.523656100897466
1.76799999999992	-0.41957468826832	-0.452658130166735
1.76899999999992	-0.327125105957248	-0.610801179592376
1.76999999999992	-0.307750096098498	-0.792340780885189
1.77099999999992	-0.400157073843882	-0.741222481525586
1.77199999999992	-0.407744324814224	-0.663781466022501
1.77299999999992	-0.403724065506321	-0.573800902201713
1.77399999999992	-0.421929401513497	-0.544236340612134
1.77499999999992	-0.326614789851876	-0.699281648770193
1.77599999999992	-0.320547737451985	-0.8540681739839
1.77699999999992	-0.426377215293556	-0.797675807612577
1.77799999999991	-0.452117576010342	-0.632507685899092
1.77899999999991	-0.399836613620333	-0.597981799779412
1.77999999999991	-0.318917793863357	-0.677536305876446
1.78099999999991	-0.350134625567078	-0.785715878569427
1.78199999999991	-0.331783623504143	-0.867454341871888
1.78299999999991	-0.389608340141478	-0.800610738586076
1.78399999999991	-0.483164472663806	-0.663910035475649
1.78499999999991	-0.396751967951177	-0.614132135135245
1.78599999999991	-0.307091163977398	-0.77775637319612
1.78699999999991	-0.290957445906581	-0.932632537743342
1.78799999999991	-0.398718635645684	-0.836993781399708
1.78899999999991	-0.414051249206878	-0.771874663511805
1.78999999999991	-0.382664830830043	-0.695720915590746
1.79099999999991	-0.391982992773425	-0.687405519213849
1.79199999999991	-0.28403241353885	-0.842281799752526
1.79299999999991	-0.313862058998369	-0.953723073270008
1.79399999999991	-0.4419443228568	-0.880391953935207
1.79499999999991	-0.435226636839081	-0.743291892965114
1.79599999999991	-0.372700446554101	-0.717091804116995
1.79699999999991	-0.276955666879534	-0.828998209257145
1.79799999999991	-0.322273776404319	-0.921812617564973
1.79899999999991	-0.323381978975848	-0.973457464793988
1.79999999999991	-0.38094785222978	-0.910087248166355
1.80099999999991	-0.465560266853951	-0.771851938762221
1.80199999999991	-0.348221390118318	-0.736674347386955
1.80299999999991	-0.27426707919857	-0.903633150777316
1.80399999999991	-0.279027980115144	-1.0573358448117
1.80499999999991	-0.390659740261462	-0.972225267477456
1.80599999999991	-0.404158676322857	-0.878877652337515
1.80699999999991	-0.35138267019606	-0.828581319217835
1.80799999999991	-0.344065257748695	-0.84418031084615
1.80899999999991	-0.240586640131729	-1.00911242000641
1.80999999999991	-0.291585801898099	-1.07833109404871
1.81099999999991	-0.447256673311533	-0.992731677098448
1.81199999999991	-0.409445035683284	-0.888350358600112
1.81299999999991	-0.342534661179405	-0.857212323299685
1.81399999999991	-0.227738341448093	-0.996923213178364
1.81499999999991	-0.280564333293116	-1.06889174071258
1.81599999999991	-0.333692139534631	-1.08829042960499
1.81699999999991	-0.355839616944113	-1.06445002584569
1.81799999999991	-0.436347698419542	-0.914582293698903
1.81899999999991	-0.304201855661297	-0.903257685704662
1.81999999999991	-0.230798835499315	-1.04996317427555
1.82099999999991	-0.269244406373263	-1.18866484701247
1.82199999999991	-0.37492953186005	-1.10986292176127
1.82299999999991	-0.380187538053007	-1.00744030135154
1.82399999999991	-0.307315750795745	-0.976072386942175
1.82499999999991	-0.276052860427542	-1.00413267455419
1.82599999999991	-0.206240248553851	-1.1713377757769
1.82699999999991	-0.264710307635523	-1.23090969624982
1.82799999999991	-0.420101864236474	-1.10757365910947
1.82899999999991	-0.36072386106764	-1.01435961411944
1.82999999999991	-0.281857044462637	-0.981978945096505
1.83099999999991	-0.186020418202778	-1.10576028190705
1.83199999999991	-0.238655035265828	-1.19326643555172
1.83299999999991	-0.314489221265428	-1.20813596233057
1.83399999999991	-0.309702877173621	-1.16725356495811
1.83499999999991	-0.375392690246114	-1.0196909708604
1.83599999999991	-0.221261916541116	-1.06046271262804
1.83699999999991	-0.177796770614008	-1.17473317479737
1.83799999999991	-0.277433827278802	-1.24394572646161
1.83899999999991	-0.329726488632911	-1.21059906380236
1.83999999999991	-0.324745069368116	-1.10289013530834
1.84099999999991	-0.237549506213004	-1.08738873907753
1.84199999999991	-0.21251312508483	-1.10829802501833
1.84299999999991	-0.180475417221668	-1.26708256041166
1.84399999999991	-0.221200183331125	-1.35027638796369
1.84499999999991	-0.370347526551955	-1.23038173255836
1.84599999999991	-0.294094280804112	-1.1372622572194
1.84699999999991	-0.220430392727449	-1.11137119690317
1.84799999999991	-0.142650464324972	-1.24320632583852
1.84899999999991	-0.21313256810528	-1.32119175803098
1.84999999999991	-0.265112272490818	-1.35275468067535
1.85099999999991	-0.245963209022557	-1.31000835605423
1.85199999999991	-0.308412766701304	-1.16828652323322
1.85299999999991	-0.164349787811817	-1.20048310780185
1.85399999999991	-0.139140016119803	-1.3140992315291
1.85499999999991	-0.214848070053856	-1.40837260208662
1.85599999999991	-0.267534921088969	-1.35668820529113
1.85699999999991	-0.265682618813933	-1.24737576135551
1.85799999999991	-0.17056552338386	-1.22079693568951
1.85899999999991	-0.155132449028843	-1.24530930913892
1.85999999999991	-0.155639052818571	-1.37554451919602
1.86099999999991	-0.165273954379611	-1.4750843129747
1.86199999999991	-0.305622668093996	-1.35724136549113
1.86299999999991	-0.219603690806974	-1.24251192756663
1.86399999999991	-0.155384037298674	-1.21743664825754
1.86499999999991	-0.112696868609517	-1.33103144180634
1.86599999999991	-0.166846945336548	-1.43117969592172
1.86699999999991	-0.207517912420336	-1.45662150697907
1.86799999999991	-0.17553556820335	-1.38998433821251
1.8689999999999	-0.22992606462354	-1.24570949342892
1.8699999999999	-0.102535109563595	-1.27613911258931
1.8709999999999	-0.0818005267900774	-1.43339363558758
1.8719999999999	-0.166405038981635	-1.49400387169553
1.8729999999999	-0.200811645448923	-1.42264713885818
1.8739999999999	-0.192459806436585	-1.31071874039705
1.8749999999999	-0.09661562858256	-1.28068285344647
1.8759999999999	-0.108288438236931	-1.3282468434775
1.8769999999999	-0.104607399500904	-1.46283473195798
1.8779999999999	-0.113697162378456	-1.54463861396974
1.8789999999999	-0.240199943694227	-1.41054056076803
1.8799999999999	-0.141403321294015	-1.28893429193138
1.8809999999999	-0.0967050847897449	-1.26869524563005
1.8819999999999	-0.0723220097430267	-1.40492038858591
1.8829999999999	-0.106601119159821	-1.52608453608262
1.8839999999999	-0.155966905913323	-1.51338696482711
1.8849999999999	-0.106259835900554	-1.43816578981457
1.8859999999999	-0.152676850543097	-1.30019859382181
1.8869999999999	-0.0458132504064249	-1.35131659994305
1.8879999999999	-0.0378752325556752	-1.51650368930534
1.8889999999999	-0.124355232795261	-1.56800076932341
1.8899999999999	-0.138347111544767	-1.488851679387
1.8909999999999	-0.127186800581278	-1.37407222565515
1.8919999999999	-0.0411174912939025	-1.33443362009919
1.8929999999999	-0.0573144189288889	-1.42225977148075
1.8939999999999	-0.050719285727844	-1.57140516450317
1.8949999999999	-0.065977741127067	-1.63553775402821
1.8959999999999	-0.180646244702114	-1.48324983992871
1.8969999999999	-0.0736213686835658	-1.36592874689277
1.8979999999999	-0.0347235902272919	-1.36423375051993
1.8989999999999	-0.0243584334035515	-1.50671313116619
1.8999999999999	-0.0650413539190745	-1.61978602094654
1.9009999999999	-0.106138612021954	-1.59032493200364
1.9019999999999	-0.0488770513686493	-1.5111966906633
1.9029999999999	-0.0951187912319435	-1.36320185687071
1.9039999999999	0.00413212532598618	-1.43487667272375
1.9049999999999	-0.00143677097634577	-1.58847692504764
1.9059999999999	-0.0870967024267411	-1.63604948171043
1.9069999999999	-0.0826500958242427	-1.55430151216782
1.9079999999999	-0.0720868340934064	-1.41856830820463
1.9089999999999	0.0155698141278326	-1.40856097116444
1.9099999999999	-0.0118709305842249	-1.49353966122541
1.9109999999999	-0.0176367137973141	-1.62576050856979
1.9119999999999	-0.0262652022150512	-1.68406262990697
1.9129999999999	-0.130306756147885	-1.49732116291692
1.9139999999999	-0.0127995383979753	-1.37216674339195
1.9149999999999	0.0151342830985748	-1.40638242883745
1.9159999999999	0.0127788662687562	-1.57062633342325
1.9169999999999	-0.0348040529585976	-1.6604713227544
1.9179999999999	-0.0704968879092085	-1.59462615045926
1.9189999999999	-0.000769071638538207	-1.50137485478851
1.9199999999999	-0.0401720052756766	-1.36388227875957
1.9209999999999	0.0429997895854085	-1.4636711135456
1.9219999999999	0.0177044689402269	-1.63255256693656
1.9229999999999	-0.0648801688554991	-1.64010080718485
1.9239999999999	-0.0380919913468117	-1.54082993707719
1.9249999999999	-0.0260665797145839	-1.39520456649079
1.9259999999999	0.0520123303313676	-1.42200357021741
1.9269999999999	0.016626198074475	-1.53019726349887
1.9279999999999	0.00189955673621398	-1.65041718871427
1.9289999999999	0.000117824121318108	-1.68088388291733
1.9299999999999	-0.0900812652709492	-1.47141276705479
1.9309999999999	0.0395302240469427	-1.37783379552644
1.9319999999999	0.0490074473873847	-1.44246528910222
1.9329999999999	0.0299347450933637	-1.61590348516685
1.9339999999999	-0.012721084437346	-1.68995657079043
1.9349999999999	-0.0425434011229647	-1.60170152253718
1.9359999999999	0.0336849835429859	-1.50128075945037
1.9369999999999	-0.00251391151734401	-1.38759383345489
1.9379999999999	0.0722409109618886	-1.51914973123671
1.9389999999999	0.0350170286031353	-1.681013784283
1.9399999999999	-0.0435530720208399	-1.67039983982272
1.9409999999999	-0.00194706475715589	-1.55888689995651
1.9419999999999	0.00687114523402443	-1.41365601597457
1.9429999999999	0.0826712878290618	-1.46443516531766
1.9439999999999	0.0389626112650035	-1.57880664030615
1.9449999999999	0.0231799103904796	-1.69626972663795
1.9459999999999	0.0223323328541505	-1.69464863610997
1.9469999999999	-0.0583378304035682	-1.47359398801841
1.9479999999999	0.0719913641802173	-1.40354413958073
1.9489999999999	0.0651367580055353	-1.50105575036446
1.9499999999999	0.0456185787220816	-1.65943649966853
1.9509999999999	0.0086000359887405	-1.69905016155771
1.9519999999999	-0.020289151949803	-1.58555919308724
1.9529999999999	0.0640166336211332	-1.4652729091891
1.9539999999999	0.0309923299586651	-1.38997122586396
1.9549999999999	0.0938201996943051	-1.54086899692579
1.9559999999999	0.0446525525246275	-1.68744823310246
1.9569999999999	-0.0315478572408535	-1.63936781511166
1.9579999999999	0.0300114409996279	-1.49173469525938
1.9589999999999	0.034643777113766	-1.36193028635228
1.95999999999989	0.104817531254721	-1.44692552880885
1.96099999999989	0.0484322095024347	-1.58043684366385
1.96199999999989	0.0324412713569359	-1.68172898915706
1.96299999999989	0.0399192366411087	-1.62027981362229
1.96399999999989	-0.0219134849615793	-1.37570568414177
1.96499999999989	0.111495924859315	-1.34887300753948
1.96599999999989	0.0833677576500538	-1.49982173830971
1.96699999999989	0.0527235029996871	-1.66361183439838
1.96799999999989	0.0287243800529254	-1.66850602750261
1.96899999999989	-0.00229645082142747	-1.52977230502208
1.96999999999989	0.0945712776534665	-1.41254438852607
1.97099999999989	0.0636220945477214	-1.40255426770755
1.97199999999989	0.11365109703304	-1.57081643484574
1.97299999999989	0.0619531365553971	-1.70559797038819
1.97399999999989	-0.0126490226919445	-1.63482801042881
1.97499999999989	0.070339599576891	-1.47918710185994
1.97599999999989	0.0645366932152961	-1.35659838272058
1.97699999999989	0.132604520739409	-1.47915863265274
1.97799999999989	0.0725830831399944	-1.63108364599287
1.97899999999989	0.051911586482435	-1.71206930562598
1.97999999999989	0.0685917632185658	-1.62385571090261
1.98099999999989	0.00559371018117463	-1.39466516975342
1.98199999999989	0.153991817152466	-1.37395914551979
1.98299999999989	0.101798235410569	-1.54614549436994
1.98399999999989	0.0759253287924591	-1.69668671760074
1.98499999999989	0.061454606596511	-1.6783893549055
1.98599999999989	0.0210436797376799	-1.51597090226011
1.98699999999989	0.12718822411214	-1.39533803742457
1.98799999999989	0.0981665110815418	-1.41450663660609
1.98899999999989	0.138314143787322	-1.60859323674761
1.98999999999989	0.0848265809640177	-1.70664880061909
1.99099999999989	0.00550214121267982	-1.57688665588249
1.99199999999989	0.111922724720194	-1.4229224665041
1.99299999999989	0.0904865860919219	-1.32839676022654
1.99399999999989	0.15462735584535	-1.48445027271982
1.99499999999989	0.0975214733825158	-1.6355255685402
1.99599999999989	0.065947242562153	-1.66253701019081
1.99699999999989	0.100309592275088	-1.53405426332239
1.99799999999989	0.0461839187794985	-1.31016003875643
1.99899999999989	0.188835595194664	-1.36181919627651
2	0.121754691275004	-1.5589436041675
