"Time [s]"	"Pem [kW]"	"Pout [kW]"	"Pin [kW]"
0	0	0	0.3815
0.001	0.0220378616118813	0.0220371067656847	2.73363601863317
0.002	0.489988190661833	0.489962621356977	11.6267701367627
0.003	2.30477003427186	2.30457375443768	26.0891709885794
0.004	4.81706952510734	4.81639396281677	42.8517659159762
0.005	4.16156197235228	4.16024662195397	56.7298595492108
0.006	-2.03541240222604	-2.03688532958995	63.076925519256
0.007	-6.83732899560298	-6.83812862298157	67.8829628518263
0.008	-2.91491303637432	-2.91500671071931	76.7902243493061
0.009	1.27213125635711	1.27208327048413	81.6790120087988
0.01	-0.535834578696112	-0.535970044892874	76.42053357452
0.011	-0.71068590493882	-0.710702306964357	70.052991590247
0.012	1.45318161389983	1.45311594415783	64.6657821748486
0.013	2.27009591587114	2.26975520218798	57.3897306727112
0.014	1.51608426804481	1.5154708515087	48.5152255124463
0.015	0.662643657596293	0.661877283519597	40.3298684040759
0.016	0.324814981525953	0.323980443492298	32.861488308438
0.017	0.231013954628538	0.230141247090122	27.3499044224472
0.018	1.04246348365942	1.04150475403831	24.1172374749434
0.019	2.0026723941817	2.00150770093432	22.350096250383
0.02	3.03852352841709	3.03701654151463	22.6122083747738
0.021	5.63737124374461	5.63528043309668	25.6612265980218
0.022	9.69538028854519	9.69225641607768	30.9795924181887
0.023	18.1177914566627	18.1128039677222	41.1594874301713
0.024	16.7256285184419	16.7182209867828	41.4386232113152
0.025	-15.3713355447124	-15.37884343688	13.1944711888465
0.026	-17.0284779340201	-17.0337389565375	18.8362279004724
0.027	-6.4142170536997	-6.41792443726211	36.5838998688215
0.028	3.47619195999154	3.47267607329747	51.1895128245718
0.029	10.3317873523395	10.3273487835407	61.393764628112
0.03	-9.36007507462171	-9.36458683532867	47.9211098125972
0.031	-19.0493899788951	-19.0518031550049	40.6628367914605
0.032	-9.11768451948735	-9.11812312392731	49.6099064937712
0.033	1.86632798595743	1.86629746959189	56.3387727928139
0.034	2.40732027604506	2.40687919700726	50.895855237339
0.035	-0.142208539943082	-0.142819022920816	41.8155803291556
0.036	1.67566212036712	1.674952398949	38.2442826241389
0.037	7.23423906040581	7.23296402086297	39.689907918082
0.038	2.7142133676055	2.71221551440671	31.8533943333459
0.039	-4.520726768478	-4.52258928291479	23.220010431572
0.04	0.362675449985264	0.361087720532439	27.5685708007757
0.041	4.46533650908359	4.46343316245811	32.7086321096671
0.042	-7.61099110259112	-7.61264646463786	22.4772321148336
0.043	-6.67385838611832	-6.67449072205333	26.1663871274194
0.044	-1.53028696261791	-1.53041748267173	33.9003139121413
0.045	0.16936990539394	0.169312770251148	36.8509501811543
0.046	2.90445170307642	2.90422856669203	39.7012131430699
0.047	8.02250949327656	8.02157667080981	44.2441744152681
0.048	-5.3556654222161	-5.35682842073054	30.5924719725244
0.049	-5.33215786714889	-5.33252273643338	30.8313233795649
0.05	-0.653593045369193	-0.653618051602749	35.9649057226904
0.051	0.0130776898644553	0.0130768127608898	36.451663694413
0.052	1.11371782095255	1.11367041087819	36.7344205389806
0.053	7.96207559478526	7.96150883170555	41.5762989299824
0.054	15.6347372044244	15.632560110987	46.3826837091961
0.055	1.76198671933374	1.75849724008488	30.5206034921707
0.056	8.48129233841382	8.47713139276072	36.7428408861527
0.057	16.1332544641548	16.1274529855229	44.1484295810824
0.058	-0.100400798973227	-0.107336133952254	28.4956408714711
0.059	14.8333115961295	14.8254176628451	45.7757939383365
0.06	-9.0641746756366	-9.07246340417927	25.3484541212524
0.061	6.49270608214164	6.48460887103176	44.0135675481884
0.062	-3.68801053603949	-3.6962810110666	38.7114468817889
0.063	-11.7707366602881	-11.7779039921411	34.2862996755104
0.064	12.3025424931305	12.295362517815	61.5788285061506
0.065	-23.8891299872572	-23.8954087559118	27.43549995098
0.066	-7.57837531738018	-7.58256854107805	44.4365580127052
0.067	10.331191181209	10.326840764269	60.0991044045004
0.068	-17.5613229929816	-17.5650877992738	29.9669860304297
0.069	-11.1521500838291	-11.1539454354063	33.7949007148851
0.07	1.40535472665973	1.40415927842165	42.1435064537591
0.071	14.1789718765588	14.1768299850836	48.3936855874427
0.0720000000000001	-4.12250571362412	-4.12541826191578	24.7048659976691
0.0730000000000001	-7.17896572582596	-7.18106174926449	19.6722028353374
0.0740000000000001	5.37352765316459	5.37156023249525	30.2101170326373
0.0750000000000001	17.1588819602844	17.1554758604202	38.1639993308236
0.0760000000000001	-0.848569022464828	-0.85316308783664	19.0209878909983
0.0770000000000001	9.26675664906468	9.26163675506799	30.2539373290265
0.0780000000000001	16.9843544517578	16.9775027303128	37.7570171955345
0.0790000000000001	0.605735451735592	0.597674709814825	24.1084954681269
0.0800000000000001	23.7865700635	23.7769545206723	50.5430293600748
0.0810000000000001	-4.05013404705113	-4.06111091065173	26.2913942199702
0.0820000000000001	22.1166705889	22.1045602752186	57.6134792749319
0.0830000000000001	-10.2567164507138	-10.2696083686273	29.9604969370564
0.0840000000000001	22.3288501436558	22.3152318274756	66.7790300623533
0.0850000000000001	-16.9365941572548	-16.9505229339849	31.9621875163746
0.0860000000000001	21.8583096704096	21.8441329292478	73.1086111514608
0.0870000000000001	-26.4035040700182	-26.4172648816309	27.5240166918154
0.0880000000000001	24.7268572311743	24.713281169096	78.2145765713599
0.0890000000000001	-29.1147956698556	-29.1279590974744	24.096075334817
0.0900000000000001	19.2295531233751	19.2171052111786	69.749450857328
0.0910000000000001	-27.7475526570854	-27.7592844978551	19.303102446138
0.0920000000000001	6.04640568324876	6.03616671070676	49.8983678796138
0.0930000000000001	-0.928930598655807	-0.939439710100939	36.0198147526302
0.0940000000000001	-6.091321642209	-6.10125910262964	28.142163613376
0.0950000000000001	22.244954925211	22.2340448022523	49.8283371635843
0.0960000000000001	-12.786076772627	-12.7975707225233	12.5305849509878
0.0970000000000001	27.17757695783	27.1652465264861	47.9803782156893
0.0980000000000001	-8.91149493517349	-8.92502558406902	10.9455702022373
0.0990000000000001	27.9028247887996	27.8881609536545	45.2332513677817
0.1	0.82257285676407	0.80601043918563	19.631698945392
0.101	17.1434181636751	17.1257799867044	35.0420792135826
0.102	19.8475700519548	19.8275499215364	41.0667792568171
0.103	-7.97355928372861	-7.99424906597515	14.48663238457
0.104	41.0844584059386	41.061746919882	66.8939576561583
0.105	3.17379909822769	3.14815823895786	32.1886634766771
0.106	2.44956395632486	2.42373347596608	34.0737782235112
0.107	50.7185517318344	50.6893839525742	85.5224072189881
0.108	5.97160625870095	5.93868591169582	42.964272003175
0.109	-12.768861298201	-12.8010693355232	25.3551307545974
0.11	47.7276313952212	47.6933413787695	86.7717062318807
0.111	49.6366922002015	49.5959967849104	89.2398446465595
0.112	1.84952800638584	1.80553718297265	40.6967142818335
0.113	-27.5835641658555	-27.6254603424034	9.03495375334582
0.114	11.2438067283911	11.2033154898167	46.3149845762096
0.115	65.1032105300246	65.057911153425	98.3713920315811
0.116	63.3521202075758	63.2983557573856	94.8449141422762
0.117	53.4647408372559	53.4033371566213	82.7343070400263
0.118	46.202402509451	46.1345838225756	73.3455396363691
0.119	49.7426130543854	49.6686851854508	74.4061627714417
0.12	66.0428972260022	65.9615549604707	88.3534699374899
0.121	80.1356692772783	80.0448670414126	100.141788665854
0.122	38.0335759535956	37.9351928966304	56.0489331962479
0.123	-31.6740494326373	-31.7722647182811	-14.3976676199343
0.124	-27.2908086925437	-27.3843796750668	-9.62270021639641
0.125	8.90137249543796	8.8096603477547	26.8623514594886
0.126	50.1663701024243	50.0712654496485	67.4729416800387
0.127	79.1745087649164	79.0712441472547	94.7568599309827
0.128	9.58599989371351	9.47729515181569	23.8479331186623
0.129	-37.4164840201267	-37.5225383982687	-22.5886824900257
0.13	5.03880907762698	4.9356829131404	20.5940798109314
0.131	57.904796733206	57.7981368763851	72.3247130936972
0.132	59.9328160536085	59.8188687905728	71.4781100360536
0.133	-45.1528548108341	-45.2670008504618	-34.0619997476846
0.134	-11.2477718412307	-11.3572513740536	0.675746016880147
0.135	40.8513235759529	40.7406635653603	51.6657635751673
0.136	47.0696232368385	46.9538132096977	54.9866507883589
0.137	-40.9116717358573	-41.0269997393888	-33.292011921888
0.138	-10.6455174308403	-10.7564263928853	-2.28875978520505
0.139	31.3797307271947	31.2683228044145	38.7174765841676
0.14	27.7263561894713	27.6118429778098	32.7289460340461
0.141	-34.9889598340018	-35.1019919483975	-29.6534460852225
0.142	-10.0992193068122	-10.2082002824971	-3.95864425457334
0.143	23.1623861255223	23.0534983416779	28.6004124973475
0.144	21.0290413109751	20.9181392498496	24.8275297667418
0.145	-29.2410324273241	-29.350323369023	-25.1716044013364
0.146	-17.8280473011147	-17.9330784264709	-12.7091380852447
0.147	11.8568340900623	11.7532545112266	16.8621751015132
0.148	27.284074673347	27.1788890910909	31.2414445694322
0.149	-5.94426198232668	-6.04981309607171	-2.88338086605452
0.15	-30.0946540140275	-30.1966100998483	-26.0772459632392
0.151	-12.7954152413656	-12.89333243376	-8.15856818521301
0.152	7.71699643545618	7.62054035675786	12.1141891236293
0.153	20.3814903857476	20.2842497166831	23.9660350369548
0.154	9.3380780613172	9.23996566927122	11.907325707437
0.155	-15.054436714027	-15.1509642463906	-12.4954915588441
0.156	-19.6388577735436	-19.7318124733696	-16.5294474280052
0.157	-8.12621061815931	-8.21607575632824	-4.81934403722513
0.158	5.14637824938285	5.0579153222688	8.23833315365713
0.159	15.4903756446181	15.4017196565827	18.1362308688192
0.16	16.8442486587319	16.7546252447799	18.8894160142687
0.161	7.50737396132309	7.41735737093991	9.17275631600294
0.162	-1.31875939462927	-1.40790071686407	0.483909124214193
0.163	-2.90374315594552	-2.99128223577613	-0.722222297415383
0.164	3.04081757586931	2.95459299478687	5.56493664735438
0.165	12.2901846808823	12.2042526698281	14.9695289631068
0.166	23.2625123056832	23.1755179087208	25.9531528425598
0.167	29.5020677473342	29.4128701186468	31.9787577274365
0.168	25.2642162347014	25.1727174429882	27.4218836801188
0.169	12.1937956417775	12.10122062966	14.2896902527455
0.17	4.02197944473645	3.92981594158323	6.46150270376421
0.171	9.04382729778713	8.95231219508426	11.9621421681074
0.172	20.429229270323	20.3372663524334	23.6214230502252
0.173	31.3155978052054	31.2217019777615	34.4013329195275
0.174	34.7690626576319	34.6722983833016	37.3912054064804
0.175	21.4461151688611	21.3472027796915	23.6457085038923
0.176	5.30199798124873	5.20300032477381	7.55066700994502
0.177	10.830337652401	10.7320086660818	13.5164266613634
0.178	23.6457831600248	23.5468976079754	26.4533604144646
0.179	32.6823149815293	32.5814200736349	35.1249736219992
0.18	24.8715612254778	24.7686173215952	26.7786571588755
0.181	8.63980277199763	8.53650186601634	10.4985499654782
0.182	9.45241450562095	9.34984409604074	11.6487393829743
0.183	20.7481830192782	20.645543066707	23.0595480740813
0.184	27.2510636426383	27.1471753941124	29.1964366452015
0.185	17.7860111201909	17.6811192771386	19.2940637328615
0.186	4.84427421195377	4.73995260448737	6.39456582210864
0.187	9.37844552609618	9.27529317630398	11.2557955360369
0.188	18.3622906782786	18.2594088043678	20.2374785291488
0.189	22.3031301493281	22.1996704834571	23.8367190406943
0.19	11.648771726271	11.5452323971067	12.8759302876697
0.191	3.74002980226256	3.63771339749054	5.09952199775403
0.192	7.83057353819209	7.72975929097111	9.45272607415738
0.193	15.1271103176998	15.0270411767621	16.7543756338689
0.194	17.7050751959231	17.6051067263535	19.0705452391128
0.195	11.6146428968035	11.5150497338282	12.7214618992443
0.196	4.48995112622093	4.39166623766138	5.66676916588767
0.197	5.70591088546843	5.60935503821508	7.12048653357202
0.198	11.4535265125847	11.3582396303668	12.9825079731823
0.199	17.3693195571096	17.2745290552678	18.8228209683686
0.2	18.36726772406	18.2725341845453	19.6206619119206
0.201	12.5036062341877	12.4092790798033	13.6565864174594
0.202	7.04229078495265	6.94913595754709	8.33782480463604
0.203	8.24802876819548	8.15631860504872	9.83103726689841
0.204	14.4027788595857	14.3119922828538	16.2085783969693
0.205	21.9623850132786	21.8715774658193	23.8190107812479
0.206	26.720322169599	26.6286565610586	28.5039397552749
0.207	24.255088993728	24.1624197154811	25.9130601184975
0.208	16.7973752747095	16.7043911111173	18.4544428426031
0.209	10.5859228698601	10.4935593001149	12.46726667096
0.21	14.2302465511181	14.1386686247948	16.4723842164275
0.211	21.8942122413703	21.8026404120832	24.3880041223339
0.212	30.2361495153195	30.143496250262	32.7503501171435
0.213	34.1784292957643	34.0838728477113	36.5083802871291
0.214	27.1637760581453	27.0675474590757	29.2791425564576
0.215	16.4957238655652	16.3990499418607	18.6697379469219
0.216	14.5863802667214	14.4901237851197	17.005540384263
0.217	23.1891798739174	23.0928797060992	25.8851886073062
0.218	32.7152457660491	32.6176707415821	35.3365358944705
0.219	35.2201863510863	35.1205330524247	37.5134509967194
0.22	23.8027757343633	23.701674164483	25.8505252666495
0.221	13.7520623707379	13.6509953503121	15.8873863593141
0.222	17.7009657258922	17.6003477187985	20.0587032069316
0.223	27.5676893800298	27.4665753424037	29.9282003809617
0.224	31.6279123768134	31.5253608582631	33.6376526151049
0.225	21.5470344052364	21.4434710271048	23.2338887410416
0.226	11.431781725078	11.3285964668094	13.1845948167306
0.227	15.66224306639	15.5598304545436	17.6295016843651
0.228	23.9617782075119	23.8592761227035	25.883971786219
0.229	26.3651347534045	26.2618160164341	27.954899099529
0.23	16.6167085303532	16.5130827580515	17.9702281456926
0.231	8.50003761238106	8.39732648696349	9.92277010147316
0.232	13.0770990797152	12.9755297022379	14.7012921060474
0.233	19.7729731198696	19.6717639932559	21.3582253235938
0.234	21.4421749477793	21.340752551748	22.773635576659
0.235	13.8493153405101	13.7480858252948	14.981381098539
0.236	7.51634116836037	7.41625085431762	8.75493213922411
0.237	10.5853598421745	10.4866141707625	12.0309800350199
0.238	16.5219432764451	16.423911796151	18.0007082382856
0.239	20.2759383197595	20.177952900144	21.6128979928482
0.24	17.1534909049178	17.0555080152997	18.3062073148939
0.241	10.5021804962285	10.4048660553859	11.6659505485316
0.242	8.46652313537329	8.37045920561753	9.82465876725701
0.243	13.5654724409117	13.4704326490645	15.1279549787545
0.244	19.5434426906559	19.4486603202163	21.1293636649238
0.245	23.4557259354984	23.3605251089474	24.9145312912201
0.246	19.9615654518658	19.8659227201898	21.2749624935454
0.247	12.7095224257567	12.6141756170022	14.0796433412586
0.248	9.98676778115373	9.89239182765988	11.5724487211472
0.249	15.3013764104032	15.2077807610929	17.1454205356361
0.25	22.4159334864604	22.3222627875234	24.338492817011
0.251	28.6568959961973	28.5622434235057	30.4702063869145
0.252	26.1916090099173	26.0957290468839	27.8171520220781
0.253	17.0207726593786	16.9244733428723	18.6526584312783
0.254	11.5412175312483	11.4455026418688	13.371964798626
0.255	16.1893849274334	16.0943021839503	18.283780470118
0.256	24.6044339197513	24.5090868804881	26.8130803719047
0.257	30.038894342038	29.9423447468274	32.0990298442377
0.258	27.7470973003822	27.6491454054395	29.5760266680471
0.259	17.6813638980496	17.5828687809599	19.4586292222044
0.26	13.319094412086	13.2210463889779	15.3017004820603
0.261	18.9124298052972	18.8147385289039	21.1199219210334
0.262	27.5583420951834	27.4600350600559	29.7505158956504
0.263	30.7460109623184	30.6462906357196	32.6796318374163
0.264	22.3370954534664	22.2363333412939	24.0260940624376
0.265	13.1473964952857	13.0468056670417	14.8955647834685
0.266	15.1745793016129	15.0746445146632	17.1334459576471
0.267	23.6007860728205	23.50078765126	25.622874995607
0.268	28.5860503853187	28.4850770452461	30.3808485098731
0.269	22.5499533385154	22.4480874809577	24.0541327886056
0.27	12.6699036192602	12.5682413313652	14.1822117690355
0.271	12.1664035069909	12.0656486320519	13.8584140773366
0.272	19.4567388194117	19.3564170858939	21.2424554441145
0.273	24.5826483218459	24.4819099424687	26.2001521959657
0.274	21.09471031978	20.9934485385146	22.4408808394963
0.275	11.9481491125341	11.8472314921611	13.2332070497839
0.276	9.57038402745323	9.47059040274165	11.046324280385
0.277	16.0968971173849	15.9979291538026	17.7213749761368
0.278	21.4406123490637	21.3416523445735	22.9761959465833
0.279	21.9251011128144	21.8257523527721	23.2419473016383
0.28	14.2152577857768	14.1160172204398	15.4253116499651
0.281	9.02372767272066	8.92547268001521	10.3624960810597
0.282	12.6825472657497	12.5853676862198	14.2370454883684
0.283	18.8832889516407	18.7864999329766	20.4915402945734
0.284	23.1141132579626	23.0170004188001	24.5889782797747
0.285	20.1223952815924	20.0248781167472	21.4198397801195
0.286	12.7337023005017	12.636493193038	14.0344606042053
0.287	10.0925645113203	9.9963420294898	11.5960708419262
0.288	14.8817596400118	14.786363400632	16.5952038278889
0.289	21.6795634707084	21.5841946895408	23.4463670197194
0.29	25.9123159779467	25.816224214734	27.5220102252917
0.291	21.8786070731007	21.7817872933635	23.3448196800652
0.292	13.7570979496019	13.6603876637367	15.2188862796971
0.293	11.2675999148292	11.1717199840677	12.9659965426191
0.294	16.9987719565009	16.9034898038759	18.9430112138578
0.295	24.0451358048085	23.9495749347631	26.0112681855218
0.296	28.436113655824	28.339499866387	30.2485709883967
0.297	23.5562506273366	23.4586294090867	25.1742730810439
0.298	15.1670804098957	15.0693687954458	16.8207119241652
0.299	12.3705080470755	12.2734689180994	14.2075259203988
0.3	19.5938580843132	19.497180526917	21.6627220845783
0.301	27.4661132274928	27.3687665174999	29.4915927474284
0.302	29.1560708705442	29.0574124512134	30.9517429848311
0.303	21.3763290373084	21.2767889817782	23.0113687728315
0.304	13.1549517224628	13.0556320465666	14.8723438132721
0.305	14.5367357945236	14.438098628116	16.4575012728305
0.306	22.7324542589958	22.6338389855476	24.7365553204091
0.307	27.7599624490676	27.6604695896082	29.5867395796573
0.308	23.7644873843557	23.6640567203138	25.3314069832538
0.309	14.27053486191	14.1700973209121	15.8053794312507
0.31	12.4184362391772	12.3187643743314	14.1501071776516
0.311	18.7919795656746	18.6927549598042	20.6689711794789
0.312	25.3146768042441	25.2150168888691	27.0793083722712
0.313	24.8644522895324	24.763948863236	26.3750218922313
0.314	15.8969268014027	15.7962315862798	17.280957095291
0.315	10.0990985943829	9.99922012104537	11.5955947928344
0.316	15.0400258476717	14.9410102872678	16.7443987249407
0.317	21.9587883672098	21.8598180017741	23.6412635805892
0.318	24.6286002594287	24.5290222391263	26.1025338278141
0.319	17.9987569467054	17.898848065411	19.2944201344446
0.32	10.4235866340766	10.324319201777	11.7866393809863
0.321	11.6545805007828	11.5563768692807	13.2281530537162
0.322	18.6324275838385	18.534714804956	20.30480082902
0.323	23.5281115189787	23.430075965387	25.0929804075796
0.324	21.9511447772349	21.8525643986133	23.2800314963817
0.325	13.7602531477595	13.6618001975671	15.0467791347042
0.326	9.6526099826264	9.55512029376756	11.1202768983816
0.327	14.6326599557378	14.5360600342079	16.3220854616702
0.328	21.1102246219174	21.013723680712	22.8269711696086
0.329	24.9415141335979	24.8444098276909	26.5085371116842
0.33	20.8123227344797	20.7146424687265	22.2113905397221
0.331	13.6396275462103	13.5421487280274	15.0631614237251
0.332	10.8340988986166	10.737498114089	12.4361322103707
0.333	16.9831059261394	16.8871429291197	18.8023499359529
0.334	24.1228362346526	24.0265992998382	25.9484698301745
0.335	26.9677927419825	26.8706061049553	28.6091691245171
0.336	20.8901926791942	20.792287618632	22.3590069977976
0.337	13.3485595087545	13.2508733903317	14.9187178911552
0.338	12.3412512880202	12.2443628733586	14.0974860617304
0.339	19.5853101248651	19.4887838642669	21.541191570301
0.34	26.3884426994454	26.291319013863	28.2494033314326
0.341	26.9782139437163	26.8799969396639	28.6469834573117
0.342	18.8213021169877	18.7225202379798	20.3481680383526
0.343	11.8616769397337	11.763367735709	13.5164333829201
0.344	15.0285590969068	14.9309735180073	16.929127758584
0.345	22.4687269989936	22.3711340819189	24.4395841442932
0.346	27.9172255383678	27.818749024211	29.7339727360639
0.347	23.9529597229544	23.8535086474561	25.5157217836281
0.348	14.7960244600248	14.6965051304962	16.3146687970703
0.349	11.2277576378309	11.1290375934957	12.9280065260447
0.35	18.0781686177448	17.980012879345	19.9815132146701
0.351	25.5407971914849	25.4422254670083	27.389154350368
0.352	26.4141911684998	26.3146411446794	28.0082065079188
0.353	18.1727674185936	18.0727525255856	19.6055659443709
0.354	11.5718222448234	11.4723599791944	13.1292819882929
0.355	13.9902515588458	13.8916184045851	15.7408173788547
0.356	21.8536915020162	21.7551770554753	23.6650497286645
0.357	25.6710165555881	25.5718248893404	27.2951126098367
0.358	21.252341141264	21.1525210989202	22.6585198089716
0.359	12.274827044228	12.1752994861767	13.6677707781157
0.36	11.3965841663111	11.2980157440627	13.0000611128103
0.361	17.578994980017	17.4810114037935	19.3436046506655
0.362	23.9310562590724	23.8327977470881	25.6150288457342
0.363	24.0601039616757	23.9611327306735	25.5317518548548
0.364	16.2263885678128	16.1272380572868	17.5534021985769
0.365	10.1224949274949	10.0241171017255	11.5805495764627
0.366	13.6796706893209	13.582227360785	15.3682946223101
0.367	20.8512830365539	20.7540321271699	22.600130447676
0.368	25.4396558246629	25.3417951990769	27.0419452599063
0.369	21.8433479257553	21.7448171644418	23.2398839432314
0.37	14.031842937372	13.9334277895418	15.4380227442545
0.371	10.8412207879136	10.7436688219137	12.412008881791
0.372	16.2070745758864	16.1102252780492	17.9848490795801
0.373	23.384125428251	23.2871168119242	25.15101167063
0.374	26.0224080943917	25.9245744389212	27.5971927538675
0.375	19.6137807299364	19.5153884754608	21.0252853320848
0.376	11.9955734140777	11.8975856663508	13.4823094710368
0.377	13.0132184244964	12.9160783867708	14.7478179141963
0.378	19.1663410547406	19.069549347336	21.0302471513655
0.379	25.780301460577	25.6829856165784	27.5722063623625
0.38	25.6074884007233	25.509216299313	27.1767288506772
0.381	17.48272430001	17.3840727009533	18.9253739066781
0.382	10.681554188402	10.5835451646121	12.2611348369787
0.383	14.9384153008928	14.8412122160125	16.7680627844537
0.384	22.7569000651378	22.6596711700445	24.6642510298967
0.385	27.3108106057889	27.212714861697	29.0440620918318
0.386	23.3857560905227	23.2867607593997	24.9072448996539
0.387	14.2716333766531	14.1726382680453	15.7587171061411
0.388	11.3058400177715	11.2076676718162	12.9792822023457
0.389	17.8939397710952	17.796331818948	19.7740785150548
0.39	24.9739524578784	24.8759723976935	26.8000679086351
0.391	26.7019205959031	26.60297366512	28.3106321803118
0.392	18.5019922634999	18.4025305703938	19.9188959643457
0.393	11.3219952426014	11.223073635021	12.8692203405365
0.394	14.2038681025397	14.1057709615825	15.9845155203035
0.395	20.9443606755418	20.8464225670995	22.7963179352897
0.396	26.4505617567059	26.3519479429163	28.1612043493451
0.397	22.9281438828741	22.8287270484211	24.3952081881598
0.398	14.239059812665	14.1396820980158	15.6613847642234
0.399	10.6563267557847	10.5578233268375	12.2582510477767
0.4	16.9843872571891	16.8865585618522	18.7877198393796
0.401	24.0829279826565	23.9848524572489	25.8507181937129
0.402	25.7759202712929	25.6770027482088	27.3160736413941
0.403	18.4854732627098	18.3861049015338	19.8667737647557
0.404	11.7276020668335	11.628746023206	13.2194287087754
0.405	13.4837018038228	13.3856909343992	15.1734333006305
0.406	20.1025693268135	20.0048225465916	21.8902159511933
0.407	25.2494115317325	25.1511254256766	26.8927100776488
0.408	22.7243658812109	22.6253682823126	24.1543521162636
0.409	13.8848910353549	13.7859651274904	15.2597404258361
0.41	11.4684930756832	11.3704042047624	13.0579896295913
0.411	16.124564996663	16.0271488757797	17.8918165277375
0.412	23.2651185014216	23.1675641924468	25.0247694222245
0.413	25.7389885284296	25.640643677895	27.3114070436818
0.414	19.5981781866379	19.4993018196163	20.9898019746255
0.415	11.6117237438933	11.5132854564118	13.0543915415226
0.416	12.3927440531456	12.2952277497994	14.0601201985512
0.417	19.3742814859348	19.2771464387913	21.1933668482779
0.418	25.4388705476418	25.341224889617	27.1583846809795
0.419	25.1506840641173	25.0521407775761	26.6276810758384
0.42	16.3101590179429	16.2113507945263	17.7154038503867
0.421	11.4599491818452	11.3618122069198	13.0242519809341
0.422	14.9771663104605	14.8797814753046	16.7467245469147
0.423	21.9310474565788	21.8336926946864	23.7489125090942
0.424	26.537377416815	26.4392662219303	28.1876483903853
0.425	22.1445923586868	22.0457189266244	23.5851648885756
0.426	13.242546062396	13.1438260103445	14.6922752802871
0.427	12.3622415596835	12.2643385201288	14.0401577987012
0.428	17.7287441785975	17.6313415325348	19.5625890258303
0.429	24.8253802165129	24.7276241090145	26.6193087924536
0.43	26.079050199438	25.9803767142622	27.6507864956016
0.431	18.5113238174344	18.4121738736595	19.9165859873815
0.432	10.7091263270137	10.6105535974599	12.2211336132612
0.433	13.937934861829	13.8402417692131	15.6958212793764
0.434	21.2089613583009	21.1114220888206	23.0592679195097
0.435	26.4790164045128	26.3807762672765	28.1743560128311
0.436	23.6106581777017	23.5115618244177	25.0908971777441
0.437	14.4128168962677	14.3136971248084	15.8372415040423
0.438	10.9356325106079	10.8373527972111	12.5366453918193
0.439	17.1862638280145	17.0886232226282	18.9960655283964
0.44	23.8446707866783	23.7467833483562	25.6214287024985
0.441	26.0735476253315	25.9748117742252	27.6473150037981
0.442	19.0789883512349	18.9797385910546	20.4558981601951
0.443	11.3804140635116	11.2816583744096	12.869467974253
0.444	13.376133201586	13.2782522813944	15.0948978076513
0.445	19.8120186363727	19.7144271777271	21.628417147303
0.446	25.6895204772388	25.5913775623493	27.3942071703643
0.447	23.7347126224136	23.6357576605465	25.2015895429209
0.448	15.2761224237225	15.1770749039847	16.6710876977753
0.449	10.3937457285957	10.2955156370876	11.9545081164865
0.45	16.0124131953881	15.9149382871601	17.7969839469985
0.451	22.82320792818	22.725633254633	24.6171650335265
0.452	26.5707681780217	26.4723768843396	28.162928441364
0.453	20.5858860109203	20.4868398554301	22.0124722316027
0.454	12.8777242398677	12.7789647705864	14.3482683560902
0.455	12.798704656279	12.7007577205374	14.4649512484876
0.456	19.083197439666	18.9856296414648	20.8919196830053
0.457	25.5789098229679	25.4808473834002	27.2873465020724
0.458	24.6637519754703	24.5648208685647	26.1556575339581
0.459	15.941769705302	15.8426370276069	17.3187394548239
0.46	10.6127390513191	10.5143647159647	12.1582996024209
0.461	15.0479279376993	14.9503615262345	16.810318752804
0.462	22.1257348221666	22.0281828162507	23.9272622283238
0.463	26.0479548584799	25.9496689560096	27.6854693891526
0.464	21.5219225831337	21.4229524581768	22.9432664161692
0.465	12.9339909436884	12.8352389219465	14.3540721599964
0.466	11.1412744031381	11.0434440662635	12.7753208034844
0.467	18.029543240476	17.9322747570397	19.8502247420068
0.468	24.2228809501802	24.1252777022259	25.9794871901979
0.469	25.7605463604719	25.6620864517567	27.3000463941766
0.47	18.3968050892144	18.2978954593451	19.8155213561325
0.471	11.9514024071903	11.8529898829002	13.4730715021001
0.472	14.2641716552778	14.1665301107162	15.9965839658708
0.473	20.9863589760438	20.8888635532923	22.8041147329084
0.474	26.5296718917457	26.4314867534552	28.2066316482354
0.475	23.3736632907145	23.2746338656441	24.828073268418
0.476	14.1625578344881	14.0635373343331	15.5812636920031
0.477	11.0301040571452	10.9319328780152	12.6423034804119
0.478	16.4714304579347	16.3739392365661	18.2782985896494
0.479	23.6521399836159	23.5544616733233	25.4515065480624
0.48	26.0080937441177	25.909581858981	27.5993974376829
0.481	19.6004907311692	19.5014309932823	20.9984773684104
0.482	11.2818648550147	11.1832679385886	12.7527026807799
0.483	13.1827618362946	13.0850574910761	14.9012916252546
0.484	20.1059677232327	20.0085436663825	21.9469755508312
0.485	25.5896524516039	25.4916615154999	27.3072886827488
0.486	24.4953002182806	24.3964503932882	25.9952382660117
0.487	16.188119020465	16.0890612697288	17.6153660681205
0.488	11.5105329599754	11.4121545579448	13.0836073941812
0.489	15.7480795541438	15.6504004884237	17.5244959594737
0.49	23.0073452136478	22.9095745150078	24.7967389900813
0.491	26.5356256523507	26.4370307277821	28.1427179164537
0.492	20.4250282127101	20.325794423591	21.8103979059142
0.493	12.0923537558639	11.9934736208149	13.5507952514262
0.494	12.2990415295372	12.2010629140141	13.9815772483402
0.495	18.8368951205502	18.7393467478047	20.6522146534099
0.496	25.0000790128062	24.9020918131412	26.7389980491984
0.497	24.8525465131781	24.7537163254846	26.3553187571804
0.498	16.7326584663258	16.6335586401246	18.1195096408082
0.499	10.4187684936981	10.3203860428269	11.9448662642575
0.5	15.0575230580887	14.9599611479479	16.8211739451655
0.501	21.9776037026481	21.8800655561726	23.7876898114003
0.502	26.433282683805	26.3349943956946	28.063483000746
0.503	21.8783440140532	21.7793210062944	23.3177073346796
0.504	13.2183325148828	13.1194846285932	14.6401277941868
0.505	11.051660298413	10.9537221522381	12.6644061489412
0.506	17.8635310986958	17.766173602068	19.6675377766262
0.507	24.6884841962631	24.5907727711865	26.4326494458201
0.508	25.7229996115709	25.6244037358757	27.2579815083483
0.509	18.0974508738697	17.9984299928164	19.4966795303814
0.51	11.0411803022572	10.9427404523898	12.5514341249847
0.511	13.3732076844172	13.2756616995473	15.1076230274956
0.512	20.7744537397988	20.6771275649441	22.602332952093
0.513	25.7791970401294	25.6812443127687	27.4748998074432
0.514	23.4557477601229	23.3569933417624	24.8997060262567
0.515	14.5804405951902	14.4816574333083	15.9961176232665
0.516	10.7133620182084	10.6154183009629	12.3202129519795
0.517	17.0798703007575	16.9825836249855	18.910604109434
0.518	23.8839434292377	23.7864098567846	25.6979931183596
0.519	26.4809982477848	26.3825813031016	28.0932666846486
0.52	20.2339029614684	20.1348615618494	21.676027221487
0.521	12.321963594576	12.223270693463	13.8032686261952
0.522	12.9871428252848	12.8892864780038	14.6964935058313
0.523	19.5414052572966	19.4438828848822	21.3713379534919
0.524	25.999159041344	25.9010817107151	27.7306238740564
0.525	24.5665809082694	24.4676130336761	26.0632568138853
0.526	16.3471057465146	16.2479157945305	17.7741186862317
0.527	10.628627749055	10.5301682410652	12.1973575085816
0.528	15.0465459296873	14.948894475987	16.8278443729493
0.529	22.4400456061836	22.3423884003963	24.2609189362187
0.53	26.1186404442975	26.020224499384	27.7512613625199
0.531	21.2195989179302	21.1205161838711	22.6316543035325
0.532	12.3605484977793	12.2617450403128	13.7993814703896
0.533	11.9461616603307	11.8482645846835	13.6119926686184
0.534	18.7074447062319	18.6100095765687	20.5506724882999
0.535	25.2827493103575	25.1848634869088	27.0352583961478
0.536	25.4736357094982	25.3748441132066	27.0098236590014
0.537	17.4112422239806	17.3120919096977	18.8280504683701
0.538	11.1131809116329	11.0146550853789	12.6342616782812
0.539	14.4269579729291	14.3292504108492	16.1772360589362
0.54	21.76415797553	21.6665334499391	23.5642065514202
0.541	26.4443244104748	26.3459646639757	28.0911604452696
0.542	22.323782984155	22.2246584132998	23.7272432400232
0.543	13.3252312031257	13.226245437846	14.7536609465941
0.544	10.9827519867808	10.8846752032534	12.6044703800642
0.545	17.4977498267246	17.4002850873828	19.3028195072165
0.546	24.0658464814398	23.9680963944614	25.8369745970531
0.547	25.5253367121251	25.4267585604915	27.0706299720792
0.548	18.414470794224	18.3154593080974	19.8027458191796
0.549	10.7079891103154	10.6095597004017	12.1983675134532
0.55	13.7749337817674	13.6773933245181	15.5161170997796
0.551	20.6480198007623	20.55068038847	22.4808430988076
0.552	26.036806839479	25.9388321708441	27.7295339508911
0.553	23.6907126143754	23.5919029987419	25.1739872900356
0.554	15.3183238878345	15.2194199439683	16.7503168394312
0.555	10.8904884465337	10.7923632861255	12.4687491550632
0.556	16.2563675141279	16.1589458362194	18.0542712039535
0.557	23.6142380063954	23.5166455285819	25.407593097843
0.558	26.6263285334263	26.5278619751415	28.2244598720974
0.559	20.1503844388742	20.0512898364459	21.5684432108249
0.56	11.9742956691603	11.8755796625395	13.4548150101802
0.561	12.2557857719981	12.1579801076445	13.9403976558174
0.562	19.6675624334206	19.570131163094	21.5089519916368
0.563	25.5045881822935	25.4066257501906	27.2456448795326
0.564	24.7361353825437	24.637303132846	26.2173977645507
0.565	16.082124851835	15.9830752439982	17.4794260715736
0.566	10.3473668032474	10.2490830252545	11.9070916578095
0.567	15.6274032266622	15.5299047123312	17.4276532552475
0.568	22.4257078462272	22.3281630674419	24.2487466378471
0.569	26.4096606132056	26.3113368492134	28.0538340408237
0.57	21.4585342261556	21.3595063635142	22.904409365069
0.571	13.6321897694623	13.5333374710525	15.0964727925981
0.572	11.3269949914121	11.2290055888498	12.9626412997572
0.573	17.9572568341364	17.8598236841361	19.7784660608997
0.574	25.0894165320153	24.9915968389742	26.8483947056957
0.575	25.790995383162	25.6922606909325	27.3210559270352
0.576	17.5991659455453	17.5000373463549	18.9945907978481
0.577	10.6990727397737	10.6005838238651	12.2269514293688
0.578	14.3486166674591	14.2509789785757	16.0974484804011
0.579	21.4025564151797	21.3050307559083	23.2371817332273
0.58	26.2723614047401	26.1741355406567	27.9489525575696
0.581	22.7524077061122	22.6533978688532	24.2131624291304
0.582	13.6181594913562	13.5192377817336	15.0301385878514
0.583	10.8931702073067	10.7951428595498	12.5175200569543
0.584	17.0367147533059	16.9393362756417	18.8667003446867
0.585	24.1023573685746	24.0047212948034	25.889718910959
0.586	25.9613721577556	25.8628744335425	27.5490999550799
0.587	18.9167466162517	18.8177505729106	20.3165938244413
0.588	12.2769358449987	12.1783804441558	13.7892363763551
0.589	13.209426546483	13.1116937996829	14.9288794520439
0.59	20.1429732362186	20.0455168235714	21.9690614263944
0.591	26.2506908563053	26.1526205901426	27.9642346357111
0.592	24.1039227299763	24.0049760951537	25.5797603818472
0.593	15.3691396433134	15.270068832756	16.7872631259056
0.594	10.4686851266503	10.3704206110977	12.0510824796809
0.595	15.9745570963111	15.8770457082031	17.7697841737486
0.596	23.2005127117313	23.1028789699383	25.0127647010745
0.597	26.3737015430931	26.2752396116411	27.9829039696293
0.598	20.5224555847212	20.4233574769064	21.9503558000907
0.599	11.9537712447877	11.8550278427695	13.4133527675876
0.6	12.6308013582383	12.5329444718068	14.3347714934359
0.601	19.0402950338577	18.9428304264817	20.8744276402103
0.602	25.4002182063833	25.3022726613946	27.1383119363853
0.603	24.9184112639161	24.8195904192544	26.4406008929964
0.604	16.3407412932558	16.2416728925881	17.7343925408843
0.605	10.5871041640509	10.4887678907524	12.1261810751399
0.606	14.9211762893661	14.8236578203361	16.6910445674995
0.607	22.3975376302145	22.3000230787225	24.2103895221462
0.608	26.6577020250892	26.5593931751106	28.3009944255987
0.609	21.9183261886704	21.8192648547913	23.3495705285238
0.61	13.7185512376016	13.6196286931179	15.1801443934849
0.611	11.1626395642788	11.0645861815437	12.7955162644831
0.612	18.0478453183078	17.9503540148657	19.8689837764713
0.613	24.5013372738477	24.4034939633439	26.2626158082603
0.614	25.5337143720585	25.4350139498773	27.0690292156138
0.615	17.9733242123055	17.8742215117916	19.374064894953
0.616	10.9572181183525	10.8587116904322	12.4705335214347
0.617	13.7738094505168	13.6761761434588	15.5330263633286
0.618	20.7212509455703	20.6238149962228	22.5461049979735
0.619	26.455508073006	26.3574047201337	28.1374564055829
0.62	22.8421991120792	22.7432915840429	24.3082766231234
0.621	14.372129114666	14.2732508603628	15.7896738119191
0.622	10.7540535713873	10.6560273800055	12.3497188943906
0.623	17.1429705214914	17.0455953926997	18.9515344358248
0.624	24.1064652706978	24.0088249951905	25.8992531773448
0.625	26.5512116357553	26.4526694437211	28.1307288789187
0.626	19.5848661473899	19.4857405018989	20.9843014611047
0.627	12.2391306536902	12.1404044432161	13.7470371382202
0.628	13.0057872753563	12.9079024052129	14.7062736856258
0.629	19.9095623048846	19.8119854694199	21.738375230614
0.63	25.4069342196539	25.3088182819043	27.1134120932449
0.631	23.9153504795461	23.8164291480512	25.3979308829158
0.632	15.0468397350228	14.9478287163716	16.4335327704032
0.633	11.0259817858461	10.9277601542929	12.6051208682679
0.634	15.6402047855633	15.5427206769558	17.4412419931282
0.635	22.627508165631	22.5299630195017	24.4326277595208
0.636	26.5665761100211	26.4682275795652	28.1929507653715
0.637	20.7210061006136	20.6219932450806	22.1511881008091
0.638	13.0876561532301	12.9889060313394	14.5620151439152
0.639	12.3858862684077	12.2879624560395	14.061758536272
0.64	19.1361964096838	19.038675860584	20.9556784148233
0.641	25.6277137199995	25.5296909897455	27.3679439323065
0.642	25.3878019318634	25.2888575120373	26.892102272561
0.643	16.8149142536615	16.7156595749832	18.2130349905628
0.644	10.518301230857	10.4197535589135	12.0521638231108
0.645	14.2176000267836	14.1199255459186	15.9710961934336
0.646	22.0834680210567	21.9858686614704	23.8902187714957
0.647	25.8401232458463	25.7418075965649	27.4700134186037
0.648	21.6482666657052	21.5492727713679	23.0766635403742
0.649	12.7896398650068	12.6908656212037	14.2113576663454
0.65	11.976053062209	11.8781536417253	13.6327919620447
0.651	17.6121320950068	17.5147671804288	19.4236783158849
0.652	24.3440892335163	24.246410985108	26.1033732923048
0.653	25.6464296283174	25.547895181168	27.1992631968564
0.654	18.3191992475376	18.2202291206341	19.7265566179169
0.655	11.1206449887341	11.0222347199656	12.6175448387344
0.656	13.6790131308737	13.5814700972869	15.4141169280848
0.657	21.1853542500523	21.0879822717714	23.011294590986
0.658	26.4642678284933	26.3661954039524	28.1509266378294
0.659	23.7079927940832	23.6090563572497	25.1711679231273
0.66	14.7954132781532	14.6964186257325	16.2193101390669
0.661	10.8281742416245	10.729999349591	12.4251415824129
0.662	16.1900589205062	16.0925969063386	17.9970616047342
0.663	23.4551749687297	23.3575579986658	25.2494454613323
0.664	26.2813784819538	26.1829220105048	27.8712033064028
0.665	19.7261432250394	19.6271109805066	21.1393822458535
0.666	11.8106163785826	11.7120019665984	13.2938362542135
0.667	13.1774140764597	13.0796569354974	14.9026499121661
0.668	19.6591985230601	19.5617531194923	21.4937960143356
0.669	25.7982990975657	25.700303346965	27.5316737542066
0.67	24.4610099956635	24.3621435123228	25.9650157698798
0.671	16.132165727507	16.0330976861718	17.5332615202047
0.672	10.4372511647612	10.3389396553311	11.9909806473031
0.673	15.400689411261	15.3031728758361	17.1863505538861
0.674	23.0995193808229	23.0019264360101	24.9022578616387
0.675	26.7857396256682	26.6872968732957	28.4143211848859
0.676	21.464100597431	21.3649292567083	22.9004668902762
0.677	13.2960655174019	13.1970941510311	14.7676866627762
0.678	11.6884668445715	11.5903580972015	13.3334478523512
0.679	18.4750486257747	18.3774379081236	20.2972888723005
0.68	24.6746361200297	24.576634117674	26.4071057795841
0.681	25.2346349748743	25.1357864240456	26.7480774516023
0.682	16.5866771318571	16.4875430637399	17.959155436338
0.683	10.9010617800436	10.8026225448802	12.4385109573105
0.684	14.7971384757294	14.6995055381062	16.5631904322342
0.685	21.7901992092456	21.6926214036897	23.5988612621083
0.686	26.548009762737	26.4496873145599	28.2015321800605
0.687	22.0321310626101	21.9330560551818	23.4662963608747
0.688000000000001	13.5377086184414	13.4387771549321	14.9598092060727
0.689000000000001	11.0608350168051	10.9627920640496	12.674288524221
0.690000000000001	17.3388607951172	17.2414349630568	19.142602228831
0.691000000000001	24.6069302992869	24.5091926661309	26.3649089021052
0.692000000000001	25.7142020843965	25.6155865011751	27.2484701641008
0.693000000000001	18.3931996795177	18.2941398149949	19.7855789218944
0.694000000000001	11.7726568854434	11.6741085252567	13.2873021787502
0.695000000000001	13.6587663041421	13.5610441054167	15.3735307665617
0.696000000000001	20.540564417812	20.4430608469473	22.3523497403362
0.697000000000001	25.6910329986695	25.5929271112917	27.3591604050322
0.698000000000001	23.0161284255523	22.9172587373305	24.4710731693761
0.699000000000001	14.2297343084241	14.1308912511639	15.6318331432729
0.700000000000001	11.2372717314062	11.1392569778116	12.8398772879018
0.701000000000001	16.2844327615303	16.1870945939654	18.0900833216922
0.702000000000001	23.7123719856895	23.6148533498786	25.5088187383305
0.703000000000001	26.3703836890624	26.2720006903614	27.9753595736466
0.704000000000001	20.0669301926863	19.9679412030845	21.4858816627401
0.705000000000001	11.8257237386737	11.7271277856508	13.2934375834777
0.706000000000001	12.3911091627655	12.2934228398229	14.0813692743825
0.707000000000001	19.5991204544374	19.5018024299294	21.4403357053758
0.708000000000001	25.6457122284536	25.5478566385275	27.3788434696749
0.709000000000001	24.9748331743024	24.8760805313317	26.4808182391797
0.710000000000001	16.3247634262973	16.2257595786451	17.7383230258048
0.711000000000001	11.5550752969448	11.4567377659312	13.1317064438452
0.712000000000001	15.2689520484811	15.1713429408222	17.046460938511
0.713000000000001	22.4745101650216	22.3768772934418	24.2881717574
0.714000000000001	26.4126493137619	26.3142350784987	28.0466610810378
0.715000000000001	21.2984340434278	21.1993275734174	22.7257313195514
0.716000000000001	13.3832273070512	13.2843253067933	14.8537035777182
0.717000000000001	12.5326148950319	12.4345111034381	14.2090416597269
0.718000000000001	18.0937385860325	17.9961013985738	19.9158171219267
0.719000000000001	25.0274004472401	24.9293743125121	26.7856503786126
0.720000000000001	25.4878584390988	25.3889448136447	27.016975549999
0.721000000000001	17.3964469954765	17.2971762793037	18.7819593422358
0.722000000000001	10.384458196335	10.2858642782112	11.8949908349932
0.723000000000001	14.4099474014419	14.3122232515023	16.1607084461382
0.724000000000001	21.6875207433389	21.5898862114477	23.502021241614
0.725000000000001	26.2126248824329	26.1142762099368	27.8539435638659
0.726000000000001	22.49810538846	22.3989957077677	23.9366029475723
0.727000000000001	13.4616857987936	13.362693545832	14.87659962529
0.728000000000001	11.0920017553213	10.9939018447079	12.6940232770564
0.729000000000001	17.534826414465	17.437328911587	19.3308563440945
0.730000000000001	24.1527731412732	24.0549822924442	25.8944642375103
0.731000000000001	25.3674608938541	25.2688473059952	26.9030629528543
0.732000000000001	17.9414999876932	17.8424964956953	19.3045328855321
0.733000000000001	11.0881605712415	10.9897452873495	12.5858690484368
0.734000000000001	13.5989034108305	13.5013630933626	15.3283617156855
0.735000000000001	20.0292357542732	19.9319505277196	21.8438135453581
0.736000000000001	25.8013128262935	25.703449759233	27.4989234449459
0.737000000000001	23.4179819910257	23.3193171168958	24.8858401141754
0.738000000000001	15.060160009319	14.9614351026222	16.4719723419839
0.739000000000001	10.5531038281914	10.4551959405471	12.1385235919691
0.740000000000001	16.2516965940555	16.1545125575374	18.0629019732166
0.741000000000001	23.155107267178	23.0577808303538	24.9755519785556
0.742000000000001	26.8337016821595	26.7355149113348	28.4540799695928
0.743000000000001	20.8889599864355	20.790077125327	22.3439662617286
0.744000000000001	13.0654033925236	12.9667716499077	14.565335796602
0.745000000000001	12.7441897122114	12.6463598069518	14.4413884495191
0.746000000000001	19.0779458471027	18.9804976077989	20.9221520556121
0.747000000000001	26.0355484039124	25.9375733153711	27.783487123636
0.748000000000001	25.2636091415595	25.1646923492992	26.7914125857437
0.749000000000001	16.7569309512061	16.6577159617108	18.1841610702008
0.750000000000001	10.9293061333569	10.830773525526	12.4971136377759
0.751000000000001	14.8946496753344	14.7969160234822	16.6823691886012
0.752000000000001	22.1384524836863	22.0407449800334	23.9667639767731
0.753000000000001	26.3187896459453	26.2203310245555	27.9782061306203
0.754000000000001	21.7978201014764	21.6986422710707	23.2358245875987
0.755000000000001	12.899195250003	12.8002218079551	14.3350823204143
0.756000000000001	11.2860810367943	11.1880246525162	12.93412173178
0.757000000000001	18.1877351422905	18.090222973415	20.0188116761753
0.758000000000001	24.458853033628	24.360982497936	26.2156970773043
0.759000000000001	25.6276337583843	25.5289029868058	27.1593804839878
0.760000000000001	17.8143651688765	17.7152369300808	19.2292294405849
0.761000000000001	11.6689381802561	11.5703687968081	13.1932985988848
0.762000000000001	14.3077228977296	14.2099427507001	16.0403273918812
0.763000000000001	21.0512950402481	20.9536554533106	22.8540528521216
0.764000000000001	26.408369464967	26.3100458569645	28.0571087431871
0.765000000000001	22.5420624958898	22.4429612058933	23.9718410557017
0.766000000000001	13.4921505582917	13.393161514444	14.9053079193433
0.767000000000001	11.7261237867758	11.6279817061811	13.3558831942539
0.768000000000001	16.6918967501666	16.5943719837735	18.4851346983866
0.769000000000001	23.6899126154775	23.5921836413213	25.4601761198252
0.770000000000001	25.4956465476738	25.3971168792543	27.054642205521
0.771000000000001	18.8237722530475	18.7247827824712	20.206078837787
0.772000000000001	10.8670213338572	10.7685749449555	12.3403183799468
0.773000000000001	13.5042456924494	13.4066961413229	15.2249108150804
0.774000000000001	20.5077684452651	20.4104479864654	22.3400972182319
0.775000000000001	25.7282886598182	25.6303631929588	27.4281991226862
0.776000000000001	23.8977929926983	23.799038915939	25.384056456424
0.777000000000001	15.7010037568055	15.6021144335746	17.1305823320661
0.778000000000001	10.7450480981425	10.6469212800944	12.3136849544626
0.779000000000001	15.7956104535781	15.6982283981607	17.586837643373
0.780000000000001	22.7977544625758	22.7002878968259	24.5940926232659
0.781000000000001	26.5684440879124	26.4701613811226	28.1834940612782
0.782000000000001	20.4379396201555	20.3390108559081	21.8366755782001
0.783000000000001	12.2197495796982	12.1211609245542	13.696099130702
0.784000000000001	12.3979746967811	12.3002683565064	14.1010625296268
0.785000000000001	18.8407498249858	18.7434631827413	20.6826701428034
0.786000000000001	24.9989531466733	24.9012240674032	26.7713611690183
0.787000000000001	25.3251689141952	25.2265614552274	26.8632342102075
0.788000000000001	17.2499736275025	17.151026157223	18.6647076396031
0.789000000000001	10.431296398805	10.3330282787581	11.9805842196057
0.790000000000001	14.7870404294753	14.6896089383935	16.5817446406654
0.791000000000001	21.8570520521324	21.7596691954039	23.7133279691587
0.792000000000001	26.7798917719849	26.6817414308267	28.4635804763327
0.793000000000001	22.842869110244	22.7438930266744	24.3262023402113
0.794000000000001	14.3959681749929	14.2970205890016	15.8666606642855
0.795000000000001	11.1768884501537	11.078763356304	12.8091593624313
0.796000000000001	17.5070739907294	17.409547764161	19.3418225268521
0.797000000000001	24.5168446831992	24.4190026448103	26.3006006778149
0.798000000000001	26.4327078952968	26.3339466348916	28.0031363518969
0.799000000000001	18.6215703945856	18.5223021832898	20.0420139464
0.800000000000001	11.0928514579906	10.9941283123799	12.6152576257215
0.801000000000001	13.5205924977622	13.4227533641789	15.2661251924826
0.802000000000001	20.6240039736231	20.5263887083051	22.4622511606476
0.803000000000001	25.8338864950463	25.7356549913682	27.5352055064616
0.804000000000001	23.2801429130838	23.1811215596521	24.7232824531785
0.805000000000001	14.3138085869787	14.2147921157769	15.7263128926678
0.806000000000001	10.5976980992495	10.4995501295106	12.2021834326382
0.807000000000001	16.9747633350698	16.8772900865637	18.7947158266817
0.808000000000001	23.5371798960911	23.439492901506	25.3307563553608
0.809000000000001	26.3178501536751	26.2193165079577	27.9054875331847
0.810000000000001	19.5650783184682	19.4659783774709	20.9890931997131
0.811000000000001	11.88975726036	11.7910815997828	13.3623024611579
0.812000000000001	12.8389475884406	12.7411477069514	14.5397180302696
0.813000000000001	19.360857286161	19.2634129887732	21.1750856984398
0.814000000000001	25.7119331214484	25.6139646358367	27.4208179335868
0.815000000000001	24.0696006878777	23.9707935949209	25.5502772983936
0.816000000000001	15.4610405218963	15.3621035104336	16.8609820368885
0.817000000000001	10.3424706823338	10.2443405885676	11.9151714909502
0.818000000000001	15.2684757953127	15.1711537401091	17.0542811152979
0.819000000000001	22.3549776878701	22.2576362634826	24.1842973064825
0.820000000000001	26.2013955569264	26.1032914448038	27.8478360229246
0.821000000000001	21.4571336995835	21.3583369270114	22.8839552454827
0.822000000000001	12.5400359706381	12.4414863226457	13.9905126428307
0.823000000000001	11.4935161661592	11.3958882779688	13.1716456571869
0.824000000000001	18.4246369990925	18.3275175079234	20.2927238923538
0.825000000000001	25.1314769136048	25.0339321138527	26.9240578430778
0.826000000000001	26.0279082895248	25.929425945777	27.6099128775813
0.827000000000001	18.2914713822895	18.192528541475	19.7392665666494
0.828000000000001	11.5491405686783	11.4507298792291	13.0917420107553
0.829000000000001	13.838582922004	13.7409995087533	15.6138011161635
0.830000000000001	21.4448683405374	21.3474280260232	23.2945904589681
0.831000000000001	26.6942142815214	26.5960411286289	28.406735836855
0.832000000000001	23.4788536207236	23.3798176482078	24.9576776945801
0.833000000000001	14.8130155227743	14.7139370533099	16.2876780666932
0.834000000000001	10.8245145516948	10.7262559885959	12.460652279037
0.835000000000001	17.106077579637	17.0084708506207	18.940527458723
0.836000000000001	23.7450600794987	23.6472182959658	25.5639428380044
0.837000000000001	26.1025306496236	26.0038446810763	27.6965336791879
0.838000000000001	19.4075658088733	19.3083409426358	20.8434659549692
0.839000000000001	11.9790122249938	11.8802178992859	13.4967898338758
0.840000000000001	13.4568471242834	13.3588819318781	15.1971647586836
0.841000000000001	20.1722766068448	20.0745719894397	22.0174557613295
0.842000000000001	25.844400294446	25.7461106541873	27.5504797568442
0.843000000000001	23.8829444535433	23.7838240428309	25.3716451463211
0.844000000000001	15.2795213227681	15.1803001726609	16.7053596575016
0.845000000000001	10.5998586811557	10.5014429236066	12.1680591226796
0.846000000000001	16.014256988258	15.9165847295972	17.7986122947448
0.847000000000001	23.1831218450396	23.0853278201963	24.9572235796808
0.848000000000001	26.2373889341729	26.1387792518988	27.8134647296112
0.849000000000001	19.7014471137859	19.6022683387073	21.0984512139061
0.850000000000001	11.6121272285195	11.5133834190972	13.0730135617627
0.851000000000001	11.8524800930185	11.7546990875702	13.5191370143242
0.852000000000001	19.4369119718603	19.3395481124636	21.2525702261939
0.853000000000001	24.9217093146435	24.8238686935337	26.6369572232072
0.854000000000001	24.3728141466165	24.2741665556757	25.8343883107079
0.855000000000001	15.7752855687682	15.67646389007	17.1588758676205
0.856000000000001	10.331133641533	10.2330967873123	11.8802033710191
0.857000000000001	15.0532472279962	14.9560326271385	16.8431066652094
0.858000000000001	21.9352461296333	21.8380539111614	23.7567236689991
0.859000000000001	26.3392734652735	26.2413358476149	27.9934742182835
0.860000000000001	21.7677970378579	21.6691340505857	23.2257487198694
0.861000000000001	13.9283213683519	13.8297879279941	15.3982471102258
0.862000000000001	11.1984400331865	11.1007539779774	12.83996362122
0.863000000000001	17.8545386685486	17.7574206115744	19.6959048108013
0.864000000000001	24.9851749265147	24.8876802684248	26.7875461872008
0.865000000000001	26.5220282761685	26.4235718537309	28.10233545032
0.866000000000001	18.859203285089	18.7602136662941	20.3072273551175
0.867000000000001	11.2852581189707	11.1867806337551	12.8213162181421
0.868000000000001	13.6713632966844	13.573743275134	15.4334379036793
0.869000000000001	20.9890099098939	20.8915758235128	22.8623419931898
0.870000000000001	26.0317520846258	25.9336610985488	27.7647019183421
0.871000000000001	23.7810621465985	23.6821319392967	25.2887357655858
0.872000000000001	14.6754056652627	14.5764203580513	16.1043165653533
0.873000000000001	11.2799146117651	11.1817262715581	12.9118054187855
0.874000000000001	16.2975801492373	16.2000668780621	18.1483229909531
0.875000000000001	23.5216116775363	23.423932297115	25.3530781456553
0.876000000000001	26.5316526707525	26.4331130863925	28.1667396868564
0.877000000000001	20.1289944479307	20.0298356882212	21.5760890362445
0.878000000000001	12.6025114658097	12.5036907410415	14.1120190480483
0.879000000000001	12.8876996338457	12.7897048622304	14.6032353094719
0.880000000000001	19.9423884192792	19.8447089079282	21.7792546048642
0.881000000000001	25.8392260484475	25.7409771895717	27.5733533796078
0.882000000000001	24.5225139347035	24.4233906760851	26.0130682953853
0.883000000000001	15.6743592833633	15.57506480897	17.0869927790962
0.884000000000001	10.3753662483208	10.276866605917	11.9432157214817
0.885000000000001	15.1561310879036	15.0584497413908	16.939269063709
0.886000000000001	22.858195435191	22.7604728590524	24.6666850715643
0.887000000000001	26.025773879512	25.9272712247265	27.6348222335419
0.888000000000001	20.7359166882658	20.6367876088378	22.1578370635255
0.889000000000001	11.9913731675238	11.8925820948164	13.4362855442641
0.890000000000001	12.6144385652977	12.5165331941348	14.3015480546012
0.891000000000001	18.6485588552358	18.5510741682115	20.4692829548471
0.892000000000001	24.8756065337177	24.7777034588136	26.6086584484828
0.893000000000001	24.7372680104039	24.6385371683629	26.2565403041847
0.894000000000001	16.5380998285781	16.4391191659957	17.9215356220109
0.895000000000001	10.4723976121456	10.3741423411077	11.9960745573282
0.896000000000001	14.3996060018517	14.3022108064489	16.1572165079897
0.897000000000001	21.8786983008845	21.7813761220117	23.6926731055644
0.898000000000001	26.4105518639015	26.312484999828	28.0652578487444
0.899000000000001	22.289207832788	22.1903769760763	23.7302581387632
0.900000000000001	14.1066796941761	14.0079328905379	15.5646618265644
0.901000000000001	11.1916189985168	11.0937107164479	12.8169356250722
0.902000000000001	17.1470695540738	17.0497808133084	18.9730558027776
0.903000000000001	24.125511625776	24.0279550354668	25.9134366772973
0.904000000000001	26.2118886195023	26.1134507541417	27.7835059555914
0.905000000000001	18.8587018467109	18.75975173821	20.2774530092672
0.906000000000001	11.4717175654958	11.3732663857417	12.9852044830738
0.907000000000001	13.742367859159	13.6447563014738	15.5044963975763
0.908000000000001	20.4031389498522	20.3057482379512	22.2545194778184
0.909000000000001	26.4268994044508	26.3288643038246	28.1560847128981
0.910000000000001	23.6663947713575	23.5675005457928	25.168356717626
0.911000000000001	15.2464205885828	15.1474396966286	16.6706885206305
0.912000000000001	10.5360135612111	10.4378415366864	12.1267356460363
0.913000000000001	16.329100023732	16.2316511967815	18.1450213883922
0.914000000000001	23.6804780196057	23.5828493011659	25.5054472759181
0.915000000000001	26.6760470553215	26.5775368393204	28.2949777811102
0.916000000000001	20.6177012997003	20.5185284268639	22.0585871282525
0.917000000000001	12.7162217643151	12.6173460771409	14.214331690221
0.918000000000001	12.7559710552919	12.6579233012565	14.4480136178611
0.919000000000001	19.181101712116	19.0834306540668	21.0172396649065
0.920000000000001	25.1771919527434	25.079048216256	26.9064592830271
0.921000000000001	24.6688641195916	24.5698798336331	26.1720145572217
0.922000000000001	15.6490190396127	15.5498534722468	17.032950261806
0.923000000000001	10.992910555015	10.8944977154022	12.5574110904053
0.924000000000001	15.4519796435166	15.354321897651	17.2429588975912
0.925000000000001	22.394632736727	22.296944849703	24.2028286865717
0.926000000000001	26.422411220297	26.3239474694729	28.0579423509512
0.927000000000001	21.0604924174079	20.9613525931215	22.4877482540964
0.928000000000001	13.2077887652708	13.1088820153856	14.6652522697891
0.929000000000001	11.5704824237118	11.4724514947931	13.2090258003325
0.930000000000001	18.1964584989717	18.0989515537348	20.0065868316678
0.931000000000001	25.2663709875544	25.1684501727422	27.0048181120496
0.932000000000001	25.2725144939594	25.173703136776	26.7784980419748
0.933000000000001	17.1650487917004	17.0659094585554	18.5543546352298
0.934000000000001	10.5398644677618	10.4414053526259	12.0547917238293
0.935000000000001	14.2579044440087	14.1603131526486	15.9963903348592
0.936000000000001	21.4792873881645	21.3818084654435	23.2851504802957
0.937000000000001	25.6772743040089	25.5791297380442	27.3202117625305
0.938000000000001	22.1320170758286	22.0331702505236	23.5685649503401
0.939000000000001	13.2749730129396	13.1762778641399	14.6889212964966
0.940000000000001	11.9597592128594	11.8619060037014	13.6040712583863
0.941000000000001	16.9695969721337	16.8723225212747	18.7815892840436
0.942000000000001	24.043186121372	23.9456612992909	25.8249024103237
0.943000000000001	25.9896030972609	25.8912172884553	27.5713817680243
0.944000000000001	19.0790696307939	18.9801710682445	20.4961713267967
0.945000000000001	11.9713749518454	11.872925557146	13.4775384578831
0.946000000000001	13.4550693929729	13.3574452645668	15.1789963607806
0.947000000000001	20.4947223594936	20.3973325308445	22.334088136523
0.948000000000001	26.2206432178734	26.1226167520836	27.9370313652576
0.949000000000001	24.3553578285699	24.2564393923788	25.8435021625784
0.950000000000001	15.5142744647483	15.415204451293	16.9376008766501
0.951000000000001	10.7506530555907	10.6523602166841	12.3355258884297
0.952000000000001	16.115856201241	16.0182881003386	17.9185660080954
0.953000000000001	23.2512102704594	23.1535075063503	25.0584487192994
0.954000000000001	26.2383140735118	26.1397897563567	27.8496758231441
0.955000000000001	20.1554415537816	20.0563160793852	21.5737462186492
0.956000000000001	12.1290101027292	12.0302527266846	13.5981991850857
0.957000000000001	12.940741893352	12.8428381787665	14.647382427052
0.958000000000001	18.9962527478495	18.8987238734191	20.8244660137086
0.959000000000001	25.478968832549	25.3809575121496	27.2198220079516
0.960000000000001	24.7162026026107	24.6173252029121	26.22626264623
0.961000000000001	16.5260761976928	16.4269531456136	17.9166939947925
0.962000000000001	10.2477215667293	10.1493419164391	11.7813597006807
0.963000000000001	15.0406057242664	14.9430593368276	16.810903392594
0.964000000000001	22.2179595163005	22.1204215000957	24.0337830471552
0.965000000000001	26.5650157062702	26.4667022270387	28.1978831923352
0.966000000000001	22.0352912705925	21.9362237406678	23.4744246650987
0.967000000000001	13.6235455017898	13.5246153503862	15.0825932525554
0.968000000000001	11.642643055783	11.544555867873	13.2713932090725
0.969000000000001	18.3723013922743	18.2747220571483	20.1894573879481
0.970000000000001	24.5908137462209	24.4928554012242	26.3331177721143
0.971000000000001	25.3762437131276	25.2774343498616	26.9044151532313
0.972000000000001	17.2812758499432	17.1821234925213	18.6520576356252
0.973000000000001	10.9081876675407	10.8096826544708	12.4307769459501
0.974000000000001	14.2933431018426	14.1956791011549	16.0468945321639
0.975000000000001	20.9377844968461	20.8402682305876	22.7498304478097
0.976000000000001	26.2248873684147	26.1267056563983	27.8963334352371
0.977000000000001	22.4713651359641	22.3724212160009	23.9161235801149
0.978000000000001	14.0565048266315	13.9576374417268	15.4708243492928
0.979000000000001	10.7427926694806	10.6447994190889	12.3425235207043
0.980000000000001	17.1464641478169	17.0491220543492	18.9505907699789
0.981000000000001	23.9512076887934	23.8536103253168	25.7302283390449
0.982000000000001	26.1275995508065	26.0291390525043	27.6904861985982
0.983000000000001	19.3614764205527	19.2624755095021	20.7633670607648
0.984000000000001	12.141214658897	12.0426334421888	13.6469951987134
0.985000000000001	13.5328698817245	13.4350988188718	15.2384251963475
0.986000000000001	20.0652332744808	19.9677223643216	21.8873655665637
0.987000000000001	25.9509679453876	25.8528695353169	27.6449083925179
0.988000000000001	23.7328026194488	23.6338738739504	25.2092700989943
0.989000000000001	14.8876153218642	14.7886202839384	16.2855805951671
0.990000000000001	10.942201547824	10.8440122272859	12.5302973817109
0.991000000000001	15.9053730680569	15.8079084684528	17.7030373598973
0.992000000000001	23.082921899416	22.9853470292268	24.8887495195639
0.993000000000001	26.2987272112102	26.2003364869845	27.9218061969923
0.994000000000001	20.678501323675	20.5794679954585	22.1013959395251
0.995000000000001	12.1861145026735	12.0874085590142	13.6398551591465
0.996000000000001	11.9180105181954	11.8202234463954	13.5919144338465
0.997000000000001	19.2834810577713	19.1861172033791	21.1221128966236
0.998000000000001	25.1489583641137	25.0511127604113	26.8912031086074
0.999000000000001	25.2609967045484	25.1622683702758	26.7771286227851
1	16.7935554781436	16.694524170989	18.1985093535807
1.001	11.5422305750414	11.443834940329	13.0998188418553
1.002	15.1034132533953	15.0057589548233	16.8648996558175
1.003	22.0631053652303	21.965467110767	23.875224078717
1.004	26.4543932455203	26.3559988986047	28.0958440763175
1.005	21.9123518159821	21.8132203807896	23.3404168763297
1.006	13.0686037189287	12.9696567118344	14.5047467751278
1.007	11.998673225191	11.9005828072802	13.6613208334795
1.008	17.5070250639476	17.4094772728888	19.3206125308859
1.009	24.2943992410218	24.19655103486	26.0607148190829
1.01	25.6336059630061	25.5349080371014	27.1784297967836
1.011	18.1865197851528	18.0873982192031	19.5728556773139
1.012	10.5683174556854	10.4698044449555	12.065310701532
1.013	14.2008620719821	14.103219549356	15.9425947649954
1.014	21.6715246838548	21.5739860065689	23.4994996057177
1.015	26.2626254854876	26.16436911017	27.9311415931388
1.016	23.1412515347103	23.0421858215698	24.6000921785809
1.017	14.1643911815547	14.065350582303	15.5749535993761
1.018	10.8436678936203	10.7454894755603	12.4337922789015
1.019	17.0813244856189	16.9837972376721	18.8766618197767
1.02	23.5585956927226	23.4608467029053	25.3198496867925
1.021	25.7516577295434	25.6530998774584	27.3137368114453
1.022	18.6649496971903	18.5659257551779	20.0366491951898
1.023	11.4266830336601	11.3281752408102	12.9136377058441
1.024	13.0367347763759	12.9391185152659	14.755143382875
1.025	19.7798665019597	19.6825614779668	21.6031534293869
1.026	25.4521885886741	25.3543466647838	27.1727088819824
1.027	24.174368452021	24.0756968712929	25.661458634539
1.028	15.8381436277383	15.7393075224914	17.2451322783871
1.029	10.454700540114	10.3566367395448	12.0239432903492
1.03	16.0909765788358	15.9936562985159	17.8920226813736
1.031	22.9157800266948	22.8183463230629	24.7424551534504
1.032	27.1190229488472	27.0207272632284	28.7507632794553
1.033	21.3267169416299	21.2276773425216	22.7799530151779
1.034	12.7437677296943	12.6449734125303	14.2055437537034
1.035	12.3522142811933	12.2542725044386	14.0336554784407
1.036	18.622728512617	18.5252274629989	20.4536279335544
1.037	25.5290169288451	25.4310550922181	27.2753643567651
1.038	25.3069558428812	25.2080837442269	26.8351400905686
1.039	16.7904267717918	16.6912506540281	18.1832910386563
1.04	10.799061104249	10.7005734725965	12.3494173042792
1.041	14.4314363247096	14.3337874706758	16.2026582517022
1.042	21.8435782211072	21.7460059309057	23.6721005777163
1.043	26.0184910221342	25.9202063247033	27.688071936735
1.044	22.3284990949187	22.2294773308833	23.7732726732202
1.045	13.4293611149282	13.3304693939657	14.854477736984
1.046	11.0222654902216	10.9242717541572	12.6547987217569
1.047	18.050086018616	17.9526629557399	19.8803656898892
1.048	24.3766327405072	24.2788650952094	26.151938409282
1.049	26.1833326514481	26.0846713048788	27.7380536991601
1.05	18.5079460722165	18.4088012221575	19.9281816437269
1.051	12.0642022421149	11.9655423069297	13.5789425434253
1.05199999999999	13.8566296898077	13.7587640905391	15.5798421625136
1.05299999999999	20.5265238010674	20.428866219461	22.337120819741
1.05399999999999	26.0817233296093	25.9834398763216	27.7526325785074
1.05499999999999	22.963325398739	22.8642573945083	24.4099123866376
1.05599999999999	14.20911088713	14.110077104657	15.6171134194476
1.05699999999999	10.9847745469101	10.8865901879846	12.5837303853137
1.05799999999999	16.4038483959112	16.3063518469463	18.1996475760471
1.05899999999999	23.7815689116315	23.683881145808	25.5712274736606
1.05999999999999	25.926694089182	25.8281695739268	27.5086138354308
1.06099999999999	19.4818890271604	19.3828304482853	20.8702155039022
1.06199999999999	11.202297518725	11.103715249174	12.6614419690949
1.06299999999999	13.0613808541119	12.963704641912	14.7684170790721
1.06399999999999	20.0146328954638	19.9172510604943	21.8466390072598
1.06499999999999	25.4801822742241	25.3822466592808	27.1919784767442
1.06599999999999	24.3055827049864	24.2068078342238	25.8001710777022
1.06699999999999	16.0969726167578	15.998007988681	17.5179701199381
1.06799999999999	10.8158128049226	10.7175799151247	12.3674910225795
1.06899999999999	15.2349705189548	15.1375171763587	17.0128826878494
1.06999999999999	22.6006038724868	22.5031184647583	24.3979989709915
1.07099999999999	26.4720365034871	26.3737551803597	28.0951855302876
1.07199999999999	21.1646085013995	21.0656382572328	22.5638927358867
1.07299999999999	12.6093468023646	12.5106411444943	14.0713412716481
1.07399999999999	11.7137718861034	11.615970291896	13.3818711525102
1.07499999999999	18.6789714969357	18.5816483140448	20.5155306177092
1.07599999999999	25.021751303949	24.923995623124	26.7967127568097
1.07699999999999	25.6121581306475	25.5135033745763	27.1531254863515
1.07799999999999	17.5710927711087	17.4720571772793	18.9761775483374
1.07899999999999	10.4360214416417	10.3376441820968	11.9656298172446
1.07999999999999	14.39658177675	14.2990688657356	16.1735384171125
1.08099999999999	21.5538647636327	21.4564487006665	23.399385936027
1.08199999999999	26.4734749414511	26.3753332814825	28.1535916108512
1.08299999999999	22.8330469157609	22.7341009787669	24.3090782489077
1.08399999999999	14.6384465034435	14.5395128119694	16.0928811786741
1.08499999999999	11.2096431169134	11.1115130236722	12.8228090160277
1.08599999999999	17.0794219058209	16.9819176417842	18.8999340241244
1.08699999999999	24.3588392487994	24.2610587085174	26.1398029454081
1.08799999999999	26.343879900134	26.245196139251	27.9151637112374
1.08899999999999	19.0704025196046	18.9711863101353	20.4855376301682
1.08999999999999	11.3499963904591	11.2512764756531	12.8579323655512
1.09099999999999	13.3691181565002	13.271275086545	15.1002316585944
1.09199999999999	20.7430259933214	20.6454090386323	22.5770933682849
1.09299999999999	25.9870927082555	25.8888410294686	27.6933937309318
1.09399999999999	23.6523897273485	23.553312713827	25.0976096771068
1.09499999999999	14.5749635442623	14.4758489621481	15.9777342286005
1.09599999999999	10.3806196859802	10.2823719559779	11.9688817641537
1.09699999999999	16.6181854548157	16.5206527662577	18.4261233684092
1.09799999999999	23.3638429825645	23.2661333542697	25.1542338121993
1.09899999999999	25.9313910519658	25.8328731200424	27.5189307164025
1.09999999999999	19.7949850868499	19.6959113801334	21.2138585222182
1.10099999999999	12.1448296422616	12.0461468207564	13.604238929626
1.10199999999999	12.6978555370827	12.6000408929612	14.3834428197332
1.10299999999999	19.2404729329045	19.1430318401119	21.0471638324399
1.10399999999999	25.8013442759986	25.7033810772375	27.5114598984368
1.10499999999999	24.51425966795	24.4154214855063	25.9940441208776
1.10599999999999	15.8772163848635	15.7781900132545	17.2677734152727
1.10699999999999	10.3720184866681	10.27376989024	11.9278001804328
1.10799999999999	15.0077031914649	14.9102799501	16.7785540007619
1.10899999999999	22.4369712653481	22.3395421326549	24.256363023429
1.10999999999999	26.2940146581977	26.195812109538	27.933333688296
1.11099999999999	21.6089006353173	21.5099900724916	23.0254891225709
1.11199999999999	12.4710519682666	12.372384381593	13.9062274248411
1.11299999999999	11.3286074696729	11.2308791209792	12.9892560766592
1.11399999999999	17.9629752268821	17.8657992102576	19.8136548112044
1.11499999999999	25.0282765007348	24.9307143378018	26.8059306021968
1.11599999999999	25.6648597041011	25.5663919114505	27.2332195623127
1.11699999999999	18.2424383757629	18.1435380029322	19.6776643305918
1.11799999999999	11.6040849980894	11.5057158093509	13.1320064885045
1.11899999999999	14.0657015406765	13.9681398726139	15.8259670792824
1.11999999999999	21.3971670694521	21.2997360278211	23.2338049239038
1.12099999999999	26.8065122294982	26.7083438566313	28.5096325210278
1.12199999999999	23.4435673325946	23.3445308111211	24.9124114063584
1.12299999999999	14.9783846144748	14.8792967383565	16.4406751590882
1.12399999999999	10.7947098183619	10.6964327661824	12.4152489475959
1.12499999999999	16.8549571682459	16.7573513160068	18.6761336476552
1.12599999999999	23.8862341746649	23.7884007455245	25.6949534130795
1.12699999999999	26.0504234475663	25.9517396359315	27.6364638107004
1.12799999999999	19.4042611605077	19.3050422036058	20.8307169437505
1.12899999999999	11.9571843156711	11.8583975362929	13.464438789193
1.12999999999999	13.4142168617854	13.3162635059027	15.1429081812864
1.13099999999999	19.980237454685	19.8825604784131	21.8162958279284
1.13199999999999	25.8415351815938	25.7432860920554	27.543439860248
1.13299999999999	23.930325656476	23.8312422434289	25.415758267378
1.13399999999999	15.598317407174	15.4991078193543	17.0181191188895
1.13499999999999	10.6710158074333	10.5725849343825	12.2305612932765
1.13599999999999	16.0254254409269	15.927732675336	17.8026326792045
1.13699999999999	23.3351145390874	23.2372891882215	25.1048400512232
1.13799999999999	26.5726473703916	26.4739736519734	28.1461479636976
1.13899999999999	19.9543093691563	19.8550273110911	21.3450971152182
1.13999999999999	11.6584034141837	11.5595372953856	13.1102559233462
1.14099999999999	11.7103050875767	11.6124099284631	13.3654003864775
1.14199999999999	19.2539947159798	19.1565402957122	21.0564429047415
1.14299999999998	24.9014584824661	24.8035423122385	26.6042301037154
1.14399999999998	24.1161416276997	24.0174382918735	25.5648098464676
1.14499999999998	15.6962154998379	15.5973616926114	17.0693609546876
1.14599999999998	10.3442898428714	10.2462257563472	11.8833525640049
1.14699999999998	15.0667615349833	14.9695182447162	16.8430010697663
1.14799999999998	21.8744381260264	21.7772208095883	23.6807902929395
1.14899999999998	26.2403526516036	26.1424011225706	27.8795259655384
1.14999999999998	21.8672255665458	21.7685488397496	23.3132121735708
1.15099999999998	14.0285480899983	13.9299874825553	15.4883856442864
1.15199999999998	11.3415659601862	11.2438365175341	12.9726671191542
1.15299999999998	18.0473183302666	17.9501346165942	19.8748972646794
1.15399999999998	25.0357514653706	24.9381754598276	26.8202191604939
1.15499999999998	26.6571336014509	26.5585842750368	28.2193694185013
1.15599999999998	18.8469957979017	18.7479060987367	20.2804819974126
1.15699999999998	11.2213688411802	11.12279777117	12.7472150333976
1.15799999999998	13.7335215964393	13.6358093120873	15.4810173075694
1.15899999999998	20.8664202040359	20.7688991764793	22.718236627214
1.15999999999998	26.04534385255	25.9471744892771	27.7527084493358
1.16099999999998	23.2524603474178	23.153487777506	24.7375604363046
1.16199999999998	14.3343585422908	14.2353907053772	15.7512344781797
1.16299999999998	11.2510602333203	11.1529142788314	12.8741573159824
1.16399999999998	16.6876480455844	16.5901519958781	18.5237419811129
1.16499999999998	23.6283730487423	23.5306768843952	25.4376071937766
1.16599999999998	26.4369769656269	26.3384199655019	28.0492197912607
1.16699999999998	19.8601627312128	19.7610115338178	21.2926219353608
1.16799999999998	12.5767287904384	12.4779355911133	14.0781067138996
1.16899999999998	12.8724204440514	12.7744556308568	14.5791572505605
1.16999999999998	19.9588105210959	19.8611604968562	21.7816990420614
1.17099999999998	25.9892527604182	25.8910216998141	27.7042497045018
1.17199999999998	24.4674559064261	24.3683437177719	25.9412839766392
1.17299999999998	15.4804719012776	15.3812053186995	16.8853260394565
1.17399999999998	10.3267101416331	10.2282545292402	11.891324354279
1.17499999999998	15.1577924683819	15.0601577643485	16.934217931807
1.17599999999998	22.7538129710287	22.6561434081065	24.5501485781265
1.17699999999998	25.9153834571936	25.8169477320621	27.5122997936342
1.17799999999998	20.5756299589316	20.4765853701322	21.9916383893958
1.17899999999998	12.0239622180785	11.9252632269038	13.4690315569021
1.17999999999998	12.6677305431965	12.5699102035059	14.355380444259
1.18099999999998	18.8256174952429	18.7282010575554	20.6455454021984
1.18199999999998	25.1236725627526	25.0258079478297	26.852645302381
1.18299999999998	25.3913735598548	25.2926193327445	26.888660089143
1.18399999999998	16.5078703661125	16.4088240691539	17.8920714793174
1.18499999999998	10.5680022921933	10.4696777745405	12.0943598335369
1.18599999999998	14.4096338472469	14.3121631400614	16.1682210576402
1.18699999999998	21.9585826371191	21.8611798240448	23.7659734902319
1.18799999999998	26.4447201516934	26.3465659458822	28.0889780121976
1.18899999999998	22.2222666589978	22.1233518205959	23.6554025648607
1.18999999999998	13.9466271737881	13.8478129563278	15.4019304474414
1.19099999999998	11.1706515430631	11.0726890324195	12.7953020553056
1.19199999999998	17.2814977983059	17.1841478084393	19.1007321353901
1.19299999999998	24.0564873004986	23.958865807911	25.8305776420961
1.19399999999998	25.8800768921701	25.7816022062578	27.4363454870518
1.19499999999998	18.6056271488731	18.5066805651572	20.0171399957268
1.19599999999998	12.080370459485	11.9818984553325	13.6088460460841
1.19699999999998	14.0509494657405	13.9532549975776	15.8041653627439
1.19799999999998	20.7366313377797	20.6391151554782	22.5747099449097
1.19899999999998	26.5603604921242	26.4621697911812	28.2667926199782
1.19999999999998	23.6130355903261	23.5139823143633	25.096544218023
1.20099999999998	14.9525523638497	14.8534381590003	16.3696817135082
1.20199999999998	10.660894538059	10.562602389278	12.2496148120638
1.20299999999998	16.4911300853373	16.3935431939623	18.2941723431782
1.20399999999998	23.7573600735566	23.6595788558082	25.5520512898265
1.20499999999998	26.5404235115333	26.4417667520792	28.1226935940471
1.20599999999998	19.6537117317732	19.554469064112	21.0478907525309
1.20699999999998	12.1977778228745	12.0989342486869	13.6935207691566
1.20799999999998	12.4516660895732	12.3537059874063	14.1232799629113
1.20899999999998	19.6364533575505	19.5388584864217	21.4575338351149
1.20999999999998	25.1382239700388	25.0401270722395	26.8367598876295
1.21099999999998	24.0094236129213	23.9105330108112	25.4849615291917
1.21199999999998	15.1845020678482	15.0855055820329	16.5600109422066
1.21299999999998	10.9469150050156	10.8487037559969	12.5120484792113
1.21399999999998	15.4938411418952	15.39638261861	17.2797933052288
1.21499999999998	22.5280607547924	22.4305575677948	24.3238329476287
1.21599999999998	26.5057047009782	26.4074084902016	28.1274720064212
1.21699999999998	21.0511287572806	20.9521492395735	22.4756419306102
1.21799999999998	13.1083931799265	13.0096520636758	14.573026557188
1.21899999999998	11.7728679361946	11.6749934219303	13.4216729684796
1.21999999999998	18.3283013725149	18.2309260807717	20.1467680854578
1.22099999999998	25.4571695380897	25.3593567280641	27.2034424352135
1.22199999999998	25.3732163776692	25.2744917608364	26.8876888492057
1.22299999999998	17.2486803162826	17.1496140284012	18.6514236939226
1.22399999999998	10.6572763117497	10.5588755877873	12.1885489511678
1.22499999999998	14.3910352874192	14.2934845817902	16.1462101709735
1.22599999999998	21.7470750001721	21.6496088792015	23.5691470126129
1.22699999999998	25.9566610777368	25.8584919341325	27.6121314286531
1.22799999999998	22.2601687558759	22.161269900849	23.7087878867927
1.22899999999998	13.4100961456881	13.3113317007174	14.8350718277567
1.22999999999998	12.046877809578	11.9489410879735	13.7032149253382
1.23099999999998	17.075227512752	16.9778575356192	18.8966252530481
1.23199999999998	24.1968139112668	24.0991771935338	25.9817667574636
1.23299999999998	26.0311622684105	25.9326527297157	27.6117626041562
1.23399999999997	18.9545892000108	18.8555741593583	20.3732474433414
1.23499999999997	11.8874581615565	11.7889080050875	13.3985330653733
1.23599999999997	13.5799071029834	13.4821807153628	15.3079710982012
1.23699999999997	20.5931658170056	20.4956598920094	22.4284003247636
1.23799999999997	26.1804574072125	26.0823123870231	27.8835619059222
1.23899999999997	23.9951627417967	23.8961545113018	25.4715493318271
1.23999999999997	15.0893608440364	14.9902557215372	16.511726304876
1.24099999999997	10.7794955273887	10.6811949505957	12.368025017864
1.24199999999997	16.3171411288641	16.2195497219933	18.1203576494352
1.24299999999997	23.5712440291573	23.4734828318399	25.3668641301577
1.24399999999997	26.2810394913991	26.182432786997	27.8742385426063
1.24499999999997	19.7355560894244	19.6363749549587	21.1444195913281
1.24599999999997	11.9312414817073	11.8324712498072	13.4017889343271
1.24699999999997	12.8819606850773	12.7840617177948	14.5920742167092
1.24799999999997	19.0425742131958	18.9450508635534	20.861019119565
1.24899999999997	25.5563745909638	25.4583603143048	27.2781498886762
1.24999999999997	24.3311968921662	24.2323374466415	25.8250148964599
1.25099999999997	16.0053133887404	15.9062697867814	17.3932313547423
1.25199999999997	10.2673487866375	10.1690816196835	11.8062323266413
1.25299999999997	15.15380929748	15.0563648750472	16.9252457725065
1.25399999999997	22.420881185796	22.3234223120459	24.2289961173096
1.25499999999997	26.4215862928924	26.3233468292957	28.0441393468852
1.25599999999997	21.635900193083	21.5369426560536	23.0710028803059
1.25699999999997	13.4430169196929	13.3442348464248	14.9085636796726
1.25799999999997	11.6494597599723	11.5515305150668	13.2879533950323
1.25899999999997	18.3045863468481	18.2071670339125	20.1286527351485
1.25999999999997	24.7972488175068	24.699438988963	26.5464265280077
1.26099999999997	25.33527727033	25.2366031869392	26.8703948502584
1.26199999999997	17.2124799557065	17.1134685936387	18.5937690416725
1.26299999999997	10.9868992629341	10.8885327149412	12.5234142418115
1.26399999999997	14.3050468725379	14.2075133865251	16.0745146240477
1.26499999999997	20.9319593696624	20.8345715098723	22.7626697581396
1.26599999999997	26.325915921935	26.2278544762915	28.0185714334448
1.26699999999997	22.7377768536403	22.6389266268259	24.2016166457
1.26799999999997	14.2523766992226	14.1535702781951	15.683731608509
1.26899999999997	10.854417721605	10.7564637131555	12.4697275683225
1.26999999999997	17.0132042484547	16.9159023823466	18.8379870601512
1.27099999999997	24.0836632663924	23.9861056699249	25.8883158924781
1.27199999999997	26.4854359332178	26.3869813591272	28.0724298045449
1.27299999999997	19.6261183942086	19.5270809049199	21.0456936962544
1.27399999999997	12.2598240161369	12.1611805929944	13.779412315281
1.27499999999997	13.2773226637509	13.1794995785326	14.996784803147
1.27599999999997	19.8766839929727	19.7791519272194	21.7160275482009
1.27699999999997	26.1859487841305	26.0878263804583	27.8987047093612
1.27799999999997	24.093814919753	23.9948219318554	25.5857454579081
1.27899999999997	14.9644606327381	14.8653723399954	16.3723237633823
1.27999999999997	10.961300507358	10.8630126227565	12.557597396084
1.28099999999997	15.7819640360427	15.6844092729762	17.5890674644081
1.28199999999997	22.9884421167906	22.8907930741756	24.8042147874697
1.28299999999997	26.3318959622857	26.2334362228949	27.9616257016686
1.28399999999997	20.7197420234765	20.6206355120118	22.1474175103336
1.28499999999997	12.0933115048761	11.9945368541074	13.5514234356042
1.28599999999997	11.8528649340151	11.7550207979388	13.5295116906084
1.28699999999997	19.2355682159158	19.1381557272371	21.0771930976973
1.28799999999997	25.2667072699599	25.1688089338915	27.0076735011521
1.28899999999997	25.271754503978	25.1729653631685	26.78499875416
1.28999999999997	16.6546056938842	16.5555231037294	18.0592493693687
1.29099999999997	11.4353050005013	11.3368754966145	12.9937434389663
1.29199999999997	14.9124676717135	14.8148002169263	16.674914536376
1.29299999999997	21.7583917255926	21.660774180037	23.5665009438885
1.29399999999997	26.4315191640639	26.3331675696359	28.0684213422111
1.29499999999997	21.7821240213549	21.6830451954126	23.208339805085
1.29599999999997	13.4651863808619	13.3662731263132	14.9216171813726
1.29699999999997	12.0885030098629	11.9904128379895	13.7471591021643
1.29799999999997	17.4834274474534	17.3858754077185	19.2962089358165
1.29899999999997	24.373334221902	24.2754780664293	26.1374017073373
1.29999999999997	25.4283927942275	25.3296955744784	26.9705413321787
1.30099999999997	17.9757107485383	17.8766182305811	19.3623281918812
1.30199999999997	10.5358440875523	10.4373763053569	12.0363967557619
1.30299999999997	14.0622917267609	13.9647054904406	15.8077520275424
1.30399999999997	21.4372128144519	21.3397550326795	23.2673115118696
1.30499999999997	26.2554436001977	26.157283513101	27.9281556065292
1.30599999999997	22.9871189953332	22.8881592784436	24.4504785585452
1.30699999999997	14.1210803111016	14.0221577845001	15.5363973537168
1.30799999999997	10.5896236452099	10.491582040246	12.1849434363799
1.30899999999997	16.8810030931944	16.7836417499064	18.6846436576976
1.30999999999997	23.4868123328813	23.3892455776139	25.261333973896
1.31099999999997	26.0179616687639	25.9195704831558	27.5974310634455
1.31199999999997	18.9977663884248	18.898866116221	20.3824797901889
1.31299999999997	11.5613065685811	11.4628889972159	13.0570773365
1.31399999999997	13.0433131614914	12.9457763557495	14.771139390202
1.31499999999997	19.5387830108245	19.4415723561592	21.3803156203009
1.31599999999997	25.4786373969887	25.3809032244257	27.2256807239991
1.31699999999997	24.6987727981463	24.6001701338253	26.2114501011177
1.31799999999997	16.3035486492493	16.2047130954181	17.7246736822538
1.31899999999997	10.3282068228698	10.2301205583608	11.9061754730307
1.31999999999997	15.6602688069828	15.562964282749	17.4764652312301
1.32099999999997	22.6231583433271	22.5257893590718	24.4755265396499
1.32199999999997	27.2810401597442	27.1828172958852	28.944719227054
1.32299999999997	21.9902342425463	21.8912103385128	23.4667008436089
1.32399999999996	13.0633917322863	12.9645459062671	14.5361241443826
1.32499999999996	12.1621874687466	12.0641861114773	13.8513951462371
1.32599999999996	18.2482949324795	18.1507734711746	20.095390488685
1.32699999999996	25.1678184853455	25.0698865106302	26.9404290582732
1.32799999999996	25.829115679244	25.7302622356492	27.381853742399
1.32899999999996	17.6192358680521	17.5199860986942	19.0461721432874
1.32999999999996	10.8834156106748	10.7847931570011	12.434259714369
1.33099999999996	14.3246749830092	14.2268946225925	16.0986062722799
1.33199999999996	21.4208793594469	21.3232132771851	23.2603927713601
1.33299999999996	25.992954212381	25.8946074797817	27.6757431995558
1.33399999999996	22.4165807089242	22.3174934728645	23.8694140651313
1.33499999999996	13.595653004935	13.4966793244196	15.0212938403463
1.33599999999996	10.9613560312517	10.8632742655596	12.5918912421603
1.33699999999996	17.6386708943679	17.5411930963454	19.4706528779933
1.33799999999996	24.094852133445	23.9970776013164	25.8756036435405
1.33899999999996	26.2347580577887	26.136105637208	27.7964816753616
1.33999999999996	18.6232335143647	18.5240861168598	20.0447986553516
1.34099999999996	11.9860368029277	11.8873718406353	13.4977459188365
1.34199999999996	13.5662289893417	13.468383534697	15.2848264606033
1.34299999999996	20.2919285291939	20.1943265138921	22.1047167917459
1.34399999999996	26.0700391329013	25.9718272883294	27.7476571329264
1.34499999999996	23.0661476060543	22.9671440846869	24.5186529545389
1.34599999999996	14.3034983039244	14.204514721769	15.7096174222838
1.34699999999996	10.7109472262604	10.612824687315	12.3060344557839
1.34799999999996	16.084858938275	15.9874637125829	17.8808282992527
1.34899999999996	23.3127581318157	23.2152239053951	25.1127352342703
1.34999999999996	26.0229138839465	25.9245663293947	27.6221447965272
1.35099999999996	19.8532569034938	19.7543411409816	21.252602871867
1.35199999999996	11.488913957172	11.3904278028968	12.9496293929098
1.35299999999996	11.925345728051	11.8278224040136	13.6186795764546
1.35399999999996	19.3464347505022	19.2493264047864	21.2016826121383
1.35499999999996	25.3748457272522	25.2772326626304	27.122199375234
1.35599999999996	25.0472954105618	24.9487956802041	26.5801186146635
1.35699999999996	16.8600387001067	16.7612430619292	18.2999467759844
1.35799999999996	11.0530201226069	10.9548859420002	12.6135870814128
1.35899999999996	14.683864807387	14.5865303403872	16.4768723865813
1.35999999999996	22.324815514099	22.2275036267235	24.1621942220897
1.36099999999996	26.8194350122181	26.7213201545562	28.4973973604488
1.36199999999996	22.455327320701	22.356409901305	23.8945090776136
1.36299999999996	13.3580853447729	13.259292827806	14.8312711775367
1.36399999999996	11.0072731831616	10.9093832210567	12.6805191603964
1.36499999999996	18.015922773644	17.9186054690856	19.8754831338855
1.36599999999996	24.4821486759669	24.3844805621346	26.3048436569303
1.36699999999996	26.1309514730557	26.0323847180599	27.7219438117708
1.36799999999996	18.708613063988	18.6095514870657	20.1381475717741
1.36899999999996	10.9917365708324	10.8932183432901	12.5237074246424
1.36999999999996	13.8646534717135	13.7669999850054	15.6501031682416
1.37099999999996	20.8499784190974	20.7525076281123	22.7255004773785
1.37199999999996	26.3732230695983	26.2750821487326	28.0976038522297
1.37299999999996	23.903356642907	23.8043455422462	25.4118076190172
1.37399999999996	15.2198279407525	15.1207173541774	16.6796632452814
1.37499999999996	10.8534572896796	10.7551374043198	12.4624158758104
1.37599999999996	16.6385754809114	16.5409381055784	18.4624546477249
1.37699999999996	23.8450946129129	23.7472475841827	25.6478167969692
1.37799999999996	26.5783937758963	26.4796635056101	28.1748242147634
1.37899999999996	19.6452197236436	19.5459024903695	21.0671605279991
1.37999999999996	11.543634877966	11.4447629153971	13.0408025709814
1.38099999999996	12.7022773824592	12.6043165805989	14.4206888410639
1.38199999999996	20.1868809497762	20.0892309225777	22.0222569830779
1.38299999999996	25.5799688238688	25.4817500182763	27.2991640147098
1.38399999999996	24.1071787546915	24.0081310609615	25.564091021472
1.38499999999996	14.985233439307	14.8860888252812	16.3818471794361
1.38599999999996	10.2917940004926	10.193494811977	11.8656694834295
1.38699999999996	15.9372231632216	15.8396921012179	17.7371596561267
1.38799999999996	22.8810669702534	22.7834380580239	24.6800236820679
1.38899999999996	25.8945823374322	25.7961794726447	27.4999389801518
1.38999999999996	20.3170743182178	20.2180811682709	21.7421317809405
1.39099999999996	12.3954094887344	12.2967535337911	13.8459325626186
1.39199999999996	12.0557306830222	11.9579693396185	13.7305211769452
1.39299999999996	18.7083610563932	18.6110523801305	20.5202753218994
1.39399999999996	25.3931559843085	25.2953874006974	27.1279048866497
1.39499999999996	25.193719769889	25.0950553589031	26.6992253845527
1.39599999999996	16.6765841300251	16.5776284686238	18.0716726271312
1.39699999999996	10.4441111977153	10.3458731160189	11.9897726056061
1.39799999999996	14.2226466678949	14.1252824184248	15.9888723575742
1.39899999999996	21.724742747363	21.6274735996562	23.5649517073801
1.39999999999996	26.2274211902751	26.129429583475	27.9031056380819
1.40099999999996	22.418568052126	22.3198151720423	23.885774691327
1.40199999999996	13.4293961889362	13.330763705621	14.8637772662195
1.40299999999996	11.4961083999582	11.3983381810833	13.1499164119514
1.40399999999996	17.2890865667997	17.1919037402775	19.1483176041746
1.40499999999996	24.4071790411678	24.3096981856531	26.2210938439254
1.40599999999996	26.125376412761	26.0269999577415	27.7370976489496
1.40699999999996	19.2120755773821	19.1131679318726	20.6632893653493
1.40799999999996	11.8818088301718	11.783347528666	13.4050872227378
1.40899999999996	13.4099913609887	13.3123646362179	15.1650280122541
1.40999999999996	20.7191899183013	20.6217853228262	22.5785560808451
1.41099999999996	26.4037530108008	26.3056842543756	28.1494000142743
1.41199999999996	24.4344127141603	24.3354346743153	25.9366678821075
1.41299999999996	15.8940574397083	15.7948973327388	17.3585821810021
1.41399999999996	10.758664050246	10.6602559269511	12.3661247035183
1.41499999999995	15.7685623414791	15.6709035795088	17.5883666056217
1.41599999999995	23.4218041166354	23.3240238986482	25.2540773921209
1.41699999999995	26.302349906479	26.2037331696594	27.9224086663799
1.41799999999995	20.5525520786039	20.4533040066961	21.9923315345026
1.41899999999995	12.4521294170479	12.3532019588232	13.9475297452177
1.41999999999995	13.139333106672	13.0412260472927	14.854418199072
1.42099999999995	19.4281399563838	19.3303675210052	21.2676961152273
1.42199999999995	25.3189447679519	25.2206745368387	27.044221876028
1.42299999999995	24.3979685233001	24.2988681248538	25.9029821944928
1.42399999999995	16.117042344097	16.0177487634586	17.5309581605482
1.42499999999995	10.5643834218399	10.465841662852	12.1062289459975
1.42599999999995	15.174717840678	15.0769808359497	16.9409282921566
1.42699999999995	22.6359596360464	22.5381959704384	24.4171584033929
1.42799999999995	26.438341010166	26.3397849418064	28.0357563256703
1.42899999999995	20.6538689024167	20.5546645345309	22.0529536629827
1.42999999999995	12.6311783556956	12.5322749204983	14.0856429495177
1.43099999999995	11.6207299473193	11.522738022072	13.2551584152261
1.43199999999995	18.4260154514058	18.3285279618916	20.2262338623388
1.43299999999995	24.3980828337169	24.300224568496	26.1183050461714
1.43399999999995	24.3270981091628	24.2284719193274	25.8186120394232
1.43499999999995	16.5352391506687	16.4363899394895	17.9008094330435
1.43599999999995	10.5342881259804	10.4361585604245	12.052758784306
1.43699999999995	14.4528169260668	14.3555379639842	16.216029354945
1.43799999999995	21.2140901955732	21.1169242961633	23.0282616988986
1.43899999999995	26.3081981126667	26.210337708309	27.9717384172034
1.43999999999995	22.524273630886	22.4256375395214	23.9618481475011
1.44099999999995	13.903203055306	13.8046463285678	15.3324828385012
1.44199999999995	10.9305250846842	10.8328360382632	12.547009560629
1.44299999999995	17.1434776073918	17.0464231942485	18.9695892585803
1.44399999999995	24.4706045493964	24.3732560195565	26.2812870426072
1.44499999999995	26.6907089861001	26.592420425334	28.2899353188262
1.44599999999995	19.7293294460882	19.6304347719729	21.1522929215416
1.44699999999995	12.3318013471294	12.2332869412982	13.8681254631289
1.44799999999995	13.3566172295072	13.2589111818873	15.0884092745988
1.44899999999995	20.069492939301	19.9720578766944	21.9349337283593
1.44999999999995	25.6931769389712	25.5951705962	27.4396533920661
1.45099999999995	24.5651508070832	24.4662739688894	26.0854285471078
1.45199999999995	15.4397386395934	15.3407004533464	16.8565996231207
1.45299999999995	11.2131977085819	11.1149097835717	12.8213483857629
1.45399999999995	16.0367376847945	15.9391484297069	17.8719745525287
1.45499999999995	23.0601121818572	22.9624069066845	24.8997524888761
1.45599999999995	26.8230860032443	26.7245325405008	28.4788451196487
1.45699999999995	20.9886405231835	20.8893897013013	22.4389493609861
1.45799999999995	13.1112850801672	13.0122802538446	14.6033717644094
1.45899999999995	12.4632199464076	12.3650378740099	14.1550857835668
1.45999999999995	18.8318032703704	18.7340433018277	20.6610347041387
1.46099999999995	25.9339152687534	25.8356561766029	27.675865798618
1.46199999999995	25.0845090604659	24.9853310666921	26.5820569763709
1.46299999999995	16.3644780577791	16.2650442168748	17.7626755733449
1.46399999999995	10.3933957896642	10.2947104445309	11.9327482613745
1.46499999999995	14.8940772767721	14.7962292893592	16.6509972264707
1.46599999999995	22.2669044692185	22.1690754311636	24.0594022726241
1.46699999999995	25.6458928744484	25.5473512362005	27.2488245122998
1.46799999999995	20.8880415419126	20.7888895570228	22.2966053489227
1.46899999999995	12.2235057142686	12.1246658376912	13.6422597419287
1.46999999999995	12.2155857941478	12.1176437003963	13.8717706775851
1.47099999999995	17.8324528097498	17.7350145162462	19.6303870751857
1.47199999999995	24.4078732900455	24.3101033018794	26.1327798457658
1.47299999999995	24.9433389100781	24.8447573178643	26.4616359637557
1.47399999999995	16.9989744468848	16.9000956414961	18.3693001191578
1.47499999999995	10.5963651482659	10.4981706016569	12.0980985554038
1.47599999999995	14.2346201549295	14.1372877234768	15.9731918624592
1.47699999999995	21.1697493092544	21.0725484836438	22.9817892075281
1.47799999999995	26.2543712653438	26.1564830657579	27.9215940593087
1.47899999999995	23.0617406993113	22.9630443192494	24.5132463068335
1.47999999999995	14.8378246174537	14.7391080517775	16.2859996276392
1.48099999999995	11.1866272741267	11.0886994938564	12.7935830282187
1.48199999999995	16.9112217704566	16.8139301877223	18.7282416151414
1.48299999999995	23.8789675526091	23.781440947478	25.6763311941945
1.48399999999995	26.2029649139582	26.1045740578645	27.7949921728964
1.48499999999995	19.4868035658193	19.3878577170297	20.9082911965028
1.48599999999995	11.7647114862042	11.666201768211	13.2631658719787
1.48699999999995	13.5006227397352	13.4029500023409	15.2451414998012
1.48799999999995	19.7764994665226	19.6791074261026	21.6267748339639
1.48899999999995	26.1830615495165	26.0850843581187	27.9303368327439
1.48999999999995	24.4885022466055	24.3896259597156	26.0057114406601
1.49099999999995	16.0366204305636	15.937547348735	17.4527344928388
1.49199999999995	10.4338718376071	10.3355620804123	12.0054079406833
1.49299999999995	15.7134910647979	15.6159551759146	17.5172731719362
1.49399999999995	23.0182239706775	22.9205961853557	24.8493473382791
1.49499999999995	26.7648817214995	26.6664115415334	28.3986180923349
1.49599999999995	21.491733209193	21.3925343429681	22.9362197369817
1.49699999999995	13.1897663568777	13.0907731898497	14.6726234311539
1.49799999999995	12.0260588434019	11.9279127688705	13.6830924241132
1.49899999999995	18.9598973849728	18.8621939104947	20.7914777520669
1.49999999999995	24.9329505700574	24.8348064822575	26.6676442812013
1.50099999999995	24.9710093566606	24.8720208610301	26.4823228055596
1.50199999999995	16.2886785632588	16.1894446549929	17.6628965667723
1.50299999999995	10.7336341084247	10.6351280239019	12.2779898180696
1.50399999999995	14.8109115393143	14.713223049521	16.5823716480281
1.50499999999995	21.4518127597241	21.3542021990302	23.2563884157588
1.50599999999994	26.5588609326918	26.4605284746509	28.2032859523074
1.50699999999994	21.6756625933338	21.5766012019013	23.1050964198793
1.50799999999994	13.1992624807312	13.1003918198294	14.6256276383354
1.50899999999994	11.2763131405741	11.178338482011	12.8976267261995
1.50999999999994	18.0305627186553	17.933142568648	19.8379137924248
1.51099999999994	24.8021269727672	24.7043346318887	26.5549014576087
1.51199999999994	25.472488547913	25.3738220729912	26.9979812503875
1.51299999999994	18.0681900541873	17.9691185770131	19.4598486170198
1.51399999999994	11.596672291203	11.4981465906621	13.1172471211344
1.51499999999994	13.9944943996048	13.8967836228143	15.7153507072814
1.51599999999994	20.908258584922	20.8107184702594	22.7180762333371
1.51699999999994	25.734696767821	25.6365268081089	27.3930321635996
1.51799999999994	22.6275754864585	22.5286659932139	24.074379821334
1.51899999999994	13.7903816252467	13.6915557150652	15.194362581492
1.51999999999994	11.1526026829875	11.0546404800106	12.7619052157851
1.52099999999994	16.6458714231313	16.5485662464347	18.4550846484993
1.52199999999994	23.5966309374232	23.4991281444859	25.3866061593762
1.52299999999994	26.187641065552	26.0892939995721	27.7837183520322
1.52399999999994	19.7441975436279	19.645278444401	21.1621741857227
1.52499999999994	11.7016863207656	11.6031897811218	13.1768011280468
1.52599999999994	12.6367087769879	12.5391122368022	14.3352744709248
1.52699999999994	20.2243661741742	20.1270775438973	22.0705342440513
1.52799999999994	25.8553394156185	25.7574560322609	27.5853925675974
1.52899999999994	24.8776744823451	24.7788867070152	26.3811185474117
1.52999999999994	16.0789436967385	15.9799285478625	17.496500579959
1.53099999999994	11.4774640997732	11.3791374245552	13.0620768409833
1.53199999999994	15.7824545126723	15.6848264001758	17.5671038547677
1.53299999999994	22.7061012679039	22.6083989914023	24.5182741106572
1.53399999999994	26.4570753386626	26.3585738071641	28.0839405908621
1.53499999999994	20.930180155942	20.8310095417334	22.3542989326584
1.53599999999994	13.1481865772709	13.0492623784237	14.6229117282408
1.53699999999994	12.4028704521952	12.3047695654625	14.0868972553807
1.53799999999994	18.3124359325306	18.2147955351962	20.1352544393764
1.53899999999994	24.8444937299034	24.746461967176	26.5944055819539
1.53999999999994	25.0414765458776	24.9426001558237	26.5628071858421
1.54099999999994	17.1287427352305	17.0295574471728	18.515631259053
1.54199999999994	10.3034015487192	10.2049156866933	11.8222307002486
1.54299999999994	14.7722386876377	14.674601989021	16.5302452749185
1.54399999999994	22.1475520512379	22.0499479318254	23.9637124741189
1.54499999999994	26.366971099839	26.2686106212738	28.0051965398439
1.54599999999994	22.188470981164	22.0893601660612	23.6260695619412
1.54699999999994	13.3043283864288	13.2053668428097	14.7248518322032
1.54799999999994	10.9659781950758	10.8679278814348	12.5765732998417
1.54899999999994	17.688661839256	17.5912113638565	19.4911600923338
1.54999999999994	23.8975752285712	23.7998376621704	25.6403834201109
1.55099999999994	25.4131703224827	25.3146236183435	26.9499736695709
1.55199999999994	17.7598326067506	17.6609043755761	19.1281808443166
1.55299999999994	11.0977074996419	10.9993782030601	12.605812254646
1.55399999999994	13.7773612132376	13.6798929432781	15.5178335229938
1.55499999999994	20.5081776177386	20.4109187936528	22.3324500029583
1.55599999999994	25.8515293840219	25.7536563509307	27.556135680819
1.55699999999994	23.4686823659524	23.3700007858376	24.9429888163508
1.55799999999994	15.0929351579431	14.9941880737582	16.5130826502365
1.55899999999994	10.58537887925	10.4874446733992	12.1807851069383
1.55999999999994	16.6695138385636	16.5722731812108	18.4889052986311
1.56099999999994	23.5678444279025	23.4704056555927	25.3938029802183
1.56199999999994	27.1844569620492	27.0861073847942	28.8036636703934
1.56299999999994	20.6601766276653	20.5611247075704	22.1139270731533
1.56399999999994	12.8503688079424	12.7516004571192	14.3538951693276
1.56499999999994	12.7965761226666	12.6986224245254	14.4986637486551
1.56599999999994	19.1801736848374	19.0825927582206	21.020231108257
1.56699999999994	25.8731513793568	25.7750494045261	27.6070086741681
1.56799999999994	24.8573734851662	24.7583701330168	26.3686994708279
1.56899999999994	15.8140338844071	15.7148254017309	17.2136223034096
1.56999999999994	10.8473382379151	10.7488817589399	12.4209882287215
1.57099999999994	15.1808084163886	15.0831359590236	16.9701263135154
1.57199999999994	22.7848634285426	22.687152932705	24.6046348683965
1.57299999999994	26.2090725503763	26.1105743725269	27.8508777294695
1.57399999999994	21.3506048286659	21.2514258556017	22.778025176514
1.57499999999994	12.5320916785071	12.4331726116562	13.9676972758777
1.57599999999994	11.2775961150395	11.1796189050992	12.9281547309076
1.57699999999994	18.8686630549455	18.7711832546132	20.6965535636597
1.57799999999994	24.6622023404696	24.5643035986246	26.4049845182798
1.57899999999994	25.5391804809352	25.4404140110533	27.0564062768001
1.57999999999994	17.3695893888852	17.2704622370121	18.7812066314524
1.58099999999994	11.6169895905008	11.5184550809978	13.1454168053771
1.58199999999994	14.365484599216	14.2677384588916	16.1027311004547
1.58299999999994	21.2575390650484	21.1599150901795	23.0562956269918
1.58399999999994	26.1279816405237	26.0296784255952	27.7667194516751
1.58499999999994	22.1102972670568	22.0112645887386	23.5352782057579
1.58599999999994	13.3510719614165	13.2521896748196	14.7705019919635
1.58699999999994	11.8811570194923	11.7831193087895	13.5220388554473
1.58799999999994	17.2277819183273	17.1303131374404	19.0283949143671
1.58899999999994	24.3428572578834	24.2451027321415	26.114460101662
1.58999999999994	25.7451948944963	25.6465785436891	27.2997619117169
1.59099999999994	18.5289280286858	18.4298560525255	19.9113834022792
1.59199999999994	10.6738820020417	10.575387430553	12.1530015424884
1.59299999999994	13.4212164154676	13.3236380796465	15.147807710091
1.59399999999994	20.838198437758	20.740832738664	22.6671425568436
1.59499999999994	25.7359894789825	25.6379963365643	27.4244507289863
1.59599999999994	23.527524723654	23.4287284889178	25.0033106244859
1.59699999999993	15.3454144669418	15.2465330074247	16.7754742645145
1.59799999999993	10.7487574975464	10.6506623589115	12.3238015223349
1.59899999999993	16.1138471490525	16.016474426829	17.9074986651569
1.59999999999993	23.1162783310954	23.0187776933484	24.9051002771322
1.60099999999993	26.3356596911575	26.2373374487915	27.9390764081768
1.60199999999993	20.1320442116264	20.0331131233904	21.5253059527432
1.60299999999993	12.1054851117555	12.0069227859488	13.5874177554504
1.60399999999993	12.5635494848732	12.4658655942982	14.274347934835
1.60499999999993	19.3031588924063	19.2058516960638	21.1447208317414
1.60599999999993	25.5085221373733	25.4107066970015	27.2717030520419
1.60699999999993	25.2782477513461	25.1795234866239	26.8041337023317
1.60799999999993	16.8129607127554	16.7139309245383	18.2248972059473
1.60899999999993	10.3066866847978	10.2083755490155	11.8612009001316
1.60999999999993	15.0184787710113	14.9209975094794	16.8145840133421
1.61099999999993	22.1800120629629	22.0825424034012	24.0235925183725
1.61199999999993	26.7671960891083	26.6689389361593	28.4297454216316
1.61299999999993	22.0792396881207	21.9802109631542	23.5467161151663
1.61399999999993	13.4375793670668	13.3386972011284	14.8878882960358
1.61499999999993	12.0600128959815	11.9619572266128	13.7225832781974
1.61599999999993	17.8120001806739	17.7144617562851	19.6386433161573
1.61699999999993	24.9963619730527	24.8984545865135	26.7623769577748
1.61799999999993	25.8334832704151	25.7346654917366	27.3819547667046
1.61899999999993	18.1354501589206	18.0362001450791	19.54856933525
1.61999999999993	10.9872386307367	10.8885737300899	12.5139102312293
1.62099999999993	13.878288984914	13.7804901158572	15.6288331410428
1.62199999999993	21.3879924427055	21.2903406605281	23.2174139041592
1.62299999999993	26.0002631749017	25.9019322986948	27.6822156186533
1.62399999999993	22.6837174458824	22.5846272020788	24.132986109146
1.62499999999993	13.8569141305502	13.7579014644002	15.2662239567944
1.62599999999993	10.7063554190615	10.6082348307794	12.3154086230626
1.62699999999993	17.2329590467737	17.1354878647305	19.0504518798463
1.62799999999993	23.8923830176007	23.7946563680893	25.670325535059
1.62899999999993	25.958950756524	25.8603781220132	27.523597550932
1.62999999999993	19.0633279287262	18.9642481413763	20.4792433317422
1.63099999999993	11.6990161869137	11.6004075831386	13.1771527832881
1.63199999999993	13.3073078394843	13.2095551485096	15.0161478834843
1.63299999999993	20.0493427466625	19.951866370097	21.8596700047127
1.63399999999993	26.2759107598662	26.1778254545313	27.9662418000545
1.63499999999993	23.7812570458545	23.6823157693485	25.2428420435159
1.63599999999993	14.9553435066732	14.8563281826568	16.3528608092789
1.63699999999993	10.5060090427094	10.4078248674598	12.0829679809998
1.63799999999993	15.5662079367065	15.4688011235853	17.3506343294652
1.63899999999993	23.1228388752885	23.0253413798403	24.9285824136778
1.63999999999993	26.0460435675226	25.9477436384813	27.6591665582495
1.64099999999993	20.6117955308758	20.5128735916174	22.0158436037179
1.64199999999993	11.8395739287597	11.7410061045788	13.2883920251519
1.64299999999993	11.6845149744961	11.5869036750416	13.3641057391648
1.64399999999993	18.6949210803466	18.5977865976417	20.5483474161555
1.64499999999993	25.1801677658845	25.082586471023	26.9393855925281
1.64599999999993	25.3562949595297	25.2578188781782	26.9024040484725
1.64699999999993	17.5169960272106	17.4181579139212	18.9549281415166
1.64799999999993	11.4341113006688	11.3358645107851	12.9816606157475
1.64899999999993	14.6038469172953	14.5063809028822	16.3854326624783
1.64999999999993	22.1767098552405	22.0792836499247	24.0127875391512
1.65099999999993	27.0707053738079	26.9724707326913	28.7552430241289
1.65199999999993	22.9487014838753	22.8496151595127	24.385334937132
1.65299999999993	13.6900597839488	13.5910443056526	15.1463811449592
1.65399999999993	10.8214528489859	10.7233329662584	12.4714387057617
1.65499999999993	17.5518088761799	17.4543088689591	19.3899353015601
1.65599999999993	24.2924599465905	24.1946559815673	26.0979270880877
1.65699999999993	25.8279407814524	25.7292734564006	27.4034434196519
1.65799999999993	18.5915142216805	18.4923820306985	20.0015931579079
1.65899999999993	10.9243724586385	10.8257971028523	12.4348858310008
1.65999999999993	13.8205278317814	13.7228255433549	15.5813536541086
1.66099999999993	20.5132995474625	20.4158064890434	22.3641650218609
1.66199999999993	26.238557339338	26.1404265132088	27.9442085701843
1.66299999999993	23.7802272963864	23.6812437132941	25.2717246189307
1.66399999999993	15.4258565110122	15.3267674381123	16.8673474165181
1.66499999999993	10.8256859310692	10.7273751694176	12.4140943159788
1.66599999999993	16.5223498651379	16.4247312954055	18.3262565901112
1.66699999999993	23.9225606544722	23.8247348266986	25.7093172889156
1.66799999999993	26.7646068615946	26.6658795939793	28.3484608104869
1.66899999999993	19.8015849933769	19.7022473762926	21.2095129695589
1.66999999999993	11.53919480506	11.4402923824071	13.019599719239
1.67099999999993	12.4639779103666	12.3660036007658	14.1625997538616
1.67199999999993	19.9117192193886	19.814090762078	21.7303431455495
1.67299999999993	25.4007173941346	25.3025507832337	27.107932642638
1.67399999999993	23.9316246633862	23.8326526383943	25.3792727396389
1.67499999999993	15.1639312930049	15.0648611524743	16.5495049616006
1.67599999999993	10.3806732230954	10.2824293242873	11.9408048679321
1.67699999999993	15.7825962695429	15.6851242774669	17.5707264631246
1.67799999999993	22.7533294954492	22.6557780740021	24.547177472936
1.67899999999993	26.0764620435211	25.9781320148012	27.6819052029082
1.67999999999993	20.8150886529487	20.7161211032674	22.2382408068309
1.68099999999993	13.2490833323787	13.1503605090726	14.7097988586779
1.68199999999993	12.0346736715688	11.9367897942901	13.6912750790559
1.68299999999993	18.4870587288096	18.3896456166443	20.2898788836419
1.68399999999993	25.4316502032145	25.3337909973085	27.1600392806707
1.68499999999993	25.3704730128407	25.2717045336878	26.8706060232003
1.68599999999993	16.8795951654224	16.7805109100754	18.265514912787
1.68699999999993	10.395689141086	10.2973136416431	11.9281775500383
1.68799999999992	14.094479874148	13.9969920277009	15.846225911651
1.68899999999992	21.466397279491	21.369032427239	23.2902683142695
1.68999999999992	26.0451413459819	25.9470852612181	27.705343570607
1.69099999999992	22.1240700186497	22.0252859601676	23.5772111879809
1.69199999999992	13.3985676792883	13.299926592941	14.8200555893166
1.69299999999992	11.5951138060498	11.4973304349912	13.2352771954042
1.69399999999992	17.3912341315535	17.2940246492263	19.2350263853167
1.69499999999992	24.434243565102	24.3367276163987	26.2289306451329
1.69599999999992	26.214380663604	26.1159616866851	27.8079480870898
1.69699999999992	19.2667780404958	19.1678186327144	20.7028885763752
1.69799999999992	12.3781347991817	12.2795848295418	13.9014492036203
1.69899999999992	13.2874135884327	13.1896740132492	15.0220022632235
1.69999999999992	20.616055196063	20.51855456956	22.4520868804669
1.70099999999992	26.3176360639612	26.2194854014098	28.0360387978411
1.70199999999992	24.2043058144069	24.1052684456596	25.684155585315
1.70299999999992	15.6136684573563	15.5144845887461	17.0621624062233
1.70399999999992	10.6958744041305	10.5974661756236	12.2917879431857
1.70499999999992	15.7864277743282	15.688771951943	17.5900266681677
1.70599999999992	23.0944538202753	22.9966975323721	24.9042193453853
1.70699999999992	26.1141038038344	26.0155457787634	27.714409677675
1.70799999999992	20.2592023276521	20.1600450012222	21.685181221446
1.70899999999992	12.4359176221728	12.3371008083723	13.9236490820414
1.70999999999992	13.1380421443971	13.0400454740297	14.8440754444901
1.71099999999992	19.5592232022586	19.4615508813598	21.3878963427378
1.71199999999992	25.5586144970842	25.4604178749269	27.2731032851466
1.71299999999992	24.5644716792412	24.4654162697723	26.0610455701617
1.71399999999992	16.1949168227416	16.0956509864195	17.6025930572453
1.71499999999992	10.5828127160784	10.4842917876167	12.1184801167743
1.71599999999992	15.0556211150394	14.9579115338747	16.813593163804
1.71699999999992	22.6524011835282	22.5546715605346	24.4264346871805
1.71799999999992	26.3576803330493	26.2591622173808	27.9490513330027
1.71899999999992	20.6878649010775	20.5887011828025	22.0842318127778
1.71999999999992	12.1915102783882	12.0926746382596	13.6267600138472
1.72099999999992	11.4085503529067	11.3106696703375	13.0433740938378
1.72199999999992	18.4454701336143	18.348105508954	20.2471491498658
1.72299999999992	24.5258717121373	24.4281246997504	26.2513209715445
1.72399999999992	24.57301450873	24.474472698917	26.0717782125712
1.72499999999992	16.8810385926815	16.7822323384802	18.2512714822616
1.72599999999992	10.6675851918917	10.5694654088209	12.1885803751015
1.72699999999992	14.459059118691	14.3617803406976	16.2241237252691
1.72799999999992	21.2323745468998	21.1352071620331	23.0536843660685
1.72899999999992	26.6195506461496	26.5216663969642	28.2913068064687
1.72999999999992	22.7667297124732	22.6680323606932	24.2320932163673
1.73099999999992	14.7292389357524	14.6305489189208	16.1804748631635
1.73199999999992	11.0176562016777	10.9197735328308	12.6289647869319
1.73299999999992	17.0035943291093	16.9063524448573	18.8240105923381
1.73399999999992	24.2803363686328	24.182825262849	26.0839031544832
1.73499999999992	26.7887307205816	26.6902880319934	28.3799992471549
1.73599999999992	19.5260226755094	19.42698302958	20.9421175992345
1.73699999999992	12.2046878523342	12.1060528764613	13.736306253838
1.73799999999992	12.9458834774093	12.848095073927	14.6562304947201
1.73899999999992	20.2432758221245	20.1457755586127	22.1032827973809
1.73999999999992	25.7493342318897	25.6512478936481	27.480742035727
1.74099999999992	24.3264811380793	24.2275377303361	25.8309089828232
1.74199999999992	15.2721145319424	15.173038341613	16.6790595090666
1.74299999999992	11.1397470262472	11.0414379984377	12.7396308174861
1.74399999999992	15.8946284084156	15.7970329924565	17.7160494740772
1.74499999999992	23.0432020227641	22.9455014785085	24.8617568961041
1.74599999999992	26.7066070611009	26.6080673255987	28.3383587099266
1.74699999999992	20.8244239455412	20.7252057902977	22.2589212364233
1.74799999999992	12.9095394545135	12.8105918119227	14.3913853580573
1.74899999999992	12.5277972216614	12.4296808845883	14.2117489296972
1.74999999999992	18.8927858017072	18.7950821732872	20.7081453047498
1.75099999999992	25.5446558530355	25.4464746435962	27.2691979057133
1.75199999999992	24.9329709888554	24.8339067121428	26.4195620325612
1.75299999999992	16.1955868225617	16.096287057861	17.5906672027627
1.75399999999992	10.417190391832	10.3186472368089	11.9584460808477
1.75499999999992	14.9260526638607	14.8283412152007	16.6831119072624
1.75599999999992	22.4487866707767	22.3510778499413	24.2434784336871
1.75699999999992	25.9076833309888	25.8092301711531	27.5142845477317
1.75799999999992	21.0349852012861	20.9358926867475	22.4488983378707
1.75899999999992	12.3739193405338	12.2751178918022	13.7976226581052
1.75999999999992	12.3089479720799	12.2110272230963	13.9701812539323
1.76099999999992	17.8073372887322	17.7099154313248	19.6095553400117
1.76199999999992	24.4388253693773	24.3410712088439	26.1714762992956
1.76299999999992	25.0654985227294	24.966922144099	26.5903386203441
1.76399999999992	17.1593280954873	17.0604351834511	18.5338475274734
1.76499999999992	10.6705546713408	10.5723302324373	12.1749269094419
1.76599999999992	14.204913885248	14.1075489434203	15.9457439839579
1.76699999999992	21.2199362485179	21.1227019449097	23.0342075843258
1.76799999999992	26.3288275449343	26.2308978327404	27.9990250509458
1.76899999999992	23.0847964315914	22.9860524339392	24.5380861483894
1.76999999999992	14.7935747861123	14.694812668785	16.2433298895555
1.77099999999992	11.1312480571418	11.0332821063934	12.7396204939276
1.77199999999992	16.7530253671697	16.6557106459132	18.5695653440936
1.77299999999992	24.0264933750405	23.9289446717736	25.8237802623198
1.77399999999992	26.4328918485269	26.3344535157182	28.0234704188993
1.77499999999992	19.4400093167883	19.3410041060245	20.8610177032269
1.77599999999992	11.843768708351	11.7451981947557	13.3428596164425
1.77699999999992	13.2378474427107	13.1401272542629	14.9825328330754
1.77799999999991	19.6482728685252	19.5508605721097	21.4956004585818
1.77899999999991	26.1396090365099	26.0416235331539	27.882030825148
1.77999999999991	24.4547190701202	24.3558398393898	25.9678887713195
1.78099999999991	15.9101987044205	15.8111336336478	17.3252221240114
1.78199999999991	10.4091347192335	10.3108431523243	11.9805331822544
1.78299999999991	15.6943092856204	15.5967943342355	17.4961620261749
1.78399999999991	23.0044386977081	22.9068338166424	24.8323146660171
1.78499999999991	26.7676663715517	26.6692195472332	28.397214259322
1.78599999999991	21.2759374071733	21.1767760764524	22.7179278206104
1.78699999999991	13.1370496308059	13.0381118048781	14.6201450320489
1.78799999999991	11.9642219098695	11.8661382531711	13.6214656694039
1.78899999999991	18.7666569213753	18.6690323977454	20.5989159903806
1.78999999999991	25.0343435656962	24.9362836633707	26.7709569146076
1.79099999999991	24.9463701031863	24.8474594519719	26.4603581696143
1.79199999999991	16.3220758601428	16.2229181874974	17.7001906655908
1.79299999999991	10.8845644287342	10.7861210148884	12.4315339040001
1.79399999999991	14.8332079074872	14.7355695066995	16.6095997087362
1.79499999999991	21.4718412421181	21.3742772380561	23.2841489685806
1.79599999999991	26.3092030680325	26.2109321405465	27.963106030662
1.79699999999991	21.824943964699	21.7259501876152	23.263317258648
1.79799999999991	13.3450585258098	13.2462344854431	14.777643388012
1.79899999999991	11.2664523419057	11.1685144653418	12.8932476551589
1.79999999999991	17.8645866681175	17.7672147870484	19.681324889447
1.80099999999991	24.8319623993685	24.7342269624744	26.5991888690501
1.80199999999991	26.0484035762848	25.9497521237078	27.5683804530963
1.80299999999991	18.1291488127579	18.0300487212367	19.5305549779067
1.80399999999991	11.5877030195441	11.4891455433252	13.1144710986361
1.80499999999991	13.7598205367549	13.662095006937	15.4864586725448
1.80599999999991	20.6561521972895	20.5586306118401	22.4753004222858
1.80699999999991	25.8365886963047	25.738447275776	27.5073003415296
1.80799999999991	22.9330107069778	22.8341016681161	24.3902526949849
1.80899999999991	13.9443629903978	13.8455062152154	15.3523718965659
1.80999999999991	11.2016250643194	11.1036185934219	12.8130392183959
1.81099999999991	16.4534152015519	16.3560761173605	18.2670635116017
1.81199999999991	23.5189907410318	23.4214728479999	25.3166599420818
1.81299999999991	26.2748229273705	26.176460333122	27.8803012752646
1.81399999999991	19.9665116096599	19.8675561103036	21.3896859548969
1.81499999999991	11.6574589283241	11.5589143456374	13.1348552152364
1.81599999999991	12.3522980265636	12.2546764727567	14.0522619110945
1.81699999999991	19.9579917033839	19.8607158202453	21.8090009854756
1.81799999999991	25.8948401273859	25.7969847799191	27.6333002870882
1.81899999999991	25.4754845931094	25.3766811934503	26.9648895470191
1.81999999999991	16.0643648146029	15.9652944626754	17.4869707461079
1.82099999999991	11.4351038659147	11.3367265903398	13.0215587745671
1.82199999999991	15.3764011310318	15.2787536204777	17.1635043938657
1.82299999999991	22.345979639335	22.2483102994178	24.1612777251673
1.82399999999991	26.5305841955527	26.4321347222801	28.1629848122578
1.82499999999991	21.1162091459389	21.0170722416899	22.5438932162184
1.82599999999991	13.1411906671347	13.042287546149	14.6160614448933
1.82699999999991	12.4565766970241	12.3584934255662	14.1398983517227
1.82799999999991	18.1045675929289	18.0069550830264	19.9285756365627
1.82899999999991	24.772441433816	24.674456232215	26.5290765839753
1.82999999999991	25.1451160837989	25.0462835224372	26.6734402060708
1.83099999999991	17.2224014746778	17.1232459967103	18.6127060737867
1.83199999999991	10.3414374271685	10.2429720202587	11.8612488550562
1.83299999999991	14.4765833642587	14.378984422978	16.237291527927
1.83399999999991	21.9033015164613	21.8057713565285	23.7288103772715
1.83499999999991	26.5381364379603	26.4398539760882	28.1904873695506
1.83599999999991	22.3626752295611	22.2636178893796	23.811903522416
1.83699999999991	13.454202643043	13.3552717881696	14.8799886930111
1.83799999999991	10.8097836949886	10.7117641489623	12.4229509370131
1.83899999999991	17.5604456491177	17.4630448689559	19.3714423235736
1.83999999999991	23.8886270347771	23.7909478434073	25.646696131676
1.84099999999991	25.6610428184872	25.56253750553	27.2150515595436
1.84199999999991	18.0670590315534	17.9681338251716	19.4445278379786
1.84299999999991	11.1556996311519	11.0573484609323	12.6658315470326
1.84399999999991	13.6658756528832	13.5683894606367	15.409100656692
1.84499999999991	20.2920823310855	20.1948280915859	22.1270339871521
1.84599999999991	25.7681011850721	25.6702530562726	27.4887206884482
1.84699999999991	23.820657642218	23.7219824169148	25.3079874568745
1.84799999999991	15.3612743930883	15.2624912997856	16.7847067888041
1.84899999999991	10.3704091681778	10.2724358575784	11.9648089250867
1.84999999999991	16.1973282387215	16.1000957375518	18.0208459321756
1.85099999999991	23.1782215393748	23.0808493990554	25.0156267439251
1.85199999999991	27.2576037608149	27.1593415406235	28.893386707735
1.85299999999991	21.1052824293353	21.0062814586299	22.5701441219956
1.85399999999991	12.4167146912522	12.3179958892314	13.9033908397927
1.85499999999991	12.5290359185846	12.4311788195989	14.2378657054985
1.85599999999991	18.8995652174389	18.8021168889292	20.7526811871056
1.85699999999991	25.5161780136646	25.418250239464	27.274103108079
1.85799999999991	25.3645933283126	25.2657518099044	26.9010927726516
1.85899999999991	16.4172065252391	16.3180820788513	17.827835916133
1.85999999999991	10.6896548177933	10.5912510316552	12.2659135361256
1.86099999999991	14.8438747758252	14.7462879856661	16.6410647550598
1.86199999999991	22.1704315316255	22.0728702444656	24.0166178481713
1.86299999999991	26.2530038300982	26.1546918015855	27.9309718628361
1.86399999999991	22.0853327907255	21.9862845822556	23.5395980732929
1.86499999999991	13.2200436261932	13.1211566479993	14.6644914516507
1.86599999999991	11.1830927875169	11.0851069750986	12.8379976284633
1.86699999999991	18.193729495889	18.0962935586163	20.0426107360697
1.86799999999991	24.4197391658839	24.3219461130403	26.2025328709242
1.8689999999999	26.2301688352327	26.1314762940093	27.7891120736834
1.8699999999999	18.2248539564263	18.1256943936874	19.6570692184283
1.8709999999999	11.8321154629281	11.733476103433	13.3668757302853
1.8719999999999	13.9838037775413	13.8859655720726	15.7273273587084
1.8729999999999	20.8024488949216	20.7047909417138	22.6259850789568
1.8739999999999	26.3578964030307	26.2595750434345	28.0327426184729
1.8749999999999	22.7990659419916	22.6999528457625	24.250353519147
1.8759999999999	13.856154732072	13.7571117028401	15.2778806779828
1.8769999999999	11.0468167622784	10.9486430238467	12.6645650372676
1.8779999999999	16.6926690758977	16.5951591256173	18.5031319531699
1.8789999999999	23.8799120575857	23.782184743366	25.6721949424114
1.8799999999999	26.0296083262168	25.9310310876831	27.609553644434
1.8809999999999	19.0887995945618	18.9897087088183	20.480355761033
1.8819999999999	10.9136275374927	10.8150598385973	12.386508715875
1.8829999999999	12.8560938651801	12.7584656244017	14.5767311070058
1.8839999999999	20.114980159237	20.017652783334	21.9524795080704
1.8849999999999	25.5024125516584	25.4045223405199	27.2117601755741
1.8859999999999	24.0105989652266	23.9118874286128	25.504934123074
1.8869999999999	15.7258231380345	15.6269664173083	17.1568222077418
1.8879999999999	11.2237190393208	11.1255900454348	12.8062489913658
1.8889999999999	15.5808662524611	15.4834641924153	17.3691930012064
1.8899999999999	22.7951328717628	22.6976613419879	24.5997693999635
1.8909999999999	26.4510258899068	26.3527464322029	28.0782587554851
1.8919999999999	20.8496835589791	20.7507380081672	22.2559582815853
1.8929999999999	12.4003597568341	12.301714174064	13.8774106655832
1.8939999999999	12.0009476570257	11.9031999525141	13.7048589876992
1.8949999999999	18.6604351461291	18.5631469113139	20.5077107476967
1.8959999999999	24.9892279835314	24.8915102641164	26.7731134993281
1.8969999999999	25.515884413083	25.4172758779397	27.064542277961
1.8979999999999	17.4381834549558	17.3392090965749	18.8554842605717
1.8989999999999	10.5613759076046	10.4630595697942	12.1080546258219
1.8999999999999	14.4348866498123	14.3374227460885	16.2281098172696
1.9009999999999	21.459820883251	21.3624569769642	23.3193182167607
1.9019999999999	26.4812165949681	26.383132291036	28.1733737825683
1.9029999999999	22.8357739611574	22.7368839172984	24.3234241187746
1.9039999999999	14.5254887795962	14.4266177659452	15.9947833141487
1.9049999999999	11.0047587261566	10.9067121503026	12.6348380678634
1.9059999999999	17.3372387811034	17.2398132921009	19.1739209748384
1.9069999999999	24.3661329426529	24.2684121136041	26.1630348016109
1.9079999999999	26.4034710625483	26.3048416911534	27.989221783164
1.9089999999999	19.1246096200893	19.0254393352963	20.5535648432058
1.9099999999999	11.3533147002432	11.2546361960422	12.8759331211853
1.9109999999999	13.1387681160008	13.0409813978129	14.8853686918195
1.9119999999999	20.7536094920086	20.6560630786917	22.6070193564736
1.9129999999999	25.9906246354177	25.8924416150353	27.7159959994165
1.9139999999999	24.0238027666515	23.9247680394214	25.487084156018
1.9149999999999	14.682651204896	14.5835456966247	16.1008589949109
1.9159999999999	10.4452142094625	10.3469637087163	12.0480583303304
1.9169999999999	16.4954836198572	16.3979521708778	18.3210468205475
1.9179999999999	23.5043221935901	23.406612588195	25.3149402512495
1.9189999999999	26.1295370510093	26.0309961124942	27.7358449991368
1.9199999999999	20.0163157826944	19.9171907917196	21.4491670456412
1.9209999999999	12.1214636992109	12.022716787446	13.5922778005417
1.9219999999999	12.4661783261074	12.368317817074	14.1640766521235
1.9229999999999	19.3095763674388	19.2121010410407	21.1295067744788
1.9239999999999	25.85945973843	25.7614541036089	27.5809908213376
1.9249999999999	24.6313362620645	24.5324442801017	26.1201248254529
1.9259999999999	16.2161208336257	16.1170102917436	17.6352130597384
1.9269999999999	10.53649600542	10.4381300675259	12.0961837376529
1.9279999999999	14.6465415015191	14.5490159064013	16.4217147694094
1.9289999999999	22.2970208937569	22.1995248065005	24.1170211190736
1.9299999999999	26.0526330816801	25.9543903764152	27.6902226295727
1.9309999999999	21.3551005490061	21.2561840823543	22.7720495602935
1.9319999999999	12.3152260785256	12.2165805823481	13.7534011768675
1.9329999999999	11.6979474785603	11.6002263125509	13.3643058092693
1.9339999999999	18.0069247784887	17.9097277863992	19.8600873697302
1.9349999999999	24.9349201885096	24.8373406750969	26.7120319109181
1.9359999999999	25.4735879072072	25.3751223462718	27.0395240437147
1.9369999999999	18.0314191409344	17.9325483843557	19.467228897901
1.9379999999999	11.4570955129225	11.3587799405887	12.9873814309096
1.9389999999999	13.8559504573931	13.7584659808103	15.6203837107137
1.9399999999999	21.5646164288641	21.4672644332806	23.4036544008801
1.9409999999999	26.5387277924151	26.440644199065	28.2428110877392
1.9419999999999	23.4304430079325	23.3315093270933	24.9025886361907
1.9429999999999	14.9128842611266	14.8139032433759	16.3791922284991
1.9439999999999	10.9166654880279	10.8184900294044	12.5439520823553
1.9449999999999	16.5397853167181	16.4422929170917	18.3676097477225
1.9459999999999	23.6923400435884	23.5946531905344	25.5118065319536
1.9469999999999	26.0236752796385	25.9251511649196	27.6243418385015
1.9479999999999	19.758633673472	19.659550042247	21.1978410429356
1.9489999999999	12.1312161052401	12.0325268922461	13.6486921727797
1.9499999999999	13.5417352619713	13.4438576888422	15.2832035695324
1.9509999999999	20.0947013008387	19.9970826674204	21.9490837467097
1.9519999999999	25.7094978616382	25.6113075237066	27.4361170079261
1.9529999999999	24.2242803720867	24.1252439820516	25.7317813539116
1.9539999999999	15.8360279078314	15.7368284914224	17.2692117536111
1.9549999999999	10.6661533341153	10.5677166722102	12.2359768764993
1.9559999999999	15.70724045535	15.6095639835972	17.4977332309244
1.9569999999999	23.2494565000466	23.151674683557	25.0420513728602
1.9579999999999	26.7144226096411	26.6157880726246	28.3128625522148
1.9589999999999	20.3946581525368	20.2953751320476	21.801982890994
1.95999999999989	11.8617633615419	11.762852435869	13.3214910195558
1.96099999999989	11.8981998710501	11.8002338662324	13.5599636530252
1.96199999999989	19.0736657538951	18.9761409299347	20.8896075380892
1.96299999999989	24.9126894958821	24.8147153553574	26.6331405040327
1.96399999999989	24.3406421236225	24.2418655570045	25.8032658251005
1.96499999999989	15.9159281182267	15.8169717584512	17.2941977508917
1.96599999999989	10.4002150424103	10.3020309876676	11.9394917942838
1.96699999999989	14.9571808557985	14.8598228410839	16.7362466919456
1.96799999999989	21.7918977728784	21.6945802954111	23.6039046594796
1.96899999999989	26.2409812197141	26.1429364214134	27.8842984316493
1.96999999999989	21.7243838995015	21.6256247913657	23.1711700493176
1.97099999999989	13.9654193656462	13.866791487233	15.4238204740362
1.97199999999989	11.2898386665555	11.1920506503923	12.9182315489146
1.97299999999989	17.6260582673149	17.5288489366376	19.4508264954505
1.97399999999989	24.9021047735331	24.8045412235776	26.6849264546226
1.97499999999989	26.4117111549592	26.3131998951563	27.9725548011292
1.97599999999989	18.5773553616239	18.4783383328771	19.9866302045057
1.97699999999989	10.9501747099146	10.8517122191229	12.4755670796774
1.97799999999989	13.9467980178539	13.8491967598525	15.6957348028559
1.97899999999989	20.795242828483	20.6978217235505	22.6514924971043
1.97999999999989	25.9545300473701	25.8564703137764	27.6701509153081
1.98099999999989	23.4023002670394	23.303431909307	24.8940738081883
1.98199999999989	14.4612880546401	14.3624042051115	15.8800823257512
1.98299999999989	11.2832603002019	11.1851864153791	12.9059639975679
1.98399999999989	16.4966754234969	16.3992613215817	18.3384095039967
1.98499999999989	23.5576328688835	23.4600353733751	25.3799968346305
1.98599999999989	26.5021521821485	26.4036929601552	28.1315282560868
1.98699999999989	20.2401724568199	20.1410874607933	21.6837711954304
1.98799999999989	12.7119337674158	12.613170812045	14.2179949054031
1.98899999999989	12.8330543137422	12.7351128534672	14.5453378819061
1.98999999999989	19.4224344596489	19.324846648788	21.2590089663697
1.99099999999989	26.5199529763904	26.4217838086211	28.2424823750733
1.99199999999989	24.8789883870315	24.7798731152097	26.378252168379
1.99299999999989	15.9306376951266	15.8313093336773	17.3458150965331
1.99399999999989	10.4877185607872	10.3891603815282	12.0561142453245
1.99499999999989	15.3992104488348	15.3014471435966	17.1828813958809
1.99599999999989	22.8063146127185	22.7084981524836	24.613544257233
1.99699999999989	25.9708442578219	25.8722562107019	27.5793015715574
1.99799999999989	20.6772337006034	20.5780280816537	22.0966966602262
1.99899999999989	12.0325171527414	11.9336517270472	13.4741926043397
2	12.529394759732	12.4314190128518	14.2115910903006
