"Time [s]"	"FluxLinkage(Phase_A) [Wb]"	"FluxLinkage(Phase_C) [Wb]"	"FluxLinkage(Phase_B) [Wb]"
0	-0	-0	-0
0.001	0.0374887241421296	0.272181162868081	-0.291414779848315
0.002	0.148683700209332	0.41215416656245	-0.526746486385445
0.003	0.318854131287847	0.467873484252169	-0.754685855533767
0.004	0.531269666492327	0.442735737354765	-0.962953965537329
0.005	0.7744289414414	0.332702331810564	-1.12001211331151
0.006	1.03108057085939	0.160057242825517	-1.19043008729815
0.007	1.24636859682188	-0.0546681453195258	-1.18523164829733
0.008	1.40471323346541	-0.291077781509869	-1.12351988687203
0.009	1.51465038849714	-0.522418967511696	-1.01363565322713
0.01	1.57222002871793	-0.734921279873164	-0.857843970403528
0.011	1.56819655009142	-0.920099536753706	-0.641641470539263
0.012	1.49951648542042	-1.05456600873897	-0.38583368933347
0.013	1.36191193655584	-1.13361140542809	-0.126577317196121
0.014	1.15664133632211	-1.15894917328901	0.0773586163625116
0.015	0.870025104014143	-1.12696979802532	0.221633987119539
0.016	0.578702385415092	-1.00888454543621	0.310956706595958
0.017	0.343802983772703	-0.784783195997947	0.357155142973818
0.018	0.187625927261387	-0.481276749818973	0.349948130355949
0.019	0.0892893150066693	-0.151377152628838	0.258226027053227
0.02	0.010642709332023	0.0856619925741285	0.0306740412395088
0.021	-0.0292261591170693	0.238882481860376	-0.298617318514611
0.022	0.0502442500172436	0.388799317763883	-0.576725304158705
0.023	0.253079084341258	0.547673341547353	-0.795657944672613
0.024	0.517701306737605	0.594810069386047	-1.06510437120083
0.025	0.82313626061859	0.452856230369805	-1.25357091693376
0.026	1.03112059726237	0.326869079584705	-1.27465317956442
0.027	1.16249571710165	0.146402585348944	-1.31247246370133
0.028	1.29036398263084	-0.0679781304561476	-1.30798732338751
0.029	1.42324086026716	-0.265044593872347	-1.23269036206004
0.03	1.48545594764647	-0.481820762777395	-1.01326690259505
0.031	1.41018879077775	-0.684267848734615	-0.754338844332748
0.032	1.28797394151362	-0.808509984304462	-0.49334368787669
0.033	1.13845785852144	-0.88520596120633	-0.257930499750913
0.034	0.955784504581659	-0.913951838677974	-0.0605961965486811
0.035	0.671149837908253	-0.881770003523953	0.0832363039001456
0.036	0.374027079893066	-0.740563615708819	0.172550308387917
0.037	0.115197607699759	-0.504645380195116	0.217236753529255
0.038	-0.0235577312556829	-0.264725098900878	0.23888235037204
0.039	-0.07808722486467	-0.00894569440179633	0.186933942859264
0.04	-0.0983177547365835	0.278627535984987	-0.0202127518587083
0.041	-0.0875380077294982	0.470288672299657	-0.316218954933529
0.042	-0.0419927090256676	0.567351970488802	-0.542406813153898
0.043	0.100143947135412	0.593631111783019	-0.774298009329201
0.044	0.378753379495981	0.583215542731676	-0.975144254271273
0.045	0.684178947947094	0.501727311538449	-1.11986075821755
0.046	0.961079202485246	0.341153445961362	-1.21353147205414
0.047	1.19563530094828	0.108337222638403	-1.2581429548585
0.048	1.34071555490848	-0.100241262645474	-1.2431447799669
0.049	1.42626189510493	-0.352059967126241	-1.12210505853629
0.05	1.46926446915425	-0.589591485332119	-0.916638706955268
0.051	1.45401761106232	-0.77621211033855	-0.645191149556131
0.052	1.35647870472512	-0.904908259510599	-0.354460648032093
0.053	1.17422131869021	-0.985315611405131	-0.0723218030048666
0.054	0.956898527282487	-1.03985148982235	0.157017932269159
0.055	0.711995831296178	-1.06443841700242	0.283638275960698
0.056	0.395054662040309	-0.895240785013331	0.364052486831438
0.057	0.160074828189368	-0.65836975080574	0.460931353941143
0.058	0.062563992760004	-0.407715882180282	0.534637173533586
0.059	-0.0783566155034325	-0.120014467236171	0.35822597627183
0.06	-0.231914805316514	-0.00421708166182466	0.195294793032936
0.061	-0.184820202287953	0.181464061878289	-0.0753610051903126
0.062	-0.0808822285244137	0.372403540145396	-0.250429615544561
0.063	0.0116167528832726	0.374492464979228	-0.475292389414834
0.064	0.295907743854811	0.356749641734021	-0.710352580623457
0.065	0.498506642185464	0.365681949457312	-0.785941033323799
0.066	0.783183133356367	0.186193940555968	-0.825654280511961
0.067	1.04150460142128	-0.0769341824511306	-0.869942554575359
0.068	1.13251996884279	-0.288838787013166	-0.883453941870667
0.069	1.20006326724974	-0.561838505041964	-0.746850595661094
0.07	1.24186871426978	-0.842418708550211	-0.521161067096112
0.071	1.23670551869134	-1.08648163952716	-0.24500898880302
0.0720000000000001	1.2099718823578	-1.21762177568887	-0.00923982297195006
0.0730000000000001	1.03284115903269	-1.24022404012028	0.257688238665926
0.0740000000000001	0.754146691738309	-1.22719329446031	0.513717645102665
0.0750000000000001	0.440334309894726	-1.1786227367994	0.734113750877047
0.0760000000000001	0.208655179154678	-1.11644459051881	0.841196574449179
0.0770000000000001	-0.0710117285545057	-0.844024807762445	0.826913764402665
0.0780000000000001	-0.320660161633425	-0.572874833652498	0.814163898248414
0.0790000000000001	-0.388028671519357	-0.29522029522598	0.788742697783109
0.0800000000000001	-0.444413288547459	-0.00254526875429815	0.537276661870927
0.0810000000000001	-0.575678227479276	0.107536329439529	0.312730487520089
0.0820000000000001	-0.405728229701818	0.26964049576123	0.0191695271716499
0.0830000000000001	-0.290927557478397	0.442613999606388	-0.105061083161704
0.0840000000000001	-0.0147214879126191	0.390339131915292	-0.358876282853272
0.0850000000000001	0.162214084884599	0.432580833329473	-0.465870626940291
0.0860000000000001	0.476181170518951	0.233266977597107	-0.54008847466415
0.0870000000000001	0.566994714850218	0.0759331779966718	-0.651348930451738
0.0880000000000001	0.775342046832764	-0.240199906829447	-0.539790133859086
0.0890000000000001	0.855858174729171	-0.421377490831019	-0.512229616267905
0.0900000000000001	0.860039533434028	-0.732417317233228	-0.260192568088819
0.0910000000000001	0.925696314798497	-0.846988095260924	-0.0545353130217036
0.0920000000000001	0.758220048140562	-0.976568716012719	0.259319583567293
0.0930000000000001	0.610129617873264	-1.12568304045758	0.504812089422188
0.0940000000000001	0.394852528350874	-1.03892045025395	0.720904671594147
0.0950000000000001	0.0596593833856002	-0.991172802040945	0.965160552264631
0.0960000000000001	-0.203887523483695	-0.887780871285354	0.965744746462368
0.0970000000000001	-0.532416491593284	-0.595692914056942	1.04008423890664
0.0980000000000001	-0.633059014233793	-0.354206878094814	1.03906464185896
0.0990000000000001	-0.853535446166911	0.0044164755781583	0.853507839408638
0.1	-0.872030188064936	0.229336614630002	0.707198793775975
0.101	-0.896895741908454	0.526143824772096	0.418478215501295
0.102	-0.802635054472848	0.593557381305551	0.0798400658962716
0.103	-0.639397948696353	0.825788359477128	-0.107038107708418
0.104	-0.345439893402159	0.756124241426282	-0.413256437598432
0.105	-0.0886937517396737	0.790360197917925	-0.519742528185517
0.106	0.129025532359674	0.621203049023202	-0.761533268986772
0.107	0.42596280880811	0.368751189192214	-0.733285037476978
0.108	0.533472883859669	0.112191649410439	-0.800382813980032
0.109	0.770220954100081	-0.0969434064938708	-0.709707267695389
0.11	0.814827632075003	-0.428412188029914	-0.470129095672687
0.111	0.812099450705135	-0.591680281663546	-0.20795560347322
0.112	0.805433459794176	-0.714931257561036	0.0443361697833108
0.113	0.677796535453309	-0.892548845537605	0.26758242264026
0.114	0.398621606885654	-0.951527271231791	0.550621480125534
0.115	0.0860207773227483	-0.82997070556072	0.770109743781343
0.116	-0.222208031457738	-0.705358261678717	0.837707761192236
0.117	-0.467088632432347	-0.511191749209675	0.883172422208092
0.118	-0.64942589580949	-0.211062756323158	0.887768195548181
0.119	-0.795636537568701	0.112747775930513	0.788569621232824
0.12	-0.891675317300601	0.411185454983998	0.584445886609728
0.121	-0.915061930099463	0.677176787601081	0.289430673938503
0.122	-0.858847469944179	0.899431038685373	-0.00962116500390657
0.123	-0.703142371613706	1.03315173388298	-0.302140132476601
0.124	-0.392362408142851	1.05376334183831	-0.581344282610503
0.125	-0.0269416055230798	0.953724533200935	-0.812053419411492
0.126	0.331998410607532	0.748844670035872	-0.978413496550921
0.127	0.676397967489861	0.449652269736867	-1.06955238475925
0.128	0.947233268199501	0.147675350084771	-1.08588904549522
0.129	1.09078992436268	-0.211389746366804	-0.944222887571858
0.13	1.15682867429625	-0.574266729835958	-0.625991856179867
0.131	1.12713054266488	-0.902886971472434	-0.237687441204213
0.132	1.01528338061426	-1.1867694544034	0.1538177633811
0.133	0.809261757759591	-1.30100197968032	0.484865699912424
0.134	0.420867169639335	-1.25208375171797	0.825516741381114
0.135	-0.0144182332256235	-1.10466747722163	1.11673759007753
0.136	-0.446345010759343	-0.882979493088951	1.34242930506949
0.137	-0.75992367926083	-0.581005023488123	1.37391875639725
0.138	-1.05094185055171	-0.143097273367853	1.22010309515876
0.139	-1.27709408061769	0.322235778760646	0.967919784252802
0.14	-1.41880015169053	0.747705276766862	0.656571674783064
0.141	-1.34244591256945	1.02000088491926	0.27851858483258
0.142	-1.09491026560005	1.22974232536684	-0.192574715211977
0.143	-0.750450438740032	1.36259704654878	-0.652519871881778
0.144	-0.356722050119383	1.39677879348251	-1.04805755806122
0.145	0.0598547519725387	1.24287742172067	-1.26485280442178
0.146	0.520608599786237	0.916101435846422	-1.36636989249606
0.147	0.942633051351164	0.50737368181358	-1.37268442209678
0.148	1.28425024494329	0.0393323989899205	-1.28046803509744
0.149	1.48973822170818	-0.401287363736847	-1.07490677547157
0.15	1.49459726011827	-0.797414313436391	-0.702171339166073
0.151	1.37589526179776	-1.14381344719103	-0.241078810469979
0.152	1.14427851020402	-1.39463967752551	0.239927799262933
0.153	0.809608826579599	-1.52681347321157	0.710830590489438
0.154	0.410359424972054	-1.53103963122724	1.10936520764125
0.155	-0.0314618424324699	-1.36130939363472	1.37032233648223
0.156	-0.488598308037297	-1.04263158750701	1.49602703383841
0.157	-0.90946663983752	-0.629024833298965	1.49728383693298
0.158	-1.24285486756543	-0.156846903407793	1.37453183148023
0.159	-1.46344516649608	0.332635520976422	1.12431519961623
0.16	-1.55930720854602	0.795635551389013	0.771684513577895
0.161	-1.51111055857287	1.18136239121549	0.34915002267799
0.162	-1.3033902725659	1.44298793398163	-0.106605377200393
0.163	-0.967752262431942	1.56526964520048	-0.556829750329896
0.164	-0.537671097464375	1.54413798841933	-0.955387676830399
0.165	-0.0602932183691896	1.38822422064611	-1.26438908147458
0.166	0.413272554191115	1.09602149443824	-1.4616109714253
0.167	0.856736846493755	0.695696469015739	-1.52933986188991
0.168	1.23520729110042	0.2400066503981	-1.45714089370346
0.169	1.50313735140245	-0.233497606032813	-1.23789115838211
0.17	1.60631235147884	-0.68372840408301	-0.888368632228234
0.171	1.55001191037374	-1.06310502907883	-0.445763052094034
0.172	1.34850527901293	-1.34766567199398	0.0374580546100867
0.173	1.01173787472978	-1.51548498980205	0.519545774832495
0.174	0.587118760417931	-1.54806541973714	0.966916914337999
0.175	0.119024615735859	-1.43541972009278	1.33877443819453
0.176	-0.353627096795795	-1.16105463657066	1.57336732227909
0.177	-0.791572649873426	-0.757852645169511	1.61151483481514
0.178	-1.16640541778266	-0.284558443742732	1.49908809028419
0.179	-1.44555950565048	0.225742511944492	1.24781055202211
0.18	-1.59488695297463	0.727300827600293	0.894745466968139
0.181	-1.56241655551737	1.15350404181927	0.466889142762325
0.182	-1.35931028855365	1.42359656280823	-0.0321092295734454
0.183	-1.01543065613997	1.55801142349532	-0.540226598741452
0.184	-0.56487393538217	1.56724121793422	-1.00582898932147
0.185	-0.069360529735108	1.43763872289677	-1.38269449641344
0.186	0.419559017099858	1.15314010937262	-1.60089046715524
0.187	0.861541551243157	0.726786419931683	-1.63033639873498
0.188	1.24254456933393	0.227558387604583	-1.50422146809169
0.189	1.51968416952779	-0.30044310854031	-1.23983348444955
0.19	1.64620458188776	-0.806143188739437	-0.875983797798428
0.191	1.58683272733764	-1.20513636320993	-0.423869392570042
0.192	1.3716069752448	-1.46083717773597	0.0978671684352984
0.193	1.00999750733267	-1.59799351093171	0.611847729169423
0.194	0.547738597373908	-1.60117826909863	1.07085636988989
0.195	0.0439331151161869	-1.45751369708627	1.43188302895531
0.196	-0.456642188243261	-1.16911373484458	1.62496596627588
0.197	-0.899457714305202	-0.744168926289856	1.6602552476041
0.198	-1.26244603844148	-0.242399026637748	1.53949658507372
0.199	-1.51671106954582	0.278432829973896	1.2715821560096
0.2	-1.6370154830519	0.778421618734551	0.88477641563982
0.201	-1.59734123107109	1.20468587022511	0.426034227205002
0.202	-1.39786332962803	1.50460757759018	-0.0668343635317944
0.203	-1.05892591433006	1.6437260596963	-0.556028803533737
0.204	-0.617287973353373	1.63444294057428	-0.987740221818628
0.205	-0.116671191423109	1.48023279516186	-1.33211788394485
0.206	0.393463363723863	1.1826611499095	-1.55630583557516
0.207	0.872979216655341	0.777838261880905	-1.63714111321015
0.208	1.27896768565062	0.310319138221758	-1.55852489530922
0.209	1.55097727076691	-0.185854066321426	-1.32219407292723
0.21	1.65060237335326	-0.664167148172328	-0.956106993371039
0.211	1.60233749729723	-1.07797340531732	-0.503060634595313
0.212	1.40661341445701	-1.39297631033095	0.000214557865824346
0.213	1.07875240288996	-1.58513699732131	0.509585510986737
0.214	0.655891959901929	-1.62998984782122	0.983189578770743
0.215	0.180515866845837	-1.50118704031737	1.36413268276404
0.216	-0.314862079641556	-1.21386352693592	1.58953209467227
0.217	-0.783042607423428	-0.817676212630027	1.64322729159497
0.218	-1.18465726214779	-0.332231593095422	1.55020573335048
0.219	-1.4827798387563	0.190489176062054	1.31510281843828
0.22	-1.63527357150808	0.708293281555914	0.965850174036987
0.221	-1.6025156322009	1.14895783037007	0.525237684215654
0.222	-1.40231045355106	1.44530954900575	0.0177102002122629
0.223	-1.06402248879432	1.60089290101649	-0.501555639266027
0.224	-0.619142868562582	1.62308488905246	-0.982064716030943
0.225	-0.115052163822151	1.49728184406745	-1.37478247974558
0.226	0.390887284905058	1.21374914151648	-1.60812023727001
0.227	0.846814191027109	0.789195766733718	-1.66170206958506
0.228	1.23530607048629	0.283821928593361	-1.55352043605132
0.229	1.52420363135182	-0.253762150292458	-1.29753867075749
0.23	1.66054685545165	-0.772913246284071	-0.928455170976022
0.231	1.61357389857312	-1.20193897124744	-0.472927338458082
0.232	1.40170926372068	-1.47847105055235	0.0496075973934972
0.233	1.04565154847919	-1.62665745473758	0.573412206773957
0.234	0.583810806666704	-1.63705040987124	1.04685654525182
0.235	0.0722702984807796	-1.49550264249795	1.42528549886435
0.236	-0.438198114539645	-1.20416196004426	1.63264095461044
0.237	-0.89022672484964	-0.771835469139438	1.67581198432177
0.238	-1.26739438324845	-0.263660550684415	1.56237637511899
0.239	-1.53739324357935	0.268418642846648	1.29679641464705
0.24	-1.66712507212375	0.781953456307217	0.910863754344135
0.241	-1.62245275588517	1.21456500840874	0.451265483861235
0.242	-1.41380458199512	1.5131441258127	-0.0504433030745894
0.243	-1.06151515713055	1.65252602396938	-0.552510674339805
0.244	-0.610844477155152	1.64771520622731	-1.00494297220732
0.245	-0.0960035148347895	1.49387011708631	-1.36823655115355
0.246	0.432445107159832	1.20478424175083	-1.60562171574847
0.247	0.920205614295884	0.806464911608796	-1.67260664670211
0.248	1.30699141052207	0.331551493079067	-1.5684474979596
0.249	1.54873943853087	-0.181875376638751	-1.31537298845549
0.25	1.6544758008602	-0.678177393940622	-0.935035903127006
0.251	1.61343569464439	-1.11759664319876	-0.466353793410192
0.252	1.42854125317005	-1.45456045833116	0.0567234021279354
0.253	1.11168235004567	-1.64124833733082	0.575872353313856
0.254	0.685683978485089	-1.65270539356653	1.03232606477382
0.255	0.184969420497815	-1.50021516645595	1.36773736675565
0.256	-0.332776639298209	-1.20561180382139	1.57566846997324
0.257	-0.823884445651141	-0.793175058563545	1.64866654385045
0.258	-1.24421439047114	-0.303157942058995	1.573013937789
0.259	-1.54005220952758	0.216471236169553	1.34988325307741
0.26	-1.66148839799301	0.706420221613306	0.983518643666269
0.261	-1.61729082696863	1.11202941119162	0.509224199271065
0.262	-1.4183406914142	1.42284059307088	-0.012384038595107
0.263	-1.07678853536057	1.61390520939524	-0.538526218804331
0.264	-0.640005281057705	1.65279320435002	-1.02180258703964
0.265	-0.154786188736009	1.5093692693223	-1.40061201112654
0.266	0.350901782077131	1.20683063447952	-1.61029589656852
0.267	0.830401863648842	0.789337609907214	-1.66180356789329
0.268	1.24282566750888	0.286175866933604	-1.56360600926512
0.269	1.54154493984012	-0.250487446827281	-1.32606360597342
0.27	1.66780749096894	-0.759468581829651	-0.963914656518166
0.271	1.61926022258387	-1.16772073835465	-0.490458899757392
0.272	1.41393302797031	-1.45666594672462	0.0393274088322726
0.273	1.05865710101347	-1.62796536882902	0.566093225068956
0.274	0.603846035772143	-1.65391557885289	1.04522817992247
0.275	0.104490755227106	-1.51121618516992	1.42473511074943
0.276	-0.401388256130426	-1.20954947011899	1.63110984651684
0.277	-0.86523392796388	-0.777282322029862	1.6763915737001
0.278	-1.26056004662133	-0.269835248197794	1.56749376584537
0.279	-1.54603876592243	0.265776364506401	1.31136512503052
0.28	-1.67632775143761	0.781893732811245	0.938507522486067
0.281	-1.62627003028223	1.2064178835038	0.478935128477148
0.282	-1.41463503333946	1.49162711017872	-0.036715040672732
0.283	-1.06207247324799	1.64204871299705	-0.551524116345046
0.284	-0.606257350975891	1.64836855664363	-1.01833592660827
0.285	-0.0887167196477887	1.50705582704675	-1.39231249118509
0.286	0.436272914933614	1.22669362380891	-1.62192722724903
0.287	0.905333128180218	0.817314919587548	-1.67782096574425
0.288	1.2712201936207	0.317657091964984	-1.57245882636589
0.289	1.52739388169469	-0.206233188765097	-1.31751213079802
0.29	1.65584602322794	-0.715748142027387	-0.927046947353016
0.291	1.62692118391686	-1.1585291898564	-0.45499537884905
0.292	1.44199168118287	-1.49441139235032	0.0558492748902875
0.293	1.1082415186875	-1.65665503206037	0.556480617901668
0.294	0.658486525691462	-1.65801772673661	0.99054983242302
0.295	0.146247934378428	-1.50694799540758	1.34042131806879
0.296	-0.379502516286147	-1.20804567362891	1.57612330401694
0.297	-0.877283360228119	-0.796257351378414	1.6673272689307
0.298	-1.29123391899277	-0.322474103869148	1.58230241001525
0.299	-1.56567626279833	0.182005038661948	1.33377139312766
0.3	-1.66565257020333	0.670442494388846	0.952504631960752
0.301	-1.62064671732664	1.10327722543404	0.477799384803365
0.302	-1.42587825314935	1.43934160025262	-0.0485579620786347
0.303	-1.10107172943875	1.63634405271069	-0.575992228217608
0.304	-0.674175453138582	1.65553316325175	-1.04236234045047
0.305	-0.172911753569852	1.50154096628979	-1.38482023526233
0.306	0.352199079227785	1.20243685897416	-1.58900837188696
0.307	0.847075541529088	0.780389946730417	-1.65705200494753
0.308	1.26936947013649	0.282341213841079	-1.57652611447756
0.309	1.5584222216085	-0.23900409705999	-1.34516323695638
0.31	1.6731999648353	-0.722472969131669	-0.964586119636688
0.311	1.62387192389842	-1.12821923799721	-0.479559497521015
0.312	1.4184296785868	-1.44294972643563	0.0515030100368442
0.313	1.07050910681127	-1.634071954138	0.580964724121957
0.314	0.631780398359561	-1.66166063849668	1.05735151541443
0.315	0.141811139762754	-1.50777929201671	1.42313995800854
0.316	-0.372525383601643	-1.19964028935647	1.6158594804618
0.317	-0.856400848419742	-0.774077171241446	1.66771713694656
0.318	-1.26845609050658	-0.268127968558913	1.56877092950542
0.319	-1.55749051238211	0.266466377532889	1.32944115781666
0.32	-1.67714244845373	0.770817960365263	0.962445831244803
0.321	-1.62448223125679	1.17272894490806	0.484852697481388
0.322	-1.41823291354248	1.46302472258294	-0.0427015903142806
0.323	-1.06288865333386	1.63270230831489	-0.564552441735776
0.324	-0.605829986487265	1.65920297301602	-1.04138526386622
0.325	-0.102289672921264	1.51816304664345	-1.4167874462995
0.326	0.406863123312539	1.22574032838217	-1.62942772168236
0.327	0.864620275085452	0.79807576263311	-1.67929764380173
0.328	1.24875446901122	0.294966262057218	-1.57481303680258
0.329	1.52744443268898	-0.235903956335146	-1.31866269908864
0.33	1.66613648807045	-0.748988662163801	-0.937084736877958
0.331	1.63068465002747	-1.18920518760394	-0.479313001106697
0.332	1.42718676158095	-1.50376066121968	0.0222603278688917
0.333	1.07924401804938	-1.65028937426986	0.526376671323125
0.334	0.631749186904035	-1.65324810795505	0.984134481507446
0.335	0.113863879400052	-1.50740332206561	1.35637610288155
0.336	-0.419090025642565	-1.22355126962446	1.60429797005433
0.337	-0.906033621239176	-0.825052102552492	1.67274505350427
0.338	-1.29331062709579	-0.342057779700183	1.57224568978389
0.339	-1.53680102124891	0.179696441194427	1.32016163951375
0.34	-1.6544775422912	0.689210300705981	0.933838181927729
0.341	-1.62151574577416	1.13461575849561	0.45854487175069
0.342	-1.44149256412878	1.47544453042297	-0.0630033677429263
0.343	-1.11726553433127	1.65238820983509	-0.573689083586921
0.344	-0.664956212629039	1.65786704709952	-1.00570038917544
0.345	-0.148825978126303	1.50674195043065	-1.34741502590369
0.346	0.380388398365961	1.2043410972974	-1.57798963823819
0.347	0.881442986229823	0.786140021661907	-1.66799178341013
0.348	1.3021954132131	0.307711059078916	-1.58436478719863
0.349	1.57226538309586	-0.198070725101903	-1.33285445014362
0.35	1.67041757316526	-0.685674319928528	-0.943988445880214
0.351	1.62091360598123	-1.11693542823587	-0.465136944636703
0.352	1.4236164129609	-1.45310203489744	0.0666148053007472
0.353	1.09562836174473	-1.64842357443339	0.596940530922621
0.354	0.663279169084092	-1.65850355122042	1.05490158394449
0.355	0.156049771606126	-1.50274685869888	1.39054145450516
0.356	-0.370359189887471	-1.19917030085471	1.59257061226682
0.357	-0.864996265385568	-0.77248967554885	1.66160317006738
0.358	-1.2836967800762	-0.272797937592482	1.57798563183009
0.359	-1.57117923865262	0.248854446720033	1.34396177625345
0.36	-1.67929111063986	0.732331261366489	0.960005387075003
0.361	-1.6262540351767	1.135575738702	0.474426976999766
0.362	-1.41991314727563	1.44755713570846	-0.0551641546564956
0.363	-1.06998915045794	1.63557609027805	-0.581686606074635
0.364	-0.627262289336166	1.66628592023817	-1.05949746466504
0.365	-0.13776478556296	1.51255718900427	-1.42415607079956
0.366	0.372255856951733	1.20662421547322	-1.61987426541483
0.367	0.848862794557983	0.784066225744283	-1.67161096715924
0.368	1.25406358327152	0.279964498985343	-1.57147328840144
0.369	1.54528004251244	-0.254304451749982	-1.32842151261864
0.37	1.67172603914593	-0.763857067503945	-0.962692796173182
0.371	1.6262743916655	-1.18536874179143	-0.499860326141087
0.372	1.4198623974424	-1.47180201350293	0.0204628119516566
0.373	1.07083173362103	-1.63210261772598	0.538611041648356
0.374	0.616496511720916	-1.65066292328392	1.00977091681169
0.375	0.10345834611396	-1.51727511289095	1.38947301269025
0.376	-0.416040701132629	-1.23780420426484	1.6201441439096
0.377	-0.875765749107924	-0.818716065890782	1.67573086174415
0.378	-1.24945304806494	-0.316325593589197	1.57475008004412
0.379	-1.51929943355739	0.21231449260377	1.32033123957066
0.38	-1.65777167189985	0.726608391623238	0.932977961522745
0.381	-1.63378975849454	1.1791232864218	0.46866549682363
0.382	-1.43534402994061	1.5039603280201	-0.0325683559283917
0.383	-1.08757776304931	1.65419586973553	-0.531059497854367
0.384	-0.638275347607533	1.65568173348079	-0.981485270041503
0.385	-0.118428319326342	1.50680041996775	-1.34977832823803
0.386	0.414457282874244	1.2160789696283	-1.59577071086826
0.387	0.912972127990561	0.816483225064264	-1.67629617109091
0.388	1.30357330656725	0.337116767982148	-1.57316162812248
0.389	1.54462073383011	-0.184992953988846	-1.31906575391785
0.39	1.65579628051202	-0.692014922929656	-0.931783368002463
0.391	1.62018627841471	-1.13919729377415	-0.45264353044532
0.392	1.43889866610788	-1.48378035565979	0.0738886280480318
0.393	1.11274122950856	-1.65513304272196	0.585210203642874
0.394	0.658711698090356	-1.659155139043	1.01627375090288
0.395	0.139897178257011	-1.50631316696522	1.35522113680974
0.396	-0.390132750876352	-1.20114697788992	1.58255103078646
0.397	-0.890130153442227	-0.779750069886383	1.66969384175061
0.398	-1.30865188062897	-0.298977955571734	1.58400810739595
0.399	-1.57569704966929	0.208145370015714	1.33237136552101
0.4	-1.67329372614133	0.694347671048841	0.941196920480472
0.401	-1.6221653276005	1.12293764324584	0.460910999294618
0.402	-1.42247515197267	1.45591125207869	-0.0706787441066336
0.403	-1.09145434406528	1.64940157148074	-0.600474029753852
0.404	-0.658857604638725	1.66001892904877	-1.05951566531
0.405	-0.15511642647931	1.50336388661258	-1.39785161409637
0.406	0.369166661237067	1.19986474927043	-1.59727368462779
0.407	0.861273454193442	0.774367534835006	-1.6622192486256
0.408	1.27760226279618	0.272900120553431	-1.57652914615877
0.409	1.56722841138303	-0.253272355031911	-1.34474537684446
0.41	1.67510130771641	-0.739630357492203	-0.967692082358756
0.411	1.62618083432201	-1.14162051832518	-0.483868033103172
0.412	1.42141029248231	-1.44717373730303	0.043407123862803
0.413	1.07010234588673	-1.63076814374817	0.567957693178656
0.414	0.623345274277826	-1.66174474032937	1.04348262586087
0.415	0.130379289275179	-1.51741602869009	1.41874332943078
0.416	-0.376679052476455	-1.21589608190954	1.62502545617631
0.417	-0.845881446646279	-0.793134894576421	1.67391043176546
0.418	-1.24477014018592	-0.289293704841416	1.5728536094133
0.419	-1.5379599702199	0.247950106401933	1.3270640748243
0.42	-1.67241588802587	0.762960547721896	0.95736009898903
0.421	-1.6256886776708	1.18821193367695	0.499619831996048
0.422	-1.41988992773037	1.48126254782177	-0.0148992466314398
0.423	-1.07236143799906	1.63621313331626	-0.531533496140214
0.424	-0.619351886360634	1.64925459104658	-1.0021387142477
0.425	-0.101976039038602	1.51434488463065	-1.38263857406066
0.426	0.423057906410453	1.23674294244437	-1.61800217297958
0.427	0.887082186873473	0.822052223680979	-1.6748872109005
0.428	1.25704950735882	0.31881717696625	-1.57414481948043
0.429	1.52181798531573	-0.21061564751731	-1.3193596003248
0.43	1.65696279261827	-0.725015501031277	-0.929358243232307
0.431	1.63316521868357	-1.17892816507443	-0.46119265935719
0.432	1.43651948775169	-1.50549627558006	0.0423049877424502
0.433	1.08803396828331	-1.6566019890222	0.539709975596662
0.434	0.636039940261863	-1.65704476311605	0.987342449218754
0.435	0.11519708284972	-1.50605357905029	1.35274724743966
0.436	-0.418362524469145	-1.21190249675242	1.59693776638558
0.437	-0.917480505394648	-0.810057369295914	1.67766546262194
0.438	-1.30945864811291	-0.331514290062275	1.57388207525095
0.439	-1.54994347320809	0.190076938464795	1.31837777206583
0.44	-1.65857344918294	0.695923490512961	0.929958382986443
0.441	-1.61997137780599	1.14182205744587	0.449929510870116
0.442	-1.43697950381647	1.4846248081036	-0.0783990756344583
0.443	-1.11129040914	1.65608279377692	-0.59174744305488
0.444	-0.659030359669409	1.6595742342813	-1.02415495078246
0.445	-0.140495970078017	1.50644905245928	-1.36016135996169
0.446	0.388661140019247	1.20066602604181	-1.58399984386273
0.447	0.887326852784926	0.777232731421724	-1.66895830867309
0.448	1.30644077665917	0.293396318918133	-1.58491309350498
0.449	1.57636074476046	-0.214571486270023	-1.33644264015096
0.45	1.67505902702778	-0.697972840253451	-0.945670036687493
0.451	1.62364995742634	-1.12156886922592	-0.465181262046666
0.452	1.42229402481698	-1.45110245493066	0.0653715403157998
0.453	1.0870362993678	-1.64303487274454	0.592557095339289
0.454	0.655452698015684	-1.66096804832883	1.05898556941131
0.455	0.15759069420932	-1.50414981440464	1.40460052719378
0.456	-0.36368614090618	-1.2013394070484	1.60216551851815
0.457	-0.854010519363666	-0.778069706228725	1.66277849544617
0.458	-1.26925781974538	-0.275316614148446	1.57423873587667
0.459	-1.56241404371849	0.255705472223412	1.34315194042541
0.46	-1.67560990089332	0.750732548613474	0.972690674390322
0.461	-1.62546999511491	1.14975102150856	0.490300951362215
0.462	-1.42167829690855	1.44972284702355	-0.0363502812001139
0.463	-1.06968055251167	1.6291976942579	-0.559874517172551
0.464	-0.619662800837982	1.66004091611281	-1.03634485009131
0.465	-0.122951848022569	1.51965731323541	-1.41541608386605
0.466	0.383640070370237	1.22181669364422	-1.6263477472887
0.467	0.848394533156455	0.797324947231293	-1.67565967520966
0.468	1.24286930066801	0.293286264398978	-1.57375924033732
0.469	1.53103200118047	-0.240764029614819	-1.32313734738046
0.47	1.66872546281281	-0.756150149972938	-0.951223310309129
0.471	1.62673428842211	-1.19018059968972	-0.495426896258029
0.472	1.41997261989103	-1.48740894067818	0.0150894011675642
0.473	1.0723861744579	-1.63979509596424	0.529624647807907
0.474	0.620211266634635	-1.64905498486654	0.999213746622836
0.475	0.100729747516907	-1.51163808559377	1.37875458874739
0.476	-0.427623571058653	-1.23379160644795	1.61692029249539
0.477	-0.898428213367604	-0.823581522856848	1.67670558043177
0.478	-1.26419001171996	-0.320077641196321	1.57351314250795
0.479	-1.52450200842945	0.208823861432436	1.31878311313643
0.48	-1.65649476001556	0.722095283058452	0.927389200969557
0.481	-1.63255360089034	1.17606500447639	0.456178525008872
0.482	-1.43870575772258	1.50501802249474	-0.0499104200155343
0.483	-1.09188253678079	1.6581388363765	-0.546185314948113
0.484	-0.638749319361781	1.65864885527872	-0.990004130986942
0.485	-0.118042335035961	1.50648655181556	-1.35128654697547
0.486	0.414975451250907	1.20919112434803	-1.59413786659717
0.487	0.9117463071926	0.804364490471181	-1.67553739356242
0.488	1.30842573801615	0.328389368844371	-1.57447826356012
0.489	1.55496651153871	-0.189409472016606	-1.31875876744707
0.49	1.66097696309577	-0.692595136409296	-0.930761775638818
0.491	1.61895852221543	-1.1372560367899	-0.451239300339166
0.492	1.43425886107415	-1.47979900271535	0.0797617127597642
0.493	1.10970266980954	-1.65504097615168	0.596555074038078
0.494	0.661523904731075	-1.65868522333439	1.0325092580016
0.495	0.144073602073322	-1.50573416666648	1.36537479699748
0.496	-0.384350303776895	-1.20013739080332	1.58472040444626
0.497	-0.881941937630839	-0.774984097099923	1.66706255732645
0.498	-1.30260269445146	-0.287292462295032	1.58519620488672
0.499	-1.57627182975704	0.222482264967906	1.34033706447335
0.5	-1.67649057498375	0.70355799783784	0.949992441215003
0.501	-1.62498261053976	1.1224172452676	0.468540769979232
0.502	-1.42212030144216	1.44839607925033	-0.061741502701529
0.503	-1.08301047878231	1.64119860189211	-0.588976179998807
0.504	-0.64990310199968	1.66527884806454	-1.06221854125752
0.505	-0.15652694356944	1.50650452072425	-1.41449090740758
0.506	0.362069385238145	1.20293092365141	-1.60702311198435
0.507	0.849368675862855	0.78082159243547	-1.66469032624202
0.508	1.26313601402819	0.277813349841906	-1.57306862256732
0.509	1.55302797309514	-0.254059486798904	-1.33968172840636
0.51	1.6739876543891	-0.755957689681769	-0.973984642445417
0.511	1.62437802985143	-1.1578658809691	-0.49577733181229
0.512	1.42140865940527	-1.45281351710948	0.0294231089971895
0.513	1.06977590885561	-1.62806705174892	0.551786759805898
0.514	0.616471072217587	-1.6599536551818	1.03098306291187
0.515	0.116009272794667	-1.5212977912266	1.40994026745419
0.516	-0.391831904296363	-1.22813510558394	1.62619030380632
0.517	-0.852227331974185	-0.803307794000362	1.67667203080114
0.518	-1.24122371747449	-0.299503825365015	1.5746343879166
0.519	-1.52592680154912	0.233957570196332	1.32198065696248
0.52	-1.66672276126501	0.750294053052637	0.945740717557296
0.521	-1.63104019564214	1.19309608098344	0.490060465989819
0.522	-1.42213050239455	1.49321810885611	-0.0157585620751557
0.523	-1.07452798177344	1.6439656752786	-0.527207384075205
0.524	-0.62338484494408	1.65010787031237	-0.993719039650195
0.525	-0.102714337384866	1.50949875378516	-1.372550355047
0.526	0.426946907873348	1.2299032902822	-1.61019947518855
0.527	0.905819104559505	0.825576839541859	-1.67575286617847
0.528	1.27210597670467	0.324658792464646	-1.5724132199569
0.529	1.52696484681807	-0.203761750436718	-1.3184670727521
0.53	1.65511583848995	-0.71609632805609	-0.926535164895713
0.531	1.63060226003503	-1.17007172637008	-0.452020200686441
0.532	1.44041564318998	-1.50237468284096	0.0579343635907371
0.533	1.09696015419766	-1.66087608298912	0.555966505825762
0.534	0.642247540866859	-1.65965899906481	0.993688792893222
0.535	0.121652100827275	-1.506707486318	1.35032695677101
0.536	-0.410997180064023	-1.20643701992819	1.59101302799578
0.537	-0.909066134743965	-0.798022596223363	1.67552912505616
0.538	-1.31452763507757	-0.323865663051621	1.57779794674311
0.539	-1.5604795824997	0.19076780957408	1.32043920065414
0.54	-1.66423730956598	0.690937029403957	0.932650121723006
0.541	-1.61908811317697	1.13300336370786	0.453579364003696
0.542	-1.43175542398137	1.47499852108015	-0.0792323967552009
0.543	-1.1075009999678	1.65439169922432	-0.599648596959546
0.544	-0.665096050487997	1.66059710682702	-1.04388546350663
0.545	-0.148726070630315	1.50527224849108	-1.37206878829419
0.546	0.378492727752936	1.20056152446365	-1.58598164547469
0.547	0.87492599401872	0.774451185051134	-1.66505841176141
0.548	1.29641139979812	0.28258922549525	-1.58453705830947
0.549	1.5744097806846	-0.230454439807034	-1.34417274066259
0.55	1.67670005302335	-0.710125733693774	-0.956127865004174
0.551	1.62577212499885	-1.12373337095202	-0.474179363024711
0.552	1.42203327600539	-1.44453399510513	0.0552803901797548
0.553	1.07904852377414	-1.63735108336389	0.582074943786588
0.554	0.643745424624684	-1.6628605111772	1.05463556574988
0.555	0.153455448515937	-1.50929882069697	1.41756483272626
0.556	-0.361203268555581	-1.20490895584389	1.61182851594248
0.557	-0.844586444324213	-0.784120198231282	1.66679611261466
0.558	-1.25645153194098	-0.281074196163284	1.57170694293201
0.559	-1.54843354089129	0.252898588318837	1.33575327748266
0.56	-1.67319805682961	0.760774444047362	0.972391310635399
0.561	-1.62555323505277	1.17006026416816	0.49946098963437
0.562	-1.42105549118736	1.45866715822962	-0.0243142606639128
0.563	-1.07009670608017	1.62850475736951	-0.545986978499731
0.564	-0.6154031372462	1.6572351679603	-1.02493568017476
0.565	-0.109636277791822	1.52133759120065	-1.40580386909487
0.566	0.400877927814871	1.23235240468208	-1.62598845150665
0.567	0.858668041313023	0.806842374467064	-1.67746801744021
0.568	1.24296295565151	0.302869264851558	-1.57506203079516
0.569	1.52376352935729	-0.230182424545519	-1.32076605704363
0.57	1.66520306571555	-0.746559213652369	-0.940447842087106
0.571	1.63002267111833	-1.1888842886214	-0.483519459651215
0.572	1.42479560454508	-1.50188162396418	0.0199639529957227
0.573	1.07593651654269	-1.64761489565009	0.527751419355873
0.574	0.625004642687915	-1.65155953264293	0.990786752887243
0.575	0.104194124207538	-1.50758126044485	1.36796955185011
0.576	-0.429552447644542	-1.22653462093461	1.61250439067925
0.577	-0.912531621959803	-0.824809320876389	1.67589113338125
0.578	-1.28097164053068	-0.328178235521397	1.57182817230369
0.579	-1.531040879631	0.199202947054154	1.31855330515482
0.58	-1.65465289454218	0.710122760576567	0.927006995149663
0.581	-1.62679574744932	1.15960310843932	0.450286188946479
0.582	-1.44150007980548	1.49834974549299	-0.0645095958580741
0.583	-1.1029211644876	1.6601496146511	-0.564842238646051
0.584	-0.646602113567166	1.66022518363674	-0.998437308858208
0.585	-0.126969175758938	1.50683413308796	-1.35005810603569
0.586	0.404751838656427	1.2043603691525	-1.58730189596473
0.587	0.907309160532584	0.791792938470598	-1.67684877630522
0.588	1.30996290350261	0.317486398702751	-1.57936069756099
0.589	1.56477582867183	-0.193064224720918	-1.32362846794395
0.59	1.66725879545274	-0.688565784681778	-0.936183360729987
0.591	1.61983946360867	-1.12643928401137	-0.457288340847666
0.592	1.42755579960988	-1.46444361218254	0.0738438616787095
0.593	1.10353748778077	-1.65201378237896	0.599718240409305
0.594	0.66704432935874	-1.66038199302264	1.05200003793721
0.595	0.154538701567965	-1.50425801280157	1.38051832182176
0.596	-0.372002174835645	-1.20085608368432	1.58824510004497
0.597	-0.866761746293249	-0.774926143596569	1.66279911112882
0.598	-1.28480770536366	-0.27925303015764	1.58126502086958
0.599	-1.57062205493855	0.238804242683435	1.34653631253475
0.6	-1.67612179532063	0.719277359247757	0.961543741371576
0.601	-1.62600097321727	1.12789099995786	0.478628281945451
0.602	-1.42172248031633	1.44341450726904	-0.0500502958715423
0.603	-1.07524993303053	1.63405851319572	-0.576669478479371
0.604	-0.635539071739714	1.66600300516451	-1.05518383346241
0.605	-0.147000926386347	1.51224085460746	-1.42025062468448
0.606	0.364309131536939	1.20753088549124	-1.61622383082466
0.607	0.843588033581068	0.786957311745798	-1.66931811814103
0.608	1.25165596465993	0.283337923962161	-1.57158180625722
0.609	1.54489933938579	-0.25145260621541	-1.33197260151858
0.61	1.67068184555414	-0.760456685365528	-0.967794931359962
0.611	1.62546247458361	-1.17880593509058	-0.501614019846102
0.612	1.42018764660533	-1.46527036484779	0.0210894742666633
0.613	1.07025507366909	-1.6296267459573	0.542018392594332
0.614	0.615227392047399	-1.65241640389976	1.0161170941953
0.615	0.105380612701975	-1.51876078619628	1.39629088161548
0.616	-0.409562780776913	-1.23468197600727	1.62342320392684
0.617	-0.866734187881429	-0.810216570681299	1.67706091796746
0.618	-1.24606055640148	-0.305923296582836	1.57464461486075
0.619	-1.5223659645476	0.226030467171159	1.3193445330195
0.62	-1.66290673476087	0.742063987525031	0.935192900427668
0.621	-1.63302976375047	1.19082756757532	0.475501458753886
0.622	-1.42798758301787	1.50603666876305	-0.0257904338190299
0.623	-1.0782190369233	1.65154869445829	-0.529896715245613
0.624	-0.627903283648519	1.65353136279159	-0.988842320316334
0.625	-0.106836817056881	1.50662523386462	-1.36269759120676
0.626	0.42814515846327	1.22215494961704	-1.60982183187148
0.627	0.912825420034044	0.821271449671437	-1.67437587003584
0.628	1.28978365739566	0.331066350722621	-1.57156395827366
0.629	1.5361465789804	-0.195422996607667	-1.31831719486379
0.63	1.65458945670441	-0.70523907878083	-0.927571067803107
0.631	1.62419270651359	-1.15403182889308	-0.448694302399999
0.632	1.4408686759118	-1.49460744598958	0.0704812399520668
0.633	1.10725004573794	-1.65874220258359	0.574251853115132
0.634	0.649941628833539	-1.66023151025244	1.00506007815104
0.635	0.130935472762741	-1.50650691013323	1.35174675123463
0.636	-0.399971696507851	-1.20238218464319	1.58530206301931
0.637	-0.898960229654881	-0.786063425280144	1.67278561794184
0.638	-1.30877383774617	-0.309641836618141	1.58101964576257
0.639	-1.56790312619214	0.198827157140315	1.32658275468708
0.64	-1.67002145372065	0.690154630663637	0.938143456663935
0.641	-1.62077545711071	1.1244410307965	0.458701756230971
0.642	-1.42500061840606	1.46045557291324	-0.0726707615656716
0.643	-1.09842319755622	1.65129017782619	-0.600775202126826
0.644	-0.664539312619304	1.66129987976572	-1.05802832624247
0.645	-0.155129024712183	1.50380563865433	-1.38846607769304
0.646	0.370524991121648	1.2005809932002	-1.59201522877873
0.647	0.86382727653002	0.774805643689595	-1.66229887331156
0.648	1.2814814636621	0.276308969223519	-1.5793969274368
0.649	1.56922070022223	-0.24547707623249	-1.3467256657528
0.65	1.67580666028563	-0.728263361779029	-0.965555493824247
0.651	1.6263880297806	-1.13330756956137	-0.481782661221887
0.652	1.42183569270804	-1.4441928666608	0.0458079984324357
0.653	1.07300431452567	-1.631929365851	0.571533877756001
0.654	0.630502599628135	-1.66260406679541	1.046861857434
0.655	0.140286693842022	-1.51498767665765	1.41931271757958
0.656	-0.368170820976464	-1.21079359566594	1.6190884655683
0.657	-0.842916046177616	-0.790002462722623	1.67126545073798
0.658	-1.247280229847	-0.286196774956831	1.57177671972667
0.659	-1.53996938683757	0.248626090622556	1.32840101398653
0.66	-1.67256219309751	0.76411802980293	0.963676216254343
0.661	-1.62605669060887	1.18601130220611	0.501833407550162
0.662	-1.41958511406655	1.47266214708011	-0.0180231421696744
0.663	-1.07102132769865	1.63203937558434	-0.537336849545556
0.664	-0.616400226575878	1.6504852077495	-1.00973326773393
0.665	-0.102710612538854	1.51717784407025	-1.3906319898484
0.666	0.416780245853307	1.23697007121054	-1.62141670980682
0.667	0.875688647751197	0.815848057664673	-1.67659641109934
0.668	1.25006019144986	0.311624620355815	-1.57490301104307
0.669	1.52148405669013	-0.219145309638624	-1.31941546776829
0.67	1.66032863769729	-0.734991478022119	-0.931976110869174
0.671	1.63370098408012	-1.18650856036221	-0.468833706538988
0.672	1.43179638006323	-1.50696950881921	0.0323084912806046
0.673	1.08167475218895	-1.6543000960588	0.533019672079564
0.674	0.630344521860739	-1.65694822775053	0.988683227285799
0.675	0.109714683965559	-1.50610120577428	1.35800601177489
0.676	-0.423607572021796	-1.21707127249915	1.60233276749962
0.677	-0.914583465366715	-0.81663048730373	1.67463983780496
0.678	-1.30132502458519	-0.33227400408559	1.57231597880232
0.679	-1.54203583318359	0.193075545443256	1.31771268389093
0.68	-1.65580609519377	0.701849454115265	0.927978861984598
0.681	-1.62209644642068	1.14939463017037	0.44797924507651
0.682	-1.4395366768434	1.49138913448317	-0.0752955748985811
0.683	-1.10980037704186	1.65790649543551	-0.582912397292846
0.684	-0.653044186746292	1.6604964959943	-1.01287641856324
0.685	-0.134271906386453	1.50664841835498	-1.35517015219629
0.686	0.396044078543134	1.20138156819162	-1.58484977490632
0.687	0.895132853757648	0.781591455570909	-1.67171564004311
0.688000000000001	1.31142403919629	0.302619216905831	-1.58377021358641
0.689000000000001	1.57551613476341	-0.204910818955715	-1.33081319903693
0.690000000000001	1.67280720841853	-0.693028476078137	-0.940734329853009
0.691000000000001	1.62219922126952	-1.12321189103513	-0.461166641980284
0.692000000000001	1.42376579639532	-1.45665082478995	0.069933214505531
0.693000000000001	1.09413678749747	-1.6495310148216	0.599122449244088
0.694000000000001	0.661719028827875	-1.65981326535855	1.0575310221121
0.695000000000001	0.157685590541759	-1.50361110410465	1.39577301541319
0.696000000000001	-0.366418508987143	-1.20082584946309	1.5961353442074
0.697000000000001	-0.858536034185666	-0.77632187427717	1.66191402382047
0.698000000000001	-1.27539010467206	-0.275577908142466	1.57711348055329
0.699000000000001	-1.56604052759024	0.250279412776181	1.3460024135576
0.700000000000001	-1.67673930626414	0.739641508352602	0.970264704529876
0.701000000000001	-1.6261144419779	1.13967058322478	0.486625219083593
0.702000000000001	-1.4219946392486	1.44566942311421	-0.0400350336019078
0.703000000000001	-1.07150882295489	1.63000838107921	-0.564795498853128
0.704000000000001	-0.625402560595049	1.6617597658572	-1.04112014353897
0.705000000000001	-0.13281820198837	1.5177639470065	-1.41752081088819
0.706000000000001	0.374251086187079	1.21627880555283	-1.62461659808757
0.707000000000001	0.8440066027949	0.794112456080605	-1.67355588424357
0.708000000000001	1.24393906488027	0.290281550343529	-1.57282183237241
0.709000000000001	1.53513829914438	-0.244244086158477	-1.32587053392913
0.710000000000001	1.67202623527919	-0.762166480439649	-0.958688468136592
0.711000000000001	1.62513067871201	-1.18712253242509	-0.500449484361314
0.712000000000001	1.41948021597129	-1.47961463901327	0.0151892414699098
0.713000000000001	1.0716570862309	-1.63525199301266	0.532643080322946
0.714000000000001	0.618090129213404	-1.64926816189577	1.00416112659987
0.715000000000001	0.101178420885676	-1.51475584218412	1.38522248015596
0.716000000000001	-0.42083142604361	-1.23529779014858	1.61493669401871
0.717000000000001	-0.884558389393401	-0.819043328492199	1.67540184162426
0.718000000000001	-1.25543065726802	-0.314754147817006	1.57413895696816
0.719000000000001	-1.52237560321126	0.215521916894773	1.31844123226271
0.720000000000001	-1.65881942323181	0.730908984566487	0.928706249700616
0.721000000000001	-1.6334361244359	1.18407008788729	0.462176261275472
0.722000000000001	-1.43392971401743	1.50777024150458	-0.0402925219506802
0.723000000000001	-1.08392145374515	1.65676536795762	-0.538693189508652
0.724000000000001	-0.631869698763747	1.6567248318891	-0.989133955317429
0.725000000000001	-0.110484052072856	1.5057658853422	-1.35678913273371
0.726000000000001	0.42291366116105	1.21314730406603	-1.60069322369686
0.727000000000001	0.919854717367242	0.812036459894114	-1.67809088114992
0.728000000000001	1.30774910103104	0.330930020827347	-1.57338353075531
0.729000000000001	1.54763500069089	-0.192657999034078	-1.31807424241133
0.730000000000001	1.65798141645305	-0.699520010990488	-0.928848248446456
0.731000000000001	1.62098238968871	-1.14559281614301	-0.448497117725487
0.732000000000001	1.43808064274748	-1.48767613970049	0.077939666698728
0.733000000000001	1.11114959475064	-1.65686901092656	0.58911567095594
0.734000000000001	0.657469911214286	-1.66002535452235	1.02047746645353
0.735000000000001	0.139445878470055	-1.50668565869232	1.3584718486979
0.736000000000001	-0.389279901862917	-1.20119538177682	1.58384377769388
0.737000000000001	-0.887573686931047	-0.778849938844012	1.66951073261304
0.738000000000001	-1.30598586192251	-0.296207386417567	1.58520695091027
0.739000000000001	-1.57569370255477	0.211183045478006	1.33630046353466
0.740000000000001	-1.67446452129106	0.695159246801975	0.946679569783067
0.741000000000001	-1.62358471836863	1.11941871251981	0.467227738015836
0.742000000000001	-1.42311531837461	1.44932743270845	-0.0625561316515527
0.743000000000001	-1.08872798798314	1.64205978410779	-0.589551936074734
0.744000000000001	-0.65779022417217	1.66083645164416	-1.05648450818
0.745000000000001	-0.160703319241125	1.50448463289243	-1.4031897351577
0.746000000000001	0.360102180805602	1.20237728598392	-1.60129699236379
0.747000000000001	0.85021440693737	0.780244646648386	-1.6623312139951
0.748000000000001	1.26590593958604	0.278000887266738	-1.57440425119632
0.749000000000001	1.5550913146035	-0.251311075430895	-1.34284302817974
0.750000000000001	1.67448251027309	-0.748411283139195	-0.974128560908766
0.751000000000001	1.6249063316839	-1.14815507030359	-0.49226960731074
0.752000000000001	1.42156620086633	-1.44827957816103	0.0342627899029157
0.753000000000001	1.06998627451174	-1.62825416069306	0.558079751004461
0.754000000000001	0.620406153780285	-1.65974156932756	1.03518085559839
0.755000000000001	0.124050773171836	-1.51950096220585	1.41488227313366
0.756000000000001	-0.382291646982044	-1.22078196928125	1.62615519238479
0.757000000000001	-0.847606578130097	-0.796556875371123	1.67530272045849
0.758000000000001	-1.24303516097783	-0.29220199807732	1.57335213553245
0.759000000000001	-1.53208765407861	0.242260966637392	1.32314733644671
0.760000000000001	-1.66931165373085	0.7578052818203	0.951897738373326
0.761000000000001	-1.62635000042036	1.19050836294773	0.495705629969168
0.762000000000001	-1.41961188052093	1.48600519128381	-0.0163842656950593
0.763000000000001	-1.07133672471733	1.63890910408167	-0.531846926683398
0.764000000000001	-0.618268391709456	1.64912269100466	-1.00202569364494
0.765000000000001	-0.099234184785518	1.51230330716417	-1.38183933938796
0.766000000000001	0.427563340794449	1.23408512382124	-1.61836648582806
0.767000000000001	0.893354145087327	0.820651827151416	-1.67506831839263
0.768000000000001	1.26205243411276	0.317185124047278	-1.57375747355916
0.769000000000001	1.52424613744319	-0.212309245206412	-1.31834290345423
0.770000000000001	1.65730175294197	-0.725823448378212	-0.926970397527872
0.771000000000001	1.63282961100049	-1.17915524157615	-0.456858185804964
0.772000000000001	1.43749282082933	-1.50612241827291	0.0481185671382147
0.773000000000001	1.08953423880537	-1.65806080477706	0.544608395248897
0.774000000000001	0.636789032517274	-1.65834976009074	0.989716094574474
0.775000000000001	0.116219369941728	-1.50630120420412	1.35234601573129
0.776000000000001	-0.416682453497285	-1.20987863549097	1.59539640372816
0.777000000000001	-0.912607565347508	-0.80590134206508	1.67565015015823
0.778000000000001	-1.31156077781477	-0.329727799386744	1.57530062728523
0.779000000000001	-1.55391204507364	0.18889184797998	1.31890849466792
0.780000000000001	-1.66053856853572	0.692148627377075	0.931324688795903
0.781000000000001	-1.61932463143923	1.13660128427492	0.452303026067856
0.782000000000001	-1.43525637152454	1.47899839710877	-0.0779025243105039
0.783000000000001	-1.11127112123659	1.65442816575425	-0.594503114651325
0.784000000000001	-0.663788479431188	1.65860336178805	-1.03076910417369
0.785000000000001	-0.147391833149265	1.5061440057169	-1.36397726461138
0.786000000000001	0.380263349417137	1.20141438251192	-1.58343485696937
0.787000000000001	0.877455971050684	0.776986942499117	-1.66607045741447
0.788000000000001	1.29872611508498	0.289145353225625	-1.58551661818345
0.789000000000001	1.57439767167978	-0.220802624985484	-1.34217461139863
0.790000000000001	1.67557293700609	-0.701645529711203	-0.9531386643977
0.791000000000001	1.62478606221798	-1.1194904879893	-0.47258981401357
0.792000000000001	1.42254259320435	-1.44470464891558	0.0570364742730319
0.793000000000001	1.08344777211001	-1.63866177755515	0.584143357900128
0.794000000000001	0.650872982330051	-1.66190606475336	1.05520027103829
0.795000000000001	0.158473092222797	-1.50694230594452	1.41346205661455
0.796000000000001	-0.359168076799544	-1.20360770155842	1.60682373024853
0.797000000000001	-0.846028209230102	-0.78226439112388	1.66424349071584
0.798000000000001	-1.26014332749622	-0.279524587681271	1.57251060841789
0.799000000000001	-1.55129483001365	0.25285924179317	1.33930383030051
0.800000000000001	-1.67342226646531	0.755833915732241	0.974328232076087
0.801000000000001	-1.62404698806564	1.15800858309166	0.496372564115463
0.802000000000001	-1.42119776613313	1.45256508693286	-0.0292499271217299
0.803000000000001	-1.06945112848626	1.62782836647207	-0.55200105982501
0.804000000000001	-0.61605294650964	1.65983613271904	-1.03173154552563
0.805000000000001	-0.1157515543911	1.52097410746531	-1.4108631886551
0.806000000000001	0.391726468216302	1.22714497596852	-1.62651797751755
0.807000000000001	0.852493331804693	0.801488805378764	-1.67674128054366
0.808000000000001	1.24219533269803	0.297213558821739	-1.5744426807043
0.809000000000001	1.52726166399878	-0.236579017997872	-1.32158385863062
0.810000000000001	1.66740056857101	-0.752779240926174	-0.945824512792823
0.811000000000001	1.63062863040622	-1.19421309482015	-0.490061872059636
0.812000000000001	1.42145304496198	-1.49264241800416	0.0169035396878383
0.813000000000001	1.07359524217795	-1.64339270735276	0.528784381461019
0.814000000000001	0.622077032789067	-1.64986528272076	0.995649464755978
0.815000000000001	0.101656810169888	-1.5096035538953	1.37398128184927
0.816000000000001	-0.429288307717791	-1.23089421416124	1.61515017951494
0.817000000000001	-0.905647467879694	-0.82566014870279	1.67599117416028
0.818000000000001	-1.27157005578496	-0.324947146719322	1.57269290538328
0.819000000000001	-1.52651413432845	0.202808238416951	1.3190088358631
0.820000000000001	-1.65475985458189	0.714351644850768	0.927515289611909
0.821000000000001	-1.63050614425903	1.16788875100473	0.453185804415011
0.822000000000001	-1.44133324766273	1.50073052560085	-0.05696118296563
0.823000000000001	-1.0994050242623	1.66010846322508	-0.55540715800899
0.824000000000001	-0.645495904859734	1.65951474991225	-0.992298500143536
0.825000000000001	-0.1259469645586	1.50715223676703	-1.34780075567524
0.826000000000001	0.405824511943102	1.20712459822596	-1.58793797037678
0.827000000000001	0.904191118343016	0.798236833124841	-1.67436554940826
0.828000000000001	1.31211465746024	0.324898330988015	-1.57877825674333
0.829000000000001	1.56076249986861	-0.18785138966643	-1.3220657715055
0.830000000000001	1.66424453626003	-0.686323868454191	-0.935717650611913
0.831000000000001	1.61892112385763	-1.12695541566032	-0.457655265322344
0.832000000000001	1.42987037913947	-1.46583117490556	0.0730283442526381
0.833000000000001	1.10690362350736	-1.64791483506047	0.594849245902687
0.834000000000001	0.668293890392983	-1.65941248304267	1.04479709729107
0.835000000000001	0.153274308804969	-1.50443243248674	1.37322063235598
0.836000000000001	-0.373688096245573	-1.20081605991174	1.58513168266067
0.837000000000001	-0.869964618428762	-0.775182697406011	1.66325940058318
0.838000000000001	-1.28799934349968	-0.282456678537955	1.58239574674322
0.839000000000001	-1.56650942608838	0.231672911446793	1.34416316975472
0.840000000000001	-1.67589288185037	0.711610368363471	0.957197912399967
0.841000000000001	-1.62526173951645	1.1240001598706	0.474737843144844
0.842000000000001	-1.42127063508128	1.44402408011491	-0.0552174462743377
0.843000000000001	-1.07758012873614	1.63670635958497	-0.582391630905693
0.844000000000001	-0.641877514085088	1.66261276681017	-1.05553311010062
0.845000000000001	-0.151582139187699	1.50904014953362	-1.41854834842549
0.846000000000001	0.363321748430009	1.20399677412646	-1.61236376664251
0.847000000000001	0.846897346390077	0.782307390318507	-1.66688933061295
0.848000000000001	1.25862576740923	0.278774277122893	-1.57142532286794
0.849000000000001	1.55004143097452	-0.255172662422782	-1.33503353311829
0.850000000000001	1.67391216090442	-0.762337789858849	-0.971065322459221
0.851000000000001	1.62588961574985	-1.17050255346382	-0.497555437800418
0.852000000000001	1.42091906556722	-1.45911928986957	0.0268913593080715
0.853000000000001	1.06941323547827	-1.62896048718228	0.548319253305142
0.854000000000001	0.614484914799011	-1.65738583983432	1.02656089288062
0.855000000000001	0.10893561449108	-1.52104282794708	1.40655481138026
0.856000000000001	-0.40156950739259	-1.23225928581891	1.62593292599082
0.857000000000001	-0.859244152561075	-0.806800132197256	1.67743128056967
0.858000000000001	-1.24294712565312	-0.303463715033304	1.57505461293845
0.859000000000001	-1.52291785739771	0.228681632365364	1.32081854459714
0.860000000000001	-1.66426676542699	0.744298493276579	0.940077160431452
0.861000000000001	-1.63028022703792	1.18695738046287	0.482840750482211
0.862000000000001	-1.42615302960486	1.50206023746439	-0.0193592592156369
0.863000000000001	-1.07776644605454	1.64816426389908	-0.525724259402826
0.864000000000001	-0.628170018625419	1.65184497023934	-0.987058476704741
0.865000000000001	-0.107956184881837	1.50740594627435	-1.36309029695932
0.866000000000001	0.423899541759259	1.22506667413138	-1.60541463943714
0.867000000000001	0.911781234172254	0.825645203500753	-1.67522567436364
0.868000000000001	1.28333172495908	0.332477792184128	-1.5712861656029
0.869000000000001	1.53181612093889	-0.193878342049977	-1.31882717278434
0.870000000000001	1.65333570947956	-0.70407935034101	-0.928639114974004
0.871000000000001	1.62520155333794	-1.1535164954406	-0.451376658979708
0.872000000000001	1.44192172497215	-1.49441269529901	0.0655026802255188
0.873000000000001	1.10677840036523	-1.65857061210595	0.567613938707841
0.874000000000001	0.6503240321326	-1.65985574391474	0.999586674556432
0.875000000000001	0.131304761097053	-1.50685799563176	1.34879966000498
0.876000000000001	-0.400112513015221	-1.20405206554284	1.5848486847091
0.877000000000001	-0.899455723369538	-0.790121432671234	1.6730433526255
0.878000000000001	-1.30822687619283	-0.315170730091894	1.580076961654
0.879000000000001	-1.56547169104433	0.194049941580862	1.32494286075373
0.880000000000001	-1.66782573069931	0.687997963976584	0.937227795960362
0.881000000000001	-1.61974674811495	1.12468538090048	0.458016264348184
0.882000000000001	-1.42629357539625	1.46250010516949	-0.0733900799075597
0.883000000000001	-1.10160759665626	1.65159358112825	-0.60019978348743
0.884000000000001	-0.665981716899239	1.66032057015558	-1.05397857206436
0.885000000000001	-0.153986880091607	1.50385605077303	-1.38252442715903
0.886000000000001	0.3724138367339	1.20029671903872	-1.58899569825401
0.887000000000001	0.866935319954009	0.774104133487647	-1.66246222907156
0.888000000000001	1.28469034994347	0.27762258694722	-1.58055860919997
0.889000000000001	1.57068685154846	-0.241163507653333	-1.34616879133316
0.890000000000001	1.67619843851443	-0.721859400480052	-0.961775061225424
0.891000000000001	1.62610315616798	-1.12950624244859	-0.478240131609899
0.892000000000001	1.42154269174798	-1.44387824931007	0.0503577193485745
0.893000000000001	1.07430564733968	-1.63380971853993	0.5766826423174
0.894000000000001	0.633691695743991	-1.66596162025659	1.05495057608074
0.895000000000001	0.145045699881332	-1.51280431421516	1.42055326828767
0.896000000000001	-0.365418364438261	-1.20814377936015	1.61701293293481
0.897000000000001	-0.843373152085564	-0.78765775387492	1.66981376634853
0.898000000000001	-1.2502087886336	-0.284176753914822	1.57159137798011
0.899000000000001	-1.54315722422336	0.250359081971452	1.33098812470312
0.900000000000001	-1.67028583240798	0.760145594449196	0.966702430609041
0.901000000000001	-1.62550927871417	1.18082504468126	0.502703801721252
0.902000000000001	-1.42010692184166	1.46729807366587	-0.0187035168107193
0.903000000000001	-1.07107917951886	1.62984177191114	-0.538558831781134
0.904000000000001	-0.61659052102157	1.6512103902538	-1.0117511155922
0.905000000000001	-0.105221485973529	1.51828090220005	-1.39228614180608
0.906000000000001	0.411752224719679	1.23663268736322	-1.62164319138991
0.907000000000001	0.869622693401532	0.814197423733202	-1.67631498619205
0.908000000000001	1.24648897626801	0.310204604090565	-1.57460702913565
0.909000000000001	1.52055066237439	-0.220887969335657	-1.31968063545203
0.910000000000001	1.66087746193746	-0.736921389488403	-0.934121049680079
0.911000000000001	1.6333387586555	-1.18741037887581	-0.473047403686328
0.912000000000001	1.43007142443206	-1.50595799600091	0.0276460542719298
0.913000000000001	1.08036427792858	-1.65248164205185	0.529910901715143
0.914000000000001	0.630344458525117	-1.65403983192865	0.986588384011497
0.915000000000001	0.109280978126338	-1.50629193910346	1.35899868317278
0.916000000000001	-0.423792195544914	-1.21955787824229	1.60332386115349
0.917000000000001	-0.91300589092651	-0.819689055626213	1.674082088774
0.918000000000001	-1.29291865001145	-0.332433417722948	1.57124322523373
0.919000000000001	-1.5381048142524	0.193464912470721	1.31799938583945
0.920000000000001	-1.65447778548301	0.702797106466795	0.927820766814
0.921000000000001	-1.62287807557533	1.15127697874222	0.44838414236091
0.922000000000001	-1.44016468466193	1.49277381398563	-0.0726982385980782
0.923000000000001	-1.10831613927769	1.65814428963994	-0.577991352915605
0.924000000000001	-0.651031065215812	1.66015254629015	-1.00803951835482
0.925000000000001	-0.131782756307824	1.50637532853746	-1.35289351471324
0.926000000000001	0.399111653593662	1.20165916070549	-1.58493720389627
0.927000000000001	0.898230551785589	0.78384250538152	-1.67237449825553
0.928000000000001	1.30875990121797	0.306575630145138	-1.58137987293303
0.929000000000001	1.57328879483553	-0.2016186960413	-1.32816646371596
0.930000000000001	1.67106226890424	-0.691747497770182	-0.938364527321475
0.931000000000001	1.62120120466444	-1.1246489120219	-0.458767990384464
0.932000000000001	1.42433845901076	-1.45967085477399	0.0726143321398298
0.933000000000001	1.09676971045415	-1.65089527031247	0.6009408232468
0.934000000000001	0.663434892254815	-1.66175299492721	1.0595367083891
0.935000000000001	0.155875792637424	-1.50380383510591	1.39113308936065
0.936000000000001	-0.369278265588804	-1.2007721696434	1.59334688284248
0.937000000000001	-0.861779086065539	-0.775394270021856	1.66197174982452
0.938000000000001	-1.27906160852004	-0.276038490459904	1.57851069240663
0.939000000000001	-1.56765047421885	0.247330794946329	1.34676920400946
0.940000000000001	-1.67501216875971	0.731629490168446	0.967830209550922
0.941000000000001	-1.62615134672084	1.13534910485073	0.484284141934777
0.942000000000001	-1.42193875477685	1.44409257825666	-0.0426525111099449
0.943000000000001	-1.07247577670707	1.63044615946758	-0.567808273536039
0.944000000000001	-0.628392412151633	1.66203444907965	-1.04355883328199
0.945000000000001	-0.137122561130881	1.51555634252113	-1.41320454062349
0.946000000000001	0.369927994809432	1.21295165334219	-1.6196775391868
0.947000000000001	0.842680232481109	0.792014816666177	-1.6718312201171
0.948000000000001	1.24496185887171	0.288167605196117	-1.57188924951565
0.949000000000001	1.53731940323367	-0.24656359953844	-1.32693008975995
0.950000000000001	1.67201812223013	-0.763396315637632	-0.961336442992255
0.951000000000001	1.62649324271814	-1.18821373733699	-0.501422696973284
0.952000000000001	1.41941336989352	-1.47566602816403	0.016863339870436
0.953000000000001	1.07129262464397	-1.63317503466553	0.535617927229649
0.954000000000001	0.616911019968507	-1.64980742040395	1.00749429076317
0.955000000000001	0.101635462104944	-1.51621192423252	1.38854658615005
0.956000000000001	-0.419555564047432	-1.23698123436151	1.62060574964724
0.957000000000001	-0.879464764360528	-0.817235329743483	1.67631566360541
0.958000000000001	-1.25216669860441	-0.312741331843032	1.57480839789299
0.959000000000001	-1.52170330092087	0.217937912160513	1.31917418808042
0.960000000000001	-1.65966700753606	0.733550281768113	0.93066603884979
0.961000000000001	-1.63360631055412	1.18562647479104	0.466132997578362
0.962000000000001	-1.43280741837294	1.50718898994223	-0.0354611216237299
0.963000000000001	-1.08272985959736	1.65512276892085	-0.53511945748306
0.964000000000001	-0.631497133345401	1.65561849622065	-0.987743889167873
0.965000000000001	-0.110286153552918	1.50580154462223	-1.3569677621153
0.966000000000001	0.422988511667765	1.21528152328722	-1.60108874000871
0.967000000000001	0.914965648348278	0.814485591847476	-1.6747417671905
0.968000000000001	1.30393805782867	0.332048318313792	-1.57249165098313
0.969000000000001	1.54420378030316	-0.19239102330818	-1.31766853269133
0.970000000000001	1.65631693122241	-0.700586176731053	-0.928356802239793
0.971000000000001	1.62125179004016	-1.14740715546153	-0.448063871263165
0.972000000000001	1.43874321133176	-1.48961102438412	0.0767624303214627
0.973000000000001	1.11042367590817	-1.65737120102049	0.585927782065397
0.974000000000001	0.65475489230071	-1.66025283928361	1.01617745932048
0.975000000000001	0.13595245677851	-1.50661443227003	1.35657427088459
0.976000000000001	-0.393753942146197	-1.20115243163922	1.58437408511494
0.977000000000001	-0.892644477120259	-0.780154142075312	1.67086377272012
0.978000000000001	-1.30976070405197	-0.299722935965786	1.58439626706708
0.979000000000001	-1.57596339169765	0.207481676839802	1.33292789193607
0.980000000000001	-1.67361145803869	0.693890472089515	0.942807314957017
0.981000000000001	-1.62279132402271	1.12174003485995	0.463222285110159
0.982000000000001	-1.42337288363336	1.45388535671396	-0.067446991829925
0.983000000000001	-1.09215887417138	1.64781790426448	-0.597110740643042
0.984000000000001	-0.660432724266974	1.6602312015611	-1.05774804280572
0.985000000000001	-0.159085732683321	1.50378929278217	-1.39893439983336
0.986000000000001	0.363977160295743	1.20128987438118	-1.59806856244337
0.987000000000001	0.855649760771144	0.777591729627735	-1.66184161887185
0.988000000000001	1.27205302856649	0.275932696086266	-1.57591899700043
0.989000000000001	1.56414134291402	-0.251935557911599	-1.34525628268759
0.990000000000001	1.67592387920641	-0.743498272598577	-0.971920145769245
0.991000000000001	1.6256898570664	-1.14292312377651	-0.488554230314728
0.992000000000001	1.42180624084974	-1.44669801954396	0.0382241504095388
0.993000000000001	1.0707819221847	-1.6292811102146	0.56260729225196
0.994000000000001	0.623230329458834	-1.66106717534629	1.03918134194646
0.995000000000001	0.129305501061711	-1.51849182643562	1.41672990754384
0.996000000000001	-0.377340672110144	-1.21813945605991	1.62532437868785
0.997000000000001	-0.845322358842706	-0.795223955786747	1.67426110473164
0.998000000000001	-1.24358095757258	-0.291073926225091	1.57303569694684
0.999000000000001	-1.53381424442957	0.243437206672042	1.32480857344349
1	-1.67188973623929	0.761972044435639	0.956268398998341
1.001	-1.62566395367214	1.18866979065948	0.498872323643785
1.002	-1.41958658898019	1.48232383661075	-0.0152448333353319
1.003	-1.07169921209988	1.63667965538192	-0.531986097440395
1.004	-0.618331880090273	1.64911928839899	-1.00311884602715
1.005	-0.100473704363777	1.51375806123189	-1.38383630738082
1.006	0.424543676772619	1.23565882541539	-1.61892263929921
1.007	0.888145905579632	0.820127275537276	-1.67525467877726
1.008	1.257972911828	0.316123108165836	-1.57406101130734
1.009	1.52300375707403	-0.213832560208281	-1.31854855476603
1.01	1.65803753481462	-0.728337752306815	-0.928165780545825
1.011	1.63326119151129	-1.18162138356227	-0.460108979433232
1.012	1.43566533458255	-1.506965530413	0.0433143870261372
1.013	1.08655285346344	-1.65731223321839	0.540716638920784
1.014	0.634387210558148	-1.65738041052166	0.98882791615475
1.015	0.113238811799696	-1.50590210318907	1.3547519219412
1.016	-0.420253222209903	-1.21172276308401	1.59833479747889
1.017	-0.918755320350591	-0.809783690017373	1.67807653515255
1.018	-1.30978034738876	-0.33088268119541	1.57392135585827
1.019	-1.55018600589587	0.191060675556286	1.31815698165764
1.02	-1.65884262795056	0.696988212349794	0.929613598504764
1.021	-1.62015845768157	1.14259889619525	0.449548749042865
1.022	-1.43701016616062	1.48484947535336	-0.0785775052439916
1.023	-1.11137416066723	1.65604815248104	-0.59179106342818
1.024	-0.659520895793951	1.65959653731469	-1.02435351343899
1.025	-0.141989758768852	1.50649582654738	-1.36044967286947
1.026	0.386578076920495	1.20107909831628	-1.58374409921391
1.027	0.884548590588428	0.777775101530763	-1.66843706390839
1.028	1.3040877338209	0.293286243983062	-1.5853969845127
1.029	1.57568983439751	-0.214700049122029	-1.33831027078357
1.03	1.67508266465181	-0.697572693377273	-0.948466034818428
1.031	1.62403847000662	-1.11968281364417	-0.468462409396442
1.032	1.42271639523308	-1.44839975063852	0.0615257489426986
1.033	1.08661560378916	-1.64150293449472	0.58888089374363
1.034	0.655017885180854	-1.66422118683355	1.06075598281674
1.035	0.159537721484077	-1.50491705689413	1.40571422753144
1.036	-0.360728922338736	-1.20246771984269	1.60323920205573
1.037	-0.850165992353793	-0.780299915681522	1.66300641121587
1.038	-1.2653069745061	-0.277627981115213	1.57382284499691
1.039	-1.55985092015515	0.254620852509859	1.34299502384783
1.04	-1.67462687787304	0.751750079864012	0.974341569507377
1.041	-1.6249975237928	1.15139845123802	0.493385755141667
1.042	-1.42178745740261	1.44978216498436	-0.0327182907357216
1.043	-1.07004329586917	1.62826210064543	-0.556181544607497
1.044	-0.619532506854715	1.6591262369259	-1.0328294573836
1.045	-0.12151889218705	1.52023956439241	-1.4132793274311
1.046	0.385083101194902	1.22330785454117	-1.62623279089731
1.047	0.848705952677724	0.798905507357494	-1.67578295207646
1.048	1.24194989694628	0.294684329056935	-1.57373625665042
1.049	1.5299173317889	-0.239634883367101	-1.32258105579708
1.05	1.66845892178272	-0.755598245330283	-0.949771562312645
1.051	1.62687950426576	-1.19059880673025	-0.494092206050605
1.05199999999999	1.4198506997461	-1.48838101221068	0.0160479806271664
1.05299999999999	1.07181505130237	-1.64040364262813	0.530445404567791
1.05399999999999	0.619337114366383	-1.64911318794469	0.999958133854664
1.05499999999999	0.0995678213891553	-1.51116995393355	1.37938488705757
1.05599999999999	-0.428846530755674	-1.23300720914311	1.6174971886398
1.05699999999999	-0.899902621361548	-0.822775885821667	1.67692858486858
1.05799999999999	-1.26527350105488	-0.319352437627537	1.57358719464198
1.05899999999999	-1.52515062466018	0.209665055437071	1.31861900728191
1.05999999999999	-1.65681651678043	0.722945020268642	0.926837754428163
1.06099999999999	-1.63249965463036	1.17665490490928	0.455216891513448
1.06199999999999	-1.43870259844769	1.505362005366	-0.0511579248375288
1.06299999999999	-1.09190161802454	1.65837712243187	-0.547266580032385
1.06399999999999	-0.638459672622921	1.65886984255883	-0.990589608141512
1.06499999999999	-0.117755067008081	1.50643536331625	-1.35149822375261
1.06599999999999	0.415105960123103	1.20864962762231	-1.59433977546102
1.06699999999999	0.911816715873512	0.803529229729381	-1.67560201275231
1.06799999999999	1.31265930367021	0.328146033298216	-1.57584162968641
1.06899999999999	1.55583774657033	-0.189285368058751	-1.31899860439962
1.06999999999999	1.66157051651632	-0.691597362096543	-0.931415348868271
1.07099999999999	1.61902742307587	-1.1356637310532	-0.452447183881758
1.07199999999999	1.43402292619164	-1.47792003941658	0.07854869480054
1.07299999999999	1.11012629113238	-1.65433440849143	0.596475389309657
1.07399999999999	0.664339418566786	-1.66075193587574	1.03677228253359
1.07499999999999	0.147801048175729	-1.50595671823101	1.36663088297341
1.07599999999999	-0.37968026584028	-1.20117408110579	1.58437385038146
1.07699999999999	-0.876810634108346	-0.776180647003952	1.66594582981692
1.07799999999999	-1.29834722809634	-0.287015080339865	1.58541526705148
1.07899999999999	-1.57472094976332	0.223751022232671	1.34282849669811
1.07999999999999	-1.67612820361255	0.704104057031653	0.953946731142279
1.08099999999999	-1.6251772152295	1.12082851888498	0.472824482555507
1.08199999999999	-1.42238450965627	1.44487519691513	-0.0569661805059549
1.08299999999999	-1.08206944228782	1.63870578824128	-0.584067738045119
1.08399999999999	-0.64877733858687	1.66223647323999	-1.05547583989258
1.08499999999999	-0.156974363928028	1.50746512618887	-1.4147905360665
1.08599999999999	0.359901189562935	1.20370718218546	-1.60823818901683
1.08699999999999	0.845917245028607	0.782344909689622	-1.66497559963991
1.08799999999999	1.25972748860759	0.279502759557584	-1.57217415939393
1.08899999999999	1.55086208723289	-0.253353490352623	-1.3382429214383
1.08999999999999	1.67341256385093	-0.757629665503849	-0.973669359974731
1.09099999999999	1.62387078764339	-1.1607826722087	-0.496963306654901
1.09199999999999	1.42105893974222	-1.45431055949037	0.0284714088139521
1.09299999999999	1.06923886525484	-1.62814777571519	0.551118454948002
1.09399999999999	0.615226522392555	-1.65942167783462	1.03089519861286
1.09499999999999	0.113678408474069	-1.52101650920118	1.41043108784184
1.09599999999999	-0.394389161876419	-1.22792589860381	1.62677930856871
1.09699999999999	-0.854370796271643	-0.801826182897151	1.67714940182845
1.09799999999999	-1.24294008830306	-0.297398079423002	1.57459455828037
1.09899999999999	-1.52730890804944	0.236469532016194	1.32110035244015
1.09999999999999	-1.66748882344749	0.752613955484779	0.944321579864689
1.10099999999999	-1.63103834694879	1.19475399479272	0.488293776160934
1.10199999999999	-1.42190179788794	1.49406894817522	-0.0180370809810694
1.10299999999999	-1.07381782513883	1.64448037929128	-0.52925072760604
1.10399999999999	-0.622144215189964	1.65035726172143	-0.995335049799229
1.10499999999999	-0.101490974788286	1.5091787593985	-1.37374659755326
1.10599999999999	0.430124531604092	1.22994285802208	-1.61510523107951
1.10699999999999	0.907610557846896	0.825126807584839	-1.6761108637192
1.10799999999999	1.27356911875013	0.32482159099393	-1.57257513099898
1.10899999999999	1.52758131548319	-0.203201638045412	-1.31871493226261
1.10999999999999	1.65505996662009	-0.714791529138164	-0.92687138338717
1.11099999999999	1.6303043015052	-1.16849460224113	-0.45186204601
1.11199999999999	1.44107816256281	-1.50132722089832	0.0588954386584058
1.11299999999999	1.09901706168952	-1.66054610726984	0.557472834074536
1.11399999999999	0.644436003253651	-1.65979882463537	0.993874610585503
1.11499999999999	0.124781253812301	-1.50700672059101	1.34906972793372
1.11599999999999	-0.407160840215018	-1.20639046366463	1.58882504970242
1.11699999999999	-0.905246356899287	-0.796963845409417	1.67476819560463
1.11799999999999	-1.31311432441325	-0.323325092474544	1.57903545660434
1.11899999999999	-1.56174739023272	0.189252211276413	1.32215965271028
1.11999999999999	-1.66497926412871	0.687499328745655	0.935428836025788
1.12099999999999	-1.61924790418187	1.12768780387224	0.457097585758629
1.12199999999999	-1.42957570583843	1.46652938784735	-0.073736873928849
1.12299999999999	-1.10627780887386	1.64838218146478	-0.595829028037237
1.12399999999999	-0.66767284190442	1.65967211966611	-1.04619233645962
1.12499999999999	-0.152844229304186	1.50443331618187	-1.37443879944365
1.12599999999999	0.374145238445696	1.20064089534013	-1.58586175764148
1.12699999999999	0.870390609820902	0.774700381455809	-1.66346980011685
1.12799999999999	1.28844693637413	0.281565785290528	-1.58233143055284
1.12899999999999	1.56671745350803	-0.232942470792657	-1.3442101200374
1.12999999999999	1.67613172548744	-0.71292636775448	-0.957125718017714
1.13099999999999	1.62537281856869	-1.124974464961	-0.474530876119027
1.13199999999999	1.42123452839851	-1.44445926498726	0.0553908013839921
1.13299999999999	1.07707905983874	-1.63688342122913	0.582564624647732
1.13399999999999	0.640944575190214	-1.66282780041413	1.05574522596817
1.13499999999999	0.150612808330033	-1.50933852555708	1.41918623275564
1.13599999999999	-0.364007912851647	-1.20413435203596	1.61304716282344
1.13699999999999	-0.847356862729917	-0.782305238131471	1.66738845600021
1.13799999999999	-1.25887467062805	-0.278533040887438	1.57148447094381
1.13899999999999	-1.55049221141891	0.255729149412418	1.33467075499305
1.13999999999999	-1.6742112034586	0.763249498487285	0.970523101825694
1.14099999999999	-1.62596379995865	1.17149517703271	0.496778604659287
1.14199999999999	-1.42078057438096	1.45999977214038	-0.0279080922784542
1.14299999999998	-1.06897141752398	1.62947037924478	-0.54951044006972
1.14399999999998	-0.613640616386958	1.65763595139636	-1.0279225108786
1.14499999999998	-0.10803625620879	1.52090555046715	-1.40758438484983
1.14599999999998	0.40256340501462	1.23186162934198	-1.62637672639402
1.14699999999998	0.860305181442468	0.805881960100709	-1.6777771207914
1.14799999999998	1.24405318790697	0.302323353545918	-1.57510882027326
1.14899999999998	1.52388314493172	-0.230074191157664	-1.32056875499215
1.14999999999998	1.6648996781108	-0.745640097197252	-0.939715691612392
1.15099999999998	1.63036507649494	-1.18807218330415	-0.482314306257398
1.15199999999998	1.42596489076185	-1.50259380440687	0.0202743470360957
1.15299999999998	1.07725163244217	-1.64849380610316	0.526958495791247
1.15399999999998	0.627163045614037	-1.65202065341219	0.988562231174313
1.15499999999998	0.106629295559405	-1.50743911612691	1.36465268685049
1.15599999999998	-0.425356142980876	-1.2249561472541	1.60648232582687
1.15699999999998	-0.912540479344979	-0.825026244649559	1.67556996770361
1.15799999999998	-1.28351621098331	-0.330622920881245	1.57136734817118
1.15899999999998	-1.53205240221797	0.196316682759707	1.31853655948352
1.15999999999998	-1.6539890122647	0.706723819309912	0.92773049238877
1.16099999999998	-1.62570906969153	1.15619144211036	0.450289596341277
1.16199999999998	-1.44166132666487	1.49622614161389	-0.0660003812455204
1.16299999999998	-1.10540217862992	1.65935894257007	-0.567627241908554
1.16399999999998	-0.648640825671865	1.66015576676827	-1.00007569087242
1.16499999999998	-0.129171954099083	1.50689338947887	-1.34988517735524
1.16599999999998	0.402449691659979	1.20390737015846	-1.5861276365642
1.16699999999998	0.901564955215214	0.79024199336995	-1.67378825803741
1.16799999999998	1.30955957664412	0.315366730138143	-1.57984766257916
1.16899999999998	1.5656838576452	-0.19460500758007	-1.32428702209518
1.16999999999998	1.66792080340143	-0.689007425551666	-0.936320283048284
1.17099999999998	1.61987552388602	-1.12623322709854	-0.456945798492024
1.17199999999998	1.4266012121056	-1.46408855161907	0.0745785966852914
1.17299999999998	1.10196099986537	-1.6522017563462	0.601066594512234
1.17399999999998	0.665671044732664	-1.66050214995682	1.05384042204116
1.17499999999998	0.152885916881768	-1.5039849462783	1.38206838497463
1.17599999999998	-0.373651437630791	-1.20019283156256	1.58909894471393
1.17699999999998	-0.868114453539542	-0.773787590691033	1.66294663899892
1.17799999999998	-1.2856966772115	-0.277708867341864	1.58091644850146
1.17899999999998	-1.57114521084806	0.240753591061838	1.34620774392562
1.17999999999998	-1.67650304905597	0.721361941985878	0.961390983085432
1.18099999999998	-1.6262455946112	1.1294049281264	0.478140103258511
1.18199999999998	-1.4217005586902	1.44421328933806	-0.0505740826209859
1.18299999999998	-1.07510386036423	1.63639787113729	-0.57977430956469
1.18399999999998	-0.634155940281029	1.66649971614858	-1.05568680453332
1.18499999999998	-0.145661366024685	1.51274865314932	-1.42085593277236
1.18599999999998	0.365219955982181	1.20811330126557	-1.61707857448643
1.18699999999998	0.8438813380661	0.787322699005326	-1.66984908981065
1.18799999999998	1.25115919178379	0.283691970446644	-1.57182224532865
1.18899999999998	1.54401275835378	-0.250996184926626	-1.33149266078352
1.18999999999998	1.67058575016561	-0.760509036184827	-0.9671127699933
1.19099999999998	1.62551305838963	-1.1803400062142	-0.5023394428205
1.19199999999998	1.42008375441112	-1.46683530895534	0.0197640767985858
1.19299999999998	1.07069659724694	-1.62995506212456	0.540034565050881
1.19399999999998	0.616045918010709	-1.65170852710085	1.01348509137806
1.19499999999998	0.105213206133953	-1.51852339407895	1.39381058179974
1.19599999999998	-0.409818191428899	-1.23463124395207	1.61815244231815
1.19699999999998	-0.868691310111408	-0.812581564832309	1.67652330795376
1.19799999999998	-1.24665433106134	-0.308282927270082	1.57450050594756
1.19899999999998	-1.52160826954161	0.223435934839707	1.31926421048268
1.19999999999998	-1.66189317372327	0.73969007632177	0.934183125476283
1.20099999999998	-1.63311124147745	1.18975576093883	0.473669243861954
1.20199999999998	-1.42863267231868	1.50659961479393	-0.0272764621826738
1.20299999999998	-1.07843211335655	1.65233996713616	-0.53098437011248
1.20399999999998	-0.627803287981379	1.65382260819941	-0.989151381904344
1.20499999999998	-0.106393887980131	1.50632375736154	-1.36254234993744
1.20599999999998	0.429000658020899	1.22102703895515	-1.60984347197012
1.20699999999998	0.914077149632769	0.820009780450703	-1.6746970542502
1.20799999999998	1.29513706496937	0.330410126443663	-1.57245025239004
1.20899999999998	1.53758176564616	-0.196234851858306	-1.31820352282991
1.20999999999998	1.65522047759061	-0.706080727516507	-0.927300537123543
1.21099999999998	1.62419237546566	-1.15456714077135	-0.448027886805541
1.21199999999998	1.44077064242241	-1.49501974952534	0.0716221499460773
1.21299999999998	1.10755513350017	-1.65902022774898	0.575848650702875
1.21399999999998	0.64993983093232	-1.66056328052735	1.00645576896267
1.21499999999998	0.131040414580936	-1.50665001388796	1.3525521036647
1.21599999999998	-0.399744616231101	-1.20221758132363	1.58549822735429
1.21699999999998	-0.898606169657141	-0.785221379783603	1.6727010031199
1.21799999999998	-1.30871873021254	-0.308502420086062	1.58115012736299
1.21899999999998	-1.57275292985816	0.199927603226732	1.32781771825563
1.21999999999998	-1.67060458501109	0.690646244060064	0.938522324155997
1.22099999999998	-1.62103132477175	1.12397049352577	0.459427551826356
1.22199999999998	-1.42482525793845	1.45936003312063	-0.0717415526052005
1.22299999999998	-1.09776602221063	1.65074796849723	-0.599880578561294
1.22399999999998	-0.664613684459045	1.6616728810546	-1.05859600689835
1.22499999999998	-0.157028513785248	1.50388359632775	-1.3904180236666
1.22599999999998	0.368020946687702	1.20114014427922	-1.59303159947883
1.22699999999998	0.860887385890258	0.776074396679576	-1.66206964310076
1.22799999999998	1.27842546382215	0.277057571954241	-1.57894247447435
1.22899999999998	1.56767511219855	-0.2460747771228	-1.34719233822893
1.22999999999998	1.6750822692192	-0.730322242368834	-0.968180340569229
1.23099999999998	1.6263060308726	-1.13442501043892	-0.484689431563607
1.23199999999998	1.42212760384329	-1.44377007913782	0.0425063247356415
1.23299999999998	1.07290232684572	-1.63071444076825	0.568008331528048
1.23399999999997	0.629328827790914	-1.66222898685816	1.04400737951058
1.23499999999997	0.138306065618275	-1.51515456914232	1.41342184042245
1.23599999999997	-0.36897110830994	-1.2120861885978	1.61945964010294
1.23699999999997	-0.84261278557927	-0.791127598428619	1.67151763286985
1.23799999999997	-1.24604906609687	-0.287146867620918	1.57167524906974
1.23899999999997	-1.53859631972573	0.247750355977432	1.32738016272661
1.23999999999997	-1.67241051206956	0.764090862640556	0.962144615098371
1.24099999999997	-1.6262093347346	1.18754667639774	0.501149266782595
1.24199999999997	-1.4193034766526	1.47442358999491	-0.0179241547901063
1.24299999999997	-1.07073780914565	1.63287461594889	-0.537285708719412
1.24399999999997	-0.615997267607155	1.65032815928025	-1.00963894660984
1.24499999999997	-0.101470335347893	1.51669088047665	-1.39053950693499
1.24599999999997	0.418585368768643	1.23649240509378	-1.62165928452345
1.24699999999997	0.877632429607366	0.815569280288736	-1.67677885439315
1.24799999999997	1.25160475169339	0.310722448666165	-1.57495863051379
1.24899999999997	1.52222952261605	-0.22011612693887	-1.31911970228764
1.24999999999997	1.66058823062956	-0.735783079216642	-0.931120744553271
1.25099999999997	1.63373305465273	-1.18715498903771	-0.467397417831329
1.25199999999997	1.43180598458778	-1.50750807359831	0.0338145402081902
1.25299999999997	1.08170505227535	-1.65487577472142	0.534275482178134
1.25399999999997	0.630850578688751	-1.65539017141633	0.988003137008533
1.25499999999997	0.109757123889859	-1.50595680013771	1.35781616969711
1.25599999999997	-0.423326243643302	-1.21621833744658	1.60184256303541
1.25699999999997	-0.914616548026257	-0.815699088506672	1.67469804186081
1.25799999999997	-1.30263787817797	-0.332603177493648	1.57246478589387
1.25899999999997	-1.54330944038599	0.191938323594945	1.31786003991753
1.25999999999997	-1.65605626046109	0.699786682929714	0.92872652434078
1.26099999999997	-1.62155948373713	1.14676826073277	0.448922423225878
1.26199999999997	-1.43928486021554	1.48908179989132	-0.0754605801503419
1.26299999999997	-1.1110913034172	1.65708239861152	-0.584381727447571
1.26399999999997	-0.655919696722643	1.66013701254048	-1.01491528521305
1.26499999999997	-0.137684908313287	1.50681177295703	-1.35550886074322
1.26599999999997	0.391521316590682	1.20181694970099	-1.58352967496877
1.26699999999997	0.890459776047662	0.781162630808121	-1.67049893319654
1.26799999999997	1.30804640223816	0.30093324269857	-1.58483572910709
1.26899999999997	1.57532156832027	-0.206138971405311	-1.33378380000468
1.26999999999997	1.67333889774268	-0.692259173542366	-0.944234773121867
1.27099999999997	1.622802503612	-1.11981271342148	-0.465116099430888
1.27199999999997	1.42369645323424	-1.45208940463473	0.0653643657100143
1.27299999999997	1.09258139132033	-1.64698326721945	0.595113195731896
1.27399999999997	0.661171601138159	-1.66007308843089	1.05649641752048
1.27499999999997	0.160489367678348	-1.50384130708104	1.39849370465906
1.27599999999997	-0.362259852728747	-1.20157846424839	1.59780694591682
1.27699999999997	-0.85391044243121	-0.778358611849538	1.66153831006548
1.27799999999997	-1.27054319658247	-0.276766522578475	1.5758348338901
1.27899999999997	-1.56343348243952	0.251251361727015	1.34546659018717
1.27999999999997	-1.6756606739418	0.743009678101351	0.972256213153748
1.28099999999997	-1.62554357483688	1.14244536715317	0.489070892643266
1.28199999999997	-1.42180312765034	1.44617998934162	-0.03765355289325
1.28299999999997	-1.07085674650987	1.62901712902425	-0.56219027842867
1.28399999999997	-0.623445900378929	1.6610255867693	-1.03890978015244
1.28499999999997	-0.129696543935251	1.51846096816213	-1.41664723658876
1.28599999999997	0.376950372986843	1.21770919460542	-1.62530521933495
1.28699999999997	0.844984789907545	0.795029208834317	-1.67415183112102
1.28799999999997	1.2436861204489	0.290785400598201	-1.57288064404077
1.28899999999997	1.53411149200379	-0.243795385542491	-1.32483130981371
1.28999999999997	1.67199691438484	-0.762199176974529	-0.956514556457506
1.29099999999997	1.62553461989603	-1.18849544452944	-0.498836296220186
1.29199999999997	1.41950862803248	-1.481702108872	0.0155593922467598
1.29299999999997	1.07140104574781	-1.63638384429552	0.532530295536967
1.29399999999997	0.61799183905004	-1.6491213837078	1.00353395707754
1.29499999999997	0.10043232410206	-1.51389481974828	1.38416403471248
1.29599999999997	-0.422632479390697	-1.23465021456275	1.61455835409916
1.29699999999997	-0.887439511917092	-0.819618065626717	1.67516400395151
1.29799999999997	-1.25748729226482	-0.315600198461187	1.57390488065314
1.29899999999997	-1.52279351983544	0.214285612215332	1.31832556284115
1.29999999999997	-1.65804284256333	0.728839643580673	0.92805589773957
1.30099999999997	-1.63320503480233	1.18198084118362	0.460231410025523
1.30199999999997	-1.43543250439509	1.50702344887265	-0.0429696379804218
1.30299999999997	-1.08620967091042	1.65720286711004	-0.540436931832051
1.30399999999997	-0.634187276434443	1.65733788425819	-0.98873153639469
1.30499999999997	-0.113306704414093	1.50596309021035	-1.3544849266107
1.30599999999997	0.419925038859181	1.21192962614406	-1.59819354762722
1.30699999999997	0.918305527747382	0.810067249730858	-1.67807593727537
1.30799999999997	1.30947888033006	0.331386956417951	-1.57411187951973
1.30899999999997	1.55016506104124	-0.190024815344118	-1.31853757366617
1.30999999999997	1.65877640877892	-0.695506292377859	-0.930428450325206
1.31099999999997	1.62007258534444	-1.14068530647798	-0.450851450124905
1.31199999999997	1.43717844850062	-1.48309073103117	0.0773949214188082
1.31299999999997	1.11231645219745	-1.65531253062386	0.591076369414322
1.31399999999997	0.661523205969149	-1.65924407507136	1.02443896529112
1.31499999999997	0.144565269861634	-1.50658703899617	1.36005273262611
1.31599999999997	-0.383465687270827	-1.20166107460136	1.58282638591099
1.31699999999997	-0.881218179767022	-0.77844107117316	1.6674100399189
1.31799999999997	-1.30152185384063	-0.293362255275642	1.58553172310062
1.31899999999997	-1.57467913020119	0.214843514748022	1.33961302700092
1.31999999999997	-1.67470343610197	0.697144864013039	0.950346689087122
1.32099999999997	-1.62400535136617	1.1182333849952	0.470524241798645
1.32199999999997	-1.42273999037472	1.44612897685194	-0.0590116011658596
1.32299999999997	-1.08622309591184	1.63998452280344	-0.586326100470114
1.32399999999996	-0.654721397401572	1.66422525725811	-1.05937199757799
1.32499999999996	-0.160314558127255	1.50522409809452	-1.40610209105402
1.32599999999996	0.35911380660337	1.2030300227137	-1.60365861054009
1.32699999999996	0.847818750465953	0.78145235115934	-1.66297174746798
1.32799999999996	1.26285994298123	0.278884383086682	-1.57342375955243
1.32899999999996	1.55313490502289	-0.251941624165117	-1.34147102974164
1.32999999999996	1.6738239632381	-0.751843506787674	-0.974940689522849
1.33099999999996	1.62451151712002	-1.15231244070848	-0.494718351080826
1.33199999999996	1.42153182473832	-1.44972432366874	0.0313738835882894
1.33299999999996	1.06986767971021	-1.62768149771453	0.554818773773105
1.33399999999996	0.61900594975253	-1.65849824048546	1.03160990336351
1.33499999999996	0.120506805852042	-1.5202075499807	1.41251104902266
1.33599999999996	-0.386200710669509	-1.22386105311919	1.62608310345074
1.33699999999996	-0.849139069920953	-0.799048402025799	1.6757745160219
1.33799999999996	-1.24179564343178	-0.294754329981261	1.57370850914238
1.33899999999996	-1.52933171965632	0.239371519252806	1.32220005781172
1.33999999999996	-1.66817044528215	0.755356349135812	0.949041031541019
1.34099999999996	-1.62709053222107	1.1907120482147	0.493387723754704
1.34199999999996	-1.41995892678727	1.48904755890224	-0.0163822035325238
1.34299999999996	-1.07205785097201	1.64071461540601	-0.530184728875118
1.34399999999996	-0.61969939012328	1.64910503906745	-0.999224237677495
1.34499999999996	-0.099895535534585	1.51084333260024	-1.37838756126526
1.34599999999996	0.42890451624295	1.23265023562448	-1.61708791849697
1.34699999999996	0.900835155837802	0.823507894358681	-1.67671204654296
1.34799999999996	1.26611680156214	0.320548013760712	-1.57340959665101
1.34899999999996	1.52506684543144	-0.208073332056386	-1.31876930646091
1.34999999999996	1.65605202944665	-0.720648811821089	-0.92712640728776
1.35099999999996	1.63205856200187	-1.17426607356868	-0.454988210496514
1.35199999999996	1.43950939353568	-1.50394270099334	0.0521384191123289
1.35299999999996	1.09372405807308	-1.66061954704669	0.549602192017661
1.35399999999996	0.641059283512973	-1.6590546576359	0.990117427681745
1.35499999999996	0.121137612418884	-1.50686174485246	1.34942881049363
1.35599999999996	-0.411019588822987	-1.20858364045929	1.59157862194792
1.35699999999996	-0.908206005310089	-0.802594001569095	1.67505778230487
1.35799999999996	-1.31187772112173	-0.328495996722479	1.57699705810979
1.35899999999996	-1.55727335943177	0.186807298963052	1.32043232619813
1.35999999999996	-1.66216773075309	0.687492428724333	0.934054284798325
1.36099999999996	-1.6187906765313	1.13030059166133	0.456067905458064
1.36199999999996	-1.43323177543961	1.47273138928804	-0.0756279182817386
1.36299999999996	-1.11011038776437	1.65278377923526	-0.595515421373884
1.36399999999996	-0.668136336478219	1.65992767272808	-1.03954955229847
1.36499999999996	-0.152548132215227	1.50544325403246	-1.36848275704562
1.36599999999996	0.374193515328237	1.20180432764956	-1.58367462630186
1.36699999999996	0.870847998175571	0.77695978582636	-1.66401911465473
1.36799999999996	1.29324022485746	0.286043583620253	-1.58485527049401
1.36899999999996	1.57277675363555	-0.226285351972264	-1.34493565428318
1.36999999999996	1.67559493459171	-0.706077751186303	-0.957387327288465
1.37099999999996	1.62520808568904	-1.12038924390775	-0.476253579653264
1.37199999999996	1.422349987969	-1.44239872712503	0.053190699483627
1.37299999999996	1.0806585718678	-1.63632093976945	0.58025414138841
1.37399999999996	0.646484417700008	-1.66218494832139	1.05321395028849
1.37499999999996	0.15620878650718	-1.50855771813331	1.41573722583198
1.37599999999996	-0.35936764335843	-1.20447411595578	1.60976868323409
1.37699999999996	-0.844088453450901	-0.783586828689557	1.66543801334138
1.37799999999996	-1.25705523707125	-0.280610464216559	1.57153028035699
1.37899999999996	-1.54912949348808	0.252976919289808	1.3367473566396
1.37999999999996	-1.67303756511428	0.759161366833221	0.972956309710077
1.38099999999996	-1.62351668406895	1.16380047117382	0.498018689835404
1.38199999999996	-1.42071583613519	1.4559101837551	-0.0270941722427111
1.38299999999996	-1.06912146334885	1.62797952375724	-0.549465751410464
1.38399999999996	-0.614611052318561	1.65820611696711	-1.02882523505519
1.38499999999996	-0.111490633736117	1.52079143345901	-1.40894653986857
1.38599999999996	0.397388896284719	1.22937202486298	-1.62651116545252
1.38699999999996	0.856278945336368	0.802846080419049	-1.67729059601273
1.38799999999996	1.24305794356787	0.298756210313702	-1.57463569946336
1.38899999999996	1.52590378212282	-0.234740873045012	-1.3206397114783
1.38999999999996	1.66661123631009	-0.750749697874414	-0.942400732281621
1.39099999999996	1.63139690461715	-1.19419295382499	-0.486067621677463
1.39199999999996	1.42275212483363	-1.49555704986539	0.0187226467855369
1.39299999999996	1.07474787127968	-1.6457235486187	0.528420196745107
1.39399999999996	0.623570557369711	-1.65072667424696	0.992868756404979
1.39499999999996	0.103017775066902	-1.50833181596254	1.37054027216155
1.39599999999996	-0.429478560328421	-1.22847578217321	1.61345965524464
1.39699999999996	-0.90978624351906	-0.825655146592151	1.67568842812279
1.39799999999996	-1.27696834268005	-0.327487035620794	1.57210424784261
1.39899999999996	-1.52871498672815	0.199684929335745	1.31886472789224
1.39999999999996	-1.65417353686869	0.710388645598058	0.92761991880007
1.40099999999996	-1.62727155546006	1.15957564160071	0.451971538889679
1.40199999999996	-1.44181096250083	1.49784658982508	-0.0612232263656237
1.40299999999996	-1.10307737553679	1.65942938456062	-0.561146136081525
1.40399999999996	-0.647693722812124	1.65965586193295	-0.995504479103382
1.40499999999996	-0.128755671253915	1.50699762478298	-1.34787470956854
1.40599999999996	0.402603350015336	1.20553752442591	-1.58599221280364
1.40699999999996	0.901247546011742	0.794154362893356	-1.67362741439244
1.40799999999996	1.31186297626393	0.320515610421247	-1.58026415633459
1.40899999999996	1.56344140967965	-0.190076403726367	-1.32383755119689
1.40999999999996	1.66621264456769	-0.68579602285571	-0.937449282551278
1.41099999999996	1.6194607614481	-1.12393025913256	-0.459277793437802
1.41199999999996	1.42807732037153	-1.46259391077741	0.0716174347320019
1.41299999999996	1.10427943826873	-1.64719455221811	0.595240525618255
1.41399999999996	0.668534659598326	-1.65959677884409	1.04944396564338
1.41499999999995	0.155692375181411	-1.50404365203727	1.37823930808305
1.41599999999995	-0.370789205295049	-1.20090932714115	1.5867653760095
1.41699999999995	-0.866253600805607	-0.775242634853065	1.66223973513168
1.41799999999995	-1.28454919422637	-0.280211563895981	1.58126621257193
1.41899999999995	-1.56494304502376	0.236409982796978	1.34531306730351
1.41999999999995	-1.67564027625506	0.716945008263869	0.960175434577098
1.42099999999995	-1.62541658837014	1.12658923417364	0.476944572631724
1.42199999999995	-1.42107086997745	1.44356921979237	-0.0526836526301884
1.42299999999995	-1.07531125994727	1.6350198769821	-0.579766851795386
1.42399999999995	-0.637521853949957	1.66268330296303	-1.05383380623427
1.42499999999995	-0.147893657775881	1.51044720478932	-1.41996281579313
1.42599999999995	0.365051921225732	1.20507411726977	-1.61487274392963
1.42699999999995	0.84653215083196	0.783422726047333	-1.66825974363399
1.42799999999995	1.25628304365291	0.279555756193288	-1.57107279275426
1.42899999999995	1.54849261630586	-0.25514389275302	-1.33265265425158
1.42999999999995	1.67155788033035	-0.761674973330331	-0.968026400289449
1.43099999999995	1.62558430178802	-1.17575555681521	-0.498373549495833
1.43199999999995	1.4202683520962	-1.46274893471316	0.0260863505881011
1.43299999999995	1.06894789149228	-1.62958586589175	0.547107060587073
1.43399999999995	0.613906501838909	-1.65384166355076	1.02147665819437
1.43499999999995	0.105460292113329	-1.52022899035655	1.40487178446551
1.43599999999995	-0.40682343220214	-1.23306618785652	1.62543296313513
1.43699999999995	-0.863919372255973	-0.807995695015937	1.67753830997269
1.43799999999995	-1.24509984354583	-0.304219752991492	1.57498685635518
1.43899999999995	-1.52273830842935	0.227562500955571	1.32000567184282
1.43999999999995	-1.66576375066391	0.746547078067937	0.937292644663166
1.44099999999995	-1.6333632830727	1.19084523206418	0.47823890350997
1.44199999999995	-1.42790524634286	1.50471940166575	-0.0228510105149609
1.44299999999995	-1.07897450244901	1.65047881516174	-0.527592721861261
1.44399999999995	-0.629584217784386	1.65313947581761	-0.986764698454061
1.44499999999995	-0.109180773481945	1.50722903846395	-1.36079679393146
1.44599999999995	0.425379149760097	1.22369295279911	-1.60835152078758
1.44699999999995	0.910178015933366	0.823540665479511	-1.67358588386549
1.44799999999995	1.28794160172215	0.3341697634819	-1.57135263402949
1.44899999999995	1.53470764593821	-0.191827816302517	-1.31889110578163
1.44999999999995	1.65350582435365	-0.701343181739297	-0.929207282667261
1.45099999999995	1.62384992429542	-1.15036022771499	-0.451013472833316
1.45199999999995	1.44149092284184	-1.49210481444298	0.0683331275709056
1.45299999999995	1.10891694714538	-1.65760036736717	0.572482695946885
1.45399999999995	0.652276312454953	-1.65967367389158	1.00331835412347
1.45499999999995	0.133406905642798	-1.50654016938202	1.35004712844325
1.45599999999995	-0.397714928262134	-1.20301137737336	1.58398091870238
1.45699999999995	-0.897402809018956	-0.786939618589782	1.67231414902242
1.45799999999995	-1.30790467079941	-0.310975575232407	1.58085557590433
1.45899999999995	-1.56727637014628	0.197501323145532	1.32618425414038
1.45999999999995	-1.6693971383327	0.689510141661741	0.937800732442075
1.46099999999995	-1.62035166002104	1.12451552827118	0.458241782892283
1.46199999999995	-1.42512879103544	1.46147091187406	-0.0735175748824862
1.46299999999995	-1.09914078484119	1.65160777540568	-0.601428211383025
1.46399999999995	-0.66446149636895	1.66105030536647	-1.05729473498714
1.46499999999995	-0.153650362974882	1.50381203047102	-1.38646838937536
1.46599999999995	0.373065559602431	1.20009623274653	-1.59102820713871
1.46699999999995	0.867041065228936	0.773477858409024	-1.66261868876638
1.46799999999995	1.28465389255321	0.275699494576727	-1.57985858357233
1.46899999999995	1.57076840080756	-0.244622406814639	-1.34598330088432
1.46999999999995	1.6764550546141	-0.726041387875012	-0.962516798836963
1.47099999999995	1.6263366705795	-1.13236441809837	-0.478502477933342
1.47199999999995	1.42140036951487	-1.44499922484818	0.0500409997094435
1.47299999999995	1.07305317451121	-1.63347536860906	0.575930204515189
1.47399999999995	0.630807297373734	-1.6659481684948	1.05425253176852
1.47499999999995	0.141937557794235	-1.51374407013625	1.42103277347002
1.47599999999995	-0.367504181423993	-1.2094241170929	1.61854993016035
1.47699999999995	-0.843803012389883	-0.788580093525849	1.67085852342478
1.47799999999995	-1.24893475519583	-0.285080418927364	1.57191255782156
1.47899999999995	-1.54137546285586	0.24938681126304	1.32966854570779
1.47999999999995	-1.67025288211286	0.76034487830488	0.964717952537827
1.48099999999995	-1.62590022784433	1.18392492350789	0.502835126059368
1.48199999999995	-1.41995071614438	1.47077697463784	-0.0172125366060741
1.48299999999995	-1.07153741749632	1.63112580852629	-0.536773111700774
1.48399999999995	-0.617177422349648	1.65047305397219	-1.00921729292232
1.48499999999995	-0.104075637171109	1.51751939425508	-1.39010469205316
1.48599999999995	0.414881791171119	1.23739384535217	-1.62085890127212
1.48699999999995	0.873692102484567	0.816435564531252	-1.67606482829518
1.48799999999995	1.24868187606625	0.312312591934057	-1.57463968289311
1.48899999999995	1.52060083223325	-0.218301378577777	-1.31960239357801
1.48999999999995	1.65992425310709	-0.734177753646242	-0.93273636758286
1.49099999999995	1.63354317464307	-1.18586977253074	-0.470073647863082
1.49199999999995	1.43160269741308	-1.50643525276047	0.0307476337541171
1.49299999999995	1.08181225286464	-1.65375134520171	0.531694356853444
1.49399999999995	0.631459240599885	-1.6547741426656	0.986547190702466
1.49499999999995	0.110225917744783	-1.50614854304665	1.35757384812569
1.49599999999995	-0.423116707676336	-1.21771227496811	1.60213865143028
1.49699999999995	-0.91389742550973	-0.81758506172877	1.67437253030429
1.49799999999995	-1.30011791551822	-0.33276646736936	1.57221877252449
1.49899999999995	-1.54099732995921	0.192771788141324	1.31792693193984
1.49999999999995	-1.65532054373238	0.701950616115775	0.9280819231333
1.50099999999995	-1.62223681749705	1.14989906737506	0.448118698589252
1.50199999999995	-1.43964169453652	1.4919063554433	-0.0746782417678886
1.50299999999995	-1.10923757004228	1.65804620309536	-0.581431680857546
1.50399999999995	-0.65214456970063	1.66034911247345	-1.01139481845963
1.50499999999995	-0.132969552701837	1.50647444242129	-1.35446399104578
1.50599999999994	0.397407448509188	1.20131007587744	-1.5848891748104
1.50699999999994	0.896422294010174	0.782112645319429	-1.67188301727004
1.50799999999994	1.31211959176615	0.303838279728964	-1.58330909545733
1.50899999999994	1.5751153690524	-0.203908350761939	-1.33000633997431
1.50999999999994	1.67230918851807	-0.692527207931014	-0.940007151872516
1.51099999999994	1.62184656966818	-1.12372624017126	-0.460550277971018
1.51199999999994	1.42390544772923	-1.45759164639569	0.0707407851227601
1.51299999999994	1.09499568271736	-1.64996398012988	0.599630406107856
1.51399999999994	0.662311729568426	-1.65961066790721	1.05714302341167
1.51499999999994	0.157308146426673	-1.50360748521203	1.39428657749769
1.51599999999994	-0.367202699295587	-1.20075545917625	1.59520894106983
1.51699999999994	-0.859680350004032	-0.775877717898209	1.6618377441206
1.51799999999994	-1.27672967324365	-0.275507668651554	1.57745300617919
1.51899999999994	-1.56671737831864	0.249526866723129	1.34606760639844
1.51999999999994	-1.67697709081928	0.737786566039139	0.969224669617027
1.52099999999994	-1.62608282753767	1.13839223614961	0.48580605705603
1.52199999999994	-1.42187357216553	1.44527972674305	-0.0412459259881126
1.52299999999994	-1.07170409075648	1.63022711237335	-0.566074394626496
1.52399999999994	-0.626296012359353	1.66188727351644	-1.04209025097462
1.52499999999994	-0.134254771554294	1.51739571497591	-1.41777459927314
1.52599999999994	0.373129369497835	1.21560314176108	-1.62420411667019
1.52699999999994	0.843368047478507	0.793881242614917	-1.67318293057023
1.52799999999994	1.24423810847664	0.290008029470299	-1.57266090627244
1.52899999999994	1.5355790875419	-0.244499755628342	-1.326373186786
1.52999999999994	1.67201220429839	-0.762199334576094	-0.959630713121662
1.53099999999994	1.62489350361666	-1.18636141661743	-0.501038411949874
1.53199999999994	1.41945850646476	-1.4783931217551	0.0151344004294015
1.53299999999994	1.0715857366228	-1.63454587162574	0.533200499596368
1.53399999999994	0.617728863214266	-1.64928315183956	1.00497508636097
1.53499999999994	0.101226714937577	-1.51507259079117	1.38603490316343
1.53599999999994	-0.420041184897551	-1.23526182174514	1.61531456133206
1.53699999999994	-0.882870374138066	-0.818136782473917	1.6755101653246
1.53799999999994	-1.25446056432465	-0.313709068380808	1.57408449235931
1.53899999999994	-1.52231485521542	0.216864152736345	1.31834666471358
1.53999999999994	-1.65915882647078	0.732268613045488	0.929008063022654
1.54099999999994	-1.63342795717019	1.1849552351551	0.463155532012166
1.54199999999994	-1.43336403538733	1.50788466585393	-0.0388625562849881
1.54299999999994	-1.08343137459286	1.65642667134599	-0.537736902578929
1.54399999999994	-0.631735516245621	1.65648541287414	-0.988902868072427
1.54499999999994	-0.110364674591384	1.50580209504363	-1.35718817716895
1.54599999999994	0.423044317398637	1.2138657861205	-1.60108343243123
1.54699999999994	0.919586841922104	0.813033095564932	-1.67796078047506
1.54799999999994	1.3066978956706	0.33148472184318	-1.57325537854708
1.54899999999994	1.54673790199404	-0.192282414459986	-1.31808942579854
1.54999999999994	1.65748609181009	-0.699530120398269	-0.928971834951346
1.55099999999994	1.62108344301964	-1.14554800860881	-0.448860944983971
1.55199999999994	1.43842434976832	-1.48762460530534	0.0771470335676124
1.55299999999994	1.11154158578724	-1.65661559704109	0.587894252758289
1.55399999999994	0.657678740120878	-1.65995708918772	1.01913807552235
1.55499999999994	0.139965814945814	-1.50667993254822	1.35758678272842
1.55599999999994	-0.388771212361516	-1.20146159654564	1.58339758720937
1.55699999999994	-0.887177091779139	-0.779478325895685	1.66936568182427
1.55799999999994	-1.30574934527785	-0.297250378252806	1.58514576444445
1.55899999999994	-1.57539835502715	0.210035987327646	1.33613950816976
1.55999999999994	-1.67407692648381	0.694426239601246	0.946690179522917
1.56099999999994	-1.62339383820776	1.11894552516169	0.467263404490234
1.56199999999994	-1.42311337016905	1.44961536070801	-0.062776202352468
1.56299999999994	-1.0891858949454	1.6423116438478	-0.590124519255513
1.56399999999994	-0.65840121011077	1.66054102104073	-1.05667419759963
1.56499999999994	-0.160465409985903	1.50410454619837	-1.40218820771009
1.56599999999994	0.361109075776822	1.20179415770906	-1.60053752197407
1.56699999999994	0.851895586126184	0.779253714933298	-1.66205854442929
1.56799999999994	1.26802426477434	0.276960520348951	-1.57464102714309
1.56899999999994	1.56196097759337	-0.25330614963209	-1.34419885116734
1.56999999999994	1.67523269118761	-0.747746934137032	-0.973461194191793
1.57099999999994	1.6253798109615	-1.14681735928402	-0.490767190538396
1.57199999999994	1.42177706961069	-1.44798330958202	0.0357816379890714
1.57299999999994	1.07015385879008	-1.62890070714465	0.560185792716999
1.57399999999994	0.621115802064562	-1.66039011474463	1.03698837141709
1.57499999999994	0.125513328729397	-1.51916221597146	1.41590776311832
1.57599999999994	-0.380812839387872	-1.21968227506096	1.62609011443726
1.57699999999994	-0.846997026962415	-0.795944331260372	1.67502885936043
1.57799999999994	-1.24360093337804	-0.291283924100792	1.57316670008811
1.57899999999994	-1.53315611295453	0.243241493940087	1.3234983808293
1.57999999999994	-1.66943434467646	0.758563850385605	0.952936787515478
1.58099999999994	-1.62586105973155	1.19012990493716	0.496360459178518
1.58199999999994	-1.41926685598876	1.48461558486657	-0.0165912003603144
1.58299999999994	-1.07083560684757	1.63815623592506	-0.532556040533079
1.58399999999994	-0.617663263970743	1.64903829279542	-1.00322620499646
1.58499999999994	-0.0991108242724605	1.5126457033137	-1.38305260283049
1.58599999999994	0.426980206568516	1.23439717489292	-1.61868579822481
1.58699999999994	0.891881336150514	0.82031552710806	-1.67518483412923
1.58799999999994	1.26092547995139	0.316700192772032	-1.57392549186574
1.58899999999994	1.52397492815925	-0.212712941120922	-1.31846890417097
1.58999999999994	1.65771111396736	-0.726734085293004	-0.927327858064163
1.59099999999994	1.63315168699274	-1.1801393819245	-0.457838126443272
1.59199999999994	1.43699621172425	-1.50653675776762	0.0466946961308198
1.59299999999994	1.0885808563687	-1.65791717499512	0.543263467185241
1.59399999999994	0.635987468757095	-1.65813515023594	0.989426101905306
1.59499999999994	0.11526677201978	-1.50623520994282	1.35306221937707
1.59599999999994	-0.417674135036794	-1.2104464001244	1.59651363888141
1.59699999999993	-0.913224949330817	-0.806970716578713	1.67564361592094
1.59799999999993	-1.31085130321401	-0.330328423043327	1.57488938800526
1.59899999999993	-1.55269593511228	0.189238314335325	1.31867183801027
1.59999999999993	-1.65998615840173	0.693100762891958	0.930881250106107
1.60099999999993	-1.61941038423548	1.13788558006526	0.451702474996694
1.60199999999993	-1.43568981680197	1.48039397899506	-0.0779498023829378
1.60299999999993	-1.11153368060583	1.6546751676485	-0.593765252618455
1.60399999999993	-0.662867430526853	1.65876463081598	-1.02896397536179
1.60499999999993	-0.146194980776777	1.506265010331	-1.36285235616869
1.60599999999993	0.38165753217023	1.20129301060982	-1.58336795731562
1.60699999999993	0.879311089404297	0.777125674772702	-1.66672504600782
1.60799999999993	1.30040273953687	0.290099004116952	-1.58550251965864
1.60899999999993	1.57496508568263	-0.219087406478032	-1.34082422347128
1.60999999999993	1.67548777221837	-0.700419644403423	-0.951401405230365
1.61099999999993	1.62454061380406	-1.11974157045503	-0.470745901182199
1.61199999999993	1.42244441779003	-1.44612710311508	0.0591059799273016
1.61299999999993	1.08423643759833	-1.63997859450773	0.586421688953051
1.61399999999993	0.651866206697794	-1.66480620496232	1.06011280303376
1.61499999999993	0.158518857890606	-1.50586750523249	1.40825012435759
1.61599999999993	-0.360225881202217	-1.20309451809127	1.60556584728102
1.61699999999993	-0.847857878204441	-0.781328219534358	1.66386091198984
1.61799999999993	-1.2625447158646	-0.278371541490044	1.5729563364952
1.61899999999993	-1.55284310147121	0.253256016939472	1.34019540168077
1.61999999999993	-1.67384773719575	0.754618513059672	0.974165176394823
1.62099999999993	-1.62430796850861	1.1557487438232	0.49499343381143
1.62199999999993	-1.42128968686105	1.45160134705629	-0.0310330001750004
1.62299999999993	-1.06928409319662	1.62805161380035	-0.554351861208736
1.62399999999993	-0.617438271151706	1.65806476000065	-1.0309961850834
1.62499999999993	-0.117493532609342	1.5203892366037	-1.41217908378955
1.62599999999993	0.389652883786711	1.22491838717776	-1.62646828075138
1.62699999999993	0.851406253835223	0.799528475580516	-1.67634684894037
1.62799999999993	1.24259652015714	0.295041184109221	-1.57398841375775
1.62899999999993	1.52906091375454	-0.239023102685565	-1.32158557262872
1.62999999999993	1.66818623648496	-0.754941727253632	-0.94702003703951
1.63099999999993	1.63011730377894	-1.19479443333569	-0.491172435434977
1.63199999999993	1.4208367454527	-1.49133046776059	0.0170751711600097
1.63299999999993	1.07288543255476	-1.64239492749485	0.52991971946935
1.63399999999993	0.620835137672728	-1.64972237436108	0.997791159797083
1.63499999999993	0.100533959950225	-1.51035332056323	1.37668335520133
1.63599999999993	-0.429507137638478	-1.23182509446762	1.61644976621841
1.63699999999993	-0.903759671613477	-0.824503916661658	1.67649561664946
1.63799999999993	-1.26896501934019	-0.322379995011914	1.57317918641815
1.63899999999993	-1.52592145558215	0.206110730562786	1.31889062286833
1.63999999999993	-1.65560542870476	0.71824367035651	0.927006785084029
1.64099999999993	-1.63143895007003	1.17188223828661	0.453637988453962
1.64199999999993	-1.44023998958638	1.50287038621844	-0.0549560617791891
1.64299999999993	-1.09565002337976	1.66059105267671	-0.552614294867299
1.64399999999993	-0.642331027979026	1.65926453259046	-0.991536916363831
1.64499999999993	-0.122419124154372	1.50682309720098	-1.34918265509373
1.64599999999993	0.409662437937079	1.20759436248393	-1.59056257498041
1.64699999999993	0.907223357447672	0.800264203593081	-1.67499924113861
1.64799999999993	1.31266356675981	0.326410035674693	-1.57779951825689
1.64899999999993	1.55913025813127	-0.187766474102387	-1.32101758911255
1.64999999999993	1.66332120620348	-0.687796123588095	-0.934479152847301
1.65099999999993	1.61898117322112	-1.12972753061325	-0.456132893707929
1.65199999999993	1.43238455738558	-1.47240964310555	0.076269199943268
1.65299999999993	1.10886929397616	-1.65309397638043	0.59723834267038
1.65399999999993	0.667502971965816	-1.66008233616886	1.04236481809965
1.65499999999993	0.151607533255483	-1.50527968487673	1.37066091986232
1.65599999999993	-0.375443579266001	-1.20124839401037	1.58477600570441
1.65699999999993	-0.872111283514722	-0.775752628999994	1.66423744589662
1.65799999999993	-1.29445903679473	-0.283986662204224	1.58452853625371
1.65899999999993	-1.57344213977118	0.228799568023939	1.34472716336971
1.65999999999993	-1.67612466977803	0.708569137265278	0.95671432144666
1.66099999999993	-1.62540870806051	1.12245031333443	0.47491444549031
1.66199999999993	-1.42208135398056	1.44364522882622	-0.0546898795095902
1.66299999999993	-1.07958685233248	1.6369759516767	-0.581803455134204
1.66399999999993	-0.644796720490991	1.66251476559022	-1.05450884812033
1.66499999999993	-0.154289841571846	1.50878325576159	-1.41699589414209
1.66599999999993	0.361124485868371	1.2043399749589	-1.61083636513925
1.66699999999993	0.845436052080071	0.783084189735488	-1.66613902476624
1.66799999999993	1.25800798943438	0.279725309732607	-1.5715621771792
1.66899999999993	1.54988260041814	-0.254151108473864	-1.33613157217075
1.66999999999993	1.67345024528168	-0.760694629214023	-0.972119322431711
1.67099999999993	1.62365584601878	-1.1655710602233	-0.497106701128214
1.67199999999993	1.42061737787196	-1.45727056238644	0.027956511072489
1.67299999999993	1.06878113657682	-1.62864182636371	0.550293655087534
1.67399999999993	0.613902175173799	-1.65824205656495	1.0294563984436
1.67499999999993	0.110134450498567	-1.52074919232085	1.40924026262096
1.67599999999993	-0.399253543726512	-1.22969388714331	1.62676148245056
1.67699999999993	-0.857806581918445	-0.803158920661831	1.67762802639029
1.67799999999993	-1.24387634232847	-0.299041566464367	1.57481640255956
1.67899999999993	-1.52601888729163	0.23442058848753	1.32055547664378
1.67999999999993	-1.66663385787295	0.75036694769056	0.941623097834827
1.68099999999993	-1.62953843556285	1.19080329265223	0.485092836980671
1.68199999999993	-1.42298172507619	1.4963560703764	-0.0197516371349105
1.68299999999993	-1.07466722806496	1.64635907805276	-0.529030524604097
1.68399999999993	-0.623175139979225	1.65097113626778	-0.993319905012982
1.68499999999993	-0.102324233804182	1.50800850382811	-1.37083990652119
1.68599999999993	0.430585992796562	1.22766470684762	-1.6137714560218
1.68699999999993	0.911244353838955	0.824666792222882	-1.67591443916115
1.68799999999992	1.27838158073682	0.326304310626458	-1.57197244013327
1.68899999999992	1.52971999724296	-0.201393885378693	-1.31843408427778
1.68999999999992	1.65479729646804	-0.712189847461986	-0.926763940992479
1.69099999999992	1.62739863683914	-1.16128060876381	-0.45081673410791
1.69199999999992	1.44157781410977	-1.49904677347978	0.0625514080178609
1.69299999999992	1.10251927844734	-1.66013952722125	0.562481200578548
1.69399999999992	0.646684500550495	-1.66009975350669	0.996677159344593
1.69499999999992	0.127370987496883	-1.50709019189607	1.34926012192095
1.69599999999992	-0.404217596541343	-1.20526548739141	1.58704976041797
1.69699999999992	-0.902732100810898	-0.793695083418023	1.67420901388693
1.69799999999992	-1.30914675016373	-0.319414839905566	1.57900875514034
1.69899999999992	-1.56365568692474	0.191272113093571	1.32335120169403
1.69999999999992	-1.6663820129171	0.687481629519704	0.936300699398084
1.70099999999992	-1.61944567722271	1.1259336708575	0.457549793963471
1.70199999999992	-1.4278782575082	1.46431718754465	-0.0735374677451507
1.70299999999992	-1.10372803638265	1.64793508227459	-0.5969567734418
1.70399999999992	-0.667202410610178	1.65972027762975	-1.0500454207445
1.70499999999992	-0.153489376961519	1.503932422388	-1.37852255256371
1.70599999999992	0.373362830028602	1.20034244514442	-1.58736977188945
1.70699999999992	0.868531483776114	0.774249725768511	-1.66289100235495
1.70799999999992	1.28651314343778	0.279384455647788	-1.58148621427368
1.70899999999992	1.56599216622744	-0.236912301725895	-1.34502491573596
1.70999999999992	1.67631237714818	-0.717433999671692	-0.959309848853579
1.71099999999992	1.62576924725707	-1.12739099611221	-0.476258856127712
1.71199999999992	1.42132623274091	-1.44439908466737	0.0533777416458504
1.71299999999992	1.07546128515966	-1.63563524020275	0.58042455299253
1.71399999999992	0.637653238604341	-1.66301704767269	1.05437472943996
1.71499999999992	0.147826950802368	-1.51059689026174	1.42027809146182
1.71599999999992	-0.365459890219334	-1.20521863748646	1.61505607534112
1.71699999999992	-0.846804792432244	-0.783464815617222	1.66843361529737
1.71799999999992	-1.25650723429312	-0.279485066796581	1.57128168207825
1.71899999999992	-1.54845939294404	0.255206500328168	1.33280926031906
1.71999999999992	-1.67398079278178	0.764835556097529	0.968924189743584
1.72099999999992	-1.62564470917193	1.17632945571049	0.498561878547477
1.72199999999992	-1.42038543551893	1.46327578047165	-0.0254619354947767
1.72299999999992	-1.06934260546221	1.62980528529119	-0.546399375858965
1.72399999999992	-0.614360690862611	1.65387485296577	-1.02061181396359
1.72499999999992	-0.105727724426483	1.52048030116553	-1.40422602175548
1.72599999999992	0.406912551818341	1.23386396817395	-1.6252924892891
1.72699999999992	0.864223713651348	0.808898703593255	-1.67763056674008
1.72799999999992	1.24499812860202	0.305341156613581	-1.57517829238152
1.72899999999992	1.52256533828952	-0.226451402333794	-1.32023822938518
1.72999999999992	1.66326864822099	-0.742005294617358	-0.937264823509849
1.73099999999992	1.6309869042384	-1.18609616437138	-0.478467450924277
1.73199999999992	1.42780959117587	-1.5041615084963	0.0229943216840412
1.73299999999992	1.07846835201335	-1.65038888087534	0.52788151595733
1.73399999999992	0.628746549431226	-1.65286585801618	0.987268893642632
1.73499999999992	0.108129144468491	-1.50686014640755	1.36153376664135
1.73599999999992	-0.426696930632606	-1.22321159268892	1.60889964552606
1.73699999999992	-0.911071306047151	-0.822690742594147	1.67366886741126
1.73799999999992	-1.2916886952029	-0.332423480256732	1.57201562325753
1.73899999999992	-1.53515172512152	0.193670288945361	1.31851928975827
1.73999999999992	-1.65419737301894	0.703632545682686	0.928385888199404
1.74099999999992	-1.62444195469605	1.15274391936233	0.449983600625925
1.74199999999992	-1.44151770521365	1.49407159202207	-0.0687772480313078
1.74299999999992	-1.10800498337397	1.65866609818739	-0.572505069233628
1.74399999999992	-0.650702479598985	1.66031674411575	-1.00342527396511
1.74499999999992	-0.131666679672549	1.5068427120852	-1.35081933833184
1.74599999999992	0.399671047075761	1.20307623430142	-1.5851683268808
1.74699999999992	0.899072556300769	0.787301069951011	-1.67294921704813
1.74799999999992	1.30890984962279	0.311382666685154	-1.58065420740749
1.74899999999992	1.56729625973422	-0.197350475673305	-1.32564117132836
1.74999999999992	1.66930329650503	-0.690018757430938	-0.937075022043946
1.75099999999992	1.62025225013574	-1.12553323255241	-0.457480961635009
1.75199999999992	1.42529225928517	-1.46217811824713	0.0741091352326154
1.75299999999992	1.09939747160973	-1.65183156058546	0.601681024846007
1.75399999999992	0.66451950935629	-1.6609493412437	1.05697289064695
1.75499999999992	0.153470905406967	-1.50377998191347	1.38629778846752
1.75599999999992	-0.372870484070839	-1.20010540140308	1.5910897607028
1.75699999999992	-0.866791857159963	-0.773686407810781	1.66278032442421
1.75799999999992	-1.28429809232667	-0.27598268374044	1.58001450150167
1.75899999999992	-1.57078832553428	0.244249435880799	1.34622575201189
1.75999999999992	-1.67654195368948	0.725874390098612	0.962935994793827
1.76099999999992	-1.6264997917433	1.13238315379705	0.479002644624744
1.76199999999992	-1.42169156725503	1.44483949232409	-0.0492281617462027
1.76299999999992	-1.07337584741066	1.63341283668076	-0.575184561767179
1.76399999999992	-0.631140378564379	1.66613515977772	-1.05369625753518
1.76499999999992	-0.142266730754366	1.51402852438392	-1.42083983249637
1.76599999999992	0.367093028813006	1.20972573404578	-1.61862200923319
1.76699999999992	0.84346848422388	0.788932961153467	-1.67097254261882
1.76799999999992	1.24860690534718	0.285515128812974	-1.57198380695731
1.76899999999992	1.54117397256272	-0.24912252630287	-1.32983523421905
1.76999999999992	1.67021433645838	-0.760140554473856	-0.964956334023154
1.77099999999992	1.62587852736038	-1.18369740413504	-0.502940352920095
1.77199999999992	1.41983714164556	-1.47072835502451	0.017249492490969
1.77299999999992	1.0714258812631	-1.63114623183012	0.53674295001515
1.77399999999992	0.617002826974937	-1.65058952739148	1.00940293363231
1.77499999999992	0.10400130125225	-1.51758630656651	1.39036642831655
1.77599999999992	-0.414760143418725	-1.23712769893388	1.62107452062651
1.77699999999992	-0.873460912497278	-0.815884171716774	1.67615988689133
1.77799999999991	-1.24876180807472	-0.311694707341582	1.57465724415689
1.77899999999991	-1.52084971197399	0.219011088533549	1.31954528175867
1.77999999999991	-1.66025917527842	0.734887504406075	0.932804640086493
1.78099999999991	-1.63365373671853	1.18637814506121	0.470245094221686
1.78199999999991	-1.43129277804227	1.50669028817391	-0.0305036041198822
1.78299999999991	-1.08154149020318	1.65386532935301	-0.531729078866297
1.78399999999991	-0.631238498654932	1.65481386163422	-0.986729627962177
1.78499999999991	-0.110072691213826	1.50623979527135	-1.35796160961797
1.78599999999991	0.423251908883393	1.21795773925943	-1.60248193580482
1.78699999999991	0.91379942343953	0.817859071998788	-1.67447767386251
1.78799999999991	1.29987293377022	0.332845343653044	-1.57230036654828
1.78899999999991	1.54084019720792	-0.192561309147222	-1.31799069044346
1.78999999999991	1.65531537916358	-0.701534654088048	-0.928256896936113
1.79099999999991	1.62232647252797	-1.14947728710956	-0.448435896953636
1.79199999999991	1.43982954862884	-1.49149428559146	0.0742209016032531
1.79299999999991	1.10942002786205	-1.65788945418289	0.581147464616588
1.79399999999991	0.652748773328503	-1.66028902877464	1.01115498771721
1.79499999999991	0.133843342833896	-1.50656430480146	1.35414757661177
1.79599999999991	-0.396337476872329	-1.20153777787186	1.58455683367073
1.79699999999991	-0.895257850297731	-0.782343019470505	1.67164773711936
1.79799999999991	-1.31123505346097	-0.303940799739431	1.5836230876354
1.79899999999991	-1.57497163342674	0.203574362634077	1.33058192497763
1.79999999999991	-1.6723756074334	0.691875283218475	0.940843065780403
1.80099999999991	-1.62197725626574	1.12263694198773	0.461645223887675
1.80199999999991	-1.42593294274754	1.45913620755116	-0.0720341587647546
1.80299999999991	-1.09500362875336	1.64992572354473	-0.598765958313411
1.80399999999991	-0.662680297360254	1.65979244494432	-1.05675751732973
1.80499999999991	-0.158289870811417	1.5038233008104	-1.3946033182348
1.80599999999991	0.365972806538708	1.20121236483441	-1.59542049322906
1.80699999999991	0.858269513601433	0.77659890907958	-1.66179152864234
1.80799999999991	1.27538517109166	0.27622225191864	-1.57744300619887
1.80899999999991	1.56596129338532	-0.249297636010308	-1.34636825761698
1.80999999999991	1.67669155056153	-0.737943378020109	-0.970042622266457
1.81099999999991	1.62598403511113	-1.13838482929537	-0.486725447167011
1.81199999999991	1.42194037815327	-1.44503955281871	0.0402089538248886
1.81299999999991	1.07180986899203	-1.62976539611537	0.564925111700158
1.81399999999991	0.62618031936351	-1.66166635401714	1.04119505631812
1.81499999999991	0.134067035292423	-1.5175443258388	1.41732844494885
1.81599999999991	-0.373208318497058	-1.21579497966965	1.62420878157401
1.81699999999991	-0.843219699275693	-0.79424504436131	1.67318760596085
1.81799999999991	-1.2437362795996	-0.29050788585663	1.57263917849458
1.81899999999991	-1.53796250329915	0.247009491432206	1.32811211419287
1.81999999999991	-1.67232149119306	0.762292323822685	0.959467908751718
1.82099999999991	-1.62512959291292	1.18658422430297	0.501089094538756
1.82199999999991	-1.41971421075239	1.47875525385059	-0.0148332768961609
1.82299999999991	-1.07187727331232	1.6348077944491	-0.532848311503163
1.82399999999991	-0.618205725404531	1.64933674059543	-1.00441969354984
1.82499999999991	-0.10162670273655	1.51513403982151	-1.3855332451608
1.82599999999991	0.420005857701314	1.23565125088701	-1.61503297908624
1.82699999999991	0.883117693716717	0.818868188556342	-1.67542981024305
1.82799999999991	1.25454456054626	0.314498813233325	-1.57413233455391
1.82899999999991	1.52199745414341	-0.215772818647908	-1.3185363361332
1.82999999999991	1.65876797671689	-0.731106334078396	-0.929177262131406
1.83099999999991	1.63336599255837	-1.18396715598265	-0.463071240790151
1.83199999999991	1.43382274292957	-1.50742799579747	0.0390903645852819
1.83299999999991	1.08406803714338	-1.65632564340735	0.53772648221878
1.83399999999991	0.632489808891752	-1.65651891010737	0.988272248126669
1.83499999999991	0.111414032109084	-1.505798128442	1.35608543795628
1.83599999999991	-0.421939828899532	-1.21363750333338	1.60011818483126
1.83699999999991	-0.918945863447654	-0.812791327491009	1.67788538386483
1.83799999999991	-1.30711649650821	-0.33185385706327	1.57334740228102
1.83899999999991	-1.54726586281612	0.191191256438954	1.31832213378244
1.83999999999991	-1.65758272354911	0.698054852999533	0.929607597059352
1.84099999999991	-1.62079678486815	1.14388774658158	0.44978450533433
1.84199999999991	-1.43832073807781	1.48620648665569	-0.0767758764455721
1.84299999999991	-1.1121419454807	1.65620042136621	-0.588259027211061
1.84399999999991	-0.659097137569362	1.65975948864557	-1.02000280139474
1.84499999999991	-0.141620290230138	1.50676484657831	-1.35769849435409
1.84599999999991	0.386894296610015	1.2017232923981	-1.58290593718089
1.84699999999991	0.885289370507367	0.779526395207554	-1.66874788127873
1.84799999999991	1.30443492558496	0.296708364560284	-1.5852923760772
1.84899999999991	1.57504094192985	-0.210770677027019	-1.33703818579555
1.84999999999991	1.67407831693921	-0.694486108829248	-0.947672231988484
1.85099999999991	1.62347314403075	-1.11825916215635	-0.468331836162254
1.85199999999991	1.42300138399887	-1.44826377208028	0.0613842960157787
1.85299999999991	1.08861150725736	-1.64140591605491	0.5886329215338
1.85399999999991	0.657760687450522	-1.66357315201043	1.05966134282345
1.85499999999991	0.161062164297143	-1.50449939217589	1.40327908694997
1.85599999999991	-0.35954900586634	-1.202562761427	1.60127002891299
1.85699999999991	-0.849576055080959	-0.780693139972971	1.66221449959207
1.85799999999991	-1.26523865710419	-0.278538189571916	1.57431792406552
1.85899999999991	-1.55993852817355	0.252598437988232	1.34421418363439
1.85999999999991	-1.67453042206376	0.748672941438154	0.975157520621286
1.86099999999991	-1.62509503375324	1.14822317390669	0.493876161728821
1.86199999999991	-1.4221141428497	1.4478406079522	-0.0319737800129471
1.86299999999991	-1.07087766505091	1.62765094938755	-0.555710574827088
1.86399999999991	-0.621256143196084	1.65934391461471	-1.03254332482876
1.86499999999991	-0.124437552893479	1.52010612462211	-1.41288127503777
1.86599999999991	0.381897042940644	1.22255827165775	-1.6255076192857
1.86699999999991	0.846378571358137	0.798894612701683	-1.67500103229209
1.86799999999991	1.24091778569678	0.294730086235898	-1.57341604620882
1.8689999999999	1.52975081094389	-0.239406945035317	-1.32316865729841
1.8699999999999	1.66806623336604	-0.755306074521881	-0.951624945946465
1.8709999999999	1.62630820396677	-1.18942985146437	-0.49600008819137
1.8719999999999	1.41953103177693	-1.48638245710274	0.0150144545939976
1.8729999999999	1.07177537550186	-1.63896678358018	0.52986990927867
1.8739999999999	0.619328151700362	-1.64871491593915	0.999880759517389
1.8749999999999	0.100149798597562	-1.51168632949726	1.37972697384835
1.8759999999999	-0.42744542250783	-1.23379113521706	1.61755024339235
1.8769999999999	-0.897170698977267	-0.822461453732862	1.67698223233547
1.8779999999999	-1.26290116592462	-0.318867231472448	1.57366534068722
1.8789999999999	-1.52416552149261	0.210284318576159	1.31869683627934
1.8799999999999	-1.65674931077245	0.723736423256407	0.927342761792111
1.8809999999999	-1.63276104974916	1.17756888007871	0.456726768872875
1.8819999999999	-1.43816239189213	1.50547239664233	-0.0487622909683086
1.8829999999999	-1.09058750282701	1.65797025152994	-0.544927702445998
1.8839999999999	-0.63778720710214	1.65841671423849	-0.989381616766104
1.8849999999999	-0.117347161023403	1.50634572081638	-1.35146400948439
1.8859999999999	0.41533768286868	1.20953394513155	-1.59457518138731
1.8869999999999	0.911593295076396	0.80523859532145	-1.67529409761144
1.8879999999999	1.30753171906859	0.329316161562986	-1.57425748785217
1.8889999999999	1.55404317413001	-0.188363236827506	-1.3188381252178
1.8899999999999	1.66044860382332	-0.691119125981822	-0.931509649376335
1.8909999999999	1.61877219960835	-1.13529402019448	-0.452678165180969
1.8919999999999	1.43445712766666	-1.47783918962489	0.0777660425246737
1.8929999999999	1.11079059368482	-1.65399376770677	0.594966548780794
1.8939999999999	0.664154677352194	-1.6582543587527	1.03184186462091
1.8949999999999	0.147918678389638	-1.50581807238764	1.36467685426839
1.8959999999999	-0.379484645808948	-1.20124017685507	1.58339830165518
1.8969999999999	-0.876571953705962	-0.776714808151088	1.66566051168013
1.8979999999999	-1.29800880860912	-0.288312432179366	1.58530146194194
1.8989999999999	-1.57431272203731	0.221825412934129	1.34254212511319
1.8999999999999	-1.67568256328643	0.702427674701515	0.953703598989067
1.9009999999999	-1.62492425611315	1.11966972377023	0.473126710523689
1.9019999999999	-1.42255957247418	1.44410181746463	-0.0562859214539636
1.9029999999999	-1.0829167406027	1.63815479199303	-0.583270735622953
1.9039999999999	-0.650241126427476	1.66196225457981	-1.05453200536846
1.9049999999999	-0.158614734611857	1.50749995598559	-1.41377640589843
1.9059999999999	0.358493825714715	1.20410472156732	-1.60729204419351
1.9069999999999	0.844449877083004	0.783221391879041	-1.66439154295963
1.9079999999999	1.25827482075318	0.280655237042601	-1.57214262170842
1.9089999999999	1.54982121440935	-0.251889429034416	-1.33872794765909
1.9099999999999	1.67279968505569	-0.756125593859158	-0.974534120856183
1.9109999999999	1.62361622968324	-1.15947110922831	-0.49811030589095
1.9119999999999	1.42106993257982	-1.45311202682435	0.0267892081418445
1.9129999999999	1.06974732663474	-1.6271853458954	0.549306818138285
1.9139999999999	0.616119713457753	-1.65887412858545	1.02890960971405
1.9149999999999	0.114769973658731	-1.52101372183329	1.4089391955714
1.9159999999999	-0.393309862713188	-1.22850655402189	1.62604143795364
1.9169999999999	-0.853128958874914	-0.802627449118729	1.6766703851255
1.9179999999999	-1.24158443045892	-0.298619303610337	1.57441658753946
1.9189999999999	-1.52607112522676	0.235079884114444	1.32129413826086
1.9199999999999	-1.66685383904116	0.751323134374948	0.944705308349247
1.9209999999999	-1.63088688460196	1.19384937119277	0.488884455829324
1.9219999999999	-1.42188016276055	1.49351490633488	-0.0170855520684562
1.9229999999999	-1.07407711995388	1.64396979471092	-0.528273944049046
1.9239999999999	-0.622560409234568	1.64999754635206	-0.99447646122085
1.9249999999999	-0.101985548532707	1.50909268544773	-1.37295841779229
1.9259999999999	0.427551702853194	1.22923757121401	-1.61025163679302
1.9269999999999	0.906548108548438	0.825119879616999	-1.67568740617332
1.9279999999999	1.27264514553276	0.324538834566258	-1.57231057979715
1.9289999999999	1.52694459276993	-0.203650146789551	-1.31838874269684
1.9299999999999	1.65477252905745	-0.715280861276855	-0.926526046468569
1.9309999999999	1.63010097608031	-1.16879506471066	-0.451751496986283
1.9319999999999	1.44062277734209	-1.50141994502193	0.0586631721707942
1.9329999999999	1.09850606244777	-1.66040613130213	0.556937556488576
1.9339999999999	0.64378099372136	-1.65961438638606	0.993580197524778
1.9349999999999	0.124136047176565	-1.50690477525097	1.34900237810979
1.9359999999999	-0.407717306285233	-1.20634404896782	1.58904119840053
1.9369999999999	-0.905618055215058	-0.797287091214539	1.67475030383943
1.9379999999999	-1.31307947788916	-0.323634704243301	1.5789353491554
1.9389999999999	-1.56129700394696	0.188938123873547	1.32199824449853
1.9399999999999	-1.66473287850024	0.687226279627146	0.935489761669844
1.9409999999999	-1.61916275553037	1.12750515228333	0.457272079399959
1.9419999999999	-1.42968627577072	1.46608061279618	-0.0732799644112128
1.9429999999999	-1.10657318857431	1.64804143488499	-0.59521336988794
1.9439999999999	-0.668363588510512	1.65945257600295	-1.04547798497099
1.9449999999999	-0.153599000188938	1.5044559045153	-1.37386203377403
1.9459999999999	0.372906338425365	1.20095345573623	-1.58530148299753
1.9469999999999	0.868658955229798	0.775406809873067	-1.66289647585365
1.9479999999999	1.28665435881969	0.28224232751747	-1.58216833231903
1.9489999999999	1.56562581337882	-0.232411018443337	-1.3448370216568
1.9499999999999	1.6755284279445	-0.71255425693033	-0.958740078312859
1.9509999999999	1.62517954066791	-1.12412942173469	-0.476313014195442
1.9519999999999	1.42141818461478	-1.44302291340035	0.0531498193493627
1.9529999999999	1.07718762485499	-1.63553800609744	0.580172670818752
1.9539999999999	0.640938710180709	-1.66258711842657	1.05381026587848
1.9549999999999	0.151175081960416	-1.50976819349676	1.41859148145998
1.9559999999999	-0.362858728133705	-1.20485245277555	1.61306675959545
1.9569999999999	-0.845488769297281	-0.783616784271476	1.66730895836329
1.9579999999999	-1.25660551134199	-0.280075610156457	1.57133155675301
1.9589999999999	-1.54882441574072	0.254320111349174	1.33440019240967
1.95999999999989	-1.6736683228808	0.76267363279322	0.970723990705408
1.96099999999989	-1.62566268884469	1.17217772437058	0.498344536853642
1.96199999999989	-1.42076516860296	1.46006505454021	-0.0262583450958312
1.96299999999989	-1.06930609906094	1.62894157457235	-0.547717143985366
1.96399999999989	-0.614073510694212	1.65694520824369	-1.02633114634909
1.96499999999989	-0.107826173964623	1.5207780683554	-1.40640476487492
1.96599999999989	0.403016130252625	1.2321368504273	-1.62601147665595
1.96699999999989	0.860615844348515	0.806448504945509	-1.6774980246045
1.96799999999989	1.24379502568408	0.302645046765224	-1.57494532971518
1.96899999999989	1.5235426904245	-0.22991616086164	-1.32034310524273
1.96999999999989	1.66456225153192	-0.745596746861523	-0.939225756156546
1.97099999999989	1.63023536762742	-1.18803644195272	-0.481752978538967
1.97199999999989	1.4258265108946	-1.50264963402147	0.020831462126636
1.97299999999989	1.07694121315079	-1.64851204104292	0.527397655880794
1.97399999999989	0.626769491075346	-1.65194683603223	0.98879013081042
1.97499999999989	0.106267406020443	-1.50723115411212	1.3647486129837
1.97599999999989	-0.427882891091129	-1.22536744596163	1.61052359014235
1.97699999999989	-0.913271127786893	-0.824909930080135	1.67571119085078
1.97799999999989	-1.28405567762173	-0.331136828817502	1.57152498227954
1.97899999999989	-1.53224355237912	0.195701847890498	1.31885667105859
1.97999999999989	-1.65387125865552	0.705713287700844	0.928277215246986
1.98099999999989	-1.62554631102408	1.15506306019393	0.450779659094436
1.98199999999989	-1.44197643381811	1.49525630810372	-0.0658955408305978
1.98299999999989	-1.10659325693186	1.65885603156546	-0.568030267345511
1.98399999999989	-0.650093036860958	1.66000404521955	-0.999935562371857
1.98499999999989	-0.131024969131563	1.50695182481883	-1.34917258939519
1.98599999999989	0.400245014336149	1.20410099885118	-1.58499224318417
1.98699999999989	0.899372118691997	0.789918940553823	-1.67307825750796
1.98799999999989	1.30823663235138	0.314939756041077	-1.5801152450367
1.98899999999989	1.56559560454827	-0.194264529617828	-1.32500049365583
1.98999999999989	1.66794349298223	-0.68798560940445	-0.937388366179682
1.99099999999989	1.62147071800168	-1.12624463886658	-0.457189246927754
1.99199999999989	1.42632326671209	-1.46220531007404	0.0730657956692602
1.99299999999989	1.10151167226211	-1.6514837681701	0.600164444225168
1.99399999999989	0.666203823546646	-1.6605090361151	1.05442367425834
1.99499999999989	0.154337103784503	-1.50395182748453	1.38315917507415
1.99599999999989	-0.372586954505204	-1.20046110580776	1.58935040073726
1.99699999999989	-0.867056650587673	-0.774101131286845	1.66263623019092
1.99799999999989	-1.285001160504	-0.277418504423727	1.58060947543016
1.99899999999989	-1.57098340657129	0.241469613278579	1.34622824699695
2	-1.67644289792443	0.72228084693382	0.961594067982618
