"Time [s]"	"Current(Phase_A) [A]"	"Current(Phase_C) [A]"	"Current(Phase_B) [A]"
0	0	0	0
0.001	8.47095081153143	25.6440198845791	-34.1149706961105
0.002	30.2839051921212	49.6426342984378	-79.926539490559
0.003	62.2420605926837	59.6897194264142	-121.931780019098
0.004	100.292955281971	54.022841148133	-154.315796430104
0.005	139.207487419408	35.518282396876	-174.725769816284
0.006	175.384741322152	6.66812198854734	-182.052863310699
0.007	206.807518521325	-31.9796819127402	-174.827836608585
0.008	228.070256804507	-76.6233884126208	-151.446868391886
0.009	234.092966182466	-121.563132024407	-112.529834158058
0.01	223.118354573272	-160.236300859671	-62.882053713601
0.011	197.052183568028	-185.954069742874	-11.0981138251541
0.012	158.620652190824	-196.695340749137	38.0746885583129
0.013	111.244933834769	-191.452829822094	80.2078959873243
0.014	58.2075216117616	-171.85106042294	113.643538811178
0.015	8.54800884982951	-140.533005562	131.98499671217
0.016	-35.7870240520191	-100.046490745982	135.833514798002
0.017	-71.5241251015837	-54.5347240014784	126.058849103062
0.018	-95.9543806301069	-7.9912464884867	103.945627118594
0.019	-106.11577256921	34.2504284113682	71.8653441578417
0.02	-103.911599444016	71.6715358460838	32.2400635979327
0.021	-88.6299644224307	98.6518318648104	-10.0218674423797
0.022	-58.8300844630714	113.092931753873	-54.2628472908016
0.023	-18.6094681604404	110.721994183996	-92.1125260235554
0.024	20.1780436198299	94.0170100075246	-114.195053627355
0.025	55.0733326924833	77.564514661654	-132.637847354137
0.026	106.473347656577	41.3042886711083	-147.777636327686
0.027	150.400326734329	-9.37724365113765	-141.023083083192
0.028	176.699448387662	-62.0836969653509	-114.615751422312
0.029	183.842188979895	-111.982966765001	-71.8592222148941
0.03	178.70431110467	-147.469858942863	-31.2344521618065
0.031	163.953663352615	-173.737736522233	9.78407316961795
0.032	133.821607565199	-188.716416520287	54.8948089550881
0.033	88.2124425520143	-186.018537605114	97.8060950531001
0.034	33.9602956763037	-165.643022978911	131.682727302607
0.035	-14.2945621277513	-134.681739104056	148.976301231807
0.036	-55.3814041073818	-97.1754992886334	152.556903396015
0.037	-86.9191724386217	-54.297552936924	141.216725375546
0.038	-113.787905285546	0.863371206014925	112.924534079531
0.039	-128.832848867444	54.0544871048657	74.7783617625787
0.04	-127.400930501568	89.0501202550142	38.3508102465534
0.041	-112.027761238132	115.224739583195	-3.19697834506285
0.042	-77.3397790420047	134.719972566239	-57.3801935242346
0.043	-37.0895741491226	140.443023025675	-103.353448876553
0.044	2.08545416023365	131.599853972849	-133.685308133082
0.045	43.3732012161959	108.803734625372	-152.176935841568
0.046	83.3568536834795	73.7245191249625	-157.081372808442
0.047	115.60711467604	30.8941913032627	-146.501305979302
0.048	143.320703521656	-23.6903165509403	-119.630386970716
0.049	156.948389527491	-70.7735249586176	-86.174864568873
0.05	153.785342374346	-108.588125483837	-45.1972168905092
0.051	136.129228872468	-135.408827084233	-0.720401788234682
0.052	106.651053432641	-149.786970387783	43.1359169551416
0.053	68.2507341266773	-148.614688496415	80.3639543697381
0.054	19.085921627181	-128.292989069812	109.207067442631
0.055	-35.8165563743133	-93.0455112035671	128.86206757788
0.056	-72.5477296195461	-62.5265004790759	135.074230098622
0.057	-102.67184554265	-18.2646653708223	120.936510913473
0.058	-129.472407510009	38.0736091963001	91.3987983137088
0.059	-139.479414079969	75.1150575130678	64.3643565669013
0.06	-130.415472089788	121.37352714605	9.04194494373779
0.061	-117.492615010612	149.06138000005	-31.5687649894382
0.062	-81.0367501371595	162.410077379706	-81.373327242547
0.063	-36.4533096666033	166.577344959475	-130.124035292872
0.064	0.0460795414022996	155.303921749844	-155.350001291246
0.065	59.6473352278716	120.251449339657	-179.898784567529
0.066	99.5179373329475	89.3659342674634	-188.883871600411
0.067	126.834027634545	49.7110430110865	-176.545070645631
0.068	157.597863757696	-9.90490132321154	-147.692962434484
0.069	171.787852604408	-55.9185300376982	-115.86932256671
0.07	166.620140594183	-89.4893993562429	-77.1307412379402
0.071	144.480928253551	-111.126896031789	-33.3540322217619
0.0720000000000001	104.540938626379	-126.089311922116	21.5483732957372
0.0730000000000001	67.8908258928885	-132.750714923013	64.8598890301241
0.0740000000000001	29.5510326805013	-121.937395494471	92.3863628139699
0.0750000000000001	-10.8790680779244	-93.1580094308748	104.037077508799
0.0760000000000001	-61.7572618830735	-46.4065133202647	108.163775203338
0.0770000000000001	-91.914627724022	-14.5137690374905	106.428396761512
0.0780000000000001	-107.569128179453	27.6586000092751	79.9105281701784
0.0790000000000001	-119.340672081735	77.5699106128823	41.7707614688524
0.0800000000000001	-116.893476911649	106.486958131101	10.4065187805487
0.0810000000000001	-88.5829471333289	136.108841216213	-47.5258940828842
0.0820000000000001	-67.9559077622428	150.577998584853	-82.62209082261
0.0830000000000001	-12.9486074707059	144.640371022157	-131.691763551451
0.0840000000000001	20.1388262029218	136.928752241252	-157.067578444174
0.0850000000000001	81.0522256786573	96.9428057000115	-177.995031378669
0.0860000000000001	113.877999858745	69.3228245134181	-183.200824372163
0.0870000000000001	158.845915746708	8.79911361304736	-167.645029359755
0.0880000000000001	176.836145848785	-25.6524331905119	-151.183712658273
0.0890000000000001	187.597056651546	-84.5405704400973	-103.056486211449
0.0900000000000001	184.917858551203	-113.735426775599	-71.1824317756041
0.0910000000000001	157.447257327368	-146.633766671253	-10.8134906561146
0.0920000000000001	134.619350097867	-162.506829849901	27.887479752034
0.0930000000000001	85.7122668441706	-153.771610157967	68.059343313796
0.0940000000000001	41.5552738049528	-147.730356580301	106.175082775348
0.0950000000000001	3.60126276901261	-117.028890976964	113.427628207951
0.0960000000000001	-48.3178507076271	-79.678484715844	127.996335423471
0.0970000000000001	-69.1154498391982	-45.5500739075458	114.665523746744
0.0980000000000001	-102.013503970156	9.64165119582613	92.3718527743294
0.0990000000000001	-102.853558688731	37.1002245140515	65.7533341746796
0.1	-103.413969226625	82.5759528868237	20.8380163398014
0.101	-80.4926629390501	97.302698153001	-16.810035213951
0.102	-59.8261855934883	117.770043052433	-57.943857458945
0.103	-10.350541396035	107.409714850693	-97.0591734546579
0.104	17.322885605104	102.182490874266	-119.50537647937
0.105	70.1054550388866	69.3040396319637	-139.40949467085
0.106	106.401395588333	27.3900466444988	-133.791442232832
0.107	133.557035273041	-3.67001170576	-129.887023567281
0.108	157.341437496408	-57.1337992292178	-100.20763826719
0.109	155.597104283522	-100.225507696023	-55.3715965874989
0.11	149.386525253705	-124.950679130599	-24.4358461231055
0.111	131.477721144309	-152.845521770739	21.3678006264293
0.112	91.6205875321264	-163.995259760063	72.374672227937
0.113	41.0133183243925	-152.412728728168	111.399410403775
0.114	2.27047767342395	-131.801784552869	129.531306879445
0.115	-32.8767909601652	-109.616406374829	142.493197334994
0.116	-73.5280706883522	-73.7602937863413	147.288364474693
0.117	-107.28604185004	-27.5514704878633	134.837512337903
0.118	-126.312406950246	16.8176019518344	109.494804998411
0.119	-130.362582648969	55.2591249238544	75.1034577251142
0.12	-120.590960138099	85.470174972748	35.1207851653515
0.121	-98.5207481262285	102.832277118194	-4.31152899196546
0.122	-63.18933996877	107.593974972904	-44.404635004134
0.123	-22.901572790297	102.084447645247	-79.1828748549502
0.124	9.77069327576194	90.4067226981865	-100.177415973948
0.125	39.3708471425162	70.9050842924748	-110.275931434991
0.126	65.6305132123389	43.2244218218557	-108.854935034195
0.127	82.5060826059501	12.1833872361636	-94.6894698421137
0.128	93.6955098831882	-27.1582789133882	-66.5372309698
0.129	100.539878470272	-59.420264900124	-41.119613570148
0.13	98.2119217602886	-78.7530711227251	-19.4588506375635
0.131	84.4418919275718	-88.3264471638273	3.88455523625548
0.132	57.1200613987516	-86.0858764603444	28.9658150615928
0.133	25.1330074379427	-84.5346695023777	59.401662064435
0.134	6.55799728627177	-81.7514271091092	75.1934298228375
0.135	-11.8038887528628	-68.0078031778093	79.811691930672
0.136	-28.8428062365568	-42.8728942877861	71.715700524343
0.137	-54.065690444856	-13.5671384022724	67.6328288471284
0.138	-66.8422700316841	2.86098031081624	63.9812897208678
0.139	-67.4631619054667	16.5491973116879	50.9139645937788
0.14	-56.3460499937149	29.0807377385496	27.2653122551653
0.141	-52.3004481134737	50.3998935918651	1.90055452160858
0.142	-48.2774110046675	60.8567468344296	-12.579335829762
0.143	-36.1492156443765	59.6058541813146	-23.4566385369381
0.144	-15.9676405250729	47.7428601194685	-31.7752195943956
0.145	8.26468159277262	39.6817066843003	-47.9463882770729
0.146	23.6194856453722	34.5091836278496	-58.1286692732219
0.147	34.3338195777607	23.0382230765732	-57.3720426543339
0.148	38.8206935696673	8.43194765304476	-47.252641222712
0.149	42.2732983773332	-11.8172550417821	-30.4560433355512
0.15	50.9718570944659	-31.3407511727692	-19.6311059216967
0.151	51.944423245631	-43.1071285953121	-8.83729465031887
0.152	44.80882367143	-48.6736426721926	3.86481900076259
0.153	32.5161999098312	-47.268725787531	14.7525258776998
0.154	14.7662462507972	-39.3345735985843	24.568327347787
0.155	-3.88703317559806	-32.4672155922442	36.3542487678422
0.156	-19.092474392603	-25.5847375211025	44.6772119137055
0.157	-30.2321109072279	-15.3876851412501	45.619796048478
0.158	-37.125176672238	-2.81272975190666	39.9379064241447
0.159	-38.9777951412859	9.22381095998638	29.7539841812995
0.16	-34.507146384897	18.7338379649188	15.7733084199783
0.161	-25.680120224295	25.8341229711717	-0.154002746876632
0.162	-16.119389046599	31.5426900841796	-15.4233010375806
0.163	-5.29583208838776	33.3402075612084	-28.0443754728207
0.164	6.30973614923825	30.3909574153144	-36.7006935645527
0.165	18.3169033211398	22.1218967032392	-40.438800024379
0.166	28.6844237720812	10.5504512205089	-39.2348749925901
0.167	34.2886888690021	-2.15202580975795	-32.1366630592442
0.168	34.7282877627864	-15.4732309409617	-19.2550568218246
0.169	31.2817521075094	-27.068326907432	-4.21342520007747
0.17	27.0762255579776	-36.4525050346753	9.37627947669766
0.171	20.8656325944899	-42.4099348507394	21.5443022562495
0.172	11.232296573286	-43.0556782215755	31.8233816482895
0.173	0.165822126768916	-38.0238976206069	37.858075493838
0.174	-11.8858767249159	-26.7143833453278	38.6002600702436
0.175	-23.471099449964	-10.7920047004689	34.2631041504328
0.176	-32.614288662659	3.70667231657226	28.9076163460867
0.177	-39.8355700601925	13.9760946660586	25.8594753941339
0.178	-41.3941682903406	22.9365375099079	18.4576307804327
0.179	-36.1492425956437	28.2189582102409	7.93028438540277
0.18	-24.6468259728721	29.9433931526649	-5.29656717979278
0.181	-13.1607612672556	31.2205276100638	-18.0597663428082
0.182	-5.70495149411026	33.3456365316896	-27.6406850375794
0.183	1.32730214271789	31.343930387138	-32.6712325298559
0.184	8.62783244670335	23.1871478876384	-31.8149803343418
0.185	16.6070579289501	10.3030865141527	-26.9101444431028
0.186	24.8994229706795	-1.52839040332829	-23.3710325673512
0.187	31.513076012412	-9.00401018351635	-22.5090658288956
0.188	32.4018509126392	-14.725257094007	-17.6765938186322
0.189	27.7275203186371	-18.2398468508403	-9.48767346779679
0.19	19.3867147718688	-20.8145892996831	1.42787452781432
0.191	13.4905811174055	-25.5396417496318	12.0490606322263
0.192	9.06742752372657	-28.947008460021	19.8795809362944
0.193	3.73174106816821	-27.5558188820082	23.82407781384
0.194	-2.76788600176238	-21.1636220165079	23.9315080182703
0.195	-10.4001158102274	-11.0152196411163	21.4153354513437
0.196	-19.0010940717123	-1.35487004868095	20.3559641203932
0.197	-25.7036898223652	6.70229952948852	19.0013902928766
0.198	-28.379355824395	13.4869861316234	14.8923696927716
0.199	-26.7822973589524	18.7607706060562	8.02152675289623
0.2	-20.5501075140567	21.0361657267462	-0.486058212689418
0.201	-11.588148539103	21.7213231889914	-10.1331746498884
0.202	-2.08596835734119	21.6337319793908	-19.5477636220496
0.203	6.37340222663203	20.6392073855337	-27.0126096121657
0.204	14.9913594753837	16.2808511480912	-31.2722106234749
0.205	22.4312280443599	8.17722701471343	-30.6084550590733
0.206	27.2750503556543	-1.45362497344382	-25.8214253822105
0.207	28.507976960575	-11.7672716274389	-16.7407053331361
0.208	26.3235590910272	-21.5817795520498	-4.74177953897744
0.209	22.7521918321284	-29.4603586785903	6.70816684646194
0.21	18.8944881394665	-35.2419581974226	16.3474700579561
0.211	11.2344995045157	-36.9328691978846	25.6983696933689
0.212	1.14949263664487	-33.6266552832829	32.477162646638
0.213	-9.98606864499158	-24.9979808430384	34.98404948803
0.214	-20.8422581776719	-11.9404870128836	32.7827451905554
0.215	-29.8499925792473	1.47989657391642	28.3700960053309
0.216	-36.1188293805095	12.2829712186938	23.8358581618157
0.217	-39.672257680065	21.9488104896375	17.7234471904276
0.218	-37.0049455327677	28.801857213742	8.20308831902562
0.219	-28.740592039062	32.3184396993389	-3.57784766027689
0.22	-16.4177010905444	32.1849227161074	-15.767221625563
0.221	-5.42311372178184	31.2526281980623	-25.8295144762805
0.222	2.68898995132498	30.1925867351392	-32.8815766864641
0.223	10.2179345549096	25.4602079335238	-35.6781424884335
0.224	17.395072556419	15.3801190271924	-32.7751915836114
0.225	23.3369684960337	2.27535012071086	-25.6123186167445
0.226	28.7814790394823	-9.02447751365667	-19.7570015258256
0.227	32.6368497848954	-16.6876598399277	-15.9491899449676
0.228	31.5067901356652	-21.8055441068219	-9.70124602884334
0.229	24.8261547028747	-23.7281037629993	-1.09805093987547
0.23	15.2916025751356	-23.849076252966	8.55747367783041
0.231	7.10878277085088	-24.5953884261584	17.4866056553075
0.232	1.77867400718485	-25.7848328229082	24.0061588157233
0.233	-3.68457773611313	-22.7407582787342	26.4253360148473
0.234	-9.3724605076592	-15.2121351025656	24.5845956102248
0.235	-15.0342489690966	-4.76795080545951	19.8021997745561
0.236	-21.4851493328772	4.40182040887842	17.0833289239988
0.237	-26.3455221946348	11.274720475818	15.0708017188169
0.238	-26.8836187359017	16.7761862656085	10.1074324702932
0.239	-23.1437981934953	20.0444329564343	3.09936523706101
0.24	-15.4975894398325	20.4601046620295	-4.96251522219697
0.241	-7.09615374408948	20.7579015619369	-13.6617478178474
0.242	0.687304771045238	20.8845183388472	-21.5718231098924
0.243	7.00527330726476	19.9374841426623	-26.942757449927
0.244	13.8732061350162	14.598848375775	-28.4720545107912
0.245	19.0481324899225	6.33730739201487	-25.3854398819373
0.246	22.0594724918953	-3.76114226173354	-18.2983302301618
0.247	23.8319042188838	-13.4688560377074	-10.3630481811764
0.248	24.7736737133304	-22.1184279719036	-2.65524574142677
0.249	24.292594128685	-28.9165466730073	4.62395254432231
0.25	19.5378876963729	-31.9300858269259	12.392198130553
0.251	10.6192421817056	-30.1538096864415	19.5345675047359
0.252	-0.610353572201209	-23.5879403284241	24.1982939006254
0.253	-11.9649283980078	-15.1379307033163	27.1028591013241
0.254	-21.5684181552295	-7.07108055838071	28.6394987136102
0.255	-29.0926920457932	0.139598303828561	28.9530937419646
0.256	-33.6923341995147	8.32433913068399	25.3679950688307
0.257	-33.3552772834752	16.4556432884162	16.899633995059
0.258	-28.1532033194838	23.1521112229087	5.00109209657511
0.259	-20.2634334512861	28.0621388941281	-7.79870544284204
0.26	-13.8347474261156	31.6790077801323	-17.8442603540167
0.261	-7.57225595798282	33.1630155046723	-25.5907595466895
0.262	0.82668220938218	29.7730597265535	-30.5997419359357
0.263	9.57843149550835	21.3566819762664	-30.9351134717748
0.264	18.2974165973622	9.34691493634283	-27.644331533705
0.265	25.8731150847508	-1.84918696579161	-24.0239281189592
0.266	31.405204464481	-9.817618994712	-21.587585469769
0.267	33.1939182802692	-16.8542768385886	-16.3396414416806
0.268	29.2575310025495	-21.4870351206638	-7.77049588188569
0.269	20.8768817159611	-23.9513958098011	3.07451409383997
0.27	12.7697549008805	-25.9168423470501	13.1470874461696
0.271	6.83785962337025	-27.7795217525153	20.9416621291451
0.272	0.618062640845531	-26.8349831386793	26.2169204978338
0.273	-5.84881339823788	-21.2338240698242	27.0826374680621
0.274	-12.5835515476917	-11.6236433318606	24.2071948795523
0.275	-19.1336625951687	-0.872780528833975	20.0064431240027
0.276	-25.3034199064976	7.18940283393831	18.1140170725593
0.277	-28.6311668104187	13.3995401070394	15.2316267033792
0.278	-27.0198338457278	18.1540727344433	8.8657611112845
0.279	-21.0836802549193	20.6788906896477	0.404789565271514
0.28	-12.7397766039314	21.4183151840844	-8.67853858015302
0.281	-5.4592710391803	22.7267720665832	-17.2675010274029
0.282	0.558494792426245	23.508044350014	-24.0665391424402
0.283	6.77313018207116	20.6667786960208	-27.4399088780919
0.284	12.9826793935371	13.7118820239089	-26.6945614174459
0.285	18.0401808731432	3.86442537890561	-21.9046062520488
0.286	22.2839356516312	-6.72326427948339	-15.5606713721478
0.287	25.9046091042891	-15.5116091325988	-10.3929999716902
0.288	27.6171069775403	-22.5422787152514	-5.07482826228886
0.289	25.0830832029446	-27.4593442790606	2.37626107611603
0.29	17.860879449041	-27.6197479298722	9.75886848083118
0.291	7.84817174874006	-25.0249562351878	17.1767844864478
0.292	-3.748525183026	-19.5187493165867	23.2672744996127
0.293	-12.9177188908236	-15.5354473041881	28.4531661950116
0.294	-20.7045763390803	-10.7436779220349	31.4482542611152
0.295	-26.490094714679	-3.00099788421306	29.4910925988921
0.296	-28.8698717939179	5.94869054880933	22.9211812451086
0.297	-27.3155852516289	14.8767095702223	12.4388756814066
0.298	-24.4251065394706	23.1453696389138	1.27973690055687
0.299	-20.931755336155	29.3646790004633	-8.43292366430834
0.3	-17.4118827043222	33.3717310363118	-15.9598483319896
0.301	-9.657070417119	32.0525770158478	-22.3955065987288
0.302	0.317495789623194	25.778072174748	-26.0955679643712
0.303	11.001389783039	16.1386728672219	-27.1400626502609
0.304	20.4709016886011	6.78660267445547	-27.2575043630566
0.305	27.5880581842317	-0.579029500318787	-27.0090286839129
0.306	31.5169732044653	-7.73359377545937	-23.7833794290059
0.307	30.7178041186679	-14.5133454496443	-16.2044586690236
0.308	25.3385616725964	-20.1992292821245	-5.13933239047192
0.309	18.6359148035904	-25.062929881194	6.42701507760355
0.31	14.0083644845074	-29.1485142560103	15.1401497715029
0.311	8.77241746372103	-30.5084817713556	21.7360643076345
0.312	1.21538142630498	-26.7576067363762	25.5422253100712
0.313	-6.87595560948007	-18.6879577961523	25.5639134056324
0.314	-15.361655411222	-8.42041633771629	23.7820717489383
0.315	-22.7874824746727	0.788440708904588	21.9990417657681
0.316	-28.2296321796899	6.99509190110389	21.234540278586
0.317	-29.3750392328874	13.2158825611804	16.159156671707
0.318	-25.6280438969997	17.794402845929	7.83364105107065
0.319	-18.6450376229514	21.1036011923624	-2.45856356941095
0.32	-11.8162026775887	23.8072777700882	-11.9910750924995
0.321	-6.87878117945305	26.4404111486359	-19.5616299691828
0.322	-0.569735157891865	25.6075512762377	-25.0378161183458
0.323	6.05103575907321	20.4975834475572	-26.5486192066304
0.324	12.6905535848983	11.1080703312151	-23.7986239161133
0.325	19.103837546891	0.638945592804268	-19.7427831396953
0.326	25.0979289588098	-8.47681904209518	-16.6211099167146
0.327	29.0461763012191	-15.5908784691416	-13.4552978320775
0.328	28.5176026257691	-21.4080966873823	-7.10950593838687
0.329	23.3946538068085	-24.525157426347	1.13050361953842
0.33	14.6454160459073	-24.4581637473829	9.81274770147562
0.331	4.91336071587689	-23.3647527396123	18.4513920237354
0.332	-4.03947716781691	-21.4778153014968	25.5172924693137
0.333	-10.8207779262297	-19.4614913619903	30.28226928822
0.334	-17.8725564944432	-12.9579337199352	30.8304902143785
0.335	-22.4310526415909	-3.71533399270059	26.1463866342915
0.336	-24.5047814041646	7.0298321620503	17.4749492421143
0.337	-26.1140479951648	16.6155202300588	9.49852776510597
0.338	-26.2706317776406	24.4089190248745	1.86171275276609
0.339	-25.0526742904759	30.1881771951861	-5.13550290471016
0.34	-18.6991000971314	30.9095643273103	-12.2104642301789
0.341	-9.06320384019362	27.874127695269	-18.8109238550753
0.342	2.81623211023353	20.9088780931274	-23.725110203361
0.343	13.226734548121	14.3952115426622	-27.6219460907832
0.344	21.0460535862799	9.49914943227652	-30.5452030185564
0.345	26.8246815186234	2.44452472667809	-29.2692062453015
0.346	28.9184327407796	-5.69222109234156	-23.2262116484381
0.347	26.7756436391868	-13.7761572768572	-12.9994863623296
0.348	22.9431665955611	-21.3866106303817	-1.55655596517943
0.349	20.0671746554739	-27.6626439958148	7.5954693403409
0.35	17.2061915523925	-31.5785384519338	14.3723468995413
0.351	10.1975577848229	-30.5529050008557	20.3553472160328
0.352	0.702165302687465	-24.225402862029	23.5232375593416
0.353	-9.50529068447769	-14.8711199686303	24.376410653108
0.354	-18.4967032372273	-7.20019780642916	25.6969010436564
0.355	-25.4029186187986	-0.618995202765994	26.0219138215645
0.356	-29.2328958951167	5.99800442021034	23.2348914749063
0.357	-28.3297203414159	12.49313267457	15.8365876668458
0.358	-23.5392545017861	18.1748964142179	5.36435808756825
0.359	-17.2298546021173	23.0884784194108	-5.85862381729349
0.36	-13.527279218739	27.4682797860113	-13.9410005672723
0.361	-8.84457481201745	29.3462847301028	-20.5017099180853
0.362	-1.43579284974907	26.0644013398139	-24.6286084900648
0.363	6.46261188380593	18.5958401570315	-25.0584520408375
0.364	14.6622823453661	8.15184664201291	-22.814128987379
0.365	22.2454556325082	-1.02157151295942	-21.2238841195487
0.366	28.1138711548711	-7.79639264858596	-20.3174785062851
0.367	30.1461582728675	-14.6187743747558	-15.5273838981117
0.368	27.181454819111	-19.5697059415303	-7.6117488775807
0.369	20.0792918382443	-22.4992626206494	2.41997078240511
0.37	12.1567265558542	-24.3171597913559	12.1604332355016
0.371	4.76871146864185	-25.3410261007488	20.5723146321069
0.372	-1.55136774836141	-25.3338744577357	26.8852422060971
0.373	-8.37703327861766	-21.0456327265751	29.4226660051928
0.374	-15.0199908912196	-12.5569078017614	27.576898692981
0.375	-20.4995800044642	-1.48831269515156	21.9878926996157
0.376	-25.1180037153349	9.35582481754225	15.7621788977926
0.377	-29.0113494534714	17.4517538311503	11.5595956223211
0.378	-29.3864611590731	23.9110827609434	5.47537839812971
0.379	-25.1108714374383	27.6099234377471	-2.49905200030882
0.38	-16.4965623889345	26.9407124227131	-10.4441500337786
0.381	-5.21289040363874	23.5612994958563	-18.3484090922175
0.382	4.79148010632244	20.4031869594931	-25.1946670658156
0.383	12.0047937685347	18.3605861323703	-30.3653799009049
0.384	19.08945888243	12.5318479428293	-31.6213068252593
0.385	23.4170671183543	3.91407383990234	-27.3311409582566
0.386	25.186084631235	-6.06783818933504	-19.1182464419
0.387	24.9423183919479	-15.6336348387213	-9.30868355322655
0.388	25.1577138064051	-23.5569142176284	-1.60079958877673
0.389	24.3394696441269	-29.3789515730941	5.03948192896728
0.39	18.8522954520145	-30.6781189115581	11.8258234595436
0.391	9.57284332690239	-27.4215510669177	17.8487077400153
0.392	-2.15343675925226	-19.9275525003879	22.0809892596402
0.393	-12.1059453419431	-14.1002165328959	26.2061618748391
0.394	-19.8032838190701	-9.50160342357271	29.3048872426428
0.395	-25.4496936388027	-2.8890767129922	28.3387703517949
0.396	-27.5776369252224	4.79987323527433	22.7777636899481
0.397	-25.6125834237384	12.535360146416	13.0772232773223
0.398	-22.0654268232186	20.0037009789202	2.06172584429837
0.399	-19.4884902647574	26.382497309986	-6.89400704522857
0.4	-16.9059754743393	30.4358441474215	-13.5298686730822
0.401	-10.2833869798397	29.7616349493573	-19.4782479695176
0.402	-1.17136738814875	23.9318330558199	-22.7604656676712
0.403	8.70066439044762	14.9567430023887	-23.6574073928363
0.404	17.6939518062683	7.18516201929774	-24.879113825566
0.405	24.8219360771074	0.386569404553696	-25.2085054816611
0.406	29.035832408758	-6.19871501394205	-22.8371173948159
0.407	28.6599928814875	-12.7208069617842	-15.9391859197033
0.408	24.0984230157537	-18.2255394121641	-5.87288360358967
0.409	17.201917693103	-22.6905775320039	5.48865983890089
0.41	13.0379831510914	-27.1655367127404	14.127553561649
0.411	7.95315239022807	-29.0709786859948	21.1178262957667
0.412	0.652059655032395	-26.4844524706508	25.8323928156184
0.413	-6.93432874728536	-19.5954279141718	26.5297566614572
0.414	-14.8284571360374	-9.37272886944574	24.2011860054831
0.415	-21.9954526789636	1.17278718290951	20.8226654960541
0.416	-27.8692441084518	9.05011889867098	18.8191252097808
0.417	-30.7867587802878	15.995439543049	14.7913192372388
0.418	-28.4664989766558	21.1491089745524	7.31739000210344
0.419	-21.0705550381269	23.4429020521263	-2.37234701399937
0.42	-12.2108368787683	24.0581119743695	-11.8472750956012
0.421	-4.5065966679402	25.0438881204532	-20.537291452513
0.422	2.47535417500902	24.6561336989275	-27.1314878739366
0.423	9.19812255553165	20.9461794861516	-30.1443020416833
0.424	15.6713077109204	12.9750938207465	-28.646401531667
0.425	20.5602729170769	2.20636576178867	-22.7666386788656
0.426	24.4831240283234	-8.82968742309577	-15.6534366052276
0.427	28.1449985259358	-17.2490261163722	-10.8959724095636
0.428	28.8941907099477	-23.8347979558451	-5.0593927541026
0.429	25.1356457423117	-27.6943140202052	2.55866827789349
0.43	16.9774637751295	-27.0427527803109	10.0652890051814
0.431	5.76564635991829	-23.3164386041097	17.5507922441914
0.432	-4.42818737072803	-19.8000239851748	24.2282113559029
0.433	-11.6914559332756	-17.8008079064162	29.4922638396918
0.434	-18.6161448536212	-12.3861760691772	31.0023209227983
0.435	-22.9148667242276	-4.18146247860026	27.0963292028278
0.436	-24.5691923755481	5.3535946079801	19.2155977675679
0.437	-24.1844162816644	14.7230522446417	9.46136403702269
0.438	-24.3864609534883	22.6880723985942	1.69838855489416
0.439	-23.7714693284031	28.5774543845054	-4.80598505610222
0.44	-18.690610064529	30.1170915965116	-11.4264815319826
0.441	-9.82792966400782	27.1303446979337	-17.3024150339259
0.442	1.56764041659839	19.8283696058245	-21.3960100224229
0.443	11.5101208778306	13.872958613539	-25.3830794913696
0.444	19.329959348283	9.18732776323426	-28.5172871115173
0.445	25.1680493625705	2.75635487273528	-27.9244042353058
0.446	27.5447077678255	-4.7320163025971	-22.8126914652284
0.447	25.7217792108104	-12.2268586045658	-13.4949206062445
0.448	21.8742216595748	-19.4628647167286	-2.41135694284619
0.449	18.8241936051817	-25.8081004113338	6.98390680615216
0.45	16.2956446347513	-30.14368025081	13.8480356160587
0.451	10.0002883644554	-29.9899334335888	19.9896450691334
0.452	1.19254873738777	-24.6219130643761	23.4293643269884
0.453	-8.3114657082719	-16.0967683206622	24.4082340289341
0.454	-17.4279800207544	-7.10291916857373	24.5308991893281
0.455	-24.7885016723791	0.328896735336814	24.4596049370423
0.456	-29.4306097954385	6.99232213731051	22.438287658128
0.457	-29.5324580768231	13.5564052727603	15.9760528040628
0.458	-25.0983269285903	18.7895237098085	6.30880321878178
0.459	-17.5077736266983	22.5932323050753	-5.085458678377
0.46	-12.0339704882696	26.2748391925749	-14.2408687043053
0.461	-7.21388131812526	28.6674842573803	-21.453602939255
0.462	-0.111306979004174	26.645771408494	-26.5344644294898
0.463	7.21645640681624	20.2415277951146	-27.4579842019309
0.464	14.7135130551957	10.1043440286245	-24.8178570838202
0.465	21.5220494946055	-0.885863517474855	-20.6361859771307
0.466	27.4254907109843	-9.40321130218075	-18.0222794088036
0.467	30.7079399452114	-16.3953998468104	-14.312540098401
0.468	28.864489137177	-21.6804986499239	-7.18399048725316
0.469	22.3419860665482	-24.2665292093555	1.92454314280727
0.47	13.1666529157025	-24.5183681590445	11.3517152433419
0.471	4.39359715990096	-24.4605819193232	20.0669847594223
0.472	-2.89215603476144	-23.9429285557894	26.8350845905509
0.473	-9.55824638572004	-20.6430934577421	30.2013398434622
0.474	-15.9529008745564	-13.0776658445588	29.0305667191151
0.475	-20.5364458012515	-2.70424312580094	23.2406889270525
0.476	-23.9787968168137	8.31485830179105	15.6639385150227
0.477	-27.0779229163846	17.021376265771	10.0565466506135
0.478	-28.4253641432497	23.6829161327611	4.74244801048862
0.479	-25.1653621983175	27.8300004979383	-2.66463829962088
0.48	-17.4444677884067	27.3693208360626	-9.92485304765593
0.481	-6.36458871910498	23.471169168812	-17.106580449707
0.482	4.13736466781096	19.4387958686476	-23.5761605364586
0.483	11.7420212894553	17.2365311530992	-28.9785524425545
0.484	18.7431095242015	12.0992889846311	-30.8423985088325
0.485	23.1938045685721	4.22868117179566	-27.4224857403677
0.486	24.7936517027045	-4.95681275593174	-19.8368389467727
0.487	24.4457466842861	-14.2061408385226	-10.2396058457635
0.488	24.1546083882131	-22.3627984969451	-1.791809891268
0.489	23.1516599144864	-28.3392161325606	5.18755621807417
0.49	18.4842461796848	-30.3110097907832	11.8267636110984
0.491	10.0117965433145	-27.6298184274293	17.6180218841148
0.492	-1.08005333852262	-20.2724454224572	21.3524987609798
0.493	-11.1846402102647	-13.6829213573191	24.8675615675838
0.494	-19.2635024772009	-8.61504907348248	27.8785515506834
0.495	-25.3789382161721	-2.30720828596421	27.6861465021363
0.496	-28.0474513366872	4.98267291259241	23.0647784240948
0.497	-26.3425976104241	12.2128432123912	14.1297543980329
0.498	-21.99938879582	19.0974571340847	2.90193166173535
0.499	-18.2981129939769	25.2802750203023	-6.98216202632533
0.5	-15.7476731931015	29.8281223998294	-14.0804492067279
0.501	-9.78233357563097	30.123916177779	-20.3415826021481
0.502	-1.30253014014463	25.1892951881735	-23.8867650480288
0.503	7.86619571239702	16.7290589992356	-24.5952547116326
0.504	16.8274659548744	6.81787624916115	-23.6453422040356
0.505	24.2457862538068	-0.95489056718003	-23.2908956866268
0.506	29.4033767174016	-7.38359147728953	-22.019785240112
0.507	30.0125634730435	-14.0410940719225	-15.9714694011209
0.508	25.8345081229697	-19.1368138686111	-6.69769425435853
0.509	18.5920503860011	-22.8807064881282	4.28865610212709
0.51	11.6940538999986	-25.7098585104092	14.0158046104106
0.511	6.49178812054939	-28.0342227134827	21.5424345929333
0.512	-0.466721713362893	-26.5860947160813	27.0528164294442
0.513	-7.6400002034033	-20.6456514036883	28.2856516070916
0.514	-14.6978893678765	-10.4056308609924	25.1035202288689
0.515	-21.2257453810143	0.584252592057496	20.6414927889568
0.516	-26.9926682641302	9.78989816669148	17.2027700974387
0.517	-30.6629352983166	16.9981391240483	13.6647961742684
0.518	-29.3863604566384	22.5323401035962	6.85402035304216
0.519	-23.3039697299092	25.191363870099	-1.88739414018983
0.52	-13.9237724097072	24.9172930424773	-10.9935206327701
0.521	-4.02992308869989	23.6515251413733	-19.6216020526734
0.522	3.39562669089692	23.2403797601555	-26.6360064510525
0.523	10.0986713928159	20.3048516957068	-30.4035230885228
0.524	16.558063892517	13.1741234954031	-29.7321873879201
0.525	20.859391814791	3.20656085119625	-24.0659526659873
0.526	24.0887024981995	-7.58105051817071	-16.5076519800288
0.527	26.3831456829896	-16.8076667800269	-9.57547890296266
0.528	27.8605963579274	-23.7073861077051	-4.15321025022232
0.529	25.1659613231753	-28.2111653134574	3.04520399028203
0.53	17.9008804361465	-27.9828209481314	10.0819405119849
0.531	7.0117935569551	-23.9072922610187	16.8954987040636
0.532	-3.872041628969	-19.1377618210199	23.0098034499889
0.533	-12.009962982982	-16.164807433957	28.174770416939
0.534	-19.0534759411764	-11.6528961665351	30.7063721077116
0.535	-23.6865003704095	-4.11617874234155	27.802679112751
0.536	-25.2499313140147	4.67623240371107	20.5736989103036
0.537	-24.4087252918875	13.6775880301365	10.731137261751
0.538	-23.1706558544133	21.7789486545339	1.39170719987947
0.539	-22.530963750945	28.0570523575486	-5.52608860660357
0.54	-18.2689135103629	30.4703883321351	-12.2014748217722
0.541	-10.2291196940598	28.2151916774316	-17.9860719833718
0.542	0.497683324778421	20.9143190146172	-21.4120023393956
0.543	10.6973723313379	13.6734776980243	-24.3708500293623
0.544	19.0986589963287	7.6516165243641	-26.7502755206928
0.545	25.447512087011	1.82349387762144	-27.2710059646324
0.546	28.5459440246046	-5.31196810537105	-23.2339759192335
0.547	27.0381220182722	-12.3200716262558	-14.7180503920164
0.548	22.2920034556473	-18.8082964353665	-3.48370702028078
0.549	17.7538408360841	-24.6931822948927	6.93934145880853
0.55	14.9888452047158	-29.4312765690585	14.4424313643427
0.551	9.30239688084231	-30.2226768958349	20.9202800149926
0.552	1.15859921815433	-25.8815387132029	24.7229394950486
0.553	-7.63743272090812	-17.5885570298754	25.2259897507836
0.554	-16.5004172353659	-7.62111709175239	24.1215343271183
0.555	-23.976746647284	1.40808262575742	22.5686640215266
0.556	-29.4174171413525	8.00753705378309	21.4098800875694
0.557	-30.6156185176019	14.8155227041079	15.800095813494
0.558	-26.7575036641161	19.7780300315031	6.97947363261307
0.559	-19.2687850304347	23.0384043257076	-3.76961929527288
0.56	-11.5332127368606	25.1888354024828	-13.6556226656222
0.561	-5.51617986748064	26.9783047491572	-21.4621248816765
0.562	0.980576201536797	26.3786859595374	-27.3592621610742
0.563	7.95156048205145	20.9920439451962	-28.9436044272477
0.564	14.7056913564181	11.1246117507781	-25.8303031071962
0.565	20.747088049682	-0.0187732067783077	-20.7283148429037
0.566	26.291865347348	-9.74071476577336	-16.5511505815746
0.567	30.1844852609053	-17.0636106909477	-13.1208745699576
0.568	29.4176984745859	-22.7922956235382	-6.62540285104769
0.569	23.8238483243821	-25.587306608192	1.76345828380989
0.57	14.5459688014238	-25.047841398783	10.5018725973592
0.571	4.64658098046968	-23.7337439915101	19.0871630110404
0.572	-3.94373271806481	-21.9683534890728	25.9120862071377
0.573	-10.4178635687155	-19.8614471413441	30.2793107100597
0.574	-16.9406917555084	-13.1415136669264	30.0822054224348
0.575	-21.116970096167	-3.60054124140005	24.717511337567
0.576	-23.5074803999986	7.20821827410909	16.2992621258895
0.577	-25.6690785209898	16.406325364026	9.26275315696385
0.578	-27.2290976712955	23.6163465205071	3.61275115078839
0.579	-25.0716195825851	28.5014672013581	-3.42984761877301
0.58	-18.3158955720596	28.639757600227	-10.3238620281675
0.581	-8.06556888484054	25.0246117590575	-16.9590428742169
0.582	3.4550566505865	19.054835629764	-22.5098922803505
0.583	12.1558644950862	15.4018052461963	-27.5576697412825
0.584	19.2995185192164	11.0973867573084	-30.3969052765248
0.585	24.2398421947419	3.84322853095792	-28.0830707256998
0.586	25.9205209662461	-4.58654479472794	-21.3339761715181
0.587	24.1307485072062	-13.207440248192	-10.9233082590142
0.588	23.1711441257407	-21.4770555790442	-1.69408854669655
0.589	21.7715797257584	-27.8216050761178	6.05002535035939
0.59	17.9021847473058	-30.7958455226001	12.8936607752943
0.591	10.312739540718	-29.0581219830218	18.7453824423038
0.592	0.188278615814722	-22.4284597934167	22.240181177602
0.593	-10.2159002451546	-13.9893945671161	24.2052948122707
0.594	-18.9449667976021	-7.03651110190598	25.9814778995081
0.595	-25.6322940985246	-1.11986258586772	26.7521566843924
0.596	-29.1589676960464	5.82488928020308	23.3340784158433
0.597	-28.0110554773004	12.6750008422228	15.3360546350776
0.598	-23.4032828542202	18.8809930769276	4.52228977729263
0.599	-17.483020847489	24.1534135207253	-6.67039267323632
0.6	-14.2247135739491	28.8397910566406	-14.6150774826915
0.601	-8.8054827254448	30.0794052067266	-21.2739224812818
0.602	-0.972264080424202	26.3388787700029	-25.3666146895787
0.603	7.36472326179512	18.4141177249725	-25.7788409867676
0.604	15.8310283210679	7.67417371150644	-23.5052020325743
0.605	23.4099330374843	-1.53219277259266	-21.8777402648916
0.606	29.1206627044204	-8.34328921535726	-20.7773734890631
0.607	30.851146686285	-15.2613940121252	-15.5897526741598
0.608	27.4585791818812	-20.1943857603505	-7.26419342153068
0.609	19.9388793550399	-23.1009048936834	3.16202553864344
0.61	12.041810280836	-25.0435909850017	13.0017807041657
0.611	4.96239659544593	-26.1556943065227	21.1932977110768
0.612	-1.36684781909402	-25.9161338025811	27.2829816216751
0.613	-8.17847760600177	-21.0918726156229	29.2703502216247
0.614	-14.8299525991082	-12.0672296626714	26.8971822617796
0.615	-20.6030820915857	-0.875559179660451	21.4786412712461
0.616	-25.6149145316487	9.51969411911521	16.0952204125334
0.617	-29.5587585364703	17.099509323356	12.4592492131143
0.618	-29.3128117430494	23.0407264911602	6.27208525188914
0.619	-24.2780604889081	26.1022654628776	-1.82420497396956
0.62	-15.2673129702115	25.4166259188995	-10.149312948688
0.621	-4.6090178235497	23.0355290381055	-18.4265112145558
0.622	4.21637257423636	21.1963113785967	-25.4126839528331
0.623	10.7540378398219	19.3913139328757	-30.1453517726976
0.624	17.4217330190938	13.0708819388292	-30.492614957923
0.625	21.5604075249519	4.00444232776433	-25.5648498527162
0.626	23.4991226594032	-6.55777445351995	-16.9413482058832
0.627	25.4757339062234	-15.8564060105292	-9.61932789569424
0.628	26.458220909415	-23.3810107318738	-3.07721017754123
0.629	24.7640046100309	-28.5564558964824	3.79245128645159
0.63	18.5584474583466	-29.098082115788	10.5396346574414
0.631	8.68632874971386	-25.5399758748045	16.8536471250906
0.632	-2.94492520008079	-19.0376860247278	21.9826112248086
0.633	-12.1185737987526	-14.7353415275071	26.8539153262598
0.634	-19.3753015956674	-10.5225053794028	29.8978069750702
0.635	-24.6019683809549	-3.55421168135853	28.1561800623135
0.636	-26.4409782902722	4.54888939327196	21.8920888970002
0.637	-24.8878146343644	12.8737834226974	12.0140312116669
0.638	-22.774970830849	20.8834916934215	1.89147913742752
0.639	-21.0112226032348	27.3244027702741	-6.31318016703927
0.64	-17.4859849494591	30.7159278295507	-13.2299428800916
0.641	-10.3118418239747	29.4043268733155	-19.0924850493408
0.642	-0.645986417823481	23.1115130577888	-22.4655266399653
0.643	9.58538563475448	14.3183906323733	-23.9037762671278
0.644	18.4504287658414	6.80287918964955	-25.253307955491
0.645	25.3150658972794	0.788579518912581	-26.103645416192
0.646	29.167904075869	-5.98797424299328	-23.1799298328757
0.647	28.3847189614518	-12.7026004318978	-15.682118529554
0.648	23.7186189143356	-18.5770884380184	-5.14153047631712
0.649	17.2977408688875	-23.505138636455	6.20739776756744
0.65	13.6382382486675	-28.1405832358872	14.5023449872198
0.651	8.40848273189984	-29.7044436515353	21.2959609196354
0.652	0.805663436414958	-26.5183854513599	25.712722014945
0.653	-7.18515934916894	-19.0329898912668	26.2181492404357
0.654	-15.4809861863479	-8.67577462215303	24.1567608085009
0.655	-22.8545336714741	1.49309216960894	21.3614415018652
0.656	-28.7226069052256	8.68940133611842	20.0332055691071
0.657	-30.9657383295637	15.7428147280833	15.2229236014804
0.658	-28.0122014266827	20.7223438523123	7.28985757437036
0.659	-20.6966911349555	23.4306133556203	-2.73392222066472
0.66	-11.7755255439986	24.3392805307316	-12.5637549867329
0.661	-4.44953953442833	25.425401875385	-20.9758623409567
0.662	1.87741821960287	25.4171649174835	-27.2945831370864
0.663	8.62388744755547	21.1340508945669	-29.7579383421224
0.664	15.1547092673108	12.6035177426864	-27.7582270099972
0.665	20.5049231012258	1.49667590790666	-22.0015990091325
0.666	25.0814754410058	-9.28072548408359	-15.8007499569222
0.667	28.9775727105603	-17.199571688006	-11.7780010225543
0.668	29.2310518344329	-23.4236874012714	-5.80736443316149
0.669	24.7559515013405	-26.8112321815302	2.05528068018972
0.67	16.0552203711723	-26.0178368852957	9.96261651412336
0.671	5.05573150497553	-22.9891113393119	17.9333798343363
0.672	-4.38059444066915	-20.4814458121033	24.8620402527725
0.673	-11.1316879746396	-18.7295574261781	29.8612454008177
0.674	-17.8697423846531	-12.600783119661	30.4705255043141
0.675	-22.0515099038171	-4.1618151351442	26.2133250389613
0.676	-24.0350501764098	5.90033539371044	18.1347147826993
0.677	-24.9853977105262	15.3593391458208	9.62605856470541
0.678	-25.2934197203257	23.0365850557695	2.25683466455621
0.679	-24.3636487575747	28.5622316454874	-4.1985828879127
0.68	-18.6513806640012	29.4901853951722	-10.838804731171
0.681	-9.22085947415243	26.1391845090667	-16.9183250349143
0.682	2.388638848512	19.2136820610297	-21.6023209095417
0.683	11.9129459579642	14.2777524059798	-26.190698363944
0.684	19.3351403277475	10.0003331919162	-29.3354735196637
0.685	24.8002729829879	3.28610272629141	-28.0863757092793
0.686	26.8209977097613	-4.5219708014768	-22.2990269082845
0.687	25.0905212509387	-12.4673515452813	-12.6231697056573
0.688000000000001	22.0022246190207	-20.117944123647	-1.88428049537373
0.689000000000001	19.7689428659338	-26.5299207814839	6.76097791555013
0.690000000000001	17.0483159332222	-30.4525261953802	13.404210262158
0.691000000000001	10.2493841353982	-29.6284272946344	19.3790431592362
0.692000000000001	0.966974045128969	-23.7229986302546	22.7560245851256
0.693000000000001	-9.02980279332679	-14.7834360820367	23.8132388753635
0.694000000000001	-18.0338308999827	-7.07935167826094	25.1131825782437
0.695000000000001	-25.1373172872122	-0.261941536325192	25.3992588235374
0.696000000000001	-29.3367723613676	6.44182412518868	22.8949482361789
0.697000000000001	-28.9478041058849	13.0875447298773	15.8602593760077
0.698000000000001	-24.3065201806095	18.6580186613827	5.6485015192268
0.699000000000001	-17.2764015967828	23.108145187301	-5.83174359051815
0.700000000000001	-12.6111851468769	27.1810819945729	-14.569896847696
0.701000000000001	-7.81285813868931	29.3747356053642	-21.5618774666749
0.702000000000001	-0.40353562322813	26.7218466252392	-26.3183110020111
0.703000000000001	7.274765746199	19.6915330969905	-26.9662988431895
0.704000000000001	15.2097817299961	9.3131087665412	-24.5228904965373
0.705000000000001	22.3492154477695	-1.33731468449383	-21.0119007632757
0.706000000000001	28.1596037012258	-9.24711510925798	-18.9124885919678
0.707000000000001	31.0296338204153	-16.2137112251859	-14.8159225952294
0.708000000000001	28.5737482239155	-21.3179889868948	-7.25575923702068
0.709000000000001	21.5619501900955	-23.9123881922934	2.35043800219791
0.710000000000001	12.1569514709693	-24.2109412412567	12.0539897702874
0.711000000000001	4.51258010312667	-25.1995013296051	20.6869212264784
0.712000000000001	-2.40100142723099	-24.7938774203178	27.1948788475488
0.713000000000001	-9.09277643401451	-20.98025870745	30.0730351414645
0.714000000000001	-15.5205643533558	-12.8921820725869	28.4127464259428
0.715000000000001	-20.4575992493379	-2.03836265045283	22.4959618997907
0.716000000000001	-24.8771393154938	8.67106168007876	16.206077635415
0.717000000000001	-28.2863529492484	17.13828642218	11.1480665270683
0.718000000000001	-28.9094881763438	23.555540225071	5.35394795127275
0.719000000000001	-24.9367071547722	27.1959473927354	-2.2592402379632
0.720000000000001	-16.6000540164023	26.4278817711492	-9.82782775474685
0.721000000000001	-5.52721192075952	22.977650185649	-17.4504382648894
0.722000000000001	4.27443348000947	19.9628881540175	-24.237321634027
0.723000000000001	11.2417352104663	18.1891732652654	-29.4309084757317
0.724000000000001	18.026772581329	12.6598969156341	-30.686669496963
0.725000000000001	22.2002815532967	4.34876081904074	-26.5490423723374
0.726000000000001	24.0088224960437	-5.34379210504996	-18.6650303909937
0.727000000000001	24.0803552294828	-14.7296037044595	-9.35075152502324
0.728000000000001	24.6142605837371	-22.5962850195018	-2.01797556423532
0.729000000000001	23.9346330207302	-28.3325155101904	4.39788248946024
0.730000000000001	18.6616478840925	-29.6617841224925	11.0001362384
0.731000000000001	9.64868113399303	-26.5921658812934	16.9434847473003
0.732000000000001	-1.80228477486053	-19.4873076754484	21.289592450309
0.733000000000001	-11.6008953750128	-13.9500339356626	25.5509293106755
0.734000000000001	-19.3087391591263	-9.41534314511655	28.7240823042429
0.735000000000001	-25.0894193187641	-2.86619504298412	27.9556143617482
0.736000000000001	-27.4524947220453	4.75642582760552	22.6960688944398
0.737000000000001	-25.6916114648441	12.4117154717921	13.2798959930519
0.738000000000001	-21.9882142708762	19.776324546796	2.2118897240802
0.739000000000001	-19.0021579389538	26.1470286579907	-7.1448707190369
0.740000000000001	-16.3686041660705	30.4565394118483	-14.0879352457778
0.741000000000001	-9.93106803721101	30.2411936372667	-20.3101256000556
0.742000000000001	-0.982736674801954	24.8132517020179	-23.8305150272159
0.743000000000001	8.6432209566842	16.1618600608109	-24.8050810174951
0.744000000000001	17.8188395462413	7.02247198677521	-24.8413115330165
0.745000000000001	25.199454123967	-0.543268509765507	-24.6561856142015
0.746000000000001	29.8691339172865	-7.31286603559816	-22.5562678816883
0.747000000000001	29.99854328386	-14.0003344690379	-15.9982088148221
0.748000000000001	25.4840168951296	-19.2629990357004	-6.22101785942924
0.749000000000001	18.3718219324033	-23.3794675336898	5.00764560128649
0.750000000000001	12.0336321437398	-26.5809403729753	14.5473082292354
0.751000000000001	7.0949259125329	-28.8793666121936	21.7844406996607
0.752000000000001	-0.058198629034977	-26.8117899795938	26.8699886086288
0.753000000000001	-7.42657706608322	-20.3113810462569	27.7379581123401
0.754000000000001	-14.9538816923696	-10.0522403598284	25.006122052198
0.755000000000001	-21.7575666373715	0.997799872509393	20.7597667648621
0.756000000000001	-27.6094627573945	9.4496604444767	18.1598023129178
0.757000000000001	-30.8453281975631	16.4292223791875	14.4161058183756
0.758000000000001	-28.8845391485408	21.6306211387244	7.25391800981638
0.759000000000001	-22.2308222984222	24.1553621350383	-1.92453983661608
0.760000000000001	-13.0686764493978	24.4552915893414	-11.3866151399436
0.761000000000001	-4.48451701918974	24.562451751437	-20.0779347322472
0.762000000000001	2.64512153542729	24.1308912731121	-26.7760128085394
0.763000000000001	9.23870337475724	20.7551217593642	-29.9938251341215
0.764000000000001	15.5838062251852	13.1024171522644	-28.6862233774496
0.765000000000001	20.2526098596571	2.63202139672367	-22.8846312563807
0.766000000000001	23.9317877879036	-8.34115059453033	-15.5906371933733
0.767000000000001	27.5262096626623	-16.8211344347765	-10.7050752278858
0.768000000000001	28.4596830699951	-23.4471963283058	-5.01248674168932
0.769000000000001	25.0146376389942	-27.423216879069	2.40857924007487
0.770000000000001	17.1848183677331	-26.9136057508552	9.72878738312218
0.771000000000001	6.15215734689768	-23.1903965043204	17.0382391574227
0.772000000000001	-4.14394779752282	-19.5038706764578	23.6478184739807
0.773000000000001	-11.5655890116631	-17.46079814024	29.0263871519031
0.774000000000001	-18.5418897178418	-12.2471688546129	30.7890585724548
0.775000000000001	-22.9582383711235	-4.28148813071689	27.2397265018404
0.776000000000001	-24.6188463127222	5.01009348486533	19.6087528278568
0.777000000000001	-24.4660756456861	14.3254921515862	10.1405834940999
0.778000000000001	-23.9020345477684	22.3765970829574	1.52543746481103
0.779000000000001	-23.3255839163496	28.4454363877631	-5.11985247141348
0.780000000000001	-18.5611585802263	30.392982074524	-11.8318234942977
0.781000000000001	-9.98893953014714	27.7119490329225	-17.7230095027753
0.782000000000001	1.19657848681139	20.3717950916542	-21.5683735784656
0.783000000000001	11.3691886955633	13.7381402551977	-25.107328950761
0.784000000000001	19.5159737335588	8.56356790223448	-28.0795416357933
0.785000000000001	25.7269160346563	2.14070618054602	-27.8676222152023
0.786000000000001	28.4863817984015	-5.26825388389969	-23.2181279145018
0.787000000000001	26.8135572097839	-12.5861410400167	-14.2274161697672
0.788000000000001	22.3055438656014	-19.4659783818462	-2.83956548375516
0.789000000000001	18.3004130418105	-25.5828656929292	7.28245265111869
0.790000000000001	15.6010495224986	-30.1512790358418	14.5502295133433
0.791000000000001	9.57923354307665	-30.5355808569023	20.9563473138257
0.792000000000001	1.05675328837638	-25.6515310377517	24.5947777493753
0.793000000000001	-8.1609380516427	-17.0512027849401	25.2121408365828
0.794000000000001	-17.222779195063	-7.28406773548384	24.5068469305469
0.795000000000001	-24.6035229285734	1.24578149789602	23.3577414306774
0.796000000000001	-29.8029972270154	7.76774148668599	22.0352557403294
0.797000000000001	-30.4797485017137	14.4854739427406	15.9942745589732
0.798000000000001	-26.2548716283681	19.5554944288515	6.69937719951663
0.799000000000001	-18.8246485737891	23.166922928318	-4.34227435452891
0.800000000000001	-11.7054288128306	25.8476499783599	-14.1422211655292
0.801000000000001	-6.4532878308212	28.1371763075465	-21.6838884767253
0.802000000000001	0.474144302232485	26.6941449299678	-27.1682892322003
0.803000000000001	7.61678968948668	20.731921684446	-28.3487113739327
0.804000000000001	14.6463734056056	10.4521548924312	-25.0985282980368
0.805000000000001	21.1746825115785	-0.536968809554706	-20.6377137020237
0.806000000000001	26.9776119643431	-9.66786513141917	-17.3097468329239
0.807000000000001	30.5835118558798	-16.7703653484508	-13.8131465074289
0.808000000000001	29.2315113627284	-22.2247008145313	-7.00681054819706
0.809000000000001	23.1169902911599	-24.84294330823	1.72595301707009
0.810000000000001	13.7975084530799	-24.6622537292317	10.8647452761518
0.811000000000001	4.09271046075998	-23.599783840387	19.507073379627
0.812000000000001	-3.16923467819611	-23.3167635459001	26.4859982240962
0.813000000000001	-9.84056674546041	-20.367083307712	30.2076500531724
0.814000000000001	-16.2786532503403	-13.2004012842623	29.4790545346025
0.815000000000001	-20.6656476553556	-3.208911943644	23.8745595989996
0.816000000000001	-23.6489564673111	7.77835997419109	15.87059649312
0.817000000000001	-26.4122209373508	16.792018956592	9.62020198075881
0.818000000000001	-27.9321470454379	23.7333834943917	4.1987635510461
0.819000000000001	-25.244330340723	28.3104517992355	-3.06612145851246
0.820000000000001	-17.9821640433889	28.1713635657998	-10.1891995224109
0.821000000000001	-7.07438098076572	24.1232144875418	-17.048833506776
0.822000000000001	3.9317766363331	19.2256382154347	-23.1574148517678
0.823000000000001	12.2407909546282	16.0629589277971	-28.3037498824253
0.824000000000001	19.4213151651403	11.4971370056504	-30.9184521707907
0.825000000000001	24.219891078832	3.91660271304866	-28.1364937918806
0.826000000000001	25.87461019653	-4.90307128390745	-20.9715389126226
0.827000000000001	24.8434913012628	-13.9225355940374	-10.9209557072255
0.828000000000001	23.2654162617766	-22.0732307881059	-1.19218547367076
0.829000000000001	22.4126385123735	-28.417253434576	6.00461492220249
0.830000000000001	18.1986402044019	-31.0609691469534	12.8623289425515
0.831000000000001	10.2020914081473	-28.9681583491397	18.7660669409925
0.832000000000001	-0.302542783386432	-22.1191452421055	22.4216880254919
0.833000000000001	-10.7074057082903	-14.3962645198732	25.1036702281634
0.834000000000001	-19.4649922506118	-7.32628994021051	26.7912821908223
0.835000000000001	-25.9290996449404	-1.4063237116193	27.3354233565597
0.836000000000001	-29.1751110141381	5.72343615010522	23.4516748640329
0.837000000000001	-27.7119954684156	12.7121985791256	14.99979688929
0.838000000000001	-23.2385661585873	19.2430255262867	3.99554063230059
0.839000000000001	-18.4263033819987	25.0715098879681	-6.64520650596943
0.840000000000001	-14.8434429613439	29.4586039341691	-14.6151609728252
0.841000000000001	-9.22320857391902	30.3291854384795	-21.1059768645605
0.842000000000001	-1.17311866529123	26.0461691045328	-24.8730504392416
0.843000000000001	7.52801644750041	17.7718824315906	-25.299898879091
0.844000000000001	16.3493597965525	7.74369527235947	-24.093055068912
0.845000000000001	23.8303830153707	-1.29658590493542	-22.5337971104353
0.846000000000001	29.2461728810967	-7.80388963624249	-21.4422832448542
0.847000000000001	30.4137904411689	-14.5041936860674	-15.9095967551014
0.848000000000001	26.5771258721138	-19.4270765574763	-7.1500493146375
0.849000000000001	19.179886167076	-22.7197651472219	3.53987898014593
0.850000000000001	11.6047582881325	-24.976469382362	13.3717110942294
0.851000000000001	5.70521305252523	-26.8816274130197	21.1764143604945
0.852000000000001	-0.72412146382112	-26.2775714040046	27.0016928678257
0.853000000000001	-7.67008249811057	-20.93671626336	28.6067987614706
0.854000000000001	-14.4395886602637	-11.1502132929246	25.5898019531883
0.855000000000001	-20.5416999466857	-0.0821545122444949	20.6238544589302
0.856000000000001	-26.1512304108504	9.62688882659294	16.5243415842575
0.857000000000001	-30.0663028589548	16.9691082591409	13.0971945998139
0.858000000000001	-29.3965412324204	22.7983883779077	6.59815285451275
0.859000000000001	-23.9288403676213	25.7275061888529	-1.79866582123158
0.860000000000001	-14.7118827573344	25.2378074766406	-10.5259247193062
0.861000000000001	-4.68132099867323	23.8030796788561	-19.1217586801829
0.862000000000001	4.18947826776665	21.832606673363	-26.0220849411296
0.863000000000001	10.7835466154346	19.7451111921484	-30.5286578075829
0.864000000000001	17.4865129375877	13.0773961121499	-30.5639090497376
0.865000000000001	21.7202168664583	3.61414850730413	-25.3343653737625
0.866000000000001	24.3044936200338	-7.05092573889567	-17.2535678811381
0.867000000000001	25.7199071862395	-16.5645920355145	-9.15531515072509
0.868000000000001	27.1331564714456	-23.9602071713834	-3.17294930006221
0.869000000000001	25.1502454993709	-29.0439779985352	3.89373249916433
0.870000000000001	18.5657592286322	-29.3894716038858	10.8237123752536
0.871000000000001	8.35548852511585	-25.71555355528	17.3600650301641
0.872000000000001	-3.38839453432021	-19.2817559714031	22.6701505057233
0.873000000000001	-12.4644904507022	-15.1193453823426	27.5838358330448
0.874000000000001	-19.7150882110411	-10.8008027127822	30.5158909238233
0.875000000000001	-24.8282659961474	-3.616534877455	28.4448008736024
0.876000000000001	-26.5429521272362	4.72073258469659	21.8222195425396
0.877000000000001	-25.0311659527129	13.2896661813088	11.7414997714041
0.878000000000001	-23.1455193233553	21.410256358962	1.73526296439332
0.879000000000001	-21.5419941521637	27.8003728709129	-6.25837871874922
0.880000000000001	-17.7914785557172	30.9236601195678	-13.1321815638506
0.881000000000001	-10.3498605421231	29.3125823761067	-18.9627218339836
0.882000000000001	-0.362435184665321	22.7294248287581	-22.3669896440927
0.883000000000001	10.0161362899646	14.1053611703876	-24.1214974603522
0.884000000000001	18.7881818400846	6.99136243469143	-25.7795442747761
0.885000000000001	25.5184709442901	1.08482262747358	-26.6032935717637
0.886000000000001	29.1213310039638	-5.7864117559576	-23.3349192480062
0.887000000000001	28.0406811424331	-12.5706601126993	-15.4700210297338
0.888000000000001	23.438052155683	-18.6992060929757	-4.73884606270729
0.889000000000001	17.4441979260257	-23.9189742064864	6.47477628046073
0.890000000000001	14.1463997233345	-28.6279961295102	14.4815964061757
0.891000000000001	8.80879480139327	-29.9458461441107	21.1370513427174
0.892000000000001	1.05672302215007	-26.3468933716773	25.2901703495272
0.893000000000001	-7.18896127887641	-18.5452304544245	25.7341917333009
0.894000000000001	-15.5996523556397	-7.83312861601292	23.4327809716526
0.895000000000001	-23.1866525613391	1.46533561342183	21.7213169479173
0.896000000000001	-28.9747089170147	8.35212540655503	20.6225835104597
0.897000000000001	-30.8656861832289	15.3296581064402	15.5360280767887
0.898000000000001	-27.6259072373235	20.3090252977304	7.31688193959302
0.899000000000001	-20.1865867038442	23.198470803025	-3.01188409918081
0.900000000000001	-12.1054586070504	24.9843938947922	-12.8789352877419
0.901000000000001	-4.75311953513319	25.9550490334512	-21.201929498318
0.902000000000001	1.61444470504848	25.7988516197909	-27.4132963248394
0.903000000000001	8.46288229872727	21.1712482902072	-29.6341305889345
0.904000000000001	15.1234716523677	12.3010723072585	-27.4245439596262
0.905000000000001	20.7436876903081	1.07934089862914	-21.8230285889372
0.906000000000001	25.5542921504898	-9.58111636980877	-15.973175780681
0.907000000000001	29.4821586798626	-17.3756176291629	-12.1065410506997
0.908000000000001	29.4659071174145	-23.4860744580131	-5.97983265940141
0.909000000000001	24.6685917107311	-26.733982490023	2.06539077929197
0.910000000000001	15.7232364542647	-25.9468761541292	10.2236396998644
0.911000000000001	4.7847398260617	-23.1735381498807	18.388798323819
0.912000000000001	-4.4249910078884	-20.9342328853256	25.3592238932141
0.913000000000001	-11.0968925516874	-19.1345737762675	30.2314663279549
0.914000000000001	-17.8629940395121	-12.9716516091552	30.8346456486674
0.915000000000001	-22.0026200935223	-4.0673878039423	26.0700078974646
0.916000000000001	-24.1285649718288	6.22934923866594	17.8992157331628
0.917000000000001	-25.3536756608825	15.7340120265954	9.61966363428718
0.918000000000001	-26.1983163798644	23.4119779832296	2.78633839663478
0.919000000000001	-24.6678164704467	28.7029153598406	-4.03509888939392
0.920000000000001	-18.6705568237632	29.4142401264961	-10.7436833027329
0.921000000000001	-8.95416987233656	25.8982473285361	-16.9440774561996
0.922000000000001	2.70664128299423	19.1550982212607	-21.8617395042549
0.923000000000001	12.0580859125121	14.5580370061699	-26.616122918682
0.924000000000001	19.3848256167883	10.3420110022012	-29.7268366189895
0.925000000000001	24.6753540557201	3.4942427163985	-28.1695967721186
0.926000000000001	26.5565512078459	-4.47138400357407	-22.0851672042718
0.927000000000001	24.910462816074	-12.6435310407904	-12.2669317752836
0.928000000000001	22.6443928932208	-20.5871849966528	-2.05720789656793
0.929000000000001	20.3045830088389	-26.8672962948779	6.562713286039
0.930000000000001	17.3863934971517	-30.5570113711386	13.1706178739868
0.931000000000001	10.3567525824716	-29.4167697801192	19.0600171976476
0.932000000000001	0.846102367910147	-23.2756022556139	22.4294998877038
0.933000000000001	-9.30825367868178	-14.4710432544813	23.7792969331631
0.934000000000001	-18.2217763202889	-6.76678648319042	24.9885628034793
0.935000000000001	-25.2056029867785	-0.650363507339009	25.8559664941175
0.936000000000001	-29.1915696619802	6.09461997605854	23.0969496859217
0.937000000000001	-28.5889423553859	12.7990413007408	15.7899010546451
0.938000000000001	-23.9313161397706	18.5722569869161	5.35905915285457
0.939000000000001	-17.2866170626211	23.3470077319331	-6.06039066931201
0.940000000000001	-13.3642957013755	27.9148624208894	-14.5505667195139
0.941000000000001	-8.15188824636015	29.6091312676451	-21.457243021285
0.942000000000001	-0.606381883841864	26.6582759501467	-26.0518940663048
0.943000000000001	7.26784476298701	19.3610525702465	-26.6288973332336
0.944000000000001	15.4251559769751	8.94874682176958	-24.3739027987447
0.945000000000001	22.8937830028948	-1.15951908374403	-21.7342639191508
0.946000000000001	28.6450638933984	-8.93963684488208	-19.7054270485163
0.947000000000001	31.0856643552067	-16.0599301303759	-15.0257342248308
0.948000000000001	28.3519549939293	-21.0953171334285	-7.25663786050085
0.949000000000001	21.1302207299321	-23.7255765955062	2.59535586557404
0.950000000000001	11.9470677986588	-24.3330704772471	12.3860026785883
0.951000000000001	4.27047730553099	-25.1757167949386	20.9052394894076
0.952000000000001	-2.10207000535961	-25.2127647966607	27.3148348020203
0.953000000000001	-8.81253088585751	-21.1350132217514	29.9475441076089
0.954000000000001	-15.2902603300359	-12.7989077112235	28.0891680412594
0.955000000000001	-20.4515868904789	-1.77903977686372	22.2306266673426
0.956000000000001	-24.8476380352943	9.09323315706888	15.7544048782254
0.957000000000001	-28.701774919261	17.1381260210796	11.5636488981814
0.958000000000001	-29.1170874090293	23.4317663046637	5.68532110436567
0.959000000000001	-24.849262014802	26.9144385043694	-2.06517648956742
0.960000000000001	-16.2948463770163	26.1280947740082	-9.83324839699191
0.961000000000001	-5.26435692854349	22.9389331487842	-17.6745762202407
0.962000000000001	4.32826350753986	20.2474169214352	-24.5756804289751
0.963000000000001	11.1696557179979	18.5012695580175	-29.6709252760154
0.964000000000001	17.9590255216271	12.7483778328441	-30.7074033544713
0.965000000000001	22.1331928089282	4.23089275899474	-26.364085567923
0.966000000000001	24.0521079355696	-5.67964486973935	-18.3724630658302
0.967000000000001	24.8169755263476	-15.1351411490553	-9.6818343772923
0.968000000000001	25.0059857386279	-22.9109961523735	-2.09498958625439
0.969000000000001	24.1959010129557	-28.5468246519315	4.35092363897577
0.970000000000001	18.6675599880663	-29.6369098817112	10.969349893645
0.971000000000001	9.42154620256153	-26.4011057690159	16.9795595664544
0.972000000000001	-2.13960244969432	-19.3575555611115	21.4971580108058
0.973000000000001	-11.8063062169206	-14.1407323020625	25.9470385189831
0.974000000000001	-19.344146616344	-9.77505719907319	29.1192038154171
0.975000000000001	-24.9105326405984	-3.15086791097709	28.0614005515755
0.976000000000001	-27.0684554227503	4.56555261096938	22.5029028117809
0.977000000000001	-25.2998305228559	12.3789028433019	12.9209276795541
0.978000000000001	-21.9692878427471	19.922640361692	2.04664748105507
0.979000000000001	-19.4701921301188	26.3490545090573	-6.87886237893855
0.980000000000001	-16.8210454486096	30.4339688830972	-13.6129234344875
0.981000000000001	-10.1753893862575	29.8531344528732	-19.6777450666157
0.982000000000001	-1.03891886281381	24.1319879659322	-23.0930691031184
0.983000000000001	8.83362305816006	15.1157159740544	-23.9493390322145
0.984000000000001	17.9146957502613	7.0320127323381	-24.9467084825994
0.985000000000001	25.1350574082477	-0.0386510547411083	-25.0964063535066
0.986000000000001	29.513672932496	-6.74155832505174	-22.7721146074442
0.987000000000001	29.2971610203293	-13.3698653881127	-15.9272956322166
0.988000000000001	24.6878049689204	-18.797041542361	-5.89076342655941
0.989000000000001	17.3667574988353	-22.9884742474762	5.62171674864091
0.990000000000001	12.3585677779574	-26.9159002106055	14.5573324326482
0.991000000000001	7.55460501469824	-29.1815169787155	21.6269119640173
0.992000000000001	0.255535179914789	-26.7452444105659	26.4897092306512
0.993000000000001	-7.29069147144799	-19.9337534464415	27.2244449178895
0.994000000000001	-15.0700782261616	-9.59528130882869	24.6653595349903
0.995000000000001	-22.0989350719454	1.2057448127288	20.8931902592166
0.996000000000001	-27.9498894532343	9.33272556864344	18.6171638845909
0.997000000000001	-30.9733000642771	16.3072103636059	14.6660897006712
0.998000000000001	-28.6963684502475	21.4323551615262	7.26401328872127
0.999000000000001	-21.836793655098	24.0051620005394	-2.16836834544141
1	-12.3323964970509	24.1098625002118	-11.7774660031608
1.001	-4.48102467857941	24.9403838742774	-20.459359195698
1.002	2.52152928095398	24.5333209384314	-27.0548502193854
1.003	9.17056649783781	20.9032864503927	-30.0738529482305
1.004	15.553755876053	12.9865176193479	-28.5402734954009
1.005	20.3692246283899	2.27515436490701	-22.6443789932969
1.006	24.2954890600022	-8.70299584194835	-15.5924932180539
1.007	27.9975405880788	-17.0405452367816	-10.9569953512972
1.008	28.7546950890277	-23.5481501806094	-5.2065449084183
1.009	24.9894900476665	-27.3254395864651	2.33594953879852
1.01	16.8658307254948	-26.6744856727442	9.80865494724942
1.011	5.7847744241337	-23.0894353002924	17.3046608761587
1.012	-4.25852326054871	-19.7609638455103	24.0194871060591
1.013	-11.4330278513237	-17.871249374385	29.3042772257087
1.014	-18.3153558770967	-12.4739295859744	30.7892854630711
1.015	-22.5535920649634	-4.3012327184141	26.8548247833775
1.016	-24.2675295282969	5.21210142443967	19.0554281038572
1.017	-24.0085421387644	14.5632042166437	9.44533792212069
1.018	-24.3178647509297	22.5321673407446	1.78569741018519
1.019	-23.7107377159358	28.3878677957193	-4.6771300797835
1.02	-18.6334088973644	29.9245637953075	-11.2911548979431
1.021	-9.79882866833748	26.9815856539286	-17.1827569855911
1.022	1.56182013299643	19.7623367081381	-21.3241568411345
1.023	11.503776072581	13.8412023586023	-25.3449784311833
1.024	19.3596541006547	9.12405671794623	-28.4837108186009
1.025	25.2923913303724	2.64045530293527	-27.9328466333077
1.026	27.7647479148951	-4.87891696737405	-22.8858309475211
1.027	26.0160309540415	-12.3982411970082	-13.6177897570333
1.028	22.024052547471	-19.5867549086668	-2.43729763880411
1.029	18.7268017061088	-25.9070516961133	7.18024999000446
1.03	16.1157006495747	-30.3003162460948	14.1846155965201
1.031	9.84581075476869	-30.2900513387845	20.4442405840158
1.032	1.05752599424204	-25.0097715864975	23.9522455922554
1.033	-8.40340802225402	-16.3757843920897	24.7791924143437
1.034	-17.4794695537427	-6.61661355232147	24.0960831060642
1.035	-24.9826274228951	0.621232717466452	24.3613947054287
1.036	-29.7323422342521	7.34943462333986	22.3829076109122
1.037	-29.9993822893773	14.0015090447983	15.997873244579
1.038	-25.5808415430808	19.1863274812908	6.39451406179001
1.039	-17.7460746381635	22.7853204497662	-5.03924581160268
1.04	-11.9044959369574	26.256208943947	-14.3517130069896
1.041	-6.93947444154773	28.6333478740184	-21.6938734324706
1.042	0.150924847949129	26.7702877943634	-26.9212126423125
1.043	7.43999221980975	20.4472123965433	-27.887204616353
1.044	14.8652910282227	10.3099581030746	-25.1752491312973
1.045	21.539934365397	-0.846734743256976	-20.69319962214
1.046	27.3857885808791	-9.55730085106724	-17.8284877298118
1.047	30.7761231517455	-16.6163163039164	-14.1598068478291
1.048	29.0488579165133	-21.9225273811756	-7.12633053533773
1.049	22.5466817451102	-24.4488521150135	1.90217036990323
1.05	13.2891326995314	-24.5443056486974	11.255172949166
1.051	4.41282131040211	-24.3735507191325	19.9607294087304
1.05199999999999	-2.89390739437723	-23.8385707094003	26.7324781037776
1.05299999999999	-9.50392917457464	-20.6110891620966	30.1150183366713
1.05399999999999	-15.8484408507807	-13.1214623743156	28.9699032250963
1.05499999999999	-20.3897715918268	-2.81752329500553	23.2072948868324
1.05599999999999	-23.8227254210442	8.1719380476202	15.650787373424
1.05699999999999	-26.9237657100198	16.8557237844126	10.0680419256072
1.05799999999999	-28.3318007647851	23.5483402593333	4.78346050545182
1.05899999999999	-25.1273984365049	27.7026265962103	-2.5752281597054
1.05999999999999	-17.4604239373439	27.2465639884336	-9.78614005108969
1.06099999999999	-6.45023388919349	23.3807330663748	-16.9304991771814
1.06199999999999	4.03600623928318	19.3621030115401	-23.3981092508233
1.06299999999999	11.6526367544693	17.1826324642442	-28.8352692187135
1.06399999999999	18.652757370369	12.0907442795643	-30.7435016499333
1.06499999999999	23.1147613325859	4.26628741643298	-27.3810487490189
1.06599999999999	24.7115561007314	-4.88021623008793	-19.8313398706435
1.06699999999999	24.367309807968	-14.1015565148593	-10.2657532931087
1.06799999999999	23.631771797392	-22.1815261262501	-1.45024567114189
1.06899999999999	23.0725525322846	-28.3180228330217	5.24547030073712
1.06999999999999	18.4609401351661	-30.4126152664875	11.9516751313214
1.07099999999999	10.0442724376504	-27.8375510918847	17.7932786542343
1.07199999999999	-1.00538019601327	-20.5103166390416	21.5156968350549
1.07299999999999	-11.1825398448865	-13.6990086978992	24.8815485427856
1.07399999999999	-19.421535094769	-8.01877609091755	27.4403111856865
1.07499999999999	-25.6751110785341	-2.03848563680657	27.7135967153406
1.07599999999999	-28.53803939452	5.28170269793574	23.2563366965843
1.07699999999999	-26.8927429341988	12.4925078398245	14.4002350943743
1.07799999999999	-22.2858751803283	19.234672700971	3.05120247935733
1.07899999999999	-18.1338402118137	25.2881536426629	-7.15431343084921
1.07999999999999	-15.4391781972247	29.9210762023512	-14.4818980051264
1.08099999999999	-9.52878654294557	30.4118727091761	-20.8830861662305
1.08199999999999	-1.1306326862683	25.6714350948774	-24.5408024086091
1.08299999999999	7.96446833113909	17.1433810541693	-25.1078493853084
1.08399999999999	16.964753488092	7.35982373127604	-24.324577219368
1.08499999999999	24.3792627559256	-1.27634159232101	-23.1029211636046
1.08599999999999	29.6445289465017	-7.79651218732275	-21.8480167591789
1.08699999999999	30.4488747744933	-14.5184919192696	-15.9303828552237
1.08799999999999	26.3044956043593	-19.5381142135565	-6.76638139080277
1.08899999999999	18.8851975211154	-23.0684521925097	4.18325467139435
1.08999999999999	11.6350414968393	-25.6251246505722	13.9900831537329
1.09099999999999	6.29326472649912	-27.9025557136374	21.6092909871383
1.09199999999999	-0.585384405015674	-26.5850246513361	27.1704090563518
1.09299999999999	-7.6475143036972	-20.780863928305	28.4283782320022
1.09399999999999	-14.5750835750648	-10.5991622278216	25.1742458028864
1.09499999999999	-20.9866462848775	0.40329203379625	20.5833542510813
1.09599999999999	-26.7456466615909	9.62177572810683	17.1238709334841
1.09699999999999	-30.4157712612206	16.7295799661338	13.6861912950867
1.09799999999999	-29.1928417310739	22.2150389898619	6.97780274121198
1.09899999999999	-23.1782223047715	24.8295473224132	-1.6513250176417
1.09999999999999	-13.9041012201789	24.6025213395062	-10.6984201193273
1.10099999999999	-4.13825552752387	23.4445280736162	-19.3062725460924
1.10199999999999	3.20627365242651	23.1133194729655	-26.319593125392
1.10299999999999	9.86896822540887	20.2553802897257	-30.1243485151346
1.10399999999999	16.2989060367151	13.2020309313619	-29.5009369680769
1.10499999999999	20.6117551406133	3.3093269347832	-23.9210820753965
1.10599999999999	23.4962610163554	-7.60828552320233	-15.887975493153
1.10699999999999	26.170122011773	-16.6269831309862	-9.54313888078676
1.10799999999999	27.7346980422927	-23.6063168574625	-4.12838118483018
1.10899999999999	25.1482264269353	-28.2027962904667	3.05456986353141
1.10999999999999	17.9839253088234	-28.0870053565606	10.1030800477372
1.11099999999999	7.15157260062695	-24.0190944902461	16.8675218896192
1.11199999999999	-3.8235796535006	-19.1016227396708	22.9252023931714
1.11299999999999	-12.1121095760115	-15.9631038082603	28.0752133842718
1.11399999999999	-19.2510318802713	-11.4770292858625	30.7280611661338
1.11499999999999	-24.0443135327086	-3.96115303341676	28.0054665661253
1.11599999999999	-25.6834445147937	4.77538878929515	20.9080557254985
1.11699999999999	-24.6903230270724	13.739587890471	10.9507351366014
1.11799999999999	-23.1202695789362	21.8680968168253	1.25217276211085
1.11899999999999	-22.2953348172226	28.2355434248148	-5.94020860759214
1.11999999999999	-18.144313432306	30.9071914111219	-12.7628779788159
1.12099999999999	-10.227427788828	28.8756462090152	-18.6482184201872
1.12199999999999	0.207818048744141	22.059616874479	-22.2674349232231
1.12299999999999	10.5610282179638	14.3666618417484	-24.9276900597121
1.12399999999999	19.2978141857756	7.29841850538793	-26.5962326911635
1.12499999999999	25.7879940459439	1.40537430582658	-27.1933683517705
1.12599999999999	29.0562351196227	-5.68115530172949	-23.3750798178933
1.12699999999999	27.6147112301157	-12.6178391661622	-14.9968720639535
1.12799999999999	23.1389438045258	-19.0995240539885	-4.03941975053727
1.12899999999999	18.3327741992035	-24.9173264332459	6.58455223404236
1.12999999999999	14.7566901524318	-29.3025955560595	14.5459054036277
1.13099999999999	9.17866478452016	-30.2172274581242	21.038562673604
1.13199999999999	1.17135336188778	-26.0043310756961	24.8329777138083
1.13299999999999	-7.47054767935366	-17.7816863493364	25.2522340286901
1.13399999999999	-16.2526665883553	-7.76861542640682	24.0212820147621
1.13499999999999	-23.7194587661477	1.30100213836085	22.4184566277868
1.13599999999999	-29.1605516851226	7.80836443328542	21.3521872518372
1.13699999999999	-30.3586477689063	14.4965699429475	15.8620778259588
1.13799999999999	-26.5566192019405	19.3847431323358	7.17187606960476
1.13899999999999	-19.14595743252	22.6178169279594	-3.47185949543948
1.13999999999999	-11.5794438810098	24.844565797242	-13.2651219162322
1.14099999999999	-5.71161824610524	26.7499627495216	-21.0383445034164
1.14199999999999	0.679448248843301	26.1644787666682	-26.8439270155115
1.14299999999998	7.57105746301565	20.8744575541488	-28.4455150171644
1.14399999999998	14.2856745001343	11.1295095709709	-25.4151840711052
1.14499999999998	20.389794331678	0.120661021178748	-20.5104553528568
1.14599999999998	26.0162206050225	-9.53116253141315	-16.4850580736093
1.14699999999998	29.9125638712208	-16.8197192259485	-13.0928446452723
1.14799999999998	29.252008529427	-22.6200664308688	-6.63194209855825
1.14899999999998	23.8105200032036	-25.5278229301698	1.71730292696618
1.14999999999998	14.6426204150565	-25.0674725896493	10.4248521745928
1.15099999999998	4.69072845498594	-23.6857280888218	18.9949996338358
1.15199999999998	-4.10524588296362	-21.7751707931357	25.8804166760993
1.15299999999998	-10.6463597820737	-19.7121833190392	30.3585431011129
1.15399999999998	-17.2883897402737	-13.0730583135938	30.3614480538675
1.15499999999998	-21.4934211746917	-3.63729165307195	25.1307128277636
1.15599999999998	-24.0973518504518	6.98393809687319	17.1134137535786
1.15699999999998	-25.6066734685794	16.4501531150254	9.15652035355397
1.15799999999998	-27.0362555328362	23.7458633976547	3.29039213518156
1.15899999999998	-25.0441021118355	28.7647329073237	-3.72063079548819
1.15999999999998	-18.4456677665626	29.0567748379339	-10.6111070713714
1.16099999999998	-8.26526797313685	25.4003415876637	-17.1350736145268
1.16199999999998	3.38261921526889	19.1408438310419	-22.5234630463108
1.16299999999998	12.3211062658701	15.1695120141138	-27.4906182799839
1.16399999999998	19.5027038314131	10.8878424956535	-30.3905463270665
1.16499999999998	24.5423981020787	3.71681301268793	-28.2592111147666
1.16599999999998	26.2371744670349	-4.60865679721881	-21.628517669816
1.16699999999998	24.8082175624585	-13.1962201441087	-11.6119974183498
1.16799999999998	23.0669588789068	-21.3207008768036	-1.74625800210317
1.16899999999998	21.5640576705736	-27.6765534492338	6.11249577866016
1.16999999999998	17.8136397670172	-30.7561486956877	12.9425089286705
1.17099999999998	10.3485046520932	-29.0928362437095	18.7443315916163
1.17199999999998	0.347219163937961	-22.5054845203677	22.1582653564297
1.17299999999998	-10.0021157414492	-14.007646142593	24.0097618840421
1.17399999999998	-18.7377742613509	-7.02569405090292	25.7634683122538
1.17499999999998	-25.4059462859409	-1.17727316518403	26.583219451125
1.17599999999998	-28.9632687482431	5.69797860807393	23.2652901401692
1.17699999999998	-27.8694027355741	12.4888258137143	15.3805769218597
1.17799999999998	-23.3217270320346	18.6652207112217	4.65650632081297
1.17899999999998	-17.4221463907213	23.9308710020512	-6.50872461132989
1.17999999999998	-14.1665350182022	28.6344124066236	-14.4678773884214
1.18099999999998	-8.80987763190927	29.9346100482119	-21.1247324163026
1.18199999999998	-1.04026905740467	26.2864079785877	-25.2461389211831
1.18299999999998	7.23709666640142	18.0894855599193	-25.3265822263207
1.18399999999998	15.626537859948	7.74566336480333	-23.3722012247513
1.18499999999998	23.2188489318955	-1.47382770826476	-21.7450212236307
1.18599999999998	28.9762758543793	-8.32999267801711	-20.6462831763622
1.18699999999998	30.783156850829	-15.2419986629267	-15.5411581879023
1.18799999999998	27.487662893012	-20.2000170177287	-7.28764587528335
1.18899999999998	20.0457845903919	-23.0998985991928	3.05411400880086
1.18999999999998	12.0476493199266	-24.9425923169307	12.8949429970041
1.19099999999998	4.80943130966271	-25.9766750953854	21.1672437857227
1.19199999999998	-1.52565401259442	-25.7835090993506	27.309163111945
1.19299999999998	-8.35222985097985	-21.0968058377898	29.4490356887697
1.19399999999998	-15.0103568218689	-12.1884841631598	27.1988409850287
1.19499999999998	-20.6891971771661	-0.98343010651835	21.6726272836845
1.19599999999998	-25.8347220632114	9.29431048136949	16.5404115818419
1.19699999999998	-29.4791830059613	17.280499202416	12.1986838035453
1.19799999999998	-29.3543994886071	23.2965822228793	6.0578172657278
1.19899999999998	-24.4599350030576	26.4349195685791	-1.97498456552151
1.19999999999998	-15.4978350141711	25.6716486020866	-10.1738135879155
1.20099999999998	-4.69131115889962	23.0485124623082	-18.3572013034086
1.20199999999998	4.29426408748802	21.0348701747434	-25.3291342622314
1.20299999999998	10.8149321495502	19.2592205859729	-30.0741527355231
1.20399999999998	17.4612736759472	13.0516951241489	-30.5129688000961
1.20499999999998	21.556785644842	4.08571737244513	-25.6425030172871
1.20599999999998	23.4047312159882	-6.38790690613298	-17.0168243098552
1.20699999999998	25.3266133018091	-15.6797167206571	-9.646896581152
1.20799999999998	25.9127148560981	-23.1003221712911	-2.81239268480702
1.20899999999998	24.6868891300473	-28.4242117844389	3.73732265439152
1.20999999999998	18.5728433747683	-29.0038936304732	10.4310502557049
1.21099999999998	8.79756980838931	-25.4942723727217	16.6967025643324
1.21199999999998	-2.80162166012366	-18.9885152447805	21.7901369049042
1.21299999999998	-11.995563594083	-14.6600540339439	26.6556176280269
1.21399999999998	-19.2426138339378	-10.4721638136214	29.7147776475592
1.21499999999998	-24.5087311477632	-3.55007333273937	28.0588044805025
1.21599999999998	-26.3811117516884	4.49787763476744	21.8832341169209
1.21699999999998	-24.8248297767736	12.7510728977426	12.073756879031
1.21799999999998	-22.660909910222	20.7351717968041	1.92573811341785
1.21899999999998	-20.3634384652721	27.0006697255229	-6.63723126025077
1.21999999999998	-17.3789767900864	30.6441110465962	-13.2651342565099
1.22099999999998	-10.2751573305894	29.4666290565913	-19.1914717260019
1.22199999999998	-0.675656435745269	23.2634759059411	-22.5878194701958
1.22299999999998	9.53554649572711	14.427415986352	-23.9629624820791
1.22399999999998	18.4495004407752	6.70434142851524	-25.1538418692905
1.22499999999998	25.4123013304612	0.566226091079068	-25.9785274215402
1.22599999999998	29.3893695786015	-6.22695394175033	-23.1624156368511
1.22699999999998	28.7321513129501	-12.9560088164804	-15.7761424964697
1.22799999999998	24.0398050067095	-18.7564184842917	-5.28338652241775
1.22899999999998	17.3343284604098	-23.5091777144299	6.17484925402015
1.22999999999998	13.410489352871	-28.0654417643944	14.6549524115235
1.23099999999998	8.16477024528188	-29.710080907873	21.5453106625911
1.23199999999998	0.597957981812942	-26.6780208384312	26.0800628566182
1.23299999999998	-7.31154258707831	-19.2916059338541	26.6031485209324
1.23399999999997	-15.5006630176172	-8.85351689638695	24.3541799140041
1.23499999999997	-22.9706908712142	1.18983683512275	21.7808540360914
1.23599999999997	-28.6928749822385	8.88883493421659	19.8040400480219
1.23699999999997	-31.0454302804975	15.9613097201558	15.0841205603417
1.23799999999997	-28.1878513003362	20.9374535964054	7.25039770393082
1.23899999999997	-20.9168368253015	23.5853046205777	-2.66846779527622
1.23999999999997	-11.8426157797739	24.3129851308864	-12.4703693511126
1.24099999999997	-4.36191216953311	25.27234136264	-20.9104291931069
1.24199999999997	1.96621313230914	25.3123831402265	-27.2785962725357
1.24299999999997	8.65810207004314	21.1261581031293	-29.7842601731724
1.24399999999997	15.1275149205902	12.7030261671165	-27.8305410877067
1.24499999999997	20.3796716108405	1.66398952119586	-22.0436611320363
1.24599999999997	24.8921161569543	-9.11403614136145	-15.7780800155928
1.24699999999997	28.7999063344392	-17.0538816105357	-11.7460247239035
1.24799999999997	29.0802364381096	-23.2391945053014	-5.84104193280817
1.24899999999997	24.7087966902881	-26.6544699790947	1.94567328880662
1.24999999999997	16.0963466967454	-25.885679742064	9.78933304531857
1.25099999999997	5.15291119787335	-22.8626119812844	17.709700783411
1.25199999999997	-4.27880534409256	-20.3717499058973	24.6505552499899
1.25299999999997	-11.0530369967977	-18.634893592895	29.6879305896927
1.25399999999997	-17.8338404208506	-12.7975095703552	30.6313499912059
1.25499999999997	-22.0178068566661	-4.20339429223861	26.2212011489047
1.25599999999997	-24.0070551907434	5.78793039454469	18.2191247961987
1.25699999999997	-24.8967644139166	15.2582518980643	9.63851251585229
1.25799999999997	-25.1415204341022	23.0085246866576	2.13299574744453
1.25899999999997	-24.2660592536039	28.6183607340755	-4.35230148047157
1.25999999999997	-18.6783582677431	29.7155375667823	-11.0371792990391
1.26099999999997	-9.34272051672357	26.4545537316684	-17.1118332149448
1.26199999999997	2.26399533613697	19.4069484333037	-21.6709437694406
1.26299999999997	11.9590827087547	14.1687884356918	-26.1278711444465
1.26399999999997	19.5307276658548	9.74514955453548	-29.2758772203903
1.26499999999997	25.1469976527274	3.05372712645116	-28.2007247791786
1.26599999999997	27.3512266962128	-4.73863097921735	-22.6125957169955
1.26699999999997	25.5522603979353	-12.5961881775493	-12.956072220386
1.26799999999997	22.1280998987989	-20.1621739332016	-1.96592596559738
1.26899999999997	19.4975310902164	-26.5531712801796	7.05564018996317
1.26999999999997	16.7957208570133	-30.6632976789435	13.8675768219301
1.27099999999997	10.1150260628394	-30.1057576978928	19.9907316350534
1.27199999999997	0.935538259941209	-24.3485679634066	23.4130297034654
1.27299999999997	-8.98358699850406	-15.2130224696581	24.1966094681621
1.27399999999997	-18.0827173541091	-7.00262068236318	25.0853380364723
1.27499999999997	-25.3281669735578	0.160456533134637	25.1677104404232
1.27599999999997	-29.7280169310287	6.90333385877815	22.8246830722505
1.27699999999997	-29.5253115439265	13.5675071680791	15.9578043758474
1.27799999999997	-24.8703489675958	18.9876779168372	5.88267105075862
1.27899999999997	-17.4352109471782	23.1262657439062	-5.69105479672795
1.27999999999997	-12.3622043195166	27.0091755105005	-14.6469711909839
1.28099999999997	-7.53683143703278	29.2706742580188	-21.733842820986
1.28199999999997	-0.224012250003668	26.8280350462409	-26.6040227962373
1.28299999999997	7.33287548016316	19.9742193463491	-27.3070948265123
1.28399999999997	15.127295372586	9.59666941119025	-24.7239647837762
1.28499999999997	22.1609440886375	-1.22365329456655	-20.937290794071
1.28599999999997	27.9846557542142	-9.31280606956168	-18.6718496846525
1.28699999999997	31.0167111227558	-16.3049519419754	-14.7117591807804
1.28799999999997	28.690427369995	-21.3965960430307	-7.29383132696432
1.28899999999997	21.7998098001888	-23.9641375240623	2.16432772387354
1.28999999999997	12.3121976058173	-24.1051954565226	11.7929978507053
1.29099999999997	4.51974383412699	-24.9737209710999	20.4539771369729
1.29199999999997	-2.45436936331675	-24.5925547423129	27.0469241056296
1.29299999999997	-9.09074762462437	-20.9256633954549	30.0164110200792
1.29399999999997	-15.4963345361843	-12.9862583875584	28.4825929237426
1.29499999999997	-20.3564089402157	-2.25099055731294	22.6073994975286
1.29599999999997	-24.6544364363678	8.47517659124876	16.179259845119
1.29699999999997	-28.0247997681012	17.0303529952169	10.9944467728843
1.29799999999997	-28.7607381738314	23.5230255557696	5.23771261806183
1.29899999999997	-24.9745219628037	27.2919064914599	-2.31738452865618
1.29999999999997	-16.8223406815327	26.6332239175642	-9.81088323603157
1.30099999999997	-5.74582406690498	23.0797217231277	-17.3338976562228
1.30199999999997	4.27335022958153	19.8017744156938	-24.0751246452753
1.30299999999997	11.4243185077492	17.9282519529194	-29.3525704606686
1.30399999999997	18.3156883665239	12.5042290827489	-30.8199174492728
1.30499999999997	22.5942089906427	4.31437219280442	-26.9085811834471
1.30599999999997	24.3323567183422	-5.23357312720284	-19.0987835911393
1.30699999999997	24.0779772083931	-14.603935797461	-9.47404141093211
1.30799999999997	24.3693856011613	-22.5942900366263	-1.77509556453495
1.30899999999997	23.7479024623692	-28.4942721589804	4.74636969661121
1.30999999999997	18.6731943324274	-30.0921594018984	11.418965069471
1.31099999999997	9.83512614806596	-27.2062592389407	17.3711330908747
1.31199999999997	-1.55496805368384	-19.9380121712853	21.4929802249692
1.31299999999997	-11.6020684782287	-13.8415189950599	25.4435874732886
1.31399999999997	-19.536172839498	-8.99362018333573	28.5297930228337
1.31499999999997	-25.5603172943304	-2.47001316271111	28.0303304570416
1.31599999999997	-28.1186354586118	5.08767131617827	23.0309641424335
1.31699999999997	-26.3776893480028	12.6068734338725	13.7708159141302
1.31799999999997	-22.1983395810713	19.7425428707084	2.45579671036297
1.31899999999997	-18.6656099210564	26.0113511130939	-7.34574119203746
1.31999999999997	-15.99539024189	30.4518786635575	-14.4564884216675
1.32099999999997	-9.74088481193157	30.5250157511336	-20.7841309392021
1.32199999999997	-0.972306364982776	25.3305519738405	-24.3582456088578
1.32299999999997	8.48100438502133	16.6230512443796	-25.1040556294009
1.32399999999996	17.5789642811175	6.63280482753042	-24.2117691086479
1.32499999999996	25.1092355784839	-0.777896874838587	-24.3313387036454
1.32599999999996	29.9451087724389	-7.56437748133349	-22.3807312911054
1.32699999999996	30.3228445568382	-14.2747326092541	-16.0481119475841
1.32799999999996	25.9160221011501	-19.4385432362684	-6.47747886488176
1.32899999999996	18.6107317843439	-23.3188849535597	4.70815316921585
1.32999999999996	11.8792730209696	-26.28959925242	14.4103262314505
1.33099999999996	6.80703084223268	-28.603563935361	21.7965330931283
1.33199999999996	-0.249702033335559	-26.8283523102335	27.078054343569
1.33299999999996	-7.51505422420287	-20.5503838911691	28.065438115372
1.33399999999996	-14.8909335237102	-10.4213199124252	25.3122534361355
1.33499999999996	-21.5227387905395	0.800409663259913	20.7223291272796
1.33599999999996	-27.3575714240452	9.59785432568221	17.759717098363
1.33699999999996	-30.7904713009217	16.6544261895034	14.1360451114183
1.33799999999996	-29.1180562774184	21.9791190874918	7.13893718992659
1.33899999999996	-22.6814231336927	24.5248140409367	-1.84339090724398
1.33999999999996	-13.4016554540563	24.580886828465	-11.1792313744087
1.34099999999996	-4.44915598700059	24.3487773551296	-19.899621368129
1.34199999999996	2.89572742431781	23.7839115662496	-26.6796389905675
1.34299999999996	9.53093693584931	20.6183777113326	-30.1493146471819
1.34399999999996	15.8932149316576	13.1776415626867	-29.0708564943444
1.34499999999996	20.4253852175761	2.91649926627583	-23.3418844838519
1.34599999999996	23.786791570288	-8.08660052142134	-15.7001910488666
1.34699999999996	26.8477734716929	-16.8505363545029	-9.99723711719005
1.34799999999996	28.2908853399743	-23.5960256777889	-4.69485966218537
1.34899999999996	25.1848934319405	-27.8490401468599	2.66414671491944
1.34999999999996	17.6100349439337	-27.4941316484742	9.88409670454054
1.35099999999996	6.58805352657968	-23.5791963612181	16.9911428346384
1.35199999999996	-4.04242256737159	-19.351306850568	23.3937294179396
1.35299999999996	-11.874543177632	-16.6900292348426	28.5645724124745
1.35399999999996	-18.9746005204006	-11.9368350725016	30.9114355929022
1.35499999999996	-23.5846486454727	-4.13910595079957	27.7237545962723
1.35599999999996	-25.2301568200916	4.95051923146422	20.2796375886274
1.35699999999996	-24.6504285940496	14.1673185696212	10.4831100244284
1.35799999999996	-23.593779137988	22.3146319629732	1.27914717501485
1.35899999999996	-22.9084423652273	28.5576122778872	-5.64916991265995
1.35999999999996	-18.4122023828764	30.899930627975	-12.4877282450987
1.36099999999996	-10.0955574313758	28.5080622845939	-18.4125048532181
1.36199999999996	0.87616391056347	21.1115844205863	-21.9877483311498
1.36299999999996	11.2225818650294	13.7619085167157	-24.9844903817451
1.36399999999996	19.6886101727581	7.6293792731007	-27.3179894458588
1.36499999999996	26.0805290348001	1.64283419116303	-27.7233632259631
1.36599999999996	29.1740135956736	-5.67471194847056	-23.499301647203
1.36699999999996	27.6022698520049	-12.8367698212392	-14.7655000307657
1.36799999999996	22.707833849336	-19.4071855808064	-3.3006482685296
1.36899999999996	18.0023129905736	-25.2689345492168	7.26662155864319
1.36999999999996	15.1374828561789	-29.9550901539114	14.8176072977325
1.37099999999996	9.31168916878909	-30.6551795464629	21.3434903776738
1.37199999999996	1.01865433181429	-26.1218445045516	25.1031901727373
1.37299999999996	-7.93843672648786	-17.625094948554	25.5635316750419
1.37399999999996	-16.8915517954856	-7.54386274904974	24.4354145445354
1.37499999999996	-24.3602213291082	1.45417649506809	22.9060448340401
1.37599999999996	-29.710813435862	8.02381342168853	21.6870000141735
1.37699999999996	-30.7164933923332	14.7892554887478	15.9272379035854
1.37799999999996	-26.686652143906	19.7644125711985	6.9222395727075
1.37899999999996	-19.1543762027928	23.1177411600958	-3.963364957303
1.37999999999996	-11.6172235938765	25.4525417114382	-13.8353181175617
1.38099999999996	-6.11255979791283	27.6805030436336	-21.5679432457208
1.38199999999996	0.700587810545671	26.5344023726273	-27.2349901831729
1.38299999999996	7.703234203874	20.9120786460569	-28.6153128499309
1.38399999999996	14.546152114291	10.8714621198878	-25.4176142341788
1.38499999999996	20.8232810761312	-0.198596261178569	-20.6246848149526
1.38599999999996	26.5349624139457	-9.6172022176886	-16.9177601962571
1.38699999999996	30.2861865035108	-16.7575879405311	-13.5285985629797
1.38799999999996	29.2719197977727	-22.3589846140361	-6.91293518373658
1.38899999999996	23.4470673030001	-25.0516274845978	1.60456018159769
1.38999999999996	14.1819665047208	-24.7243795025763	10.5424129978555
1.39099999999996	4.22489854669809	-23.3518162240381	19.12691767734
1.39199999999996	-3.35303009173026	-22.8749926307251	26.2280227224554
1.39299999999996	-10.0771642544402	-20.1287942511124	30.2059585055526
1.39399999999996	-16.5805789816238	-13.227568594111	29.8081475757348
1.39499999999996	-20.860971758139	-3.48608652636557	24.3470582845046
1.39599999999996	-23.5326516591903	7.41540007498452	16.1172515842058
1.39699999999996	-25.9616366283432	16.5660124000805	9.39562422826271
1.39799999999996	-27.5270721412583	23.6988387878566	3.82823335340169
1.39899999999996	-25.19143111492	28.5175635371962	-3.32613242227625
1.39999999999996	-18.2396605825993	28.5993914501212	-10.3597308675219
1.40099999999996	-7.86054404778915	25.021971883676	-17.1614278358868
1.40199999999996	3.68602980459874	19.1876250223765	-22.8736548269752
1.40299999999996	12.3656562513627	15.5754588112775	-27.9411150626401
1.40399999999996	19.5579845393393	11.1599086030187	-30.717893142358
1.40499999999996	24.5494529125579	3.75674762650102	-28.3062005390589
1.40599999999996	26.2525262047093	-4.82968566056454	-21.4228405441448
1.40699999999996	24.9843034104543	-13.6519119091358	-11.3323915013185
1.40799999999996	23.0032353421781	-21.7674426740872	-1.23579266809089
1.40899999999996	21.96933978076	-28.2149769174195	6.24563713665953
1.40999999999996	17.9946276559041	-31.179582373069	13.1849547171649
1.41099999999996	10.2835940450329	-29.3931528034752	19.1095587584423
1.41199999999996	0.0268437774728216	-22.6425431189402	22.6156993414674
1.41299999999996	-10.3527835099095	-14.5859277215032	24.9387112314127
1.41399999999996	-19.2523822132319	-7.05885725643746	26.3112394696693
1.41499999999995	-25.9003577178552	-1.08685989425697	26.9872176121122
1.41599999999995	-29.388627564444	5.92507082618047	23.4635567382635
1.41699999999995	-28.122557780273	12.805448054178	15.317109726095
1.41799999999995	-23.4865681026755	19.0821491303751	4.40441897230039
1.41899999999995	-18.2327771234604	24.6929631899267	-6.46018606646636
1.41999999999995	-14.4112995626415	29.0713423204326	-14.6600427577911
1.42099999999995	-8.95429192607886	30.1823717301424	-21.2280798040636
1.42199999999995	-1.09263356071219	26.2460785556612	-25.153444994949
1.42299999999995	7.34039230350709	18.1886104449007	-25.5290027484078
1.42399999999995	16.0078752698629	8.01558036337357	-24.0234556332365
1.42499999999995	23.4895826525965	-1.364041842686	-22.1255408099105
1.42599999999995	29.0521139346227	-7.98598590706126	-21.0661280275614
1.42699999999995	30.4998026962562	-14.7255763509411	-15.7742263453151
1.42799999999995	26.9234156006239	-19.6131608107325	-7.31025478989137
1.42899999999995	19.4875884419308	-22.678055475778	3.19046703384716
1.42999999999995	12.0364767076454	-25.0079926033952	12.9715158957498
1.43099999999995	5.41778404321843	-26.4121334595903	20.9943494163719
1.43199999999995	-0.876580937634873	-26.0174706154171	26.894051553052
1.43299999999995	-7.70157906505652	-21.0040404946082	28.7056195596647
1.43399999999995	-14.4429243277103	-11.8264892429631	26.2694135706734
1.43499999999995	-20.2230365371757	-0.416513742870391	20.6395502800461
1.43599999999995	-25.6985038676223	9.44648496247303	16.2520189051492
1.43699999999995	-29.6904518314212	16.8984204161899	12.7920314152314
1.43799999999995	-29.2836422986972	22.8055077078514	6.47813459084582
1.43899999999995	-24.1107917505681	25.8492970416998	-1.73850529113164
1.43999999999995	-14.6453370621447	24.8346522894913	-10.1893152273466
1.44099999999995	-4.47017565323425	23.0941678528288	-18.6239921995946
1.44199999999995	4.24818311538403	21.4146909590158	-25.6628740743998
1.44299999999995	10.8478189427645	19.4972015314072	-30.3450204741717
1.44399999999995	17.6238809271472	13.0448958097422	-30.6687767368894
1.44499999999995	21.8558626083227	3.8392625701042	-25.6951251784269
1.44599999999995	23.8419993937233	-6.84739331910223	-16.9946060746211
1.44699999999995	25.7865148481327	-16.2274989476867	-9.55901590044597
1.44799999999995	26.6808638164423	-23.799164254867	-2.88169956157529
1.44899999999995	24.9170907717896	-29.0147518315877	4.09766105979809
1.44999999999995	18.6280667223717	-29.5910009548939	10.9629342325223
1.45099999999995	8.63240514647384	-25.9748761219405	17.3424709754667
1.45199999999995	-3.14099811075278	-19.2707213376689	22.4117194484216
1.45299999999995	-12.4544613558294	-14.7465404548193	27.2010018106486
1.45399999999995	-19.7830125904905	-10.4402182847042	30.2232308751947
1.45499999999995	-25.0234815447815	-3.40965631478843	28.4331378595699
1.45599999999995	-26.823889777904	4.75130164673679	22.0725881311672
1.45699999999995	-25.1456223749575	13.0947944028106	12.0508279721468
1.45799999999995	-22.95457740808	21.1163836477679	1.83819376031212
1.45899999999995	-21.1660180899424	27.5172720583584	-6.35125396841606
1.45999999999995	-17.5935444581586	30.8307872779725	-13.2372428198139
1.46099999999995	-10.3623295798182	29.4241501088911	-19.0618205290728
1.46199999999995	-0.610590436146314	22.9896280611684	-22.3790376250221
1.46299999999995	9.65201813300143	14.2543864539672	-23.9064045869686
1.46399999999995	18.4742311999644	6.90820489526011	-25.3824360952245
1.46499999999995	25.2734915854137	0.994059945445012	-26.2675515308587
1.46599999999995	28.9486326389769	-5.74472626244381	-23.2039063765331
1.46699999999995	28.0060151893977	-12.4231585384659	-15.5828566509318
1.46799999999995	23.3979323725362	-18.3968720009386	-5.00106037159756
1.46899999999995	17.2929461501569	-23.5036121293055	6.21066597914858
1.46999999999995	13.905643663062	-28.2057360555563	14.3000923924943
1.47099999999995	8.67611676478255	-29.6607642117833	20.9846474470008
1.47199999999995	1.05405217018917	-26.2751366554638	25.2210844852747
1.47299999999995	-7.03018930933593	-18.7000711824828	25.7302604918187
1.47399999999995	-15.3022565500642	-8.02423905842529	23.3264956084895
1.47499999999995	-22.8756112750894	1.42931167004261	21.4462996050468
1.47599999999995	-28.7504580840083	8.455925827969	20.2945322560393
1.47699999999995	-30.8278922873794	15.4488347062947	15.3790575810846
1.47799999999995	-27.7953362643538	20.4672053441441	7.32813092020971
1.47899999999995	-20.4803653737063	23.2965559694596	-2.8161905957533
1.47999999999995	-12.1803723080422	24.8391819267575	-12.6588096187154
1.48099999999995	-4.53115917394043	25.6149643212257	-21.0838051472852
1.48199999999995	1.85370464075408	25.538582146866	-27.3922867876201
1.48299999999995	8.65280666081752	21.1308859744604	-29.7836926352779
1.48399999999995	15.2501865784685	12.4954547422203	-27.7456413206887
1.48499999999995	20.6707324007821	1.33189927707473	-22.0026316778569
1.48599999999995	25.2949623713682	-9.46775257161179	-15.8272097997564
1.48699999999995	29.1934592322472	-17.3966375788196	-11.7968216534276
1.48799999999995	29.3626731231365	-23.6002179840384	-5.7624551390981
1.48899999999995	24.8148778815658	-26.9893068597235	2.17442897815775
1.48999999999995	16.0325157197646	-26.185755194857	10.1532394750923
1.49099999999995	4.977408236273	-23.1400412232708	18.1626329869978
1.49199999999995	-4.47130988886313	-20.6296828637237	25.1009927525868
1.49299999999995	-11.2368889683461	-18.8411623085681	30.0780512769142
1.49399999999995	-18.0246754585633	-12.8584729531059	30.8831484116692
1.49499999999995	-22.1618150936482	-4.12644123138191	26.2882563250301
1.49599999999995	-24.1536864568315	6.00328852008715	18.1503979367443
1.49699999999995	-25.1348181492615	15.4927272808354	9.6420908684261
1.49799999999995	-25.4532986958494	23.1494948808034	2.30380381504599
1.49899999999995	-24.4712064315175	28.6559509473556	-4.18474451583808
1.49999999999995	-18.6821130736286	29.5043001994497	-10.8221871258211
1.50099999999995	-9.16535203665812	26.082870529637	-16.9175184929789
1.50199999999995	2.46135489388934	19.1853896556392	-21.6467445495286
1.50299999999995	11.9385246524393	14.3651394740654	-26.3036641265046
1.50399999999995	19.3112415096058	10.1272920564656	-29.4385335660713
1.50499999999995	24.6979520079715	3.38870742203037	-28.0866594300018
1.50599999999994	26.6874041523994	-4.47047050416724	-22.2169336482322
1.50699999999994	24.9963097387835	-12.4883299082652	-12.5079798305183
1.50799999999994	22.0394242081862	-20.2052762571855	-1.83414795100069
1.50899999999994	19.9192322105641	-26.6272379830306	6.70800577246651
1.50999999999994	17.1693705510523	-30.5022788524347	13.3329083013824
1.51099999999994	10.2918424944464	-29.5720446858062	19.2802021913598
1.51199999999994	0.945887806246574	-23.593892463684	22.6480046574375
1.51299999999994	-9.11072046688931	-14.6925929129891	23.8033133798784
1.51399999999994	-18.0958242375642	-7.11567023410451	25.2114944716687
1.51499999999994	-25.1631857021674	-0.37899748382794	25.5421831859953
1.51599999999994	-29.2892287461544	6.33354220614781	22.9556865400066
1.51699999999994	-28.8066562145462	12.9736513490843	15.8330048654619
1.51799999999994	-24.1532448080753	18.599906985687	5.55333782238828
1.51899999999994	-17.2539097479281	23.1551406896791	-5.90123094175097
1.51999999999994	-12.7437825405045	27.301534190319	-14.5577516498145
1.52099999999994	-7.92375471658907	29.45417407062	-21.5304193540309
1.52199999999994	-0.491221913604658	26.6924875482014	-26.2012656345967
1.52299999999994	7.25130606563293	19.5844294265161	-26.8357354921491
1.52399999999994	15.2682163158794	9.20283310439974	-24.4710494202791
1.52499999999994	22.4688068056298	-1.38227897021534	-21.0865278354144
1.52599999999994	28.2577527887261	-9.20964706549119	-19.0481057232349
1.52699999999994	31.0933066982406	-16.2009000109844	-14.8924066872562
1.52799999999994	28.5271864866209	-21.265703814091	-7.26148267252992
1.52899999999994	21.4722361987571	-23.8913342592616	2.41909806050446
1.52999999999994	12.1076957096944	-24.2579886710274	12.150292961333
1.53099999999994	4.54592232220628	-25.3159770095094	20.7700546873031
1.53199999999994	-2.3418276518464	-24.9111244657567	27.2529521176031
1.53299999999994	-9.027778222111	-21.0103904501708	30.0381686722818
1.53399999999994	-15.4541552790841	-12.8501835211127	28.3043388001968
1.53499999999994	-20.451478081865	-1.94881050625635	22.4002885881213
1.53599999999994	-24.9493592496734	8.73484087268937	16.214518376984
1.53699999999994	-28.4132223884529	17.142425150401	11.2707972380519
1.53799999999994	-28.9576519730355	23.5017756067941	5.45587636624142
1.53899999999994	-24.8783459606228	27.0689212995177	-2.1905753388949
1.53999999999994	-16.4851472097375	26.3073913877318	-9.82224417799425
1.54099999999994	-5.44445055214746	22.9634341078212	-17.5189835556738
1.54199999999994	4.2802572564547	20.0765261297693	-24.356783386224
1.54299999999994	11.2085661650527	18.3130152648789	-29.5215814299317
1.54399999999994	18.000085452927	12.7118019463151	-30.7118873992421
1.54499999999994	22.159199304212	4.33767102719981	-26.4968703314118
1.54599999999994	24.0037514784312	-5.42106220064456	-18.5826892777866
1.54699999999994	24.1550383760797	-14.8233592554312	-9.33167912064849
1.54799999999994	24.7398585819207	-22.6788929218516	-2.06096566006918
1.54899999999994	24.0204801773076	-28.3912580551152	4.37077787780765
1.54999999999994	18.677191362951	-29.6636188750654	10.9864275121144
1.55099999999994	9.59459672106716	-26.581618872098	16.9870221510308
1.55199999999994	-1.89793411897496	-19.4873979697031	21.3853320886781
1.55299999999994	-11.7062791002263	-13.989154426767	25.6954335269932
1.55399999999994	-19.4039626894475	-9.4484172749531	28.8523799644006
1.55499999999994	-25.1897743360464	-2.85274297809258	28.042517314139
1.55599999999994	-27.5367414318158	4.81733903638076	22.719402395435
1.55699999999994	-25.7621297271116	12.5140379133764	13.2480918137352
1.55799999999994	-22.0545656569944	19.9093164731731	2.1452491838213
1.55899999999994	-19.0800953818554	26.2794907416462	-7.1993953597908
1.55999999999994	-16.4213884798569	30.5520976119397	-14.1307091320828
1.56099999999994	-9.94657666996502	30.2959824875179	-20.3494058175529
1.56199999999994	-0.953250066679118	24.7664922398584	-23.8132421731792
1.56299999999994	8.69718169516417	16.0813682033981	-24.7785498985623
1.56399999999994	17.8762647926786	7.01325884689078	-24.8895236395694
1.56499999999994	25.2236289723994	-0.441895285727005	-24.7817336866724
1.56599999999994	29.7929932403963	-7.1717999049756	-22.6211933354207
1.56699999999994	29.8158175420093	-13.8187292493077	-15.9970882927015
1.56799999999994	25.2421177429961	-19.0921588224329	-6.14995892056312
1.56899999999994	17.5698116672642	-22.9441623725565	5.37435070529229
1.56999999999994	12.1272675312764	-26.6432434049196	14.5159758736431
1.57099999999994	7.28495494324967	-28.9767638401577	21.691808896908
1.57199999999994	0.0943053215230005	-26.8112832601886	26.7169779386656
1.57299999999994	-7.29761567949613	-20.1899787872555	27.4875944667516
1.57399999999994	-14.9024244170379	-9.92659758224826	24.8290219992862
1.57499999999994	-21.7742685876223	1.01534652468683	20.7589220629355
1.57599999999994	-27.6430776007089	9.3368138707105	18.3062637299984
1.57699999999994	-30.8248117026662	16.3187232397636	14.5060884629026
1.57799999999994	-28.7287768085608	21.442961661387	7.28581514717385
1.57899999999994	-22.0055737858273	23.9756580627429	-1.97008427691557
1.57999999999994	-12.9293735206702	24.390964672722	-11.4615911520518
1.58099999999994	-4.4910928242853	24.626915742039	-20.1358229177537
1.58199999999994	2.56008673881848	24.2416662333783	-26.8017529721968
1.58299999999994	9.15048711748087	20.7779105705697	-29.9283976880505
1.58399999999994	15.4999212133298	13.0378614922324	-28.5377827055622
1.58499999999994	20.2428764839319	2.50466103722738	-22.7475375211593
1.58599999999994	24.0360188192224	-8.44768252127026	-15.5883362979521
1.58699999999994	27.68989219421	-16.890221907693	-10.799670286517
1.58799999999994	28.5680798484681	-23.4822380043853	-5.08584184408283
1.58899999999994	25.0367657754491	-27.4193273671457	2.38256159169661
1.58999999999994	17.1009698963695	-26.8371553026874	9.73618540631784
1.59099999999994	6.04793666287978	-23.147045615008	17.0991089521283
1.59199999999994	-4.15346705294386	-19.5829745293121	23.7364415822559
1.59299999999994	-11.4973012454479	-17.6089885835493	29.1062898289972
1.59399999999994	-18.4372186148537	-12.3324961515305	30.7697147663842
1.59499999999994	-22.8028130976302	-4.30377620069606	27.1065892983263
1.59599999999994	-24.4814592406797	5.07039484973018	19.4110643909495
1.59699999999993	-24.4559965483811	14.3944100775439	10.0615864708372
1.59799999999993	-24.0215260879947	22.4401639136771	1.58136217431765
1.59899999999993	-23.4317264965117	28.4443975758562	-5.01267107934458
1.59999999999993	-18.5743111788179	30.2883907034539	-11.7140795246359
1.60099999999993	-9.92897519597654	27.5416684621578	-17.6126932661812
1.60199999999993	1.32024224999514	20.2120025671629	-21.5322448171581
1.60299999999993	11.4495198443916	13.7509093825552	-25.2004292269468
1.60399999999993	19.5219863202707	8.69605809313682	-28.2180444134075
1.60499999999993	25.6692106086537	2.24825649633684	-27.9174671049905
1.60599999999993	28.3481470320235	-5.18657359095999	-23.1615734410635
1.60699999999993	26.615672352634	-12.5487593919763	-14.0669129606577
1.60799999999993	22.2124448872279	-19.4878101291467	-2.72463475808117
1.60899999999993	18.4283515651337	-25.6677549720537	7.23940340691994
1.60999999999993	15.7803361735918	-30.1950309038371	14.4146947302453
1.61099999999993	9.69433625956995	-30.432059160218	20.737722900648
1.61199999999993	1.10245818337274	-25.4197314173938	24.3172732340211
1.61299999999993	-8.19090725771937	-16.7908114233457	24.981718681065
1.61399999999993	-17.2188103395317	-6.74209139391265	23.9609017334443
1.61499999999993	-24.8115894155671	0.804881996697952	24.0067074188691
1.61599999999993	-29.7184986091382	7.55397794443239	22.1645206647058
1.61699999999993	-30.2594136782723	14.2489789664127	16.0104347118597
1.61799999999993	-25.9402645654243	19.3259222991489	6.61434226627548
1.61899999999993	-18.6313600774763	23.0925723323425	-4.46121225486624
1.61999999999993	-11.7695184228137	25.9421323530146	-14.1726139302009
1.62099999999993	-6.6420025056192	28.2770005850634	-21.6349980794442
1.62199999999993	0.325567353161085	26.6839457883627	-27.0095131415238
1.62299999999993	7.48314644919817	20.5888688323415	-28.0720152815396
1.62399999999993	14.7304925140773	10.5935306114067	-25.324023125484
1.62499999999993	21.2456645021389	-0.64297087158832	-20.6026936305505
1.62599999999993	27.0631364844065	-9.55191394474905	-17.5112225396575
1.62699999999993	30.5955499897012	-16.6223757107176	-13.9731742789836
1.62799999999993	29.0870165379769	-21.9883963623304	-7.09862017564652
1.62899999999993	22.8067165792026	-24.5484269865632	1.7417104073606
1.62999999999993	13.56338266676	-24.525245146535	10.961862479775
1.63099999999993	4.08621251435722	-23.6896248447314	19.6034123303741
1.63199999999993	-3.00679183392941	-23.5305043236671	26.5372961575966
1.63299999999993	-9.64729678904017	-20.4920085540702	30.1393053431104
1.63399999999993	-16.0377384746336	-13.2083031815762	29.2460416562097
1.63499999999993	-20.4691588011369	-3.09360486850406	23.5627636696409
1.63599999999993	-23.6343632870931	7.87921101976338	15.7551522673297
1.63699999999993	-26.5440047382003	16.7436656151172	9.80033912308308
1.63799999999993	-28.0572360789874	23.5825890341652	4.47464704482219
1.63899999999993	-25.1542522073406	27.9662389757431	-2.81198676840246
1.63999999999993	-17.7449874616467	27.7003588453668	-9.95537138372011
1.64099999999993	-6.79143885208769	23.71693513777	-16.9254962856823
1.64199999999993	3.97922665702665	19.2090708100963	-23.188297467123
1.64299999999993	11.9768280768238	16.3841707782652	-28.360998855089
1.64399999999993	19.0960866759458	11.7394402016501	-30.8355268775959
1.64499999999993	23.7695576713975	4.06201036081055	-27.8315680322081
1.64599999999993	25.4012920032038	-4.89329282827368	-20.5079991749301
1.64699999999993	24.6585083990867	-14.0094722305181	-10.6490361685686
1.64799999999993	23.3945500595981	-22.1463955282987	-1.24815453129941
1.64899999999993	22.6827476576694	-28.4486220475422	5.76587438987284
1.64999999999993	18.3121648263577	-30.8904762391862	12.5783114128285
1.65099999999993	10.1595950462213	-28.6165364629144	18.4569414166932
1.65199999999993	-0.690439809570215	-21.2043179525815	21.8947577621517
1.65299999999993	-10.9876260459266	-13.7513271816628	24.7389532275894
1.65399999999993	-19.4676792322547	-7.55036503395051	27.0180442662052
1.65499999999993	-25.8595898696885	-1.64776287468299	27.5073527443715
1.65599999999993	-28.9710397274897	5.56205185235141	23.4089878751383
1.65699999999993	-27.4230286425043	12.6221681912685	14.8008604512357
1.65799999999993	-22.5297838766035	19.0973576504352	3.43242622616825
1.65899999999993	-17.8625598521712	24.9676373808861	-7.10507752871484
1.65999999999993	-15.0447929422169	29.6597508308929	-14.614957888676
1.66099999999993	-9.3125066280211	30.405560726626	-21.0930540986049
1.66199999999993	-1.11464241999557	25.985320536228	-24.8706781162324
1.66299999999993	7.73695455326394	17.5940181071482	-25.3309726604122
1.66399999999993	16.6386371572834	7.5905506810528	-24.2291878383362
1.66499999999993	24.0977328978626	-1.38690157680246	-22.7108313210602
1.66599999999993	29.4735366906755	-7.92377290610539	-21.5497637845701
1.66699999999993	30.5356585946829	-14.6613090428464	-15.8743495518365
1.66799999999993	26.5714255805317	-19.5932515031029	-6.97817407742884
1.66899999999993	19.0845450787699	-22.9068985483979	3.82235346962804
1.66999999999993	11.5790671506593	-25.225921582815	13.6468544321557
1.67099999999993	6.09609186523067	-27.4552220714501	21.3591302062195
1.67199999999993	-0.674358011192	-26.3792508399108	27.0536088511028
1.67299999999993	-7.62164000732187	-20.8504996928934	28.4721397002153
1.67399999999993	-14.4119156323916	-10.9044728320187	25.3163884644103
1.67499999999993	-20.6464450998221	0.110984557215927	20.5354605426062
1.67599999999993	-26.3395629807386	9.54419900077211	16.7953639799664
1.67699999999993	-30.1325568107043	16.7096562496347	13.4229005610696
1.67799999999993	-29.2055526668928	22.3390081911213	6.86654447577152
1.67899999999993	-23.47005552816	25.0582767404542	-1.58822121229415
1.67999999999993	-14.2502541747753	24.7068942511884	-10.4566400764131
1.68099999999993	-4.63538273942721	23.7186475885442	-19.083264849117
1.68199999999993	3.38352480433625	22.6937973997009	-26.0773222040371
1.68299999999993	10.0874458304054	20.012215669284	-30.0996614996894
1.68399999999993	16.5472985887303	13.1812706827574	-29.7285692714877
1.68499999999993	20.7795093608615	3.52177215571115	-24.3012815165727
1.68599999999993	23.3905250686485	-7.31353758064347	-16.076987488005
1.68699999999993	25.7895064012498	-16.4315568646242	-9.3579495366256
1.68799999999992	27.379001380164	-23.5384063473068	-3.84059503285718
1.68899999999992	25.0825360825246	-28.3208684817217	3.23833239919709
1.68999999999992	18.1925460857653	-28.4044111110647	10.2118650252994
1.69099999999992	7.88567338512203	-24.8593973907973	16.9737240056752
1.69199999999992	-3.59295735985788	-19.0954227012046	22.6883800610625
1.69299999999992	-12.221696133006	-15.5540081855262	27.7757043185322
1.69399999999992	-19.3735272921988	-11.1969279559308	30.5704552481296
1.69499999999992	-24.31182051525	-3.83437682114519	28.1461973363952
1.69599999999992	-26.006029048676	4.69318168664233	21.3128473620336
1.69699999999992	-24.781493894953	13.4886189912712	11.2928749036817
1.69799999999992	-23.2916148345851	21.6688147204153	1.62280011416976
1.69899999999992	-21.9037910243244	28.0058771900524	-6.10208616572801
1.69999999999992	-17.9464904056387	30.904904302061	-12.9584138964223
1.70099999999992	-10.2700444720036	29.0854608112984	-18.8154163392947
1.70199999999992	-0.0560129571140031	22.3828172323395	-22.3268042752255
1.70299999999992	10.2517082967737	14.4690015052609	-24.7207098020346
1.70399999999992	19.105077725896	7.10549318446635	-26.2105709103624
1.70499999999992	25.6803307046567	1.21293873469166	-26.8932694393483
1.70599999999992	29.1076848282243	-5.75956133475833	-23.348123493466
1.70699999999992	27.8662169884123	-12.6255975896973	-15.240619398715
1.70799999999992	23.3082597950744	-18.9249346240551	-4.38332517101924
1.70899999999992	18.1988666358335	-24.5987873672231	6.39992073138956
1.70999999999992	14.4465830977439	-28.9747860287821	14.5282029310383
1.71099999999992	8.99450625096283	-30.0859591465929	21.0914528956301
1.71199999999992	1.13887491088147	-26.1577116623153	25.0188367514338
1.71299999999992	-7.27787695425409	-18.1345329871085	25.4124099413626
1.71399999999992	-15.939460396362	-7.99987755777567	23.9393379541376
1.71499999999992	-23.4080716309246	1.33928510292001	22.0687865280046
1.71599999999992	-28.9483662800466	7.93880912871278	21.0095571513338
1.71699999999992	-30.4118045781928	14.6776077624264	15.7341968157664
1.71799999999992	-26.8387413361316	19.5613125553152	7.2774287808164
1.71899999999992	-19.4371800469913	22.6406730498007	-3.20349300280944
1.71999999999992	-11.5538248048168	24.5793365553815	-13.0255117505648
1.72099999999992	-5.36650674004104	26.3517903027161	-20.985283562675
1.72199999999992	0.949451241967997	25.984712941277	-26.934164183245
1.72299999999992	7.7860797315595	20.9943929558242	-28.7804726873837
1.72399999999992	14.5262743871895	11.8408850767433	-26.3671594639328
1.72499999999992	20.2821995945716	0.406628646862638	-20.6888282414343
1.72599999999992	25.7202843701418	-9.51751599592458	-16.2027683742172
1.72699999999992	29.6830111164557	-16.9760705328983	-12.7069405835574
1.72799999999992	29.3230533080997	-22.9248783903803	-6.39817491771934
1.72899999999992	24.152113242374	-25.9652901139546	1.81317687158056
1.72999999999992	15.0987955821504	-25.3870695322854	10.288273950135
1.73099999999992	4.87919019515452	-23.6373026396241	18.7581124444696
1.73199999999992	-4.2835412783291	-21.3724159877773	25.6559572661064
1.73299999999992	-10.8560103331639	-19.4243463355243	30.2803566686882
1.73399999999992	-17.5786605143861	-13.0009550243497	30.5796155387358
1.73499999999992	-21.7760238104683	-3.80679433322924	25.5828181436976
1.73599999999992	-23.744781219635	6.84385696567265	16.9009242539624
1.73699999999992	-25.7428323107551	16.1854845072991	9.55734780345601
1.73799999999992	-26.2825096202396	23.5575370765616	2.72497254367806
1.73899999999992	-24.9207822787487	28.8925308040318	-3.97174852528308
1.73999999999992	-18.6070109028244	29.3977319999185	-10.7907210970941
1.74099999999992	-8.62833951998121	25.7796574094771	-17.1513178894959
1.74199999999992	3.09692699865354	19.1872902498345	-22.2842172484881
1.74299999999992	12.2960152962822	14.826078900822	-27.1220941971041
1.74399999999992	19.5439781142735	10.5852741668686	-30.1292522811421
1.74499999999992	24.7337286681123	3.55412418500632	-28.2878528531186
1.74599999999992	26.4994337526298	-4.60270842082306	-21.8967253318067
1.74699999999992	24.9135253895484	-12.9723787213806	-11.9411466681678
1.74799999999992	22.8479908950673	-20.99810467166	-1.84988622340732
1.74899999999992	21.1688648716157	-27.4133904745888	6.24452560297313
1.74999999999992	17.5837893352621	-30.6647417311619	13.0809523958998
1.75099999999992	10.3301860161799	-29.2170066763965	18.8868206602166
1.75199999999992	0.561447053387599	-22.822522044998	22.2610749916104
1.75299999999992	-9.69996927571857	-14.1587481718582	23.8587174475767
1.75399999999992	-18.5116520200504	-6.88975301475824	25.4014050348087
1.75499999999992	-25.2806838691205	-0.974267647343866	26.2549515164644
1.75599999999992	-28.9831268352831	5.797501944131	23.1856248911521
1.75699999999992	-28.048544862981	12.4999456423532	15.5485992206278
1.75799999999992	-23.4522422077271	18.4809994948238	4.97124271290336
1.75899999999992	-17.3063997487888	23.5766834379752	-6.27028368918641
1.75999999999992	-13.8924849354226	28.2589030991593	-14.3664181637367
1.76099999999992	-8.64297094657933	29.6921392358348	-21.0491682892555
1.76199999999992	-1.00368271166377	26.3313778520339	-25.3276951403701
1.76299999999992	7.08183302868212	18.7379814801975	-25.8198145088797
1.76399999999992	15.3544931968632	8.02484243947477	-23.379335636338
1.76499999999992	22.9107484336883	-1.45634102915112	-21.4544074045372
1.76599999999992	28.7790805405096	-8.50013641743356	-20.278944123076
1.76699999999992	30.8474451777549	-15.4934782216267	-15.3539669561282
1.76799999999992	27.8191254273731	-20.514563461669	-7.30456196570415
1.76899999999992	20.4767588755493	-23.3222572589162	2.84549838336694
1.76999999999992	12.1542318329264	-24.8526614592214	12.698429626295
1.77099999999992	4.51286393787852	-25.6223895836313	21.1095256457527
1.77199999999992	-1.86346374791225	-25.5251997755219	27.3886635234341
1.77299999999992	-8.66889644281153	-21.1147604599841	29.7836569027956
1.77399999999992	-15.2529673300673	-12.4632380996371	27.7162054297044
1.77499999999992	-20.6770543029427	-1.2979827314634	21.9750370344061
1.77599999999992	-25.306091090805	9.47371549049461	15.8323756003104
1.77699999999992	-29.2065549079353	17.3732591327939	11.8332957751414
1.77799999999991	-29.3444730272247	23.5524330377553	5.79203998946937
1.77899999999991	-24.7802168280287	26.9234352010282	-2.14321837299952
1.77999999999991	-15.9853532596603	26.1262220881318	-10.1408688284715
1.78099999999991	-4.96060782379	23.120820504405	-18.160212680615
1.78199999999991	4.43613656238087	20.6615030438514	-25.0976396062323
1.78299999999991	11.1870592697359	18.8690823327864	-30.0561416025223
1.78399999999991	17.9720929408346	12.8820854464854	-30.85417838732
1.78499999999991	22.1117986661642	4.12977152150154	-26.2415701876657
1.78599999999991	24.1186831743898	-6.01421494365469	-18.1044682307351
1.78699999999991	25.1386340756016	-15.5055224098197	-9.63311166578194
1.78799999999991	25.4629517945655	-23.1481566335364	-2.31479516102914
1.78899999999991	24.478909956698	-28.6625423084111	4.18363235171304
1.78999999999991	18.6788676907069	-29.5288800445492	10.8500123538423
1.79099999999991	9.14609389032039	-26.1087531139677	16.9626592236473
1.79199999999991	-2.49656568729059	-19.2106705259735	21.7072362132641
1.79299999999991	-11.9749459574624	-14.3549721107365	26.3299180681989
1.79399999999991	-19.3898252607509	-10.0849770053613	29.4748022661122
1.79499999999991	-24.8094177859029	-3.32467520760849	28.1340929935114
1.79599999999991	-26.8186341706281	4.55293468241819	22.2656994882099
1.79699999999991	-25.123511596765	12.5751047941817	12.5484068025832
1.79799999999991	-22.0965915479142	20.286955298504	1.80963624941027
1.79899999999991	-19.8973488057652	26.7026704918024	-6.80532168603713
1.79999999999991	-17.1308903906079	30.6068383281465	-13.4759479375386
1.80099999999991	-10.258402634042	29.7228791931516	-19.4644765591096
1.80199999999991	-0.713626407657763	23.2591986674112	-22.5455722597535
1.80299999999991	9.15509885075219	14.7456711415028	-23.900769992255
1.80399999999991	18.1602613622489	7.10152253296683	-25.2617838952157
1.80499999999991	25.2511133531171	0.296929300425253	-25.5480426535424
1.80599999999991	29.4132447900768	-6.44126503300184	-22.971979757075
1.80699999999991	28.9664155620837	-13.0966897077074	-15.8697258543763
1.80799999999991	24.2936356116171	-18.7125990062556	-5.58103660536147
1.80899999999991	17.286759032465	-23.1981898675404	5.91143083507539
1.80999999999991	12.6826395105271	-27.3056151143662	14.622975603839
1.81099999999991	7.85121567009291	-29.4700849274026	21.6188692573097
1.81199999999991	0.412759139287531	-26.7281211537969	26.3153620145094
1.81299999999991	-7.32298909176502	-19.6433960176579	26.9663851094229
1.81399999999991	-15.3124193021658	-9.23228029773682	24.5446995999026
1.81499999999991	-22.4989382413511	1.41034306378432	21.0885951775667
1.81599999999991	-28.2764206427553	9.26800061216183	19.0084200305935
1.81699999999991	-31.1419181733206	16.2838025656238	14.8581156076968
1.81799999999991	-28.6158373684437	21.3729126759787	7.24292469246497
1.81899999999991	-21.030325892588	23.6358290824503	-2.60550318986227
1.81999999999991	-12.1166268955538	24.2686558324122	-12.1520289368584
1.82099999999991	-4.544457932759	25.3272804565594	-20.7828225238004
1.82199999999991	2.36454762954844	24.9192951985742	-27.2838428281227
1.82299999999991	9.05010689559501	21.0287512643267	-30.0788581599217
1.82399999999991	15.4931914485054	12.8889516558772	-28.3821431043826
1.82499999999991	20.4779798567029	1.98536753144945	-22.4633473881523
1.82599999999991	24.9431663223766	-8.7261705550875	-16.2169957672891
1.82699999999991	28.3863101765346	-17.1643228085446	-11.22198736799
1.82799999999991	28.9453125488557	-23.5425336547076	-5.40277889414812
1.82899999999991	24.9147385842176	-27.1640283247552	2.2492897405376
1.82999999999991	16.5309795617793	-26.4058675101225	9.87488794834314
1.83099999999991	5.45843874404205	-23.0090267766185	17.5505880325765
1.83199999999991	-4.33833973502621	-20.0331231191562	24.3714628541824
1.83299999999991	-11.3100576293611	-18.240097368548	29.5501549979091
1.83399999999991	-18.144097765092	-12.6553607480752	30.7994585131672
1.83499999999991	-22.3446344622895	-4.29752882923324	26.6421632915227
1.83599999999991	-24.1643235704545	5.44578977497086	18.7185337954837
1.83699999999991	-24.2138176646868	14.8663194622971	9.34749820238969
1.83799999999991	-24.711319513266	22.7354017847805	1.97591772848551
1.83899999999991	-24.0118898406798	28.5174416132627	-4.50555177258286
1.83999999999991	-18.7111682681316	29.8611725350997	-11.1500042669682
1.84099999999991	-9.65935131238342	26.8178426286919	-17.1584913163085
1.84199999999991	1.84026863040091	19.6471869240691	-21.48745555447
1.84299999999991	11.7358219222124	13.9667952425015	-25.7026171647139
1.84399999999991	19.4989189498514	9.3402845482994	-28.8392034981508
1.84499999999991	25.353454696487	2.74941372269688	-28.1028684191839
1.84599999999991	27.750502363706	-4.91242903254738	-22.8380733311586
1.84699999999991	25.9583844269022	-12.5757911761679	-13.3825932507343
1.84799999999991	22.1132666404322	-19.9177296594313	-2.19553698100088
1.84899999999991	18.9925959468033	-26.2579623893573	7.26536644255395
1.84999999999991	16.3334333355971	-30.5854706284047	14.2520372928076
1.85099999999991	9.88956327378411	-30.4018422714614	20.5122789976773
1.85199999999991	0.936084917051854	-24.9571509712603	24.0210660542084
1.85299999999991	-8.69432729357004	-16.24292964647	24.9372569400401
1.85399999999991	-17.8400944216578	-6.55242072546123	24.392515147119
1.85499999999991	-25.276152039498	0.576719885442963	24.699432154055
1.85599999999991	-29.9743590913915	7.36496869257086	22.6093903988207
1.85699999999991	-30.122802924377	14.0749247281631	16.0478781962139
1.85799999999991	-25.6057938059225	19.3444179804507	6.26137582547178
1.85899999999991	-17.7731626224538	23.0718873574507	-5.29872473499683
1.85999999999991	-12.0206723210532	26.6177911039713	-14.5971187829182
1.86099999999991	-7.04969771527873	28.9547745321383	-21.9050768168596
1.86199999999991	0.144908026150906	26.9487454607668	-27.0936534869177
1.86299999999991	7.53752034344498	20.442466132911	-27.979986476356
1.86399999999991	15.0769079129548	10.1695554602878	-25.2464633732425
1.86499999999991	21.8445238127344	-0.996749867859831	-20.8477739448746
1.86599999999991	27.6823378478463	-9.63302189818133	-18.049315949665
1.86699999999991	31.007046189283	-16.7149682772222	-14.2920779120608
1.86799999999991	29.115306239813	-21.9787626381657	-7.13654360164736
1.8689999999999	22.4864205610034	-24.521581914462	2.03516135345864
1.8699999999999	13.1955906454091	-24.6928500278927	11.4972593824836
1.8709999999999	4.3842149636114	-24.6110941594741	20.2268791958627
1.8719999999999	-2.8608458217212	-24.0868437274983	26.9476895492195
1.8729999999999	-9.50610103923297	-20.7501861108237	30.2562871500567
1.8739999999999	-15.8804270889486	-13.1215881610106	29.0020152499592
1.8749999999999	-20.5031040872284	-2.67629605940685	23.1794001466353
1.8759999999999	-24.037762002873	8.35678513243084	15.6809768704422
1.8769999999999	-27.2022711491655	16.9851971228656	10.2170740262999
1.8779999999999	-28.5462527959327	23.6355166044225	4.91073619151014
1.8789999999999	-25.1828220447013	27.7015906115949	-2.51876856689357
1.8799999999999	-17.3909519000315	27.2040352691594	-9.81308336912792
1.8809999999999	-6.2965559739419	23.3624940775467	-17.0659381036048
1.8819999999999	4.10374677010248	19.5090616146466	-23.6128083847491
1.8829999999999	11.6102550441582	17.4069985252291	-29.0172535693873
1.8839999999999	18.6184804219568	12.2165543148592	-30.835034736816
1.8849999999999	23.0687706161798	4.27594630755028	-27.3447169237301
1.8859999999999	24.7212236066076	-4.99034678227412	-19.7308768243335
1.8869999999999	24.4897529826698	-14.2821006533743	-10.2076523292955
1.8879999999999	24.2709538212602	-22.4769517232148	-1.79400209804538
1.8889999999999	23.2541862606702	-28.4740600950831	5.21987383441286
1.8899999999999	18.5287454708963	-30.4932775832511	11.9645321123548
1.8909999999999	10.0090814920205	-27.8657051115793	17.8566236195588
1.8919999999999	-1.14869762553217	-20.5009842271891	21.6496818527213
1.8929999999999	-11.3624392159125	-13.7408519444997	25.1032911604121
1.8939999999999	-19.5678858313558	-8.48512375475006	28.0530095861059
1.8949999999999	-25.8110878884673	-2.07576493745941	27.8868528259267
1.8959999999999	-28.6342169738712	5.31987186707684	23.3143451067944
1.8969999999999	-26.9757474244026	12.6112312337756	14.3645161906271
1.8979999999999	-22.402734371627	19.4349703516617	2.96776401996528
1.8989999999999	-18.2897313265246	25.5325473139253	-7.24281598740065
1.8999999999999	-15.573860274955	30.1284072319626	-14.5545469570075
1.9009999999999	-9.58241525035148	30.5714329598824	-20.9890177095309
1.9019999999999	-1.10008244535335	25.7795190187964	-24.679436573443
1.9029999999999	8.07678550375106	17.1944835255739	-25.271269029325
1.9039999999999	17.1520508702368	7.35659488118341	-24.5086457514202
1.9049999999999	24.5905540674509	-1.31541143657705	-23.2751426308739
1.9059999999999	29.8332309462547	-7.86087511159434	-21.9723558346603
1.9069999999999	30.636806602027	-14.6472586783316	-15.9895479236954
1.9079999999999	26.4646915463712	-19.7125551126961	-6.75213643367506
1.9089999999999	18.9835342601188	-23.2675151119253	4.28398085180654
1.9099999999999	11.6673169199547	-25.812518936904	14.1452020169493
1.9109999999999	6.2640910555404	-28.054526077818	21.7904350222776
1.9119999999999	-0.671317096751246	-26.7290496124897	27.4003667092409
1.9129999999999	-7.79544446277958	-20.8734801658777	28.6689246286573
1.9139999999999	-14.7807759690384	-10.6338216052903	25.4145975743287
1.9149999999999	-21.200937609059	0.459617665980172	20.7413199430788
1.9159999999999	-26.9359632905315	9.76935414360699	17.1666091469245
1.9169999999999	-30.6076975090175	16.9102718554505	13.697425653567
1.9179999999999	-29.3892429772152	22.4461603583333	6.94308261888187
1.9189999999999	-23.3396960128573	25.0746886368223	-1.73499262396493
1.9199999999999	-13.980445875046	24.8009583200844	-10.8205124450384
1.9209999999999	-4.13186079371477	23.5775453540665	-19.4456845603518
1.9219999999999	3.26057811312439	23.2140820947845	-26.4746602079089
1.9229999999999	9.95104464316556	20.3323839385204	-30.283428581686
1.9239999999999	16.3927650129698	13.2451976586771	-29.6379626716469
1.9249999999999	20.7172853520912	3.3149738545702	-24.0322592066614
1.9259999999999	23.9731888839223	-7.44246234241936	-16.5307265415029
1.9269999999999	26.2792011656014	-16.6870477473436	-9.59215341825779
1.9279999999999	27.8010930262962	-23.6359420213859	-4.16515100491032
1.9289999999999	25.1764244254851	-28.1965833235218	3.02015889803674
1.9299999999999	17.9743965121777	-28.0588034198398	10.0844069076621
1.9309999999999	7.13201918799162	-24.0190712969917	16.8870521090001
1.9319999999999	-3.82346266986392	-19.1518909276996	22.9753535975635
1.9329999999999	-12.1099637492647	-16.0510416751129	28.1610054243776
1.9339999999999	-19.2204907584354	-11.5587193543197	30.7792101127551
1.9349999999999	-24.0095851579357	-4.01740384214466	28.0269890000804
1.9359999999999	-25.6485146892487	4.74693807512847	20.9015766141202
1.9369999999999	-24.7061605423406	13.7473776983629	10.9587828439777
1.9379999999999	-23.1789377685398	21.8901542254604	1.28878354307934
1.9389999999999	-22.3947386977927	28.2742103414945	-5.87947164370184
1.9399999999999	-18.2036837132116	30.940111877311	-12.7364281640994
1.9409999999999	-10.256643114544	28.8950038061829	-18.6383606916388
1.9419999999999	0.200841844106286	22.1084937225031	-22.3093355666094
1.9429999999999	10.5861927132645	14.4002341479998	-24.9864268612642
1.9439999999999	19.3716074187861	7.30292381154361	-26.6745312303297
1.9449999999999	25.8684529369722	1.37544065563532	-27.2438935926075
1.9459999999999	29.1931457426656	-5.76288120170244	-23.4302645409632
1.9469999999999	27.8118165881342	-12.7572117552638	-15.0546048328704
1.9479999999999	23.3070883527613	-19.2500961593956	-4.05699219336567
1.9489999999999	18.3734057188069	-25.0478659989452	6.67446028013829
1.9499999999999	14.688921688986	-29.4334274447349	14.7445057557489
1.9509999999999	9.08977879949458	-30.3743737656588	21.2845949661642
1.9519999999999	1.0574534820625	-26.2139590627522	25.1565055806897
1.9529999999999	-7.58143204744554	-17.9795611367204	25.5609931841659
1.9539999999999	-16.3770200811514	-7.8262935654304	24.2033136465818
1.9549999999999	-23.858751121706	1.40888295730316	22.4498681644028
1.9559999999999	-29.332777005695	7.99757014541598	21.335206860279
1.9569999999999	-30.6254474647184	14.7631101752535	15.8623372894649
1.9579999999999	-26.8607399461528	19.6728493224542	7.18789062369855
1.9589999999999	-19.3691802498661	22.8376654708814	-3.46848522101532
1.95999999999989	-11.6108876721463	24.9343138584112	-13.3234261862649
1.96099999999989	-5.58631980359613	26.7643737605466	-21.1780539569505
1.96199999999989	0.798296359930423	26.2293297770126	-27.027626136943
1.96299999999989	7.69442064291116	20.9838526084603	-28.6782732513715
1.96399999999989	14.3924922036762	11.2328046238448	-25.625296827521
1.96499999999989	20.433036202691	0.172518125766553	-20.6055543284576
1.96599999999989	26.0119388663758	-9.55130324407457	-16.4606356223012
1.96699999999989	29.9329215657514	-16.8788797571065	-13.0540418086449
1.96799999999989	29.3096956736478	-22.6849817408759	-6.62471393277189
1.96899999999989	23.8675073406998	-25.5731271195296	1.70561977882978
1.96999999999989	14.7029598373145	-25.085039641158	10.3820798038435
1.97099999999989	4.7295483808269	-23.6874758402434	18.9579274594165
1.97199999999989	-4.0729141883467	-21.7683276832496	25.8412418715963
1.97299999999989	-10.6030535929574	-19.723972550856	30.3270261438134
1.97399999999989	-17.2456234817657	-13.107880010159	30.3535034919247
1.97499999999989	-21.4565455749944	-3.68814243080064	25.144688005795
1.97599999999989	-23.6818667958302	7.08674139924827	16.5951253965819
1.97699999999989	-25.5655042333469	16.3888676455431	9.17663658780382
1.97799999999989	-27.0474106940985	23.761728008739	3.2856826853595
1.97899999999989	-25.0861257466481	28.8150133149305	-3.72888756828248
1.97999999999989	-18.5240615895224	29.1697549057925	-10.6456933162701
1.98099999999989	-8.35161033630463	25.5169535262465	-17.1653431899419
1.98199999999989	3.33831229221284	19.1909509349422	-22.5292632271551
1.98299999999989	12.3649126257396	15.1009223902691	-27.4658350160087
1.98399999999989	19.6141055697348	10.8028950371779	-30.4170006069127
1.98499999999989	24.7252390594415	3.62514276814293	-28.3503818275845
1.98599999999989	26.4706274397182	-4.70414277294215	-21.7664846667761
1.98699999999989	24.978061924592	-13.2544997910719	-11.7235621335201
1.98799999999989	23.0850700472897	-21.3701164431327	-1.71495360415702
1.98899999999989	21.4740565826542	-27.7598168448129	6.28576026215875
1.98999999999989	17.7348475418158	-30.9138252615545	13.1789777197388
1.99099999999989	10.1080326948831	-29.0178444084286	18.9098117135456
1.99199999999989	0.340346413038452	-22.7805114050499	22.4401649920114
1.99299999999989	-10.0190751996317	-14.1265029937011	24.1455781933328
1.99399999999989	-18.8135177902436	-6.94166003674061	25.7551778269842
1.99499999999989	-25.540821384595	-1.0318390314073	26.5726604160023
1.99599999999989	-29.1074497943828	5.80271062091458	23.3047391734682
1.99699999999989	-28.0335418448406	12.5627940531436	15.4707477916971
1.99799999999989	-23.4086457847127	18.656285953348	4.75235983136472
1.99899999999989	-17.4126622676435	23.8698915988896	-6.45722933124609
2	-14.1283763410222	28.5613231628941	-14.4329468218719
