"Time [s]"	"CoreLoss [W]"	"Moving1.Torque [NewtonMeter]"	"Moving1.Speed [rpm]"	"SolidLoss [kW]"
0	0	0	1500	0
0.001	46.697785157378	-30.741311185913	1500	0.421567894034521
0.002	42.8574575095777	-90.0484346670012	1500	1.72148163257335
0.003	43.5959452602193	-16.4098979133956	1500	3.55773409529863
0.004	46.0605039373696	183.416944396309	1500	5.27273724383685
0.005	53.6045025211549	301.339364695492	1500	6.87990018698659
0.006	54.0740923783917	107.428892897358	1500	8.45869822503729
0.007	47.3958922136888	-293.026062060228	1500	9.68737309299379
0.008	53.2274117517967	-488.297555293806	1500	10.3493675342198
0.009	60.3247094735818	-272.395055712945	1500	10.7782493972356
0.01	62.4667884519519	66.1963940845925	1500	10.3176547158945
0.011	64.9878969961624	312.059545007387	1500	9.03549040261483
0.012	64.1734346456367	191.827835235565	1500	7.75234429721067
0.013	65.0110313013035	-190.812676843047	1500	6.28119086105984
0.014	71.3103977410657	-385.804319579282	1500	4.88333184726335
0.015	77.5971604450027	-278.424456037043	1500	3.80278694351588
0.016	75.041950317178	-88.9468488552012	1500	2.72686849139853
0.017	68.2876849581181	17.0360623443971	1500	1.69254873183774
0.018	67.7997478936513	13.6571911743099	1500	0.898667760578087
0.019	65.8213283390143	-23.3894406317381	1500	0.427533295672558
0.02	72.9108832244185	-12.6653157631307	1500	0.217459805422096
0.021	73.1280365362085	7.69591179212723	1500	0.176905642776753
0.022	61.8279426661786	0.761139283247835	1500	0.336251603770364
0.023	69.1221228336248	11.5832419301661	1500	0.665528047908854
0.024	79.9355817729495	79.5492831675442	1500	1.01040304411018
0.025	86.0903790811652	157.248439065526	1500	1.21490118986782
0.026	86.301196838666	124.72253502023	1500	1.29994236857185
0.027	80.9062503771774	-68.3802009305092	1500	1.5973378914105
0.028	82.7030600425873	-195.739015442533	1500	2.17592904635051
0.029	92.0386914273432	-119.176012342705	1500	2.60945702876995
0.03	93.5829945159083	35.4187011897236	1500	2.60158687025332
0.031	94.9455835042769	142.759501839173	1500	2.201652321294
0.032	89.8275202292626	96.8527506977835	1500	1.63690304618152
0.033	84.5207052042905	-107.773860599437	1500	1.29886681451707
0.034	92.8367060347072	-194.220207857224	1500	1.22832401142553
0.035	95.4582020690727	-143.065207653462	1500	1.11245471868129
0.036	90.7833071621444	-54.9962449679694	1500	0.854537210274867
0.037	84.9091089444823	-9.30125083441736	1500	0.55002752332776
0.038	73.6594715704927	-15.411457562227	1500	0.286840688867677
0.039	74.1117584556115	-29.7703422129771	1500	0.138660460924574
0.04	82.0228787670171	-18.0820074411228	1500	0.0729138325700456
0.041	81.8907517844297	1.42850300419467	1500	0.0443989680217916
0.042	74.3732282263336	6.16896871047468	1500	0.0685362592901993
0.043	74.7396424971409	9.02459269869938	1500	0.156493773814708
0.044	86.0768366219714	33.0189621253821	1500	0.250795327126115
0.045	92.3478691889693	63.9622323704135	1500	0.284161333613919
0.046	90.6109460808711	53.0786856108634	1500	0.268052991037375
0.047	83.7789639793875	-5.33055691614554	1500	0.327225492419341
0.048	85.4058450016869	-52.8677607652958	1500	0.51080070687342
0.049	97.3907503386137	-43.0649693264904	1500	0.714677395522588
0.05	102.689099101486	11.667465078589	1500	0.750148683509101
0.051	101.776177463601	49.5692184886251	1500	0.613616095067413
0.052	90.8171940484807	24.2636371421224	1500	0.415523273497156
0.053	85.4645974159633	-43.7614410230039	1500	0.320352013674595
0.054	92.2780912975838	-87.6775108479491	1500	0.347717484360189
0.055	99.3412348400536	-69.5053701093519	1500	0.36649805847877
0.056	96.1144150949417	-36.1628276651992	1500	0.300228454948694
0.057	89.2096662627503	-14.5810285919242	1500	0.194102704664004
0.058	80.7062525793985	-18.2808490626145	1500	0.097631016153618
0.059	82.1900444083282	-23.9381797763786	1500	0.0492863487694944
0.06	88.9058175402089	-15.8216585838469	1500	0.0300994004583482
0.061	88.6978030237295	-2.39734578161173	1500	0.0169600722700905
0.062	82.9411549557001	2.97576993080534	1500	0.0173456122105115
0.063	81.9865475595954	4.83677082192117	1500	0.0431983199830537
0.064	88.3097276168342	14.0227516169396	1500	0.0757760384787675
0.065	94.8735958597901	28.4292849312519	1500	0.0847485349302123
0.066	92.5509206371598	27.5902136097031	1500	0.0745492978790364
0.067	86.9793389164292	6.68915286863615	1500	0.088714760584867
0.068	86.5479042576656	-13.8729634266	1500	0.150030062218039
0.069	94.8380892155551	-14.2227742429301	1500	0.219823432266259
0.07	101.493790182174	4.20026935553354	1500	0.24021782267723
0.071	100.008851910608	15.1609339473657	1500	0.195963961577458
0.0720000000000001	90.8896161081391	4.51919036314405	1500	0.128726667490692
0.0730000000000001	85.922114853653	-24.5166931397404	1500	0.0988848772102624
0.0740000000000001	90.9131102021203	-42.4326568119985	1500	0.114070098282277
0.0750000000000001	98.0588623696257	-36.4147190655537	1500	0.130935652491425
0.0760000000000001	97.2243590315296	-19.5142294127438	1500	0.112267815383637
0.0770000000000001	90.5432958928114	-11.7862612451264	1500	0.0700531416564371
0.0780000000000001	85.0387793897126	-14.4183697214059	1500	0.0333721758955642
0.0790000000000001	87.6881716520667	-17.1846469508773	1500	0.0182018077677797
0.0800000000000001	92.9075335315085	-11.7282273333575	1500	0.0139904439992618
0.0810000000000001	93.0089944737392	-3.49441139067486	1500	0.00861393579777653
0.0820000000000001	88.3518978397025	0.588059172853043	1500	0.00562237132063103
0.0830000000000001	87.144442772338	1.49738156754346	1500	0.0132203371516229
0.0840000000000001	92.062074557417	5.65715457922765	1500	0.0251608253845503
0.0850000000000001	96.7107713129973	13.178159227556	1500	0.0277906469772752
0.0860000000000001	95.0352083927574	14.1509656077171	1500	0.0208241641863029
0.0870000000000001	90.4471487575761	5.8597408399915	1500	0.0225642903174994
0.0880000000000001	89.6769772587702	-3.6230711442891	1500	0.0444846965399604
0.0890000000000001	95.278580076885	-5.26338038295845	1500	0.0725013111569945
0.0900000000000001	100.322314018099	0.482523009054873	1500	0.0820421277177642
0.0910000000000001	98.7637234162641	5.02651465960866	1500	0.0651716834524951
0.0920000000000001	92.1159586578129	-0.468128260205326	1500	0.0391010763946651
0.0930000000000001	88.8076770332069	-13.7617168437332	1500	0.0296704324371811
0.0940000000000001	92.5399285126485	-22.2613064826448	1500	0.0397481134484537
0.0950000000000001	97.924912245293	-18.4145005918267	1500	0.0497306706520751
0.0960000000000001	97.2351928327809	-11.9966788067533	1500	0.043073677935318
0.0970000000000001	91.978786268103	-8.33901916992984	1500	0.025509222969777
0.0980000000000001	88.4416493469122	-9.87594315701559	1500	0.0110326784133438
0.0990000000000001	91.2205248447677	-11.3461729351231	1500	0.00687766507915848
0.1	95.5025862407633	-8.38106019079956	1500	0.00709126124482393
0.101	95.5310592129597	-3.18602318295065	1500	0.00513316487408366
0.102	91.4969544352099	-0.560512091086956	1500	0.00263707070569557
0.103	90.2389535123079	0.161902832375225	1500	0.00476224852321209
0.104	94.2492254371303	1.93017012782312	1500	0.00951919032370525
0.105	98.0277714436289	5.89900193083239	1500	0.0103245285888753
0.106	97.278358102557	7.09011107997102	1500	0.00613395124879416
0.107	93.0473393052501	3.63768473839492	1500	0.00513821479630532
0.108	91.9807975547585	-0.683446579610335	1500	0.0134279923347904
0.109	96.4850997253721	-2.46517047899153	1500	0.0254116843585174
0.11	100.31870958836	0.215197933839853	1500	0.0298446789674405
0.111	99.0668229688686	1.24026188607943	1500	0.0227075925320571
0.112	93.7109570353578	-1.39005448981148	1500	0.011558168770003
0.113	90.9024627146774	-7.83359512199671	1500	0.0084727793980954
0.114	93.99270287128	-11.884322377795	1500	0.0144752523801103
0.115	98.1783017782063	-10.7757832850211	1500	0.0201412649967115
0.116	97.5620247329399	-6.58905719498486	1500	0.0174946165471339
0.117	93.1048718144772	-5.36604555810328	1500	0.00963747293652938
0.118	90.575977071677	-6.23108428161048	1500	0.00359709869603485
0.119	93.3832106095542	-7.53161098895876	1500	0.00286386782818721
0.12	96.9900891313887	-5.47943139971979	1500	0.00402547845881092
0.121	96.9337144676789	-2.50522825868466	1500	0.00338684182056635
0.122	93.3073358816059	-0.826865051551866	1500	0.00173319729153612
0.123	92.0124268003867	-0.656875005237918	1500	0.00224522674448136
0.124	95.5536448594523	0.259867109314028	1500	0.00433307836719092
0.125	99.0209699221789	2.6812835066905	1500	0.0046535431746522
0.126	98.6816480399995	3.67637594070576	1500	0.00225299450770385
0.127	94.7822012965737	1.92401818289847	1500	0.00110455224712847
0.128	93.6177758903826	-0.174973931072327	1500	0.00440945923546601
0.129	97.2889241179605	-1.13206018000025	1500	0.00989717591031098
0.13	100.584799705806	-0.69938648467703	1500	0.0120654018159223
0.131	99.5002123368091	0.242396637180189	1500	0.00874784573382884
0.132	94.8464699857524	-1.08253919041783	1500	0.00350271406194358
0.133	92.2928252897289	-4.40979862882049	1500	0.00240541155795965
0.134	95.0481612855388	-6.83742380727274	1500	0.00585116201568365
0.135	98.4407333860531	-5.46578557250259	1500	0.00901087462831826
0.136	97.8591105775933	-4.2534712459264	1500	0.0078284145458471
0.137	93.8915847028106	-3.38986463743774	1500	0.00403733166824706
0.138	91.9273815333596	-3.86845374998697	1500	0.00134892692681475
0.139	94.6434090877285	-4.6794843053036	1500	0.00152882666968558
0.14	97.8691917037659	-3.81168180293965	1500	0.00260857506303161
0.141	97.7042264661095	-1.76778143362593	1500	0.00247121918548457
0.142	94.2922837944203	-0.80216423526435	1500	0.00141082419934943
0.143	93.0708588137182	-0.559168544503177	1500	0.00142771441914998
0.144	96.3027592988127	-0.290285619823155	1500	0.00243571369080773
0.145	99.5794248920732	1.11159194641266	1500	0.00263855951983659
0.146	99.3995547700377	1.74499390263657	1500	0.00132705642349463
0.147	95.7854252306746	0.950233192329544	1500	0.000498790893706535
0.148	94.5286090164942	0.183560240172623	1500	0.00190825095871408
0.149	97.8408287876877	-0.857320492780219	1500	0.00454860352941331
0.15	100.775094004267	-0.212381962593582	1500	0.00564254405490339
0.151	99.8377639913572	-0.358498011588478	1500	0.00400871017299161
0.152	95.5957428229225	-0.857640318268492	1500	0.00134738844937192
0.153	93.217482811305	-2.55404962728871	1500	0.000904179700120369
0.154	95.7029709046187	-3.7485722542456	1500	0.00285860828522751
0.155	98.6789056518574	-3.69543840582547	1500	0.00463586090495046
0.156	98.0791306522675	-2.1563962383786	1500	0.00403720688554656
0.157	94.351718750767	-2.07632470481531	1500	0.00209895169765558
0.158	92.7101661722681	-2.12638405408307	1500	0.000819485195627956
0.159	95.3749974300349	-3.1630607257924	1500	0.00113790796889528
0.16	98.3678394230606	-2.32984835523448	1500	0.00193361441032925
0.161	98.1156778408475	-1.22487871724336	1500	0.00194398433192548
0.162	94.8351571519487	-0.594260300143975	1500	0.0012709242139254
0.163	93.5977944045246	-0.713235925404394	1500	0.0011750637135815
0.164	96.653992991644	-0.538855747832524	1500	0.00169393129963883
0.165	99.827944339097	0.512967389031381	1500	0.0018502931606555
0.166	99.6247414414981	1.07137889702378	1500	0.00113568710865617
0.167	96.2331119858523	0.408258241508392	1500	0.000625964709092496
0.168	95.0143395613511	0.0663374409544064	1500	0.00125385442241312
0.169	98.0138344062897	-0.356167772990535	1500	0.00258866614527717
0.17	100.818894027104	-0.722549192102305	1500	0.00317106599707188
0.171	99.9138744939181	-0.311636741266383	1500	0.00234569551626859
0.172	95.9284188440684	-0.478571914191179	1500	0.000908342735480192
0.173	93.7081284647895	-1.439722882022	1500	0.000698926617422592
0.174	96.0725484330238	-2.42758093591587	1500	0.00179349792002881
0.175	98.7828793330064	-1.6452045166216	1500	0.00279641011947406
0.176	98.2054430717546	-1.61618027619418	1500	0.00247033556110354
0.177	94.6280774510238	-1.2893095749135	1500	0.00143922976091111
0.178	93.1749672603936	-1.2875583009684	1500	0.000800967815606908
0.179	95.7842692731917	-1.90191935479715	1500	0.00105987494530854
0.18	98.6430083920292	-1.73489480193374	1500	0.00159305902010591
0.181	98.3164262486566	-0.774767095104295	1500	0.00165963105607683
0.182	95.1039019502056	-0.449617434627337	1500	0.00121518351169242
0.183	93.9414353421467	-0.353971137614017	1500	0.00108862419764914
0.184	96.84863089757	-0.455755182266916	1500	0.00136981547786562
0.185	99.8869610217402	0.20676629824842	1500	0.00149320914807291
0.186	99.6290730992543	0.490140545802147	1500	0.00111202474773795
0.187	96.2865052306168	0.173923089013857	1500	0.000820682407211141
0.188	95.0035238092512	0.312978167136649	1500	0.00112174431696894
0.189	97.9121563882908	-0.424695880846672	1500	0.0018031712505003
0.19	100.638814436204	-0.1601183380994	1500	0.00212305587836757
0.191	99.9291979612586	-0.519782851233285	1500	0.00171222054696768
0.192	96.1155697231821	-0.412753386559164	1500	0.000907246079126589
0.193	93.9820547873217	-0.853063162096694	1500	0.000787032848216368
0.194	96.2774458266506	-1.29482136139199	1500	0.00140684069637401
0.195	98.8845845542982	-1.50865103318887	1500	0.00197929917689469
0.196	98.2855077435961	-0.647286311908857	1500	0.00177988960303431
0.197	94.7901632454064	-0.797565884250122	1500	0.00122600647107285
0.198	93.4379039091723	-0.497692670029595	1500	0.000893664829611603
0.199	96.020529291792	-1.42941468662349	1500	0.00106834651284276
0.2	98.7845757014207	-0.986175107332345	1500	0.00141186436201382
0.201	98.4219801176077	-0.516796715205102	1500	0.0014754507795422
0.202	95.2574274435997	-0.266768337622947	1500	0.00118310898858471
0.203	94.055552142315	-0.466913628046985	1500	0.00108612988898132
0.204	96.9216762359577	-0.47589801229891	1500	0.00123781274066728
0.205	99.9463525881104	0.168626863878348	1500	0.00132896958377467
0.206	99.6840287636999	0.504426211073223	1500	0.00111696787760978
0.207	96.3760436164244	0.0377230322645598	1500	0.000966408830145944
0.208	95.1511334996823	0.165143502479624	1500	0.00111224190230847
0.209	97.8749341754765	-0.0743775099474307	1500	0.00147282407999505
0.21	100.469119229785	-0.620419685953799	1500	0.00165296493539313
0.211	99.6318727910399	-0.341170398884965	1500	0.0014585929900441
0.212	95.8941257036649	-0.178966620392305	1500	0.000982395590202319
0.213	93.9116102721651	-0.471108611928884	1500	0.000906401624884278
0.214	96.2102813928242	-1.04811725742402	1500	0.00124507544820764
0.215	98.8661210301269	-0.425566994285438	1500	0.00157629740729104
0.216	98.3029134395693	-0.719098234135558	1500	0.00145499058719862
0.217	94.8510566830979	-0.514981854947496	1500	0.00116097903633979
0.218	93.5719663854779	-0.310706410425061	1500	0.00098991742854568
0.219	96.1342169080141	-0.833632508905206	1500	0.00109697661491245
0.22	98.852860335738	-0.884156070465678	1500	0.00131208616493586
0.221	98.4307494646697	-0.290193529132845	1500	0.00138086153400506
0.222	95.2376643199876	-0.193024066062772	1500	0.00117452060050989
0.223	94.0509796664157	-0.128692572207591	1500	0.00108449477075058
0.224	96.7871711246323	-0.322391810385533	1500	0.00117000495402837
0.225	99.662628091897	0.114679040026782	1500	0.00123425364561641
0.226	99.2710564712958	0.246279142577736	1500	0.00111605702940929
0.227	95.9785404603789	0.0120278302148682	1500	0.00104834383408657
0.228	94.7136627876579	0.402760188015294	1500	0.00113324162805717
0.229	97.4896687749694	-0.23862892849239	1500	0.00131329768414755
0.23	100.291422740334	-0.0742499552180483	1500	0.00141724450041743
0.231	99.7452603821393	-0.50089493540149	1500	0.00134092931087522
0.232	96.0730100748881	-0.224980265495441	1500	0.00105306486891704
0.233	94.1210155085877	-0.291278221171657	1500	0.000996059869866169
0.234	96.3804958116327	-0.507563349591319	1500	0.00118962250358218
0.235	98.9148703902313	-0.794872598555031	1500	0.0013804661110194
0.236	98.3169438651621	-0.132264683535863	1500	0.00129140425172874
0.237	94.9010779350806	-0.339376778835583	1500	0.00114517709330215
0.238	93.6573801675686	0.101848706179087	1500	0.00105811072966791
0.239	96.2093527290687	-0.776871778250605	1500	0.00111890131981838
0.24	98.8941936946922	-0.451942512691594	1500	0.00125313703696986
0.241	98.4516502323687	-0.197007355273586	1500	0.00130730482922979
0.242	95.2844473204276	-0.0809084977556907	1500	0.00116326906118385
0.243	94.0573973676181	-0.296938944692042	1500	0.0011074338323893
0.244	96.8091654873685	-0.348732179998724	1500	0.00115072102605913
0.245	99.7101639418344	0.171880759411432	1500	0.00119244128873901
0.246	99.3557786697013	0.414008356206735	1500	0.0011169046188098
0.247	96.0893074251423	-0.0249814932820321	1500	0.00110085929214336
0.248	94.8818337331	0.236542202694268	1500	0.00114863674342448
0.249	97.5594788682202	0.0538439486866052	1500	0.00124432988602951
0.25	100.232152533049	-0.544410019809498	1500	0.00130289906729229
0.251	99.5380722075153	-0.31204056407578	1500	0.00128712168318691
0.252	95.9074550006457	-0.06021981147935	1500	0.0010956394098869
0.253	94.01385408201	-0.147656389617344	1500	0.00105380580038904
0.254	96.2919091383523	-0.597946885597347	1500	0.00115146511731261
0.255	98.8810836945117	-0.0211177064631858	1500	0.00126618745529183
0.256	98.3098619784123	-0.411934001651676	1500	0.00120623128280758
0.257	94.9066544421474	-0.242493143439661	1500	0.00114333984188873
0.258	93.6865205568032	0.0427481429891554	1500	0.00110698000479094
0.259	96.2244962568611	-0.438452739683859	1500	0.00113761929690932
0.26	98.8950697861248	-0.553404805081259	1500	0.00122036587757292
0.261	98.4306416968927	-0.08253971199741	1500	0.00127754703478934
0.262	95.2419025302353	-0.0658016486042068	1500	0.001164414584065
0.263	94.039922801318	-0.00333809713090507	1500	0.00110860607819248
0.264	96.7139866854508	-0.218156172289484	1500	0.00113357203853843
0.265	99.5445084661204	0.150167349960775	1500	0.00115956464386974
0.266	99.1023060273366	0.221882137206614	1500	0.00111019325992385
0.267	95.7975275398173	-0.00572470248994774	1500	0.00112254300869617
0.268	94.5420341208079	0.458417854557762	1500	0.00116373194071839
0.269	97.2534481946643	-0.153159582305711	1500	0.00120218607229255
0.27	99.9564251543488	-0.0192323981657331	1500	0.0012367166588924
0.271	99.4505638284325	-0.472249633618988	1500	0.00125597309519297
0.272	95.8539251886071	-0.152478271942808	1500	0.00112679500847867
0.273	94.0096934699296	-0.101918142369985	1500	0.00109000078596818
0.274	96.2935800728069	-0.247958951202638	1500	0.00114775931135209
0.275	98.9186449784323	-0.555636899134085	1500	0.00121365986064251
0.276	98.326273302091	0.0449991526407552	1500	0.00115873663125651
0.277	94.9282787133744	-0.17987967978857	1500	0.00114510271785138
0.278	93.7209871818184	0.316212109617816	1500	0.00113405002631261
0.279	96.2559971627725	-0.538652417297422	1500	0.00114675971887446
0.28	98.9102745488463	-0.248079332530641	1500	0.00119883169767703
0.281	98.4275001739644	-0.0651318038454185	1500	0.00124398012519439
0.282	95.2465094321192	0.00368648471486481	1500	0.00115767686436173
0.283	94.0013754931065	-0.212595145298474	1500	0.00112794992681844
0.284	96.6896641890723	-0.273336854302759	1500	0.00113689479149921
0.285	99.4991591551873	0.210302878127406	1500	0.00115056733554008
0.286	99.0302088082877	0.415971529074413	1500	0.00110945774788349
0.287	95.7095037991173	-0.0249940674968221	1500	0.00114082412464572
0.288	94.4937924782816	0.276561991757209	1500	0.00116981665885869
0.289	97.1275804965313	0.111428454237753	1500	0.00118917746842832
0.29	99.7760589058038	-0.502995954952689	1500	0.00120702470438083
0.291	99.132873924373	-0.288926786401734	1500	0.00124188434400657
0.292	95.6002262706417	-0.0149329307972586	1500	0.00113945208143523
0.293	93.8718177932674	-0.0376430736990443	1500	0.00111023939406366
0.294	96.2358712747491	-0.448476683794426	1500	0.00113129642701449
0.295	98.8675619939787	0.115552557216081	1500	0.00117425452231409
0.296	98.3100822104326	-0.305706561345672	1500	0.00113329595762223
0.297	94.9128915248212	-0.148444830078211	1500	0.0011470474184252
0.298	93.7175004273765	0.168020092748629	1500	0.00115434827293672
0.299	96.2380918922074	-0.295929244851	1500	0.00115560216386445
0.3	98.8796134915138	-0.429033899860609	1500	0.00118823414858233
0.301	98.3791297542935	0.000704029904157097	1500	0.00123841260341758
0.302	95.1740544319589	-0.01126261308651	1500	0.00116120266831211
0.303	93.9502478255834	0.0541689748041952	1500	0.00112373639301768
0.304	96.5602456466909	-0.165160280395831	1500	0.001129427948435
0.305	99.3340442115129	0.182881930681322	1500	0.00113582101327039
0.306	98.8158556196863	0.232304001456818	1500	0.00110302379256687
0.307	95.4889447169256	0.00018944143078637	1500	0.00114342331349285
0.308	94.2645694240946	0.486705507922855	1500	0.00117729719136341
0.309	96.9253660356629	-0.115686799572842	1500	0.00117457622075255
0.31	99.571983511855	0.00900364929856712	1500	0.00118525452218625
0.311	99.0153018716298	-0.454581646912886	1500	0.0012311469595773
0.312	95.5189381057745	-0.125057104932855	1500	0.00115210126348018
0.313	93.852674340539	-0.0370651840437353	1500	0.00112339765639615
0.314	96.2208767813513	-0.161507368123082	1500	0.00113817898545533
0.315	98.8847882483549	-0.474344773017422	1500	0.00116225760745703
0.316	98.3055173530367	0.106710925300035	1500	0.00111772899066179
0.317	94.9140401529111	-0.125174884486447	1500	0.00114848069581707
0.318	93.729635133516	0.39172374515316	1500	0.00116267837922207
0.319	96.2607261950279	-0.45356832997516	1500	0.00115793476165208
0.32	98.8952574467573	-0.172399994426747	1500	0.00117968003303531
0.321	98.3788711143273	-0.0134534501838832	1500	0.0012200735319125
0.322	95.1835105824061	0.0383533250127069	1500	0.00115570407793289
0.323	93.9215653156562	-0.17581141865402	1500	0.00113862715793655
0.324	96.5508942253481	-0.238373281444458	1500	0.00113664569758393
0.325	99.3131746331539	0.234836464504827	1500	0.00113692751427476
0.326	98.7847520829288	0.427106795868094	1500	0.0011036437472803
0.327	95.4568467902371	-0.0184280694890652	1500	0.00115165118451694
0.328	94.2807949447696	0.295725825638399	1500	0.00117826859833203
0.329	96.8937490009453	0.135903584511646	1500	0.00117544729558588
0.33	99.554854466294	-0.483277722982411	1500	0.0011791326892311
0.331	98.9208737075684	-0.27625351886046	1500	0.00122773183390311
0.332	95.4584846078713	0.00206963560795871	1500	0.00115357827036004
0.333	93.8248689598949	0.000364932881991863	1500	0.00112959133231092
0.334	96.2121204270545	-0.398613443226458	1500	0.00112654830455445
0.335	98.8503099177642	0.16222334852099	1500	0.00114528569749826
0.336	98.2838854763967	-0.2685190352068	1500	0.00110993956963893
0.337	94.8910752777822	-0.116424308949833	1500	0.00114945402616194
0.338	93.7180350262709	0.211935833124122	1500	0.00117144745739782
0.339	96.2356278831487	-0.24556657925646	1500	0.00116246530789593
0.34	98.8643702861137	-0.383338176059564	1500	0.00117696917454345
0.341	98.34709413053	0.0327771432673822	1500	0.00122374635403973
0.342	95.1429105788871	0.0102954658622169	1500	0.00115999772759016
0.343	93.9117301404247	0.078297906880301	1500	0.00113083314956938
0.344	96.4959385679152	-0.142189936644891	1500	0.00113045120931003
0.345	99.2540369309234	0.200319771212824	1500	0.00112797868313933
0.346	98.7207057417748	0.241870590536062	1500	0.00109861754868289
0.347	95.3734100231627	0.00574763934583218	1500	0.00114888768093301
0.348	94.1706972236706	0.499533789264306	1500	0.0011824371116572
0.349	96.8057245992578	-0.100182445396882	1500	0.00116782582917744
0.35	99.4583316775259	0.0219952622600338	1500	0.00117017706613147
0.351	98.900648861728	-0.445676766726136	1500	0.00122304154494832
0.352	95.4288771365245	-0.11488143240708	1500	0.00115995901951146
0.353	93.8123642979457	-0.0145133319657936	1500	0.00113463975101228
0.354	96.1922079744943	-0.132738894373048	1500	0.00113600244412799
0.355	98.8535022247517	-0.446493623609861	1500	0.00114586910150205
0.356	98.259592728289	0.128495612426237	1500	0.00110429166250915
0.357	94.8737556607778	-0.106680701126463	1500	0.0011499956310373
0.358	93.716297388207	0.418130138610921	1500	0.00117270684875355
0.359	96.2554353782812	-0.423762211449796	1500	0.00116209568953999
0.36	98.8812621804268	-0.14484826379938	1500	0.00117306040518369
0.361	98.3543403884862	0.00616352897854924	1500	0.00121121053800434
0.362	95.1605925214668	0.0516349595686609	1500	0.0011549432708533
0.363	93.8914210357102	-0.160776480252147	1500	0.00114330731266478
0.364	96.4940488595992	-0.223989265243528	1500	0.0011379172259335
0.365	99.2345726615824	0.246663697301151	1500	0.00113236298817962
0.366	98.6859319490637	0.434278470600626	1500	0.00110048805915281
0.367	95.344290582052	-0.0143430444393994	1500	0.00115439693495101
0.368	94.15835738022	0.30412848715951	1500	0.00118135598349026
0.369	96.7644868868295	0.145738369806421	1500	0.00117221899524807
0.37	99.4556755957521	-0.474592373347021	1500	0.00117098173769476
0.371	98.8611977378694	-0.270175074592336	1500	0.00122299403079587
0.372	95.4162356247808	0.00830759861648846	1500	0.0011578639938175
0.373	93.8104718211688	0.0137312352098097	1500	0.00113604924942833
0.374	96.2002506516401	-0.382068212323132	1500	0.00112554835267355
0.375	98.8348432557778	0.178267453260962	1500	0.00113599502761268
0.376	98.2612253900387	-0.255306369185933	1500	0.00110215263698194
0.377	94.8674709337397	-0.105722113711196	1500	0.00115036271057946
0.378	93.71027440977	0.227256005953101	1500	0.00117729971840118
0.379	96.2289506213793	-0.228137253439173	1500	0.00116498830951054
0.38	98.851914922874	-0.366821728453367	1500	0.00117315726922661
0.381	98.3284843847784	0.0448312205294037	1500	0.00121836720452158
0.382	95.1225881105692	0.0183234330772891	1500	0.00115953572439356
0.383	93.8808234800732	0.0879673215043256	1500	0.0011337989388065
0.384	96.4489118317128	-0.133133885362504	1500	0.00113155813698928
0.385	99.1992483225006	0.208162720319923	1500	0.00112533604872884
0.386	98.6542826422566	0.247099205708776	1500	0.0010964233364719
0.387	95.2966321511871	0.00857002919781889	1500	0.00115021991678836
0.388	94.0965627952731	0.504981633615278	1500	0.00118426011515865
0.389	96.6980691531853	-0.0941237108832797	1500	0.00116633261675234
0.39	99.3575955584422	0.027597878575022	1500	0.00116581650067702
0.391	98.7933132107497	-0.441588725607041	1500	0.00122028490064658
0.392	95.3478825265005	-0.111233526283454	1500	0.00116230628580977
0.393	93.7954884987686	-0.00651922402952801	1500	0.00113837618860401
0.394	96.1769369412486	-0.123288734835656	1500	0.00113563137660315
0.395	98.8382273395458	-0.436894093276253	1500	0.00114060070494451
0.396	98.2451097620706	0.136323183596787	1500	0.0010997546091204
0.397	94.8607746363251	-0.100575307790638	1500	0.00115052476598552
0.398	93.7066288232573	0.427355770208094	1500	0.00117606415694748
0.399	96.2415632177815	-0.413547796381284	1500	0.00116361813472228
0.4	98.8642427468167	-0.134950875416366	1500	0.00117088139915109
0.401	98.3327838761365	0.0134615143149026	1500	0.00120799807987552
0.402	95.1417385754974	0.0564381010571738	1500	0.00115465990864293
0.403	93.8651162826121	-0.154824822814546	1500	0.00114519633165238
0.404	96.4463817861077	-0.218560178827868	1500	0.0011387837588076
0.405	99.1756019678211	0.251738592357035	1500	0.00113080728079241
0.406	98.6079612717452	0.437841779630368	1500	0.00109899326506214
0.407	95.2386984264828	-0.0125280302271904	1500	0.0011550423713397
0.408	94.04762120615	0.307634640149687	1500	0.00118241326292896
0.409	96.6093820056139	0.149463567308113	1500	0.00117157208022767
0.41	99.3191435914941	-0.470946057198026	1500	0.00116866947798412
0.411	98.7052701303153	-0.267448905683211	1500	0.00122136843893384
0.412	95.3139402028701	0.0104996608558327	1500	0.0011591354794529
0.413	93.8050120291727	0.0185510747266384	1500	0.00113819246938447
0.414	96.1914461435472	-0.376689609017457	1500	0.00112543934427249
0.415	98.8292535733515	0.183812993188918	1500	0.00113300489044498
0.416	98.2573678070105	-0.250518921783468	1500	0.00109948528143352
0.417	94.8577218932004	-0.102270451216332	1500	0.00115066035102004
0.418	93.6982851440713	0.232608213274797	1500	0.00117921535418519
0.419	96.2075735352797	-0.222273989420356	1500	0.00116590923288914
0.42	98.8263283937875	-0.360913316366158	1500	0.00117194732768924
0.421	98.2968095294963	0.049297663377888	1500	0.00121643542392181
0.422	95.0840163374535	0.0211394921636763	1500	0.00115937363480991
0.423	93.82576897255	0.0917713461588257	1500	0.00113496159486254
0.424	96.3679217267983	-0.129841894935961	1500	0.00113218345277196
0.425	99.1070642187159	0.211412350961708	1500	0.0011244317607937
0.426	98.5611319266746	0.249553775286692	1500	0.00109542105146177
0.427	95.2052523210746	0.00969744094031796	1500	0.00115051665465968
0.428	94.0115441826003	0.507213043619792	1500	0.00118485838365643
0.429	96.5868933949954	-0.0919104771678895	1500	0.00116607963629675
0.43	99.2502487474255	0.0299233701545433	1500	0.00116461653415422
0.431	98.6734464920987	-0.439802602594343	1500	0.0012193319303528
0.432	95.278861401856	-0.110011189531536	1500	0.00116300215218587
0.433	93.7960217365432	-0.00360238123759246	1500	0.00113961518415939
0.434	96.1692228548017	-0.120294495722131	1500	0.00113565084039169
0.435	98.8329332898773	-0.433562824987724	1500	0.00113890464087619
0.436	98.2388490612688	0.139206528918386	1500	0.00109817968816771
0.437	94.8509345967141	-0.0986560861928604	1500	0.00115069808521512
0.438	93.6922697293239	0.430604339156062	1500	0.00117713188224319
0.439	96.2181780825145	-0.410162574364661	1500	0.00116417442971253
0.44	98.83779089457	-0.131419290650551	1500	0.00117022317467217
0.441	98.3010521643322	0.0161475475564987	1500	0.00120685546683682
0.442	95.1001235287596	0.0580578801554388	1500	0.00115456886894194
0.443	93.8045988139233	-0.152484491193324	1500	0.00114592093960165
0.444	96.3614133907597	-0.216693868895713	1500	0.00113922577996386
0.445	99.0852320384928	0.253788734708202	1500	0.00113026793465108
0.446	98.5274671420617	0.439448288028944	1500	0.00109832169244835
0.447	95.1788606129776	-0.0118819362332277	1500	0.00115518170965067
0.448	93.9909163062778	0.309065482348398	1500	0.00118273884135789
0.449	96.5492639415155	0.150764554465208	1500	0.00117149535285377
0.45	99.2622787504203	-0.469453583453949	1500	0.00116806403082796
0.451	98.6537563570243	-0.266263883913827	1500	0.00122080286070206
0.452	95.2759604109759	0.0112062962923586	1500	0.00115951791477003
0.453	93.7973083098694	0.0203601272544252	1500	0.00113890228590261
0.454	96.1871005830057	-0.375031390248877	1500	0.00112549664674331
0.455	98.8251399672923	0.18574456327602	1500	0.00113204207100724
0.456	98.2537960537	-0.248734025709938	1500	0.00109854004313591
0.457	94.8521947272555	-0.101243263517786	1500	0.00115075583985406
0.458	93.6884702164475	0.234499497460107	1500	0.00117980274113557
0.459	96.1920258223865	-0.220400882953741	1500	0.00116624561130313
0.46	98.8072470569282	-0.358804911579428	1500	0.00117160727362965
0.461	98.2772931167171	0.0509468944488023	1500	0.00121575086652702
0.462	95.0578019734627	0.0220459529046345	1500	0.00115933004029619
0.463	93.7863894540556	0.0932794868310613	1500	0.00113539691367423
0.464	96.3190150165588	-0.128766812996427	1500	0.00113248347235077
0.465	99.0548579574422	0.212703737305784	1500	0.00112411862562472
0.466	98.5115969974249	0.250639423278472	1500	0.00109497490651385
0.467	95.15834912243	0.0100501538294835	1500	0.00115057762785976
0.468	93.9558863521313	0.508116336675721	1500	0.00118502555567855
0.469	96.5300130886696	-0.0911867323771468	1500	0.00116607467365675
0.47	99.185263766119	0.0308744398190406	1500	0.00116432694128978
0.471	98.611521863234	-0.439037763344417	1500	0.00121899684812064
0.472	95.2321722771633	-0.109660063190225	1500	0.00116321687615854
0.473	93.7674612205796	-0.0024861805964088	1500	0.00114002418114878
0.474	96.1664251309121	-0.11943163958288	1500	0.00113571805446933
0.475	98.8316001147146	-0.432391616603968	1500	0.00113835876632378
0.476	98.2373669426429	0.14030879195786	1500	0.00109760971043379
0.477	94.8470307272116	-0.098119991906368	1500	0.00115075927459314
0.478	93.6840904753093	0.431775125903045	1500	0.00117744089986635
0.479	96.2010158498266	-0.409114136468047	1500	0.00116437791498041
0.48	98.8143041631775	-0.130138692697598	1500	0.00117005936585838
0.481	98.2811420534407	0.0171360223737086	1500	0.00120645189306065
0.482	95.0650839157748	0.0585403180712104	1500	0.0011545512975762
0.483	93.7449229536864	-0.151544277375267	1500	0.00114618755027293
0.484	96.2992764959607	-0.216149336836594	1500	0.00113943061760065
0.485	99.0287871675697	0.254595325791785	1500	0.00113007859196335
0.486	98.4687002722088	0.440146704214057	1500	0.00109802067932113
0.487	95.1244520834476	-0.0117233542078619	1500	0.00115521289428742
0.488	93.9139741666333	0.309652626211292	1500	0.00118281476497746
0.489	96.4660627034652	0.15115052139138	1500	0.00117151419207339
0.49	99.1855830279895	-0.468842715096783	1500	0.00116793912867466
0.491	98.6054360670273	-0.265749331671646	1500	0.00122060076613258
0.492	95.2321897010947	0.0113897821485831	1500	0.00115964302982441
0.493	93.7675190803704	0.0210850084144067	1500	0.00113913491319165
0.494	96.1853111212835	-0.374590007838084	1500	0.00112555661960673
0.495	98.8244046325022	0.186429071995385	1500	0.00113173300721601
0.496	98.2521646747771	-0.248039046920709	1500	0.00109818594930364
0.497	94.8496842635041	-0.101000334340292	1500	0.00115079116451647
0.498	93.6855204812542	0.235187888054063	1500	0.001179958759855
0.499	96.1857732557273	-0.219872311088235	1500	0.00116636850093141
0.5	98.7979457841429	-0.358043988445294	1500	0.00117153950236726
0.501	98.2704401315875	0.0515626588029283	1500	0.00121550680162455
0.502	95.0449129879386	0.0222886992857929	1500	0.00115932947060201
0.503	93.7616233499607	0.0939019148912764	1500	0.00113555217459109
0.504	96.284753683087	-0.128489206779901	1500	0.00113261940994848
0.505	99.0165004171997	0.213212292899762	1500	0.00112401071482605
0.506	98.4675489013782	0.251113562928151	1500	0.00109477254922771
0.507	95.1096155135529	0.0101044420588148	1500	0.00115059345265195
0.508	93.8757281745597	0.508488040960446	1500	0.00118505126512863
0.509	96.4408765686989	-0.0910087978236786	1500	0.00116609836969353
0.51	99.1266421062612	0.0312691384032066	1500	0.00116428503953433
0.511	98.6018955761276	-0.438707378278489	1500	0.0012188737071478
0.512	95.225049257584	-0.109602957952627	1500	0.00116329260519087
0.513	93.75939249473	-0.00202481744796767	1500	0.00114015626937381
0.514	96.1605703722245	-0.119250712023858	1500	0.00113576753040795
0.515	98.8296226251911	-0.431967027920151	1500	0.00113818466025747
0.516	98.2359848833019	0.140754087791626	1500	0.0010973886373778
0.517	94.8414796364055	-0.0980204472063663	1500	0.00115078733925904
0.518	93.679600645976	0.432219024482213	1500	0.00117750999575515
0.519	96.1953645464322	-0.40884348772881	1500	0.00116445226360167
0.52	98.8096288218104	-0.129675714970503	1500	0.00117004235372134
0.521	98.2774161580842	0.0175053187498531	1500	0.00120630631677723
0.522	95.060090912649	0.0586406289054626	1500	0.00115455863851375
0.523	93.7330604558656	-0.151144257154952	1500	0.00114628045058403
0.524	96.2799759715536	-0.216058583151215	1500	0.00113952304612191
0.525	99.0144616567435	0.254915776214909	1500	0.00113001300758108
0.526	98.4556481797412	0.440450612060427	1500	0.00109788029519356
0.527	95.1149405488224	-0.011736507512321	1500	0.00115522566681238
0.528	93.8941799724127	0.309903668458276	1500	0.00118281336417417
0.529	96.4392773645649	0.151212445261484	1500	0.00117153418104751
0.53	99.1689371256673	-0.468583561919614	1500	0.00116793807594691
0.531	98.6081883826109	-0.265518612733	1500	0.00122052312712741
0.532	95.2335496179726	0.0114028417514358	1500	0.00115969292712412
0.533	93.7704691473497	0.0214056312475567	1500	0.00113920798394214
0.534	96.1824727518867	-0.374528997188843	1500	0.00112559562815175
0.535	98.8200253131593	0.186682000309702	1500	0.00113163619306705
0.536	98.2487996606906	-0.247750462157627	1500	0.0010980409935529
0.537	94.8487470608153	-0.100993375569513	1500	0.00115080946343279
0.538	93.6842540310272	0.235454308320291	1500	0.00117998291665767
0.539	96.1833571515135	-0.219778649855223	1500	0.00116641319469288
0.54	98.7955320200962	-0.357758888815175	1500	0.00117154721642242
0.541	98.2665067573928	0.051800409738048	1500	0.0012154152747914
0.542	95.0409513990728	0.0223177594510936	1500	0.00115934188463466
0.543	93.7562438880901	0.0941802775016505	1500	0.00113560300802625
0.544	96.2766362849762	-0.128474468764979	1500	0.00113268066666845
0.545	99.0118188654647	0.213419412005872	1500	0.00112397604228847
0.546	98.4659725932669	0.251325307438743	1500	0.00109467527019162
0.547	95.1091727971464	0.0100637181670525	1500	0.00115060347154001
0.548	93.8766475395581	0.508649464890074	1500	0.0011850367946616
0.549	96.4399880751618	-0.0910148684654213	1500	0.00116611404527704
0.55	99.1269966725627	0.031442441649046	1500	0.00116430148788091
0.551	98.606211079923	-0.438558440353297	1500	0.00121882314756424
0.552	95.2262818183259	-0.109632807045807	1500	0.00116332676063446
0.553	93.7590033454402	-0.00181160829978994	1500	0.00114019562739773
0.554	96.159703196283	-0.119271671520799	1500	0.00113579705556008
0.555	98.8281891136008	-0.43180223222353	1500	0.0011381319733145
0.556	98.2354944914579	0.140948255643628	1500	0.00109729337427438
0.557	94.8403344505353	-0.0980447983870016	1500	0.00115080521834292
0.558	93.6793005535076	0.432403719519259	1500	0.00117750959686773
0.559	96.1943282468041	-0.408818661947952	1500	0.00116447918717988
0.56	98.8076609303684	-0.129496256793543	1500	0.00117006168162139
0.561	98.276275117564	0.0176488526595163	1500	0.00120624924109661
0.562	95.058569222814	0.0586255968407413	1500	0.00115457222097787
0.563	93.73216884653	-0.150956480809983	1500	0.00114630925806937
0.564	96.2757772621562	-0.216104427340601	1500	0.00113956547407558
0.565	99.0103668996485	0.255051382216655	1500	0.00112999270773954
0.566	98.4542125484555	0.440586972135973	1500	0.0010978097007991
0.567	95.1140813613134	-0.0117955159236	1500	0.00115523648585612
0.568	93.8936269513223	0.310020584048878	1500	0.00118279313316775
0.569	96.4334491232393	0.151171950635962	1500	0.0011715446679933
0.57	99.1621771040117	-0.468463923862377	1500	0.00116796162588635
0.571	98.5999040039722	-0.265407822557674	1500	0.00122048821635372
0.572	95.2253888479974	0.0113695007727267	1500	0.00115971904446139
0.573	93.7627779380496	0.0215667338348738	1500	0.00113922763931094
0.574	96.1797654999273	-0.374573722287006	1500	0.00112561829982636
0.575	98.8193272432124	0.186784274786427	1500	0.00113160921027045
0.576	98.2478947510478	-0.247619683043347	1500	0.00109797387042313
0.577	94.847232859123	-0.101044921869553	1500	0.00115082245996461
0.578	93.6839190236213	0.235569132713229	1500	0.00117997177837892
0.579	96.1822118678428	-0.219813326844446	1500	0.00116642920558414
0.58	98.7933750389351	-0.357642825028268	1500	0.00117156985658221
0.581	98.2648684549221	0.0518985671817584	1500	0.00121537607561148
0.582	95.0387911780264	0.0222880949395067	1500	0.00115935620350076
0.583	93.7537143762016	0.0943203771303309	1500	0.00113561604001669
0.584	96.272507163255	-0.12853239510158	1500	0.00113270920147489
0.585	99.0077083436932	0.213512157126372	1500	0.00112396830033709
0.586	98.464461192536	0.251424901681953	1500	0.00109462420178785
0.587	95.1088006390931	0.0100040458062383	1500	0.0011506132987313
0.588	93.8761559107967	0.508726816774127	1500	0.00118501525059525
0.589	96.4427652913512	-0.091072518141852	1500	0.00116612140144295
0.59	99.1334778907296	0.0315270814388748	1500	0.00116432564979947
0.591	98.611604864796	-0.438485730447419	1500	0.00121879776423156
0.592	95.2309354994537	-0.109679638297272	1500	0.00116334675614181
0.593	93.7585805288377	-0.00169891700576912	1500	0.00114020405050035
0.594	96.1589731365763	-0.119340004399331	1500	0.00113581382774406
0.595	98.8277606656615	-0.431729604133797	1500	0.00113811957785959
0.596	98.2347757945193	0.141041157140401	1500	0.00109724642614065
0.597	94.8365872718948	-0.0980942671965722	1500	0.00115081897581945
0.598	93.6741431922665	0.432492049904206	1500	0.00117749325183987
0.599	96.1875867313736	-0.408862180756049	1500	0.00116448867682048
0.6	98.8001464285911	-0.129418662384901	1500	0.0011700849050052
0.601	98.2684645672866	0.0177089957204373	1500	0.00120622249472026
0.602	95.0519649878077	0.0585842704737198	1500	0.00115458552387582
0.603	93.7297057704679	-0.150856255130642	1500	0.00114631510074888
0.604	96.2730670028635	-0.216178470557527	1500	0.00113958601174673
0.605	99.0076202579095	0.255116847994105	1500	0.00112998953091667
0.606	98.4538070199686	0.440651548970918	1500	0.00109777061667082
0.607	95.1169566427936	-0.0118566823791399	1500	0.00115524681043021
0.608	93.899898206457	0.310082290840744	1500	0.00118277216889687
0.609	96.440690980667	0.151107970883102	1500	0.00117154888310253
0.61	99.1770651511893	-0.468400974439982	1500	0.00116798479397746
0.611	98.6128974833559	-0.265349110999427	1500	0.00122046844948626
0.612	95.2418035368254	0.0113302590051935	1500	0.00115973598096194
0.613	93.771002488161	0.0216592193222655	1500	0.00113922965853234
0.614	96.1789883939819	-0.374637596767339	1500	0.0011256312917302
0.615	98.8191853592885	0.186832544630428	1500	0.00113160552611038
0.616	98.2476669860682	-0.247553958170432	1500	0.00109793814804262
0.617	94.8469794030394	-0.101101366033863	1500	0.00115083298857588
0.618	93.6825501160387	0.235626713741686	1500	0.00117995469118413
0.619	96.1803302656481	-0.21987643434132	1500	0.00116643471142298
0.62	98.7909845497971	-0.357588440016519	1500	0.00117159099261021
0.621	98.2607287545379	0.0519436220106737	1500	0.00121535518554029
0.622	95.033112835486	0.0222493937202426	1500	0.0011593688868968
0.623	93.7489925401937	0.0944009703295722	1500	0.00113561599084857
0.624	96.2682415282346	-0.12860025119946	1500	0.00113272337568875
0.625	99.0026338397395	0.213560721491037	1500	0.00112397057895575
0.626	98.4636534028152	0.251475276780709	1500	0.00109459459948406
0.627	95.1091418029127	0.00994965446395091	1500	0.00115062263089444
0.628	93.8832549215876	0.508769133216321	1500	0.00118499607277982
0.629	96.4545888687722	-0.0911363729870437	1500	0.00116612421237362
0.63	99.1498989914018	0.0315746832898721	1500	0.0011643460219675
0.631	98.6271971129803	-0.438446205362263	1500	0.00121878168434331
0.632	95.2420172964918	-0.109722485404156	1500	0.00116336053552447
0.633	93.7629687015174	-0.00163113895494009	1500	0.00114020247410524
0.634	96.1603472406642	-0.119409207410116	1500	0.00113582350861211
0.635	98.8279493380061	-0.431691384106669	1500	0.00113812065982094
0.636	98.2341423441963	0.141090055888142	1500	0.0010972198911409
0.637	94.8350021459443	-0.0981406334974228	1500	0.00115083015460612
0.638	93.6737291633443	0.432541653682319	1500	0.00117747640098804
0.639	96.1870680931765	-0.408917250863007	1500	0.00116449177790782
0.64	98.799841879925	-0.129379357070242	1500	0.00117010421421947
0.641	98.2675061088956	0.0177372611930473	1500	0.00120620660936158
0.642	95.0505642300266	0.0585435951855099	1500	0.00115459671722996
0.643	93.7286342403154	-0.150795345156916	1500	0.00114631315680512
0.644	96.2721020415268	-0.216247558514595	1500	0.00113959677647657
0.645	99.0063410563321	0.255154595666687	1500	0.0011299928478412
0.646	98.4510487271348	0.44068423313158	1500	0.00109774680527119
0.647	95.111749908324	-0.0119079439730782	1500	0.00115525607229568
0.648	93.8941504707637	0.310119621492162	1500	0.00118275495178692
0.649	96.433080887994	0.15104636214363	1500	0.00117155009602219
0.65	99.1520054669346	-0.468362722365192	1500	0.00116800293514672
0.651	98.6014092476154	-0.265314459589935	1500	0.00122045468290823
0.652	95.2344270435018	0.0112963660461207	1500	0.00115974820526976
0.653	93.7637326613023	0.0217186065487021	1500	0.0011392262197481
0.654	96.1756792009718	-0.374695902880229	1500	0.00112563897261535
0.655	98.8181779227541	0.186860094723129	1500	0.00113160951661338
0.656	98.2469572188899	-0.247517310530933	1500	0.0010979166016432
0.657	94.8449311990176	-0.101149139096095	1500	0.00115084170945853
0.658	93.6814890376275	0.235660657696026	1500	0.00117993949122927
0.659	96.1796131018794	-0.219937631103643	1500	0.00116643640634455
0.66	98.7916379927138	-0.357558098616493	1500	0.00117160750216279
0.661	98.2617161523484	0.0519672119493977	1500	0.00121534131661092
0.662	95.0345449210712	0.0222154431312838	1500	0.00115937918941037
0.663	93.7510104806224	0.0944531369401275	1500	0.00113561188568723
0.664	96.2710180105492	-0.128660060040789	1500	0.00113273106043739
0.665	99.0080785470813	0.213590927473441	1500	0.00112397637100901
0.666	98.4683942311163	0.25150286392579	1500	0.00109457583669952
0.667	95.1140842413616	0.00990587684904281	1500	0.00115063086231063
0.668	93.8821839549465	0.508795614139107	1500	0.00118498101756047
0.669	96.4473412836408	-0.0911927916248627	1500	0.00116612498697752
0.67	99.1285519553088	0.0316053163014744	1500	0.00116436134884074
0.671	98.6155203512757	-0.438422183472783	1500	0.00121876968174279
0.672	95.2342617453685	-0.10975690402628	1500	0.00116337072425537
0.673	93.7620238306795	-0.00158605834877642	1500	0.00114019805050471
0.674	96.1601821841058	-0.119467655699597	1500	0.00113582937497173
0.675	98.8278285079362	-0.431667505511708	1500	0.00113812603571564
0.676	98.2339612062042	0.14111798491615	1500	0.00109720311168913
0.677	94.8348280073947	-0.09817793713802	1500	0.00115083926387038
0.678	93.6736511419666	0.432573676205667	1500	0.00117746260441312
0.679	96.1870564011045	-0.408967363064419	1500	0.00116449256484297
0.68	98.8001997639721	-0.129355882580521	1500	0.00117011885188969
0.681	98.2681075030273	0.0177524959207396	1500	0.00120619520897893
0.682	95.0515279967805	0.0585099430438851	1500	0.00115460562758215
0.683	93.7297592487726	-0.150754262527041	1500	0.00114630895921418
0.684	96.2722397738708	-0.216304055767604	1500	0.00113960297115356
0.685	99.008067663224	0.255180116175645	1500	0.00112999839964312
0.686	98.4529066283291	0.440701878681042	1500	0.00109773111458541
0.687	95.1148434348381	-0.0119480449058978	1500	0.0011552639363742
0.688000000000001	93.8957005723264	0.310144916474703	1500	0.0011827417760728
0.689000000000001	96.42945539389	0.150994002395603	1500	0.00117155008544471
0.690000000000001	99.149629059139	-0.468336651805135	1500	0.0011680163710732
0.691000000000001	98.5998965107462	-0.265292026344716	1500	0.00122044391145094
0.692000000000001	95.233780973263	0.011269545385499	1500	0.00115975740152227
0.693000000000001	93.7634381619919	0.021759884585886	1500	0.00113922149028097
0.694000000000001	96.175268201787	-0.374743524151321	1500	0.00112564375329059
0.695000000000001	98.8181358558266	0.186878525910459	1500	0.00113161571410465
0.696000000000001	98.246856649873	-0.247494970714506	1500	0.00109790234294484
0.697000000000001	94.8447072052012	-0.101186761298145	1500	0.00115084887153542
0.698000000000001	93.6815435355988	0.235683449676107	1500	0.00117992753066521
0.699000000000001	96.1791254287411	-0.21998936224094	1500	0.00116643675131423
0.700000000000001	98.7900348222041	-0.357538376738721	1500	0.00117161977503644
0.701000000000001	98.260795010482	0.0519812119630835	1500	0.00121533076147794
0.702000000000001	95.0331081303746	0.0221885960896779	1500	0.00115938728608602
0.703000000000001	93.7484388642299	0.0944899146627914	1500	0.00113560695643517
0.704000000000001	96.2673568627309	-0.128708582190049	1500	0.00113273563963358
0.705000000000001	99.0042789668576	0.213612302832803	1500	0.00112398303657344
0.706000000000001	98.4654876833442	0.251519099972343	1500	0.00109456310258108
0.707000000000001	95.111481024006	0.00987207549322471	1500	0.0011506377852627
0.708000000000001	93.8814206774371	0.508814034072514	1500	0.00118496966117178
0.709000000000001	96.4459633489512	-0.0912390924530839	1500	0.00116612496016438
0.710000000000001	99.1268392059533	0.0316270119487677	1500	0.00116437258170525
0.711000000000001	98.616404361475	-0.43840617743725	1500	0.00121876002305289
0.712000000000001	95.2365579552736	-0.109783415124756	1500	0.00116337845759366
0.713000000000001	93.7668377079522	-0.00155398332619135	1500	0.00114019322392444
0.714000000000001	96.1599767986597	-0.119514319676558	1500	0.0011358331556577
0.715000000000001	98.8277852118038	-0.431650773797675	1500	0.00113813241331898
0.716000000000001	98.2338767513829	0.14113489859687	1500	0.00109719163931369
0.717000000000001	94.834718811742	-0.0982065762784189	1500	0.00115084662548019
0.718000000000001	93.6731798185133	0.432596410886648	1500	0.00117745202014292
0.719000000000001	96.1867729507012	-0.409008992986989	1500	0.00116449254139169
0.720000000000001	98.7984606532519	-0.129340036526606	1500	0.00117012968839961
0.721000000000001	98.267152673498	0.0177618026262365	1500	0.00120618620347566
0.722000000000001	95.0500415865409	0.0584834522489551	1500	0.00115461257503533
0.723000000000001	93.7271795401714	-0.150724506389547	1500	0.00114630449378254
0.724000000000001	96.2678631978012	-0.216348216673438	1500	0.00113960686009597
0.725000000000001	99.0026311108445	0.255199170189094	1500	0.00113000438926751
0.726000000000001	98.4484093598437	0.440711895586836	1500	0.00109772017314762
0.727000000000001	95.109455275871	-0.0119787394007351	1500	0.00115527039808908
0.728000000000001	93.8893474131685	0.310163412069758	1500	0.00118273189988425
0.729000000000001	96.4232548319295	0.150951464594932	1500	0.00117154965684764
0.730000000000001	99.1416777347313	-0.468317601221699	1500	0.00116802624662105
0.731000000000001	98.587724926686	-0.265276522126873	1500	0.00122043510568414
0.732000000000001	95.2245711816364	0.0112488637511945	1500	0.00115976442884256
0.733000000000001	93.7576482206082	0.0217900688956342	1500	0.00113921687456545
0.734000000000001	96.1735292563308	-0.374781025865908	1500	0.00112564689610436
0.735000000000001	98.8180275373627	0.186892063932312	1500	0.00113162212193209
0.736000000000001	98.2467678504397	-0.247480394250923	1500	0.00109789231554081
0.737000000000001	94.8446400186804	-0.101215826480656	1500	0.00115085468527433
0.738000000000001	93.681554934715	0.235700096328287	1500	0.00117991844852687
0.739000000000001	96.1790127309008	-0.220031114857858	1500	0.00116643664768171
0.740000000000001	98.7899500107966	-0.357524243089204	1500	0.0011716288192593
0.741000000000001	98.2607119797142	0.0519903252609263	1500	0.00121532225539222
0.742000000000001	95.032957879866	0.0221680359708212	1500	0.00115939357704254
0.743000000000001	93.7485488894172	0.0945173107508111	1500	0.00113560230978331
0.744000000000001	96.2673605894379	-0.128746916847445	1500	0.00113273860313967
0.745000000000001	99.0027381877328	0.213628536149398	1500	0.00112398947574606
0.746000000000001	98.4653615208799	0.251529211644553	1500	0.0010945540394013
0.747000000000001	95.1111499598551	0.00984624429974364	1500	0.00115064345658735
0.748000000000001	93.8802092511024	0.508827764074352	1500	0.00118496117021486
0.749000000000001	96.4441502515395	-0.0912760254518108	1500	0.00116612466632278
0.750000000000001	99.1263449448488	0.0316432366042281	1500	0.00116438082953304
0.751000000000001	98.6141453273512	-0.438394811289458	1500	0.00121875207125704
0.752000000000001	95.2344950214191	-0.1098036285978	1500	0.00116338439072301
0.753000000000001	93.7647798652758	-0.00153018625622036	1500	0.00114018879491564
0.754000000000001	96.1593629559426	-0.119550913227434	1500	0.00113583574035723
0.755000000000001	98.8277057590435	-0.43163838010036	1500	0.00113813857105214
0.756000000000001	98.233583519134	0.141145500401886	1500	0.00109718339664383
0.757000000000001	94.8321369231003	-0.0982283043006202	1500	0.00115085252968472
0.758000000000001	93.6711859625352	0.432613482619446	1500	0.00117744403778424
0.759000000000001	96.1837462615734	-0.409042500722386	1500	0.00116449226134116
0.760000000000001	98.7965468145495	-0.129328578164892	1500	0.00117013771550622
0.761000000000001	98.2657356174027	0.0177680197444911	1500	0.00120617885089147
0.762000000000001	95.0491149554988	0.0584628660954931	1500	0.00115461795904517
0.763000000000001	93.7267401378086	-0.150701978798014	1500	0.00114630041404689
0.764000000000001	96.2675831717904	-0.216382214103706	1500	0.00113960948091273
0.765000000000001	99.0012860679057	0.255214073446921	1500	0.00113001005074736
0.766000000000001	98.4483468379881	0.440717745377969	1500	0.00109771224659111
0.767000000000001	95.1103147136876	-0.0120021765753287	1500	0.00115527561361218
0.768000000000001	93.8891298528364	0.31017755823373	1500	0.00118272450475596
0.769000000000001	96.4228430896637	0.150917500947294	1500	0.00117154913639954
0.770000000000001	99.1411300169931	-0.468303197994632	1500	0.0011680335659196
0.771000000000001	98.5872007590759	-0.265265368184328	1500	0.00122042783981635
0.772000000000001	95.2220287157188	0.0112329514709115	1500	0.00115976983975489
0.773000000000001	93.7568736536711	0.0218128506450737	1500	0.00113921280568068
0.774000000000001	96.1733591469348	-0.374810234728477	1500	0.00112564906552597
0.775000000000001	98.8180085888411	0.186902428048287	1500	0.00113162800664232
0.776000000000001	98.2466679768444	-0.247470408324104	1500	0.00109788498986726
0.777000000000001	94.8443790485777	-0.101238292789669	1500	0.00115085936343052
0.778000000000001	93.6810920305713	0.235712854813158	1500	0.00117991159375661
0.779000000000001	96.1778915009247	-0.220064254842464	1500	0.00116643642189888
0.780000000000001	98.7880231808186	-0.357513604547625	1500	0.00117163552504216
0.781000000000001	98.25778769578	0.0519965907562539	1500	0.00121531529151859
0.782000000000001	95.0311666893653	0.0221523851953918	1500	0.00115939845485406
0.783000000000001	93.7443828589576	0.0945384320403931	1500	0.00113559827331111
0.784000000000001	96.2602405605924	-0.128777023329449	1500	0.00113274064704735
0.785000000000001	98.9939344684651	0.213641241970329	1500	0.00112399525206289
0.786000000000001	98.4536141860405	0.251535765959408	1500	0.00109454738065709
0.787000000000001	95.1037152181054	0.009826446661655	1500	0.00115064803836186
0.788000000000001	93.8762222962369	0.508838427261015	1500	0.00118495479780053
0.789000000000001	96.4377074086062	-0.0913051587165267	1500	0.00116612431809784
0.790000000000001	99.1222361264674	0.0316556931430613	1500	0.00116438695091262
0.791000000000001	98.6102559766966	-0.43838641356772	1500	0.00121874551554257
0.792000000000001	95.2306850821793	-0.109819084656104	1500	0.00116338897124805
0.793000000000001	93.7648577931628	-0.00151206935422079	1500	0.00114018498162406
0.794000000000001	96.1594270955392	-0.119579515993381	1500	0.00113583759067709
0.795000000000001	98.827796761731	-0.431629030607936	1500	0.00113814407025388
0.796000000000001	98.2335356618203	0.141152233020004	1500	0.00109717728597784
0.797000000000001	94.8318004936554	-0.0982448139920955	1500	0.00115085724089848
0.798000000000001	93.670184997272	0.432626713298503	1500	0.00117743801432689
0.799000000000001	96.1811157984157	-0.409069183577135	1500	0.00116449192626928
0.800000000000001	98.7915209839647	-0.129320033835682	1500	0.0011701437158998
0.801000000000001	98.2565764369921	0.0177723943475918	1500	0.00120617281425917
0.802000000000001	95.0427422021184	0.0584468014524541	1500	0.00115462213211103
0.803000000000001	93.7158293992984	-0.150684440106484	1500	0.00114629690270528
0.804000000000001	96.2508161649249	-0.216408296941529	1500	0.00113961134016583
0.805000000000001	98.9868022937556	0.255225927419925	1500	0.0011300150815717
0.806000000000001	98.4335922405178	0.440721169997856	1500	0.0010977063553993
0.807000000000001	95.1010617181808	-0.012020172896445	1500	0.00115527978385924
0.808000000000001	93.8812579184491	0.310188658990455	1500	0.00118271893061268
0.809000000000001	96.4118329622897	0.150890541707982	1500	0.00117154863682569
0.810000000000001	99.1346628487548	-0.468292164945982	1500	0.00116803906589044
0.811000000000001	98.5818146578177	-0.265257161954245	1500	0.00122042186055686
0.812000000000001	95.2119501386877	0.0112206195220715	1500	0.00115977402674594
0.813000000000001	93.7558136465891	0.021830397912773	1500	0.00113920937039958
0.814000000000001	96.1724848806509	-0.37483295425878	1500	0.00112565062191572
0.815000000000001	98.817734638789	0.186910469264277	1500	0.00113163312992408
0.816000000000001	98.2448932699806	-0.2474633266975	1500	0.00109787950650114
0.817000000000001	94.8431992853773	-0.10125579702747	1500	0.0011508631065193
0.818000000000001	93.6796294341611	0.23572290232469	1500	0.00117990639494108
0.819000000000001	96.1746362168411	-0.22009041691552	1500	0.00116643618919033
0.820000000000001	98.7822521688065	-0.357505430813882	1500	0.00117164055065328
0.821000000000001	98.2483656058102	0.0520010107062798	1500	0.00121530958971463
0.822000000000001	95.0244899805618	0.0221404238430375	1500	0.00115940224338679
0.823000000000001	93.7341243988278	0.0945550829094811	1500	0.00113559489208962
0.824000000000001	96.244031901619	-0.128800717989278	1500	0.00113274212156842
0.825000000000001	98.9813800233093	0.21365128527326	1500	0.00112400023160008
0.826000000000001	98.4459714894456	0.25154012760855	1500	0.00109454238226188
0.827000000000001	95.098201950553	0.00981114933636016	1500	0.00115065171290551
0.828000000000001	93.8725882352726	0.50884691222791	1500	0.00118494997509974
0.829000000000001	96.4340877283431	-0.0913280454822951	1500	0.00116612399248321
0.830000000000001	99.124453670295	0.0316653640191414	1500	0.00116439155067303
0.831000000000001	98.6143015766074	-0.438380059279877	1500	0.00121874013880039
0.832000000000001	95.2275547952584	-0.109830996322266	1500	0.00116339252462773
0.833000000000001	93.7652358155205	-0.00149804701086957	1500	0.00114018179438234
0.834000000000001	96.1542444561676	-0.119601904582128	1500	0.00113583896668787
0.835000000000001	98.8252845051181	-0.431621982849466	1500	0.00113814879209607
0.836000000000001	98.2331307519578	0.14115647859423	1500	0.00109717266295868
0.837000000000001	94.8275900422052	-0.0982574363899638	1500	0.00115086098900231
0.838000000000001	93.6672357534745	0.432637159320426	1500	0.00117743343827767
0.839000000000001	96.1789553225763	-0.409090377395888	1500	0.00116449160704857
0.840000000000001	98.7891726665381	-0.129313598095717	1500	0.00117014825101758
0.841000000000001	98.253984564683	0.0177755488761617	1500	0.00120616787562483
0.842000000000001	95.0409555750248	0.0584341388093159	1500	0.00115462537453804
0.843000000000001	93.7138066279485	-0.150670530565633	1500	0.00114629396496869
0.844000000000001	96.2461215246733	-0.21642833014224	1500	0.00113961270696061
0.845000000000001	98.9821195897289	0.255235389466597	1500	0.00113001939909631
0.846000000000001	98.4293544636256	0.440723112487037	1500	0.00109770189991595
0.847000000000001	95.0971219898789	-0.0120341088907314	1500	0.0011552831015961
0.848000000000001	93.8795891788581	0.310197503545228	1500	0.00118271469098206
0.849000000000001	96.4088497150304	0.150869189977751	1500	0.00117154820131054
0.850000000000001	99.1320937606057	-0.468283692777233	1500	0.00116804324750135
0.851000000000001	98.5807815629862	-0.265251055540041	1500	0.00122041697012976
0.852000000000001	95.2098595029661	0.0112109586801205	1500	0.00115977727751727
0.853000000000001	93.7553391543707	0.0218441011903088	1500	0.00113920653438254
0.854000000000001	96.172427835638	-0.374850665857424	1500	0.00112565177022855
0.855000000000001	98.817711408656	0.186916713708345	1500	0.00113163745984116
0.856000000000001	98.2448018603337	-0.24745817747561	1500	0.00109787533520182
0.857000000000001	94.8430023785862	-0.101269575279553	1500	0.00115086609061255
0.858000000000001	93.6792378686561	0.235730944428236	1500	0.00117990241915387
0.859000000000001	96.1737181476779	-0.220111052663649	1500	0.00116643598665239
0.860000000000001	98.7806125062833	-0.357499111002141	1500	0.0011716443588011
0.861000000000001	98.2460259861294	0.0520041478492604	1500	0.00121530494238401
0.862000000000001	95.0221001114188	0.0221312137490954	1500	0.00115940519454528
0.863000000000001	93.731262826064	0.094568415041377	1500	0.00113559211253515
0.864000000000001	96.2395379990547	-0.128819462802236	1500	0.00113274321860222
0.865000000000001	98.9773713416819	0.213659232599252	1500	0.00112400442067283
0.866000000000001	98.4443317566272	0.251543075068562	1500	0.00109453857382209
0.867000000000001	95.0888360439142	0.00979921310194728	1500	0.00115065464869836
0.868000000000001	93.8722770312222	0.508853767886749	1500	0.00118494629117953
0.869000000000001	96.4322037641179	-0.0913460037312699	1500	0.00116612371241624
0.870000000000001	99.1225864965182	0.0316729005465557	1500	0.00116439504536192
0.871000000000001	98.6137074280756	-0.438375180539053	1500	0.00121873575611446
0.872000000000001	95.2274151562398	-0.10984026144016	1500	0.00116339529259485
0.873000000000001	93.7652557332447	-0.00148707115403886	1500	0.00114017917272009
0.874000000000001	96.1542832724317	-0.119619484735001	1500	0.00113584001949862
0.875000000000001	98.8253298702453	-0.431616725799255	1500	0.00113815275323351
0.876000000000001	98.2331319670566	0.141159074506697	1500	0.0010971691164227
0.877000000000001	94.8275466182353	-0.0982671558073692	1500	0.00115086396583201
0.878000000000001	93.6670916198742	0.432645506480161	1500	0.00117742993311436
0.879000000000001	96.1782455494511	-0.409107225682607	1500	0.00116449132555324
0.880000000000001	98.7879935832461	-0.129308752172463	1500	0.00117015171381945
0.881000000000001	98.2518558956304	0.0177778376936786	1500	0.00120616385775257
0.882000000000001	95.0389531581807	0.0584240392611483	1500	0.0011546279012505
0.883000000000001	93.71103140845	-0.150659352453791	1500	0.00114629154442411
0.884000000000001	96.2420845126062	-0.216443758226556	1500	0.00113961373633469
0.885000000000001	98.9787723335635	0.255242931126261	1500	0.00113002302445087
0.886000000000001	98.4277986806145	0.440724116123743	1500	0.00109769848911524
0.887000000000001	95.0874355412173	-0.0120449976802566	1500	0.00115528573376746
0.888000000000001	93.8791752243219	0.310204621088576	1500	0.00118271143746658
0.889000000000001	96.4083907204214	0.150852279281243	1500	0.00117154783472774
0.890000000000001	99.1299225717326	-0.468277208457551	1500	0.00116804646097722
0.891000000000001	98.5800157378699	-0.265246491416201	1500	0.00122041299326759
0.892000000000001	95.2093886101562	0.0112033103443331	1500	0.00115977981422385
0.893000000000001	93.7545148432243	0.0218549093653229	1500	0.00113920422184203
0.894000000000001	96.1720620026266	-0.374864520033626	1500	0.00112565263526167
0.895000000000001	98.817704993267	0.186921541208827	1500	0.00113164105205939
0.896000000000001	98.2447043761528	-0.247454364086415	1500	0.00109787212638431
0.897000000000001	94.8429597968106	-0.101280533101745	1500	0.00115086846386666
0.898000000000001	93.6791565846057	0.235737451589726	1500	0.00117989935226326
0.899000000000001	96.1734976407653	-0.220127346220374	1500	0.00116643582271782
0.900000000000001	98.7805731369644	-0.357494225695	1500	0.00117164727223348
0.901000000000001	98.2449783077693	0.0520063565620526	1500	0.00121530117355828
0.902000000000001	95.020386153624	0.0221240656593774	1500	0.00115940750010282
0.903000000000001	93.7295755734064	0.0945792166852477	1500	0.00113558985255926
0.904000000000001	96.2372712650998	-0.12883438325679	1500	0.00113274405208028
0.905000000000001	98.9761459320367	0.213665508281932	1500	0.00112400788822109
0.906000000000001	98.4416734228437	0.251545079824083	1500	0.00109453564065094
0.907000000000001	95.0831146939742	0.0097898080180812	1500	0.00115065698920873
0.908000000000001	93.8713809498714	0.508859366820337	1500	0.00118494345271255
0.909000000000001	96.431855150275	-0.0913600941511688	1500	0.0011661234804182
0.910000000000001	99.1209355643941	0.031678775699788	1500	0.00116439772441917
0.911000000000001	98.6137168702595	-0.438371399614828	1500	0.00121873220328508
0.912000000000001	95.2274450511359	-0.10984753319877	1500	0.0011633974560257
0.913000000000001	93.7653139871371	-0.00147841010213708	1500	0.00114017703667499
0.914000000000001	96.1543473651941	-0.119633341674604	1500	0.00113584084089775
0.915000000000001	98.8252795612453	-0.431612871165963	1500	0.00113815602633905
0.916000000000001	98.2327321674144	0.141160553486327	1500	0.00109716636858245
0.917000000000001	94.8271556394032	-0.0982746888140091	1500	0.00115086632783615
0.918000000000001	93.6667726625255	0.432652235234986	1500	0.00117742722738585
0.919000000000001	96.1778815311123	-0.409120650793298	1500	0.00116449108544109
0.920000000000001	98.7875375286787	-0.12930512388272	1500	0.00117015438137058
0.921000000000001	98.2511263302604	0.0177794866287897	1500	0.00120616060610052
0.922000000000001	95.0379232428553	0.0584158885332277	1500	0.00115462987544157
0.923000000000001	93.7107426976155	-0.150650276574639	1500	0.00114628956814529
0.924000000000001	96.2396440899214	-0.216455674873802	1500	0.00113961452480771
0.925000000000001	98.9778043307882	0.255248922014669	1500	0.00113002602436659
0.926000000000001	98.4282014038916	0.440724510662614	1500	0.00109769585486388
0.927000000000001	95.088768625704	-0.0120535774372948	1500	0.0011552878183099
0.928000000000001	93.8817876273147	0.310210391727836	1500	0.00118270892108679
0.929000000000001	96.4110921907967	0.150838875467949	1500	0.00117154753069729
0.930000000000001	99.1352730229409	-0.468272279053035	1500	0.00116804895241095
0.931000000000001	98.5903449661622	-0.265243080999725	1500	0.00122040977456017
0.932000000000001	95.2175519019438	0.0111971932240684	1500	0.00115978180010748
0.933000000000001	93.7621924394256	0.021863499194825	1500	0.00113920235168276
0.934000000000001	96.1720164285449	-0.374875395019765	1500	0.00112565329655911
0.935000000000001	98.8176746550498	0.186925248315511	1500	0.00113164399494872
0.936000000000001	98.2445769873512	-0.247451501341815	1500	0.00109786963819824
0.937000000000001	94.8428345041973	-0.1012893319131	1500	0.00115087034817037
0.938000000000001	93.6790605444227	0.23574276044523	1500	0.00117989696802897
0.939000000000001	96.1733246750035	-0.220140234625232	1500	0.00116643569597506
0.940000000000001	98.7801744597107	-0.357490461554389	1500	0.00117164951821456
0.941000000000001	98.2442168755408	0.0520078785107703	1500	0.00121529813058592
0.942000000000001	95.0193818653483	0.0221184779099414	1500	0.0011594093056533
0.943000000000001	93.7285243494702	0.094588053265389	1500	0.00113558802789968
0.944000000000001	96.2334373368466	-0.128846343156167	1500	0.00113274469291048
0.945000000000001	98.969747396628	0.213670449535754	1500	0.0011240107260805
0.946000000000001	98.434746678434	0.251546440394616	1500	0.00109453336338588
0.947000000000001	95.0774519838282	0.0097823291283923	1500	0.00115065885255795
0.948000000000001	93.8669561528095	0.508863978256957	1500	0.00118494124935941
0.949000000000001	96.4226134367782	-0.0913711531353475	1500	0.00116612329195037
0.950000000000001	99.1094028111701	0.0316833496959576	1500	0.001164399792412
0.951000000000001	98.6028314013627	-0.438368450826257	1500	0.00121872933577803
0.952000000000001	95.2262120213842	-0.109853287155909	1500	0.00116339915131434
0.953000000000001	93.767432454682	-0.00147153328708822	1500	0.00114017530685495
0.954000000000001	96.1567189966472	-0.119644304240183	1500	0.00113584149102311
0.955000000000001	98.8260560137629	-0.43161011157206	1500	0.00113815870284359
0.956000000000001	98.2326533748497	0.141161266953644	1500	0.00109716422390441
0.957000000000001	94.8282637291719	-0.0982805582581541	1500	0.00115086820084804
0.958000000000001	93.667274440621	0.432657698208037	1500	0.0011774251250469
0.959000000000001	96.1775083189004	-0.409131381270982	1500	0.00116449088392483
0.960000000000001	98.7867930841362	-0.129302431914038	1500	0.00117015644998889
0.961000000000001	98.2497348081275	0.0177806512230034	1500	0.00120615798582898
0.962000000000001	95.0358176764142	0.0584092367461509	1500	0.00115463142094365
0.963000000000001	93.7084847156339	-0.150642844054608	1500	0.00114628796379602
0.964000000000001	96.2350694759213	-0.216464904523019	1500	0.00113961513615004
0.965000000000001	98.96847808137	0.255253662978236	1500	0.00113002848155173
0.966000000000001	98.416060093528	0.440724503412783	1500	0.00109769380725009
0.967000000000001	95.075837280784	-0.012060389121425	1500	0.00115528946685162
0.968000000000001	93.8709098971463	0.310215100444652	1500	0.0011827069635658
0.969000000000001	96.4000989960569	0.150828240271375	1500	0.00117154728006703
0.970000000000001	99.1148163923172	-0.468268567952947	1500	0.00116805089774928
0.971000000000001	98.5669420321185	-0.26524054343628	1500	0.00122040717885751
0.972000000000001	95.1979990230476	0.0111922557301825	1500	0.00115978335833008
0.973000000000001	93.7529647114262	0.021870367851093	1500	0.00113920084785648
0.974000000000001	96.1695393662987	-0.374883960023021	1500	0.00112565380736627
0.975000000000001	98.8153480202636	0.186928072388712	1500	0.00113164638419874
0.976000000000001	98.241924851848	-0.24744933112267	1500	0.00109786769768468
0.977000000000001	94.8427175762644	-0.101296458367996	1500	0.00115087184209515
0.978000000000001	93.6789145862771	0.235747122296115	1500	0.00117989510238394
0.979000000000001	96.1729819184067	-0.220150452441159	1500	0.00116643560163819
0.980000000000001	98.779138065151	-0.357487575532295	1500	0.00117165125986743
0.981000000000001	98.2419496969096	0.0520088867488991	1500	0.00121529568218231
0.982000000000001	95.0158744894923	0.022114083004451	1500	0.00115941072259838
0.983000000000001	93.7245584160747	0.0945953439092592	1500	0.00113558656245935
0.984000000000001	96.2256755234253	-0.128855988085909	1500	0.00113274519119665
0.985000000000001	98.9502579762286	0.213674327926838	1500	0.00112401302997372
0.986000000000001	98.4042158921251	0.251547351921377	1500	0.00109453158497309
0.987000000000001	95.0432624211096	0.00977633106276461	1500	0.00115066033449528
0.988000000000001	93.8350516386478	0.508867804267193	1500	0.00118493952859364
0.989000000000001	96.3853374698726	-0.0913798336450929	1500	0.00116612314133615
0.990000000000001	99.0495691159669	0.0316869026711475	1500	0.00116440139660408
0.991000000000001	98.5355721427783	-0.43836614083572	1500	0.00121872702935956
0.992000000000001	95.1764102823302	-0.109857873092961	1500	0.00116340048216219
0.993000000000001	93.7480488997176	-0.00146604626310311	1500	0.00114017391151634
0.994000000000001	96.156695953548	-0.119653007306829	1500	0.00113584201104642
0.995000000000001	98.824481554957	-0.431608201864525	1500	0.00113816087512435
0.996000000000001	98.2299582175967	0.141161452594703	1500	0.00109716254080979
0.997000000000001	94.8288620813144	-0.0982851498600537	1500	0.00115086968547567
0.998000000000001	93.6675808896545	0.43266216137722	1500	0.00117742348290675
0.999000000000001	96.1772662703848	-0.409139988869814	1500	0.00116449071619895
1	98.7856334913417	-0.129300459158783	1500	0.00117015806259221
1.001	98.2469167479581	0.0177814439131041	1500	0.00120615588157046
1.002	95.0311255288764	0.0584037514498696	1500	0.00115463263245386
1.003	93.7029654818535	-0.150636710947272	1500	0.00114628666619811
1.004	96.2247775733731	-0.216472070397112	1500	0.00113961561444243
1.005	98.9411099655186	0.255257400014704	1500	0.0011300304795853
1.006	98.3719252800692	0.440724227422066	1500	0.0010976922088164
1.007	95.0278076098228	-0.0120658336824672	1500	0.00115529076890916
1.008	93.8231589107694	0.31021896506681	1500	0.00118270543352718
1.009	96.3385232570876	0.150819792227987	1500	0.00117154707380697
1.01	99.029261480822	-0.468265810758963	1500	0.00116805242493417
1.011	98.4728516982561	-0.265238670936726	1500	0.00122040509114556
1.012	95.1341702396218	0.0111882372525194	1500	0.00115978458300943
1.013	93.7270731927366	0.0218758887086401	1500	0.00113919964368887
1.014	96.1688781203377	-0.374890727226011	1500	0.00112565420499141
1.015	98.8153153597795	0.186930203456999	1500	0.00113164831106645
1.016	98.2418206933331	-0.247447675219214	1500	0.00109786617810064
1.017	94.8425821119508	-0.101302275558242	1500	0.00115087302486598
1.018	93.6787599840158	0.23575072915818	1500	0.001179893634696
1.019	96.1726011270484	-0.22015857426213	1500	0.00116643553421804
1.02	98.7782666110319	-0.357485376614408	1500	0.0011716526161683
1.021	98.2402135190636	0.0520095083767754	1500	0.00121529371750957
1.022	95.0129429761215	0.022110609482901	1500	0.00115941183532757
1.023	93.7193806000801	0.0946014049112149	1500	0.00113558538920495
1.024	96.2169836267698	-0.128863814085169	1500	0.0011327455814766
1.025	98.9306704473198	0.213677363138524	1500	0.00112401488901938
1.026	98.3722074416898	0.251547945544302	1500	0.00109453018998096
1.027	95.0046003969772	0.00977148202518156	1500	0.00115066151204141
1.028	93.7896781575097	0.508871000111729	1500	0.00118493817804723
1.029	96.3329509780124	-0.0913866504887501	1500	0.00116612302147123
1.03	98.981489338493	0.031689654196724	1500	0.0011644026448796
1.031	98.4650274323292	-0.43836432574679	1500	0.00121872517909542
1.032	95.1335064974413	-0.109861551675202	1500	0.00116340152810124
1.033	93.7308917454673	-0.00146165044681956	1500	0.0011401727887998
1.034	96.1558182964711	-0.119659940002687	1500	0.00113584243018682
1.035	98.8244225954115	-0.4316069469849	1500	0.00113816262843964
1.036	98.229790465869	0.141161274090929	1500	0.00109716121451069
1.037	94.8285423754417	-0.0982887519799451	1500	0.00115087086171703
1.038	93.666913866314	0.432665828837356	1500	0.00117742219500089
1.039	96.1763065176217	-0.40914692204455	1500	0.00116449057705051
1.04	98.7842289431942	-0.129299036531166	1500	0.00117015932485823
1.041	98.2441299850482	0.0177819484556842	1500	0.00120615419631991
1.042	95.0276759219268	0.0583991841920853	1500	0.00115463358213883
1.043	93.6954567214224	-0.150631614375443	1500	0.00114628561912663
1.044	96.2144039254457	-0.216477645935279	1500	0.00113961599104033
1.045	98.9283950698428	0.255260333751987	1500	0.00113003209556417
1.046	98.3540542144698	0.44072377256042	1500	0.00109769095649658
1.047	95.0042285301555	-0.0120702118736185	1500	0.00115529179593668
1.048	93.802346514442	0.310222154228152	1500	0.00118270423187294
1.049	96.3185144412946	0.150813073752623	1500	0.00117154690388522
1.05	99.0014539260044	-0.468263798780311	1500	0.00116805362853962
1.051	98.4478328666969	-0.265237307347124	1500	0.00122040341513414
1.05199999999999	95.1185918779846	0.0111849420222263	1500	0.00115978554661827
1.05299999999999	93.7218168172072	0.0218803464828538	1500	0.0011391986826439
1.05399999999999	96.1682365066605	-0.374896090170043	1500	0.00112565451641368
1.05499999999999	98.8151310450478	0.186931793608865	1500	0.00113164985694236
1.05599999999999	98.2412807823462	-0.247446407535677	1500	0.00109786498479525
1.05699999999999	94.8417795227801	-0.101307057827533	1500	0.0011508739599517
1.05799999999999	93.6773211618143	0.235753730389726	1500	0.00117989247519756
1.05899999999999	96.17093716763	-0.22016504898049	1500	0.00116643548861436
1.05999999999999	98.7754519647862	-0.357483713936615	1500	0.00117165367503214
1.06099999999999	98.2334119105644	0.0520098388569499	1500	0.00121529214406031
1.06199999999999	95.007516148237	0.022107853786913	1500	0.00115941270957583
1.06299999999999	93.7143208437921	0.0946064799155418	1500	0.00113558445232474
1.06399999999999	96.2071734818404	-0.128870204642815	1500	0.00113274588854618
1.06499999999999	98.916639264732	0.213679732521023	1500	0.00112401638185516
1.06599999999999	98.3560504697929	0.251548311752956	1500	0.00109452909197903
1.06699999999999	94.9882595263713	0.00976753226076584	1500	0.00115066244683054
1.06799999999999	93.7728972035104	0.508873687563579	1500	0.00118493711409743
1.06899999999999	96.3172356408762	-0.0913920047908094	1500	0.00116612292658121
1.06999999999999	98.9569832046589	0.0316917776835546	1500	0.00116440361771531
1.07099999999999	98.4427125413524	-0.43836289631857	1500	0.00121872369759802
1.07199999999999	95.1166372612059	-0.109864519146413	1500	0.00116340235044141
1.07299999999999	93.7257521133916	-0.001458115578216	1500	0.00114017188739687
1.07399999999999	96.1551110216048	-0.119665480846755	1500	0.00113584277058081
1.07499999999999	98.8242798477736	-0.431606191893871	1500	0.0011381640377083
1.07599999999999	98.2292471044714	0.141160846369937	1500	0.00109716016594539
1.07699999999999	94.8263265018376	-0.0982915825610908	1500	0.0011508717931059
1.07799999999999	93.6633779180417	0.432668859521165	1500	0.00117742118192465
1.07899999999999	96.1751377807292	-0.409152531991615	1500	0.00116449046193039
1.07999999999999	98.7825406229818	-0.129298032137218	1500	0.00117016031519712
1.08099999999999	98.2417001149894	0.0177822291110623	1500	0.00120615284929123
1.08199999999999	95.0262812038925	0.0583953468371522	1500	0.0011546343262755
1.08299999999999	93.6934449222558	-0.150627350162341	1500	0.00114628477550619
1.08399999999999	96.2102033650961	-0.21648199200178	1500	0.0011396162892337
1.08499999999999	98.9209252352274	0.255262627653821	1500	0.00113003339736894
1.08599999999999	98.3459128306871	0.440723199012772	1500	0.00109768997303041
1.08699999999999	94.9934519464642	-0.0120737516064125	1500	0.00115529260476306
1.08799999999999	93.7905741353639	0.31022480128604	1500	0.00118270328549367
1.08899999999999	96.2999199936544	0.150807724491303	1500	0.00117154676372009
1.08999999999999	98.9808739859627	-0.468262367183987	1500	0.00116805458001845
1.09099999999999	98.4292239510422	-0.26523633406957	1500	0.00122040207138043
1.09199999999999	95.107164852955	0.011182220925102	1500	0.0011597863051122
1.09299999999999	93.7175136777101	0.0218839609133819	1500	0.00113919791766978
1.09399999999999	96.1678285503379	-0.374900353808588	1500	0.00112565476122446
1.09499999999999	98.8151981421422	0.186932963360452	1500	0.00113165109200701
1.09599999999999	98.2412528899641	-0.247445436882883	1500	0.00109786404607152
1.09699999999999	94.8414560659974	-0.101311015171293	1500	0.00115087469809079
1.09799999999999	93.6756498262888	0.235756243129122	1500	0.00117989155601413
1.09899999999999	96.1704764578778	-0.220170228079477	1500	0.00116643546033528
1.09999999999999	98.7750113214536	-0.357482467701873	1500	0.00117165450281966
1.10099999999999	98.2328646798578	0.0520099502980531	1500	0.00121529088589705
1.10199999999999	95.0073775994038	0.0221056614055823	1500	0.00115941339614508
1.10299999999999	93.7145157036322	0.0946107588923403	1500	0.00113558370584608
1.10399999999999	96.2066757834059	-0.128875457220226	1500	0.00113274613088162
1.10499999999999	98.9151324623574	0.213681578018363	1500	0.00112401757600465
1.10599999999999	98.3539615544918	0.251548513833454	1500	0.00109452822552997
1.10699999999999	94.9834167962582	0.0097642911417462	1500	0.00115066318813635
1.10799999999999	93.7700280608264	0.508875962344799	1500	0.00118493627332462
1.10899999999999	96.3126328721236	-0.0913962106981325	1500	0.0011661228518207
1.10999999999999	98.9512673705154	0.0316934094035367	1500	0.0011644043762194
1.11099999999999	98.4353603097286	-0.438361769202222	1500	0.0012187225132687
1.11199999999999	95.1140185607099	-0.109866925654809	1500	0.00116340299689707
1.11299999999999	93.7241535598724	-0.00145526381983962	1500	0.00114017116460553
1.11399999999999	96.154989494143	-0.119669924756695	1500	0.00113584304855864
1.11499999999999	98.8242727005985	-0.431605814832216	1500	0.00113816516673676
1.11599999999999	98.2290976601398	0.141160250411936	1500	0.00109715933497559
1.11699999999999	94.8261496587097	-0.0982938087035925	1500	0.00115087253016468
1.11799999999999	93.6630159150221	0.432671377630152	1500	0.00117742038331259
1.11899999999999	96.1748849247006	-0.409157094863657	1500	0.00116449036665195
1.11999999999999	98.7824312400236	-0.129297343749577	1500	0.00117016109339475
1.12099999999999	98.2417940846946	0.0177823350715929	1500	0.00120615177443731
1.12199999999999	95.0265294818327	0.0583920945256622	1500	0.00115463490882541
1.12299999999999	93.6940670472634	-0.150623758574189	1500	0.00114628409623769
1.12399999999999	96.2104402341093	-0.216485387366867	1500	0.00113961652612033
1.12499999999999	98.9205365058764	0.255264413185586	1500	0.00113003444289158
1.12599999999999	98.3455469494366	0.440722547845945	1500	0.00109768919962559
1.12699999999999	94.9916001411034	-0.012076628003601	1500	0.00115529324057729
1.12799999999999	93.7863880381989	0.310227011292513	1500	0.00118270253872817
1.12899999999999	96.2982205334596	0.15080345979122	1500	0.00117154664773435
1.12999999999999	98.9776722264284	-0.468261386482753	1500	0.00116805533390973
1.13099999999999	98.4273839689714	-0.265235660550555	1500	0.00122040099489699
1.13199999999999	95.1057858531071	0.011179958799163	1500	0.00115978690207682
1.13299999999999	93.7155020255351	0.0218869031149425	1500	0.00113919731017628
1.13399999999999	96.1671125022583	-0.374903754800897	1500	0.00112565495426476
1.13499999999999	98.814884481762	0.186933808171295	1500	0.00113165207521881
1.13599999999999	98.2411909292175	-0.247444695733389	1500	0.00109786330685845
1.13699999999999	94.8413103240773	-0.101314310220039	1500	0.00115087527966688
1.13799999999999	93.6755352321985	0.235758360053862	1500	0.00117989082533983
1.13899999999999	96.1703943517656	-0.220174387020407	1500	0.00116643544565082
1.13999999999999	98.7745221443787	-0.357481543559523	1500	0.00117165515010838
1.14099999999999	98.2297847636254	0.0520098976873644	1500	0.00121528988103907
1.14199999999999	95.0043398310024	0.0221039137175927	1500	0.00115941393479487
1.14299999999998	93.7120513442464	0.0946143910475583	1500	0.00113558311220595
1.14399999999998	96.2024692406384	-0.128879803715739	1500	0.00113274632238886
1.14499999999998	98.9076690128608	0.213683012643209	1500	0.00112401852808289
1.14599999999998	98.346836616715	0.251548596713996	1500	0.00109452754054974
1.14699999999998	94.9765372008097	0.00976161166783566	1500	0.00115066377529412
1.14799999999998	93.7617309214065	0.508877900538374	1500	0.00118493560728261
1.14899999999998	96.3054409797002	-0.0913995143956447	1500	0.00116612279317509
1.14999999999998	98.9267733369792	0.0316946568029232	1500	0.00116440496709925
1.15099999999998	98.4247335897529	-0.438360880157876	1500	0.00121872156770755
1.15199999999998	95.1072661757723	-0.109868886930698	1500	0.00116340350458654
1.15299999999998	93.7210452924222	-0.0014529561074809	1500	0.0011401705855843
1.15399999999998	96.1542912161128	-0.119673502145549	1500	0.00113584327671515
1.15499999999998	98.8239454335236	-0.431605720266779	1500	0.00113816606891798
1.15599999999998	98.2290634547736	0.141159541427193	1500	0.00109715867587066
1.15699999999998	94.8261573360567	-0.0982955592023138	1500	0.00115087311302137
1.15799999999998	93.6630285447523	0.432673481267373	1500	0.00117741975285723
1.15899999999998	96.1748129230048	-0.409160827817423	1500	0.00116449028767692
1.15999999999998	98.7819826046829	-0.129296900119205	1500	0.00117016170412901
1.16099999999998	98.2386649996909	0.0177823057127582	1500	0.00120615091601507
1.16199999999998	95.0233750669267	0.058389315696702	1500	0.00115463536403465
1.16299999999998	93.6914233989719	-0.150620713386645	1500	0.00114628354939305
1.16399999999998	96.2062208666194	-0.216488044354035	1500	0.00113961671509632
1.16499999999998	98.9140656096805	0.255265796178708	1500	0.00113003528045241
1.16599999999998	98.3376483622104	0.440721847908503	1500	0.00109768859081391
1.16699999999998	94.9842552792642	-0.0120789762750917	1500	0.00115529373931765
1.16799999999998	93.7803729474882	0.310228867967066	1500	0.00118270194886827
1.16899999999998	96.292554289864	0.150800055409372	1500	0.00117154655156329
1.16999999999998	98.9566094891943	-0.468260754254794	1500	0.00116805593230086
1.17099999999998	98.4178684382513	-0.265235216736049	1500	0.00122040013280044
1.17199999999998	95.0998855643021	0.0111780661602475	1500	0.00115978737150129
1.17299999999998	93.7141782511815	0.0218893074980417	1500	0.00113919682882431
1.17399999999998	96.1670390249545	-0.374906477559939	1500	0.00112565510707455
1.17499999999998	98.8148498963703	0.186934403069675	1500	0.00113165285564991
1.17599999999998	98.2411574196703	-0.247444133954737	1500	0.00109786272480205
1.17699999999998	94.8413688006983	-0.101317070156425	1500	0.00115087573686707
1.17799999999998	93.6755489097308	0.235760154535965	1500	0.00117989024307607
1.17899999999998	96.1703929392286	-0.22017774211882	1500	0.00116643544151226
1.17999999999998	98.7744826882162	-0.357480867455314	1500	0.00117165565589532
1.18099999999998	98.2297422703081	0.0520097229130422	1500	0.00121528907930866
1.18199999999998	95.0042327506657	0.0221025188116245	1500	0.00115941435689385
1.18299999999998	93.7119393219135	0.0946174945297176	1500	0.00113558264090635
1.18399999999998	96.202288157408	-0.128883425617249	1500	0.00113274647387779
1.18499999999998	98.9073813816482	0.213684126178714	1500	0.00112401928485381
1.18599999999998	98.3464479897958	0.251548593062411	1500	0.0010945269982274
1.18699999999998	94.9757667973406	0.00975937990722126	1500	0.00115066423971453
1.18799999999998	93.7608949599545	0.508879562949487	1500	0.00118493507864603
1.18899999999998	96.3049180282319	-0.0914021088439852	1500	0.00116612274752153
1.18999999999998	98.9259772104895	0.031695604609876	1500	0.00116440542647909
1.19099999999998	98.4239058697329	-0.438360179050638	1500	0.00121872081353463
1.19199999999998	95.1064047294626	-0.109870492845773	1500	0.00116340390276683
1.19299999999998	93.7188069270912	-0.001451083136837	1500	0.00114017012195957
1.19399999999998	96.1534571671946	-0.119676393730973	1500	0.00113584346496589
1.19499999999998	98.8234913782011	-0.431605833711922	1500	0.00113816678832038
1.19599999999998	98.2290008784145	0.141158749774766	1500	0.00109715815534124
1.19699999999998	94.8261087630488	-0.0982969340064619	1500	0.00115087357371154
1.19799999999998	93.6630396095539	0.432675248014723	1500	0.00117741925463653
1.19899999999998	96.1748068222833	-0.409163901711422	1500	0.00116449022207849
1.19999999999998	98.7819309066729	-0.12929662557783	1500	0.00117016218923508
1.20099999999998	98.2385732140427	0.0177821703909054	1500	0.00120615023283695
1.20199999999998	95.0232462463556	0.0583869229370035	1500	0.00115463571928884
1.20299999999998	93.690893059539	-0.150618113857427	1500	0.00114628310933814
1.20399999999998	96.2060491535299	-0.216490126783802	1500	0.00113961686638695
1.20499999999998	98.9138161702145	0.25526686171555	1500	0.0011300359501435
1.20599999999998	98.3374141986871	0.440721119842005	1500	0.0010976881114325
1.20699999999998	94.983647807493	-0.012080902071393	1500	0.00115529412937777
1.20799999999998	93.77961259216	0.310230437562928	1500	0.00118270148260148
1.20899999999998	96.2921947728929	0.150797333542543	1500	0.00117154647161813
1.20999999999998	98.9562051242611	-0.468260390627051	1500	0.00116805640798265
1.21099999999998	98.4173118139327	-0.265234949179811	1500	0.0012203994427003
1.21199999999998	95.0993095981677	0.0111764720941357	1500	0.00115978774027895
1.21299999999998	93.7121396313762	0.0218912796098546	1500	0.00113919644807562
1.21399999999998	96.166283252727	-0.37490866689429	1500	0.00112565522804128
1.21499999999998	98.8144562155488	0.186934806574967	1500	0.00113165347309058
1.21599999999998	98.2411480587736	-0.247443713661601	1500	0.0010978622668536
1.21699999999998	94.841392881048	-0.101319395377495	1500	0.00115087609558047
1.21799999999998	93.6755652833614	0.235761685366586	1500	0.00117988977824865
1.21899999999998	96.1704307039394	-0.220180463122784	1500	0.00116643544523181
1.21999999999998	98.7746152766327	-0.357480380733316	1500	0.00117165605008303
1.22099999999998	98.2299918421063	0.0520094584993356	1500	0.0012152884399764
1.22199999999998	95.0045148918108	0.0221014051998806	1500	0.0011594146869931
1.22299999999998	93.7123963826614	0.0946201638590966	1500	0.0011355822675338
1.22399999999998	96.2026742228835	-0.128886465515691	1500	0.00113274659378337
1.22499999999998	98.907947776872	0.213684990005139	1500	0.00112401988461384
1.22599999999998	98.3481884982204	0.251548526926367	1500	0.00109452656836149
1.22699999999998	94.977678994598	0.00975750669627085	1500	0.0011506646063315
1.22799999999998	93.7610968605017	0.508880998276255	1500	0.00118493465827133
1.22899999999998	96.3051208135589	-0.0914041459867623	1500	0.00116612271218221
1.22999999999998	98.9261865117812	0.0316963193031648	1500	0.00116440578257479
1.23099999999998	98.4239128872727	-0.438359627009061	1500	0.00121872021268546
1.23199999999998	95.1064121986066	-0.109871814128701	1500	0.00116340421442974
1.23299999999998	93.7188162099996	-0.00144955887408058	1500	0.00114016975075856
1.23399999999997	96.1534623924731	-0.119678741932178	1500	0.00113584362089912
1.23499999999997	98.8235019041433	-0.431606097624651	1500	0.00113816736088365
1.23599999999997	98.2290057246728	0.141157920218794	1500	0.00109715774164855
1.23699999999997	94.8261215664847	-0.0982980125363419	1500	0.00115087393734638
1.23799999999997	93.6630528785822	0.432676739794806	1500	0.00117741886081538
1.23899999999997	96.1748130591269	-0.40916645150067	1500	0.00116449016728013
1.23999999999997	98.78194128224	-0.129296484450451	1500	0.00117016256593885
1.24099999999997	98.238580466521	0.0177819528402899	1500	0.00120614968895229
1.24199999999997	95.0232389146901	0.0583848468402783	1500	0.00115463599460448
1.24299999999997	93.6908661417394	-0.150615880451015	1500	0.00114628275465552
1.24399999999997	96.2059827901214	-0.216491763472221	1500	0.00113961698802588
1.24499999999997	98.9137030685619	0.255267676505434	1500	0.00113003648499632
1.24599999999997	98.3372158356314	0.440720377443967	1500	0.0010976877343114
1.24699999999997	94.9833876240109	-0.0120824887300376	1500	0.00115529443354328
1.24799999999997	93.7794578149499	0.310231772789806	1500	0.00118270111399697
1.24899999999997	96.2914393463149	0.150795153317	1500	0.00117154640472688
1.24999999999997	98.9554538341843	-0.468260232838559	1500	0.00116805678635353
1.25099999999997	98.4171491325504	-0.265234816219551	1500	0.0012203988902027
1.25199999999997	95.0993052085061	0.0111751210148192	1500	0.00115978802948555
1.25299999999997	93.7121395412557	0.0218929036299073	1500	0.00113919614763317
1.25399999999997	96.1662755434408	-0.374910435455781	1500	0.00112565532419804
1.25499999999997	98.8144657780153	0.186935065057388	1500	0.00113165396012497
1.25599999999997	98.2411575548943	-0.247443405016623	1500	0.00109786190694346
1.25699999999997	94.8414037303056	-0.10132136511252	1500	0.00115087637606919
1.25799999999997	93.6755755173672	0.235762999621609	1500	0.00117988940653089
1.25899999999997	96.1704352923526	-0.220182683501643	1500	0.00116643545502233
1.25999999999997	98.7746325100904	-0.357480037683883	1500	0.00117165635662574
1.26099999999997	98.2299967685203	0.0520091291567873	1500	0.00121528793062237
1.26199999999997	95.0046232404974	0.0221005164692445	1500	0.00115941494441208
1.26299999999997	93.712361615411	0.0946224740914412	1500	0.00113558197218376
1.26399999999997	96.2025920209303	-0.128889036509183	1500	0.00113274668852619
1.26499999999997	98.9078163864696	0.213685659747541	1500	0.0011240203586148
1.26599999999997	98.3479456047187	0.251548415599745	1500	0.0010945262275464
1.26699999999997	94.9769691237507	0.00975592170468016	1500	0.00115066489523536
1.26799999999997	93.7606214398446	0.50888224549431	1500	0.00118493432343937
1.26899999999997	96.3038451120175	-0.0914057452512584	1500	0.00116612268494526
1.26999999999997	98.9248020861499	0.0316968532492255	1500	0.00116440605732843
1.27099999999997	98.4226145719112	-0.43835919354369	1500	0.00121871973456626
1.27199999999997	95.1049012653311	-0.109872906303064	1500	0.00116340445774663
1.27299999999997	93.7143868623048	-0.00144831479338158	1500	0.00114016945368217
1.27399999999997	96.1510256273548	-0.119680658464814	1500	0.00113584375073069
1.27499999999997	98.8230528257481	-0.431606467105977	1500	0.00113816781578423
1.27599999999997	98.2290044424808	0.141157074561804	1500	0.00109715741261278
1.27699999999997	94.8261808813894	-0.0982988564707961	1500	0.00115087422384234
1.27799999999997	93.6635691287064	0.432678006162937	1500	0.00117741854955369
1.27899999999997	96.1748201180225	-0.40916858363148	1500	0.00116449012138289
1.27999999999997	98.7819528047567	-0.129296428854609	1500	0.00117016286668599
1.28099999999997	98.2385867588553	0.0177816720037185	1500	0.00120614925726169
1.28199999999997	95.0232399333458	0.0583830325618983	1500	0.00115463620790344
1.28299999999997	93.6908648359964	-0.150613948762962	1500	0.00114628246867044
1.28399999999997	96.2060022897103	-0.216493053443749	1500	0.00113961708595889
1.28499999999997	98.9137028577148	0.255268294383344	1500	0.00113003691147294
1.28599999999997	98.3372009785529	0.440719631254166	1500	0.00109768743792295
1.28699999999997	94.9833502042803	-0.0120838017419215	1500	0.00115529466985811
1.28799999999997	93.7794395024251	0.310232915929657	1500	0.00118270082272918
1.28899999999997	96.2913979727611	0.150793403187255	1500	0.00117154634843026
1.28999999999997	98.955466987254	-0.468260231849611	1500	0.00116805708749581
1.29099999999997	98.4171823574887	-0.265234785830828	1500	0.00122039844791317
1.29199999999997	95.0993777081722	0.0111739680915893	1500	0.00115978825587737
1.29299999999997	93.7120915171556	0.0218942460419021	1500	0.00113919591109054
1.29399999999997	96.1663547470101	-0.374911872422635	1500	0.00112565540061137
1.29499999999997	98.8143740824699	0.186935214125104	1500	0.00113165434286251
1.29599999999997	98.2412387360885	-0.247443185317342	1500	0.00109786162469293
1.29699999999997	94.8414264421225	-0.101323042923547	1500	0.00115087659470106
1.29799999999997	93.6754971956294	0.235764135044628	1500	0.00117988910903442
1.29899999999997	96.1704206069649	-0.220184508405264	1500	0.00116643546919971
1.29999999999997	98.7746230232546	-0.357479802468929	1500	0.00117165659384795
1.30099999999997	98.2299979185743	0.0520087541191284	1500	0.00121528752496444
1.30199999999997	95.0046204974284	0.0220998082190212	1500	0.00115941514447638
1.30299999999997	93.7123468196856	0.094624485941794	1500	0.00113558173909039
1.30399999999997	96.2025594682718	-0.128891227783622	1500	0.00113274676328459
1.30499999999997	98.9077947294539	0.213686179448072	1500	0.0011240207319942
1.30599999999997	98.3479526477487	0.251548272356875	1500	0.00109452595719308
1.30699999999997	94.9769513299214	0.0097545695871227	1500	0.00115066512229605
1.30799999999997	93.7606312240668	0.508883336062429	1500	0.00118493405626313
1.30899999999997	96.3038509520305	-0.0914070005196069	1500	0.00116612266409803
1.30999999999997	98.9248112136524	0.0316972473128391	1500	0.00116440626800411
1.31099999999997	98.4226219989702	-0.438358854614725	1500	0.00121871935447978
1.31199999999997	95.1049097786126	-0.109873813501824	1500	0.00116340464709099
1.31299999999997	93.7143949113205	-0.00144729681114146	1500	0.00114016921587376
1.31399999999997	96.1510298373085	-0.119682232016389	1500	0.00113584385928956
1.31499999999997	98.8230595108383	-0.431606908165659	1500	0.00113816817655284
1.31599999999997	98.2290065748091	0.14115622820654	1500	0.00109715715082853
1.31699999999997	94.8261881442597	-0.0982995146953067	1500	0.00115087444926222
1.31799999999997	93.6636675656899	0.432679086725331	1500	0.00117741830366081
1.31899999999997	96.1753605355167	-0.409170382161951	1500	0.00116449008262341
1.31999999999997	98.7832402681572	-0.129296442570703	1500	0.00117016309798729
1.32099999999997	98.240439350352	0.0177813429069108	1500	0.00120614891420181
1.32199999999997	95.0246409668537	0.0583814360681071	1500	0.00115463637127599
1.32299999999997	93.6937522840489	-0.150612267400009	1500	0.00114628223748949
1.32399999999996	96.2096890882729	-0.216494074443293	1500	0.00113961716522635
1.32499999999996	98.9174001546346	0.255268757686017	1500	0.00113003725132964
1.32599999999996	98.3392754980642	0.440718888471502	1500	0.00109768720547539
1.32699999999996	94.9932350906169	-0.0120848931207347	1500	0.00115529485258177
1.32799999999996	93.7805231100026	0.310233900907263	1500	0.00118270059284126
1.32899999999996	96.2931883771087	0.150791994972761	1500	0.00117154630079111
1.32999999999996	98.9574241542454	-0.468260349017758	1500	0.00116805732725934
1.33099999999996	98.4188922497482	-0.265234832385573	1500	0.00122039809357569
1.33199999999996	95.0993935645516	0.0111729782172686	1500	0.001159788432504
1.33299999999996	93.7120834432827	0.0218953602929394	1500	0.00113919572538658
1.33399999999996	96.1663451035167	-0.374913047306373	1500	0.00112565546163975
1.33499999999996	98.814362729371	0.186935282001447	1500	0.0011316546426367
1.33599999999996	98.2412001074323	-0.24744303633128	1500	0.00109786140395185
1.33699999999996	94.8414100706615	-0.101324479506697	1500	0.00115087676426258
1.33799999999996	93.6754711432967	0.235765122094621	1500	0.00117988887066779
1.33899999999996	96.1704154756658	-0.220186020535012	1500	0.00116643548657679
1.33999999999996	98.7746130259766	-0.357479647246609	1500	0.00117165677663217
1.34099999999996	98.2295080255817	0.0520083479469741	1500	0.00121528720223047
1.34199999999996	95.002053988231	0.0220992450737002	1500	0.00115941529927309
1.34299999999996	93.7121044287063	0.0946262483461091	1500	0.00113558155551106
1.34399999999996	96.2027354230339	-0.128893110463164	1500	0.00113274682217298
1.34499999999996	98.908361691055	0.213686583564972	1500	0.00112402102514972
1.34599999999996	98.3484979220027	0.251548106959748	1500	0.00109452574279738
1.34699999999996	94.9776356020597	0.00975340632691806	1500	0.00115066530020135
1.34799999999996	93.7598051896413	0.508884295521576	1500	0.00118493384275028
1.34899999999996	96.3055132016326	-0.0914079856097163	1500	0.00116612264825697
1.34999999999996	98.9266011080084	0.031697533948794	1500	0.00116440642822978
1.35099999999996	98.4249068933125	-0.43835859109876	1500	0.00121871905268804
1.35199999999996	95.104945670955	-0.109874570782176	1500	0.00116340479376521
1.35299999999996	93.7144040389808	-0.00144646159814629	1500	0.00114016902555447
1.35399999999996	96.1510369006399	-0.119683532286993	1500	0.00113584395055728
1.35499999999996	98.823071273872	-0.431607394406635	1500	0.00113816846226958
1.35599999999996	98.2290258789873	0.141155392411462	1500	0.00109715694247057
1.35699999999996	94.8262362636873	-0.0983000257584171	1500	0.0011508746261862
1.35799999999996	93.6635247419038	0.432680013517949	1500	0.00117741810953449
1.35899999999996	96.1753694957984	-0.40917191347039	1500	0.00116449004983606
1.35999999999996	98.7832332055836	-0.129296498864084	1500	0.00117016327826499
1.36099999999996	98.2404072726845	0.0177809777049293	1500	0.00120614864220758
1.36199999999996	95.0246711430568	0.0583800220650008	1500	0.00115463649563892
1.36299999999996	93.6937229263677	-0.150610794608936	1500	0.00114628205027794
1.36399999999996	96.2091908213771	-0.216494886497977	1500	0.00113961722960974
1.36499999999996	98.9173891549597	0.255269100276953	1500	0.00113003752188832
1.36599999999996	98.3390682854873	0.440718154742275	1500	0.00109768702359593
1.36699999999996	94.9932360571835	-0.0120858042407827	1500	0.00115529499308691
1.36799999999996	93.7801669887526	0.310234754838654	1500	0.00118270041300009
1.36899999999996	96.2927316998756	0.150790858616977	1500	0.00117154626029186
1.36999999999996	98.9568044130975	-0.468260554372293	1500	0.00116805751844087
1.37099999999996	98.4181489668922	-0.265234936384835	1500	0.00122039780954381
1.37199999999996	95.098988987726	0.0111721227374525	1500	0.00115978856981687
1.37299999999996	93.7120636786891	0.0218962887539863	1500	0.00113919557997356
1.37399999999996	96.1663221218635	-0.374914015243264	1500	0.00112565551041781
1.37499999999996	98.8143337830758	0.186935290199452	1500	0.00113165487626483
1.37599999999996	98.2411894153443	-0.247442943841619	1500	0.00109786123194129
1.37699999999996	94.8414193360102	-0.101325715906191	1500	0.00115087689507466
1.37799999999996	93.6754813235154	0.235765985108359	1500	0.00117988867929789
1.37899999999996	96.1704225926108	-0.22018728536414	1500	0.00116643550594037
1.37999999999996	98.7746077438204	-0.357479550192644	1500	0.00117165691648756
1.38099999999996	98.2287272221817	0.0520079221058537	1500	0.00121528694555064
1.38199999999996	95.0010421605723	0.0220987990533738	1500	0.00115941541833229
1.38299999999996	93.711781599349	0.0946278009593632	1500	0.00113558141132478
1.38399999999996	96.2017653584037	-0.128894741025378	1500	0.00113274686842885
1.38499999999996	98.9075520721657	0.213686899117008	1500	0.00112402125437004
1.38599999999996	98.3476461275121	0.251547926949641	1500	0.00109452557276541
1.38699999999996	94.9766293352015	0.00975239717794922	1500	0.00115066543913476
1.38799999999996	93.7581860452366	0.508885144424718	1500	0.00118493367174287
1.38899999999996	96.3045670207165	-0.091408758936635	1500	0.00116612263625592
1.38999999999996	98.9259838005446	0.0316977383302965	1500	0.00116440654877285
1.39099999999996	98.4241150427205	-0.438358387965532	1500	0.00121871881340495
1.39199999999996	95.1045288152895	-0.109875206044774	1500	0.0011634049067795
1.39299999999996	93.7143992968991	-0.00144577471103581	1500	0.00114016887324083
1.39399999999996	96.1510383776067	-0.119684614734143	1500	0.0011358440276617
1.39499999999996	98.8230801113231	-0.431607906065382	1500	0.00113816868808441
1.39599999999996	98.2290318849102	0.141154574989739	1500	0.00109715677658923
1.39699999999996	94.8262426981865	-0.0983004202852951	1500	0.0011508747646624
1.39799999999996	93.6635241943647	0.432680812320581	1500	0.00117741795648995
1.39899999999996	96.1753305491673	-0.409173230199894	1500	0.0011644900218526
1.39999999999996	98.7828390931879	-0.12929658179227	1500	0.00117016341842871
1.40099999999996	98.23994401004	0.0177805861037087	1500	0.00120614842681137
1.40199999999996	95.0236320183715	0.058378762056076	1500	0.00115463658940864
1.40299999999996	93.6931137269875	-0.150609496509623	1500	0.0011462818983565
1.40399999999996	96.2083287377394	-0.216495536495218	1500	0.00113961728212209
1.40499999999996	98.9162143720279	0.255269349013319	1500	0.001130037737107
1.40599999999996	98.3377999490691	0.440717433959931	1500	0.00109768688175873
1.40699999999996	94.9920560335716	-0.0120865680794801	1500	0.00115529510036506
1.40799999999996	93.7782839580822	0.310235499844669	1500	0.0011827002718739
1.40899999999996	96.2922354951446	0.150789938645612	1500	0.00117154622564422
1.40999999999996	98.9568158832326	-0.468260824423529	1500	0.00116805767078945
1.41099999999996	98.4181573251295	-0.265235082420134	1500	0.00122039758170971
1.41199999999996	95.0989950716985	0.0111713786822779	1500	0.00115978867607274
1.41299999999996	93.7120715219786	0.0218970655057359	1500	0.00113919546652358
1.41399999999996	96.1663276252379	-0.374914819539562	1500	0.00112565554956341
1.41499999999995	98.8143409017681	0.186935255345754	1500	0.00113165505737706
1.41599999999995	98.2411928643543	-0.247442896610295	1500	0.00109786109861616
1.41699999999995	94.8414263893963	-0.101326785440356	1500	0.00115087699534235
1.41799999999995	93.6755396273474	0.235766743962154	1500	0.00117988852552777
1.41899999999995	96.1708111172507	-0.220188353763953	1500	0.00116643552682388
1.41999999999995	98.7754536495385	-0.357479494689579	1500	0.00117165702240375
1.42099999999995	98.2303131536628	0.052007485222009	1500	0.00121528674159454
1.42199999999995	95.0024491249937	0.0220984477625095	1500	0.00115941550927366
1.42299999999995	93.7139343931071	0.0946291762399786	1500	0.00113558129850154
1.42399999999995	96.2049588109837	-0.128896164426376	1500	0.00113274690465379
1.42499999999995	98.9101426237123	0.213687147341258	1500	0.00112402143271682
1.42599999999995	98.3482981639926	0.251547738059536	1500	0.00109452543795556
1.42699999999995	94.9852581036882	0.00975151416938954	1500	0.00115066554709292
1.42799999999995	93.7581432904836	0.508885899668283	1500	0.00118493353448785
1.42899999999995	96.3045547011562	-0.0914093659872878	1500	0.0011661226272879
1.42999999999995	98.9259919196658	0.0316978803173707	1500	0.00116440663817706
1.43099999999995	98.4241122106749	-0.438358233218766	1500	0.00121871862409922
1.43199999999995	95.10453488187	-0.109875741765506	1500	0.00116340499326207
1.43299999999995	93.7144064337857	-0.00144520863275503	1500	0.00114016875130095
1.43399999999995	96.1510410722637	-0.119685523164995	1500	0.00113584409312235
1.43499999999995	98.8231144023062	-0.431608428327212	1500	0.0011381688662281
1.43599999999995	98.2290755887558	0.141153781265044	1500	0.00109715664456669
1.43699999999995	94.8262958555739	-0.0983007225988835	1500	0.00115087487270648
1.43799999999995	93.663566634283	0.432681504039265	1500	0.00117741783601369
1.43899999999995	96.1752907813769	-0.409174373970383	1500	0.00116448999782001
1.43999999999995	98.7828746753577	-0.129296679592324	1500	0.00117016352639124
1.44099999999995	98.2400103561559	0.0177801758019537	1500	0.00120614825646744
1.44199999999995	95.0237305056921	0.0583776327994291	1500	0.0011546366590406
1.44299999999995	93.6931212910843	-0.150608345741653	1500	0.00114628177466329
1.44399999999995	96.208214324919	-0.216496060895056	1500	0.00113961732514634
1.44499999999995	98.9160751599254	0.255269525049105	1500	0.00113003790812765
1.44599999999995	98.3376280408562	0.440716729022659	1500	0.00109768677160055
1.44699999999995	94.9919193028809	-0.0120872110909882	1500	0.00115529518151508
1.44799999999995	93.778291324403	0.310236153578423	1500	0.00118270016148046
1.44899999999995	96.2922324896624	0.150789191056625	1500	0.00117154619584319
1.44999999999995	98.95682402089	-0.468261140783284	1500	0.00116805779214819
1.45099999999995	98.4181619315596	-0.265235258513963	1500	0.00122039739877463
1.45199999999995	95.0989990104127	0.011170727530554	1500	0.00115978875776761
1.45299999999995	93.7120754449664	0.0218977178920947	1500	0.00113919537832085
1.45399999999995	96.1663315761449	-0.37491549438731	1500	0.00112565558105117
1.45499999999995	98.814348336024	0.186935190323922	1500	0.0011316551967998
1.45599999999995	98.2412011538847	-0.247442885548226	1500	0.00109786099594004
1.45699999999995	94.841434042071	-0.101327714964643	1500	0.0011508770715682
1.45799999999995	93.6755483663962	0.235767414717868	1500	0.0011798884017936
1.45899999999995	96.1708176239045	-0.220189266339704	1500	0.00116643554857807
1.45999999999995	98.7754633793896	-0.35747946772952	1500	0.00117165710153004
1.46099999999995	98.2303209608859	0.0520070439652958	1500	0.00121528657964976
1.46199999999995	95.0024568926219	0.0220981733085906	1500	0.0011594155781556
1.46299999999995	93.7139669228976	0.0946304005137107	1500	0.00113558121059879
1.46399999999995	96.2050180554643	-0.128897416769728	1500	0.00113274693285378
1.46499999999995	98.9101523510372	0.213687344678481	1500	0.00112402157064453
1.46599999999995	98.3483053817465	0.251547544322724	1500	0.0010945253312651
1.46699999999995	94.9856429695535	0.00975073503575482	1500	0.00115066563047501
1.46799999999995	93.7589653002388	0.508886575011826	1500	0.00118493342400824
1.46899999999995	96.305259430399	-0.0914098427256187	1500	0.00116612262066864
1.46999999999995	98.9266616044509	0.0316979754014791	1500	0.00116440670314499
1.47099999999995	98.425778902154	-0.43835811714548	1500	0.0012187184745898
1.47199999999995	95.1091931606846	-0.10987619589317	1500	0.00116340505885172
1.47299999999995	93.714400488485	-0.00144474121205127	1500	0.0011401686537193
1.47399999999995	96.1510306090144	-0.119686292336766	1500	0.00113584414899659
1.47499999999995	98.823117415774	-0.431608950111923	1500	0.00113816900651806
1.47599999999995	98.2289897237803	0.141153014884125	1500	0.00109715653948489
1.47699999999995	94.8261763577671	-0.0983009519966217	1500	0.00115087495671825
1.47799999999995	93.6634461558538	0.432682105673753	1500	0.00117741774137711
1.47899999999995	96.1752244401315	-0.409175377814407	1500	0.00116448997703605
1.47999999999995	98.7827394363195	-0.129296783371847	1500	0.00117016360940684
1.48099999999995	98.2398900428969	0.0177797530146086	1500	0.00120614812201981
1.48199999999995	95.0236166935449	0.0583766154207164	1500	0.00115463670982356
1.48299999999995	93.6930402413749	-0.15060731983111	1500	0.00114628167365842
1.48399999999995	96.2082289139023	-0.216496488206753	1500	0.00113961736059131
1.48499999999995	98.9152655213356	0.255269645063926	1500	0.00113003804394956
1.48599999999995	98.3375822469309	0.440716041970942	1500	0.0010976866864622
1.48699999999995	94.9923023432684	-0.0120877545064754	1500	0.00115529524222014
1.48799999999995	93.7791128031069	0.310236730481245	1500	0.00118270007548979
1.48899999999995	96.2929368037255	0.150788580956667	1500	0.00117154617006881
1.48999999999995	98.9575015082154	-0.468261489369066	1500	0.0011680578888779
1.49099999999995	98.4198256912907	-0.265235455370956	1500	0.00122039725173895
1.49199999999995	95.1035938914759	0.0111701542861339	1500	0.00115978882012363
1.49299999999995	93.7120811704591	0.021898267940663	1500	0.001139195310084
1.49399999999995	96.1663363759517	-0.374916066662053	1500	0.00112565560650779
1.49499999999995	98.8143573934628	0.186935104894634	1500	0.00113165530321641
1.49599999999995	98.2411228508003	-0.247442903415092	1500	0.00109786091755092
1.49699999999995	94.841323521686	-0.101328526597307	1500	0.00115087712890411
1.49799999999995	93.6755679152302	0.235768010474787	1500	0.00117988830214242
1.49899999999995	96.1708731743925	-0.220190054946712	1500	0.00116643557075405
1.49999999999995	98.77541702313	-0.35747945957649	1500	0.0011716571596419
1.50099999999995	98.2303192831273	0.0520066032640661	1500	0.00121528645121473
1.50199999999995	95.0025379203632	0.0220979612747543	1500	0.00115941562970367
1.50299999999995	93.71405137857	0.0946314955051029	1500	0.00113558114249987
1.50399999999995	96.2050477822852	-0.128898526979597	1500	0.00113274695466683
1.50499999999995	98.9097214144851	0.213687503972577	1500	0.00112402167646657
1.50599999999994	98.3483290700261	0.251547348684189	1500	0.00109452524708022
1.50699999999994	94.9856530092393	0.00975004198397997	1500	0.00115066569439539
1.50799999999994	93.7589755869592	0.508887181733854	1500	0.0011849333347861
1.50899999999994	96.3052650594739	-0.0914102173844555	1500	0.00116612261589997
1.50999999999994	98.926668980994	0.0316980357207181	1500	0.00116440674896752
1.51099999999994	98.4257823848057	-0.4383580322067	1500	0.00121871835691364
1.51199999999994	95.1092981648389	-0.109876582915751	1500	0.00116340510805506
1.51299999999994	93.714380921978	-0.0014443547826544	1500	0.00114016857559982
1.51399999999994	96.1509937143112	-0.119686949764692	1500	0.00113584419693969
1.51499999999994	98.8230909983608	-0.431609463280729	1500	0.00113816911665502
1.51599999999994	98.2289311781878	0.141152278046901	1500	0.0010971564558834
1.51699999999994	94.8261023873811	-0.0983011238698311	1500	0.00115087502166882
1.51799999999994	93.6633429812739	0.432682631087328	1500	0.00117741766724299
1.51899999999994	96.1751114109687	-0.409176267963331	1500	0.00116448995891077
1.51999999999994	98.7827171748354	-0.129296886817526	1500	0.00117016367207492
1.52099999999994	98.2398575968833	0.01777932271049	1500	0.00120614801607744
1.52199999999994	95.0236239897397	0.0583756942403719	1500	0.00115463674584348
1.52299999999994	93.6930478622429	-0.150606400554213	1500	0.00114628159083038
1.52399999999994	96.2082353099603	-0.21649684060676	1500	0.00113961739000928
1.52499999999994	98.9153207551495	0.255269722257694	1500	0.00113003815170137
1.52599999999994	98.3378313677322	0.440715374141854	1500	0.00109768662112909
1.52699999999994	94.9928966826498	-0.012088215538226	1500	0.0011552952869392
1.52799999999994	93.7798266148871	0.31023724219291	1500	0.00118270000892144
1.52899999999994	96.2937051684327	0.150788080612652	1500	0.0011715461476971
1.52999999999994	98.9586362623982	-0.468261859135586	1500	0.00116805796590062
1.53099999999994	98.4212003861015	-0.265235665712514	1500	0.00122039713336226
1.53199999999994	95.1047360128005	0.0111696467313719	1500	0.00115978886724058
1.53299999999994	93.7135453757635	0.0218987333793481	1500	0.00113919525758602
1.53399999999994	96.1668611335759	-0.374916557579982	1500	0.00112565562716101
1.53499999999994	98.8143663201998	0.186935006625352	1500	0.00113165538355743
1.53599999999994	98.2411392885966	-0.247442944275499	1500	0.001097860858365
1.53699999999994	94.8413438387603	-0.101329238270965	1500	0.0011508771714443
1.53799999999994	93.6755815972599	0.235768541974936	1500	0.0011798882217778
1.53899999999994	96.170881325193	-0.220190744751653	1500	0.00116643559304108
1.53999999999994	98.7754320402077	-0.357479462694923	1500	0.00117165720124506
1.54099999999994	98.2303416127899	0.0520061670043136	1500	0.00121528634945064
1.54199999999994	95.0025427705545	0.0220978001219087	1500	0.00115941566772201
1.54299999999994	93.7139868222724	0.094632479040038	1500	0.00113558109009437
1.54399999999994	96.2050159825325	-0.128899518387502	1500	0.00113274697138185
1.54499999999994	98.9097308922548	0.213687634460359	1500	0.00112402175683563
1.54599999999994	98.3483356699146	0.25154715439347	1500	0.00109452518047608
1.54699999999994	94.9856591673625	0.00974942058470242	1500	0.00115066574291056
1.54799999999994	93.7589823216009	0.508887729087583	1500	0.00118493326241995
1.54899999999994	96.3052709929522	-0.0914105122722839	1500	0.00116612261257075
1.54999999999994	98.9266783754246	0.0316980705905638	1500	0.00116440677989111
1.55099999999994	98.4257935349725	-0.438357972105004	1500	0.00121871826453875
1.55199999999994	95.109312426208	-0.109876914425435	1500	0.00116340514439174
1.55299999999994	93.7143986487247	-0.00144403502478383	1500	0.00114016851309233
1.55399999999994	96.1510264118704	-0.119687517321792	1500	0.00113584423834593
1.55499999999994	98.823151275385	-0.431609962137096	1500	0.00113816920297965
1.55599999999994	98.2289353270742	0.141151572133137	1500	0.00109715638925591
1.55699999999994	94.8261096300212	-0.0983012503390337	1500	0.00115087507159036
1.55799999999994	93.6634506555934	0.43268309166135	1500	0.00117741760935786
1.55899999999994	96.1752573948348	-0.409177065237058	1500	0.00116448994300909
1.55999999999994	98.7827126919497	-0.129296985355977	1500	0.00117016371941111
1.56099999999994	98.2398992631417	0.0177788888744055	1500	0.00120614793284929
1.56199999999994	95.0237712788415	0.0583748564502347	1500	0.00115463677040776
1.56299999999994	93.6930505749458	-0.150605572857516	1500	0.00114628152261182
1.56399999999994	96.2080000128172	-0.216497135311342	1500	0.00113961741454044
1.56499999999994	98.9151915305568	0.255269766893458	1500	0.00113003823712009
1.56599999999994	98.3378360293915	0.440714726392652	1500	0.00109768657141397
1.56699999999994	94.9929031085874	-0.0120886079412533	1500	0.00115529531921813
1.56799999999994	93.7798305933788	0.310237698247202	1500	0.00118269995776221
1.56899999999994	96.2937095416942	0.150787667936332	1500	0.00117154612815507
1.56999999999994	98.9586429540118	-0.468262241656259	1500	0.00116805802727881
1.57099999999994	98.4212056115726	-0.265235884037681	1500	0.00122039703792999
1.57199999999994	95.1047397471793	0.0111691948660316	1500	0.00115978890236828
1.57299999999994	93.7135519769294	0.0218991285897086	1500	0.00113919521748049
1.57399999999994	96.1668657980001	-0.374916983841814	1500	0.00112565564401845
1.57499999999994	98.8143735811186	0.186934901084737	1500	0.00113165544329628
1.57599999999994	98.2410511711053	-0.247443003475657	1500	0.00109786081440479
1.57699999999994	94.8412553999376	-0.101329864902478	1500	0.00115087720241572
1.57799999999994	93.6755284789544	0.23576901806678	1500	0.00117988815691604
1.57899999999994	96.1708512399538	-0.220191355557618	1500	0.00116643561515279
1.57999999999994	98.7752924728997	-0.357479471556629	1500	0.00117165722994252
1.58099999999994	98.2302638025957	0.0520057378598079	1500	0.00121528626895689
1.58199999999994	95.0024485658469	0.0220976804743601	1500	0.00115941569516744
1.58299999999994	93.7137412423737	0.0946333659598985	1500	0.00113558105016253
1.58399999999994	96.2043545210077	-0.128900409832064	1500	0.00113274698398439
1.58499999999994	98.9092989412619	0.213687744249619	1500	0.00112402181710694
1.58599999999994	98.3478783215812	0.251546963160866	1500	0.00109452512797741
1.58699999999994	94.9852936971683	0.00974885930940992	1500	0.00115066577929612
1.58799999999994	93.7589756405106	0.508888224755986	1500	0.00118493320347145
1.58899999999994	96.305276798443	-0.0914107448599312	1500	0.00116612261033642
1.58999999999994	98.926646712929	0.0316980872836239	1500	0.00116440679926009
1.59099999999994	98.4251876495437	-0.438357932037005	1500	0.0012187181924185
1.59199999999994	95.1093173286408	-0.109877199946586	1500	0.00116340517065649
1.59299999999994	93.7144041770868	-0.00144377045135718	1500	0.0011401684631263
1.59399999999994	96.1510371824431	-0.119688012394514	1500	0.00113584427427794
1.59499999999994	98.8231743208136	-0.431610442650838	1500	0.00113816927039356
1.59599999999994	98.2289330448163	0.141150897494109	1500	0.00109715633630857
1.59699999999993	94.826087128908	-0.0983013411516375	1500	0.00115087510965288
1.59799999999993	93.6633654435229	0.432683496763886	1500	0.00117741756434159
1.59899999999993	96.1750378913024	-0.409177786096252	1500	0.00116448992898032
1.59999999999993	98.7823849826572	-0.129297075893474	1500	0.00117016375424029
1.60099999999993	98.2395963332232	0.0177784546564683	1500	0.00120614786763775
1.60199999999993	95.0232045970774	0.0583740913412435	1500	0.00115463678605044
1.60299999999993	93.691448912785	-0.150604824351861	1500	0.00114628146612136
1.60399999999993	96.2057741763189	-0.216497385697032	1500	0.00113961743519919
1.60499999999993	98.9128569493769	0.2552697871047	1500	0.00113003830475913
1.60599999999993	98.3355653494554	0.440714099252408	1500	0.00109768653402002
1.60699999999993	94.9921437100273	-0.0120889430859383	1500	0.00115529534185446
1.60799999999993	93.7806562931214	0.310238106493517	1500	0.00118269991889754
1.60899999999993	96.294532041662	0.15078732547507	1500	0.00117154611101035
1.60999999999993	98.9602117105603	-0.468262630454929	1500	0.00116805807613594
1.61099999999993	98.421333319631	-0.265236105956369	1500	0.00122039696080844
1.61199999999993	95.1053987054083	0.0111687906034843	1500	0.00115978892806364
1.61299999999993	93.7135550176913	0.021899465226325	1500	0.00113919518709162
1.61399999999993	96.1668655708126	-0.374917358634815	1500	0.00112565565791085
1.61499999999993	98.8143809360199	0.186934792630602	1500	0.00113165548679146
1.61599999999993	98.2410200213777	-0.247443077085143	1500	0.0010978607824122
1.61699999999993	94.8411970832257	-0.101330418593442	1500	0.00115087722440345
1.61799999999993	93.6754694553217	0.235769446010745	1500	0.00117988810451756
1.61899999999993	96.1708033499708	-0.220191903001463	1500	0.00116643563697256
1.61999999999993	98.7751656381122	-0.357479482011189	1500	0.00117165724859764
1.62099999999993	98.2301102750061	0.0520053179538517	1500	0.00121528620538669
1.62199999999993	95.0019780127712	0.0220975948074949	1500	0.0011594157144184
1.62299999999993	93.712721998508	0.0946341685543808	1500	0.0011355810200829
1.62399999999993	96.2027290459685	-0.128901216523719	1500	0.00113274699337055
1.62499999999993	98.9072949137115	0.213687839319892	1500	0.00112402186152615
1.62599999999993	98.3456888629459	0.251546776309421	1500	0.00109452508670111
1.62699999999993	94.9838229415188	0.00974834876624698	1500	0.00115066580607831
1.62799999999993	93.7586216249447	0.508888675134817	1500	0.00118493315516095
1.62899999999993	96.3052825741658	-0.0914109289111034	1500	0.00116612260892864
1.62999999999993	98.9266215841039	0.0316980914497453	1500	0.00116440680971484
1.63099999999993	98.4245267500461	-0.438357907989347	1500	0.00121871813642814
1.63199999999993	95.1091455532646	-0.109877447155164	1500	0.00116340518912429
1.63299999999993	93.714411192463	-0.0014435517501292	1500	0.00114016842318373
1.63399999999993	96.1510464163117	-0.119688448799052	1500	0.00113584430562401
1.63499999999993	98.8231745522527	-0.431610902184923	1500	0.00113816932285892
1.63599999999993	98.2289241576552	0.141150254136379	1500	0.00109715629424587
1.63699999999993	94.8259852405829	-0.098301404055659	1500	0.0011508751384369
1.63799999999993	93.663359654565	0.432683854119319	1500	0.00117741752953079
1.63899999999993	96.1749970336801	-0.409178443856182	1500	0.00116448991644751
1.63999999999993	98.7823293934648	-0.129297156327724	1500	0.00117016377929119
1.64099999999993	98.2392281845195	0.017778022538201	1500	0.0012061478167374
1.64199999999993	95.02250045663	0.0583733900524842	1500	0.00115463679485465
1.64299999999993	93.6906600820638	-0.150604144730501	1500	0.00114628141910573
1.64399999999993	96.2047677152623	-0.216497602177023	1500	0.00113961745273262
1.64499999999993	98.9111131455285	0.255269789254675	1500	0.00113003835827845
1.64599999999993	98.3341697462566	0.440713492926635	1500	0.00109768650631609
1.64699999999993	94.9919426495669	-0.0120892300325681	1500	0.00115529535708067
1.64799999999993	93.7804458864712	0.310238473320542	1500	0.00118269988977437
1.64899999999993	96.293565599558	0.150787039287794	1500	0.00117154609591069
1.64999999999993	98.9592284745958	-0.468263020646645	1500	0.00116805811506012
1.65099999999993	98.4209661080547	-0.265236328226599	1500	0.00122039689836122
1.65199999999993	95.1051041342998	0.0111684271645159	1500	0.00115978894642473
1.65299999999993	93.7134725075652	0.0218997527330571	1500	0.00113919516430002
1.65399999999993	96.1668704786693	-0.374917693596895	1500	0.00112565566914587
1.65499999999993	98.8143244244441	0.186934684307534	1500	0.00113165551753486
1.65599999999993	98.2407487929155	-0.247443162051308	1500	0.00109786075986099
1.65699999999993	94.8406163082004	-0.101330909592047	1500	0.00115087723939613
1.65799999999993	93.6747880550083	0.23576983188902	1500	0.0011798880621572
1.65899999999993	96.1698107774114	-0.220192399355837	1500	0.0011664356582976
1.65999999999993	98.7741225275374	-0.357479491032065	1500	0.00117165725947594
1.66099999999993	98.2289833792435	0.0520049086332606	1500	0.00121528615531763
1.66199999999993	95.0012292507743	0.0220975369902073	1500	0.0011594157273315
1.66299999999993	93.7119286020386	0.0946348971659574	1500	0.00113558099781993
1.66399999999993	96.201311689449	-0.128901950994988	1500	0.00113274700015159
1.66499999999993	98.9048828455304	0.213687924151977	1500	0.00112402189343534
1.66599999999993	98.344255783309	0.251546594898887	1500	0.0010945250543157
1.66699999999993	94.9833761636909	0.00974788145224046	1500	0.00115066582530358
1.66799999999993	93.7580732476153	0.508889085609696	1500	0.0011849331153215
1.66899999999993	96.3035208051429	-0.0914110751658138	1500	0.00116612260816274
1.66999999999993	98.9242487867098	0.0316980874021801	1500	0.00116440681336491
1.67099999999993	98.4216804916674	-0.438357896785081	1500	0.00121871809332571
1.67199999999993	95.1059806905699	-0.109877662247859	1500	0.00116340520150202
1.67299999999993	93.7105556829753	-0.00144337144822697	1500	0.00114016839129156
1.67399999999993	96.1461326818424	-0.119688837487274	1500	0.00113584433310552
1.67499999999993	98.821563361802	-0.431611339130829	1500	0.00113816936353436
1.67599999999993	98.2287129274982	0.141149641581884	1500	0.00109715626089416
1.67699999999993	94.823424379169	-0.0983014451428044	1500	0.00115087515988235
1.67799999999993	93.6615229926485	0.432684170152759	1500	0.00117741750277312
1.67899999999993	96.1738015110954	-0.409179048949664	1500	0.00116448990519315
1.67999999999993	98.7794218973326	-0.129297225422196	1500	0.00117016379670859
1.68099999999993	98.2376069851819	0.0177775945050682	1500	0.00120614777718238
1.68199999999993	95.0211811059696	0.0583727450091688	1500	0.00115463679840621
1.68299999999993	93.6887512885445	-0.150603525448082	1500	0.00114628137970983
1.68399999999993	96.202126676445	-0.216497792762411	1500	0.00113961746775417
1.68499999999993	98.9081429558747	0.255269778295263	1500	0.00113003840054931
1.68599999999993	98.3320393115255	0.440712907441605	1500	0.0010976864861992
1.68699999999993	94.9900453853718	-0.0120894763113318	1500	0.00115529536656532
1.68799999999992	93.7801978961763	0.310238804100583	1500	0.00118269986839548
1.68899999999992	96.2932801121532	0.150786798338583	1500	0.00117154608259342
1.68999999999992	98.9577172566376	-0.46826340848344	1500	0.00116805814605607
1.69099999999992	98.4207275432751	-0.265236548394848	1500	0.0012203968476683
1.69199999999992	95.1047974695638	0.0111680990189571	1500	0.00115978895903264
1.69299999999992	93.7134803938812	0.0218999990142788	1500	0.00113919514749862
1.69399999999992	96.1668731202456	-0.374917997780177	1500	0.00112565567800158
1.69499999999992	98.8143296596993	0.186934578450752	1500	0.0011316555382482
1.69599999999992	98.2406728071021	-0.247443255751589	1500	0.00109786074465576
1.69699999999992	94.8402523586077	-0.101331346240885	1500	0.00115087724900707
1.69799999999992	93.6742209613538	0.235770180734965	1500	0.00117988802788288
1.69899999999992	96.1689714951071	-0.220192854376567	1500	0.00116643567906774
1.69999999999992	98.7715624803264	-0.357479496475231	1500	0.00117165726437797
1.70099999999992	98.2273999972548	0.0520045110517673	1500	0.00121528611594079
1.70199999999992	94.9991572853008	0.0220975021057452	1500	0.00115941573535779
1.70299999999992	93.7094099143639	0.0946355604833252	1500	0.00113558098173131
1.70399999999992	96.1981168552878	-0.128902627273941	1500	0.00113274700394329
1.70499999999992	98.9013689502182	0.213688002333066	1500	0.00112402191544218
1.70599999999992	98.340940067246	0.251546419677289	1500	0.00109452502891278
1.70699999999992	94.9812390765113	0.00974745124823197	1500	0.00115066583859513
1.70799999999992	93.7580787194722	0.508889460685975	1500	0.00118493308216622
1.70899999999992	96.3014002878641	-0.0914111920348223	1500	0.00116612260786533
1.70999999999992	98.9220459598103	0.0316980784472592	1500	0.00116440681191662
1.71099999999992	98.4184145495465	-0.438357895701077	1500	0.00121871806038764
1.71199999999992	95.1038886899726	-0.10987785022627	1500	0.00116340520918716
1.71299999999992	93.7105683293322	-0.00144322326719378	1500	0.00114016836589517
1.71399999999992	96.1461361569735	-0.119689187106577	1500	0.00113584435734963
1.71499999999992	98.8215697070109	-0.431611752483561	1500	0.001138169394875
1.71599999999992	98.228612889563	0.141149059242349	1500	0.00109715623443955
1.71699999999992	94.8228775805477	-0.0983014691448946	1500	0.0011508751755913
1.71799999999992	93.6610228629523	0.432684450352206	1500	0.00117741748240097
1.71899999999992	96.1731363034687	-0.409179609693352	1500	0.00116448989505859
1.71999999999992	98.7785882266277	-0.129297282363283	1500	0.0011701638081951
1.72099999999992	98.2369132367501	0.0177771721737065	1500	0.00120614774662603
1.72199999999992	95.0209842381568	0.0583721500817395	1500	0.00115463679795235
1.72299999999992	93.6887218857112	-0.15060295930837	1500	0.00114628134648444
1.72399999999992	96.2014738556972	-0.216497963596842	1500	0.00113961748076513
1.72499999999992	98.9073047832831	0.255269758096539	1500	0.00113003843392021
1.72599999999992	98.3319871745688	0.440712342631216	1500	0.0010976864720352
1.72699999999992	94.9900266540427	-0.0120896879730163	1500	0.00115529537173936
1.72799999999992	93.7795649235061	0.310239103308462	1500	0.0011826998531613
1.72899999999992	96.2923241801791	0.150786593873293	1500	0.00117154607078812
1.72999999999992	98.9565063985213	-0.468263791210814	1500	0.00116805817078667
1.73099999999992	98.4192898108866	-0.265236764518707	1500	0.00122039680636769
1.73199999999992	95.1031958361033	0.0111678016901876	1500	0.001159788967162
1.73299999999992	93.7132651758803	0.021900210488755	1500	0.00113919513539899
1.73399999999992	96.1668644939902	-0.374918275245133	1500	0.00112565568545339
1.73499999999992	98.8143240509685	0.186934476672772	1500	0.0011316555512107
1.73599999999992	98.240576519677	-0.24744335611892	1500	0.0010978607352496
1.73699999999992	94.8399951439122	-0.101331735660326	1500	0.00115087725451838
1.73799999999992	93.6736387496982	0.235770496867098	1500	0.00117988800014099
1.73899999999992	96.1683599034131	-0.220193275624472	1500	0.00116643569923799
1.73999999999992	98.7707534860618	-0.357479496902435	1500	0.0011716572647381
1.74099999999992	98.2265751936868	0.0520041257355364	1500	0.00121528608509627
1.74199999999992	94.9984940861917	0.0220974860715706	1500	0.00115941573967662
1.74299999999992	93.7085909071005	0.0946361658423028	1500	0.00113558097048715
1.74399999999992	96.1966060676663	-0.128903249350144	1500	0.00113274700616893
1.74499999999992	98.8996457442286	0.213688076111219	1500	0.00112402192980731
1.74599999999992	98.3390167244368	0.251546250999643	1500	0.00109452500916591
1.74699999999992	94.9801122817234	0.00974705308659237	1500	0.00115066584725244
1.74799999999992	93.7574438242238	0.508889804192086	1500	0.00118493305439763
1.74899999999992	96.3004424256047	-0.0914112862165631	1500	0.00116612260791372
1.74999999999992	98.9205443401131	0.0316980669610428	1500	0.00116440680660221
1.75099999999992	98.4170640860048	-0.438357902812949	1500	0.00121871803562916
1.75199999999992	95.1027267917492	-0.109878015386308	1500	0.00116340521330487
1.75299999999992	93.7105726218918	-0.00144310223241152	1500	0.00114016834573116
1.75399999999992	96.1461417281132	-0.119689504686735	1500	0.0011358443788543
1.75499999999992	98.8215793650099	-0.431612142168235	1500	0.00113816941889438
1.75599999999992	98.2286232643817	0.141148506113138	1500	0.00109715621350822
1.75699999999992	94.822890959761	-0.0983014800255539	1500	0.00115087518682465
1.75799999999992	93.6610395411003	0.432684699150971	1500	0.00117741746706962
1.75899999999992	96.1731476271795	-0.409180132888241	1500	0.00116448988585364
1.75999999999992	98.7786049822804	-0.129297327087886	1500	0.00117016381505615
1.76099999999992	98.236782476709	0.0177767566825227	1500	0.00120614772317436
1.76199999999992	95.0205134053774	0.058371599763037	1500	0.00115463679448967
1.76299999999992	93.6879178403004	-0.150602440265649	1500	0.00114628131825294
1.76399999999992	96.2003490756305	-0.216498119500615	1500	0.00113961749212625
1.76499999999992	98.9057827034144	0.255269731575153	1500	0.00113003846022307
1.76599999999992	98.3306796406043	0.440711798158608	1500	0.00109768646250206
1.76699999999992	94.9895309599116	-0.0120898701421657	1500	0.00115529537363587
1.76799999999992	93.7795616891525	0.310239374566887	1500	0.0011826998427546
1.76899999999992	96.2923058236133	0.150786418823097	1500	0.00117154606028389
1.76999999999992	98.9562015425334	-0.46826416680121	1500	0.00116805819048159
1.77099999999992	98.4192885837619	-0.265236975289031	1500	0.00122039677259732
1.77199999999992	95.103186140323	0.0111675312411761	1500	0.00115978897186485
1.77299999999992	93.7132654647803	0.021900392077047	1500	0.001139195126846
1.77399999999992	96.1668663675649	-0.374918531085599	1500	0.00112565569177041
1.77499999999992	98.8143315836983	0.186934380067844	1500	0.00113165555806593
1.77599999999992	98.2405864481482	-0.247443461472301	1500	0.0010978607303483
1.77699999999992	94.8400073889647	-0.10133208378463	1500	0.00115087725687542
1.77799999999991	93.6736538399473	0.23577078382072	1500	0.001179887977706
1.77899999999991	96.1683756110784	-0.220193669199161	1500	0.00116643571875455
1.77999999999991	98.7707482681708	-0.357479491441575	1500	0.00117165726163492
1.78099999999991	98.2250741730668	0.0520037530403363	1500	0.00121528606104471
1.78199999999991	94.9973016613871	0.0220974855500231	1500	0.00115941574118286
1.78299999999991	93.7075483657403	0.0946367194874713	1500	0.00113558096304547
1.78399999999991	96.1945981390876	-0.128903824102698	1500	0.00113274700717253
1.78499999999991	98.8970816888162	0.213688147279481	1500	0.00112402193820061
1.78599999999991	98.3363558920114	0.251546089125963	1500	0.00109452499391074
1.78699999999991	94.9773196273484	0.00974668278234555	1500	0.00115066585232029
1.78799999999991	93.7534315377195	0.508890119289687	1500	0.00118493303082822
1.78899999999991	96.2966759713339	-0.0914113629138385	1500	0.00116612260817934
1.78999999999991	98.9205576295279	0.0316980547357217	1500	0.00116440679843864
1.79099999999991	98.4170821818051	-0.438357916417394	1500	0.0012187180173863
1.79199999999991	95.1027390207826	-0.109878161123368	1500	0.00116340521470356
1.79299999999991	93.7105772987401	-0.00144300431701813	1500	0.00114016832972374
1.79399999999991	96.1461592786374	-0.119689795835475	1500	0.00113584439797067
1.79499999999991	98.821565844236	-0.431612508354632	1500	0.0011381694371947
1.79599999999991	98.2286274130473	0.141147981131741	1500	0.00109715619698864
1.79699999999991	94.8228248147129	-0.0983014808196071	1500	0.00115087519459353
1.79799999999991	93.660875719731	0.432684920302807	1500	0.00117741745567444
1.79899999999991	96.1729383334312	-0.409180624017375	1500	0.00116448987745684
1.79999999999991	98.7784833642638	-0.129297359720463	1500	0.00117016381828927
1.80099999999991	98.235236334583	0.0177763488926335	1500	0.0012061477053752
1.80199999999991	95.0192685325285	0.0583710894320184	1500	0.00115463678885383
1.80299999999991	93.6868858385925	-0.150601963241066	1500	0.00114628129406848
1.80399999999991	96.1981281492898	-0.216498264173811	1500	0.00113961750216683
1.80499999999991	98.9022296684907	0.255269700937223	1500	0.00113003848088709
1.80599999999991	98.327903619269	0.440711273589583	1500	0.00109768645657273
1.80699999999991	94.9867996869919	-0.01209002704389	1500	0.00115529537311169
1.80799999999991	93.775626522264	0.310239621106405	1500	0.00118269983622666
1.80899999999991	96.288473721666	0.150786266485848	1500	0.00117154605049271
1.80999999999991	98.9562063426671	-0.4682645339466	1500	0.00116805820655547
1.81099999999991	98.4192878341132	-0.265237179789927	1500	0.00122039674480224
1.81199999999991	95.1031825830258	0.0111672844397389	1500	0.00115978897388115
1.81299999999991	93.713264705509	0.0219005480128793	1500	0.00113919512101689
1.81399999999991	96.1668657799928	-0.374918769336594	1500	0.0011256556972431
1.81499999999991	98.8143336503027	0.186934289265106	1500	0.00113165556026763
1.81599999999991	98.2405919569222	-0.247443570498694	1500	0.00109786072897861
1.81699999999991	94.8400118706331	-0.101332395679572	1500	0.00115087725693171
1.81799999999991	93.6736579804242	0.23577104470565	1500	0.00117988795956363
1.81899999999991	96.1683780766533	-0.220194039795745	1500	0.00116643573761992
1.81999999999991	98.770756176062	-0.357479479492916	1500	0.00117165725597566
1.82099999999991	98.2251539093871	0.0520033931296061	1500	0.00121528604238597
1.82199999999991	94.9975164876127	0.0220974978514535	1500	0.00115941574048541
1.82299999999991	93.7079073982462	0.094637226851955	1500	0.00113558095872395
1.82399999999991	96.1950850359623	-0.128904357123516	1500	0.0011327470072507
1.82499999999991	98.897622060647	0.213688217330035	1500	0.00112402194196808
1.82599999999991	98.336901684357	0.251545934268811	1500	0.00109452498219408
1.82699999999991	94.9773241454795	0.00974633697777537	1500	0.00115066585454291
1.82799999999991	93.7538213848893	0.508890408845288	1500	0.00118493301064982
1.82899999999991	96.2985987712829	-0.0914114261292987	1500	0.00116612260861399
1.82999999999991	98.9205632974215	0.0316980431885075	1500	0.00116440678820127
1.83099999999991	98.4170867806994	-0.438357935149922	1500	0.00121871800433077
1.83199999999991	95.1027390375964	-0.109878290250784	1500	0.00116340521406907
1.83299999999991	93.7105750819315	-0.00144292607615322	1500	0.00114016831711079
1.83399999999991	96.146162085863	-0.119690064820953	1500	0.00113584441512568
1.83499999999991	98.8215858350791	-0.431612851508274	1500	0.00113816945099376
1.83599999999991	98.2286536726347	0.141147483170928	1500	0.00109715618399693
1.83699999999991	94.8228583043015	-0.0983014739785884	1500	0.00115087519966217
1.83799999999991	93.660919754816	0.432685117127059	1500	0.0011774174474118
1.83899999999991	96.1729905420733	-0.409181087284484	1500	0.00116448986975565
1.83999999999991	98.7785370054215	-0.129297380520917	1500	0.00117016381849102
1.84099999999991	98.2352940653707	0.0177759495317549	1500	0.00120614769198528
1.84199999999991	95.0193390602513	0.0583706151687049	1500	0.00115463678154505
1.84299999999991	93.6868904930777	-0.150601523803203	1500	0.00114628127320475
1.84399999999991	96.1981317087945	-0.216498400261408	1500	0.00113961751113707
1.84499999999991	98.9022359723346	0.255269667994274	1500	0.00113003849716715
1.84599999999991	98.3279098213426	0.440710768498521	1500	0.00109768645341828
1.84699999999991	94.9868045844383	-0.012090162105854	1500	0.00115529537082548
1.84799999999991	93.775630751316	0.310239845568997	1500	0.0011826998327529
1.84899999999991	96.2884777115821	0.150786133441028	1500	0.00117154604163156
1.84999999999991	98.9562121626748	-0.468264891498575	1500	0.00116805821952045
1.85099999999991	98.4192927072353	-0.265237377287469	1500	0.00122039672184013
1.85199999999991	95.1031832953414	0.0111670586045575	1500	0.00115978897387657
1.85299999999991	93.713263345793	0.0219006819160962	1500	0.00113919511726024
1.85399999999991	96.1668639463242	-0.374918993084348	1500	0.00112565570204239
1.85499999999991	98.8143362945682	0.186934204827993	1500	0.00113165555886391
1.85599999999991	98.2405954302071	-0.247443681988926	1500	0.00109786073030464
1.85699999999991	94.8400151044141	-0.101332675583371	1500	0.001150877255255
1.85799999999991	93.6736609268773	0.235771282110381	1500	0.00117988794488595
1.85899999999991	96.1683790222425	-0.220194391179126	1500	0.00116643575580301
1.85999999999991	98.7707583751229	-0.357479460807891	1500	0.00117165724840504
1.86099999999991	98.2252930293218	0.0520030460546831	1500	0.00121528602796497
1.86199999999991	94.9975177444722	0.0220975207216496	1500	0.00115941573821358
1.86299999999991	93.7079060880888	0.094637692486277	1500	0.0011355809567303
1.86399999999991	96.1950806925124	-0.128904853203692	1500	0.00113274700660628
1.86499999999991	98.8976280010267	0.21368828713358	1500	0.00112402194218435
1.86599999999991	98.3369653753746	0.251545786409965	1500	0.00109452497331299
1.86699999999991	94.977330271376	0.00974601284525937	1500	0.00115066585463794
1.86799999999991	93.7538260270984	0.508890675271067	1500	0.00118493299314728
1.8689999999999	96.2986007507534	-0.0914114790345569	1500	0.00116612260917002
1.8699999999999	98.9205661065653	0.0316980332071614	1500	0.00116440677649837
1.8709999999999	98.4170908200295	-0.438357957767216	1500	0.00121871799530097
1.8719999999999	95.1027409655488	-0.109878405118255	1500	0.00116340521190976
1.8729999999999	93.7105685636661	-0.00144286470678376	1500	0.00114016830720433
1.8739999999999	96.1461636146228	-0.119690315308315	1500	0.00113584443055135
1.8749999999999	98.8215911941641	-0.431613172336113	1500	0.00113816946128406
1.8759999999999	98.2286581397739	0.141147011028655	1500	0.00109715617381429
1.8769999999999	94.8228664356399	-0.0983014613772033	1500	0.00115087520266612
1.8779999999999	93.6609237875608	0.43268529228797	1500	0.00117741744155774
1.8789999999999	96.172994332617	-0.409181526330042	1500	0.00116448986265514
1.8799999999999	98.7785424208558	-0.129297390089495	1500	0.00117016381710952
1.8809999999999	98.2353002778172	0.0177755590750104	1500	0.001206147682149
1.8819999999999	95.0193437519716	0.0583701735652456	1500	0.00115463677320563
1.8829999999999	93.686896030644	-0.150601118224742	1500	0.00114628125506313
1.8839999999999	96.1981367507228	-0.216498530009847	1500	0.00113961751920947
1.8849999999999	98.9022414004343	0.255269634048227	1500	0.00113003850987019
1.8859999999999	98.3279140615693	0.440710282354748	1500	0.00109768645235236
1.8869999999999	94.986809004644	-0.012090278223503	1500	0.00115529536727035
1.8879999999999	93.7756329004476	0.310240050201062	1500	0.00118269983164292
1.8889999999999	96.2884795744821	0.15078601631507	1500	0.00117154603367359
1.8899999999999	98.956215921852	-0.468265238929398	1500	0.00116805822993775
1.8909999999999	98.4192244322768	-0.265237567422934	1500	0.00122039670278968
1.8919999999999	95.1031870326516	0.011166851457849	1500	0.00115978897234984
1.8929999999999	93.7132657143635	0.0219007967007392	1500	0.00113919511505489
1.8939999999999	96.1668617167572	-0.374919204838071	1500	0.00112565570629835
1.8949999999999	98.8143414318512	0.186934126771033	1500	0.00113165555474273
1.8959999999999	98.2406021347554	-0.247443795097636	1500	0.00109786073368387
1.8969999999999	94.8400201363617	-0.10133292716868	1500	0.00115087725233999
1.8979999999999	93.6736689744344	0.23577149834722	1500	0.00117988793306691
1.8989999999999	96.1683841367746	-0.22019472628822	1500	0.00116643577330003
1.8999999999999	98.7707653624793	-0.357479435400546	1500	0.00117165723944419
1.9009999999999	98.2252995864792	0.0520027115353361	1500	0.00121528601698277
1.9019999999999	94.9975231985419	0.0220975523117928	1500	0.00115941573484932
1.9029999999999	93.7079072746711	0.0946381205436463	1500	0.00113558095661153
1.9039999999999	96.1950706303994	-0.128905316326907	1500	0.00113274700537553
1.9049999999999	98.8976213204511	0.213688357329412	1500	0.00112402193971845
1.9059999999999	98.3369672938373	0.251545645516023	1500	0.00109452496666546
1.9069999999999	94.9773924345736	0.00974570800050455	1500	0.00115066585307059
1.9079999999999	93.7538982254739	0.5088909206529	1500	0.00118493297779022
1.9089999999999	96.2988165446036	-0.0914115240877857	1500	0.00116612260977785
1.9099999999999	98.9212285887815	0.0316980254650773	1500	0.00116440676385272
1.9109999999999	98.4173486449855	-0.43835798363686	1500	0.00121871798961988
1.9119999999999	95.1030089755207	-0.109878507696498	1500	0.00116340520868606
1.9129999999999	93.710734017798	-0.00144281783695563	1500	0.00114016829953242
1.9139999999999	96.1461309765522	-0.119690550079656	1500	0.00113584444445551
1.9149999999999	98.8215970562488	-0.431613471771854	1500	0.0011381694688915
1.9159999999999	98.2286519085142	0.14114656348208	1500	0.0010971561658852
1.9169999999999	94.8228719100486	-0.0983014445586665	1500	0.00115087520410382
1.9179999999999	93.6609257371311	0.432685448210745	1500	0.00117741743759816
1.9189999999999	96.1729998706466	-0.409181944018289	1500	0.00116448985607086
1.9199999999999	98.778549233181	-0.129297389039619	1500	0.00117016381382841
1.9209999999999	98.2353064740446	0.0177751778801975	1500	0.00120614767502181
1.9219999999999	95.0193481222218	0.0583697615760542	1500	0.00115463676409484
1.9229999999999	93.6869001103078	-0.150600743298871	1500	0.00114628123909599
1.9239999999999	96.1981402649018	-0.21649865489646	1500	0.00113961752656625
1.9249999999999	98.9022413007887	0.255269599998423	1500	0.00113003851982318
1.9259999999999	98.3278873192839	0.440709814500183	1500	0.00109768645292902
1.9269999999999	94.986797935223	-0.0120903779260751	1500	0.00115529536287336
1.9279999999999	93.7756180543472	0.310240236980934	1500	0.00118269983242859
1.9289999999999	96.288433138115	0.150785912192727	1500	0.00117154602650754
1.9299999999999	98.9561662829154	-0.468265575736116	1500	0.00116805823833051
1.9309999999999	98.4191986509323	-0.265237749870764	1500	0.00122039668685214
1.9319999999999	95.1031324572921	0.0111666609799512	1500	0.00115978896970626
1.9329999999999	93.7132678050709	0.021900894854004	1500	0.00113919511397929
1.9339999999999	96.16683210434	-0.374919406507191	1500	0.00112565571013954
1.9349999999999	98.8143467800219	0.186934055247596	1500	0.0011316555485626
1.9359999999999	98.2405806060077	-0.247443909053517	1500	0.00109786073861512
1.9369999999999	94.8398959796743	-0.101333153585376	1500	0.00115087724854362
1.9379999999999	93.6733997543195	0.235771695400038	1500	0.00117988792355039
1.9389999999999	96.1680404635968	-0.22019504748122	1500	0.00116643579011817
1.9399999999999	98.7705194438926	-0.357479403508878	1500	0.00117165722958865
1.9409999999999	98.2251425877406	0.0520023894619627	1500	0.00121528600865833
1.9419999999999	94.99750831697	0.0220975911565057	1500	0.0011594157307143
1.9429999999999	93.7072833106309	0.0946385143604613	1500	0.00113558095781998
1.9439999999999	96.1941038101087	-0.128905749944069	1500	0.00113274700368466
1.9449999999999	98.8966567877775	0.213688428355849	1500	0.00112402193516699
1.9459999999999	98.3354543576243	0.251545511370327	1500	0.00109452496182883
1.9469999999999	94.9764451048662	0.00974542044647268	1500	0.00115066585028314
1.9479999999999	93.7528637024101	0.508891146868949	1500	0.00118493296414309
1.9489999999999	96.2971518818137	-0.0914115631784027	1500	0.00116612261039817
1.9499999999999	98.9194452817646	0.0316980203231208	1500	0.00116440675061952
1.9509999999999	98.4151841512701	-0.43835801181222	1500	0.0012187179864519
1.9519999999999	95.1029928865157	-0.109878599519991	1500	0.00116340520467483
1.9529999999999	93.7107367395809	-0.00144278357326097	1500	0.00114016829361316
1.9539999999999	96.1461261799371	-0.119690771462578	1500	0.00113584445702195
1.9549999999999	98.8216009407773	-0.431613750757322	1500	0.00113816947436427
1.9559999999999	98.2286074888566	0.141146139321424	1500	0.00109715615975821
1.9569999999999	94.8219017959516	-0.0983014246768521	1500	0.00115087520433041
1.9579999999999	93.6606212306878	0.432685586917339	1500	0.00117741743511257
1.9589999999999	96.1727030372398	-0.409182342657407	1500	0.00116448984995535
1.95999999999989	98.7777763473462	-0.129297378071401	1500	0.00117016380934379
1.96099999999989	98.2351453952637	0.0177748060447273	1500	0.00120614767010187
1.96199999999989	95.0193316029774	0.0583693766084633	1500	0.00115463675453093
1.96299999999989	93.6862643206639	-0.150600396076179	1500	0.00114628122510632
1.96399999999989	96.1971932312394	-0.216498776225776	1500	0.00113961753328792
1.96499999999989	98.9012860088388	0.255269566571296	1500	0.00113003852757213
1.96599999999989	98.3268870935301	0.440709364388992	1500	0.00109768645470225
1.96699999999989	94.9856583852543	-0.012090463225231	1500	0.00115529535794259
1.96799999999989	93.7745812817043	0.310240407629921	1500	0.00118269983467509
1.96899999999989	96.2867644279974	0.150785818918635	1500	0.00117154602006251
1.96999999999989	98.9543643531842	-0.468265901764875	1500	0.00116805824509292
1.97099999999989	98.4171071851609	-0.265237924645109	1500	0.00122039667350053
1.97199999999989	95.1031366094858	0.0111664855422507	1500	0.00115978896624881
1.97299999999989	93.7132709211704	0.0219009785225282	1500	0.00113919511373957
1.97399999999989	96.1668244656597	-0.374919599562008	1500	0.00112565571367421
1.97499999999989	98.8143489091034	0.186933990108736	1500	0.00113165554085266
1.97599999999989	98.2405760898143	-0.247444023224269	1500	0.00109786074469168
1.97699999999989	94.8398814755824	-0.101333357499059	1500	0.00115087724414561
1.97799999999989	93.6731584714981	0.235771875000844	1500	0.00117988791592417
1.97899999999989	96.1678152420285	-0.220195356521796	1500	0.00116643580632054
1.97999999999989	98.7698587962749	-0.357479365267051	1500	0.00117165721909649
1.98099999999989	98.2215910433243	0.0520020794667528	1500	0.00121528600247465
1.98199999999989	94.994793856705	0.0220976358754346	1500	0.00115941572607705
1.98299999999989	93.7067293360088	0.0946388771811703	1500	0.00113558096011561
1.98399999999989	96.1934860193951	-0.128906156792783	1500	0.00113274700166459
1.98499999999989	98.8962616981144	0.213688500506412	1500	0.00112402192914103
1.98599999999989	98.3351627464292	0.25154538392261	1500	0.00109452495839062
1.98699999999989	94.9760172172266	0.00974514856055439	1500	0.0011506658465653
1.98799999999989	93.7526351892528	0.508891355545149	1500	0.00118493295187085
1.98899999999989	96.2967607965413	-0.0914115978519774	1500	0.00116612261100563
1.98999999999989	98.9194416927698	0.0316980181061263	1500	0.00116440673704911
1.99099999999989	98.4150511722476	-0.438358041786137	1500	0.00121871798532999
1.99199999999989	95.1029526497252	-0.109878682088649	1500	0.00116340520015789
1.99299999999989	93.7107203351438	-0.00144276024762337	1500	0.00114016828912668
1.99399999999989	96.1460954396544	-0.119690981148482	1500	0.00113584446849377
1.99499999999989	98.8215999880969	-0.431614010265752	1500	0.00113816947825321
1.99599999999989	98.2286163825951	0.1411457373939	1500	0.00109715615505906
1.99699999999989	94.8219129947247	-0.098301402643995	1500	0.00115087520369086
1.99799999999989	93.6604948695809	0.432685710257149	1500	0.00117741743377796
1.99899999999989	96.1726567855128	-0.409182724137012	1500	0.00116448984425665
2	98.7777933086317	-0.129313462278153	1500	0.0011701634601006
