"Time [s]"	"Current(Phase_A) [mA]"	"InputVoltage(Phase_A) [V]"	"InducedVoltage(Phase_A) [V]"	"FluxLinkage(Phase_A) [Wb]"	"Current(Phase_B) [mA]"	"InputVoltage(Phase_B) [V]"	"InducedVoltage(Phase_B) [V]"	"FluxLinkage(Phase_B) [Wb]"	"Current(Phase_C) [mA]"	"InputVoltage(Phase_C) [V]"	"InducedVoltage(Phase_C) [V]"	"FluxLinkage(Phase_C) [Wb]"
0	0	0	-45.6968973735787	-0	0	-289.913780286485	-194.457930716312	-0	0	289.913780286485	232.867882611539	-0
0.001	6129.88953596268	103.44764093584	24.61963787782	0.02461963787782	-21239.8235201665	-327.448210373143	-156.986526374984	-0.156986526374984	15109.9339842039	224.000569437303	172.273149309224	0.172273149309224
0.002	18575.1453668182	196.769106014783	94.9361731292187	0.119555811007039	-47563.9655126462	-332.929728162642	-119.515122033656	-0.276501648408639	28988.820145828	136.160622147859	111.678416006909	0.283951565316134
0.003	32313.4004306546	270.829440026024	146.7232331901	0.266279044197139	-72232.7529075941	-305.821764501768	-126.659739832949	-0.403161388241589	39919.3524769395	34.9923244757442	10.813952951866	0.294765518268
0.004	48918.4787019261	318.379101467851	167.538442882278	0.433817487079417	-90773.8559318113	-248.777835745934	-129.525017980791	-0.53268640622238	41855.3772298852	-69.6012657219171	-53.411956110313	0.241353562157687
0.005	67707.185135374	334.763598180368	168.088201980215	0.601905689059633	-101558.621238141	-167.381799090184	-112.911591278266	-0.645597997500646	33851.4361027673	-167.381799090184	-99.9475222700283	0.141406039887658
0.006	89875.5509881861	318.379101467851	126.770103850787	0.72867579291042	-104017.020284773	-69.6012657219171	-83.4700001756616	-0.729067997676307	14141.4692965872	-248.777835745934	-119.001355331632	0.0224046845560262
0.007	111657.718488968	270.829440026024	89.7085306362304	0.81838432354665	-99763.4205287984	34.9923244757441	-22.2761494678032	-0.75134414714411	-11894.2979601696	-305.821764501768	-135.336661221423	-0.112931976665397
0.008	127735.517285636	196.769106014784	63.5444052791537	0.881928728825804	-92538.2882444724	136.160622147859	66.9979185410223	-0.684346228603088	-35197.2290411632	-332.929728162642	-177.726690662048	-0.290658667327445
0.009	134932.903940697	103.44764093584	38.7774281657255	0.92070615699153	-82877.2501140094	224.000569437303	150.809374491846	-0.533536854111242	-52055.6538266875	-327.448210373142	-213.782832053926	-0.50444149938137
0.01	133037.51485748	-2.41584530158434E-13	2.52514533338088	0.92323130232491	-68117.8784703451	289.913780286485	195.86885259998	-0.337668001511263	-64919.6363871347	-289.913780286484	-205.568744637372	-0.710010244018743
0.011	122480.250800597	-103.44764093584	-38.5648717695697	0.884666430555341	-49345.2084750926	327.448210373143	219.576971472407	-0.118091030038855	-73135.0423255041	-224.000569437302	-173.802161647473	-0.883812405666216
0.012	105252.204117598	-196.769106014784	-70.8473024404999	0.813819128114841	-26934.8855870345	332.929728162642	226.573866498097	0.108482836459241	-78317.3185305633	-136.160622147859	-94.6684127904865	-0.978480818456703
0.013	84684.7488724204	-270.829440026024	-118.293771389159	0.695525356725681	-941.810213107644	305.821764501768	188.888351674794	0.297371188134036	-83742.9386593128	-34.9923244757437	12.1981697671201	-0.966282648689583
0.014	65367.5298244346	-318.379101467851	-190.093123612736	0.505432233112945	19304.5092566702	248.777835745934	162.155498176685	0.45952668631072	-84672.0390811048	69.6012657219175	77.6358965365381	-0.888646752153045
0.015	49524.4326091833	-334.763598180368	-242.644148281089	0.262788084831856	28330.1218798981	167.381799090183	152.661369879584	0.612188056190304	-77854.5544890814	167.381799090184	123.090387079704	-0.765556365073341
0.016	34801.8615809749	-318.379101467851	-245.0836117572	0.0177044730746555	29772.2458695123	69.6012657219165	106.721484131599	0.718909540321902	-64574.1074504871	248.777835745935	165.477661197793	-0.600078703875548
0.017	21335.7446805193	-270.829440026023	-228.383960313836	-0.21067948723918	25566.9359226881	-34.992324475745	27.6363338611897	0.746545874183092	-46902.6806032074	305.821764501768	186.421032749668	-0.41365767112588
0.018	8983.81186229941	-196.769106014783	-188.991375004424	-0.399670862243605	19424.385107905	-136.16062214786	-82.3903340370311	0.664155540146061	-28408.1969702044	332.929728162643	194.921496621987	-0.218736174503893
0.019	-1159.80051493075	-103.447640935839	-99.7670763714482	-0.499437938615053	13972.2802130371	-224.000569437303	-166.185057212156	0.497970482933905	-12812.4796981064	327.448210373142	230.811654072065	0.0120754795681723
0.02	-5381.60783382449	8.24229573481716E-13	-25.6799929468623	-0.525117931561915	7106.14079656828	-289.913780286485	-222.50785812026	0.275462624813645	-1724.53296274379	289.913780286484	241.88409635614	0.253959575924312
0.021	-2846.61452635486	103.447640935841	39.2808832801618	-0.485837048281753	-3271.53045645058	-327.448210373143	-244.708403179992	0.0307542216336525	6118.14498280544	224.000569437302	209.897570526325	0.463857146450637
0.022	3941.05866207248	196.769106014784	119.590220797519	-0.366246827484235	-16809.0965185781	-332.929728162642	-230.389400282674	-0.199635178649022	12868.0378565056	136.160622147858	146.193108219728	0.610050254670365
0.023	11231.8910056224	270.829440026024	201.659603567899	-0.164587223916336	-30058.9945666692	-305.821764501767	-211.60323733129	-0.411238415980312	18827.1035610468	34.9923244757432	56.5287313523356	0.666578986022701
0.024	18099.5371475778	318.379101467852	247.25126956814	0.0826640456518043	-40041.2857835447	-248.777835745933	-200.534982751006	-0.611773398731318	21941.7486359669	-69.6012657219181	-46.797619947935	0.619781366074766
0.025	25662.5184947749	334.763598180368	261.974861627151	0.344638907278955	-45071.7448078086	-167.381799090183	-169.088599254837	-0.780861997986154	19409.2263130338	-167.381799090185	-122.740235718695	0.49704113035607
0.026	34811.4112061555	318.379101467851	249.255605829455	0.59389451310841	-44638.1851050576	-69.6012657219153	-111.460583658508	-0.892322581644662	9826.773898902	-248.777835745935	-163.831512757676	0.333209617598394
0.027	47395.6754303831	270.829440026023	175.384013866295	0.769278526974705	-41974.2511658416	34.992324475746	-38.5637807721896	-0.930886362416852	-5421.42426454151	-305.821764501768	-206.122150449308	0.127087467149086
0.028	60189.1148644854	196.769106014782	114.641727015588	0.883920253990293	-41809.8396830309	136.160622147861	88.9818975923072	-0.841904464824545	-18379.2751814546	-332.929728162642	-249.43320226092	-0.122345735111834
0.029	67393.2619571768	103.447640935838	67.9560895917572	0.95187634358205	-40504.4464447235	224.000569437304	183.270063532186	-0.658634401292359	-26888.8155124533	-327.448210373142	-278.074777370076	-0.40042051248191
0.03	67677.1136869283	-1.65556457432103E-12	19.2171670183545	0.971093510600404	-34882.3258978397	289.913780286485	239.353465388219	-0.41928093590414	-32794.7877890886	-289.913780286484	-262.202460704294	-0.662622973186204
0.031	61458.0770197597	-103.447640935841	-33.4587388849336	0.937634771715471	-25968.0215913157	327.448210373143	275.80754354299	-0.14347339236115	-35490.055428444	-224.000569437302	-220.064196160144	-0.882687169346349
0.032	50201.2675424489	-196.769106014785	-88.6179477567688	0.849016823958702	-13486.7069706576	332.929728162642	277.664771736259	0.134191379375109	-36714.5605717913	-136.160622147857	-142.935056960603	-1.02562222630695
0.033	39075.5699779018	-270.829440026025	-159.740085503662	0.68927673845504	2443.42073842731	305.821764501767	247.529527506686	0.381720906881796	-41518.9907163291	-34.9923244757421	-13.2604531250475	-1.038882679432
0.034	31570.6606524515	-318.379101467852	-257.087606040596	0.432189132414444	14094.3396172118	248.777835745932	209.989831115179	0.591710737996974	-45665.0002696633	69.6012657219192	72.1392542039319	-0.966743425228068
0.035	24934.9421136483	-334.763598180368	-291.066604194881	0.141122528219563	19360.1753988602	167.381799090182	178.335906618285	0.770046644615259	-44295.1175125085	167.381799090186	140.358673398503	-0.826384751829565
0.036	18088.9144905366	-318.37910146785	-289.532096742482	-0.148409568522918	19619.4542727937	69.6012657219148	115.980202302238	0.886026846917497	-37708.3687633303	248.777835745935	192.684745445918	-0.633700006383647
0.037	11073.908657776	-270.829440026023	-271.057134025337	-0.419466702548256	16976.4304376975	-34.9923244757465	14.7788138654532	0.90080566078295	-28050.3390954736	305.821764501769	221.189885685501	-0.412510120698146
0.038	3177.64698502119	-196.769106014782	-204.101569560886	-0.623568272109141	13914.2499786931	-136.160622147861	-89.035310302827	0.811770350480123	-17091.8969637143	332.929728162643	247.140772102348	-0.165369348595797
0.039	-3613.98916454938	-103.447640935837	-112.372329791609	-0.73594060190075	11301.568970844	-224.000569437305	-175.489771545709	0.636280578934413	-7687.5798062946	327.448210373142	274.484890654212	0.109115542058415
0.04	-6658.43951829696	2.79953837889479E-12	-31.8091435365749	-0.767749745437325	7921.96489345006	-289.913780286486	-244.004740748971	0.392275838185442	-1263.5253751531	289.913780286483	271.494672773263	0.380610214831678
0.041	-5285.97556295928	103.447640935843	43.5384786579505	-0.724211266779375	2184.39727472791	-327.448210373143	-280.243010273993	0.11203282791145	3101.57828823137	224.0005694373	228.884073752659	0.609494288584337
0.042	-1024.7562553607	196.769106014786	129.73086418725	-0.594480402592125	-5974.30314684297	-332.929728162642	-276.708822827005	-0.164675994915555	6999.05940220367	136.160622147856	158.773929615724	0.768268218200061
0.043	3636.87478627546	270.829440026026	215.270627977488	-0.379209774614637	-14458.2119148283	-305.821764501766	-254.559733772332	-0.419235728687887	10821.3371285528	34.9923244757409	67.2447086718394	0.835512926871901
0.044	7380.93747929775	318.379101467852	273.657648464328	-0.105552126150309	-20613.4743808343	-248.777835745932	-231.015177667904	-0.650250906355791	13232.5369015366	-69.6012657219197	-36.4154801626867	0.799097446709214
0.045	10955.6833212125	334.763598180368	295.541273920061	0.189989147769752	-23093.6677908289	-167.381799090181	-192.747076352728	-0.842997982708519	12137.9844696164	-167.381799090187	-126.408027128886	0.672689419580328
0.046	15621.5460019811	318.37910146785	287.697803257638	0.47768695102739	-22210.1627456873	-69.6012657219138	-122.405765587717	-0.965403748296236	6588.61674370625	-248.777835745936	-185.73488668646	0.486954532893868
0.047	22493.5920066057	270.829440026021	241.175536360587	0.718862487387978	-20763.014090391	34.9923244757482	-21.4283015300474	-0.986832049826283	-1730.57791621473	-305.821764501769	-232.097437333765	0.254857095560104
0.048	30347.1837862964	196.769106014781	161.82471492979	0.880687202317767	-20450.232274245	136.160622147862	81.5352493367155	-0.905296800489568	-9896.95151205148	-332.929728162643	-280.16455008981	-0.0253074545297061
0.049	36315.002271416	103.447640935836	86.6362468564069	0.967323449174174	-21179.6744542688	224.000569437306	184.475135537075	-0.720821664952493	-15135.3278171473	-327.448210373141	-306.663321576738	-0.331970776106444
0.05	37262.988502241	-3.34665628543007E-12	28.4911290268804	0.995814578201055	-19614.5222012986	289.913780286486	257.77734561315	-0.463044319339343	-17648.4663009424	-289.913780286483	-290.294039543687	-0.622264815650131
0.051	33357.0502307052	-103.447640935844	-31.0519770970786	0.964762601103976	-14947.7645402686	327.448210373143	301.787765219107	-0.161256554120236	-18409.2856904367	-224.000569437299	-235.429780769436	-0.857694596419567
0.052	26424.1075666033	-196.769106014786	-106.721033936166	0.85804156716781	-7031.1386517259	332.929728162642	301.64917864341	0.140392624523174	-19392.9689148774	-136.160622147855	-153.833896148588	-1.01152849256815
0.053	20164.3065017696	-270.829440026026	-199.87733168019	0.65816423548762	2287.99111537553	305.821764501766	270.775502985794	0.411168127508968	-22452.2976171452	-34.9923244757398	-50.8175285440411	-1.0623460211122
0.054	16183.9471463045	-318.379101467852	-273.450483645038	0.384713751842582	9820.27069185611	248.777835745931	236.452098407171	0.647620225916139	-26004.2178381606	69.6012657219209	58.4729675394739	-1.00387305357272
0.055	13358.6652605796	-334.763598180368	-309.390516383989	0.0753232354585936	13342.8548550656	167.38179909018	192.250918356452	0.839871144272591	-26701.5201156452	167.381799090188	145.774301305417	-0.858098752267305
0.056	10054.1794505793	-318.37910146785	-312.177904528092	-0.236854669069499	13276.0836072824	69.6012657219125	116.757267950683	0.956628412223275	-23330.2630578617	248.777835745937	202.287666870222	-0.655811085397083
0.057	5842.42414255157	-270.829440026021	-284.283483896454	-0.521138152965953	11510.2758372248	-34.9923244757494	13.6969388153634	0.970325351038638	-17352.6999797764	305.82176450177	241.393783475823	-0.41441730192126
0.058	459.661434965299	-196.76910601478	-212.505014721496	-0.733643167687449	9777.4649372328	-136.160622147863	-89.4042044908085	0.88092114654783	-10237.1263721981	332.929728162643	274.204784029621	-0.140212517891639
0.059	-4258.56059227577	-103.447640935835	-121.336130524374	-0.854979298211823	8532.19383701126	-224.000569437306	-179.093145044592	0.701828001503238	-4273.63324473549	327.448210373141	298.18221178702	0.157969693895381
0.06	-6411.00633353365	4.51194637207664E-12	-36.7005625040917	-0.891679860715915	6860.37747967029	-289.913780286487	-253.41223516296	0.448415766340278	-449.37114613664	289.913780286482	288.178286094257	0.446147979989638
0.061	-5471.69168241582	103.447640935845	45.1532272055547	-0.84652663351036	3458.90407620865	-327.448210373143	-296.590015681263	0.151825750659015	2012.78760620718	224.000569437299	240.089227809497	0.686237207799135
0.062	-2495.63248437852	196.769106014787	135.547761243749	-0.710978872266611	-1865.88947164199	-332.929728162642	-299.127621405799	-0.147301870746785	4361.52195602051	136.160622147854	166.758566112425	0.85299577391156
0.063	684.752962999954	270.829440026026	223.123838521541	-0.487855033745071	-7673.74439026279	-305.821764501766	-277.0342892239	-0.424336159970685	6988.99142726283	34.9923244757398	73.6997159615016	0.926695489873061
0.064	3073.90215378026	318.379101467852	284.443863975787	-0.203411169769283	-12008.731024261	-248.777835745932	-245.832748671825	-0.67016890864251	8934.82887048078	-69.6012657219208	-31.1941135305286	0.895501376342533
0.065	5084.87295386447	334.763598180368	310.875145096398	0.107463975327114	-13701.0060091171	-167.381799090181	-198.917463861365	-0.869086372503874	8616.13305525266	-167.381799090188	-126.746499710701	0.768754876631831
0.066	7948.61940379318	318.37910146785	306.613852517856	0.41407782784497	-13268.6652825788	-69.6012657219131	-119.340392538714	-0.988426765042589	5320.04587878562	-248.777835745937	-195.024287810078	0.573730588821754
0.067	12344.4937739752	270.829440026021	265.631237674466	0.679709065519437	-12327.8150028775	34.9923244757488	-17.5702794851829	-1.00599704452777	-16.6787710976788	-305.82176450177	-247.052173690426	0.326678415131328
0.068	17498.1951940488	196.76910601478	190.458287893078	0.870167353412515	-12082.6255478967	136.160622147863	84.2569258296855	-0.921740118698086	-5415.56964615207	-332.929728162643	-293.433022929639	0.0332453922016886
0.069	21342.9894602046	103.447640935835	108.157540412657	0.978324893825172	-12385.5316932176	224.000569437306	179.465295225864	-0.742274823472222	-8957.457766987	-327.448210373141	-318.445608064717	-0.285200215863028
0.07	22243.9041161059	-4.46931380793103E-12	35.2451679907992	1.01357006181597	-11871.3901500831	289.913780286487	260.661098459554	-0.481613725012668	-10372.5139660228	-289.913780286482	-300.636284708058	-0.585836500571086
0.071	19971.4192283568	-103.447640935845	-37.3409546922874	0.976229107123684	-9146.94621513909	327.448210373143	309.299169823712	-0.172314555188956	-10824.4730132177	-224.000569437299	-242.785933570454	-0.828622434141541
0.0720000000000001	15764.2837649732	-196.769106014787	-124.17541975328	0.852053687370404	-3939.03602530814	332.929728162642	312.036865184498	0.139722309995542	-11825.247739665	-136.160622147854	-162.266838290594	-0.990889272432135
0.0730000000000001	11727.3957827836	-270.829440026027	-215.17641352986	0.636877273840544	2211.74887794757	305.821764501766	285.451138388766	0.425173448384308	-13939.1446607311	-34.9923244757387	-65.686242567791	-1.05657551499993
0.0740000000000001	9130.10498349256	-318.379101467852	-283.599741218694	0.35327753262185	7113.30897785088	248.777835745931	249.455933918057	0.674629382302365	-16243.4139613434	69.6012657219219	41.6752615627576	-1.01490025343717
0.0750000000000001	7611.7528305491	-334.763598180368	-317.595318656692	0.0356822139651572	9390.18511533201	167.38179909018	199.203195882448	0.873832578184813	-17001.9379458811	167.381799090189	139.236857674875	-0.875663395762293
0.0760000000000001	5847.45240102779	-318.37910146785	-321.223281610773	-0.285541067645616	9174.24120361881	69.6012657219132	118.225519835305	0.992058098020119	-15021.6936046466	248.777835745937	205.98699325076	-0.669676402511533
0.0770000000000001	2940.0199808233	-270.829440026021	-289.159738420932	-0.574700806066549	7916.98139992669	-34.9923244757487	14.1031264334233	1.00616122445354	-10857.00138075	305.82176450177	251.814371492426	-0.417862031019107
0.0780000000000001	-911.695818293372	-196.769106014779	-217.949801894801	-0.79265060796135	6902.36344261083	-136.160622147864	-89.0974648352829	0.917063759618259	-5990.66762431746	332.929728162643	289.886938595219	-0.127975092423888
0.0790000000000001	-4323.39446464859	-103.447640935834	-127.375322164177	-0.920025930125526	6409.12328272087	-224.000569437307	-180.748699352534	0.736315060265725	-2085.72881807227	327.448210373141	312.174389881411	0.184199297457523
0.0800000000000001	-5846.33637564585	5.60618218514719E-12	-40.1995782812761	-0.960225508406802	5635.76374873134	-289.913780286487	-257.794953125071	0.478520107140654	210.57262691451	289.913780286481	298.123372850215	0.482322670307737
0.0810000000000001	-5069.7248615575	103.447640935845	45.7280054061555	-0.914497503000647	3505.46694953448	-327.448210373143	-304.820174385189	0.173699932755464	1564.25791202302	224.000569437298	246.955230372045	0.729277900679782
0.0820000000000001	-2814.41272541321	196.769106014789	138.961980411037	-0.775535522589609	-196.580228779949	-332.929728162642	-311.249032446258	-0.137549099690793	3010.99295419316	136.160622147852	171.765706552728	0.901043607232511
0.0830000000000001	-499.73472323548	270.829440026027	227.691379789827	-0.547844142799783	-4417.16203868621	-305.821764501765	-289.780186881902	-0.427329286572695	4916.89676192169	34.9923244757376	77.7618515569751	0.978805458789486
0.0840000000000001	1063.08739255476	318.379101467853	290.761393852107	-0.257082748947676	-7589.02440289239	-248.777835745931	-254.817858947195	-0.68214714551989	6525.93701033763	-69.6012657219231	-27.7592549060254	0.951046203883461
0.0850000000000001	2224.27040694741	334.763598180368	319.146181403716	0.0620634324560401	-8816.41446309508	-167.38179909018	-202.316947546245	-0.884464093066135	6592.14405614767	-167.381799090188	-126.566575207392	0.824479628676068
0.0860000000000001	3979.19583581857	318.379101467849	317.321765730982	0.379385198187022	-8441.61553244342	-69.601265721911	-119.125092175641	-1.00358918524178	4462.41969662485	-248.777835745939	-199.92587488343	0.624553753792638
0.0870000000000001	6926.87521687159	270.82944002602	279.315567656216	0.658700765843238	-7693.37853662512	34.9923244757499	-16.2153447092903	-1.01980452995107	766.503319753533	-305.82176450177	-255.441519376102	0.369112234416536
0.0880000000000001	10567.4312265136	196.769106014779	206.239105380208	0.864939871223446	-7517.00180743977	136.160622147864	85.8846461941666	-0.933919883756899	-3050.42941907383	-332.929728162643	-301.143626176785	0.0679686082397513
0.0890000000000001	13397.0500634415	103.447640935834	120.923234581245	0.985863105804691	-7853.57427251171	224.000569437307	180.533560215551	-0.753386323541348	-5543.47579092984	-327.448210373141	-323.645904789346	-0.255677296549595
0.0900000000000001	14151.9522487726	-6.75726141707855E-12	39.683176391991	1.02554628219668	-7694.68591373889	289.913780286488	260.938464948296	-0.492447858593053	-6457.26633503367	-289.913780286481	-305.596578796869	-0.561273875346464
0.0910000000000001	12616.173256962	-103.447640935846	-41.4093789743257	0.984136903222357	-5923.97246274119	327.448210373144	311.082730936066	-0.181365127656987	-6692.20079422082	-224.000569437298	-248.726213872823	-0.810000089219287
0.0920000000000001	9701.4713675639	-196.769106014789	-133.032754319677	0.851104148902679	-2286.16863274887	332.929728162642	317.634424801837	0.136269297144849	-7415.30273481504	-136.160622147852	-169.448908048815	-0.979448997268102
0.0930000000000001	6966.47341800636	-270.829440026027	-223.629852108717	0.627474296793962	2069.07426275566	305.821764501765	294.301582150811	0.43057087929566	-9035.54768076202	-34.9923244757376	-73.3951507263235	-1.05284414799443
0.0940000000000001	5353.28414104422	-318.379101467854	-290.330821509392	0.33714347528457	5468.80305392021	248.777835745929	257.314260589591	0.687885139885252	-10822.0871949644	69.6012657219254	33.7595447506303	-1.0190846032438
0.0950000000000001	4517.39125311427	-334.763598180368	-322.753582825153	0.0143898924594171	6927.91934671489	167.381799090178	203.141231356237	0.891026371241488	-11445.3105998292	167.38179909019	133.642856431339	-0.885441746812456
0.0960000000000001	3411.9150180141	-318.379101467849	-325.148863604646	-0.310758971145229	6593.76228352399	69.6012657219109	119.221897955613	1.0102482691971	-10005.6773015381	248.777835745938	206.237769595293	-0.679203977217163
0.0970000000000001	1299.70239933077	-270.82944002602	-292.189340733409	-0.602948311878639	5614.63962493773	-34.9923244757498	14.6009606397421	1.02484922983684	-6914.34202426849	305.82176450177	257.976910953756	-0.421227066263407
0.0980000000000001	-1615.65247297891	-196.769106014777	-221.407388312774	-0.824355700191412	4989.51369518578	-136.160622147866	-88.5976560061602	0.936251573830683	-3373.86122220687	332.929728162643	299.090526212532	-0.122136540050875
0.0990000000000001	-4200.29706430281	-103.447640935833	-131.452170030121	-0.955807870221533	4890.07628918761	-224.000569437308	-181.385271802549	0.754866302028134	-689.779224884809	327.448210373141	320.33191791265	0.198195377861776
0.1	-5293.67283751489	6.71462885293295E-12	-42.6581307471052	-0.998466000968638	4595.01319738576	-289.913780286488	-259.84787618639	0.495018425841744	698.659640129125	289.913780286481	304.054032440134	0.50224941030191
0.101	-4569.57352171866	103.447640935846	45.8550978045725	-0.952610903164066	3175.40217746862	-327.448210373144	-309.093863775165	0.185924562066579	1394.17134425004	224.000569437298	251.167136738099	0.753416547040009
0.102	-2709.96559965543	196.76910601479	140.940496032453	-0.811670407131613	396.307250679299	-332.929728162641	-317.731314338423	-0.131806752271844	2313.65834897613	136.160622147852	174.923904618437	0.928340451658446
0.103	-913.530368699246	270.829440026029	230.459453238162	-0.581210953893451	-2869.40054046247	-305.821764501765	-297.09508808379	-0.428901840355635	3782.93090916172	34.9923244757364	80.340770226723	1.00868122188517
0.104	156.373036531041	318.379101467853	294.287405039691	-0.28692354885376	-5313.73174616503	-248.77783574593	-260.339374433297	-0.689241214788932	5157.35870963398	-69.601265721923	-25.6420759878576	0.983039145897312
0.105	823.173957950213	334.763598180368	323.841090296474	0.0369175414427143	-6205.9191376095	-167.381799090178	-204.595999658706	-0.893837214447637	5382.74517965929	-167.381799090189	-126.042605213121	0.856996540684191
0.106	1925.69865081339	318.379101467849	323.192896306069	0.360110437748783	-5804.17481970982	-69.6012657219099	-119.59157455425	-1.01342878900189	3878.47616889643	-248.777835745939	-202.697815179754	0.654298725504437
0.107	4033.35546168748	270.829440026019	287.142966071138	0.647253403819921	-5125.45774166511	34.9923244757521	-15.6388335239315	-1.02906762252582	1092.10227997763	-305.821764501771	-259.985752468296	0.394312973036142
0.108	6796.30562766452	196.769106014778	215.168169326167	0.862421573146089	-4969.8498861003	136.160622147865	86.6412101998817	-0.942426412325937	-1826.45574156422	-332.929728162643	-305.542945797273	0.0887700272388683
0.109	9001.46941598151	103.447640935833	128.309074330602	0.99073064747669	-5326.12036420167	224.000569437309	181.053117601863	-0.761373294724073	-3675.34905177983	-327.448210373141	-326.982271794115	-0.238212244555246
0.11	9621.56838787605	-7.87991893957951E-12	42.643504195896	1.03337415167259	-5341.00432030917	289.913780286489	261.073889955025	-0.500299404769049	-4280.56406756688	-289.913780286481	-308.397481386534	-0.54660972594178
0.111	8459.75564438621	-103.447640935848	-43.5007042284276	0.989873447444159	-4104.30213948844	327.448210373144	312.003500880921	-0.188295903888127	-4355.45350489776	-224.000569437297	-252.374555143636	-0.798984281085416
0.112	6252.31048214584	-196.769106014791	-137.883541240986	0.851989906203173	-1368.75144381748	332.929728162641	320.898519027284	0.132602615139156	-4883.55903832836	-136.160622147851	-173.763422528437	-0.972747703613853
0.113	4250.76531467238	-270.829440026028	-228.31989070806	0.623670015495113	1946.49688884433	305.821764501764	299.541714037205	0.432144329176361	-6197.26220351671	-34.9923244757377	-77.8921544269094	-1.05063985804076
0.114	3182.40881191725	-318.379101467854	-294.105273149543	0.32956474234557	4471.34428783799	248.777835745926	261.891574198773	0.694035903375134	-7653.75309975524	69.6012657219264	28.9478354861346	-1.02169202255463
0.115	2735.46571269193	-334.763598180368	-325.816332164549	0.00374841018102102	5435.27503300293	167.381799090176	205.476374091036	0.899512277466171	-8170.74074569486	167.38179909019	130.093504226013	-0.891598518328615
0.116	2009.40367666956	-318.379101467848	-327.360855619394	-0.323612445438373	5006.17410392532	69.6012657219076	120.057671387541	1.01956994885371	-7015.57778059489	248.777835745939	206.21783724572	-0.685380681082896
0.117	370.038415239743	-270.829440026019	-294.13108454991	-0.617743529988283	4171.78489556605	-34.9923244757521	14.9390459484318	1.03450899480214	-4541.82331080579	305.82176450177	261.379649783024	-0.424001031299872
0.118	-1979.95369178309	-196.769106014775	-223.519578892941	-0.841263108881224	3751.8276721105	-136.160622147869	-88.0689276743202	0.946440067127823	-1771.87398032741	332.929728162643	304.452717704911	-0.119548313594961
0.119	-4052.75749631437	-103.447640935832	-134.106859873083	-0.975369968754306	3866.65918585106	-224.00056943731	-181.657861900419	0.764782205227404	186.098310463309	327.448210373141	325.09115607832	0.205542842483359
0.12	-4856.26436201294	9.02389274415327E-12	-44.3232012386799	-1.01969316999299	3819.40614689707	-289.91378028649	-260.709342180111	0.504072863047293	1036.85821511588	289.91378028648	307.606284988874	0.513149127472233
0.121	-4127.42174481649	103.447640935849	45.7792076969591	-0.973913962296027	2778.54934788909	-327.448210373145	-311.133763195166	0.192939099852127	1348.8723969274	224.000569437296	253.735462984019	0.766884590456252
0.122	-2490.30796153898	196.769106014792	142.065384382596	-0.831848577913431	533.981404798468	-332.929728162641	-321.302112724429	-0.128363012872302	1956.32655674051	136.16062214785	176.865697454623	0.943750287910876
0.123	-990.364800652379	270.829440026029	232.030491288203	-0.599818086625229	-2168.16744026795	-305.821764501764	-301.247148162526	-0.429610161034828	3158.53224092033	34.9923244757365	81.9719391335222	1.0257222270444
0.124	-216.794638604693	318.379101467854	296.355723092316	-0.303462363532913	-4157.05267686465	-248.777835745927	-263.652432511964	-0.693262593546792	4373.84731546934	-69.6012657219252	-24.2486332775091	1.00147359376689
0.125	148.168273133175	334.763598180368	326.476531074257	0.0230141675413438	-4810.18265195264	-167.381799090175	-206.264773836728	-0.89952736738352	4662.01437881946	-167.381799090191	-125.66605764809	0.875807536118799
0.126	876.160252699649	318.379101467849	326.475210445534	0.349489377986878	-4354.03707163821	-69.6012657219088	-120.104783913658	-1.01963215129718	3477.87681893856	-248.777835745939	-204.04718834229	0.671760347776509
0.127	2503.00840350877	270.829440026019	291.502994424695	0.640992372411573	-3699.70626823216	34.9923244757533	-15.4496077374198	-1.0350817590346	1196.69786472339	-305.821764501771	-262.518110467816	0.409242237308693
0.128	4741.78457107075	196.769106014778	220.268955889896	0.86126132830147	-3542.10097253417	136.160622147866	86.9006488224564	-0.948181110212142	-1199.68359853658	-332.929728162643	-308.178181998372	0.10106405531032
0.129	6576.33307409018	103.447640935831	132.627449118056	0.993888777419526	-3895.91473883691	224.00056943731	181.320894352042	-0.7668602158601	-2680.41833525328	-327.448210373141	-328.80652191238	-0.22774246660206
0.13	7097.06012794303	-7.8088646660035E-12	44.3968474164182	1.03828562483594	-4013.58758281932	289.913780286489	261.13163601645	-0.505728579843649	-3083.47254512372	-289.913780286481	-310.187921364152	-0.537930387966211
0.131	6120.7801205962	-103.447640935848	-44.4780164666311	0.993807608369313	-3072.15024408084	327.448210373144	312.529065775305	-0.193199514068344	-3048.62987651536	-224.000569437297	-254.503107042911	-0.792433495009122
0.132	4295.62129924331	-196.769106014791	-140.50221465143	0.853305393717883	-850.40083566558	332.929728162641	322.778172881703	0.129578658813359	-3445.22046357773	-136.160622147851	-176.327793473861	-0.968761288482983
0.133	2703.44144272388	-270.829440026029	-230.993168744373	0.62231222497351	1858.76053830414	305.821764501763	302.565553685831	0.43214421249919	-4562.20198102802	-34.9923244757353	-80.6546872442843	-1.04941597572727
0.134	1953.59628653208	-318.379101467854	-296.26870659729	0.32604351837622	3861.3557467341	248.777835745927	264.70802010497	0.696852232604159	-5814.95203326618	69.6012657219264	26.1344881664756	-1.02328148756079
0.135	1720.31598948308	-334.763598180368	-327.509245335035	-0.001465726958815	4528.409098292	167.381799090176	206.92664265143	0.903778875255589	-6248.72508777508	167.38179909019	127.906826407876	-0.895374661152916
0.136	1207.27499418225	-318.379101467848	-328.713901524565	-0.33017962848338	4037.33399568566	69.6012657219077	120.497963580604	1.02427683883619	-5244.60898986791	248.777835745939	205.993691137578	-0.689380970015338
0.137	-158.247058169756	-270.829440026018	-295.223031694867	-0.625402660178247	3277.65820129138	-34.9923244757544	15.2549531601522	1.03953179199635	-3119.41114312162	305.821764501771	263.308894854073	-0.426072075161265
0.138	-2167.3124851957	-196.769106014775	-224.847003733574	-0.850249663911822	2966.30801518354	-136.160622147869	-87.6774702733487	0.951854321722996	-798.995529987833	332.929728162643	307.549391697132	-0.118522683464133
0.139	-3918.49218405522	-103.447640935832	-135.845649093252	-0.986095313005073	3187.45310363876	-224.000569437309	-181.688122365141	0.770166199357856	731.03908041646	327.448210373141	327.854913225092	0.20933222976096
0.14	-4535.87253788419	8.91731133378926E-12	-45.4154227074265	-1.0315107357125	3270.54572745146	-289.913780286489	-261.065410359458	0.509100788998398	1265.32681043274	289.91378028648	309.696842197594	0.519029071958554
0.141	-3793.52234895255	103.447640935849	45.666789988724	-0.985843945723776	2446.31311016553	-327.448210373145	-312.218963956091	0.196881825042307	1347.20923878702	224.000569437296	255.295637643466	0.77432470960202
0.142	-2272.4894167245	196.769106014792	142.706949657406	-0.84313699606637	499.799388254592	-332.929728162641	-323.137028847915	-0.126255203805609	1772.69002846991	136.16062214785	178.098109372825	0.952422818974845
0.143	-955.04495130431	270.829440026029	233.031688929935	-0.610105307136435	-1862.08329976612	-305.821764501764	-303.6345069417	-0.429889710747309	2817.12825107043	34.9923244757366	82.9864597428392	1.03540927871768
0.144	-352.160999287495	318.379101467854	297.433780501852	-0.312671526634583	-3572.94824759136	-248.777835745927	-265.699990284933	-0.695589701032241	3925.10924687886	-69.6012657219252	-23.4269153524973	1.01198236336519
0.145	-155.943480871413	334.763598180368	327.978196569651	0.0153066699350682	-4069.52755973623	-167.381799090175	-207.262267473855	-0.902851968506096	4225.47104060764	-167.381799090191	-125.236440566277	0.88674592279891
0.146	356.807708470264	318.379101467848	328.240482793006	0.343547152728074	-3569.43014156069	-69.6012657219065	-120.540982743502	-1.0233929512496	3212.62243309042	-248.77783574594	-204.811421601842	0.681934501197068
0.147	1701.9036723019	270.829440026017	293.965443949669	0.637512596677744	-2910.78758974489	34.9923244757555	-15.4841153010308	-1.03887706655063	1208.883917443	-305.821764501772	-263.913757511623	0.418020743685445
0.148	3637.79330390877	196.769106014776	223.192818128661	0.860705414806405	-2744.16319225998	136.160622147868	87.0269855652663	-0.951850080985363	-893.630111648793	-332.929728162643	-309.613213924041	0.108407529761404
0.149	5241.3006097234	103.447640935829	135.101419008657	0.995806833815062	-3096.59698258862	224.000569437312	181.390606277457	-0.770459474707905	-2144.70362713478	-327.44821037314	-330.046325074946	-0.221638795313542
0.15	5684.75444021806	-1.00897068477934E-11	45.5631492077815	1.04136998302284	-3257.44430494522	289.91378028649	261.118218011258	-0.509341256696647	-2427.31013527284	-289.91378028648	-311.179595817588	-0.53281839113113
0.151	4798.27950967913	-103.44764093585	-44.9414845940612	0.996428498428782	-2481.808187119	327.448210373145	312.81079285603	-0.196530463840617	-2316.47132256014	-224.000569437295	-255.796097647891	-0.788614488779021
0.152	3180.86528119656	-196.769106014791	-141.915402417299	0.854513096011483	-553.21808956161	332.929728162641	323.866838057651	0.127336374217034	-2627.64719163495	-136.160622147851	-177.837598941671	-0.966452087720692
0.153	1816.31462265887	-270.829440026031	-232.447640069748	0.622065455941736	1806.89624139928	305.821764501763	304.343644960365	0.431680019177399	-3623.21086405815	-34.9923244757331	-82.2591924416577	-1.04871128016235
0.154	1234.58844937648	-318.379101467854	-297.44273471031	0.324622721231426	3511.40335229125	248.777835745927	266.28380573149	0.697963824908889	-4745.99180166773	69.6012657219263	24.4019705799252	-1.02430930958242
0.155	1127.20641868432	-334.763598180368	-328.5403810618	-0.00391765983037368	3997.35048736291	167.381799090174	207.786970263619	0.905750795172508	-5124.55690604723	167.381799090192	126.552124961631	-0.897757184620794
0.156	739.900936396431	-318.379101467848	-329.437746021784	-0.333355405852158	3458.88266703549	69.6012657219055	120.905876051853	1.02665667122436	-4198.78360343193	248.777835745941	205.871071161913	-0.691886113458881
0.157	-459.206069014086	-270.829440026017	-295.970475730858	-0.629325881583016	2732.63053514659	-34.9923244757567	15.4476454204118	1.04210431664477	-2273.4244661325	305.821764501772	264.339707513543	-0.427546405945338
0.158	-2265.44326208067	-196.769106014773	-225.653521355972	-0.854979402938987	2477.88600593778	-136.160622147871	-87.3959645720922	0.95470835207268	-212.442743857106	332.929728162643	309.327339343983	-0.118219066601355
0.159	-3823.85568165966	-103.44764093583	-136.90567457036	-0.991885077509347	2757.39045128929	-224.000569437311	-181.674068358149	0.773034283714531	1066.46523037036	327.44821037314	329.462392405959	0.211243325804604
0.16	-4318.25829919804	1.12407860797248E-11	-46.1374035569291	-1.03802248106628	2904.72194892179	-289.913780286491	-261.160145855613	0.511874137858919	1413.53635027625	289.913780286479	310.944859952984	0.522188185757589
0.161	-3552.34639373392	103.447640935851	45.5446013891365	-0.99247787967714	2188.0479400959	-327.448210373145	-312.643606338995	0.199230531519923	1364.29845363801	224.000569437294	256.240269506723	0.778428455264311
0.162	-2099.06989853924	196.769106014792	143.066366798028	-0.849411512879112	417.391761590769	-332.929728162641	-324.186439597507	-0.124955908077583	1681.67813694847	136.16062214785	178.827593548741	0.957256048813052
0.163	-877.454021335078	270.82944002603	233.525516266571	-0.615885996612541	-1749.75024345665	-305.821764501763	-304.97254901019	-0.429928457087774	2627.20426479173	34.9923244757343	83.618804548368	1.04087485336142
0.164	-380.126275292457	318.379101467855	298.136141820138	-0.317749854792403	-3286.56405269453	-248.777835745924	-266.885606228226	-0.696814063316	3666.69032798699	-69.6012657219297	-22.8535061031376	1.01802134725828
0.165	-289.968395188522	334.763598180368	328.791647680505	0.0110417928881014	-3675.63386629006	-167.381799090175	-208.019177155444	-0.904833240471444	3965.60226147858	-167.381799090191	-125.020824111244	0.893000523147039
0.166	99.2494286690229	318.379101467847	329.277782051557	0.340319574939658	-3134.29258848672	-69.6012657219043	-120.842487971053	-1.0256757284425	3035.0431598177	-248.777835745942	-205.096395700769	0.68790412744627
0.167	1285.27022076415	270.829440026016	295.299829157174	0.635619404096833	-2469.09827058438	34.9923244757578	-15.5676727872116	-1.04124340122971	1183.82804982022	-305.821764501773	-264.701754267526	0.423202373178743
0.168	3041.37525957694	196.769106014774	224.818568378924	0.860437972475757	-2295.87799764256	136.16062214787	87.0219830779915	-0.954221418151717	-745.497261934385	-332.929728162643	-310.525818389369	0.112676554789374
0.169	4510.76049887645	103.447640935829	136.577462283301	0.997015434759058	-2638.89173775657	224.000569437312	181.439702037328	-0.772781716114388	-1871.86876111988	-327.44821037314	-330.635466622931	-0.217958911833557
0.17	4902.82177753726	-1.00186525742174E-11	46.2221018143132	1.04323753657337	-2830.22710318864	289.91378028649	261.1075275596	-0.511674188554789	-2072.59467434862	-289.91378028648	-311.860399209564	-0.52981931104312
0.171	4058.70415764055	-103.447640935852	-45.14113561338	0.998096400959992	-2144.43292967651	327.448210373145	312.957495309262	-0.198716693245527	-1914.27122796404	-224.000569437294	-256.536735167517	-0.786356046210637
0.172	2549.95475364241	-196.769106014794	-142.658845213926	0.855437555746066	-380.109111360472	332.929728162641	324.47113675079	0.125754443505263	-2169.84564228193	-136.160622147847	-178.734618755408	-0.965090664966045
0.173	1313.69037914494	-270.829440026031	-233.303404684875	0.622134151061191	1776.29721357334	305.821764501763	305.352816048922	0.431107259554186	-3089.98759271829	-34.9923244757331	-83.2462129946827	-1.04833687796073
0.174	836.245414336115	-318.379101467855	-298.129011879356	0.324005139181835	3297.57667316852	248.777835745925	267.312534691952	0.698419794246138	-4133.82208750464	69.6012657219285	23.4236381241675	-1.02491323983656
0.175	793.031334885897	-334.763598180368	-329.06745967594	-0.00506232049410469	3676.29721808339	167.38179909017	208.325450617153	0.906745244863291	-4469.32855296929	167.381799090196	125.715986508894	-0.899197253327667
0.176	474.372901768037	-318.379101467848	-329.904831393415	-0.33496715188752	3109.90712064217	69.6012657219055	121.079653043374	1.02782489790666	-3584.28002241021	248.777835745941	205.695416902326	-0.693501836425341
0.177	-632.472860369204	-270.829440026015	-296.331365879305	-0.631298517766825	2402.10389095674	-34.9923244757589	15.6182620973477	1.04344316000401	-1769.63103058753	305.821764501773	264.945823094155	-0.428556013331185
0.178	-2316.61173827577	-196.769106014774	-226.153367656415	-0.857451885423239	2175.17549318925	-136.160622147871	-87.1943192590737	0.956248840744939	141.436245086517	332.929728162644	310.347331664652	-0.118208681666533
0.179	-3752.6255516231	-103.447640935827	-137.61454778881	-0.995066433212049	2480.39008435233	-224.000569437313	-181.623310123809	0.77462553062113	1272.23546727078	327.44821037314	330.38452330031	0.212175841633777
0.18	-4172.15767057958	1.35145228341571E-11	-46.5865855547621	-1.04165301876681	2661.81249169874	-289.913780286492	-261.181012384788	0.513444518236342	1510.34517888084	289.913780286478	311.666804634335	0.523842646268112
0.181	-3392.37058353243	103.447640935851	45.453141697853	-0.996199877068959	2012.56256326849	-327.448210373145	-312.920278165507	0.200524240070834	1379.80802026394	224.000569437294	256.808151088501	0.780650797356613
0.182	-1969.6146433965	196.769106014794	143.265464266591	-0.852934412802367	334.950811400603	-332.929728162641	-324.665311071342	-0.124141071000507	1634.6638319959	136.160622147848	179.305407138387	0.959956204495
0.183	-813.487132391678	270.829440026033	233.900855259606	-0.619033557542761	-1711.23637019635	-305.821764501761	-305.751343384761	-0.429892414385268	2524.72350258803	34.9923244757296	84.0056877596345	1.04396189225463
0.184	-372.752523587148	318.379101467855	298.4371416659	-0.320596415876862	-3145.10340471665	-248.777835745924	-267.64167744694	-0.697534091832208	3517.8559283038	-69.6012657219296	-22.5468863800757	1.02141500587456
0.185	-336.128007160755	334.763598180368	329.261069309604	0.00866465343274245	-3469.55135901791	-167.381799090171	-208.40079243333	-0.905934884265538	3805.67936617866	-167.381799090195	-124.766021609685	0.896648984264874
0.186	-17.3545853572039	318.379101467847	329.785487278126	0.338450140710868	-2903.6868598973	-69.6012657219043	-121.083202046932	-1.02701808631247	2921.0414452545	-248.777835745942	-205.317265671978	0.691331718592896
0.187	1073.83693645234	270.829440026016	296.079455601935	0.634529596312803	-2226.89687082523	34.9923244757577	-15.6555245711809	-1.04267361088365	1153.05993437289	-305.821764501773	-265.115749920499	0.426215968672397
0.188	2727.55003760026	196.769106014771	225.777921955747	0.86030751826855	-2045.67823362998	136.160622147874	87.0398651079007	-0.955633745775751	-681.871803970286	-332.929728162644	-310.964839568145	0.115251129104252
0.189	4109.81953989791	103.447640935829	137.40005671292	0.997707574981471	-2385.60042229696	224.000569437312	181.406782367112	-0.774226963408639	-1724.21911760095	-327.44821037314	-331.127217200744	-0.215876088096492
0.19	4464.75612903004	-1.46656020660885E-11	46.6826213311558	1.04439019631263	-2583.20765045728	289.913780286492	261.06981251361	-0.513157150895029	-1881.54847857276	-289.913780286478	-312.183647969769	-0.528059736066261
0.191	3637.98299220435	-103.447640935854	-45.2142377726783	0.999175958539948	-1948.23060719811	327.448210373146	313.035492114517	-0.200121658780512	-1689.75238500624	-224.000569437292	-256.998265701119	-0.78505800176738
0.192	2189.44674480143	-196.769106014794	-143.074350103429	0.856101608436519	-278.814644117939	332.929728162641	324.819468120959	0.124697809340447	-1910.63210068349	-136.160622147847	-179.266839380012	-0.964324841147391
0.193	1022.28077981296	-270.829440026032	-233.724676190704	0.622376932245814	1763.25961364508	305.821764501762	305.954108971895	0.430651918312342	-2785.54039345804	-34.9923244757309	-83.7839002768279	-1.04810874142422
0.194	593.11207939376	-318.379101467855	-298.482365915605	0.32389456633021	3185.24484219075	248.777835745925	267.823358102912	0.698475276415254	-3778.35692158451	69.6012657219284	22.7863260816208	-1.0253224153426
0.195	592.444969878777	-334.763598180368	-329.424040489805	-0.0055294741595953	3497.21750933133	167.38179909017	208.642498660026	0.907117775075281	-4089.6624792101	167.381799090196	125.215447412907	-0.900106967929691
0.196	315.767481169134	-318.379101467846	-330.116905769838	-0.335646379929434	2908.46962256428	69.601265721901	121.288859797264	1.02840663487254	-3224.23710373342	248.777835745944	205.637254847817	-0.694469713081874
0.197	-731.870450825496	-270.829440026015	-296.631322672856	-0.632277702602289	2205.07591552233	-34.9923244757589	15.704373880244	1.04411100875279	-1473.20546469684	305.821764501773	265.237227072815	-0.429232486009059
0.198	-2343.56335626074	-196.769106014772	-226.493462649839	-0.858771165252128	1994.65671962077	-136.160622147873	-87.1162957501633	0.956994713002626	348.906636639972	332.929728162644	310.911683378871	-0.118320802630188
0.199	-3710.87363722136	-103.447640935825	-137.970978260569	-0.996742143512697	2313.58904699653	-224.000569437315	-181.543057379957	0.775451655622669	1397.28459022483	327.448210373139	330.935663231709	0.212614860601521
0.2	-4080.16095005922	1.34647848426539E-11	-46.8848891116252	-1.04362703262432	2509.58841807377	-289.913780286492	-261.147492993708	0.514304162628961	1570.57253198545	289.913780286478	312.101956956286	0.524716817557808
0.201	-3283.46409689683	103.447640935855	45.3779423296126	-0.99824909029471	1887.04740292814	-327.448210373146	-312.952242075947	0.201351920553014	1396.41669396869	224.000569437289	257.152463137727	0.781869280695534
0.202	-1881.91238226448	196.769106014794	143.377729606617	-0.854871360688093	268.332980286567	-332.929728162641	-324.984983542736	-0.123633062989722	1613.57940197791	136.160622147846	179.569237018345	0.96143851771388
0.203	-753.061365215288	270.829440026033	234.028908975234	-0.620842451712859	-1713.16400424003	-305.821764501761	-306.170391106952	-0.429803454096674	2466.22536945532	34.9923244757297	84.2501195278491	1.04568863724173
0.204	-350.643591965604	318.379101467856	298.697926240656	-0.322144525472202	-3081.50191187343	-248.777835745923	-268.04854136318	-0.697851995459854	3432.14550383904	-69.6012657219319	-22.3074582465987	1.02338117899513
0.205	-352.520771846953	334.763598180368	329.498379400228	0.00735385392802558	-3359.99637610884	-167.381799090169	-208.7475618159	-0.906599557275754	3712.5171479558	-167.381799090197	-124.688588976856	0.898692590018274
0.206	-74.2239652972091	318.379101467846	330.125492267004	0.33747934619503	-2771.50632482593	-69.6012657218998	-121.221923402547	-1.0278214806783	2845.73029012314	-248.777835745945	-205.333653776378	0.693358936241896
0.207	966.03158626725	270.829440026013	296.476876721305	0.633956222916335	-2089.33367753082	34.9923244757624	-15.7195285441958	-1.0435410092225	1123.30209126357	-305.821764501775	-265.356283801418	0.428002652440478
0.208	2557.37274565448	196.769106014773	226.278172694303	0.860234395610638	-1903.55402107704	136.160622147872	86.9825045870766	-0.95655850463542	-653.818724577434	-332.929728162644	-311.304225569562	0.116698426870916
0.209	3893.35196593372	103.447640935826	137.915956854135	0.998150352464773	-2236.34172487602	224.000569437314	181.425699038981	-0.775132805596439	-1657.01024105769	-327.44821037314	-331.271896714759	-0.214573469843843
0.21	4225.39736695962	-1.46087586472277E-11	46.9139680650373	1.04506432052981	-2444.98894128018	289.913780286492	261.058774590235	-0.514074031006205	-1780.40842567944	-289.913780286478	-312.459278609715	-0.527032748453558
0.211	3406.3525319122	-103.447640935854	-45.2440780314106	0.9998202424984	-1836.18777021564	327.448210373146	313.064401988105	-0.2010096290181	-1570.16476169656	-224.000569437292	-257.251665345487	-0.784284413799046
0.212	1986.91559148568	-196.769106014796	-143.275511749477	0.856544730748923	-217.641194662364	332.929728162641	325.000656709357	0.123991027691257	-1769.27439682331	-136.160622147845	-179.57547016966	-0.963859883968705
0.213	859.784343772138	-270.829440026033	-234.010606571673	0.62253412417725	1755.71372757648	305.821764501761	306.278945592477	0.430269973283734	-2615.49807134862	-34.9923244757286	-84.1471056501976	-1.0480069896189
0.214	467.365736667222	-318.379101467856	-298.704692882878	0.323829431294373	3111.41668727166	248.777835745922	268.221956806219	0.698491930089952	-3578.78242393889	69.601265721933	22.464110674806	-1.0255428789441
0.215	483.76919331031	-334.763598180368	-329.564051097541	-0.00573461980316847	3385.34581027395	167.381799090168	208.848437532682	0.907340367622635	-3869.11500358426	167.381799090198	124.904294387246	-0.900638584556851
0.216	228.230769576128	-318.379101467847	-330.286230281349	-0.336020850084517	2785.53559802715	69.6012657219034	121.336608047377	1.02867697567001	-3013.76636760328	248.777835745942	205.530230243427	-0.695108354313424
0.217	-790.474335299795	-270.829440026013	-296.724487880404	-0.632745337964921	2087.26182378626	-34.9923244757635	15.7864582959166	1.04446343396593	-1296.78748848646	305.821764501775	265.433033698507	-0.429675320614917
0.218	-2357.63220793245	-196.769106014772	-226.704699063522	-0.859450037028443	1883.0604021575	-136.160622147873	-87.0445344812438	0.957418899484684	474.571805774952	332.929728162644	311.233817666412	-0.118441502948505
0.219	-3679.21018351702	-103.447640935825	-138.234859276213	-0.997684896304656	2205.6263501762	-224.000569437314	-181.481537495422	0.775937361989262	1473.58383334082	327.44821037314	331.246356737527	0.212804853789022
0.22	-4020.28662588871	1.5759837879159E-11	-47.0587375737398	-1.0447436338784	2410.36782762111	-289.913780286493	-261.128724903452	0.51480863708581	1609.9187982676	289.913780286477	312.344605714895	0.525149459503917
0.221	-3217.12511962503	103.447640935855	45.3312193349917	-0.999412414543404	1811.12011450998	-327.448210373146	-313.040749213116	0.201767887872694	1406.00500511505	224.000569437291	257.357468064202	0.782506927568119
0.222	-1820.91207304867	196.769106014797	143.436687742178	-0.855975726801226	219.042287365672	-332.929728162641	-325.076745512779	-0.123308857640085	1601.869785683	136.160622147844	179.760368125327	0.962267295693446
0.223	-718.077941473128	270.829440026034	234.194339120827	-0.621781387680399	-1718.19181869621	-305.82176450176	-306.426453606256	-0.42973531124634	2436.26976016934	34.9923244757274	84.3959188148056	1.04666321450825
0.224	-332.494717099998	318.379101467857	298.748825548075	-0.323032562132324	-3050.10401496455	-248.777835745921	-268.336483965172	-0.698071795211512	3382.59873206454	-69.6012657219341	-22.2091523585233	1.02445406214973
0.225	-348.797015626342	334.763598180368	329.645884445215	0.00661332231289083	-3304.48564305429	-167.381799090167	-208.864045686836	-0.906935840898348	3653.28265868064	-167.381799090199	-124.542634987657	0.899911427162071
0.226	-93.1664496169366	318.379101467846	330.244038825404	0.336857361138295	-2706.03794128569	-69.6012657219022	-121.3449380096	-1.02828077890795	2799.20439090263	-248.777835745943	-205.423944505831	0.69448748265624
0.227	914.632290853346	270.829440026015	296.7345499794	0.633591911117695	-2016.03118542916	34.9923244757599	-15.7693032438624	-1.04405008215181	1101.39889457582	-305.821764501773	-265.4685690368	0.429018913619439
0.228	2471.59955632002	196.769106014767	226.610154198873	0.860202065316568	-1824.81074040226	136.160622147878	86.9922681530695	-0.957057813998741	-646.78881591776	-332.929728162644	-311.409349781795	0.117609563837644
0.229	3774.01280884738	103.447640935824	138.177221907216	0.998379287223784	-2157.02375566305	224.000569437315	181.384997317343	-0.775672816681398	-1616.98905318434	-327.448210373139	-331.497722294887	-0.213888158457242
0.23	4089.55396405217	-1.68967062563752E-11	47.1044551349478	1.04548374235873	-2362.49729320939	289.913780286493	261.028931921452	-0.514643884759946	-1727.05667084278	-289.913780286476	-312.53962439121	-0.526427782848452
0.231	3271.47838190118	-103.447640935856	-45.2392125945948	1.00024452976414	-1769.24447259137	327.448210373146	313.082562840254	-0.201561321919693	-1502.23390930981	-224.00056943729	-257.422274985687	-0.783850057834139
0.232	1869.58607834442	-196.769106014798	-143.402262747069	0.856842267017067	-181.628978277022	332.92972816264	325.10858271144	0.123547260791747	-1687.9571000674	-136.160622147843	-179.764772635033	-0.963614830469172
0.233	762.306692688853	-270.829440026035	-234.11500144484	0.622727265572227	1755.40870688519	305.82176450176	306.482356783012	0.43002961757476	-2517.71539957404	-34.9923244757264	-84.3173665220371	-1.04793219699121
0.234	380.800024524145	-318.379101467856	-298.801673815339	0.323925591756889	3080.45833686043	248.777835745924	268.360018940179	0.698389636514938	-3461.25836138457	69.6012657219306	22.2209648011564	-1.02571123219005
0.235	413.476436244171	-334.763598180368	-329.698936044255	-0.00577334428736679	3329.3026065082	167.381799090166	208.965733623088	0.907355370138027	-3742.77904275237	167.3817990902	124.728404118924	-0.900982828071128
0.236	172.4989947724	-318.379101467845	-330.328229092504	-0.336101573379871	2718.80362410982	69.6012657218965	121.457351703124	1.02881272184115	-2891.30261888222	248.777835745947	205.524030673889	-0.695458797397239
0.237	-823.902502686622	-270.829440026014	-296.863016013657	-0.632964589393527	2018.47407915163	-34.9923244757611	15.8159647420997	1.04462868658325	-1194.57157646501	305.821764501774	265.500037766486	-0.429958759630753
0.238	-2366.0665116989	-196.76910601477	-226.834640199635	-0.859799229593163	1819.12767072903	-136.160622147875	-87.0238473729539	0.957604839210296	546.938840969865	332.929728162644	311.41068870582	-0.118548070924933
0.239	-3664.52582222963	-103.447640935819	-138.349219966139	-0.998148449559302	2145.15446301346	-224.00056943732	-181.439514637935	0.776165324572362	1519.37135921617	327.448210373138	331.428801386302	0.212880730461369
0.24	-3985.06414007193	1.80548909156641E-11	-47.1812039416252	-1.04532965350093	2351.88173836275	-289.913780286494	-261.093448786778	0.515071875785584	1633.18240170918	289.913780286476	312.496655932217	0.525377386393586
0.241	-3171.68626788978	103.447640935858	45.2938658925599	-1.00003578760837	1755.7829260351	-327.448210373147	-312.989003169097	0.202082872616487	1415.90334185468	224.000569437289	257.483368071682	0.782860754465268
0.242	-1783.39782115422	196.769106014799	143.473292110521	-0.856562495497846	184.959408286044	-332.92972816264	-325.190628309137	-0.12310775569265	1598.43841286818	136.160622147842	179.849011587101	0.962709766052369
0.243	-684.847780617015	270.829440026035	234.198697413768	-0.622363798084078	-1732.91602897599	-305.821764501759	-306.548513866273	-0.429656269558923	2417.76380959301	34.9923244757252	84.4907905919202	1.04720055664429
0.244	-314.435813556826	318.379101467858	298.870203886014	-0.323493594198063	-3039.86092518235	-248.77783574592	-268.462532754467	-0.69811880231339	3354.29673873918	-69.6012657219364	-22.1007102269213	1.02509984641737
0.245	-346.548523838652	334.763598180368	329.705220672164	0.00621162647410027	-3274.31986954637	-167.381799090169	-209.04052518513	-0.90715932749852	3620.86839338503	-167.381799090197	-124.540974661651	0.900558871755717
0.246	-104.069528633822	318.379101467846	330.370692064976	0.336582318539076	-2664.10592989142	-69.6012657218999	-121.397599701254	-1.02855692719977	2768.17545852524	-248.777835745945	-205.379192301346	0.695179679454371
0.247	888.52475406089	270.829440026011	296.84029589451	0.633422614433586	-1972.25117011576	34.9923244757669	-15.8013059945188	-1.04435823319429	1083.72641605487	-305.821764501776	-265.545120657091	0.42963455879728
0.248	2423.45132936971	196.769106014769	226.750853437309	0.860173467870895	-1779.32995327776	136.160622147876	86.942822461534	-0.957415410732758	-644.121376091946	-332.929728162644	-311.55622739791	0.11807833139937
0.249	3711.58446044628	103.447640935822	138.369181590687	0.998542649461583	-2106.47571675448	224.000569437317	181.405656149686	-0.776009754583072	-1605.10874369179	-327.448210373139	-331.485742464652	-0.213407411065283
0.25	4017.93644413997	-1.91917592928803E-11	47.1731242911683	1.04571577375275	-2318.23763520222	289.913780286495	261.027816793519	-0.514981937789554	-1699.69880893775	-289.913780286475	-312.669267178639	-0.526076678243922
0.251	3200.62442142229	-103.447640935854	-45.2418485308357	1.00047392522192	-1731.90361409837	327.448210373146	313.079723494839	-0.201902214294715	-1468.72080732391	-224.000569437292	-257.505135540334	-0.783581813784255
0.252	1805.09495914699	-196.769106014796	-143.448837503815	0.857025087718101	-158.920401267002	332.929728162641	325.154382598782	0.123252168304067	-1646.17455787999	-136.160622147845	-179.870636192682	-0.963452449976937
0.253	710.903674225234	-270.829440026033	-234.228405438639	0.622796682279461	1754.16048431887	305.821764501761	306.578168916285	0.429830337220353	-2465.0641585441	-34.9923244757288	-84.4632779133922	-1.04791572789033
0.254	345.000340040977	-318.379101467856	-298.878771737401	0.32391791054206	3053.25257218805	248.777835745922	268.538892397638	0.698369229617991	-3398.25291222903	69.6012657219329	22.1326383956397	-1.02578308949469
0.255	379.922986807536	-334.763598180368	-329.713608311276	-0.00579569776921567	3289.19639798939	167.381799090168	209.048665893769	0.90741789551176	-3669.11938479692	167.381799090198	124.613383426581	-0.901169706068109
0.256	144.593902457343	-318.379101467847	-330.40002537226	-0.336195723141475	2675.29237457956	69.6012657219036	121.449105592114	1.02886700110387	-2819.88627703691	248.777835745942	205.457294656271	-0.695712411411838
0.257	-844.455993853529	-270.829440026013	-296.860405766569	-0.633056128908045	1977.47380661753	-34.9923244757634	15.8579482610828	1.04472494936496	-1133.017812764	305.821764501775	265.573657430228	-0.430138753981611
0.258	-2370.43063693501	-196.769106014768	-226.912020412596	-0.859968149320641	1778.15662180391	-136.160622147877	-86.9838914231336	0.957741057941823	592.2740151311	332.929728162644	311.513741553245	-0.118625012428366
0.259	-3650.76760030405	-103.447640935826	-138.468461021601	-0.998436610342242	2103.3930459713	-224.000569437314	-181.415782712412	0.776325275229411	1547.37455433274	327.44821037314	331.524840032327	0.212899827603961
0.26	-3961.7547086465	1.56035184772918E-11	-47.2434814459615	-1.0456800917882	2312.7289436641	-289.913780286493	-261.084485431414	0.515240789797997	1649.02576498241	289.913780286477	312.573424682881	0.525473252286842
0.261	-3147.00217740415	103.44764093586	45.2748896129653	-1.00040520217524	1727.20695995128	-327.448210373147	-313.041763179348	0.202199026618649	1419.79521745287	224.000569437288	257.556963059417	0.783030215346259
0.262	-1757.08083746284	196.769106014797	143.48984141601	-0.856915360759229	161.799674665023	-332.929728162641	-325.175675360238	-0.122976648741589	1595.28116279781	136.160622147844	179.932971081391	0.96296318642765
0.263	-671.506908464374	270.829440026034	234.294242326348	-0.622621118432881	-1738.3366710567	-305.82176450176	-306.636610623716	-0.429613259365306	2409.84357952108	34.9923244757276	84.5444711554882	1.04750765758314
0.264	-304.358711689337	318.379101467857	298.842872674483	-0.323778245758398	-3033.43583617179	-248.777835745921	-268.582687427529	-0.698195946792834	3337.79454786113	-69.601265721934	-22.0829493361532	1.02542470824699
0.265	-337.877248022909	334.763598180368	329.754288104456	0.00597604234605779	-3260.41140719594	-167.381799090167	-209.049359630523	-0.907245306423357	3598.28865521884	-167.381799090199	-124.448773911247	0.900975934335738
0.266	-102.452645123454	318.379101467845	330.371994584119	0.336348036930177	-2647.75021097339	-69.6012657218976	-121.462262820109	-1.02870756924347	2750.20285609684	-248.777835745946	-205.442055578617	0.695533878757121
0.267	878.189573126434	270.829440026015	296.935584999572	0.633283621929749	-1951.05727240801	34.9923244757598	-15.82502849014	-1.04453259773361	1072.86769928157	-305.821764501773	-265.568781737563	0.429965097019558
0.268	2402.22164174759	196.769106014767	226.880613935932	0.860164235865681	-1754.8811265035	136.160622147878	86.9637723950458	-0.957568825338561	-647.340515244095	-332.929728162644	-311.550353710554	0.118414743309004
0.269	3676.04014678386	103.44764093582	138.44299580442	0.998607231670101	-2083.05628324017	224.000569437319	181.37014027534	-0.77619868506322	-1592.98386354369	-327.448210373138	-331.618576075293	-0.213203832766289
0.27	3975.18924091186	-1.67261759997928E-11	47.2622303252987	1.0458694619954	-2289.54784206328	289.913780286493	261.007108720528	-0.515191576342693	-1685.64139884858	-289.913780286476	-312.662587838546	-0.525866420604835
0.271	3156.11231026879	-103.447640935856	-45.2278812576763	1.00064158073772	-1708.24478871626	327.448210373146	313.083720787438	-0.202107855555254	-1447.86752155254	-224.00056943729	-257.573818726802	-0.783440239331637
0.272	1766.23029965024	-196.769106014798	-143.495013064573	0.857146567673151	-145.927120588486	332.92972816264	325.187066381354	0.123079210826099	-1620.30317906175	-136.160622147843	-179.941732998817	-0.963381972330454
0.273	676.913056341707	-270.829440026035	-234.236714132042	0.622909853541109	1756.63974957301	305.82176450176	306.649796731842	0.429729007557941	-2433.55280591472	-34.9923244757265	-84.5055713893944	-1.04788754371985
0.274	310.228228977723	-318.379101467857	-298.896377835324	0.324013475705785	3048.67275960977	248.777835745921	268.547070321012	0.698276077878953	-3358.90098858749	69.6012657219351	22.0280946905937	-1.02585944902925
0.275	353.196938619577	-334.763598180368	-329.777815813129	-0.00576434010734391	3274.65897753904	167.381799090166	209.091568543435	0.907367646422388	-3627.85591615861	167.3817990902	124.55721788632	-0.901302231142935
0.276	123.541940122894	-318.379101467845	-330.387434406735	-0.336151774514079	2655.17949178265	69.6012657218966	121.531600250676	1.02889924667306	-2778.72143190555	248.777835745947	205.478239002308	-0.695823992140627
0.277	-855.709188384459	-270.829440026012	-296.941965541883	-0.633093740055962	1954.25305439021	-34.9923244757656	15.8624038460666	1.04476165051913	-1098.54386600575	305.821764501776	265.574794124802	-0.430249198015825
0.278	-2373.564723553	-196.76910601477	-226.961026924008	-0.86005476697997	1756.8927614987	-136.160622147875	-86.9862960161782	0.957775354502952	616.671962054293	332.929728162644	311.566202719353	-0.118682995296473
0.279	-3647.38859704161	-103.447640935819	-138.494272092821	-0.998549039072791	2083.52898675843	-224.00056943732	-181.399269637976	0.776376084864976	1563.85961028318	327.448210373138	331.583365609951	0.212900370313479
0.28	-3949.4913140326	1.78772552317241E-11	-47.296181221604	-1.04584522029439	2292.00775118676	-289.913780286494	-261.061587215599	0.515314497649377	1657.48356284585	289.913780286476	312.628137967881	0.52552850828136
0.281	-3128.31136514515	103.447640935857	45.2577564169789	-1.00058746387742	1702.98826588852	-327.448210373146	-312.977728028595	0.202336769620782	1425.32309925663	224.000569437289	257.60419092608	0.78313269920744
0.282	-1742.81165251724	196.769106014799	143.504342422731	-0.857083121454685	146.909479096905	-332.92972816264	-325.234130540876	-0.122897360920094	1595.90217342034	136.160622147842	179.956588943083	0.963089288150523
0.283	-653.981503319482	270.829440026035	234.257519704186	-0.622825601750498	-1749.4509706951	-305.821764501759	-306.663815939338	-0.429561176859432	2403.43247401458	34.9923244757254	84.5827316209493	1.04767201977147
0.284	-294.1902972839	318.379101467857	298.921185658657	-0.323904416091841	-3034.41272889296	-248.77783574592	-268.608766117283	-0.698169942976715	3328.60302617686	-69.6012657219362	-22.0246155718944	1.02564740419958
0.285	-336.031906556322	334.763598180368	329.759842313133	0.0058554262212916	-3251.89654386751	-167.381799090165	-209.158140932425	-0.907328083909141	3587.92845042383	-167.381799090201	-124.482502153377	0.901164902046201
0.286	-104.897077416048	318.379101467846	330.435296932839	0.336290723154131	-2632.58364322962	-69.6012657219	-121.475206894119	-1.02880329080326	2737.48072064567	-248.777835745944	-205.386223225519	0.695778678820682
0.287	872.2309097965	270.829440026011	296.951067831209	0.63324179098534	-1936.21242830996	34.9923244757668	-15.8387753614531	-1.04464206616471	1063.98151851346	-305.821764501776	-265.597940888964	0.430180737931719
0.288	2387.96560282389	196.769106014769	226.906388198058	0.860148179183398	-1739.95666996624	136.160622147876	86.924174183758	-0.957717891980954	-648.008932857649	-332.929728162644	-311.633874112702	0.118546863819017
0.289	3659.09540683659	103.447640935822	138.525948706902	0.998674127890301	-2064.33260409877	224.000569437317	181.396637546054	-0.7763212544349	-1594.76280273781	-327.448210373139	-331.55224856628	-0.213005384747264
0.29	3955.03679588907	-1.90212290362979E-11	47.2699810985127	1.04594410898881	-2276.18309111204	289.913780286494	261.013367093145	-0.515307887341755	-1678.85370477704	-289.913780286475	-312.740448167546	-0.52574583291481
0.291	3136.00120501208	-103.447640935859	-45.2309535337847	1.00071315545503	-1696.14347610314	327.448210373147	313.07444647299	-0.202233440868765	-1439.85772890894	-224.000569437289	-257.596806677206	-0.783342639592016
0.292	1746.31228746647	-196.7691060148	-143.499134301903	0.857214021153126	-137.076863768107	332.92972816264	325.191651764448	0.122958210895683	-1609.23542369837	-136.160622147841	-179.977574476787	-0.963320214068803
0.293	661.931828882967	-270.829440026036	-234.297538218394	0.622916482934732	1756.31412929288	305.821764501759	306.670660001005	0.429628870896688	-2418.24595817585	-34.9923244757242	-84.5755347236136	-1.04789574879242
0.294	304.257546955586	-318.379101467858	-298.929412439817	0.323987070494915	3036.17060408738	248.777835745919	268.649390044193	0.698278260940881	-3340.42815104296	69.6012657219374	22.020699651637	-1.02587504914078
0.295	344.847190158354	-334.763598180368	-329.753226960006	-0.00576615646509067	3258.37183985996	167.381799090164	209.128483956612	0.907406744897492	-3603.21903001832	167.381799090202	124.513699237704	-0.901361349903076
0.296	115.853430899136	-318.379101467846	-330.428637564751	-0.336194794029842	2638.76923690945	69.601265721899	121.49918782992	1.02890593272741	-2754.62266780859	248.777835745945	205.430364336649	-0.695930985566427
0.297	-863.318365871543	-270.829440026013	-296.905994411716	-0.633100788441558	1940.14806473764	-34.9923244757632	15.8873558417119	1.04479328856912	-1076.82969886609	305.821764501775	265.613096981843	-0.430317888584584
0.298	-2374.93663617516	-196.769106014764	-226.990007380588	-0.860090795822146	1741.43258141809	-136.160622147881	-86.9615354175386	0.957831753151586	633.50405475707	332.929728162645	311.598616336309	-0.118719272248275
0.299	-3640.66693365964	-103.447640935821	-138.558638357493	-0.998649434179639	2066.52535734831	-224.000569437318	-181.392818386611	0.776438934764975	1574.14157631133	327.448210373139	331.608951922048	0.212889679673773
0.3	-3940.42297017805	2.01509919861564E-11	-47.3148834138413	-1.04596431759348	2276.35438739157	-289.913780286495	-261.063041244796	0.515375893520179	1664.06858278648	289.913780286475	312.648322128703	0.525538001802476
0.301	-3120.47555345016	103.44764093586	45.2524133671457	-1.00071190422633	1694.37953178598	-327.448210373147	-313.027482620497	0.202348410899682	1426.09602166418	224.000569437288	257.630623502274	0.78316862530475
0.302	-1731.60622562769	196.769106014801	143.508621364213	-0.857203282862121	137.059479860196	-332.92972816264	-325.191643186444	-0.122843232286763	1594.54674576749	136.16062214784	180.000835201707	0.963169460506457
0.303	-651.533415782422	270.829440026037	234.330127977597	-0.622873154884525	-1750.60471638585	-305.821764501758	-306.698706692462	-0.429541938979224	2402.13813216827	34.992324475723	84.6018830089187	1.04777134351538
0.304	-290.458743713891	318.379101467857	298.869869997283	-0.324003284887242	-3032.62779412848	-248.777835745921	-268.669561037152	-0.698211500016377	3323.08653784237	-69.6012657219338	-22.0373927652646	1.02573395075011
0.305	-329.453932109744	334.763598180368	329.779729476568	0.0057764445893262	-3249.16579860755	-167.381799090163	-209.124657961045	-0.907336157977422	3578.6197307173	-167.381799090203	-124.414034641514	0.901319916108596
0.306	-100.353863870027	318.379101467844	330.402488240154	0.33617893282948	-2630.74350993825	-69.6012657218931	-121.513962928347	-1.02885012090577	2731.09737380828	-248.777835745949	-205.445167905736	0.695874748202861
0.307	871.50695404058	270.829440026012	296.996318294324	0.633175251123804	-1931.09712527171	34.9923244757643	-15.8495268780003	-1.04469964778377	1059.59017123113	-305.821764501775	-265.596433660056	0.430278314542805
0.308	2384.32756658886	196.769106014767	226.971491655725	0.860146742779528	-1732.69651259577	136.160622147878	86.9527958708657	-0.957746851912903	-651.631053993083	-332.929728162644	-311.5918025416	0.118686512001205
0.309	3648.07376723293	103.447640935816	138.536510508838	0.998683253288366	-2058.99261580391	224.000569437322	181.365753731329	-0.776381098181574	-1589.08115142901	-327.448210373137	-331.653446881785	-0.21296693488058
0.31	3940.72414284402	-2.13233875001606E-11	47.3214838754635	1.04600473716383	-2265.26851893649	289.913780286496	260.998205171941	-0.515382893009633	-1675.45562390753	-289.913780286474	-312.703137420466	-0.525670072301046
0.311	3119.95797098345	-103.447640935861	-45.2193806163343	1.0007853565475	-1687.2243008428	327.448210373147	313.07654804236	-0.202306344967273	-1432.73367014065	-224.000569437287	-257.629669954455	-0.783299742255501
0.312	1732.78648247671	-196.769106014802	-143.523454056524	0.857261902490972	-132.519930868423	332.92972816264	325.202277463318	0.122895932496044	-1600.26655160829	-136.160622147839	-180.007716407041	-0.963307458662542
0.313	648.788285499072	-270.829440026037	-234.276606754528	0.622985295736443	1758.8417400514	305.821764501758	306.699681304573	0.429595613800617	-2407.63002555047	-34.9923244757219	-84.5731002187632	-1.04788055888131
0.314	286.69662144979	-318.379101467859	-298.923263193392	0.324062032543051	3039.67953084899	248.777835745918	268.612399703597	0.698208013504214	-3326.37615229878	69.6012657219396	21.9636649040265	-1.02591689397728
0.315	332.782462708709	-334.763598180368	-329.795826025139	-0.00573379348208805	3257.39887462154	167.381799090166	209.143315090006	0.907351328594219	-3590.18133733025	167.3817990902	124.500608963798	-0.901416285013481
0.316	106.625770851547	-318.379101467843	-330.399480962545	-0.336133274444633	2634.35291595351	69.6012657218921	121.56545950586	1.02891678810008	-2740.97868680506	248.77783574595	205.463271001855	-0.695953014011626
0.317	-866.936289994652	-270.829440026009	-296.968005073126	-0.633101279517759	1932.67048268214	-34.9923244757702	15.8812690291477	1.04479805712923	-1065.73419268749	305.821764501778	265.595525912277	-0.430357488099348
0.318	-2376.33217826178	-196.769106014766	-227.009808543924	-0.860111088061683	1735.35735160418	-136.160622147879	-86.9741245520285	0.957823932577199	640.974826657593	332.929728162644	311.611414129263	-0.118746073970085
0.319	-3641.52051095779	-103.447640935819	-138.551179491843	-0.998662267553526	2061.5821765936	-224.00056943732	-181.387225308843	0.776436707268356	1579.93833436419	327.448210373138	331.6272988161	0.212881224846015
0.32	-3936.82817562486	2.24815721594496E-11	-47.3406915740538	-1.04600295912758	2270.0605529659	-289.913780286496	-261.048191241766	0.51538851602659	1666.76762265897	289.913780286474	312.670084758245	0.52555130960426
0.321	-3112.25598575061	103.447640935862	45.2445195531652	-1.00075843957441	1682.79641761022	-327.448210373147	-312.96457565043	0.20242394037616	1429.45956814038	224.000569437286	257.649650313491	0.783200959917751
0.322	-1727.01753277643	196.769106014803	143.516925460423	-0.857241514113992	131.104201138649	-332.92972816264	-325.236516531634	-0.122812576155474	1595.91333163778	136.160622147838	180.000361725505	0.963201321643257
0.323	-641.264416307083	270.829440026038	234.279832687539	-0.622961681426453	-1758.06621175767	-305.821764501758	-306.696174970715	-0.429508751126189	2399.33062806475	34.9923244757208	84.6190174575016	1.04782033910076
0.324	-284.953006733757	318.379101467857	298.935190283261	-0.324026491143192	-3035.27838523593	-248.77783574592	-268.660454417018	-0.698169205543207	3320.23139196969	-69.6012657219361	-21.9978236114799	1.02582251548928
0.325	-329.851488456462	334.763598180368	329.769783437832	0.00574329229463976	-3246.35739968629	-167.381799090165	-209.207060021639	-0.907376265564846	3576.20888814275	-167.381799090201	-124.462762867733	0.901359752621545
0.326	-102.21333793021	318.379101467845	330.447812953168	0.336191105247808	-2623.45506064474	-69.6012657218956	-121.509859767601	-1.02888612533245	2725.66839857495	-248.777835745948	-205.388524036541	0.695971228585004
0.327	869.924915198011	270.829440026011	296.984199660302	0.63317530490811	-1925.17290621826	34.9923244757666	-15.8547291032636	-1.04474085443571	1055.24799102025	-305.821764501776	-265.612381394114	0.43035884719089
0.328	2379.1109048026	196.769106014761	226.96037849318	0.86013568340129	-1727.46228880271	136.160622147884	86.9186171088904	-0.957822237326821	-651.648615999891	-332.929728162645	-311.654987324246	0.118703859866644
0.329	3644.31086441771	103.447640935813	138.582625221015	0.998718308622305	-2050.59065933708	224.000569437324	181.395731823439	-0.776426505503382	-1593.72020508064	-327.448210373137	-331.568964512101	-0.212865104645457
0.33	3936.21398661183	-1.88649096344307E-11	47.3066590288538	1.04602496765116	-2262.15451662326	289.913780286495	261.00836639915	-0.515418139104232	-1674.05946998857	-289.913780286475	-312.762992924851	-0.525628097570308
0.331	3115.80006010553	-103.447640935863	-45.2255553222243	1.00079941232893	-1683.77499733407	327.448210373148	313.067088416707	-0.202351050687524	-1432.02506277147	-224.000569437285	-257.63151399798	-0.783259611568288
0.332	1727.2695101858	-196.769106014804	-143.516201104925	0.857283211224009	-128.820070292083	332.92972816264	325.195360185188	0.122844309497663	-1598.44943989372	-136.160622147837	-180.019157600276	-0.963278769168564
0.333	645.787242220372	-270.829440026039	-234.321513645033	0.622961697578977	1758.19675363668	305.821764501757	306.69661176096	0.429540921258624	-2403.98399585705	-34.9923244757196	-84.616675387001	-1.04789544455556
0.334	290.65845384547	-318.379101467859	-298.943191289673	0.324018506289303	3031.54727667434	248.777835745916	268.688192009431	0.698229113268055	-3322.20573051981	69.6012657219418	21.9838915661357	-1.02591155298943
0.335	332.941498974018	-334.763598180368	-329.759616699366	-0.00574111041006253	3248.77820291343	167.381799090164	209.162719303709	0.907391832571763	-3581.71970188745	167.381799090202	124.482520860636	-0.901429032128793
0.336	105.866503892247	-318.379101467844	-330.431777079614	-0.336172887489676	2626.95424940321	69.6012657218946	121.522743509734	1.0289145760815	-2732.82075329546	248.777835745948	205.423158185283	-0.69600587394351
0.337	-870.039500914067	-270.82944002601	-296.920721523868	-0.633093609013544	1927.74333718631	-34.9923244757678	15.8992635282216	1.04481383960972	-1057.70383627224	305.821764501777	265.623992009476	-0.430381881934034
0.338	-2376.65879294722	-196.769106014764	-227.021339618813	-0.860114948632357	1728.85915147788	-136.160622147881	-86.9557270161412	0.957858112593578	647.799641469338	332.929728162645	311.621588198593	-0.118760293735441
0.339	-3637.32766292128	-103.447640935812	-138.595030507393	-0.99870997913975	2053.53976341594	-224.000569437325	-181.387717812752	0.776470394780827	1583.78789950534	327.448210373137	331.630451163738	0.212870157428298
0.34	-3932.99545242004	2.00230942937196E-11	-47.342767757107	-1.04605274689686	2263.20853647366	-289.913780286495	-261.055197305367	0.515415197475459	1669.78691594638	289.913780286475	312.671310099007	0.525541467527305
0.341	-3110.84056058546	103.447640935859	45.24508151699	-1.00080766537987	1682.05841621175	-327.448210373147	-313.016384082381	0.202398813393079	1428.78214437371	224.000569437288	257.659142945882	0.783200610473186
0.342	-1721.89123027406	196.769106014804	143.517694388675	-0.857289970991192	127.087349506048	-332.929728162639	-325.187978506431	-0.122789165113352	1594.80388076801	136.160622147836	180.029807972218	0.963230418445404
0.343	-643.558688629745	270.829440026039	234.344852538095	-0.622945118453097	-1756.42892546209	-305.821764501757	-306.714639174511	-0.429503804287863	2399.98761409184	34.9923244757185	84.6252926993092	1.04785571114471
0.344	-284.464295386752	318.37910146786	298.876746171929	-0.324068372281169	-3033.87605455932	-248.777835745915	-268.700440263689	-0.698204244551552	3318.34034994607	-69.601265721943	-22.0218821763334	1.02583382896838
0.345	-325.155793052424	334.763598180368	329.781607568834	0.00571323528766581	-3246.50635686282	-167.381799090159	-209.157080785161	-0.907361325336713	3571.66214991524	-167.381799090207	-124.403919574946	0.901429909393434
0.346	-97.9691524705609	318.379101467844	330.405729560698	0.336118964848364	-2625.86331793943	-69.6012657218934	-121.537677186506	-1.02889900252322	2723.83247040999	-248.777835745949	-205.447665321741	0.695982244071693
0.347	871.064374556278	270.829440026009	297.014212103818	0.633133176952182	-1925.00776272455	34.9923244757689	-15.8597770220623	-1.04475877954528	1053.94338816827	-305.821764501777	-265.604008928868	0.430378235142825
0.348	2380.04419298074	196.769106014763	227.004553760367	0.860137730712549	-1725.6573878972	136.160622147882	86.9508647418669	-0.957807914803414	-654.386805083541	-332.929728162645	-311.601502813719	0.118776732329106
0.349	3640.31785353882	103.447640935816	138.571701405678	0.998709432118227	-2051.13060037186	224.000569437322	181.367131837945	-0.776440782965469	-1589.18725316696	-327.448210373137	-331.659936354385	-0.212883204025279
0.35	3930.49574747039	-3.06741299027635E-11	47.3443216938272	1.04605375381205	-2257.15730333735	289.9137802865	260.995854731662	-0.515444928233806	-1673.33844413304	-289.91378028647	-312.715156299052	-0.525598360324331
0.351	3108.68864067964	-103.447640935861	-45.2164056622675	1.00083734814979	-1679.93544750992	327.448210373147	313.069884547651	-0.202375043686156	-1428.75319316973	-224.000569437287	-257.651647153687	-0.783250007478019
0.352	1721.93553600276	-196.769106014802	-143.534684540023	0.857302663609764	-127.429692473543	332.92972816264	325.200300530026	0.12282525684387	-1594.50584352922	-136.160622147839	-180.034864440503	-0.963284871918522
0.353	639.509347787689	-270.82944002604	-234.29164355384	0.623011020055923	1760.31720672895	305.821764501756	306.712274025445	0.429537530869315	-2399.82655451664	-34.9923244757174	-84.5986940719882	-1.04788356599051
0.354	278.83700564421	-318.37910146786	-298.930078150203	0.32408094190572	3037.38081279247	248.777835745915	268.635571266649	0.698173102135964	-3316.21781843668	69.6012657219441	21.942970447538	-1.02594059554297
0.355	325.838969978933	-334.763598180368	-329.796144304989	-0.00571520239926946	3252.10799115549	167.381799090158	209.166691357323	0.907339793493288	-3577.94696113442	167.381799090208	124.484491545913	-0.901456103997059
0.356	100.714768347739	-318.379101467843	-330.398143099331	-0.336113345498601	2627.69399249663	69.6012657218923	121.58213675036	1.02892193024365	-2728.40876084437	248.77783574595	205.460727834635	-0.695995376162424
0.357	-870.969481069873	-270.829440026009	-296.976203829127	-0.633089549327727	1925.57522452065	-34.99232447577	15.8889011646328	1.04481083140828	-1054.60574345077	305.821764501778	265.601318276049	-0.430394057886375
0.358	-2377.41117569705	-196.769106014763	-227.030509629564	-0.860120058957291	1728.05623109321	-136.160622147883	-86.972298298608	0.957838533109672	649.354944603834	332.929728162645	311.622143906494	-0.118771913979882
0.359	-3639.64670776613	-103.447640935815	-138.575142775197	-0.998695201732488	2053.92678247488	-224.000569437323	-181.386268129132	0.77645226498054	1585.71992529124	327.448210373137	331.636295692004	0.212864381712122
0.36	-3932.51328943718	2.70716782324598E-11	-47.3583899025348	-1.04605359163502	2262.22861266709	-289.913780286498	-261.044112129107	0.515408152851433	1670.2846767701	289.913780286471	312.68215745064	0.525546539162762
0.361	-3106.52175207791	103.447640935866	45.2409808697585	-1.00081261076526	1675.33870053663	-327.448210373148	-312.955700956305	0.202452451895127	1431.18305154129	224.000569437283	257.667983719845	0.783214522882607
0.362	-1721.09209679867	196.769106014803	143.524202121136	-0.857288408644128	124.880254760367	-332.92972816264	-325.230341625588	-0.122777889730461	1596.2118420383	136.160622147838	180.020249438168	0.963234772320775
0.363	-636.313480953785	270.829440026038	234.2899428764	-0.622998465767728	-1761.90953087776	-305.821764501758	-306.703118138652	-0.429481007869112	2398.22301183154	34.9923244757209	84.6345263312185	1.04786929865199
0.364	-281.134116907965	318.379101467859	298.938302718611	-0.324060163049116	-3036.42937345929	-248.777835745917	-268.679033345068	-0.698160041214181	3317.56349036726	-69.6012657219406	-21.9891427749979	1.025880155877
0.365	-326.963770748482	334.763598180368	329.767677719298	0.00570751467018159	-3245.12307889559	-167.381799090157	-209.229160477331	-0.907389201691512	3572.08684964407	-167.381799090209	-124.458474941828	0.901421680935168
0.366	-100.35663800125	318.379101467842	330.446479589449	0.336153994259631	-2620.86527935936	-69.6012657218865	-121.526438057622	-1.02891563974913	2721.22191736061	-248.777835745954	-205.391464705971	0.696030216229197
0.367	870.174301870641	270.829440026011	296.993774448291	0.633147768707922	-1921.82253035402	34.9923244757665	-15.8613386267599	-1.04477697837589	1051.64822848338	-305.821764501776	-265.616431335029	0.430413784894168
0.368	2377.10091066638	196.769106014762	226.981337060576	0.860129105768497	-1723.50027854844	136.160622147884	86.9189666538725	-0.957858011722021	-653.600632117935	-332.929728162645	-311.658478522025	0.118755306372143
0.369	3640.28582601652	103.447640935814	138.605190898073	0.998734296666571	-2046.09270587755	224.000569437324	181.398551932736	-0.776459459789285	-1594.19312013897	-327.448210373137	-331.569824481024	-0.212814518108881
0.37	3930.68421098499	-2.8208546609676E-11	47.3211660534569	1.04605546272003	-2257.46534829651	289.913780286499	261.007716831236	-0.515451742958049	-1673.21886268848	-289.913780286471	-312.768942714238	-0.525583460823119
0.371	3109.52265726931	-103.447640935867	-45.2244324755835	1.00083103024444	-1679.47990882883	327.448210373149	313.06128861383	-0.202390454344219	-1430.04274844047	-224.000569437282	-257.645883293159	-0.783229344116278
0.372	1721.07702994231	-196.769106014803	-143.524341148044	0.8573066890964	-125.676580468381	332.92972816264	325.190788369924	0.122800334025705	-1595.40044947393	-136.160622147837	-180.037553995671	-0.963266898111949
0.373	640.457359567445	-270.829440026039	-234.331602279368	0.622975086817032	1759.28798808253	305.821764501757	306.701882074254	0.429502216099959	-2399.74534764998	-34.9923244757198	-84.6330735908837	-1.04789997170283
0.374	286.116661153565	-318.379101467859	-298.94624528471	0.324028841532322	3030.45330776937	248.777835745916	268.702187595394	0.698204403695353	-3316.56996892294	69.6012657219417	21.9724939493802	-1.02592747775345
0.375	328.886020645722	-334.763598180368	-329.756930392407	-0.00572808886008444	3245.88291430036	167.38179909016	209.179188743328	0.907383592438681	-3574.76893494609	167.381799090206	124.475120996882	-0.901452356756571
0.376	102.355652455722	-318.379101467841	-330.428278938195	-0.336156367798279	2623.22106522853	69.6012657218854	121.534983067826	1.02891857550651	-2725.57671768425	248.777835745955	205.423433713816	-0.696028923042755
0.377	-872.472243336949	-270.829440026005	-296.925187982184	-0.633081555780463	1923.70963440225	-34.9923244757771	15.9041286490027	1.04482270415551	-1051.2373910653	305.82176450178	265.627159027442	-0.430401764015313
0.378	-2377.33452676345	-196.769106014765	-227.035583027322	-0.860117138807785	1724.63462952195	-136.160622147881	-86.9562124822061	0.957866491673303	652.699897241503	332.929728162645	311.625633058989	-0.118776130956324
0.379	-3636.30015172793	-103.447640935812	-138.611300809399	-0.998728439617184	2049.0491914497	-224.000569437325	-181.389218184446	0.776477273488858	1587.25096027823	327.448210373137	331.632726507929	0.212856595551605
0.38	-3930.5202365274	2.93880475510377E-11	-47.3541880309087	-1.04608262764809	2258.57117601238	-289.9137802865	-261.053479850735	0.515423793638122	1671.94906051502	289.91378028647	312.677211333341	0.525533806884945
0.381	-3107.45095674525	103.447640935868	45.2438392970464	-1.00083878835105	1677.57020451955	-327.448210373149	-313.009331242716	0.202414462395406	1429.88075222569	224.000569437281	257.671286159375	0.78320509304432
0.382	-1718.29328856471	196.769106014808	143.523828630945	-0.857314959720101	123.231716059501	-332.929728162639	-325.181173885173	-0.122766711489767	1595.06157250521	136.160622147832	180.043990110312	0.963249083154632
0.383	-640.51880031031	270.829440026039	234.352305152003	-0.622962654568098	-1758.91412385026	-305.821764501757	-306.716779021608	-0.429483490511375	2399.43292416057	34.9923244757187	84.6359373971767	1.04788502055181
0.384	-282.068311420945	318.379101467859	298.877853179646	-0.324084801388452	-3034.7834391822	-248.777835745915	-268.711749039538	-0.698195239550913	3316.85175060314	-69.6012657219428	-22.0172307979709	1.02586778975384
0.385	-323.265581218387	334.763598180368	329.777686638054	0.00569288524960246	-3245.96463764559	-167.381799090159	-209.172620803574	-0.907367860354486	3569.23021886397	-167.381799090207	-124.403178716238	0.9014646110376
0.386	-96.6238832266267	318.379101467842	330.402304521601	0.336095189771204	-2624.49782334744	-69.6012657218889	-121.549667261408	-1.02891752761589	2721.12170657406	-248.777835745952	-205.450945909039	0.696013665128561
0.387	871.497600368858	270.829440026004	297.019215011462	0.633114404782665	-1923.17257282558	34.9923244757782	-15.8640364408733	-1.04478156405677	1051.67497245672	-305.821764501781	-265.606268255987	0.430407396872574
0.388	2379.13796299521	196.769106014764	227.018499320295	0.86013290410296	-1723.42738617906	136.160622147882	86.9525712424873	-0.957828992814281	-655.710576816154	-332.929728162645	-311.60164932106	0.118805747551514
0.389	3638.25311339093	103.447640935816	138.586783462771	0.998719687565731	-2048.55307066152	224.000569437322	181.37073022411	-0.776458262590171	-1589.70004272941	-327.448210373137	-331.657857597103	-0.212852110045589
0.39	3927.52881825015	-3.05391267829691E-11	47.3537237925633	1.04607341135829	-2254.447054769	289.9137802865	260.996256951283	-0.515462005638888	-1673.08176348115	-289.91378028647	-312.717640835357	-0.525569750880946
0.391	3105.19880695282	-103.447640935869	-45.2164873061351	1.00085692405216	-1677.40268260219	327.448210373149	313.064959123431	-0.202397046515457	-1427.79612435063	-224.00056943728	-257.661357909479	-0.783231108790425
0.392	1718.39625418485	-196.769106014809	-143.541150186893	0.857315773865266	-125.488255279406	332.929728162639	325.194779262134	0.122797732746677	-1592.90799890544	-136.160622147831	-180.047934582672	-0.963279043373096
0.393	636.444340575225	-270.829440026043	-234.298828269685	0.623016945595581	1761.09540557457	305.821764501754	306.713612529287	0.429511345275964	-2397.53974614979	-34.9923244757128	-84.6096063537244	-1.04788864972682
0.394	276.213803509432	-318.37910146786	-298.931194545553	0.324085751050028	3036.8976338131	248.777835745915	268.644147778479	0.698155493054443	-3313.11143732253	69.6012657219439	21.9369386766466	-1.02595171105017
0.395	323.47073554749	-334.763598180367	-329.792127650967	-0.00570637660093885	3250.53787235147	167.381799090158	209.178740684579	0.907334233739022	-3574.00860789896	167.381799090208	124.482090177563	-0.901469620872611
0.396	98.6239346980461	-318.379101467842	-330.393814294064	-0.336100190895003	2625.61516250322	69.6012657218877	121.59137428556	1.02892560802458	-2724.23909720126	248.777835745953	205.462554202311	-0.6960070666703
0.397	-872.438089030605	-270.829440026006	-296.978558745291	-0.633078749640294	1923.29311343597	-34.9923244757746	15.8920692014854	1.04481767722607	-1050.85502440537	305.82176450178	265.603145377706	-0.430403921292594
0.398	-2377.83056848785	-196.769106014759	-227.040708956438	-0.860119458596732	1725.62415116829	-136.160622147887	-86.9741042468923	0.957843572979175	652.206417319556	332.929728162645	311.622666691128	-0.118781254601465
0.399	-3639.09272067403	-103.447640935815	-138.586673193278	-0.99870613179001	2051.29952701813	-224.000569437323	-181.389075759774	0.776454497219401	1587.7931936559	327.448210373137	331.635037433126	0.212853782831661
0.4	-3931.10955225829	2.68940425485198E-11	-47.3659592059433	-1.04607209099595	2259.49566992304	-289.913780286498	-261.043864994917	0.515410632224484	1671.61388233525	289.913780286471	312.684584484923	0.525538367316585
0.401	-3104.53198620298	103.447640935866	45.2411220110196	-1.00083096898493	1672.6548804085	-327.448210373148	-312.95012034637	0.202460511878114	1431.87710579448	224.000569437283	257.676336154644	0.783214703471228
0.402	-1718.91913061788	196.76910601481	143.529651125155	-0.857301317859779	122.507881357694	-332.929728162639	-325.223668265693	-0.122763156387578	1596.41124926018	136.160622147829	180.030815441557	0.963245518912785
0.403	-634.459391228716	270.829440026043	234.295674798495	-0.623005643061285	-1763.49536123113	-305.821764501754	-306.702763016815	-0.429465919404393	2397.95475245985	34.9923244757069	84.6421343742363	1.04788765328702
0.404	-279.649309244404	318.379101467859	298.938400833817	-0.324067242227468	-3037.09479397559	-248.777835745917	-268.686038806271	-0.698151958210664	3316.74410321999	-69.6012657219404	-21.986880848579	1.02590077243844
0.405	-325.749187654367	334.763598180368	329.763095791968	0.00569585356449999	-3244.90531800752	-167.381799090157	-209.240508160545	-0.907392466371208	3570.65450566188	-167.381799090209	-124.459734567292	0.90144103787115
0.406	-99.4205049369988	318.379101467842	330.442262649524	0.336138116214024	-2620.15307684928	-69.6012657218867	-121.535386621372	-1.02892785299258	2719.57358178628	-248.777835745957	-205.394920080062	0.696046117791088
0.407	870.588238336926	270.829440026005	296.996325190271	0.633134441404295	-1920.82119940006	34.9923244757758	-15.8641214003739	-1.04479197439295	1050.23296106313	-305.82176450178	-265.617786494477	0.430428331296611
0.408	2376.7143465425	196.769106014758	226.991082093056	0.86012552349735	-1722.24677769126	136.160622147888	86.9214002739567	-0.957870574118998	-654.467568851234	-332.929728162646	-311.656951074749	0.118771380221862
0.409	3639.24382042481	103.447640935805	138.615766615603	0.998741290112954	-2044.61568659522	224.000569437331	181.402510336153	-0.776468063782844	-1594.62813382958	-327.448210373134	-331.566316570351	-0.212794936348489
0.41	3929.10665519288	-3.28128635374014E-11	47.3274622550188	1.04606875236797	-2255.90114928483	289.913780286501	261.008719867363	-0.515459343915481	-1673.20550590804	-289.913780286466	-312.769506252447	-0.525564442600937
0.411	3107.58541217841	-103.447640935867	-45.2252740267571	1.00084347834122	-1677.98752721735	327.448210373148	313.057118819006	-0.202402225096475	-1429.59788496106	-224.000569437278	-257.652732506705	-0.783217175107642
0.412	1719.04790319257	-196.769106014811	-143.52980599382	0.857313672347396	-124.475781052709	332.929728162639	325.185132168936	0.122782907072461	-1594.57212213986	-136.160622147824	-180.047263964965	-0.963264439072606
0.413	638.69672226012	-270.829440026041	-234.337089999052	0.622976582348343	1759.82614684558	305.821764501755	306.701190295384	0.429484097367845	-2398.5228691057	-34.9923244757105	-84.6406765314387	-1.04790511560405
0.414	284.60362413237	-318.379101467862	-298.946362350415	0.324030219997929	3030.26558205353	248.77783574591	268.707565155738	0.698191662523583	-3314.8692061859	69.6012657219555	21.9695023317406	-1.0259356132723
0.415	327.502084627126	-334.763598180368	-329.752465935943	-0.00572224593801478	3245.03902616725	167.381799090161	209.188321254902	0.907379983778485	-3572.54111079438	167.381799090214	124.475487848988	-0.901460125423317
0.416	101.104686995939	-318.379101467843	-330.423752592737	-0.336145998530752	2622.0699921316	69.6012657218948	121.542216352353	1.02892220013084	-2723.17467912754	248.777835745954	205.426073949027	-0.69603405147429
0.417	-873.363328210868	-270.829440026005	-296.92635069826	-0.633072349229012	1922.42703785094	-34.9923244757722	15.906212271072	1.04482841240191	-1049.06370964007	305.821764501783	265.628307367136	-0.430405744107154
0.418	-2377.59092215023	-196.769106014761	-227.043232167248	-0.860115581396259	1723.23838981773	-136.160622147881	-86.9586756306131	0.957869736771297	654.352532332503	332.929728162646	311.624357631396	-0.118781386475758
0.419	-3636.01058660317	-103.447640935808	-138.61982121388	-0.998735402610139	2047.51848065831	-224.000569437324	-181.392673759398	0.776477063011899	1588.49210594486	327.448210373135	331.629767080603	0.212848380604845
0.42	-3929.73703402417	2.92104118670977E-11	-47.3593646656073	-1.04609476727575	2256.96973615283	-289.913780286497	-261.05406563243	0.515422997379468	1672.76729787134	289.913780286468	312.677748519505	0.525526129124349
0.421	-3106.28911691129	103.447640935864	45.2447445648465	-1.0008500227109	1675.97182443693	-327.448210373147	-313.004847854056	0.202418149525413	1430.31729247437	224.000569437281	257.677267664186	0.783203396788535
0.422	-1716.98236978127	196.769106014808	143.528724648982	-0.857321298061918	121.777967695985	-332.929728162639	-325.175017744236	-0.122756868218824	1595.20440208528	136.160622147827	180.05217472356	0.963255571512095
0.423	-639.398106949721	270.829440026045	234.356963748015	-0.622964334313903	-1759.9126839254	-305.821764501755	-306.715210348277	-0.4294720785671	2399.31079087512	34.9923244757046	84.6416171634713	1.04789718867557
0.424	-281.159204360999	318.379101467861	298.877455874557	-0.324086878439346	-3035.24796337673	-248.777835745915	-268.716195036136	-0.698188273603236	3316.40716773773	-69.601265721952	-22.0163316896358	1.02588085698593
0.425	-322.497557106671	334.763598180368	329.773027283258	0.00568614884391208	-3245.89351752253	-167.381799090155	-209.181199823895	-0.907369473427131	3568.3910746292	-167.381799090219	-124.405537167734	0.901475319818196
0.426	-95.9914349725017	318.379101467841	330.397944590163	0.336084093434075	-2624.13010692568	-69.601265721889	-121.556610751383	-1.02892608417851	2720.12154189818	-248.777835745958	-205.45441906245	0.696020900755746
0.427	871.830965215624	270.829440026007	297.02042415894	0.633104517593015	-1922.6300816743	34.9923244757686	-15.8658826535372	-1.04479196683205	1050.79911645867	-305.821764501781	-265.607166785239	0.430413733970507
0.428	2378.98586959085	196.769106014756	227.025694903605	0.860130212496621	-1722.72283238343	136.160622147886	86.9553372529136	-0.957836629579138	-656.263037207421	-332.929728162646	-311.599331520882	0.118814402449625
0.429	3637.73741090834	103.447640935812	138.594584765894	0.998724797262515	-2047.70535467095	224.000569437322	181.374755908921	-0.776461873670217	-1590.03205623739	-327.448210373135	-331.653789175541	-0.212839386725915
0.43	3926.70119137968	-3.50866002918337E-11	47.3580950785867	1.0460828923411	-2253.5455807173	289.9137802865	260.997571582898	-0.515464302087319	-1673.15561066238	-289.913780286465	-312.717169244693	-0.525556555970609
0.431	3104.12564721132	-103.447640935869	-45.2177509005229	1.00086514144058	-1676.52279755651	327.448210373148	313.061425078842	-0.202402877008476	-1427.60284965481	-224.000569437277	-257.666390670806	-0.783222946641415
0.432	1717.22908068584	-196.769106014805	-143.545958152083	0.857319183288495	-124.745264168395	332.92972816264	325.189387909322	0.122786510900845	-1592.48381651744	-136.160622147831	-180.055483001863	-0.963278429643277
0.433	635.431992141214	-270.829440026042	-234.303218229121	0.623015965059374	1761.45980881959	305.821764501756	306.711943324927	0.429498454225772	-2396.89180096081	-34.9923244757082	-84.615167310503	-1.04789359695378
0.434	275.342414332735	-318.379101467863	-298.930833195179	0.324085131864195	3036.84696821005	248.777835745912	268.647619098069	0.69814607332384	-3312.18938254279	69.6012657219577	21.9356682785721	-1.02595792867521
0.435	322.66222799072	-334.763598180368	-329.787678988044	-0.00570254712384883	3250.0897449755	167.381799090158	209.185906373538	0.907331979697378	-3572.75197296622	167.381799090216	124.483919903685	-0.901474008771524
0.436	97.8729658506403	-318.379101467842	-330.389451726389	-0.336091998850238	2624.98239170233	69.6012657218926	121.597198077279	1.02892917777466	-2722.85535755297	248.777835745956	205.465530379555	-0.696008478391968
0.437	-872.978200607378	-270.829440026003	-296.979070303605	-0.633071069153843	1922.57579138818	-34.9923244757745	15.8934832671214	1.04482266104178	-1049.5975907808	305.821764501783	265.603940229889	-0.430404538162079
0.438	-2377.98290859584	-196.769106014759	-227.046661715736	-0.860117730869579	1724.82631864105	-136.160622147883	-86.9768419976441	0.957845819044135	653.156589954793	332.929728162646	311.620567229262	-0.118783970932817
0.439	-3638.9452700322	-103.447640935806	-138.593261817438	-0.998710992687017	2050.40921216733	-224.000569437326	-181.392749664209	0.776453069379926	1588.53605786487	327.448210373134	331.631353347233	0.212847382414416
0.44	-3930.68038908021	3.14912540488876E-11	-47.3696441942992	-1.04608063688132	2258.5618804261	-289.913780286498	-261.044909676575	0.515408159703351	1672.11850865412	289.913780286467	312.684116132248	0.525531498546663
0.441	-3103.85735279689	103.447640935875	45.2424287331137	-1.0008382081482	1671.70774022954	-327.448210373149	-312.946472814285	0.202461686889066	1432.14961256735	224.000569437272	257.680807591766	0.783212306138429
0.442	-1718.1298796374	196.76910601481	143.53412028623	-0.857304087861972	121.620158582373	-332.929728162639	-325.218106547442	-0.122756419658376	1596.50972105502	136.160622147825	180.037396912337	0.963249703050766
0.443	-633.785145309002	270.82944002604	234.299560685988	-0.623004527175985	-1764.11878430204	-305.821764501758	-306.700669786044	-0.42945708944442	2397.90392961104	34.9923244757118	84.6465578021639	1.04789626085293
0.444	-279.097943187433	318.379101467862	298.937786942687	-0.324066740233298	-3037.41095024765	-248.777835745914	-268.688954906501	-0.69814604435092	3316.50889343508	-69.6012657219542	-21.986759643289	1.02590950120964
0.445	-325.26912039588	334.763598180368	329.758645697912	0.00569190546461392	-3244.89444840022	-167.381799090153	-209.247239089893	-0.907393283440813	3570.1635687961	-167.381799090221	-124.462598962606	0.901446902247034
0.446	-98.9999371684977	318.37910146784	330.438078271008	0.336129983735622	-2619.96627826664	-69.6012657218868	-121.540938491252	-1.02893422193206	2718.96621543513	-248.77783574596	-205.398290390975	0.696048611856059
0.447	870.833925000484	270.829440026005	296.996840638613	0.633126824374235	-1920.52880950951	34.9923244757709	-15.8653800363069	-1.04479960196837	1049.69488450903	-305.821764501782	-265.618448033189	0.43043016382287
0.448	2376.66101814062	196.769106014754	226.996640329039	0.860123464703274	-1721.85132335519	136.160622147888	86.9242450221764	-0.957875356946195	-654.809694785433	-332.929728162647	-311.654358200156	0.118775805622714
0.449	3638.99566862854	103.447640935809	138.621805735401	0.998745270438676	-2044.12910058745	224.000569437324	181.406434414425	-0.77646892253177	-1594.86656804108	-327.448210373135	-331.562147835955	-0.212786342213241
0.45	3928.68053642928	-3.74171804651269E-11	47.3306295070354	1.04607589994571	-2255.38347716583	289.913780286501	261.010159618093	-0.515458762913677	-1673.29705926345	-289.913780286464	-312.768518792423	-0.525554861005665
0.451	3106.99132698779	-103.447640935871	-45.2267385291714	1.00084916141654	-1677.46912744716	327.448210373148	313.054103910583	-0.202404659003094	-1429.52219954063	-224.000569437275	-257.656590960692	-0.783211451966356
0.452	1718.37224606072	-196.769106014807	-143.534114907461	0.857315046509079	-124.014780880134	332.92972816264	325.180165497437	0.122775506494343	-1594.35746518059	-136.160622147829	-180.053348371028	-0.963264800337384
0.453	638.115872631847	-270.829440026044	-234.340763328315	0.622974283180764	1760.06762868476	305.821764501755	306.699115308698	0.42947462180304	-2398.18350131661	-34.9923244757059	-84.6449469676887	-1.04790974730507
0.454	284.103553976822	-318.37910146786	-298.945788799947	0.324028494380817	3030.27136786058	248.777835745916	268.7098915524	0.69818451335544	-3314.3749218374	69.6012657219507	21.9691692187931	-1.02594057808628
0.455	327.029922925122	-334.763598180368	-329.748249098828	-0.0057197547180111	3244.80402162481	167.381799090156	209.194112050111	0.907378625405551	-3571.83394454993	167.381799090218	124.478022721231	-0.901462555365049
0.456	100.650652689555	-318.379101467839	-330.419682291041	-0.336139437009052	2621.72422298215	69.6012657218811	121.547044115339	1.02892566952089	-2722.37487567171	248.777835745964	205.429119595268	-0.696033435769781
0.457	-873.692700346455	-270.829440026002	-296.92650052674	-0.633065937535792	1922.02892374613	-34.9923244757767	15.9071995764739	1.04483286909736	-1048.33622339968	305.821764501784	265.628917796427	-0.430404517973354
0.458	-2377.67772991892	-196.769106014757	-227.048047377881	-0.860113984913673	1722.78336153965	-136.160622147885	-86.9614546342866	0.957871414463077	654.894368379269	332.929728162646	311.621939029767	-0.118782578943586
0.459	-3635.93947184382	-103.447640935804	-138.625106397471	-0.998739091311144	2047.00251642315	-224.000569437328	-181.396329147715	0.776475085315362	1588.93695542068	327.448210373134	331.625908775915	0.212843329832329
0.46	-3929.50827772874	3.37863070853928E-11	-47.3620975645233	-1.04610118887567	2256.42851384469	-289.9137802865	-261.055311993645	0.515419773321717	1673.07976388405	289.913780286466	312.676791288953	0.525520121121282
0.461	-3105.89856743799	103.447640935877	45.2462156039517	-1.00085497327172	1675.41170913031	-327.44821037315	-313.001823574613	0.202417949747105	1430.48685830768	224.000569437271	257.680741879359	0.783200863000642
0.462	-1716.50549281599	196.769106014812	143.532789061492	-0.857322184210224	121.236364897255	-332.929728162639	-325.170075434939	-0.122752125687834	1595.26912791873	136.160622147823	180.057617859284	0.963258480859926
0.463	-638.995938391679	270.829440026042	234.360306180155	-0.62296187803007	-1760.29764210342	-305.821764501757	-306.712963277862	-0.429465088965697	2399.29358049509	34.9923244757095	84.645191711458	1.04790367257138
0.464	-280.828835470903	318.379101467862	298.876769815375	-0.324085108214694	-3035.45793840724	-248.777835745912	-268.71818291147	-0.698183271877167	3316.28677387814	-69.6012657219565	-22.0166206418593	1.02588705192952
0.465	-322.200932338085	334.763598180368	329.768908880645	0.00568380066595097	-3245.90533488693	-167.381799090159	-209.186630387465	-0.907369902264632	3568.10626722501	-167.381799090215	-124.408579572503	0.901478472357022
0.466	-95.7157370670982	318.37910146784	330.394066144803	0.336077866810754	-2624.03669349355	-69.6012657218846	-121.561196571968	-1.0289310988366	2719.75243056065	-248.777835745962	-205.457613912848	0.696020858444174
0.467	872.003946382625	270.829440025998	297.020562459278	0.633098429270032	-1922.47421354381	34.9923244757826	-15.8667692317351	-1.04479786806833	1050.47026716118	-305.821764501787	-265.607698576526	0.430413159867647
0.468	2378.96999304495	196.76910601476	227.030176341536	0.860128605611568	-1722.50073409798	136.160622147882	86.9581180310011	-0.957839750037334	-656.469258946979	-332.929728162646	-311.596712370366	0.118816447497282
0.469	3637.62262820888	103.447640935807	138.599457322261	0.998728062933829	-2047.42564270494	224.000569437325	181.378474198941	-0.776461275838393	-1590.19698550394	-327.448210373135	-331.649770665311	-0.212833323168029
0.47	3926.48814610132	-3.97193389289896E-11	47.3604917002332	1.04608855463406	-2253.24932890547	289.913780286502	260.999023546724	-0.515462252291669	-1673.23881719585	-289.913780286463	-312.715955607175	-0.525549278775204
0.471	3103.79703465069	-103.447640935874	-45.2192764212447	1.00086927821282	-1676.2167076654	327.448210373149	313.058832721865	-0.202403419569804	-1427.58032698529	-224.000569437273	-257.669456057471	-0.783218734832675
0.472	1716.83520361831	-196.769106014817	-143.549856954702	0.857319421258115	-124.458621272566	332.929728162638	325.184899360954	0.12278147979115	-1592.37658234574	-136.160622147818	-180.060542687881	-0.963279277520556
0.473	635.098539231175	-270.829440026045	-234.306357757092	0.623013063501023	1761.61731369422	305.821764501754	306.709769933406	0.429491249724556	-2396.71585292539	-34.9923244757036	-84.6185857187895	-1.04789786323935
0.474	275.05639275969	-318.379101467861	-298.930186212171	0.324082877288852	3036.87271175366	248.777835745915	268.649247269805	0.698140496994362	-3311.92910451335	69.6012657219529	21.9358410960602	-1.02596202214329
0.475	322.386516619949	-334.763598180368	-329.783793290544	-0.00570091600169257	3249.96907457463	167.381799090154	209.190702664558	0.90733119965892	-3572.35559119458	167.38179909022	124.486719671853	-0.901475302471433
0.476	97.5971093346857	-318.379101467841	-330.385747529292	-0.336086663530985	2624.79487987662	69.6012657218881	121.601279822072	1.02893247948099	-2722.39198921131	248.777835745959	205.468485426145	-0.696006817045288
0.477	-873.178337782745	-270.829440026001	-296.979038231255	-0.63306570176224	1922.35579834796	-34.992324475779	15.8942005647111	1.0448266800457	-1049.17746056522	305.821764501785	265.604439441678	-0.43040237760361
0.478	-2378.02865957042	-196.769106014748	-227.050649226286	-0.860116350988526	1724.56791055803	-136.160622147896	-86.979529494664	0.957847150551038	653.460749012386	332.929728162647	311.618113786168	-0.118784263817442
0.479	-3638.91276969919	-103.447640935811	-138.597648329793	-0.99871399931832	2050.11038195915	-224.000569437322	-181.396246647386	0.776450903903652	1588.80238774003	327.448210373135	331.627588240798	0.212843324423357
0.48	-3930.56332233992	3.60742546945403E-11	-47.371757681576	-1.0460857569999	2258.2504970414	-289.913780286501	-261.046225080309	0.515404678823343	1672.31282529852	289.913780286465	312.682947009737	0.525526271433093
0.481	-3103.63189594502	103.447640935879	45.2439344266662	-1.00084182257323	1671.37750543924	-327.44821037315	-312.943924024735	0.202460754798608	1432.25439050578	224.000569437269	257.683604353552	0.783209875786645
0.482	-1717.8410013506	196.769106014814	143.537829600404	-0.857303992972826	121.289652222857	-332.929728162639	-325.213722996123	-0.122752968197515	1596.55134912774	136.160622147821	180.042007648248	0.963251883434893
0.483	-633.546103860466	270.829440026049	234.302464411207	-0.623001528561619	-1764.35479565803	-305.821764501752	-306.698456546483	-0.429451424743998	2397.9008995185	34.9923244756977	84.6495370558496	1.04790142049074
0.484	-278.901688831124	318.379101467863	298.937097313793	-0.324064431247826	-3037.54930558617	-248.777835745911	-268.690373313232	-0.69814179805723	3316.4509944173	-69.6012657219587	-21.9872604608711	1.02591416002987
0.485	-325.087256137774	334.763598180368	329.754900718933	0.0056904694711064	-3244.91140419666	-167.381799090157	-209.251744284189	-0.907393542341419	3569.99866033443	-167.381799090217	-124.465610396459	0.901448549633413
0.486	-98.8197575502654	318.379101467839	330.434555421809	0.336125024892916	-2619.92066721308	-69.6012657218822	-121.544803001645	-1.02893834534306	2718.74042476334	-248.777835745963	-205.401262231853	0.696047287401559
0.487	870.951216201569	270.829440026003	296.996801563766	0.633121826456682	-1920.44610806166	34.9923244757754	-15.8660286726813	-1.04480437401575	1049.49489186009	-305.821764501784	-265.618900071531	0.430428387330028
0.488	2376.65609790593	196.76910601475	227.000355417241	0.860122181873923	-1721.72667163779	136.160622147892	86.9268761604157	-0.95787749785533	-654.929426268142	-332.929728162647	-311.651857616569	0.118776529713459
0.489	3638.94576232143	103.447640935805	138.625868742505	0.998748050616428	-2043.96828941183	224.000569437327	181.409896245854	-0.776467601609476	-1594.9774729096	-327.448210373134	-331.558394028924	-0.212781864315464
0.49	3928.57923472237	-3.24718030242366E-11	47.3325163629939	1.04608056697942	-2255.21527713853	289.913780286499	261.011558878933	-0.515456042730543	-1673.36395758385	-289.913780286466	-312.767243640468	-0.525549107955933
0.491	3106.80905814412	-103.447640935876	-45.2282362872591	1.00085233069216	-1677.28817561047	327.448210373149	313.051858402116	-0.202404184328427	-1429.52088253365	-224.000569437272	-257.659103107848	-0.783208211063781
0.492	1718.13969740433	-196.769106014811	-143.537646979243	0.85731468371292	-123.835448426833	332.929728162639	325.176145651589	0.122771961323162	-1594.3042489775	-136.160622147825	-180.057646552883	-0.963265857616664
0.493	637.925308939067	-270.829440026047	-234.343505474072	0.622971178238848	1760.16826886862	305.821764501754	306.696997729615	0.429468959052777	-2398.09357780769	-34.9923244757014	-84.6477811465476	-1.04791363876321
0.494	283.941266950966	-318.379101467865	-298.945139900331	0.324026038338517	3030.29979502614	248.777835745907	268.711083616176	0.698180042668954	-3314.24106197711	69.6012657219645	21.9695882233346	-1.02594405053988
0.495	326.869245640821	-334.763598180368	-329.744718881311	-0.00571868054279412	3244.74365775072	167.381799090161	209.198162660073	0.907378205329027	-3571.61290339154	167.381799090214	124.480847873497	-0.90146320266638
0.496	100.481049736555	-318.37910146784	-330.416335074605	-0.336135015617399	2621.62307130989	69.6012657218859	121.550559994296	1.02892876532332	-2722.10412104644	248.777835745961	205.431903966429	-0.696031298699951
0.497	-873.815419397302	-270.829440025999	-296.92637065635	-0.633061386273749	1921.90843142589	-34.9923244757813	15.9077424319265	1.04483650775525	-1048.09301202859	305.821764501786	265.629349810098	-0.430401948889853
0.498	-2377.69851983294	-196.769106014753	-227.051433231049	-0.860112819504798	1722.63658263712	-136.160622147889	-86.963982837253	0.957872524917997	655.061937195819	332.929728162647	311.619579239571	-0.118782369650283
0.499	-3635.9267258602	-103.447640935799	-138.628830141877	-0.998741649646675	2046.83014945101	-224.000569437331	-181.399600788837	0.776472924129159	1589.09657640919	327.448210373133	331.622378883205	0.212840009232923
0.5	-3929.4522070249	3.83835185857606E-11	-47.3637939174409	-1.04610544356412	2256.25048555065	-289.913780286502	-261.056597781629	0.51541632634753	1673.20172147425	289.913780286463	312.675571834088	0.525515581067011
0.501	-3105.76810177846	103.447640935872	45.2476741856098	-1.00085776937851	1675.21664150851	-327.448210373149	-312.999648323057	0.202416678024473	1430.55146026996	224.000569437274	257.68305340783	0.783198634474841
0.502	-1716.32853794887	196.769106014808	143.53615263636	-0.857321616742146	121.0340006022	-332.92972816264	-325.166206560343	-0.12274952853587	1595.29453734667	136.160622147828	180.061584590878	0.963260219065719
0.503	-638.855339455096	270.829440026045	234.362866369149	-0.622958750372997	-1760.44048625001	-305.821764501755	-306.710876079851	-0.429460404615721	2399.2958257051	34.9923244757049	84.6477311072389	1.04790795017296
0.504	-280.714128051181	318.379101467861	298.876115076327	-0.324082635296669	-3035.54772598018	-248.777835745916	-268.719240012926	-0.698179644628647	3316.26185403136	-69.6012657219516	-22.0172051823899	1.02589074499057
0.505	-322.090503093138	334.763598180368	329.765535320707	0.00568290002403735	-3245.92193263997	-167.381799090156	-209.190431588131	-0.907370076216778	3568.01243573311	-167.381799090219	-124.411458053668	0.9014792869369
0.506	-95.5986072505509	318.379101467841	330.390894612213	0.33607379463625	-2624.01493060286	-69.6012657218893	-121.564523506608	-1.02893459972339	2719.61353785341	-248.777835745958	-205.460347756815	0.696018939180085
0.507	872.082192810098	270.829440026007	297.020428578411	0.633094223214661	-1922.43101785502	34.9923244757682	-15.8672645328191	-1.04480186425621	1050.34882504492	-305.821764501781	-265.608095598707	0.430410843581379
0.508	2378.96622827931	196.769106014756	227.033334807895	0.860127558022556	-1722.4305598865	136.160622147886	86.9605622320121	-0.957841302024193	-656.535668392814	-332.929728162646	-311.594382658426	0.118816460922952
0.509	3637.60333065493	103.447640935812	138.6029272392	0.998730485261756	-2047.33313541251	224.000569437321	181.381657575894	-0.776459644448299	-1590.27019524241	-327.448210373136	-331.646331305429	-0.212829870382477
0.51	3926.44426057252	-3.47597506333841E-11	47.3620318964029	1.04609251715816	-2253.15455581872	289.9137802865	261.000334071048	-0.515459310377251	-1673.2897047538	-289.913780286465	-312.714705530954	-0.525544575913432
0.511	3103.69541750984	-103.447640935878	-45.2207003897707	1.00087181676839	-1676.10889584532	327.44821037315	313.056873008547	-0.202402437368704	-1427.58652166452	-224.00056943727	-257.6715628274	-0.783216138740832
0.512	1716.69598729315	-196.769106014805	-143.553058660091	0.857318758108297	-124.345770922087	332.92972816264	325.181318765888	0.122778881397185	-1592.35021637106	-136.160622147831	-180.064256777501	-0.963280395518332
0.513	634.989724866516	-270.829440026042	-234.308767004045	0.623009991104252	1761.68049573859	305.821764501757	306.707784549639	0.429486665946823	-2396.6702206051	-34.9923244757086	-84.6209941987336	-1.04790138971707
0.514	274.964986156705	-318.379101467862	-298.929566009899	0.324080425094353	3036.89810681352	248.777835745912	268.650160437898	0.698136826384721	-3311.86309297022	69.6012657219574	21.9363725558119	-1.02596501716125
0.515	322.292812818493	-334.763598180368	-329.780616250585	-0.00570019115623218	3249.94054051647	167.381799090159	209.194173413095	0.907330999797816	-3572.23335333496	167.381799090216	124.489434620441	-0.901475582540813
0.516	97.4920266030612	-318.379101467839	-330.382753194277	-0.336082944350509	2624.74066963014	69.6012657218836	121.604340855062	1.02893534065288	-2722.2326962332	248.777835745962	205.471059151272	-0.696004523389541
0.517	-873.252998534663	-270.829440026004	-296.978871532502	-0.633061815883011	1922.2898620327	-34.9923244757741	15.8946268471307	1.04482996750001	-1049.03686349804	305.821764501783	265.604817233251	-0.43039970615629
0.518	-2378.03447298166	-196.769106014759	-227.053555759325	-0.860115371642336	1724.48485303072	-136.160622147883	-86.9818641971611	0.957848103302848	653.549619950941	332.929728162646	311.615918767779	-0.118783787388511
0.519	-3638.90885373777	-103.447640935806	-138.60087174372	-0.998716243386056	2050.01092155054	-224.000569437326	-181.399260626476	0.776448842676372	1588.89793218723	327.448210373134	331.624343086961	0.21284055569845
0.52	-3930.54005149748	3.1164404390438E-11	-47.3731610233328	-1.04608940440939	2258.14998355055	-289.913780286498	-261.047445673809	0.515401397002563	1672.39006794694	289.913780286467	312.681755007016	0.525522310705467
0.521	-3103.5560785207	103.447640935875	45.2453083472506	-1.00084409606214	1671.26212960707	-327.448210373149	-312.942043500381	0.202459353502181	1432.29394891363	224.000569437272	257.685558479958	0.783207869185424
0.522	-1717.73160293685	196.769106014817	143.540882008862	-0.857303214053277	121.165081081058	-332.929728162638	-325.210298898299	-0.122750945396118	1596.56652185579	136.160622147817	180.045464413458	0.963253333598882
0.523	-633.463708710584	270.82944002604	234.304725413181	-0.622998488640096	-1764.44038596853	-305.821764501758	-306.696533141181	-0.429447478537299	2397.90409467912	34.9923244757121	84.6517394329855	1.04790507303187
0.524	-278.835325201543	318.379101467861	298.936487462143	-0.324062001177953	-3037.60781696191	-248.777835745914	-268.691196991734	-0.698138675529033	3316.44314216345	-69.6012657219539	-21.9878683877832	1.02591720464408
0.525	-325.020538968404	334.763598180368	329.751878438908	0.0056898772609556	-3244.92507155022	-167.381799090154	-209.255008848967	-0.907393684378001	3569.94561051862	-167.381799090221	-124.468294546138	0.901448910097947
0.526	-98.7430295582126	318.37910146784	330.431719296787	0.336121596557743	-2619.9105628908	-69.6012657218872	-121.547695450584	-1.02894137982858	2718.65359244901	-248.77783574596	-205.403751694184	0.696045158403762
0.527	871.002190606153	270.829440026	296.996636617632	0.633118233175376	-1920.42343540046	34.99232447578	-15.8664205585581	-1.04480780038714	1049.4212447943	-305.821764501786	-265.619252880236	0.430425905523526
0.528	2376.65038179087	196.769106014754	227.003074934308	0.860121308109684	-1721.6870837905	136.160622147888	86.9291153655823	-0.95787868502156	-654.963298000365	-332.929728162646	-311.649728569062	0.118776176954464
0.529	3638.94004086796	103.44764093581	138.628883056659	0.998750191166342	-2043.9151215407	224.000569437323	181.412799386959	-0.776465885634602	-1595.02491932726	-327.448210373135	-331.555276292658	-0.212779099338194
0.53	3928.56427839769	-3.70832253793196E-11	47.3338065033072	1.04608399766965	-2255.16285614496	289.913780286501	261.012765927017	-0.515453119707585	-1673.40142225273	-289.913780286464	-312.766063592685	-0.525545162930879
0.531	3106.75164482686	-103.447640935871	-45.2295591428329	1.00085443852682	-1677.2234619137	327.448210373148	313.050138862711	-0.202402980844874	-1429.52818291316	-224.000569437275	-257.660902265135	-0.783206065196015
0.532	1718.0543859848	-196.769106014815	-143.54054103101	0.857313897495807	-123.763544926996	332.929728162639	325.172962184122	0.122769981339248	-1594.2908410578	-136.16062214782	-180.060888452279	-0.963266953648293
0.533	637.86382609371	-270.829440026049	-234.345643251222	0.622968254244585	1760.20680117267	305.821764501752	306.695172934357	0.429465154273605	-2398.07062726638	-34.9923244756968	-84.6498672558039	-1.0479168209041
0.534	283.890719712322	-318.37910146786	-298.944565324601	0.324023688919983	3030.31994625972	248.777835745917	268.711809940845	0.698176964214451	-3314.21066597204	69.6012657219503	21.9701485367345	-1.02594667236736
0.535	326.814852758375	-334.763598180368	-329.741871255889	-0.00571818233590539	3244.73145749213	167.381799090157	209.201169672039	0.907378133886489	-3571.5463102505	167.381799090218	124.483391258384	-0.901463281108979
0.536	100.414637101018	-318.379101467839	-330.41365552983	-0.336131837865735	2621.59402477802	69.6012657218813	121.553253054658	1.02893138694115	-2722.00866187904	248.777835745964	205.434255776547	-0.696029025332432
0.537	-873.861559691067	-270.829440026002	-296.926186705573	-0.633058024571309	1921.87265645692	-34.9923244757764	15.9080905475846	1.04483947748873	-1048.01109676586	305.821764501784	265.629688070812	-0.43039933726162
0.538	-2377.69591400398	-196.76910601475	-227.053965433543	-0.860111990004851	1722.58934628366	-136.160622147893	-86.9661164587356	0.957873361029996	655.106567720314	332.929728162647	311.617566094241	-0.118781771167379
0.539	-3635.92700034395	-103.447640935804	-138.631649945922	-0.998743639950773	2046.77315661879	-224.000569437328	-181.402352327511	0.776471008702484	1589.15384372516	327.448210373134	331.61943643119	0.212837665263812
0.54	-3929.44583938107	3.34594574269431E-11	-47.3649846981199	-1.04610862464889	2256.19447599743	-289.913780286499	-261.057725384173	0.515413283318311	1673.25136338364	289.913780286466	312.674450952391	0.525512116216203
0.541	-3105.72331703474	103.447640935877	45.2489421615854	-1.00085968248731	1675.14764265951	-327.44821037315	-312.998008281631	0.20241527503668	1430.57567437523	224.000569437271	257.684729655123	0.783196845871326
0.542	-1716.25931568809	196.769106014812	143.53890678213	-0.857320775705177	120.956533775318	-332.929728162639	-325.16318133317	-0.12274790629649	1595.30278191277	136.160622147824	180.064618506224	0.96326146437755
0.543	-638.807869359916	270.829440026047	234.364878271942	-0.622955897433236	-1760.49063777707	-305.821764501753	-306.709127389824	-0.429457033686314	2399.29850713699	34.9923244757004	84.6496617745512	1.0479111261521
0.544	-280.676822915914	318.379101467862	298.875559225425	-0.324080338207811	-3035.58543744033	-248.777835745913	-268.719903732668	-0.698176937418982	3316.26226035625	-69.6012657219561	-22.0177939064548	1.02589333224565
0.545	-322.050582452061	334.763598180368	329.76283528107	0.00568249707325936	-3245.93319043754	-167.38179909016	-209.193257830677	-0.907370195249659	3567.9837728896	-167.381799090215	-124.413929458201	0.901479402787445
0.546	-95.5482290020235	318.37910146784	330.388362001767	0.336070859075026	-2624.01032093925	-69.6012657218849	-121.567069533814	-1.02893726478347	2719.55854994128	-248.777835745961	-205.462603468414	0.696016799319031
0.547	872.115346682983	270.829440025999	297.020248887547	0.633091107962574	-1922.41929705526	34.9923244757823	-15.8675867943063	-1.04480485157778	1050.30395037228	-305.821764501787	-265.608411399846	0.430408387919185
0.548	2378.95850975865	196.769106014753	227.03570758155	0.860126815544123	-1722.40801499413	136.16062214789	86.9625983550888	-0.957842253222691	-656.550494764522	-332.929728162647	-311.59245005031	0.118815937868875
0.549	3637.60327038796	103.447640935808	138.605574557099	0.998732390101222	-2047.30266910662	224.000569437325	181.384289641845	-0.776457963580846	-1590.30060128134	-327.448210373134	-331.643525198165	-0.21282758732929
0.55	3926.44305655251	-3.93853838431824E-11	47.3631375220989	1.04609552762332	-2253.12608951508	289.913780286502	261.001431824022	-0.515456531756823	-1673.31696703743	-289.913780286463	-312.713615091766	-0.525541202421056
0.551	3103.66221348302	-103.447640935873	-45.2219140284944	1.00087361359483	-1676.0691900871	327.448210373149	313.055356575932	-0.202401175180891	-1427.59302339591	-224.000569437273	-257.673118181015	-0.783214320602071
0.552	1716.64243644732	-196.769106014816	-143.555672419401	0.857317941175426	-124.299410335613	332.929728162639	325.178491681518	0.122777316500626	-1592.34302611171	-136.160622147818	-180.067110392235	-0.963281430994306
0.553	634.955173193033	-270.829440026045	-234.310663708404	0.623007277467021	1761.70323693244	305.821764501754	306.706128721326	0.429483445221953	-2396.65841012548	-34.992324475704	-84.6228216840123	-1.04790425267832
0.554	274.937527477467	-318.379101467864	-298.92903887647	0.324078238590551	3036.9136316738	248.777835745908	268.650757861173	0.698134203083126	-3311.85115915127	69.6012657219619	21.9369256985873	-1.02596732697973
0.555	322.261147071195	-334.763598180368	-329.778072642769	-0.00569983405221852	3249.93679996885	167.381799090155	209.196798705015	0.907331001788141	-3572.19794704005	167.38179909022	124.491775303421	-0.90147555167631
0.556	97.449558961961	-318.379101467841	-330.380367679306	-0.336080201731525	2624.72508898868	69.6012657218884	121.606720875331	1.02893772266347	-2722.17464795064	248.777835745959	205.473190800556	-0.696002360875754
0.557	-873.28106712575	-270.829440026001	-296.978692531191	-0.633058894262716	1922.27018794709	-34.9923244757787	15.894917705485	1.04483264036896	-1048.98912082134	305.821764501785	265.605116874221	-0.430397244001533
0.558	-2378.02730477517	-196.769106014748	-227.055769173164	-0.860114663435881	1724.45805719176	-136.160622147895	-86.9837976834796	0.957848842685477	653.569247583407	332.929728162647	311.614095820252	-0.118783148181281
0.559	-3638.91033049782	-103.447640935802	-138.60336267971	-0.99871802611559	2049.97824210651	-224.000569437329	-181.401754915791	0.776447087769686	1588.93208839131	327.448210373133	331.621691407358	0.212838543226076
0.56	-3930.54209993308	3.5740299608733E-11	-47.3741874051357	-1.04609221352073	2258.11960194133	-289.9137802865	-261.048477364047	0.515398610405639	1672.42249799174	289.913780286465	312.680720473583	0.52551926369966
0.561	-3103.52906395458	103.447640935879	45.2464663536514	-1.00084574716707	1671.2203881215	-327.44821037315	-312.94060215839	0.202458008247248	1432.30867583308	224.000569437269	257.687014304131	0.783206278003791
0.562	-1717.68703939899	196.769106014813	143.543368737806	-0.857302378429269	121.116279906182	-332.929728162639	-325.207616721265	-0.122749608474017	1596.57075949281	136.160622147821	180.048144387775	0.963254422391566
0.563	-633.436552394047	270.829440026049	234.306512604806	-0.622995865824463	-1764.46910227271	-305.821764501752	-306.694955412473	-0.42944456388649	2397.90565466675	34.9923244756981	84.6534459575841	1.04790786834915
0.564	-278.814725289217	318.379101467863	298.935981047367	-0.324059884777096	-3037.63255884304	-248.777835745911	-268.691749025328	-0.698136312911818	3316.44728413226	-69.6012657219584	-21.9884245917343	1.02591944375742
0.565	-324.996692770812	334.763598180368	329.749470033309	0.00568958525621366	-3244.93387773435	-167.38179909015	-209.257482023129	-0.907393794934947	3569.93057050517	-167.381799090225	-124.470545416804	0.901448898340611
0.566	-98.7093060908852	318.379101467839	330.429463668706	0.33611904892492	-2619.90839058578	-69.6012657218826	-121.549943898888	-1.02894373883383	2718.61769667667	-248.777835745963	-205.405784174336	0.696043114166274
0.567	871.023325245803	270.829440026003	296.996464146946	0.633115513071866	-1920.41706009912	34.9923244757751	-15.8666914181231	-1.04481043025196	1049.39373485331	-305.821764501784	-265.619534783204	0.43042357938307
0.568	2376.64123422822	196.769106014751	227.005154489959	0.860120667561825	-1721.67412436445	136.160622147892	86.9309546114317	-0.957879475640526	-654.967109863775	-332.929728162647	-311.647988828962	0.118775590554108
0.569	3638.94183006213	103.447640935805	138.631225622034	0.99875189318386	-2043.8977702559	224.000569437327	181.415175928639	-0.776464299711887	-1595.04405980623	-327.448210373134	-331.552760210087	-0.212777169655979
0.57	3928.56932822908	-4.16591205976147E-11	47.3347659385727	1.04608665912243	-2255.14816526855	289.913780286503	261.013758078061	-0.515450541633827	-1673.42116296053	-289.913780286462	-312.765068972536	-0.525542238628515
0.571	3106.73170333106	-103.447640935875	-45.2306611819531	1.00085599794048	-1677.19858195985	327.448210373149	313.048796927957	-0.20240174470587	-1429.5331213712	-224.000569437272	-257.662259746121	-0.783204498374636
0.572	1718.01950950813	-196.769106014811	-143.542894288228	0.857313103652251	-123.732993800111	332.929728162639	325.170450951666	0.122768706245795	-1594.28651570802	-136.160622147825	-180.063410452846	-0.963267908827482
0.573	637.844929834107	-270.829440026046	-234.347334674847	0.622965768977404	1760.21938813228	305.821764501754	306.693679667826	0.429462385913622	-2398.06431796639	-34.9923244757017	-84.651482422218	-1.0479193912497
0.574	283.876498503485	-318.379101467865	-298.944087949665	0.324021681027739	3030.33133536754	248.777835745907	268.712312612458	0.69817469852608	-3314.20783387103	69.6012657219642	21.9706692710262	-1.02594872197867
0.575	326.796587538099	-334.763598180368	-329.739600904111	-0.00571791987637269	3244.73184864576	167.381799090153	209.203475177856	0.907378173703936	-3571.52843618386	167.381799090222	124.48552619269	-0.901463195785983
0.576	100.386623681823	-318.37910146784	-330.411526270093	-0.336129446146465	2621.5855000771	69.6012657218862	121.555368424404	1.02893354212834	-2721.97212375892	248.77783574596	205.436178654681	-0.696027017131302
0.577	-873.879135284138	-270.829440026	-296.92601315993	-0.633055459306395	1921.86183178272	-34.992324475781	15.9083407095688	1.04484188283791	-1047.98269649858	305.821764501786	265.629957241977	-0.430397059889325
0.578	-2377.68671398603	-196.769106014754	-227.055917812232	-0.860111377118627	1722.57389408087	-136.160622147889	-86.9678615441313	0.957874021293777	655.112819905157	332.929728162647	311.615920857413	-0.118781139031912
0.579	-3635.92896666205	-103.4476409358	-138.633858480255	-0.998745235598882	2046.75473861066	-224.000569437331	-181.404604791181	0.776469416502596	1589.17422805139	327.448210373133	331.617059790452	0.212835920758539
0.58	-3929.45153435516	3.80850906367414E-11	-47.3658824730346	-1.04611111807192	2256.17848569096	-289.913780286502	-261.058657054188	0.515410759448409	1673.2730486642	289.913780286463	312.673509532295	0.525509430290835
0.581	-3105.70628313627	103.447640935872	45.24998999987	-1.00086112807205	1675.1216173143	-327.448210373149	-312.996736438975	0.202414023009434	1430.58466582197	224.000569437274	257.686002509842	0.783195432800676
0.582	-1716.22948764881	196.769106014815	143.541141597623	-0.857319986474424	120.925150414072	-332.929728162639	-325.160805762006	-0.122746782752572	1595.30433723474	136.160622147819	180.066992385794	0.96326242518647
0.583	-638.792893737443	270.829440026044	234.366473494235	-0.622953512980189	-1760.50618933465	-305.821764501755	-306.707710371099	-0.429454493123671	2399.29908307209	34.9923244757053	84.6511766933747	1.04791360187984
0.584	-280.666194251579	318.379101467864	298.875103540568	-0.324078409439621	-3035.6015127815	-248.77783574591	-268.720371413606	-0.698174864537277	3316.26770703308	-69.6012657219606	-22.0183049024361	1.02589529697741
0.585	-322.036510601831	334.763598180368	329.76068852093	0.00568227908130892	-3245.94055177904	-167.381799090148	-209.195427985674	-0.907370292522951	3567.97706238087	-167.381799090227	-124.41596943502	0.901479327542389
0.586	-95.5254434469755	318.379101467838	330.3863512699	0.336068630351209	-2624.00918492328	-69.6012657218804	-121.569069263198	-1.02893936178615	2719.53462837025	-248.777835745964	-205.464431322214	0.696014896220175
0.587	872.128959113943	270.829440026002	297.020082794039	0.633088713145248	-1922.41577309504	34.9923244757774	-15.8678206606018	-1.04480718244675	1050.2868139811	-305.821764501785	-265.608663544652	0.430406232675523
0.588	2378.94880078944	196.769106014749	227.037543122421	0.860126256267669	-1722.40038885463	136.160622147894	86.9642547409426	-0.957842927705808	-656.548411934808	-332.929728162647	-311.590885692046	0.118815346983478
0.589	3637.60547228331	103.447640935803	138.607656127054	0.998733912394723	-2047.2929443435	224.000569437328	181.386429196043	-0.776456498509766	-1590.3125279398	-327.448210373134	-331.641275299311	-0.212825928315833
0.59	3926.45031338541	-4.39470682067622E-11	47.363980706734	1.04609789310146	-2253.11894088812	289.913780286504	261.002322759657	-0.515454175750109	-1673.33137249729	-289.913780286461	-312.712715157067	-0.5255386434729
0.591	3103.64950150128	-103.447640935878	-45.2229094339311	1.00087498366753	-1676.05283691085	327.44821037315	313.054165848806	-0.202400009901302	-1427.59666459043	-224.00056943727	-257.674309745819	-0.783212953218719
0.592	1716.6189472861	-196.769106014812	-143.557790201453	0.857317193466074	-124.278880210975	332.929728162639	325.176260798261	0.122776250896959	-1592.34006707512	-136.160622147823	-180.069348591582	-0.963282301810301
0.593	634.945062848304	-270.829440026048	-234.312169138635	0.623005024327438	1761.70950837845	305.821764501753	306.704788754391	0.42948103965135	-2396.65457122675	-34.9923244756994	-84.6242551994865	-1.04790655700979
0.594	274.930564053327	-318.379101467862	-298.928606590155	0.324076417737283	3036.92211525546	248.777835745912	268.651189105591	0.69813222875694	-3311.85267930879	69.6012657219571	21.93740873051	-1.02596914827928
0.595	322.250524618161	-334.763598180368	-329.776048920769	-0.00569963118348585	3249.93925885787	167.381799090151	209.198831384192	0.907331060141133	-3572.18978347603	167.381799090224	124.493707244601	-0.901475441034676
0.596	97.4307938615379	-318.379101467836	-330.37847367971	-0.336078104863196	2624.72029391873	69.6012657218747	121.608603092622	1.02893966323375	-2722.15108778026	248.777835745968	205.474918787383	-0.696000522247293
0.597	-873.29173124558	-270.829440025998	-296.978533844224	-0.63305663870742	1922.26387578198	-34.9923244757833	15.8951345763514	1.04483479781011	-1048.9721445364	305.821764501787	265.60535503762	-0.430395167209674
0.598	-2378.0174099169	-196.769106014752	-227.057490642966	-0.860114129350386	1724.44914781591	-136.160622147891	-86.9853660193678	0.957849431790738	653.56826210099	332.929728162647	311.61261999806	-0.118782547211613
0.599	-3638.91195353314	-103.447640935797	-138.60533028202	-0.998719459632405	2049.96788782249	-224.000569437333	-181.403781593684	0.776445650197054	1588.94406571065	327.448210373132	331.619564711051	0.212837017499438
0.6	-3930.54918581115	4.03588273911737E-11	-47.3749771148592	-1.04609443674726	2258.11184234153	-289.913780286503	-261.049317142028	0.515396333055026	1672.43734346962	289.913780286462	312.679868910094	0.525516886409531
0.601	-3103.51781127119	103.447640935883	45.2474109634713	-1.00084702578379	1671.20366809594	-327.448210373151	-312.939474430769	0.202456858624257	1432.31414317525	224.000569437266	257.688134753107	0.783205021162638
0.602	-1717.66663096319	196.769106014817	143.545379441468	-0.857301646342325	121.095646507629	-332.929728162638	-325.205506026946	-0.122748647402689	1596.57098445556	136.160622147817	180.050254092465	0.963255275255103
0.603	-633.428482246659	270.829440026046	234.307932338919	-0.622993714003406	-1764.47686789087	-305.821764501754	-306.693686185895	-0.429442333588584	2397.90535013753	34.992324475703	84.6547956064131	1.04791007086152
0.604	-278.809532542412	318.379101467864	298.935568972681	-0.324058145030725	-3037.64339192551	-248.777835745908	-268.692152768547	-0.698134486357131	3316.45292446792	-69.6012657219628	-21.9888920149931	1.02592117884652
0.605	-324.988347237784	334.763598180368	329.747556875595	0.00568941184487014	-3244.9398781246	-167.381799090154	-209.259399287589	-0.90739388564472	3569.92822536239	-167.381799090221	-124.472384182617	0.901448794663906
0.606	-98.6934161577484	318.379101467837	330.42767383743	0.3361170856823	-2619.90759589996	-69.6012657218782	-121.5517223175	-1.02894560796222	2718.60101205771	-248.777835745966	-205.40742268709	0.696041371976816
0.607	871.031907212843	270.829440025995	296.996312999632	0.633113398681932	-1920.41474324874	34.9923244757891	-15.8668949710259	-1.04481250293325	1049.3828360359	-305.821764501789	-265.619759097868	0.430421612878948
0.608	2376.63151125451	196.769106014755	227.00677623269	0.860120174914622	-1721.66952814712	136.160622147888	86.9324412965522	-0.957880061636694	-654.961983107389	-332.929728162646	-311.646588309523	0.118775024569425
0.609	3638.94374223345	103.447640935801	138.633081111523	0.998753256026145	-2043.89245679251	224.00056943733	181.417098151141	-0.776462963485553	-1595.05128544094	-327.448210373133	-331.550750698537	-0.212775726129112
0.61	3928.57713099657	-4.62634375253401E-11	47.3355099866449	1.04608876601279	-2255.14535147952	289.913780286506	261.014556798518	-0.515448406687035	-1673.43177951705	-289.913780286459	-312.764258694346	-0.525539984823458
0.611	3106.72304737476	-103.44764093588	-45.2315560635712	1.00085720994922	-1677.18741484445	327.44821037315	313.047738107286	-0.202400668579748	-1429.53563253032	-224.000569437268	-257.663310920005	-0.783203295743464
0.612	1718.00294437272	-196.769106014822	-143.54479505069	0.857312414898529	-123.718745057447	332.929728162638	325.168467749377	0.122767799169629	-1594.28419931528	-136.160622147812	-180.065399250388	-0.963268694993852
0.613	637.839960422588	-270.829440026049	-234.34867898804	0.622963735910489	1760.22170736153	305.821764501752	306.692479164886	0.429460278334514	-2398.06166778412	-34.9923244756971	-84.6527597320532	-1.04792145472591
0.614	283.873655126626	-318.379101467863	-298.943699415665	0.324020036494824	3030.33745301089	248.77783574591	268.712686697927	0.698172965032442	-3314.21110813751	69.6012657219593	21.9711083216387	-1.02595034640427
0.615	326.790516011592	-334.763598180368	-329.737796439858	-0.00571775994503389	3244.73517743056	167.381799090149	209.20527270595	0.907378237738392	-3571.52569344215	167.381799090226	124.487268935484	-0.901463077468783
0.616	100.373503687578	-318.379101467839	-330.409836242539	-0.336127596187573	2621.58260566823	69.6012657218817	121.557048735125	1.02893528647352	-2721.95610935581	248.777835745964	205.437728672293	-0.696025348796489
0.617	-873.885968197075	-270.829440025997	-296.925864972822	-0.633053461160395	1921.85804033371	-34.9923244757855	15.9085324497867	1.0448438189233	-1047.97207213663	305.821764501788	265.630170642776	-0.430395178153713
0.618	-2377.67701326567	-196.769106014742	-227.057445212474	-0.860110906372869	1722.56854349182	-136.160622147902	-86.9692691353277	0.957874549787975	655.108469773847	332.929728162648	311.614596681276	-0.118780581472437
0.619	-3635.93045128026	-103.447640935804	-138.635612314496	-0.998746518687366	2046.74921142875	-224.000569437327	-181.406425640489	0.776468124147486	1589.18123985151	327.448210373134	331.615161223318	0.212834579750881
0.62	-3929.45867449903	4.2632564145606E-11	-47.3665831597214	-1.04611310184709	2256.17513600206	-289.913780286504	-261.059408395581	0.515408715751905	1673.28353849698	289.913780286461	312.672743892246	0.525507323643127
0.621	-3105.69827163342	103.447640935886	45.2508374664053	-1.00086226438068	1675.11023337592	-327.448210373152	-312.995735389297	0.202412980362608	1430.5880382575	224.000569437264	257.68699125066	0.783194314893787
0.622	-1716.21476496675	196.769106014819	143.54294372514	-0.857319320655542	120.911119625558	-332.929728162638	-325.158932319746	-0.122745951957138	1595.30364534119	136.160622147815	180.068868743209	0.963263183636996
0.623	-638.788988959271	270.829440026053	234.367741981683	-0.622951578673859	-1760.50922795557	-305.821764501749	-306.706575126081	-0.429452527083219	2399.29821691484	34.9923244756912	84.6523807727377	1.04791556440973
0.624	-280.664242081662	318.379101467865	298.874734534331	-0.324076844139528	-3035.60872297179	-248.777835745907	-268.72072246482	-0.698173249548039	3316.27296505346	-69.6012657219651	-22.018725871189	1.02589683853854
0.625	-322.031657795831	334.763598180368	329.758983750055	0.00568213961052702	-3245.94586252932	-167.381799090152	-209.197121967644	-0.907370371515684	3567.97752032515	-167.381799090223	-124.417624108856	0.901479214429689
0.626	-95.5142093971844	318.379101467837	330.384755602917	0.336066895213444	-2624.00851137745	-69.6012657218758	-121.57065774157	-1.02894102925725	2719.52272077463	-248.777835745967	-205.465899485643	0.696013314944046
0.627	872.134495246736	270.829440025999	297.019942388663	0.633086837602107	-1922.41415065435	34.9923244757819	-15.8680008715149	-1.04480903012877	1050.27965540762	-305.821764501786	-265.608863596559	0.430404451347487
0.628	2378.93953606774	196.769106014745	227.038981940069	0.860125819542176	-1722.39748831956	136.160622147899	86.965587624597	-0.957843442504171	-656.542047748179	-332.929728162648	-311.589630895151	0.118814820452335
0.629	3637.6070522425	103.44764093579	138.60931197828	0.998735131520456	-2047.2902282456	224.000569437339	181.388153485217	-0.776455289018955	-1590.3168239969	-327.448210373131	-331.639482399027	-0.212824661946692
0.63	3926.45764769605	-3.90443233300175E-11	47.3646420954863	1.04609977361594	-2253.11830267448	289.913780286502	261.00303609338	-0.515452252925575	-1673.33934502157	-289.913780286463	-312.711987992262	-0.525536649938954
0.631	3103.64306811354	-103.447640935882	-45.223712039091	1.00087606157685	-1676.04463333398	327.448210373151	313.053223363842	-0.202399029561733	-1427.59843477956	-224.000569437267	-257.675239264624	-0.783211889203578
0.632	1716.60685079316	-196.769106014824	-143.559496460514	0.857316565116337	-124.268736917564	332.929728162638	325.17449709989	0.122775467538157	-1592.3381138756	-136.16062214781	-180.071119789246	-0.963283008992824
0.633	634.942881356814	-270.82944002605	-234.313366856404	0.623003198259933	1761.70947861219	305.821764501751	306.703715650393	0.42947918318855	-2396.652359969	-34.9923244756949	-84.6253945085748	-1.0479084035014
0.634	274.929817924058	-318.379101467867	-298.92825644649	0.324074941813443	3036.92673299481	248.777835745902	268.65151677887	0.69813069996742	-3311.85655091887	69.6012657219709	21.9378072646936	-1.02597059623671
0.635	322.246982602401	-334.763598180368	-329.774440996278	-0.00569949918283507	3249.94295736671	167.381799090147	209.200424350085	0.907331124317506	-3572.18993996911	167.381799090228	124.49527295897	-0.901475323277736
0.636	97.421477612962	-318.379101467838	-330.376969927529	-0.336076469110364	2624.71841361516	69.6012657218795	121.610102308701	1.02894122662621	-2722.13989122812	248.777835745965	205.476306331514	-0.695999016946221
0.637	-873.295842715684	-270.829440025996	-296.97840110212	-0.633054870212484	1922.26126139131	-34.9923244757878	15.895303775707	1.04483653040191	-1048.96541867563	305.821764501789	265.605543431616	-0.430393473514605
0.638	-2378.00825915853	-196.769106014748	-227.058843141155	-0.860113713353639	1724.44592723807	-136.160622147895	-86.9866263100192	0.957849904091894	653.562331920456	332.929728162647	311.611436240271	-0.118782037274334
0.639	-3638.91298856292	-103.447640935793	-138.606897676366	-0.998720611030005	2049.9650052176	-224.000569437336	-181.405413949796	0.776444490142098	1588.94798334531	327.448210373131	331.617869876636	0.212835832602301
0.64	-3930.5559629667	4.49276171821111E-11	-47.375598892467	-1.04609620992247	2258.11100274608	-289.913780286505	-261.049990232081	0.515394499910018	1672.44496022062	289.91378028646	312.679181698188	0.525515014300489
0.641	-3103.51178423269	103.447640935888	45.2481706777474	-1.00084803924472	1671.19555353325	-327.448210373152	-312.938582895773	0.202455917014244	1432.31623069944	224.000569437262	257.689010827791	0.78320402512828
0.642	-1717.65583566063	196.769106014821	143.546997155015	-0.85730104208971	121.085833341847	-332.929728162638	-325.203838702218	-0.122747921687974	1596.57000231878	136.160622147813	180.051926051493	0.963255951179773
0.643	-633.426823366934	270.829440026048	234.309061966003	-0.622991980123707	-1764.47722898916	-305.821764501753	-306.692671857316	-0.42944059354529	2397.9040523561	34.9923244756984	84.6558714116464	1.04791182259142
0.644	-278.809155004156	318.379101467866	298.935236217462	-0.324056743906245	-3037.64849790443	-248.777835745905	-268.692461428545	-0.698133054973835	3316.45765290859	-69.6012657219674	-21.9892723900374	1.02592255020138
0.645	-324.985462054283	334.763598180368	329.746037416024	0.00568929350977952	-3244.94444887458	-167.38179909015	-209.260903093938	-0.907393958067773	3569.92991092886	-167.381799090225	-124.473868410512	0.901448681790869
0.646	-98.6851409535949	318.379101467836	330.426252975083	0.336115546484863	-2619.90690257293	-69.6012657218736	-121.553139013007	-1.02894709708078	2718.59204352653	-248.777835745969	-205.408735569502	0.696039946221368
0.647	871.035388313387	270.829440025998	296.996187159208	0.63311173364407	-1920.41331831338	34.9923244757842	-15.8670544368291	-1.04481415151761	1049.37792999999	-305.821764501787	-265.619936563476	0.430420009657892
0.648	2376.62289342963	196.769106014751	227.008052405009	0.860119786049079	-1721.6676196673	136.160622147892	86.9336341223653	-0.957880517395244	-654.95527376233	-332.929728162647	-311.645467210111	0.118774542447781
0.649	3638.94490688281	103.447640935797	138.634560902119	0.998754346951199	-2043.89123185608	224.000569437334	181.418643339193	-0.776461874056051	-1595.05367502672	-327.448210373132	-331.549151293745	-0.212774608845964
0.65	3928.58385373984	-4.1332270939165E-11	47.3360977540075	1.04609044470521	-2255.14598300159	289.913780286503	261.015194193219	-0.515446679862832	-1673.43787073825	-289.913780286462	-312.763607331614	-0.525538216177577
0.651	3106.71798903031	-103.447640935884	-45.2322744930635	1.00085817021214	-1677.18114982773	327.448210373151	313.04689787445	-0.202399781988382	-1429.53683920258	-224.000569437265	-257.664135245217	-0.783202351422794
0.652	1717.99371725839	-196.769106014818	-143.546323254505	0.857311846957638	-123.711240109635	332.929728162638	325.166898276969	0.122767116288587	-1594.28247714876	-136.160622147816	-180.066976702747	-0.963269328125541
0.653	637.839424348589	-270.829440026046	-234.349748781359	0.622962098176278	1760.22028613721	305.821764501754	306.69151989343	0.429458636182017	-2398.0597104858	-34.992324475702	-84.6537777778478	-1.04792310590339
0.654	283.874077109992	-318.379101467865	-298.943385672782	0.324018712503497	3030.34082478088	248.777835745907	268.712975153321	0.698171611335338	-3314.21490189087	69.6012657219638	21.9714658830961	-1.02595164002029
0.655	326.788513323015	-334.763598180368	-329.736362748574	-0.00571765024507788	3244.73890149448	167.381799090153	209.206686485448	0.907378297820786	-3571.52741481749	167.381799090221	124.488674389773	-0.90146296563052
0.656	100.366550816632	-318.379101467834	-330.408494053208	-0.336126144298286	2621.58123167273	69.6012657218679	121.558389362109	1.0289366871829	-2721.94778248936	248.777835745973	205.438970293891	-0.696023995336629
0.657	-873.888710168426	-270.829440026	-296.925742660303	-0.633051886958589	1921.8561541757	-34.9923244757806	15.9086839052591	1.04484537108815	-1047.96744400728	305.821764501786	265.630339114237	-0.430393656222392
0.658	-2377.66866740568	-196.769106014739	-227.058648744073	-0.860110535702662	1722.56643986174	-136.160622147906	-86.9703973383656	0.957874973749789	655.102227543943	332.929728162648	311.613536915462	-0.11878011930693
0.659	-3635.93136878837	-103.447640935791	-138.637011928813	-0.998747547631474	2046.7479908209	-224.000569437338	-181.407888546015	0.776467085203774	1589.18337796748	327.448210373131	331.613649954005	0.212833530647075
0.66	-3929.46475066632	3.77440301235765E-11	-47.3671382512765	-1.04611468588275	2256.17548256644	-289.913780286501	-261.060008393995	0.515407076809779	1673.28926809988	289.913780286464	312.672128840163	0.525505659487238
0.661	-3105.69338735794	103.44764093589	45.2515165004148	-1.00086316938234	1675.10400853119	-327.448210373153	-312.994941809799	0.202412134999979	1430.58937882675	224.000569437261	257.687767815658	0.783193427302896
0.662	-1716.20636560543	196.769106014823	143.544391106901	-0.857318778275435	120.903945158395	-332.929728162638	-325.157450086682	-0.122745315086703	1595.30242044704	136.160622147811	180.070358425124	0.96326378572802
0.663	-638.788703487203	270.829440026055	234.36875161032	-0.622950026665115	-1760.50801694348	-305.821764501748	-306.705669049533	-0.429450984136236	2399.29672043068	34.9923244756866	84.6533421725021	1.04791712790052
0.664	-280.664817676456	318.379101467866	298.874437228584	-0.324075589436531	-3035.61226308208	-248.777835745903	-268.720994131957	-0.698171978268194	3316.27708075853	-69.6012657219696	-22.0190657331429	1.02589806216738
0.665	-322.030009621611	334.763598180368	329.757629536154	0.00568204009962246	-3245.95008163227	-167.381799090148	-209.198455420748	-0.907370433688942	3567.98009125388	-167.381799090227	-124.418955176442	0.901479106990937
0.666	-95.5080370988576	318.379101467836	330.383488251849	0.336065528351472	-2624.00782556977	-69.6012657218713	-121.571925027426	-1.02894235871637	2719.51586266863	-248.777835745971	-205.467073805668	0.696012033185269
0.667	872.136763384049	270.829440025996	297.019827104111	0.633085355455583	-1922.41290906311	34.9923244757865	-15.8681435781383	-1.04481050229451	1050.27614567906	-305.821764501788	-265.609021642174	0.430403011543095
0.668	2378.93171178319	196.769106014741	227.04011689204	0.860125472347623	-1722.39614906422	136.160622147903	86.9666547925684	-0.957843847501938	-656.535562718978	-332.929728162648	-311.588627888785	0.11881438365431
0.669	3637.60795816087	103.447640935794	138.610634238956	0.998736106586579	-2047.28989118468	224.000569437335	181.389536837831	-0.776454310664106	-1590.31806697619	-327.448210373132	-331.63805629825	-0.21282367264394
0.67	3926.46351228144	-4.36344294030278E-11	47.3651670288229	1.0461012736154	-2253.11940414579	289.913780286505	261.003604121449	-0.515450706542657	-1673.34410813565	-289.913780286461	-312.711405319706	-0.525535077963646
0.671	3103.63878954321	-103.447640935886	-45.2243543318458	1.00087691928356	-1676.03948536684	327.448210373152	313.052474397219	-0.202398232145439	-1427.59930417637	-224.000569437263	-257.675970823171	-0.783211048786817
0.672	1716.59962343158	-196.76910601482	-143.560866056719	0.857316053226837	-124.263044628648	332.929728162638	325.173099909007	0.122774867763568	-1592.33657880293	-136.160622147814	-180.072526755105	-0.963283575541922
0.673	634.943160618955	-270.829440026053	-234.314320356053	0.623001732870784	1761.70731261475	305.821764501749	306.702859288601	0.429477727052169	-2396.6504732337	-34.9923244756903	-84.6263039981911	-1.04790987954011
0.674	274.930710114407	-318.379101467865	-298.927974352051	0.324073758518733	3036.92938486563	248.777835745906	268.651771803365	0.698129498855534	-3311.86009498003	69.6012657219661	21.9381291165897	-1.02597175042352
0.675	322.245795544899	-334.763598180368	-329.773163221958	-0.00569940470322497	3249.94660547748	167.381799090151	209.201680743926	0.907331179599459	-3572.19240102238	167.381799090223	124.496531533535	-0.901475218889988
0.676	97.4162365494405	-318.379101467837	-330.37577505182	-0.336075179755045	2624.71733506458	69.601265721875	121.611299533855	1.02894247913331	-2722.13357161402	248.777835745968	205.477415823084	-0.695997803066904
0.677	-873.297456980517	-270.829440025998	-296.978292414597	-0.633053472169642	1922.25966069468	-34.9923244757829	15.8954383927421	1.04483791752606	-1048.96220371416	305.821764501787	265.605692045671	-0.430392111021233
0.678	-2378.00072716424	-196.769106014737	-227.059911222843	-0.860113383392485	1724.44455750389	-136.160622147908	-86.9876346932785	0.957850282832778	653.556169660346	332.929728162649	311.610490055162	-0.118781620966071
0.679	-3638.91358161317	-103.447640935798	-138.6081496898	-0.998721533082286	2049.96461299235	-224.000569437333	-181.406722953897	0.776443559878881	1588.94896862082	327.448210373132	331.616521688948	0.212834900722878
0.68	-3930.56140338035	4.0031977732724E-11	-47.3760931061307	-1.04609762618842	2258.11202805609	-289.913780286502	-261.050526490418	0.515393033388463	1672.44937532426	289.913780286462	312.678631349799	0.525513532072677
0.681	-3103.50770540598	103.447640935892	45.2487779766142	-1.0008488482118	1671.19059744242	-327.448210373153	-312.937874673315	0.202455158715147	1432.31710796356	224.000569437259	257.689701175091	0.783203233247768
0.682	-1717.64930182566	196.769106014817	143.548294565648	-0.857300553646154	121.080460082594	-332.929728162638	-325.202518029795	-0.122747359314648	1596.56884174307	136.160622147818	180.053254977172	0.96325648822494
0.683	-633.427194409069	270.829440026057	234.30996123677	-0.622990592409384	-1764.4752214457	-305.821764501746	-306.691862948284	-0.429439222262932	2397.90241585476	34.9923244756844	84.6567310583244	1.04791321928326
0.684	-278.810051749661	318.379101467867	298.934968499966	-0.324055623909418	-3037.65118158753	-248.777835745902	-268.692702310345	-0.698131924573277	3316.46123333719	-69.6012657219718	-21.9895780010861	1.02592364128218
0.685	-324.984452987127	334.763598180368	329.744829957439	0.00568920604802131	-3244.9482048214	-167.381799090138	-209.262089812242	-0.907394014385518	3569.93265780852	-167.381799090237	-124.475059519647	0.901448581762532
0.686	-98.680329239561	318.379101467835	330.425123946211	0.336114329994232	-2619.90619088092	-69.6012657218692	-121.554270371277	-1.0289482847568	2718.58652012048	-248.777835745972	-205.409784522249	0.696038797240283
0.687	871.036824146852	270.829440025995	296.996084264742	0.633110414258974	-1920.41208968523	34.9923244757888	-15.8671815733813	-1.04481546633018	1049.37526553838	-305.821764501789	-265.620076604916	0.430418720635367
0.688000000000001	2376.61585603265	196.76910601474	227.009061164814	0.860119475423788	-1721.66663561361	136.160622147905	86.9345878683644	-0.957880878461812	-654.949220419042	-332.929728162648	-311.644571748604	0.118774148886763
0.689000000000001	3638.94555089915	103.447640935792	138.635743419351	0.998755218843139	-2043.89138610451	224.000569437337	181.419881345352	-0.77646099711646	-1595.05416479464	-327.448210373131	-331.547879351924	-0.212773730465161
0.690000000000001	3928.58905307762	-5.54649659534334E-11	47.336565492376	1.04609178433552	-2255.14739182033	289.91378028651	261.015701195465	-0.515445295920995	-1673.44166125729	-289.913780286455	-312.763086476829	-0.525536816941989
0.691000000000001	3106.71431599263	-103.447640935889	-45.2328484010542	1.00085893593446	-1677.1768522382	327.448210373152	313.046229279894	-0.202399066641102	-1429.53746375443	-224.000569437262	-257.664785765177	-0.783201602707166
0.692000000000001	1717.98786921927	-196.769106014822	-143.547548285858	0.857311387648602	-123.706760056223	332.929728162638	325.165653905186	0.122766587264084	-1594.28110916305	-136.160622147812	-180.068231002334	-0.963269833709501
0.693000000000001	637.840186430347	-270.829440026054	-234.350600447597	0.622960787201006	1760.21774811169	305.821764501748	306.690754889698	0.429457342153782	-2398.05793454204	-34.992324475688	-84.6545911255449	-1.04792442483505
0.694000000000001	283.875218279783	-318.379101467866	-298.943133291461	0.324017653909545	3030.34281420882	248.777835745904	268.713201224607	0.698170543378389	-3314.21803248861	69.6012657219683	21.9717532096146	-1.02595267162543
0.695000000000001	326.787845810006	-334.763598180368	-329.735223146692	-0.00571756923714681	3244.74236399768	167.381799090141	209.207803731743	0.907378347110131	-3571.53020980768	167.381799090234	124.489801535752	-0.901462870089679
0.696000000000001	100.362402724499	-318.379101467836	-330.407427185192	-0.336124996422339	2621.58030832996	69.6012657218727	121.559460451664	1.0289378075618	-2721.94271105446	248.77783574597	205.439962120905	-0.696022907968774
0.697000000000001	-873.889862134228	-270.829440025997	-296.925643039322	-0.633050639461662	1921.85480743194	-34.9923244757852	15.9088049889147	1.04484661255071	-1047.96494529772	305.821764501788	265.630471919527	-0.430392436049246
0.698000000000001	-2377.66197870639	-196.769106014743	-227.059600715627	-0.860110240177288	1722.56543037178	-136.160622147901	-86.9712989737952	0.957875313576915	655.096548334611	332.929728162648	311.612690590875	-0.118779745458371
0.699000000000001	-3635.93193241191	-103.447640935796	-138.638130334547	-0.998748370511836	2046.74818477987	-224.000569437334	-181.409060147474	0.776466253429441	1589.18374763204	327.448210373132	331.612447984892	0.21283270252652
0.700000000000001	-3929.46948217844	6.13553652328847E-11	-47.3675805819191	-1.04611595109375	2256.17669794156	-289.913780286513	-261.060485814376	0.515405767615065	1673.29278423688	289.913780286452	312.671637110258	0.525504339636778
0.701000000000001	-3105.68980960489	103.447640935885	45.2520584171936	-1.00086389267656	1675.09981491664	-327.448210373152	-312.994310674544	0.202411456940521	1430.58999468825	224.000569437264	257.688381124861	0.78319272076164
0.702000000000001	-1716.20097034383	196.769106014819	143.545550627144	-0.857318342049418	120.899723633588	-332.929728162638	-325.156274743933	-0.122744817803411	1595.30124671025	136.160622147815	180.071543421866	0.963264264183506
0.703000000000001	-638.78948509454	270.829440026058	234.369555499035	-0.622948786550382	-1760.50560003886	-305.821764501745	-306.704946696493	-0.429449764499905	2399.2950851334	34.9923244756821	84.6541107146529	1.04791837489816
0.704000000000001	-280.665927761248	318.379101467865	298.874198363076	-0.324074588187306	-3035.61422101375	-248.777835745907	-268.721207325271	-0.698170971825176	3316.280148775	-69.6012657219648	-22.0193379153237	1.02589903698283
0.705000000000001	-322.029446913083	334.763598180368	329.756553110581	0.00568196492327501	-3245.95360279323	-167.381799090136	-209.19950979721	-0.907370481622386	3567.98304970632	-167.381799090239	-124.420021528168	0.901479015454667
0.706000000000001	-95.5042650438046	318.379101467834	330.38248071788	0.336064445641155	-2624.00714286863	-69.6012657218669	-121.572937401178	-1.02894341902356	2719.51140791244	-248.777835745974	-205.468011269752	0.696011004184915
0.707000000000001	872.137710965471	270.829440025999	297.019733494607	0.633084179135761	-1922.41177041369	34.9923244757816	-15.8682577790994	-1.04481167680266	1050.27405944822	-305.821764501786	-265.609146361451	0.430401857823464
0.708000000000001	2378.92545723777	196.769106014738	227.041015131667	0.860125194267428	-1722.39538225367	136.160622147907	86.9675072055498	-0.957844169597114	-656.530074984106	-332.929728162649	-311.587827250292	0.118814030573173
0.709000000000001	3637.60847082867	103.44764093579	138.61169100515	0.998736885272578	-2047.29033712208	224.000569437339	181.390643915017	-0.776453525682097	-1590.31813370659	-327.448210373131	-331.636922249496	-0.212822891676324
0.710000000000001	3926.46796641647	-5.77315972805081E-11	47.3655855283339	1.04610247080091	-2253.12077378213	289.913780286511	261.004055629583	-0.515449470052514	-1673.34719263435	-289.913780286454	-312.710939956911	-0.525533831633235
0.711000000000001	3103.6354847222	-103.447640935891	-45.2248666920303	1.00087760410888	-1676.03569845501	327.448210373153	313.051878139597	-0.202397591912916	-1427.59978626719	-224.00056943726	-257.676549211687	-0.783210380844922
0.712000000000001	1716.59481587466	-196.769106014824	-143.561962825369	0.857315641283512	-124.259455121354	332.929728162638	325.17199123768	0.122774399324764	-1592.33536075331	-136.16062214781	-180.073646231148	-0.96328402707607
0.713000000000001	634.94409807547	-270.829440026056	-234.315079628567	0.623000561654945	1761.70465013024	305.821764501747	306.702176615442	0.429476575940206	-2396.64874820571	-34.9923244756857	-84.6270308781814	-1.04791105795425
0.714000000000001	274.931845673178	-318.379101467867	-298.92774772212	0.324072813932825	3036.93103642206	248.777835745903	268.651972474067	0.698128548414273	-3311.86288209524	69.6012657219706	21.9383869393326	-1.02597267101492
0.715000000000001	322.245380663586	-334.763598180368	-329.772147276012	-0.00569933334318674	3249.94987640201	167.381799090139	209.202675232111	0.907331223646384	-3572.19525706559	167.381799090236	124.497539306487	-0.901475131708432
0.716000000000001	97.4129469632804	-318.379101467835	-330.374824844163	-0.33607415818735	2624.71652897596	69.6012657218704	121.612256150299	1.02894347979668	-2722.12947593924	248.777835745971	205.47830131268	-0.695996830395752
0.717000000000001	-873.29810174624	-270.829440025996	-296.978204215794	-0.633052362403144	1922.25839236012	-34.9923244757875	15.8955462921178	1.0448390260888	-1048.96029061388	305.821764501789	265.60580928096	-0.430391021114792
0.718000000000001	-2377.99479060443	-196.769106014741	-227.060757163447	-0.860113119566591	1724.44383556236	-136.160622147904	-86.9884399408272	0.957850586147974	653.550955042068	332.929728162648	311.609734781968	-0.118781286332824
0.719000000000001	-3638.91392716725	-103.447640935793	-138.609150250293	-0.998722269816883	2049.96502027012	-224.000569437336	-181.407770179096	0.776442815968878	1588.94890689713	327.448210373131	331.615449520325	0.212834163187501
0.720000000000001	-3930.56558150806	5.41504618922772E-11	-47.3764873021041	-1.04609875711899	2258.1133625156	-289.91378028651	-261.050952897368	0.51539186307151	1672.45221899246	289.913780286455	312.678191904106	0.525512355091606
0.721000000000001	-3103.50456243608	103.447640935887	45.2492622147871	-1.0008494949042	1671.18700850539	-327.448210373152	-312.93731089265	0.20245455217886	1432.31755393068	224.000569437263	257.690247368815	0.783202602460422
0.722000000000001	-1717.64493562284	196.769106014828	143.549333002219	-0.857300161901981	121.07711026584	-332.929728162637	-325.201470002101	-0.122746917823241	1596.567825357	136.160622147805	180.054312600859	0.96325691506128
0.723000000000001	-633.428106256162	270.829440026054	234.310677313592	-0.622989484588389	-1764.47268111082	-305.821764501749	-306.691218224006	-0.429438136047247	2397.90078736698	34.9923244756893	84.6574182871868	1.04791433334847
0.724000000000001	-278.811113200994	318.379101467865	298.934753613858	-0.324054730974531	-3037.65277463791	-248.777835745905	-268.692892056402	-0.698131028103649	3316.46388783891	-69.601265721967	-21.989822252241	1.02592451109623
0.725000000000001	-324.984072588577	334.763598180368	329.743869807732	0.00568913883320042	-3244.95138191363	-167.381799090142	-209.263029461018	-0.907394057564667	3569.9354545022	-167.381799090233	-124.47601262208	0.901448498474146
0.726000000000001	-98.6772465613514	318.379101467836	330.424226053622	0.336113364886822	-2619.90551664633	-69.601265721874	-121.555174373163	-1.02894923193783	2718.58276320768	-248.777835745969	-205.410621506497	0.696037876967648
0.727000000000001	871.037436856375	270.829440025987	296.996000757855	0.633109365644678	-1920.41096442945	34.9923244758028	-15.8672835681819	-1.04481651550601	1049.37352757307	-305.821764501795	-265.620187124768	0.43041768984288
0.728000000000001	2376.61031281022	196.769106014744	227.009860562332	0.860119226207009	-1721.66601881257	136.1606221479	86.9353492170616	-0.957881166288951	-654.944293997655	-332.929728162648	-311.643857159177	0.118773832683703
0.729000000000001	3638.9459199194	103.447640935797	138.636688567975	0.998755914774985	-2043.89197185417	224.000569437333	181.420871395009	-0.776460294893942	-1595.05394806523	-327.448210373132	-331.546867736414	-0.212773035052711
0.730000000000001	3928.59299120152	-6.00408611717285E-11	47.3369386872888	1.04609285346227	-2255.14878777203	289.913780286512	261.016104143561	-0.515444190750381	-1673.44420342949	-289.913780286453	-312.762670836265	-0.525535705888976
0.731000000000001	3106.71138681368	-103.447640935884	-45.2333059137935	1.00085954754848	-1677.17354136608	327.448210373151	313.045696634463	-0.202398494115917	-1429.5378454476	-224.000569437265	-257.665300847174	-0.783201006736149
0.732000000000001	1717.98383408225	-196.769106014833	-143.548528447801	0.857311019100679	-123.703797141945	332.929728162636	325.164665885584	0.122766171769667	-1594.28003694031	-136.160622147799	-180.069229442908	-0.963270236179057
0.733000000000001	637.841222915401	-270.829440026057	-234.351278590582	0.622959740510097	1760.21510362247	305.821764501746	306.690145143346	0.429456316913013	-2398.05632653787	-34.9923244756834	-84.6552411691855	-1.04792547734824
0.734000000000001	283.876340189628	-318.379101467865	-298.942930767552	0.324016809742545	3030.34408908356	248.777835745907	268.713379713917	0.69816969662693	-3314.22042927319	69.6012657219635	21.9719828703839	-1.02595349447786
0.735000000000001	326.787606367886	-334.763598180368	-329.734316808774	-0.00571750706622866	3244.7454043123	167.381799090137	209.20868906179	0.90737838568872	-3571.53301068018	167.381799090238	124.490703031436	-0.901462791446422
0.736000000000001	100.359685169632	-318.379101467834	-330.406578529336	-0.336124085595565	2621.57957543158	69.6012657218681	121.5603163187	1.02893870200742	-2721.93926060121	248.777835745973	205.440753458666	-0.696022037987756
0.737000000000001	-873.890376516222	-270.829440025989	-296.925562383808	-0.633049647979373	1921.8536778945	-34.9923244757993	15.9089021703742	1.04484760417779	-1047.96330137828	305.821764501794	265.630576678159	-0.430391461309597
0.738000000000001	-2377.65675833293	-196.769106014739	-227.060355406751	-0.860110003386124	1722.56483389209	-136.160622147906	-86.9720185556864	0.957875585622108	655.091924440842	332.929728162648	311.612015317231	-0.118779445992366
0.739000000000001	-3635.93230304908	-103.447640935791	-138.639024028279	-0.998749027414403	2046.74880290126	-224.000569437338	-181.409996824655	0.776465588797452	1589.18350014782	327.448210373131	331.611491928713	0.212832045936347
0.740000000000001	-3929.47309214244	5.64313040740672E-11	-47.3679337678703	-1.04611696118227	2256.17794344817	-289.913780286511	-261.060865335879	0.515404723461573	1673.29514869427	289.913780286454	312.671244684293	0.52550329062064
0.741000000000001	-3105.68696547772	103.44764093589	45.2524902053824	-1.00086447097689	1675.09661711375	-327.448210373153	-312.993808072271	0.202410915389302	1430.59034836397	224.000569437261	257.688866938075	0.783192157558715
0.742000000000001	-1716.19721823417	196.76910601483	143.54647804533	-0.857317992931561	120.896940833705	-332.929728162637	-325.155341331196	-0.122744425941893	1595.30027740046	136.160622147803	180.072486890635	0.96326464444935
0.743000000000001	-638.79047929767	270.829440026055	234.370195706546	-0.622947797225015	-1760.50306736566	-305.821764501748	-306.704370958485	-0.429448796900378	2399.29354666333	34.992324475687	84.6547250528912	1.04791936950224
0.744000000000001	-280.666984155144	318.379101467866	298.87400685142	-0.324073790373595	-3035.615440896	-248.777835745903	-268.72137569514	-0.698170172595518	3316.28242505115	-69.6012657219693	-22.0195551477187	1.02589981435452
0.745000000000001	-322.029242127469	334.763598180368	329.755696976294	0.00568190660269849	-3245.95657908678	-167.38179909014	-209.200345650243	-0.907370518245761	3567.98582121424	-167.381799090235	-124.42087401851	0.901478940336013
0.746000000000001	-95.5017542406763	318.379101467836	330.381679131409	0.336063585734107	-2624.00651887669	-69.6012657218718	-121.573746237251	-1.02894426448301	2719.50827311736	-248.77783574597	-205.468759003549	0.696010181332464
0.747000000000001	872.138116265398	270.829440025991	297.019657871285	0.633083243605392	-1922.41072847811	34.9923244757957	-15.8683494605607	-1.04481261394357	1050.27261221271	-305.821764501792	-265.609244869917	0.430400936462548
0.748000000000001	2378.9205705837	196.769106014742	227.04172743524	0.860124971040632	-1722.39486786311	136.160622147902	86.9681873187614	-0.957844426624812	-656.525702720593	-332.929728162648	-311.587188532818	0.118813747929729
0.749000000000001	3637.60878354812	103.447640935777	138.61253542692	0.998737506467552	-2047.29099953761	224.000569437349	181.391528629735	-0.776452897995077	-1590.31778401051	-327.448210373128	-331.636020196731	-0.212822272267002
0.750000000000001	3926.47133121467	-5.28217469764058E-11	47.3659196613048	1.04610342612886	-2253.12200273668	289.913780286509	261.004414430593	-0.515448483564484	-1673.349328478	-289.913780286456	-312.710568755762	-0.525532841022764
0.751000000000001	3103.63279812772	-103.447640935886	-45.225274884318	1.00087815124454	-1676.03269395073	327.448210373152	313.051403118736	-0.202397080445748	-1427.60010417699	-224.000569437263	-257.677007651878	-0.783209848674642
0.752000000000001	1716.59139949144	-196.769106014835	-143.562839800244	0.857315311444295	-124.25698678569	332.929728162636	325.171110429411	0.122774029983664	-1592.33441270575	-136.160622147797	-180.074537627064	-0.963284386301706
0.753000000000001	634.945111715551	-270.829440026053	-234.315684330923	0.622999627113372	1761.70210396095	305.821764501749	306.701632538723	0.429475662522387	-2396.6472156765	-34.9923244756906	-84.6276117728737	-1.04791199807458
0.754000000000001	274.932849295213	-318.379101467871	-298.927566020963	0.324072061092409	3036.93215218454	248.777835745893	268.652131171437	0.698127793693824	-3311.86500147975	69.6012657219844	21.9385927984828	-1.0259734052761
0.755000000000001	322.245215587608	-334.763598180368	-329.771339094172	-0.00569927800176245	3249.95270119981	167.381799090135	209.203464092185	0.907331257786009	-3572.19791678741	167.38179909024	124.49834467234	-0.901475060603757
0.756000000000001	97.4107104108923	-318.379101467837	-330.3740687039	-0.336073346705663	2624.71586830682	69.6012657218754	121.613020427137	1.02894427821315	-2722.12657871771	248.777835745968	205.479007478455	-0.695996053125302
0.757000000000001	-873.298360417791	-270.829440025987	-296.978132977109	-0.633051479682772	1922.2573072438	-34.9923244758015	15.8956329164153	1.04483991112956	-1048.95894682601	305.821764501794	265.605901880035	-0.430390151245267
0.758000000000001	-2377.99018237918	-196.769106014737	-227.061428358359	-0.860112908041131	1724.4433765913	-136.160622147908	-86.9890823676462	0.957850828761915	653.546805787879	332.929728162649	311.609132251836	-0.118781018993431
0.759000000000001	-3638.9141440964	-103.44764093578	-138.609949649511	-0.998722857690643	2049.96564203221	-224.000569437346	-181.408606870593	0.776442221891322	1588.94850206419	327.448210373129	331.614596635401	0.21283357764197
0.760000000000001	-3930.56876854027	5.87192516832147E-11	-47.3768020561541	-1.0460996597468	2258.1145729044	-289.913780286512	-261.051291857579	0.515390930033743	1672.45419563588	289.913780286453	312.677841395028	0.525511419036998
0.761000000000001	-3103.5020226604	103.447640935892	45.2496479558513	-1.00085001179095	1671.18418322869	-327.448210373153	-312.936861733792	0.202454068299951	1432.31783943171	224.000569437259	257.690680485174	0.783202099522172
0.762000000000001	-1717.64182998197	196.769106014832	143.55016311197	-0.857299848678976	121.074817176179	-332.929728162636	-325.200637275386	-0.122746568975435	1596.56701280579	136.160622147801	180.055154858463	0.963257254380635
0.763000000000001	-633.42906776666	270.829440026056	234.311247593238	-0.622988601085738	-1764.47024986054	-305.821764501747	-306.69070441332	-0.429437273388755	2397.8993176272	34.9923244756847	84.6579674772753	1.04791522185791
0.764000000000001	-278.812039240725	318.37910146787	298.934581446123	-0.324054019639615	-3037.65382628161	-248.777835745896	-268.693042174431	-0.698130315563186	3316.46586552233	-69.6012657219808	-21.9900170427996	1.02592520481511
0.765000000000001	-324.983898837581	334.763598180368	329.743105898083	0.00568908625846816	-3244.95407480168	-167.381799090138	-209.263774958354	-0.907394090521541	3569.93797363926	-167.381799090237	-124.476774086925	0.901448430728185
0.766000000000001	-98.6751253543628	318.379101467835	330.423511527098	0.336112597785566	-2619.90492168759	-69.6012657218694	-121.555896598308	-1.02894998711985	2718.58004704195	-248.777835745972	-205.411288976532	0.696037141751653
0.767000000000001	871.037711354513	270.82944002599	296.995933244184	0.63310853102975	-1920.40995994781	34.9923244757979	-15.867365511218	-1.04481735263107	1049.3722485933	-305.821764501793	-265.620274474013	0.43041686727764
0.768000000000001	2376.60600564764	196.76910601474	227.0104950559	0.860119026085649	-1721.66558275964	136.160622147904	86.9359565091827	-0.957881396121884	-654.940422888001	-332.929728162648	-311.643287145334	0.118773580132307
0.769000000000001	3638.94615217888	103.447640935784	138.637443719638	0.998756469805288	-2043.89264825691	224.000569437344	181.421662282257	-0.776459733839627	-1595.05350392197	-327.448210373129	-331.546062880351	-0.212772482748044
0.770000000000001	3928.59598428292	-5.5116800012911E-11	47.3372366601394	1.04609370646543	-2255.14997620761	289.91378028651	261.016424439283	-0.515443309400344	-1673.44600807531	-289.913780286455	-312.762339409197	-0.525534822157241
0.771000000000001	3106.70899087687	-103.447640935888	-45.2336703590537	1.00086003610637	-1677.17086915609	327.448210373152	313.045272109387	-0.202398037290957	-1429.53812172079	-224.000569437262	-257.665709478671	-0.783200531635912
0.772000000000001	1717.98090671589	-196.769106014829	-143.549311743937	0.857310724362436	-123.701695580759	332.929728162637	325.163880593011	0.122765843302055	-1594.27921113514	-136.160622147804	-180.070024623248	-0.96327055625916
0.773000000000001	637.842212834077	-270.829440026054	-234.351818649123	0.622958905713313	1760.21270945141	305.821764501748	306.689659184012	0.429455502486067	-2398.05492228548	-34.9923244756883	-84.655760540941	-1.0479263168001
0.774000000000001	283.877272198778	-318.379101467872	-298.942768542527	0.324016137170787	3030.34496886047	248.777835745892	268.713521134379	0.698169023620447	-3314.22224105925	69.6012657219866	21.9721660602781	-1.02595415073982
0.775000000000001	326.787500680525	-334.763598180368	-329.733595647886	-0.00571745847709913	3244.7480012156	167.381799090141	209.209391797301	0.907378415417747	-3571.53550189612	167.381799090233	124.491423016076	-0.901462727723747
0.776000000000001	100.357787052705	-318.379101467836	-330.405903074962	-0.336123361552061	2621.57897001478	69.6012657218731	121.561000010245	1.02893941542799	-2721.93675706748	248.777835745969	205.441384523584	-0.696021343200163
0.777000000000001	-873.890623651666	-270.829440025986	-296.925497290916	-0.633048858842977	1921.85270371256	-34.9923244758038	15.9089802130106	1.044848395641	-1047.96208006089	305.821764501795	265.630659452276	-0.430390683747887
0.778000000000001	-2377.6527159377	-196.769106014743	-227.060954573486	-0.860109813416463	1722.5644263694	-136.160622147901	-86.9725924667898	0.957875803174214	655.088289568301	332.929728162648	311.611476743564	-0.118779207004324
0.779000000000001	-3635.93256814127	-103.447640935778	-138.63973787351	-0.998749551289972	2046.74949974641	-224.000569437348	-181.410744928825	0.776465058245389	1589.18306839486	327.448210373128	331.610731208057	0.212831524203734
0.780000000000001	-3929.47584859989	6.10000938650046E-11	-47.3682159124412	-1.04611776720241	2256.17900826541	-289.913780286513	-261.061167057814	0.515403891187575	1673.29684033449	289.913780286452	312.670931709611	0.525502455913344
0.781000000000001	-3105.68464892401	103.447640935885	45.2528340460658	-1.00086493315635	1675.09405094727	-327.448210373151	-312.993407645464	0.202410483542111	1430.59059797674	224.000569437265	257.689252426344	0.783191708339689
0.782000000000001	-1716.19448158943	196.769106014834	143.547219054537	-0.857317714101811	120.894963202488	-332.929728162636	-325.154599273618	-0.122744115731507	1595.29951838694	136.160622147798	180.073238389072	0.96326494672876
0.783000000000001	-638.791415448138	270.829440026058	234.37070564781	-0.622947008454001	-1760.50078048581	-305.821764501746	-306.703912070912	-0.429448027802419	2399.29219593395	34.9923244756824	84.6552159187463	1.04792016264751
0.784000000000001	-280.667853914684	318.379101467871	298.873853553321	-0.32407315490068	-3035.61627627527	-248.777835745894	-268.721509075929	-0.698169536878348	3316.28413018996	-69.6012657219831	-22.0197282811263	1.02590043436638
0.785000000000001	-322.029153130418	334.763598180368	329.755015726935	0.00568186082625551	-3245.95908363058	-167.381799090136	-209.201009316099	-0.907370546194447	3567.988236761	-167.381799090239	-124.421554752451	0.90147887961393
0.786000000000001	-95.4999808326878	318.379101467831	330.381041041373	0.336062901867629	-2624.00598027476	-69.6012657218579	-121.574392270487	-1.02894493846493	2719.50596110745	-248.77783574598	-205.469355190582	0.696009524423347
0.787000000000001	872.138291445885	270.829440025988	297.019596957539	0.633082498825168	-1922.40980845432	34.9923244758002	-15.8684230813451	-1.04481336154628	1050.27151700843	-305.821764501794	-265.609322814508	0.430400201608839
0.788000000000001	2378.91677966912	196.769106014738	227.04229302921	0.860124791854378	-1722.3944923282	136.160622147907	86.9687296667315	-0.957844631879548	-656.522287340928	-332.929728162649	-311.586679139715	0.118813522469124
0.789000000000001	3637.60899432702	103.447640935781	138.613209857157	0.998738001711535	-2047.29167323219	224.000569437345	181.392235028136	-0.776452396851412	-1590.31732109483	-327.448210373129	-331.635302407613	-0.212821779938489
0.790000000000001	3926.47389136016	-5.74118530494161E-11	47.3661865161415	1.04610418822768	-2253.12301173917	289.913780286511	261.004699658557	-0.515447697192855	-1673.35087962099	-289.913780286454	-312.710272792069	-0.525532052730558
0.791000000000001	3103.630593816	-103.4476409359	-45.2255999499962	1.00087858827768	-1676.03024916741	327.448210373155	313.05102460754	-0.202396672585315	-1427.60034464859	-224.000569437253	-257.677371569281	-0.783209424299839
0.792000000000001	1716.58887697514	-196.769106014831	-143.563540352978	0.857315047924702	-124.255192544907	332.929728162637	325.170410030004	0.122773737444689	-1592.33368443023	-136.160622147802	-180.075247673709	-0.963284671973548
0.793000000000001	634.946026343471	-270.829440026056	-234.316166000592	0.62299888192411	1761.69987299773	305.821764501747	306.701198919212	0.4294749363639	-2396.6458993412	-34.992324475686	-84.6280758116081	-1.04791274778516
0.794000000000001	274.933655758529	-318.379101467869	-298.92742057119	0.32407146135292	3036.93295509108	248.777835745897	268.652256981562	0.698127193345462	-3311.86661084961	69.6012657219795	21.9387569378711	-1.02597399084728
0.795000000000001	322.245131748283	-334.763598180368	-329.770695916725	-0.00569923456380533	3249.9550888077	167.381799090139	209.204090696464	0.907331284041926	-3572.20022055599	167.381799090235	124.498987614671	-0.901475003232614
0.796000000000001	97.4091072254972	-318.379101467832	-330.373466705908	-0.336072701269713	2624.7153199665	69.6012657218615	121.613630810287	1.02894491485221	-2722.124427192	248.777835745977	205.479570454631	-0.695995432777983
0.797000000000001	-873.298460595569	-270.82944002599	-296.9780755942	-0.633050776863913	1922.25637785247	-34.9923244757966	15.8957024464257	1.04484061729864	-1048.9579172569	305.821764501793	265.605975168338	-0.430389457609645
0.798000000000001	-2377.98661586093	-196.769106014741	-227.061961538804	-0.860112738402717	1724.44304979125	-136.160622147903	-86.9895946586229	0.957851022640016	653.543566069673	332.929728162648	311.608651713982	-0.118780805895663
0.799000000000001	-3638.91429253763	-103.447640935785	-138.610588042853	-0.99872332644557	2049.9662731775	-224.000569437343	-181.409274822322	0.776441747817694	1588.94801936012	327.44821037313	331.613917933965	0.212833112038302
0.800000000000001	-3930.5712111511	5.38307176611852E-11	-47.3770534129516	-1.04610037985852	2258.11557237805	-289.913780286509	-261.05156139224	0.515390186425454	1672.45563877305	289.913780286456	312.677561926406	0.525510673964708
0.801000000000001	-3103.49994862439	103.447640935905	45.2499551424097	-1.00085042471611	1671.18189348647	-327.448210373156	-312.936503806743	0.202453682618712	1432.31805513792	224.000569437249	257.691024406979	0.783201698371686
0.802000000000001	-1717.63953870608	196.769106014828	143.550826142299	-0.857299598573813	121.073153487066	-332.929728162637	-325.199975037718	-0.122746292419007	1596.56638521902	136.160622147805	180.055825819356	0.963257524191042
0.803000000000001	-633.429930355393	270.829440026053	234.311701827248	-0.622987896746565	-1764.4681239884	-305.821764501749	-306.690294915583	-0.42943658733459	2397.89805434379	34.9923244756896	84.6584061484952	1.04791593033954
0.804000000000001	-278.812781673889	318.379101467871	298.934443695621	-0.324053453050944	-3037.65457519101	-248.777835745893	-268.693161200333	-0.698129748534923	3316.4673568649	-69.6012657219853	-21.9901722573796	1.02592575808216
0.805000000000001	-324.983791123677	334.763598180368	329.74249783513	0.00568904478418593	-3244.95633941313	-167.381799090142	-209.264367174659	-0.907394115709582	3569.94013053681	-167.381799090232	-124.477381909379	0.901448376172778
0.806000000000001	-98.6735952850836	318.37910146783	330.422942697143	0.336111987481329	-2619.90441876143	-69.6012657218557	-121.556473379312	-1.02895058908889	2718.57801404651	-248.777835745981	-205.411821135449	0.696036555037329
0.807000000000001	871.037841983502	270.829440025987	296.995878784595	0.633107866265924	-1920.40909249317	34.9923244758025	-15.8674313260165	-1.04481802041491	1049.37125050967	-305.821764501795	-265.62034364792	0.430416211389409
0.808000000000001	2376.60266836461	196.769106014744	227.010999207786	0.86011886547371	-1721.66525594282	136.1606221479	86.9364407291162	-0.957881579685794	-654.937412421787	-332.929728162648	-311.642832559148	0.11877337883026
0.809000000000001	3638.94630846269	103.447640935779	138.638046820119	0.99875691229383	-2043.89328662897	224.000569437347	181.422293609175	-0.776459286076619	-1595.05302183372	-327.44821037313	-331.545422281185	-0.212772043450925
0.810000000000001	3928.598280656	-5.97069060859212E-11	47.3374745377941	1.04609438683162	-2255.15094104727	289.913780286512	261.016679189342	-0.515442606887277	-1673.44733960873	-289.913780286457	-312.762075199317	-0.525534118650241
0.811000000000001	3106.70702921551	-103.447640935902	-45.2339605974534	1.00086042623417	-1677.16868573507	327.448210373155	313.044933725709	-0.202397673161568	-1429.53834348045	-224.000569437251	-257.666034047438	-0.783200152697679
0.812000000000001	1717.97872070864	-196.769106014833	-143.549937225197	0.857310489008973	-123.700139498685	332.929728162636	325.16325596292	0.122765582801351	-1594.27858120995	-136.1606221478	-180.070658086065	-0.963270810783744
0.813000000000001	637.843069020529	-270.829440026063	-234.352248802256	0.622958240206717	1760.21066314836	305.821764501742	306.689271860698	0.429454854662049	-2398.05373216888	-34.9923244756838	-84.6561753276148	-1.04792698611136
0.814000000000001	283.878008307667	-318.37910146787	-298.942638780326	0.324015601426391	3030.34561004593	248.777835745895	268.713633388461	0.69816848805051	-3314.22361835359	69.6012657219725	21.9723120630664	-1.02595467404829
0.815000000000001	326.787436413272	-334.763598180368	-329.733021621194	-0.00571742019480253	3244.75018002695	167.381799090145	209.209950209014	0.907378438259524	-3571.53761644022	167.381799090229	124.491997562065	-0.901462676486228
0.816000000000001	100.356406326488	-318.379101467831	-330.40536525514	-0.336122785449943	2621.57847055959	69.6012657218592	121.561545950079	1.0289399842096	-2721.93487688608	248.777835745979	205.441887689033	-0.696020788797195
0.817000000000001	-873.890752423693	-270.829440025989	-296.925444857585	-0.633048230307528	1921.8518735731	-34.9923244757989	15.9090428522415	1.04484902706184	-1047.96112114941	305.821764501793	265.630724985868	-0.430390063811328
0.818000000000001	-2377.64958507678	-196.769106014724	-227.061430744143	-0.860109661051671	1722.56412608393	-136.160622147923	-86.9730500439092	0.957875977017936	655.085458992854	332.929728162651	311.611047295045	-0.118779016516283
0.819000000000001	-3635.93277131053	-103.447640935774	-138.640307798636	-0.998749968850307	2046.75015540021	-224.000569437352	-181.411342053888	0.776464634964048	1589.18261591032	327.448210373127	331.610125686898	0.212831109170616
0.820000000000001	-3929.47796740709	6.56257270748029E-11	-47.3684412998371	-1.04611841015014	2256.17986884456	-289.913780286515	-261.061407029148	0.5154032279349	1673.29809856253	289.91378028645	312.670682148175	0.525501791318791
0.821000000000001	-3105.68275733102	103.447640935898	45.2531078055662	-1.00086530234458	1675.0919613913	-327.448210373154	-312.993088600254	0.202410139334646	1430.59079593972	224.000569437254	257.689558638108	0.783191349956898
0.822000000000001	-1716.19242883439	196.76910601483	143.547810720757	-0.857317491623821	120.893493785691	-332.929728162637	-325.154008906542	-0.122743869571896	1595.2989350487	136.160622147803	180.073837121764	0.963265187078662
0.823000000000001	-638.792221064038	270.829440026066	234.371111892615	-0.622946379731205	-1760.49883173575	-305.82176450174	-306.703546289236	-0.429447415861131	2399.29105279979	34.9923244756684	84.6556079453042	1.04792079502397
0.824000000000001	-280.668538024105	318.379101467872	298.87373100297	-0.324072648728235	-3035.61688545528	-248.777835745891	-268.721614910199	-0.698169030771331	3316.28542347938	-69.6012657219876	-22.0198661837174	1.02590092884025
0.825000000000001	-322.029102047769	334.763598180368	329.754473445632	0.00568182471739731	-3245.9611706685	-167.381799090132	-209.201536810314	-0.907370567581644	3567.99027271627	-167.381799090243	-124.422097965214	0.901478830875035
0.826000000000001	-95.4986791975688	318.379101467833	330.38053289554	0.336062357612937	-2624.00553081254	-69.6012657218628	-121.57490807509	-1.02894547565673	2719.50421001011	-248.777835745976	-205.469830485009	0.696009000390026
0.827000000000001	872.138364832463	270.829440025991	297.01954798817	0.633081905601107	-1922.40902126143	34.9923244757953	-15.8684821580188	-1.04481395781475	1050.27065642896	-305.821764501792	-265.609384612238	0.430399615777788
0.828000000000001	2378.91383817187	196.769106014727	227.042742541817	0.860124648142924	-1722.39420759624	136.160622147919	86.9691620358304	-0.957844795778923	-656.519630575631	-332.92972816265	-311.586272956222	0.118813342821566
0.829000000000001	3637.60914889582	103.447640935777	138.613748259951	0.998738396402875	-2047.29228543227	224.000569437349	181.392798733427	-0.776451997045496	-1590.31686346354	-327.448210373128	-331.634731038967	-0.212821388217402
0.830000000000001	3926.47585712299	-6.19948536950687E-11	47.3663996219916	1.04610479602487	-2253.12381516162	289.913780286513	261.004926516128	-0.515447070529369	-1673.35204196136	-289.913780286452	-312.710036843235	-0.525531425060637
0.831000000000001	3103.62879142517	-103.447640935895	-45.225858794133	1.00087893723073	-1676.02825191157	327.448210373154	313.050723007183	-0.202396347522186	-1427.60053951361	-224.000569437257	-257.677660732951	-0.783209085793588
0.832000000000001	1716.58697173097	-196.769106014827	-143.564099619889	0.857314837610845	-124.253844338001	332.929728162637	325.169852727232	0.122773505205046	-1592.33312739297	-136.160622147806	-180.075813381342	-0.96328489917493
0.833000000000001	634.946801944354	-270.829440026064	-234.316549725063	0.622998287885782	1761.69799416981	305.821764501741	306.700853308789	0.429474358513835	-2396.64479611417	-34.992324475672	-84.628446338136	-1.04791334551307
0.834000000000001	274.934285756858	-318.379101467871	-298.92730427698	0.324070983608802	3036.93355898524	248.777835745893	268.652356857435	0.69812671537127	-3311.8678447421	69.601265721984	21.9388877623334	-1.02597445775073
0.835000000000001	322.245076485753	-334.763598180368	-329.770183899766	-0.00569920029096388	3249.95707627119	167.381799090135	209.204588870377	0.907331304241647	-3572.20215275695	167.381799090239	124.499500549844	-0.901474957200889
0.836000000000001	97.4079189572801	-318.379101467834	-330.372987260025	-0.336072187550989	2624.71486778314	69.6012657218663	121.614118096036	1.02894542233768	-2722.12278674042	248.777835745974	205.480019224009	-0.69599493797688
0.837000000000001	-873.298493784274	-270.829440025993	-296.978029457107	-0.633050217008096	1922.25559433087	-34.9923244757917	15.8957582097534	1.04484118054744	-1048.9571005466	305.82176450179	265.606033296443	-0.430388904680437
0.838000000000001	-2377.98384944219	-196.769106014729	-227.062385439625	-0.860112602447721	1724.44280406862	-136.160622147916	-86.9900030779663	0.95785117746947	653.541045373566	332.92972816265	311.608268533054	-0.118780636147382
0.839000000000001	-3638.91440115563	-103.44764093578	-138.611097636658	-0.998723700084379	2049.96684377598	-224.000569437346	-181.409807793995	0.776441369675475	1588.94755737965	327.448210373129	331.613377656193	0.21283274150881
0.840000000000001	-3930.57309673508	5.83995074521226E-11	-47.3772541111108	-1.04610095419549	2258.11637217398	-289.913780286512	-261.051775828185	0.51538959384729	1672.4567245611	289.913780286453	312.677339120442	0.525510080629252
0.841000000000001	-3103.49825788319	103.44764093591	45.2501997620791	-1.00085075443341	1671.18002717843	-327.448210373157	-312.936218579386	0.202453375267904	1432.31823070475	224.000569437245	257.691297747956	0.783201378377209
0.842000000000001	-1717.63781125594	196.769106014824	143.551355436713	-0.857299398996697	121.071905511178	-332.929728162638	-325.19944805284	-0.122746072784936	1596.56590574477	136.160622147809	180.056360421686	0.963257738798895
0.843000000000001	-633.430661171778	270.829440026062	234.312063676781	-0.622987335319916	-1764.46633636034	-305.821764501743	-306.689968531463	-0.429436041316399	2397.89699753212	34.9923244756756	84.6587563854312	1.04791649518433
0.844000000000001	-278.81336128916	318.37910146787	298.934333601786	-0.32405300171813	-3037.6551343685	-248.777835745896	-268.693255687937	-0.698129297004336	3316.46849565766	-69.6012657219805	-21.9902958969804	1.02592619928735
0.845000000000001	-324.983705854357	334.763598180368	329.742013659911	0.00568901194178066	-3244.95822441981	-167.381799090138	-209.264838027446	-0.907394135031783	3569.94193027417	-167.381799090236	-124.47786682419	0.901448332463155
0.846000000000001	-98.6724581397924	318.379101467829	330.422489725778	0.336111501667558	-2619.90400406602	-69.6012657218511	-121.556933828958	-1.02895106886074	2718.57646220581	-248.777835745984	-205.412245381708	0.696036087081447
0.847000000000001	871.03790856708	270.829440025984	296.99583492148	0.633107336589038	-1920.40836252063	34.9923244758071	-15.8674841478688	-1.04481855300861	1049.37045395355	-305.821764501797	-265.620398539882	0.430415688541565
0.848000000000001	2376.60007745855	196.769106014733	227.011400105254	0.860118736694292	-1721.66500465433	136.160622147913	86.9368267397202	-0.95788172626889	-654.935072804222	-332.929728162649	-311.642470076299	0.118773218465266
0.849000000000001	3638.94642422363	103.447640935784	138.638528259379	0.998757264953671	-2043.89385034241	224.000569437344	181.422797365669	-0.776458928903221	-1595.05257388122	-327.448210373129	-331.544912245277	-0.212771693780011
0.850000000000001	3928.60005774124	-7.38396011001896E-11	47.3376644334832	1.04609492938715	-2255.15171166839	289.913780286519	261.01688189921	-0.51544204700401	-1673.44834607285	-289.913780286446	-312.761864585994	-0.525533558366005
0.851000000000001	3106.70543111214	-103.447640935906	-45.2341917400063	1.00086073764715	-1677.1669025501	327.448210373156	313.044664013131	-0.20239738299088	-1429.53852856204	-224.000569437248	-257.666292053093	-0.783199850419098
0.852000000000001	1717.97706096071	-196.769106014837	-143.550436441413	0.857310301205735	-123.698957722031	332.929728162636	325.16275885427	0.12276537586339	-1594.27810323868	-136.160622147795	-180.071162785282	-0.963271013204381
0.853000000000001	637.843780896665	-270.82944002606	-234.352591453309	0.622957709752425	1760.20896261325	305.821764501744	306.688963127934	0.429454338991325	-2398.05274350991	-34.9923244756792	-84.6565064691026	-1.04792751967348
0.854000000000001	283.878581184009	-318.379101467869	-298.942535098487	0.324015174653938	3030.34609405915	248.777835745898	268.713722585135	0.698168061576459	-3314.22467524316	69.601265721977	21.9724283894258	-1.02595509128406
0.855000000000001	326.787386114233	-334.763598180368	-329.732564584818	-0.0057173899308797	3244.75198387062	167.381799090125	209.210394272963	0.907378455849423	-3571.53936998486	167.38179909025	124.49245581698	-0.901462635467078
0.856000000000001	100.355376286128	-318.37910146783	-330.40493690035	-0.33612232683123	2621.57806195805	69.6012657218547	121.561981733643	1.02894043758307	-2721.93343824418	248.777835745982	205.442288864213	-0.696020346602865
0.857000000000001	-873.89082535144	-270.829440025986	-296.925402671714	-0.633047729502944	1921.85117847459	-34.9923244758035	15.9090930893573	1.04484953067242	-1047.96035312315	305.821764501795	265.630776972019	-0.430389569630846
0.858000000000001	-2377.64715188356	-196.769106014735	-227.061809443135	-0.86010953894608	1722.56389720482	-136.16062214791	-86.9734148046484	0.957876115867774	655.083254678735	332.929728162649	311.61070490969	-0.118778864721156
0.859000000000001	-3635.93293392131	-103.447640935787	-138.640762634139	-0.998750301580219	2046.75073186714	-224.000569437341	-181.4118184798	0.776464297387974	1589.18220205417	327.44821037313	331.60964354435	0.212830778823194
0.860000000000001	-3929.47960757732	7.01874114383827E-11	-47.3686213212751	-1.04611892290149	2256.18055080584	-289.913780286518	-261.061597981516	0.515402699406458	1673.29905677148	289.913780286447	312.670483155185	0.525501261978379
0.861000000000001	-3105.68121848294	103.447640935903	45.2533257662711	-1.00086559713522	1675.0902589558	-327.448210373155	-312.992834417212	0.202409864989246	1430.59095952715	224.000569437251	257.689802051513	0.783191064029892
0.862000000000001	-1716.19086249731	196.769106014834	143.548282931957	-0.857317314203266	120.892374128043	-332.929728162636	-325.153538969285	-0.12274367398004	1595.29848836927	136.160622147799	180.074314216896	0.963265378246788
0.863000000000001	-638.792889705971	270.829440026069	234.371435573813	-0.622945878629453	-1760.4972157436	-305.821764501738	-306.703254698391	-0.42944692867843	2399.29010544957	34.9923244756638	84.6559209093552	1.04792129915614
0.864000000000001	-280.66906921453	318.379101467868	298.873633131399	-0.324072245498055	-3035.6173465661	-248.777835745901	-268.721698969562	-0.698168627647993	3316.28641578063	-69.6012657219735	-22.0199760001452	1.025901323156
0.865000000000001	-322.029065271156	334.763598180368	329.754041672699	0.00568179617464483	-3245.96289184956	-167.381799090128	-209.201956372369	-0.907370584020362	3567.99195712072	-167.381799090246	-124.422531248557	0.901478791907442
0.866000000000001	-95.4977003123545	318.379101467831	330.380128111983	0.336061924286628	-2624.00516262782	-69.6012657218583	-121.575319758069	-1.02894590377843	2719.50286294017	-248.777835745979	-205.470209392453	0.696008582514989
0.867000000000001	872.138390902894	270.829440025988	297.019508676381	0.633081432963009	-1922.40836266747	34.9923244757999	-15.8685295232559	-1.04481443330169	1050.26997176458	-305.821764501794	-265.60943370416	0.430399148810829
0.868000000000001	2378.91154805612	196.769106014723	227.043100038516	0.860124533001525	-1722.39398795498	136.160622147924	86.9695066790221	-0.957844926622665	-656.517560101143	-332.929728162651	-311.585949104675	0.118813199706155
0.869000000000001	3637.60926813518	103.447640935773	138.614177897603	0.998738710899128	-2047.29281431697	224.000569437352	181.39324840028	-0.776451678222385	-1590.31645381821	-327.448210373127	-331.634276087545	-0.21282107638139
0.870000000000001	3926.47737788145	-6.65991706227942E-11	47.3665697784632	1.04610528067759	-2253.12444763381	289.913780286516	261.005107040957	-0.515446571181428	-1673.35293024765	-289.913780286449	-312.709848738387	-0.525530925119777
0.871000000000001	3103.62732589859	-103.447640935899	-45.2260649162439	1.00087921576135	-1676.02662526308	327.448210373155	313.05048271711	-0.202396088464318	-1427.60070063551	-224.000569437253	-257.677890649701	-0.783208815769478
0.872000000000001	1716.58551179862	-196.769106014831	-143.564545909288	0.85731466985206	-124.252811235688	332.929728162637	325.169409071908	0.12277332060759	-1592.33270056293	-136.160622147802	-180.076264152093	-0.963285079921571
0.873000000000001	634.947442198408	-270.829440026067	-234.316855462	0.62299781439006	1761.69644406787	305.82176450174	306.700577824623	0.429473898432213	-2396.64388626628	-34.9923244756674	-84.6287420861212	-1.04791382200769
0.874000000000001	274.934774966521	-318.379101467872	-298.927211377643	0.324070603012417	3036.93402601474	248.77783574589	268.652436213127	0.69812633464534	-3311.86880098126	69.6012657219885	21.9389920269095	-1.02597482998078
0.875000000000001	322.245033900647	-334.763598180368	-329.769776205325	-0.00569917319290784	3249.95871141279	167.381799090131	209.204985190677	0.907331319836017	-3572.20374531344	167.381799090243	124.499909588539	-0.901474920392244
0.876000000000001	97.4070191552045	-318.379101467833	-330.372605319626	-0.336071778512534	2624.7144977736	69.6012657218618	121.614506976173	1.02894582681219	-2722.12151692881	248.777835745977	205.480376945739	-0.695994543446505
0.877000000000001	-873.298498122312	-270.829440025979	-296.977992409758	-0.633049770922293	1922.25494401884	-34.9923244758152	15.895802894863	1.04484162970705	-1048.95644589653	305.8217645018	265.60607949316	-0.430388463953346
0.878000000000001	-2377.98169493614	-196.769106014726	-227.062722666194	-0.860112493588487	1724.44261481554	-136.16062214792	-86.9903286467742	0.957851301060279	653.539080120602	332.92972816265	311.607963015348	-0.118780500937998
0.879000000000001	-3638.9144836546	-103.447640935776	-138.61150427312	-0.998723997861606	2049.96733426927	-224.00056943735	-181.410232918868	0.776441068141411	1588.94714938534	327.448210373128	331.612947446396	0.212832446508398
0.880000000000001	-3930.57456153717	6.29967189524905E-11	-47.3774143297749	-1.04610141219138	2258.1170052148	-289.913780286514	-261.051946513943	0.515389121627468	1672.45755632236	289.913780286451	312.677161487325	0.525509607995723
0.881000000000001	-3103.49688587964	103.447640935896	45.2503945725768	-1.0008510176188	1671.17850957909	-327.448210373154	-312.935991303736	0.202453130323732	1432.31837630055	224.000569437256	257.691515127649	0.783201123123371
0.882000000000001	-1717.63649135915	196.769106014843	143.551777823386	-0.857299239795418	121.070951690254	-332.929728162635	-325.199028502655	-0.122745898178922	1596.56553966889	136.160622147788	180.056786432657	0.963257909556028
0.883000000000001	-633.431265302488	270.829440026065	234.312351963855	-0.622986887831564	-1764.46486211688	-305.821764501741	-306.689708376256	-0.429435606555178	2397.89612741936	34.992324475671	84.6590359145257	1.04791694547055
0.884000000000001	-278.813811055989	318.379101467871	298.934245684874	-0.324052642146689	-3037.65556336567	-248.777835745893	-268.693330751769	-0.698128937306947	3316.46937442166	-69.601265721985	-21.9903943735991	1.02592655109695
0.885000000000001	-324.983632574701	334.763598180368	329.741628061166	0.00568898591447661	-3244.95977762205	-167.381799090118	-209.265212604033	-0.90739414991098	3569.94341019675	-167.381799090257	-124.478253538224	0.901448297558731
0.886000000000001	-98.6715966250122	318.379101467834	330.422128911531	0.336111114826008	-2619.90366693027	-69.6012657218653	-121.557301298861	-1.02895145120984	2718.57526355529	-248.777835745975	-205.412583606212	0.696035713952519
0.887000000000001	871.037945024989	270.829440025982	296.995799631388	0.633106914457396	-1920.40775934063	34.9923244758117	-15.8675265111672	-1.04481897772101	1049.36981431564	-305.821764501799	-265.620442180596	0.430415271771923
0.888000000000001	2376.59805841545	196.769106014729	227.011719080711	0.860118633538107	-1721.66480903954	136.160622147917	86.9371344265782	-0.957881843294429	-654.933249375901	-332.92972816265	-311.642181059692	0.118773090712231
0.889000000000001	3638.94651372767	103.447640935779	138.638912449307	0.998757545987413	-2043.89433028664	224.000569437347	181.423199213245	-0.776458644081184	-1595.05218344104	-327.448210373128	-331.544506050901	-0.21277141533867
0.890000000000001	3928.60144254146	-7.83941800364119E-11	47.3378159991258	1.04609536198654	-2255.15232419696	289.913780286522	261.017043281004	-0.51544160080018	-1673.4491183445	-289.913780286443	-312.761696693548	-0.525533112032219
0.891000000000001	3106.70413629924	-103.44764093591	-45.2343758322125	1.00086098615433	-1677.16545236056	327.448210373157	313.044449052488	-0.202397151747692	-1429.53868393868	-224.000569437244	-257.666497260052	-0.783199609292271
0.892000000000001	1717.97578437274	-196.76910601484	-143.550834732082	0.857310151422245	-123.698046505396	332.929728162635	325.162363071508	0.122765211323815	-1594.27773786734	-136.160622147791	-180.071564949194	-0.963271174241465
0.893000000000001	637.844361932693	-270.829440026062	-234.352864444719	0.622957286977526	1760.20757127526	305.821764501743	306.68871702147	0.429453928345286	-2398.05193320796	-34.9923244756746	-84.6567707317808	-1.04792794497325
0.894000000000001	283.879026542414	-318.37910146787	-298.942452328455	0.324014834649071	3030.34646735423	248.777835745895	268.713793508213	0.698167721853499	-3314.22549389665	69.6012657219815	21.9725210575705	-1.02595542391567
0.895000000000001	326.78734250948	-334.763598180368	-329.732200622305	-0.00571736597323353	3244.75346212343	167.381799090121	209.210747593331	0.90737846944683	-3571.54080463291	167.381799090254	124.492821193631	-0.901462602722044
0.896000000000001	100.35459578325	-318.379101467829	-330.404595658425	-0.336121961631658	2621.57773005663	69.6012657218502	121.562329484657	1.02894079893149	-2721.93232583988	248.777835745985	205.442608734027	-0.696019993988017
0.897000000000001	-873.890870086847	-270.829440025984	-296.925368754949	-0.633047330386607	1921.8506050896	-34.992324475808	15.9091333506953	1.04484993228218	-1047.95973500275	305.821764501797	265.630818282519	-0.430389175705498
0.898000000000001	-2377.64525264242	-196.769106014732	-227.062110785987	-0.860109441172595	1722.56372018568	-136.160622147914	-86.9737055477022	0.95787622673448	655.081532456737	332.929728162649	311.610431962869	-0.11877874374263
0.899000000000001	-3635.93306709391	-103.447640935783	-138.641125503305	-0.998750566675899	2046.75122231565	-224.000569437344	-181.412198504262	0.776464028230218	1589.18184477826	327.448210373129	331.609259537751	0.212830515795121
0.900000000000001	-3929.48088457557	7.48059392208233E-11	-47.3687650888045	-1.0461193317647	2256.18108734707	-289.91378028652	-261.061749995743	0.515402278234474	1673.2997972285	289.913780286445	312.670324476135	0.525500840271256
0.901000000000001	-3105.67997226911	103.447640935907	45.2534993086862	-1.00086583245602	1675.08887688158	-327.448210373156	-312.992631936871	0.202409646297604	1430.59109538753	224.000569437247	257.689995641161	0.783190835912417
0.902000000000001	-1716.18965390075	196.769106014837	143.54865969568	-0.857317172760338	120.8915083984	-332.929728162636	-325.153164743822	-0.122743518446218	1595.29814550235	136.160622147794	180.074694429624	0.963265530342041
0.903000000000001	-638.793435186612	270.82944002606	234.37169350382	-0.622945479256518	-1760.49589517034	-305.821764501744	-306.703022231942	-0.42944654067816	2399.28933035695	34.9923244756782	84.6561706786811	1.04792170102072
0.904000000000001	-280.669481176798	318.379101467869	298.873555029631	-0.324071924226886	-3035.6177029942	-248.777835745898	-268.721765778306	-0.698168306456466	3316.287184171	-69.601265721978	-22.0200634419068	1.02590163757882
0.905000000000001	-322.029035878437	334.763598180368	329.753697822634	0.00568177359574707	-3245.96429863211	-167.381799090124	-209.202290257419	-0.907370596713886	3567.99333451055	-167.38179909025	-124.42287674745	0.901478760831365
0.906000000000001	-95.4969523391967	318.37910146783	330.379805592559	0.336061579188306	-2624.00486424952	-69.6012657218538	-121.575648244319	-1.0289462449582	2719.50181658871	-248.777835745983	-205.470511469045	0.69600824936232
0.907000000000001	872.13839424978	270.829440025986	297.019477149749	0.633081056338055	-1922.40782032193	34.9923244758045	-15.8685674699492	-1.04481481242815	1050.26942607215	-305.821764501796	-265.609472770492	0.430398776591828
0.908000000000001	2378.90975763559	196.769106014735	227.043384499428	0.860124440837483	-1722.393817177	136.16062214791	86.9697813753807	-0.957845031052773	-656.515940458585	-332.929728162649	-311.585690912597	0.118813085679231
0.909000000000001	3637.60936259734	103.447640935786	138.614520633215	0.998738961470699	-2047.2932588561	224.000569437342	181.393607005203	-0.77645142404757	-1590.31610374124	-327.44821037313	-331.633913747031	-0.2128208280678
0.910000000000001	3926.47856098858	-7.12034875505196E-11	47.3667056238831	1.04610566709458	-2253.1249433411	289.913780286518	261.005250759812	-0.515446173287758	-1673.35361764748	-289.913780286447	-312.709698768555	-0.525530526836355
0.911000000000001	3103.62614037283	-103.447640935904	-45.2262290683212	1.00087943802626	-1676.02530671788	327.448210373156	313.050291301155	-0.202395881986603	-1427.60083365495	-224.00056943725	-257.67807354302	-0.783208600379375
0.912000000000001	1716.5843822079	-196.76910601485	-143.564901945911	0.85731453608035	-124.252010166057	332.929728162634	325.169055759173	0.122773173772571	-1592.33237204184	-136.16062214778	-180.076623374138	-0.963285223753514
0.913000000000001	634.947963772182	-270.829440026058	-234.317099090621	0.622997436989729	1761.69518008627	305.821764501745	306.700358222408	0.429473531994979	-2396.64314385845	-34.9923244756818	-84.6289780787971	-1.04791420183231
0.914000000000001	274.935155549431	-318.379101467874	-298.927137218228	0.3240702997715	3036.93439318079	248.777835745887	268.652499300671	0.69812603129565	-3311.86954873022	69.601265721993	21.939075123071	-1.02597512670924
0.915000000000001	322.24499925354	-334.763598180368	-329.769451523811	-0.00569915175231043	3249.96004458754	167.381799090127	209.205300628207	0.907331331923856	-3572.20504384108	167.381799090247	124.500235680751	-0.901474891028489
0.916000000000001	97.4063280914117	-318.379101467831	-330.372300994659	-0.33607145274697	2624.71419666398	69.6012657218573	121.614817240064	1.02894614916392	-2722.12052475539	248.77783574598	205.480662097647	-0.695994228930842
0.917000000000001	-873.298490179133	-270.829440025977	-296.977962689087	-0.633049415436057	1922.25441093415	-34.9923244758198	15.8958386763677	1.04484198784029	-1048.95592075502	305.821764501802	265.606116272345	-0.430388112658497
0.918000000000001	-2377.98000976153	-196.769106014722	-227.062991063907	-0.860112406499963	1724.44246747951	-136.160622147925	-86.9905881544604	0.957851399685828	653.537542282028	332.929728162651	311.607719434768	-0.118780393223729
0.919000000000001	-3638.91454726493	-103.447640935772	-138.611828665928	-0.998724235165891	2049.96774461314	-224.000569437353	-181.4105719409	0.776440827744927	1588.94680265179	327.448210373127	331.612604802196	0.212832211578467
0.920000000000001	-3930.57570549104	6.75655087434279E-11	-47.3775422089353	-1.04610177737483	2258.11750468162	-289.913780286516	-261.052082436127	0.5153887453088	1672.45820080941	289.913780286449	312.677019861379	0.525509231439846
0.921000000000001	-3103.4957773391	103.4476409359	45.2505497267099	-1.00085122764812	1671.17728080064	-327.448210373155	-312.93581022371	0.202452935085089	1432.31849653846	224.000569437253	257.691688080033	0.783200919519879
0.922000000000001	-1717.63547398888	196.769106014847	143.552114822126	-0.857299112825991	121.070214731689	-332.929728162635	-325.198694366287	-0.122745759281198	1596.56525925719	136.160622147784	180.05712594445	0.963258045464329
0.923000000000001	-633.431758662224	270.829440026067	234.312581664557	-0.622986531161434	-1764.46365942679	-305.821764501739	-306.689501000286	-0.429435260281484	2397.89541808901	34.9923244756664	84.6592589489538	1.04791730441328
0.924000000000001	-278.814160496105	318.379101467873	298.934175521037	-0.324052355640397	-3037.65589766362	-248.77783574589	-268.693390414803	-0.698128650696286	3316.47005815972	-69.6012657219895	-21.990472806523	1.02592683160676
0.925000000000001	-324.983567507786	334.763598180368	329.741320913509	0.00568896527311156	-3244.96104740756	-167.38179909013	-209.265510717723	-0.90739416141401	3569.94461491535	-167.381799090244	-124.478561859433	0.901448269747327
0.926000000000001	-98.670935747944	318.379101467832	330.421841458035	0.336110806731147	-2619.90339503112	-69.6012657218608	-121.557594491724	-1.02895175590573	2718.57433077906	-248.777835745978	-205.412853263151	0.696035416484177
0.927000000000001	871.037966601543	270.829440025979	296.99577125702	0.633106577988167	-1920.40726734002	34.9923244758162	-15.8675604674425	-1.04481931637318	1049.36930073848	-305.8217645018	-265.620476933232	0.430414939550945
0.928000000000001	2376.5964788402	196.769106014725	227.011972985844	0.860118550974011	-1721.66465576242	136.160622147921	86.9373796677275	-0.957881936705449	-654.931823077777	-332.92972816265	-311.641950629781	0.118772988921164
0.929000000000001	3638.94658415992	103.447640935775	138.639218958875	0.998757769932886	-2043.89473012112	224.00056943735	181.423519704403	-0.776458417001046	-1595.0518540388	-327.448210373127	-331.544182485539	-0.212771193564375
0.930000000000001	3928.60252725373	-6.3948846218409E-11	47.3379369530059	1.04609570688589	-2255.15281076324	289.913780286514	261.017171817797	-0.515441245183249	-1673.44971649049	-289.913780286451	-312.761562850969	-0.525532756415344
0.931000000000001	3106.70309202248	-103.447640935897	-45.2345224642829	1.00086118442161	-1677.164278428	327.448210373154	313.044277743135	-0.202396967440113	-1429.53881359448	-224.000569437255	-257.666660536955	-0.783199416952299
0.932000000000001	1717.97479439835	-196.769106014844	-143.551152426467	0.857310031995142	-123.697337239502	332.929728162635	325.162047863845	0.122765080423732	-1594.27745715885	-136.160622147787	-180.071885435748	-0.963271302388047
0.933000000000001	637.844831376214	-270.829440026065	-234.353081961121	0.622956950034022	1760.20644348327	305.821764501741	306.688520823687	0.429453601247419	-2398.05127485948	-34.9923244756701	-84.6569815700546	-1.0479282839581
0.934000000000001	283.879373901555	-318.379101467877	-298.942386297147	0.324014563736874	3030.34675895078	248.77783574588	268.713849928445	0.698167451175865	-3314.22613285233	69.6012657220046	21.9725948749672	-1.02595568908313
0.935000000000001	326.787303859601	-334.763598180368	-329.731910736693	-0.00571734699981903	3244.75466406691	167.381799090133	209.211028822279	0.907378479998143	-3571.54196792651	167.381799090241	124.493112445255	-0.901462576637879
0.936000000000001	100.353998518571	-318.379101467833	-330.40432377033	-0.336121670770149	2621.57746174407	69.6012657218644	121.562606924902	1.02894108692305	-2721.93146026264	248.777835745975	205.442863795395	-0.696019712842485
0.937000000000001	-873.890899659297	-270.829440025981	-296.92534149525	-0.633047012265399	1921.8501373485	-34.9923244758126	15.9091656010626	1.04485025252411	-1047.9592376892	305.821764501799	265.630851158139	-0.430388861684346
0.938000000000001	-2377.643763984	-196.769106014728	-227.062350672964	-0.860109362938363	1722.56358234227	-136.160622147918	-86.9739372812797	0.957876315242828	655.080181641728	332.92972816265	311.610214385074	-0.118778647299273
0.939000000000001	-3635.93317760786	-103.44764093576	-138.641414929537	-0.9987507778679	2046.75163202777	-224.000569437362	-181.412501581842	0.776463813660986	1589.18154558009	327.448210373124	331.608953625214	0.212830306325941
0.940000000000001	-3929.48188301389	7.93747290117608E-11	-47.3688798962139	-1.04611965776411	2256.18150819022	-289.913780286522	-261.061871055895	0.515401942605091	1673.30037482367	289.913780286443	312.670197934756	0.525500504260697
0.941000000000001	-3105.6789669145	103.447640935911	45.2536374907964	-1.00086602027332	1675.08775953015	-327.448210373157	-312.992470667201	0.202409471937889	1430.59120738435	224.000569437244	257.690149657932	0.783190653918629
0.942000000000001	-1716.18871410071	196.769106014841	143.548960249307	-0.857317060024011	120.890832945244	-332.929728162635	-325.152866642364	-0.122743394704475	1595.29788115547	136.16062214779	180.074997462759	0.963265651381389
0.943000000000001	-638.793876056708	270.829440026063	234.371899061922	-0.622945160962089	-1760.49482540789	-305.821764501742	-306.702836887487	-0.429446231591962	2399.2887014646	34.9923244756736	84.6563699686367	1.04792202135003
0.944000000000001	-280.669801132881	318.379101467876	298.873492744819	-0.32407166821727	-3035.61798128826	-248.777835745882	-268.721818898975	-0.698168050490936	3316.28778242114	-69.601265722001	-22.0201330511738	1.02590188829885
0.945000000000001	-322.029011765345	334.763598180368	329.753423950079	0.0056817557328093	-3245.96544011413	-167.38179909012	-209.202556063708	-0.907370606554645	3567.99445187947	-167.381799090254	-124.423152201572	0.90147873609728
0.946000000000001	-95.4963745533328	318.379101467828	330.379548571094	0.336061304303903	-2624.00462401269	-69.6012657218493	-121.575910291538	-1.02894651684618	2719.50099856602	-248.777835745986	-205.470752308907	0.696007983788373
0.947000000000001	872.138386665851	270.829440025983	297.019451884816	0.633080756188719	-1922.40737875382	34.992324475809	-15.8685978528696	-1.04481511469905	1050.26899208797	-305.821764501798	-265.609503905247	0.430398479883126
0.948000000000001	2378.90835228387	196.769106014731	227.043610932716	0.860124367121435	-1722.39368383661	136.160622147915	86.970000312006	-0.957845114387046	-656.514668447266	-332.929728162649	-311.585485074704	0.118812994808422
0.949000000000001	3637.60943834885	103.447640935764	138.614793978364	0.998739161099799	-2047.29362621265	224.000569437359	181.393892936338	-0.776451221450708	-1590.31581213621	-327.448210373125	-331.633625110902	-0.21282063030248
0.950000000000001	3926.47948492306	-7.57793827688147E-11	47.3668140691336	1.04610597516893	-2253.12533097397	289.913780286521	261.005365218531	-0.515445856232177	-1673.35415394909	-289.913780286445	-312.709579194977	-0.525530209497456
0.951000000000001	3103.62518516939	-103.447640935908	-45.2263598059941	1.00087961536294	-1676.02424268239	327.448210373156	313.050138842162	-0.202395717390014	-1427.600942487	-224.000569437246	-257.678219076829	-0.783208428574285
0.952000000000001	1716.58350215006	-196.769106014838	-143.565185931545	0.857314429431393	-124.251384287054	332.929728162636	325.168774310986	0.122773056920971	-1592.33211786301	-136.160622147794	-180.076909664848	-0.963285338239133
0.953000000000001	634.948385508298	-270.829440026061	-234.317293248219	0.622997136183174	1761.69415687705	305.821764501744	306.700183155201	0.429473240076172	-2396.64254238535	-34.9923244756772	-84.6291663498109	-1.04791450458894
0.954000000000001	274.935452927445	-318.379101467875	-298.927078048939	0.324070058134235	3036.93468481157	248.777835745884	268.652549475923	0.698125789552095	-3311.87013773901	69.6012657219975	21.939141351933	-1.02597536323701
0.955000000000001	322.244970845007	-334.763598180368	-329.769192922055	-0.00569913478782014	3249.96112393131	167.381799090123	209.205551775569	0.907331341327664	-3572.20609477631	167.381799090251	124.500495589319	-0.901474867647692
0.956000000000001	97.4057920727411	-318.379101467824	-330.37205847359	-0.33607119326141	2624.71395245009	69.6012657218342	121.615064731647	1.02894640605931	-2722.11974452283	248.777835745996	205.480889412033	-0.69599397823566
0.957000000000001	-873.298477465821	-270.829440025985	-296.977938861206	-0.633049132122616	1922.2539779544	-34.9923244758054	15.8958673131193	1.04484227337243	-1048.95550048858	305.821764501796	265.606145598941	-0.430387832636719
0.958000000000001	-2377.97868664512	-196.769106014734	-227.063204754861	-0.860112336877477	1724.44235215629	-136.160622147911	-86.9907949984722	0.957851478373958	653.536334488822	332.929728162649	311.607525240625	-0.118780307396093
0.959000000000001	-3638.91459640549	-103.447640935767	-138.612087398749	-0.998724424276225	2049.96808218447	-224.000569437356	-181.410842255343	0.776440636118615	1588.94651422102	327.448210373126	331.612331850843	0.212832024454749
0.960000000000001	-3930.57660184741	7.21840365258686E-11	-47.3776442668338	-1.04610206854306	2258.11789818494	-289.913780286518	-261.052190714662	0.515388445403954	1672.45870366247	289.913780286446	312.676906937332	0.525508931392082
0.961000000000001	-3103.49488482951	103.447640935923	45.2506733094595	-1.0008513952336	1671.17629002345	-327.44821037316	-312.935665965792	0.202452779438161	1432.31859480606	224.000569437235	257.691825728327	0.783200757120409
0.962000000000001	-1717.63468509939	196.769106014851	143.552383659396	-0.857299011574203	121.069641563438	-332.929728162634	-325.198428180163	-0.122745648742001	1596.56504353595	136.160622147779	180.05739654455	0.963258153664959
0.963000000000001	-633.432158962816	270.829440026059	234.312764699421	-0.622986246874783	-1764.46268464707	-305.821764501745	-306.689335688531	-0.429434984430532	2397.89484360989	34.9923244756808	84.6594368703181	1.04791759053528
0.964000000000001	-278.814432975678	318.379101467874	298.934119551014	-0.324052127323768	-3037.65616058172	-248.777835745887	-268.693437853066	-0.698128422283598	3316.4705935574	-69.601265721994	-21.9905352756087	1.02592705525967
0.965000000000001	-324.98350934409	334.763598180368	329.74107622147	0.00568894889770188	-3244.96207922044	-167.381799090126	-209.265748050567	-0.907394170334165	3569.94558856453	-167.381799090248	-124.478807632215	0.901448247627453
0.966000000000001	-98.6704244276929	318.379101467825	330.421612420608	0.336110561318309	-2619.90317685375	-69.6012657218376	-121.557828379587	-1.02895199871375	2718.57360128144	-248.777835745994	-205.413068268187	0.696035179359266
0.967000000000001	871.037980489277	270.829440025976	296.995748450989	0.633106309769298	-1920.40686979231	34.9923244758208	-15.8675876752528	-1.044819586389	1049.36888930304	-305.821764501802	-265.620504647438	0.430414674711828
0.968000000000001	2376.59523921878	196.769106014721	227.012175146642	0.86011848491594	-1721.66453462971	136.160622147925	86.9375751140532	-0.957882011274951	-654.930704589066	-332.929728162651	-311.641766919662	0.118772907792166
0.969000000000001	3638.94663986347	103.447640935771	138.639463467886	0.998757948383826	-2043.89505853859	224.000569437354	181.423775292032	-0.77645823598292	-1595.05158132488	-327.448210373126	-331.543924689001	-0.212771016896835
0.970000000000001	3928.60338003306	-6.85957957102801E-11	47.3380334686025	1.04609598185243	-2255.1531975555	289.913780286517	261.017274233453	-0.515440961749466	-1673.45018247756	-289.913780286448	-312.761456147212	-0.525532473044047
0.971000000000001	3106.7022527318	-103.447640935919	-45.2346392676319	1.0008613425848	-1677.16333191513	327.448210373159	313.044141231805	-0.202396820517661	-1429.53892081666	-224.000569437238	-257.666790486625	-0.783199263530673
0.972000000000001	1717.97402229047	-196.769106014848	-143.551405796062	0.857309936788734	-123.696781732043	332.929728162635	325.161796766673	0.122764976249011	-1594.27724055842	-136.160622147783	-180.072140850329	-0.963271404381001
0.973000000000001	637.845208117429	-270.829440026068	-234.353255285302	0.622956681503433	1760.20553517398	305.821764501739	306.688364404396	0.429453340653407	-2398.05074329141	-34.9923244756655	-84.6571497505477	-1.04792855413155
0.974000000000001	283.879645939495	-318.379101467873	-298.942333651882	0.32401434785155	3030.34698850776	248.777835745889	268.713894825195	0.698167235478602	-3314.22663444726	69.6012657219905	21.9726536689637	-1.02595590046259
0.975000000000001	326.787269663261	-334.763598180368	-329.731679826971	-0.00571733197542137	3244.75563541115	167.381799090129	209.211252732494	0.907378488211096	-3571.54290507441	167.381799090245	124.49334456583	-0.901462555896755
0.976000000000001	100.353538662989	-318.379101467826	-330.404107113993	-0.336121439089414	2621.57724546563	69.6012657218412	121.562828235783	1.02894131644688	-2721.93078412862	248.777835745991	205.443067199711	-0.696019488697044
0.977000000000001	-873.890920671895	-270.829440025978	-296.925319585312	-0.633046758674726	1921.84975897738	-34.9923244758172	15.9091914268041	1.04485050787368	-1047.95883830549	305.821764501801	265.630877353948	-0.430388611343096
0.978000000000001	-2377.6425930289	-196.769106014724	-227.062541697175	-0.860109300371901	1722.56347464818	-136.160622147922	-86.9741219764838	0.9578763858972	655.079118380718	332.92972816265	311.610040951035	-0.118778570392061
0.979000000000001	-3635.93326999074	-103.447640935774	-138.641645736084	-0.998750946107984	2046.75197039244	-224.000569437351	-181.412743266009	0.77646364263119	1589.1812995983	327.448210373127	331.608709880958	0.212830139488897
0.980000000000001	-3929.48266597033	6.4964922330546E-11	-47.3689715770411	-1.04611991768503	2256.18183765513	-289.913780286515	-261.061967493806	0.515401675137385	1673.3008283152	289.91378028645	312.670097013438	0.525500236502335
0.981000000000001	-3105.67815826417	103.447640935916	45.2537475194634	-1.00086617016556	1675.08685946661	-327.448210373158	-312.992342241643	0.202409332895742	1430.59129879756	224.00056943724	257.690272219012	0.783190508721347
0.982000000000001	-1716.18797901768	196.769106014845	143.549199980729	-0.857316970184833	120.890302779209	-332.929728162635	-325.152629119126	-0.122743296223384	1595.29767623847	136.160622147786	180.075239005687	0.963265747727034
0.983000000000001	-638.794230064256	270.829440026077	234.37206289636	-0.622944907288473	-1760.49396363989	-305.821764501733	-306.702689104154	-0.429445985327538	2399.28819370415	34.9923244756501	84.6565289566752	1.04792227668371
0.984000000000001	-280.670050799874	318.379101467872	298.87344310008	-0.324071464188393	-3035.61820013227	-248.777835745891	-268.721861150173	-0.698167846477712	3316.28825093215	-69.6012657219869	-22.0201884665876	1.02590208821712
0.985000000000001	-322.028992184691	334.763598180368	329.753205792373	0.00568174160397942	-3245.9663609435	-167.381799090133	-209.20276773094	-0.907370614208651	3567.9953531282	-167.381799090242	-124.423371774275	0.901478716442846
0.986000000000001	-95.495924818561	318.379101467827	330.379343713728	0.336061085317707	-2624.00443138111	-69.6012657218448	-121.576119305728	-1.02894673351438	2719.50035619967	-248.777835745989	-205.470944341213	0.696007772101633
0.987000000000001	872.138373992965	270.82944002598	297.01943164721	0.633080516964917	-1922.40702223296	34.9923244758136	-15.8686221700954	-1.04481535568447	1050.26864823999	-305.821764501799	-265.609528751876	0.430398243349757
0.988000000000001	2378.90724530597	196.769106014712	227.043791229794	0.860124308194711	-1722.39357949582	136.160622147936	86.9701748049355	-0.957845180879539	-656.513665810154	-332.929728162652	-311.585320975634	0.118812922374123
0.989000000000001	3637.60949881022	103.447640935759	138.615011941121	0.998739320135832	-2047.29392664243	224.000569437363	181.394120888044	-0.776451059991495	-1590.31557216779	-327.448210373124	-331.633395162817	-0.212820472788695
0.990000000000001	3926.48020806648	-6.13695760875999E-11	47.3669006419345	1.04610622077777	-2253.12563354476	289.913780286513	261.005456404427	-0.515445603587068	-1673.35457452173	-289.913780286452	-312.709483840743	-0.525529956629438
0.991000000000001	3103.62441779053	-103.447640935912	-45.2264639373454	1.00087975684042	-1676.02338725319	327.448210373158	313.050017431237	-0.202395586155831	-1427.60103053734	-224.000569437243	-257.678334907049	-0.783208291536486
0.992000000000001	1716.58281307356	-196.769106014842	-143.565412423829	0.857314344416592	-124.250892836516	332.929728162635	325.16855005725	0.122772963901419	-1592.33192023704	-136.160622147789	-180.077137848685	-0.963285429385171
0.993000000000001	634.948724989758	-270.829440026075	-234.31744799306	0.622996896423532	1761.69333267526	305.821764501734	306.700043583002	0.429473007484421	-2396.64205766502	-34.9923244756537	-84.6293165244049	-1.04791474590958
0.994000000000001	274.935686476698	-318.379101467877	-298.927030858926	0.324069865564606	3036.934918042	248.777835745881	268.652589393746	0.698125596878167	-3311.87060451869	69.601265722002	21.9391941398628	-1.02597555176971
0.995000000000001	322.244947768409	-334.763598180368	-329.768986935022	-0.00569912137041609	3249.96199295576	167.381799090119	209.205751786331	0.907331348664498	-3572.20694072417	167.381799090255	124.50070270917	-0.901474849060543
0.996000000000001	97.4053733634062	-318.379101467828	-330.371865178288	-0.336070986548704	2624.71375467445	69.6012657218483	121.615262124034	1.02894661078853	-2722.11912803786	248.777835745986	205.481070630908	-0.695993778429635
0.997000000000001	-873.298463428093	-270.829440025982	-296.977919764883	-0.633048906313586	1922.25362870158	-34.99232447581	15.8958902234247	1.04484250101196	-1048.95516527349	305.821764501798	265.60616901551	-0.430387609414125
0.998000000000001	-2377.97764450377	-196.769106014715	-227.063374935014	-0.8601122812486	1724.44226163216	-136.160622147933	-86.9909598643028	0.957851541147654	653.535382871608	332.929728162652	311.60737042011	-0.118780238994014
0.999000000000001	-3638.91463410018	-103.447640935763	-138.612293734404	-0.998724574983004	2049.96835670545	-224.00056943736	-181.4110577623	0.776440483385353	1588.94627739473	327.448210373125	331.612114385515	0.2128318753915
1	-3930.5773058222	7.67741425988788E-11	-47.3777257130659	-1.04610230069607	2258.11820801534	-289.913780286521	-261.052276998513	0.51538820638684	1672.45909780686	289.913780286444	312.676816892347	0.525508692283847
1.001	-3103.49416816937	103.447640935891	45.2507717523887	-1.00085152894368	1671.17549398517	-327.448210373153	-312.935551055096	0.202452655331743	1432.3186741842	224.00056943726	257.691935303544	0.783200627587391
1.002	-1717.63407092573	196.769106014823	143.552598108636	-0.857298930835045	121.06919402852	-332.929728162638	-325.198216076833	-0.12274556074509	1596.56487689721	136.16062214781	180.057612239115	0.963258239826506
1.003	-633.432482587144	270.82944002605	234.312910558377	-0.622986020276668	-1764.46189781871	-305.821764501751	-306.689203902978	-0.429434764648068	2397.89438040585	34.9923244756952	84.6595787831199	1.04791781860963
1.004	-278.814646283537	318.379101467858	298.934074918324	-0.324051945358344	-3037.65636853661	-248.777835745922	-268.693475580034	-0.698128240228103	3316.47101482014	-69.6012657219426	-21.9905850303801	1.02592723357925
1.005	-324.983457417293	334.763598180368	329.740881263572	0.00568893590522782	-3244.96291380453	-167.381799090172	-209.265937038198	-0.9073941772663	3569.94637122182	-167.381799090203	-124.479003516881	0.901448230062365
1.006	-98.6700257142762	318.379101467853	330.421429900935	0.336110365806163	-2619.90300283056	-69.6012657219263	-121.558014936303	-1.0289521922026	2718.57302854484	-248.777835745933	-205.413239714267	0.696034990348098
1.007	871.037990190045	270.829440026029	296.995730129971	0.633106095936134	-1920.4065508665	34.9923244757307	-15.8676094718078	-1.04481980167441	1049.36856067645	-305.821764501766	-265.620526775366	0.430414463572732
1.008	2376.59426375983	196.769106014795	227.012336144807	0.86011843208094	-1721.66443843096	136.160622147843	86.9377308683311	-0.95788207080608	-654.929825328865	-332.929728162641	-311.641620457256	0.118772843115476
1.009	3638.94668385529	103.447640935875	138.639658501662	0.998758090582602	-2043.89532570703	224.000569437272	181.423979108475	-0.776458091697605	-1595.05135814826	-327.448210373149	-331.543719261232	-0.212770876145756
1.01	3928.60405212446	4.10196321354306E-11	47.3381104808303	1.04609620106343	-2255.1535053947	289.913780286462	261.017355862862	-0.515440735834743	-1673.45054672976	-289.913780286503	-312.76137107478	-0.525532247220536
1.011	3106.701579906	-103.447640935779	-45.2347323162632	1.00086146874717	-1677.16257119547	327.448210373128	313.044032457084	-0.202396703377659	-1429.53900871053	-224.000569437347	-257.666893930977	-0.783199141151513
1.012	1717.97341754649	-196.769106014728	-143.551607846507	0.857309860900662	-123.696344797907	332.92972816265	325.16159670138	0.122764893323721	-1594.27707274859	-136.160622147918	-180.072344418236	-0.963271485569749
1.013	637.845509283542	-270.829440025981	-234.35339340826	0.622956467492402	1760.2048065785	305.821764501799	306.688239689198	0.429453133012919	-2398.05031586204	-34.9923244758123	-84.6572838899916	-1.04792876945974
1.014	283.879859856497	-318.379101467822	-298.942291694404	0.324014175797998	3030.34717010367	248.777835746001	268.713930561972	0.69816706357489	-3314.22702996017	69.6012657218274	21.972700496748	-1.02595606896299
1.015	326.787239621705	-334.763598180368	-329.731495880416	-0.00571732008241833	3244.75641667548	167.381799090274	209.211431043907	0.907378494618798	-3571.54365629718	167.381799090101	124.493529532236	-0.901462539430756
1.016	100.353183391645	-318.379101467889	-330.403934452373	-0.336121254534791	2621.57707140259	69.6012657220415	121.563004755671	1.02894149937447	-2721.93025479424	248.777835745854	205.443229428932	-0.696019310001824
1.017	-873.890936594307	-270.829440026099	-296.925301969594	-0.633046556504385	1921.84945487578	-34.9923244756136	15.9092121054687	1.04485071147994	-1047.95851828148	305.821764501718	265.63089824964	-0.430388411752184
1.018	-2377.64166932239	-196.769106014905	-227.062693849197	-0.860109250353582	1722.56339038767	-136.160622147718	-86.9742691793597	0.957876442300578	655.078278934723	332.929728162627	311.609902706739	-0.118778509045445
1.019	-3635.93334759564	-103.447640935987	-138.64182977262	-0.998751080126203	2046.7522478256	-224.000569437185	-181.412935980723	0.776463506319855	1589.18109977004	327.448210373174	331.608515641466	0.212830006596021
1.02	-3929.48328107118	-1.77784897914535E-10	-47.3690447953444	-1.04612012492155	2256.18209509508	-289.913780286394	-261.062044335612	0.515401461984242	1673.30118597611	289.913780286571	312.670016516981	0.525500023113002
1.021	-3105.67750928852	103.447640935667	45.2538351306022	-1.00086628979095	1675.08613664448	-327.448210373104	-312.992239989058	0.202409221995184	1430.59137264404	224.000569437435	257.690369762983	0.783190392875985
1.022	-1716.18740195823	196.769106014633	143.549391190509	-0.857316898600436	120.889885047837	-332.929728162662	-325.152439822397	-0.122743217827212	1595.2975169104	136.160622148025	180.075431552203	0.963265824428187
1.023	-638.794513321681	270.829440025901	234.372193487649	-0.622944705112787	-1760.49327221264	-305.821764501855	-306.702571258616	-0.429445789085829	2399.28778553432	34.9923244759484	84.6566557817379	1.04792248020992
1.024	-280.670246482499	318.379101467785	298.873403543352	-0.324071301569435	-3035.61837285651	-248.777835746079	-268.721894767807	-0.698167683853635	3316.288619339	-69.6012657217122	-22.0202325813497	1.02590224762858
1.025	-322.028976628332	334.763598180368	329.753032002222	0.00568173043278743	-3245.96710023101	-167.381799090392	-209.202936322689	-0.907370620176324	3567.99607685934	-167.381799089982	-124.423546780436	0.901478700848139
1.026	-95.4955728152055	318.379101467925	330.379180410437	0.336060910843225	-2624.00427735208	-69.6012657221567	-121.576286002181	-1.02894690617851	2719.49985016728	-248.777835745775	-205.471097471276	0.696007603376863
1.027	872.138359241056	270.829440026168	297.019415440316	0.633080326283541	-1922.40673620898	34.9923244754965	-15.8686416292675	-1.04481554780777	1050.26837696792	-305.82176450167	-265.609548604543	0.43039805477232
1.028	2378.90637078623	196.769106015001	227.043934825808	0.860124261109349	-1722.39349774316	136.16062214761	86.9703138765179	-0.957845233931255	-656.512873043073	-332.929728162615	-311.585190148909	0.118812864623412
1.029	3637.60954729139	103.447640936099	138.615185720785	0.998739446830134	-2047.29417022913	224.000569437097	181.394302600799	-0.776450931330456	-1590.31537706226	-327.448210373198	-331.633211943002	-0.21282034731959
1.03	3926.48077464713	2.95614199785632E-10	47.3669697578822	1.04610641658802	-2253.12586914899	289.913780286335	261.005529066171	-0.515445402264285	-1673.35490549815	-289.91378028663	-312.709407797893	-0.525529755117483
1.031	3103.62380260926	-103.447640935555	-45.2265468811621	1.00087986970685	-1676.02270163159	327.448210373079	313.049920761063	-0.202395481503223	-1427.60110097766	-224.000569437522	-257.678427110265	-0.783208182227748
1.032	1716.58227158264	-196.769106014538	-143.56559305418	0.857314276652675	-124.250505661412	332.929728162675	325.168371338871	0.122772889835649	-1592.33176592122	-136.160622148133	-180.077319734166	-0.963285501961914
1.033	634.94899749967	-270.829440025831	-234.317571331132	0.622996705321542	1761.6926713314	305.821764501902	306.699932303846	0.429472822139495	-2396.64166883107	-34.9923244760655	-84.6294362925679	-1.04791493825448
1.034	274.93587076118	-318.379101467749	-298.926993237454	0.324069712084088	3036.93510538978	248.777835746158	268.652621157107	0.698125443296602	-3311.87097615096	69.601265721597	21.9392362107829	-1.0259757020437
1.035	322.244929309529	-334.763598180368	-329.768822848551	-0.00569911076446284	3249.96268948847	167.381799090478	209.205911104008	0.90733135440061	-3572.207618798	167.381799089897	124.500867737438	-0.901474834306261
1.036	97.4050445793518	-318.379101467962	-330.371711097651	-0.336070821862113	2624.71359454672	69.6012657222719	121.615419545174	1.02894677394578	-2722.11863912607	248.777835745697	205.481215111948	-0.695993619194313
1.037	-873.298449577968	-270.829440026237	-296.977904463644	-0.633048726325757	1922.25334843024	-34.9923244753793	15.8959085492734	1.04484268249506	-1048.95489885227	305.821764501622	265.606187736791	-0.430387431457522
1.038	-2377.97682160655	-196.769106015096	-227.063510492346	-0.860112236818103	1724.44219047716	-136.160622147503	-86.991091272125	0.957851591222932	653.534631129398	332.929728162602	311.607246986974	-0.118780184470548
1.039	-3638.91466258851	-103.447640936211	-138.61245827134	-0.998724695089443	2049.96857802633	-224.00056943701	-181.411229560184	0.776440361662748	1588.94608456218	327.448210373223	331.611941106356	0.212831756635808
1.04	-3930.5778596611	-3.94322796637425E-10	-47.3777907090338	-1.04610248579848	2258.11845195998	-289.913780286285	-261.05234577478	0.515388015887969	1672.45940770113	289.91378028668	312.676745085377	0.525508501721185
1.041	-3103.49359381562	103.447640935443	45.2508501722706	-1.00085163562621	1671.17485628866	-327.448210373055	-312.935459530582	0.202452556357387	1432.31873752697	224.00056943761	257.692022545687	0.783200524266872
1.042	-1717.63359186639	196.769106014442	143.552769174826	-0.85729886645138	121.068843877467	-332.929728162687	-325.198047033766	-0.122745490676379	1596.56474798893	136.16062214824	180.057784183202	0.963258308450074
1.043	-633.432743758562	270.829440025773	234.313026796259	-0.622985839655121	-1764.46126430453	-305.821764501943	-306.68909883996	-0.429434589516339	2397.8940080631	34.9923244761637	84.659691965814	1.04791800041589
1.044	-278.814813877577	318.379101467712	298.934039334329	-0.324051800320792	-3037.65653356569	-248.777835746237	-268.693505588461	-0.6981280951048	3316.47134744327	-69.6012657214818	-21.9906246585182	1.02592737575737
1.045	-324.98341113516	334.763598180368	329.740725916588	0.00568892559579645	-3244.96358648593	-167.38179909058	-209.266087554642	-0.907394182659442	3569.94699762109	-167.381799089795	-124.479159621399	0.901448216135971
1.046	-98.6697142113861	318.379101467998	330.421284446519	0.336110210042316	-2619.90286387678	-69.6012657223871	-121.558163730024	-1.02895234638947	2718.57257808817	-248.777835745618	-205.413376439271	0.6960348396967
1.047	871.037997421036	270.829440026306	296.995715402239	0.633105925444555	-1920.40629638898	34.9923244752622	-15.8676269346234	-1.04481997332409	1049.36829896794	-305.821764501574	-265.620544465107	0.430414295231594
1.048	2376.59349409467	196.769106015176	227.01246440015	0.860118389844705	-1721.66436214985	136.160622147412	86.9378550032717	-0.957882118320818	-654.92913194482	-332.929728162592	-311.641503681134	0.11877279155046
1.049	3638.94671839546	103.447640936323	138.639814051315	0.99875820389602	-2043.89554146796	224.000569436922	181.424141621691	-0.776457976699127	-1595.0511769275	-327.448210373247	-331.543555548605	-0.212770763998145
1.05	3928.60458258503	5.1215920393588E-10	47.3381719318122	1.04609637582783	-2255.15375063213	289.913780286227	261.017420943159	-0.515440555755968	-1673.45083195289	-289.913780286739	-312.761303244995	-0.52553206724314
1.051	3106.7010414929	-103.447640935349	-45.2348064457215	1.00086156938211	-1677.16196127178	327.448210373034	313.043945787758	-0.20239660996821	-1429.53908022112	-224.000569437683	-257.666976286918	-0.783199043530057
1.05199999999999	1717.97294247001	-196.769106014347	-143.551768965965	0.857309800416146	-123.696000096192	332.929728162699	325.161437269931	0.122764827301721	-1594.27694237382	-136.160622148348	-180.072506674468	-0.963271550204525
1.05299999999999	637.845749279709	-270.829440025704	-234.353503486353	0.622956296929793	1760.20422389403	305.82176450199	306.6881402448	0.42945296754652	-2398.04997317374	-34.9923244762809	-84.6573908718428	-1.04792894107637
1.05399999999999	283.88002861297	-318.379101467676	-298.942258264981	0.324014038664811	3030.34731423285	248.777835746316	268.713959013688	0.698166926560208	-3314.22734284582	69.6012657213666	21.9727377929482	-1.02595620328342
1.05499999999999	326.787213368214	-334.763598180368	-329.731349337348	-0.00571731067253708	3244.75704265256	167.381799090682	209.211573065419	0.907378499625628	-3571.54425602077	167.381799089693	124.493676904432	-0.901462526378987
1.05599999999999	100.352908564396	-318.379101468029	-330.40379684052	-0.336121107513057	2621.5769313549	69.6012657224837	121.563145542591	1.02894164516822	-2721.92983991929	248.777835745552	205.443358836837	-0.696019167542151
1.05699999999999	-873.89094931436	-270.829440026375	-296.925287798168	-0.633046395311224	1921.84921165755	-34.992324475145	15.9092286637155	1.04485087383193	-1047.95826234319	305.821764501526	265.630914933266	-0.430388252608885
1.05799999999999	-2377.64093900749	-196.769106015271	-227.062815063755	-0.86010921037498	1722.56332439514	-136.160622147305	-86.9743865012402	0.957876487330694	655.077614612352	332.92972816258	311.609792511502	-0.118778460097382
1.05899999999999	-3635.93341303739	-103.447640936417	-138.641976504375	-0.998751186879355	2046.75247418157	-224.000569436849	-181.413089643638	0.776463397687056	1589.18093885582	327.448210373268	331.608360831458	0.212829900734076
1.05999999999999	-3929.48376468202	-6.29910346106044E-10	-47.3691032780419	-1.0461202901574	2256.18229548973	-289.913780286168	-261.062105574176	0.51540129211288	1673.30146919229	289.913780286797	312.669952302775	0.52549985303685
1.06099999999999	-3105.67698914309	103.447640935237	45.2539048903586	-1.00086638526704	1675.08555737744	-327.44821037301	-312.99215859028	0.2024091335226	1430.59143176565	224.000569437771	257.690447404412	0.783190300441262
1.06199999999999	-1716.18694754429	196.769106014252	143.549543700266	-0.857316841566772	120.889554911591	-332.929728162712	-325.152288930751	-0.122743155408151	1595.29739263269	136.160622148456	180.075585056241	0.963265885497503
1.06299999999999	-638.794739437233	270.829440025635	234.372297591733	-0.62294454397504	-1760.49271908044	-305.821764502039	-306.70247727716	-0.429445632685311	2399.28745851767	34.9923244763979	84.6567569448281	1.04792264244233
1.06399999999999	-280.670400253315	318.379101467645	298.873372032447	-0.324071171942592	-3035.61850938739	-248.777835746382	-268.721921523033	-0.698167554208344	3316.28890964071	-69.60126572127	-22.0202676962311	1.0259023747461
1.06499999999999	-322.028964461263	334.763598180368	329.752893548398	0.0056817216058058	-3245.96769143525	-167.381799090784	-209.203070628317	-0.907370624836661	3567.99665589651	-167.381799089591	-124.423686254087	0.901478688492013
1.06599999999999	-95.4952961006347	318.379101468065	330.379050213832	0.336060771819638	-2624.00415434899	-69.6012657225989	-121.576418941641	-1.0289470437783	2719.49945044963	-248.777835745473	-205.471219594054	0.696007468897959
1.06699999999999	872.138344110799	270.829440026433	297.019402462043	0.633080174281681	-1922.40650787051	34.9923244750468	-15.868657199543	-1.04481570097785	1050.26816375971	-305.821764501486	-265.609564484737	0.430397904413222
1.06799999999999	2378.90567833055	196.769106015366	227.044049214683	0.860124223496363	-1722.39343361033	136.160622147197	86.970424719821	-0.957845276258025	-656.512244720221	-332.929728162568	-311.585085843512	0.11881281856971
1.06899999999999	3637.60958621158	103.447640936529	138.615324261186	0.998739547757549	-2047.29436644193	224.000569436761	181.394447444597	-0.776450828813427	-1590.31521976965	-327.448210373292	-331.633065939406	-0.212820247369696
1.06999999999999	3926.48121855402	7.47704120840353E-10	47.3670249438291	1.04610657270138	-2253.12605192816	289.913780286109	261.005586978369	-0.515445241835059	-1673.35516662586	-289.913780286856	-312.709347151077	-0.525529594520773
1.07099999999999	3103.62331012239	-103.447640935125	-45.2266129513217	1.00087995975006	-1676.02215334654	327.448210372985	313.049843802901	-0.202395398032158	-1427.60115677585	-224.000569437858	-257.678500512853	-0.783208095033627
1.07199999999999	1716.58184488156	-196.769106014172	-143.565737109539	0.857314222640517	-124.250199807183	332.929728162722	325.168228883256	0.122772830851098	-1592.33164507438	-136.160622148546	-180.077464727365	-0.963285559760992
1.07299999999999	634.949215753028	-270.829440025566	-234.317669649321	0.622996552991196	1761.69214161877	305.821764502086	306.69984357376	0.429472674424858	-2396.6413573718	-34.9923244765151	-84.6295318129466	-1.04791509157394
1.07399999999999	274.936016698692	-318.379101467609	-298.926963244728	0.324069589746469	3036.93525649689	248.777835746461	268.65264643963	0.698125320864487	-3311.87127319558	69.6012657211548	21.9392697520866	-1.02597582182185
1.07499999999999	322.244914656496	-334.763598180368	-329.768692134631	-0.0056991023881619	3249.96324578436	167.381799090869	209.206038026958	0.907331358891445	-3572.20816044086	167.381799089505	124.500999210905	-0.901474822610947
1.07599999999999	97.4047852674164	-318.379101468102	-330.371588260561	-0.336070690648723	2624.71346485157	69.6012657227141	121.6155450838	1.02894690397525	-2722.11825011899	248.777835745394	205.481330312777	-0.69599349229817
1.07699999999999	-873.298436693932	-270.829440026503	-296.97789220356	-0.633048582852283	1922.25312444862	-34.9923244749297	15.8959232065186	1.04484282718176	-1048.95468775469	305.821764501438	265.606202722146	-0.430387289576025
1.07799999999999	-2377.97617061079	-196.769106015462	-227.06361848956	-0.860112201341843	1724.4421344476	-136.16062214709	-86.9911960144065	0.957851631167357	653.534036163191	332.929728162555	311.607148573052	-0.118780141002972
1.07899999999999	-3638.91468381395	-103.447640936641	-138.612589471214	-0.998724790813057	2049.96875532228	-224.000569436674	-181.411366508448	0.776440264658909	1588.94592849167	327.448210373317	331.611803021287	0.212831662018315
1.07999999999999	-3930.5782954816	-8.6550500100202E-10	-47.3778425811407	-1.0461026333942	2258.1186436991	-289.91378028605	-261.052400607851	0.515387864051059	1672.4596517825	289.913780286915	312.676687817742	0.525508349836057
1.08099999999999	-3103.49313405509	103.447640935013	45.2509126463714	-1.00085172074783	1671.17434652359	-327.448210372961	-312.935386640145	0.202452477410913	1432.3187875315	224.000569437946	257.692092014745	0.783200441850802
1.08199999999999	-1717.63321771451	196.769106014077	143.552905642021	-0.857298815105805	121.068569540529	-332.929728162734	-325.197912283929	-0.122745434873016	1596.56464817398	136.160622148653	180.057921263833	0.963258363114635
1.08299999999999	-633.432954236274	270.829440025496	234.313119431918	-0.622985695673887	-1764.4607551642	-305.821764502134	-306.689015077051	-0.429434449950067	2397.89370940047	34.9923244766323	84.6597822300001	1.04791814534464
1.08399999999999	-278.81494583978	318.379101467573	298.93401096873	-0.324051684705157	-3037.6566649156	-248.777835746539	-268.693529459784	-0.698127979409851	3316.47161075538	-69.6012657210396	-21.9906562218153	1.02592748912282
1.08499999999999	-324.98336975843	334.763598180368	329.740602121963	0.00568891741680583	-3244.96412730706	-167.381799090988	-209.266207446832	-0.907394186856683	3569.94749706549	-167.381799089387	-124.479284012216	0.901448205110605
1.08599999999999	-98.6694701482977	318.379101468138	330.421168522511	0.336110085939317	-2619.90275304884	-69.6012657228293	-121.558282401675	-1.02895246925836	2718.57222319714	-248.777835745315	-205.41348548844	0.696034719622165
1.08699999999999	871.03800324109	270.829440026583	296.995703557336	0.633105789496653	-1920.40609429206	34.9923244747936	-15.8676409274927	-1.04482011018585	1049.36809105097	-305.821764501382	-265.620558622735	0.43041416099943
1.08799999999999	2376.59288592375	196.769106015557	227.012566588625	0.860118356085278	-1721.6643014627	136.160622146982	86.9379539386565	-0.957882156247194	-654.928584461056	-332.929728162543	-311.641410568224	0.118772750431206
1.08899999999999	3638.94674540429	103.447640936771	138.639938109014	0.998758294194293	-2043.89571474339	224.000569436572	181.424271200962	-0.776457885046233	-1595.0510306609	-327.448210373345	-331.543425065868	-0.212770674634662
1.08999999999999	3928.60500164933	9.83291670308972E-10	47.338220968735	1.04609651516303	-2255.1539461654	289.913780285991	261.017472843197	-0.515440412203036	-1673.45105548392	-289.913780286974	-312.761249159839	-0.525531923794501
1.09099999999999	3106.70061123795	-103.447640934901	-45.2348655061892	1.00086164965684	-1677.16147311127	327.448210372936	313.043876734231	-0.202396535468804	-1429.53913812668	-224.000569438033	-257.667041858659	-0.783198965653159
1.09199999999999	1717.97256847695	-196.769106013966	-143.551897446367	0.857309752210471	-123.695727518345	332.929728162748	325.161310200213	0.122764774731409	-1594.2768409586	-136.160622148778	-180.072636011828	-0.963271601664988
1.09299999999999	637.845939988947	-270.829440025427	-234.353591217437	0.622956160993034	1760.2037591613	305.821764502182	306.688060944701	0.42945283567611	-2398.04969915025	-34.9923244767494	-84.6574761898217	-1.04792907785481
1.09399999999999	283.880162062042	-318.37910146753	-298.942231638522	0.324013929354512	3030.34742892198	248.777835746631	268.713981668576	0.698166817344686	-3314.22759098402	69.6012657209058	21.9727674949668	-1.02595631035984
1.09499999999999	326.787190455921	-334.763598180368	-329.731232587263	-0.0057173032327513	3244.75754266896	167.38179909109	209.211686196549	0.907378503541234	-3571.54473312488	167.381799089285	124.493794310315	-0.901462516049528
1.09599999999999	100.352696076077	-318.379101468174	-330.403687155482	-0.336120990388233	2621.5768186586	69.6012657229447	121.563257828735	1.02894176136997	-2721.92951473468	248.777835745236	205.443462081656	-0.696019053967872
1.09699999999999	-873.890959942956	-270.829440026652	-296.925276387503	-0.633046266775736	1921.84901795375	-34.9923244746765	15.909241924881	1.04485100329485	-1047.95805801079	305.821764501334	265.630928265385	-0.430388125702487
1.09799999999999	-2377.64036059331	-196.769106015652	-227.062911648058	-0.860109178423794	1722.56327269002	-136.160622146874	-86.9744800093614	0.957876523285489	655.077087903299	332.92972816253	311.609704672011	-0.118778421030476
1.09899999999999	-3635.93346848494	-103.447640936865	-138.642093486931	-0.998751271910725	2046.75265832075	-224.000569436499	-181.413212168808	0.77646331111668	1589.18081016419	327.448210373366	331.608237431595	0.212829816401119
1.09999999999999	-3929.48414486514	-1.10105702333385E-09	-47.3691500008346	-1.04612042191156	2256.18245096335	-289.913780285932	-261.062154385739	0.515401156730941	1673.30169390179	289.913780287033	312.669901071873	0.525499717472992
1.10099999999999	-3105.67657263721	103.447640934789	45.2539604340996	-1.00086646147746	1675.08509395757	-327.448210372912	-312.992093804713	0.202409062926228	1430.59147867965	224.000569438121	257.690509205274	0.783190226678266
1.10199999999999	-1716.18658901057	196.769106013871	143.549665349341	-0.857316796128118	120.889293433298	-332.929728162761	-325.152168629615	-0.122743105703387	1595.29729557727	136.160622148886	180.075707446788	0.963265934125054
1.10299999999999	-638.794919489835	270.829440025358	234.372380587533	-0.622944415540586	-1760.49227760793	-305.82176450223	-306.702402319184	-0.429445508022571	2399.28719709777	34.9923244768666	84.6568376383812	1.04792277176344
1.10399999999999	-280.67052136467	318.3791014675	298.873346936797	-0.324071068603788	-3035.61861736043	-248.777835746697	-268.721942821485	-0.698167450844056	3316.2891387251	-69.6012657208092	-22.0202956450501	1.02590247611839
1.10499999999999	-322.028955121539	334.763598180368	329.752783240951	0.00568171463716322	-3245.96816264808	-167.381799091192	-209.20317763575	-0.907370628479806	3567.99711776961	-167.381799089183	-124.423797402436	0.901478678715949
1.10599999999999	-95.4950778515694	318.379101468211	330.37894639706	0.336060661034224	-2624.00405626944	-69.6012657230597	-121.576524958157	-1.02894715343796	2719.49913412101	-248.777835745158	-205.4713170017	0.696007361714248
1.10699999999999	872.138329476772	270.82944002671	297.019392068128	0.633080053102351	-1922.40632642674	34.9923244745783	-15.868669658442	-1.04481582309641	1050.26799694996	-305.821764501294	-265.60957720122	0.430397784513028
1.10799999999999	2378.90512902963	196.769106015748	227.044140353072	0.860124193455423	-1722.39338332998	136.160622146767	86.9705130678161	-0.957845310028589	-656.511745699645	-332.929728162518	-311.585002677065	0.118812781835963
1.10899999999999	3637.60961742383	103.447640936977	138.615434701386	0.998739628156809	-2047.29452375146	224.000569436411	181.394562894539	-0.776450747134049	-1590.31509367237	-327.44821037339	-331.632949581898	-0.212820167745935
1.10999999999999	3926.48156604835	1.21882948178609E-09	47.3670690154848	1.04610669717229	-2253.12619309589	289.913780285873	261.00563314329	-0.51544511399076	-1673.35537295246	-289.913780287092	-312.70929877806	-0.525529466523995
1.11099999999999	3103.62291628503	-103.447640934677	-45.2266655822335	1.00088003159006	-1676.02171575624	327.448210372887	313.049782548717	-0.202395331442043	-1427.60120052879	-224.000569438208	-257.678558950991	-0.783208025474986
1.11199999999999	1716.58150804773	-196.769106013791	-143.565852001056	0.857314179589004	-124.24995780205	332.929728162771	325.168115312245	0.122772783870202	-1592.33155024567	-136.160622148976	-180.077580322062	-0.963285605797048
1.11299999999999	634.949390273075	-270.829440025289	-234.317748028616	0.622996431560388	1761.69171809561	305.821764502278	306.699772817665	0.429472556687867	-2396.64110836868	-34.9923244769837	-84.6296079934288	-1.04791521379048
1.11399999999999	274.93613269798	-318.379101467463	-298.926939336677	0.324069492223711	3036.9353787356	248.777835746776	268.6526665675	0.698125223255368	-3311.87151143358	69.6012657206939	21.9392964973346	-1.02597591729314
1.11499999999999	322.2449031734	-334.763598180368	-329.768588003542	-0.00569909577983069	3249.96368869092	167.381799091277	209.206139154361	0.907331362409729	-3572.20859186432	167.381799089097	124.501103939384	-0.901474813353759
1.11599999999999	97.4045800969452	-318.379101468247	-330.371490318955	-0.336070586098786	2624.71335966403	69.601265723175	121.615645196789	1.02894700760652	-2722.11793976098	248.777835745079	205.481422176572	-0.695993391177187
1.11699999999999	-873.298424974987	-270.82944002678	-296.97788237925	-0.633048468478036	1922.25294606301	-34.9923244744611	15.8959349296266	1.04484294253614	-1048.95452108803	305.821764501246	265.606214731381	-0.430387176445806
1.11799999999999	-2377.97565489171	-196.769106015843	-227.063704542235	-0.860112173020271	1724.44209032994	-136.160622146659	-86.9912795055124	0.957851663030633	653.533564561772	332.929728162506	311.607070101133	-0.118780106344673
1.11899999999999	-3638.91469925231	-103.447640937089	-138.612694088034	-0.998724867108305	2049.96889657956	-224.000569436324	-181.41147567343	0.776440187357203	1588.94580267275	327.448210373415	331.611692972255	0.212831586627582
1.11999999999999	-3930.57863832373	-1.31760913291146E-09	-47.3778839837439	-1.04610275109205	2258.11879411279	-289.913780285824	-261.052444333436	0.515387743023767	1672.45984421094	289.913780287141	312.676642141136	0.525508228768718
1.12099999999999	-3103.4927663498	103.447640934565	45.2509624198063	-1.00085178867224	1671.17393982155	-327.448210372863	-312.935328596577	0.202452414427191	1432.31882652825	224.000569438296	257.692147336298	0.783200376105015
1.12199999999999	-1717.63292537027	196.769106013695	143.553014517087	-0.857298774155155	121.068354510248	-332.929728162783	-325.197804851516	-0.122745390424326	1596.56457086002	136.160622149084	180.058030560467	0.963258406665483
1.12299999999999	-633.433123849518	270.829440025231	234.313193262252	-0.622985580892903	-1764.46034635379	-305.821764502318	-306.688948291798	-0.429434338716124	2397.89347020331	34.9923244770819	84.6598542163045	1.04791826088179
1.12399999999999	-278.815049865788	318.379101467427	298.93398835932	-0.324051592533584	-3037.65676956495	-248.777835746855	-268.693548449266	-0.69812788716539	3316.47181943074	-69.6012657205788	-21.9906813596331	1.02592757952215
1.12499999999999	-324.983332691765	334.763598180368	329.740503462734	0.00568891092915024	-3244.96456131329	-167.381799091379	-209.26630295553	-0.907394190120919	3569.94789400506	-167.381799088995	-124.479383126238	0.901448196395917
1.12599999999999	-98.6692786543579	318.379101468284	330.421076127985	0.336109987057136	-2619.90266470196	-69.6012657232902	-121.558377050666	-1.02895256717159	2718.57194335631	-248.777835745	-205.413572476612	0.696034623919305
1.12699999999999	871.038008105653	270.829440026849	296.995694024557	0.633105681081692	-1920.40593445511	34.992324474344	-15.867652143569	-1.04482021931515	1049.36792634946	-305.821764501198	-265.620569966285	0.43041405395302
1.12799999999999	2376.59240486542	196.769106015923	227.012648019176	0.860118329100868	-1721.66425306691	136.160622146569	86.9380327915221	-0.957882186523632	-654.928151798509	-332.929728162496	-311.641336316913	0.118772717636106
1.12899999999999	3638.94676635461	103.447640937201	138.64003705341	0.998758366154278	-2043.89585327198	224.000569436236	181.424374522265	-0.776457812001367	-1595.05091308263	-327.448210373439	-331.543321057225	-0.212770603421118
1.12999999999999	3928.60533279166	1.43538159136369E-09	47.3382601035358	1.04609662625781	-2255.15410220409	289.913780285765	261.017514242928	-0.51544029775844	-1673.45123058757	-289.9137802872	-312.761206031353	-0.525531809452471
1.13099999999999	3106.70026774571	-103.447640934471	-45.2349125632356	1.00086171369458	-1677.1610829468	327.448210372842	313.043821717953	-0.202396476040486	-1429.53918479891	-224.000569438369	-257.667094068802	-0.783198903521273
1.13199999999999	1717.97227366785	-196.7691060136	-143.551999903102	0.857309713791477	-123.695511618524	332.929728162796	325.161208909082	0.122764732868596	-1594.27676204932	-136.160622149191	-180.072739116627	-0.9632716426379
1.13299999999999	637.846091167381	-270.829440025161	-234.353661141549	0.622956052649928	1760.20338924727	305.821764502366	306.687997702576	0.429452730571172	-2398.04948041466	-34.992324477199	-84.6575442309496	-1.04792918686885
1.13399999999999	283.880267754719	-318.379101467391	-298.94221043541	0.324013842214518	3030.3475203769	248.777835746934	268.713999709664	0.698166730280836	-3314.22778813162	69.6012657204635	21.9727911478085	-1.02595639572104
1.13499999999999	326.787170450557	-334.763598180368	-329.731139570501	-0.00571729735598335	3244.7579410035	167.381799091481	209.211776323023	0.907378506603859	-3571.54511145405	167.381799088893	124.493887833139	-0.901462507887902
1.13599999999999	100.352532252639	-318.379101468314	-330.403599725145	-0.336120897081128	2621.57672786904	69.6012657233868	121.563347385561	1.02894185398942	-2721.92926012168	248.777835744934	205.443544469572	-0.69601896341833
1.13699999999999	-873.890969121459	-270.829440026918	-296.92526718811	-0.633046164269238	1921.8488642518	-34.9923244742269	15.9092525493554	1.04485110653878	-1047.95789513034	305.82176450115	265.630938928175	-0.430388024490155
1.13799999999999	-2377.6399019281	-196.769106016018	-227.062988618094	-0.860109152887333	1722.56323220711	-136.160622146461	-86.9745545393495	0.957876551999426	655.07666972099	332.929728162483	311.609634649865	-0.11877838984029
1.13899999999999	-3635.93351571681	-103.447640937295	-138.642186749704	-0.998751339637036	2046.75280789244	-224.000569436163	-181.413309868998	0.776463242130428	1589.18070782437	327.44821037346	331.60813905702	0.21282974921673
1.13999999999999	-3929.48444354189	-1.55318247152536E-09	-47.3691873391214	-1.04612052697616	2256.18257098769	-289.913780285706	-261.062193297038	0.515401048833389	1673.3018725542	289.913780287259	312.669860193102	0.525499609409833
1.14099999999999	-3105.67623930694	103.447640934359	45.254004656017	-1.00086652232014	1675.08472367651	-327.448210372818	-312.992042252847	0.202409006580543	1430.59151563043	224.000569438457	257.690558396578	0.783190167806411
1.14199999999999	-1716.18630578077	196.769106013505	143.549762391471	-0.85731675992867	120.889086017053	-332.929728162808	-325.15207269963	-0.122743066119087	1595.29721976372	136.160622149299	180.075805041457	0.963265972847868
1.14299999999998	-638.795062583799	270.829440025092	234.372446760678	-0.622944313167991	-1760.49192594052	-305.821764502414	-306.702342526274	-0.429445408645361	2399.28698852432	34.9923244773162	84.6569020063654	1.04792287485423
1.14399999999998	-280.670616908046	318.37910146736	298.873326954563	-0.324070986213429	-3035.61870268026	-248.777835747	-268.721959779413	-0.698167368424774	3316.2893195883	-69.6012657203669	-22.0203178870029	1.02590255696723
1.14499999999998	-322.028948110433	334.763598180368	329.752695354827	0.0056817091413981	-3245.96853710775	-167.381799091583	-209.203262903586	-0.90737063132836	3567.99748521819	-167.381799088791	-124.423885974014	0.901478670993216
1.14599999999998	-95.4949052939354	318.379101468351	330.378863602288	0.336060572743686	-2624.00397815622	-69.601265723502	-121.576609505564	-1.02894724083392	2719.49888345016	-248.777835744855	-205.471394708753	0.696007276284463
1.14699999999998	872.13831575734	270.829440026987	297.01938374165	0.633079956485335	-1922.40618284083	34.9923244741097	-15.8686796294099	-1.04481592046333	1050.26786708349	-305.821764501103	-265.609587395487	0.430397688888977
1.14799999999998	2378.90469262135	196.769106016113	227.044212978521	0.860124169463856	-1722.3933439565	136.160622146354	86.970583489599	-0.957845336973735	-656.511348664842	-332.929728162471	-311.58493635932	0.118812752529657
1.14899999999998	3637.60964242075	103.447640937425	138.615522737463	0.998739692201319	-2047.29464938884	224.000569436061	181.394654912781	-0.776450682060954	-1590.3149930319	-327.448210373488	-331.63285684287	-0.212820104313214
1.14999999999998	3926.48183758333	1.6709549299776E-09	47.3671042199076	1.04610679642123	-2253.12630148339	289.913780285647	261.005669949607	-0.515445012111347	-1673.35553609994	-289.913780287318	-312.709260190404	-0.525529364503617
1.15099999999998	3103.62260157098	-103.447640934247	-45.2267075084909	1.00088008891274	-1676.02136708461	327.448210372793	313.049733804307	-0.202395278307039	-1427.60123448637	-224.000569438545	-257.678605475421	-0.783207969979039
1.15199999999998	1716.58124182646	-196.769106013409	-143.565943640189	0.857314145272546	-124.249766091049	332.92972816282	325.168024752863	0.122772746445824	-1592.33147573541	-136.160622149407	-180.077672488798	-0.963285642467837
1.15299999999998	634.949529588585	-270.829440025023	-234.317810516277	0.622996334756269	1761.6913800515	305.821764502462	306.699716389191	0.429472462835015	-2396.64090964009	-34.9923244774333	-84.6296687498043	-1.04791531121764
1.15399999999998	274.93622519926	-318.379101467318	-298.926920281068	0.324069414475201	3036.93547791441	248.777835747091	268.6526825944	0.698125145429415	-3311.87170311367	69.6012657202331	21.9393178267775	-1.02597599339086
1.15499999999998	322.244894262737	-334.763598180368	-329.768505048708	-0.00569909057350652	3249.96404035311	167.381799091685	209.206219736522	0.907331365165937	-3572.20893461585	167.381799088689	124.501187352937	-0.901474806037927
1.15599999999998	97.4044165247779	-318.379101468393	-330.371412205139	-0.336070502778646	2624.71327453543	69.6012657236358	121.61572503976	1.0289470902057	-2722.11769106021	248.777835744764	205.481495442293	-0.695993310595634
1.15699999999998	-873.298414393976	-270.829440027056	-296.977874516145	-0.633048377294791	1922.25280440908	-34.9923244739926	15.8959443032676	1.04484303450897	-1048.9543900151	305.821764501055	265.606224364693	-0.430387086230941
1.15799999999998	-2377.97524591905	-196.769106016224	-227.063773117758	-0.860112150412549	1724.44205558742	-136.160622146229	-86.9913460603885	0.957851688448577	653.533190331637	332.929728162457	311.60700752403	-0.118780078706911
1.15899999999998	-3638.91471009083	-103.447640937537	-138.612777510175	-0.998724927922724	2049.96900857695	-224.000569435973	-181.411562691085	0.776440125757492	1588.94570151388	327.448210373513	331.611605259526	0.212831526552615
1.15999999999998	-3930.57890742121	-1.78874870471191E-09	-47.3779170321609	-1.04610284495488	2258.11890725768	-289.913780285588	-261.052479173052	0.515387646584439	1672.46000016353	289.913780287377	312.676605682251	0.525508132234866
1.16099999999998	-3103.49247242135	103.447640934117	45.2510020752737	-1.00085184287961	1671.17361649561	-327.448210372765	-312.935282417393	0.202452364167046	1432.31885592574	224.000569438646	257.692191421061	0.783200323655927
1.16199999999998	-1717.63269725951	196.769106013314	143.553101392727	-0.857298741486884	121.068186222918	-332.929728162833	-325.197719179341	-0.122745355012295	1596.56451103659	136.160622149514	180.058117711562	0.963258441367489
1.16299999999998	-633.433260588133	270.829440024954	234.313252104242	-0.622985489382642	-1764.46001819231	-305.82176450251	-306.688895040898	-0.429434250053193	2397.89327878044	34.9923244775505	84.6599116253849	1.04791835299287
1.16399999999998	-278.815131983965	318.379101467281	298.933970337024	-0.324051519045618	-3037.65685305809	-248.77783574717	-268.693563556252	-0.698127813609446	3316.47198504206	-69.6012657201179	-21.9907013820932	1.02592765161078
1.16499999999998	-324.983299317322	334.763598180368	329.740424829065	0.00568890578344778	-3244.96490907567	-167.381799091787	-209.266379045665	-0.90739419265511	3569.94820839299	-167.381799088587	-124.479462092713	0.901448189518067
1.16599999999998	-98.6691282474023	318.379101468429	330.421002482886	0.336109908266334	-2619.90259423919	-69.6012657237509	-121.558452543436	-1.02895264519855	2718.5717224866	-248.777835744685	-205.413641878382	0.696034547639686
1.16699999999998	871.03801235061	270.829440027126	296.995686346256	0.63310559461259	-1920.40580850274	34.9923244738754	-15.8676611373529	-1.0448203063359	1049.36779615213	-305.821764501007	-265.620579065096	0.43041396857459
1.16799999999998	2376.59202419599	196.769106016304	227.012712916722	0.860118307529312	-1721.66421429067	136.160622146139	86.9380956401199	-0.95788221069578	-654.927809905319	-332.929728162446	-311.641277098896	0.118772691475694
1.16899999999998	3638.94678254912	103.447640937649	138.640115973477	0.998758423502789	-2043.89596356121	224.000569435886	181.424456910533	-0.776457753785247	-1595.05081898792	-327.448210373537	-331.543238142481	-0.212770546666787
1.16999999999998	3928.60559444876	1.90651405773679E-09	47.3382913401793	1.04609671484297	-2255.15422677658	289.913780285529	261.01754727467	-0.515440206510577	-1673.45136767218	-289.913780287436	-312.761171638064	-0.525531718304851
1.17099999999998	3106.69999372814	-103.447640934023	-45.2349500587137	1.00086176478425	-1677.16077132937	327.448210372744	313.043777885555	-0.202396428625021	-1429.53922239878	-224.00056943872	-257.667135640883	-0.783198853945734
1.17199999999998	1717.97204111732	-196.769106013219	-143.552081613294	0.85730968317096	-123.695340284084	332.929728162845	325.16112815456	0.122764699529538	-1594.27670083324	-136.160622149622	-180.072821317069	-0.963271675262803
1.17299999999998	637.846210715789	-270.829440024885	-234.353716875163	0.622955966295797	1760.20309541423	305.821764502557	306.68794726184	0.429452646791378	-2398.04930613002	-34.9923244776676	-84.6575984955442	-1.04792927375835
1.17399999999998	283.880351553045	-318.379101467245	-298.942193553254	0.324013772742543	3030.34759357385	248.777835747249	268.714014078763	0.698166660870141	-3314.22794512689	69.6012657200027	21.9728099840057	-1.02595646377434
1.17499999999998	326.787152944672	-334.763598180368	-329.731065460413	-0.00571729271787011	3244.7582576828	167.381799091889	209.211848129144	0.907378508999286	-3571.54541062747	167.381799088485	124.493962323772	-0.90146250145057
1.17599999999998	100.352406437322	-318.37910146846	-330.40353002925	-0.336120822747121	2621.57665476104	69.6012657238476	121.563418818027	1.02894192781731	-2721.92906119836	248.777835744619	205.443610229708	-0.696018891220862
1.17699999999998	-873.890977224196	-270.829440027195	-296.925259761967	-0.633046082509087	1921.84874278643	-34.9923244737583	15.9092610648088	1.04485118888212	-1047.95776556224	305.821764500959	265.630947462298	-0.430387943758564
1.17799999999998	-2377.63953789619	-196.769106016399	-227.063049966238	-0.860109132475325	1722.56320063879	-136.160622146031	-86.9746139460681	0.957876574936053	655.076337257395	332.929728162434	311.609578826863	-0.118778364931701
1.17899999999998	-3635.93355619621	-103.447640937743	-138.642261102204	-0.998751393577529	2046.75292935642	-224.000569435812	-181.413387778143	0.77646318715791	1589.1806268398	327.448210373558	331.608060622343	0.212829695690643
1.17999999999998	-3929.48467786451	-2.02431493789845E-09	-47.369217188298	-1.04612061076583	2256.18266308333	-289.913780285471	-261.062224319099	0.515400962838811	1673.30201478118	289.913780287495	312.669827569659	0.525499523260302
1.18099999999998	-3105.67597260138	103.447640933911	45.2540398614256	-1.0008665709044	1675.0844281441	-327.44821037272	-312.992001241095	0.202408961597716	1430.59154445728	224.000569438807	257.690597549646	0.783190120809948
1.18199999999998	-1716.18608183668	196.769106013124	143.54983981466	-0.85731673108974	120.888921322887	-332.929728162857	-325.15199618796	-0.122743034590244	1595.29716051379	136.160622149729	180.075882874967	0.963266003684915
1.18299999999998	-638.795176067755	270.829440024815	234.372499525564	-0.622944231564177	-1760.49164624975	-305.821764502606	-306.702294823636	-0.429445329413879	2399.28682231751	34.9923244777847	84.6569533548371	1.04792295703975
1.18399999999998	-280.670692380327	318.379101467214	298.873311045696	-0.324070920518481	-3035.61877000935	-248.777835747315	-268.721973285072	-0.698167302698951	3316.28946238968	-69.6012657199061	-22.0203355865107	1.02590262145324
1.18499999999998	-322.028942959658	334.763598180368	329.752625330353	0.00568170481187258	-3245.96883377894	-167.381799091991	-209.20333085619	-0.907370633555141	3567.9977767386	-167.381799088383	-124.423956551298	0.901478664901943
1.18599999999998	-95.4947685603796	318.379101468496	330.378797561515	0.336060502373387	-2624.00391596816	-69.6012657239628	-121.576676934356	-1.0289473104895	2719.49868452854	-248.77783574454	-205.471456711266	0.696007208190677
1.18699999999998	872.138303177291	270.829440027253	297.019377068966	0.633079879442354	-1922.40606966151	34.9923244736601	-15.8686876109655	-1.04481599810046	1050.26776648422	-305.821764500919	-265.609595576899	0.430397612613778
1.18799999999998	2378.90434551457	196.769106016494	227.044270861286	0.86012415030364	-1722.39331316939	136.160622145923	86.9706396270103	-0.957845358473452	-656.511032345179	-332.929728162422	-311.584883469858	0.11881272914392
1.18899999999998	3637.6096624525	103.447640937855	138.6155929132	0.998739743216839	-2047.29474934485	224.000569435725	181.394728253506	-0.776450630219946	-1590.31491310765	-327.448210373582	-331.632782921511	-0.212820053777591
1.18999999999998	3926.48204923218	2.1420518692139E-09	47.3671323495177	1.04610687556636	-2253.12638402578	289.913780285411	261.005699298585	-0.515444930921361	-1673.3556652064	-289.913780287554	-312.709229405015	-0.525529283182606
1.19099999999998	3103.6223501943	-103.447640933799	-45.2267409082061	1.00088013465815	-1676.02108962434	327.448210372695	313.049695023387	-0.202395235897975	-1427.60126056997	-224.000569438895	-257.678642514758	-0.783207925697364
1.19199999999998	1716.58103127229	-196.769106013044	-143.56601674204	0.857314117916111	-124.249614037116	332.929728162867	325.167952528073	0.122772716630098	-1592.33141723517	-136.16062214982	-180.077745984916	-0.96328567168228
1.19299999999998	634.949640753665	-270.829440024746	-234.317860339659	0.622996257576452	1761.69111051872	305.821764502654	306.699671381798	0.429472388011896	-2396.64075127239	-34.9923244779019	-84.6297172081583	-1.04791538889044
1.19399999999998	274.9362991611	-318.379101467178	-298.926905090843	0.324069352485609	3036.93555866894	248.777835747394	268.652695359389	0.698125083371286	-3311.87185783004	69.6012657197909	21.9393348428429	-1.0259760540476
1.19499999999998	322.244887402742	-334.763598180368	-329.768438963438	-0.00569908647782887	3249.96431890243	167.381799092077	209.206283953189	0.907331367324475	-3572.20920630517	167.381799088298	124.501253781746	-0.901474800265849
1.19599999999998	97.4042822057559	-318.379101468533	-330.371349845236	-0.336070436323065	2624.71320697737	69.6012657240781	121.615788737216	1.02894715606169	-2722.11748918313	248.777835744461	205.481553894966	-0.695993246370883
1.19699999999998	-873.29840461537	-270.829440027322	-296.977868272345	-0.63304830459541	1922.25269218562	-34.992324473543	15.8959517820854	1.04484310784378	-1048.95428757025	305.821764500871	265.606232089481	-0.430387014281402
1.19799999999998	-2377.97492131638	-196.76910601659	-227.06382777097	-0.86011213236638	1724.44202824234	-136.160622145816	-86.9913991185456	0.95785170872523	653.532893074044	332.92972816241	311.6069576148	-0.118780056666603
1.19899999999998	-3638.91471725533	-103.447640937967	-138.612844035589	-0.998724976401969	2049.96909691936	-224.000569435637	-181.411632055383	0.776440076669847	1588.94562033598	327.448210373607	331.611535342874	0.212831478676271
1.19999999999998	-3930.57912121551	-2.24084573119399E-09	-47.3779433775721	-1.04610291977954	2258.11899601573	-289.913780285362	-261.052506946858	0.515387569722989	1672.46012519977	289.913780287603	312.676576605678	0.52550805528195
1.20099999999998	-3103.49223724579	103.447640933687	45.2510336317382	-1.0008518861478	1671.17335928802	-327.448210372671	-312.93524567158	0.202452324051409	1432.31887795777	224.000569438982	257.692226523751	0.783200281805701
1.20199999999998	-1717.63251936464	196.769106012948	143.55317072921	-0.857298715418593	121.068054559117	-332.92972816288	-325.197650847308	-0.122745326795898	1596.56446480552	136.160622149927	180.058187217382	0.963258469023083
1.20299999999998	-633.433370751661	270.829440024688	234.313299002155	-0.622985416416437	-1764.45975487628	-305.821764502694	-306.688852579011	-0.429434179374909	2397.89312562794	34.992324478	84.6599574109066	1.04791842643399
1.20399999999998	-278.815196722563	318.379101467142	298.933955970024	-0.324051460446413	-3037.65691987595	-248.777835747473	-268.693575574701	-0.698127754949609	3316.47211659852	-69.6012657196757	-21.9907173317251	1.02592770910226
1.20499999999998	-324.98326901016	334.763598180368	329.740362150774	0.00568890170436098	-3244.96518750548	-167.381799092179	-209.266439669668	-0.907394194619278	3569.94845651564	-167.381799088196	-124.479525002128	0.901448184100137
1.20599999999998	-98.669010005469	318.379101468569	330.420943779037	0.336109845483398	-2619.90253807321	-69.6012657241932	-121.558512762016	-1.02895270738129	2718.57154807868	-248.777835744382	-205.413697260525	0.696034486839612
1.20699999999998	871.038016181868	270.829440027391	296.995680155186	0.633105525638584	-1920.405709661	34.9923244734258	-15.8676683533951	-1.04482037573469	1049.36769347913	-305.821764500823	-265.620586372268	0.430413900467344
1.20799999999998	2376.59172300222	196.76910601667	227.012764644265	0.860118290282849	-1721.66418320586	136.160622145725	86.9381457356068	-0.957882229999082	-654.927539796367	-332.929728162399	-311.64122986326	0.118772670604084
1.20899999999998	3638.94679503564	103.447640938079	138.640178928093	0.998758469210942	-2043.89605111951	224.00056943555	181.424522611499	-0.776457707387582	-1595.05074391613	-327.448210373631	-331.543172036116	-0.212770501432032
1.20999999999998	3928.60580115378	2.35861108421886E-09	47.3383162772394	1.04609678548818	-2255.15432638823	289.913780285303	261.017573636966	-0.515440133750617	-1673.45147476554	-289.913780287662	-312.761144208921	-0.525531645640953
1.21099999999998	3106.69977534296	-103.447640933575	-45.2349799376026	1.00086180555058	-1677.16052273929	327.448210372646	313.04374296397	-0.202396390786646	-1429.53925260366	-224.00056943907	-257.66716874231	-0.783198814383263
1.21199999999998	1717.97185774867	-196.769106012853	-143.552146784923	0.857309658765656	-123.6952043066	332.929728162892	325.161063763008	0.122764672976361	-1594.27665344207	-136.160622150035	-180.072886858508	-0.963271701241771
1.21299999999998	637.846305142924	-270.829440024619	-234.353761299939	0.622955897465716	1760.20286225594	305.821764502742	306.687907026925	0.429452580003286	-2398.04916739886	-34.9923244781172	-84.6576417752706	-1.04792934301704
1.21399999999998	283.880418131265	-318.379101467105	-298.942180113443	0.324013717352273	3030.34765214239	248.777835747551	268.71402552448	0.698166605527767	-3314.22807027366	69.6012657195604	21.9728249840376	-1.025956518033
1.21499999999998	326.787137651919	-334.763598180368	-329.731006412541	-0.00571728906026745	3244.758508755	167.381799092281	209.211905343419	0.907378510871186	-3571.54564640692	167.381799088094	124.494021649227	-0.901462496383777
1.21599999999998	100.352310508348	-318.379101468605	-330.403474466882	-0.33612076352715	2621.57659567271	69.6012657243084	121.563475799273	1.02894198667046	-2721.92890618106	248.777835744303	205.443662732943	-0.696018833650833
1.21699999999998	-873.890984372844	-270.829440027461	-296.925253757821	-0.633046017284971	1921.84864702858	-34.9923244733087	15.9092678933366	1.0448512545638	-1047.95766265574	305.821764500775	265.63095429807	-0.430387879352763
1.21799999999998	-2377.63924864225	-196.76910601678	-227.063098870731	-0.860109116155701	1722.56317595466	-136.1606221456	-86.9746613013127	0.957876593262483	655.076072687594	332.929728162385	311.609534319421	-0.118778345033342
1.21899999999998	-3635.93359095104	-103.447640938191	-138.642320380124	-0.998751436535826	2046.75302794395	-224.000569435462	-181.413449910687	0.776463143351796	1589.18056300709	327.448210373656	331.607998077581	0.212829653044239
1.21999999999998	-3929.48486116645	-2.49544740427154E-09	-47.3692410609712	-1.0461206775968	2256.18273303899	-289.913780285235	-261.062249053533	0.515400894298263	1673.30212812746	289.91378028773	312.669801529215	0.525499454573453
1.22099999999998	-3105.67575905417	103.447640933463	45.254067886521	-1.00086660971028	1675.08419234151	-327.448210372622	-312.99196862299	0.202408925675272	1430.59156671266	224.000569439157	257.690628710939	0.783190083284393
1.22199999999998	-1716.18590456744	196.769106012758	143.549901596439	-0.857316708113837	120.888790365218	-332.929728162904	-325.151935150523	-0.122743009475251	1595.29711420222	136.160622150143	180.075944959061	0.963266028243454
1.22299999999998	-638.795265798375	270.829440024538	234.372541603566	-0.622944166510271	-1760.49142421597	-305.821764502797	-306.70225676003	-0.429445266235281	2399.28669001435	34.9923244782533	84.6569943210988	1.04792302256455
1.22399999999998	-280.670751994084	318.379101467069	298.873298381444	-0.324070868128827	-3035.61882305586	-248.77783574763	-268.721984044469	-0.69816725027975	3316.28957504995	-69.6012657194453	-22.0203496698967	1.02590267289466
1.22499999999998	-322.028939235567	334.763598180368	329.752569535567	0.00568170140673932	-3245.96906815304	-167.381799092399	-209.203385015697	-0.907370635295447	3567.99800738861	-167.381799087975	-124.424012788379	0.901478660106277
1.22599999999998	-95.4946599393196	318.379101468642	330.378744873682	0.336060446280421	-2624.00386653554	-69.6012657244237	-121.576730714705	-1.02894736601015	2719.49852647486	-248.777835744225	-205.471506194382	0.696007153911894
1.22699999999998	872.138291839987	270.82944002753	297.019371719212	0.633079817999634	-1922.40598086193	34.9923244731915	-15.868694001997	-1.04481606001215	1050.26768902194	-305.821764500727	-265.609602150793	0.430397551761102
1.22799999999998	2378.90406916987	196.769106016876	227.04431700243	0.860124135002064	-1722.39328919808	136.160622145493	86.9706843821594	-0.957845375629989	-656.510779971787	-332.929728162372	-311.584841283031	0.11881271047807
1.22899999999998	3637.60967853454	103.447640938303	138.615648851714	0.998739783853778	-2047.29482866426	224.000569435375	181.394786707405	-0.776450588922584	-1590.31484987028	-327.44821037368	-331.632723994153	-0.212820013516083
1.22999999999998	3926.48221364503	2.61320565186907E-09	47.3671548345348	1.04610693868831	-2253.12644629202	289.913780285176	261.005722704511	-0.515444866218074	-1673.35576735301	-289.913780287789	-312.709204840751	-0.525529218356834
1.23099999999998	3103.62214952877	-103.447640933351	-45.2267675164031	1.00088017117191	-1676.02086917787	327.448210372597	313.04966417743	-0.202395202040644	-1427.6012803509	-224.000569439245	-257.67867200137	-0.783207890358204
1.23199999999998	1716.58086475073	-196.769106012663	-143.56607506599	0.857314096105919	-124.249493445537	332.929728162917	325.167894913342	0.122772692872699	-1592.3313713052	-136.16062215025	-180.077804601709	-0.963285694959913
1.23299999999998	634.949729448052	-270.829440024469	-234.317900069	0.622996196036919	1761.69089576165	305.821764502845	306.699635479187	0.429472328351885	-2396.6406252097	-34.9923244783704	-84.6297558605095	-1.04791545082042
1.23399999999997	274.936358545407	-318.379101467033	-298.926892980665	0.324069303056254	3036.93562453853	248.777835747709	268.652705529267	0.698125033881153	-3311.87198308394	69.60126571933	21.9393484224257	-1.025976102398
1.23499999999997	322.244882236675	-334.763598180368	-329.768386317374	-0.00569908326112002	3249.96453890549	167.381799092485	209.206335132157	0.90733136901331	-3572.20942114217	167.38179908789	124.501306677235	-0.901474795720761
1.23599999999997	97.4041744484617	-318.379101468678	-330.371300089611	-0.336070383350731	2624.71315208113	69.6012657245389	121.615839546912	1.02894720856022	-2722.11732652959	248.777835744146	205.481600528717	-0.695993195192045
1.23699999999997	-873.298395829149	-270.829440027599	-296.977863274751	-0.633048246625481	1922.25260357394	-34.9923244730744	15.895957763068	1.04484316632329	-1048.95420774479	305.821764500679	265.606238301664	-0.43038695689038
1.23799999999997	-2377.9746635586	-196.769106016971	-227.063871335811	-0.860112117961293	1724.4420067333	-136.160622145385	-86.9914414212404	0.957851724902049	653.532656825305	332.92972816236	311.606917802535	-0.118780039087845
1.23899999999997	-3638.91472154677	-103.447640938415	-138.61289709107	-0.998725015052363	2049.96916630992	-224.000569435287	-181.411687349217	0.776440037552832	1588.94555523685	327.448210373705	331.611479606964	0.212831440519119
1.23999999999997	-3930.57928627533	-2.71198530299444E-09	-47.3779644486112	-1.04610297950097	2258.11906284352	-289.913780285127	-261.052529109457	0.515387508443375	1672.46022343182	289.913780287839	312.676553391928	0.525507993911048
1.24099999999997	-3103.4920494389	103.447640933239	45.2510588092472	-1.00085192069173	1671.17315515107	-327.448210372573	-312.935216419114	0.202452292024261	1432.31889428782	224.000569439332	257.692254496216	0.783200248407264
1.24199999999997	-1717.63238127431	196.769106012567	143.55322608024	-0.857298694611487	121.067951893181	-332.929728162929	-325.197596333609	-0.122745304309348	1596.56442938113	136.160622150358	180.058242659304	0.963258491066568
1.24299999999997	-633.433459810271	270.829440024411	234.313336380748	-0.622985358230739	-1764.459543464	-305.821764502885	-306.688818717416	-0.429434123026764	2397.89300327427	34.9923244784686	84.6599939285999	1.04791848499517
1.24399999999997	-278.815247932921	318.379101466996	298.933944515793	-0.324051413714947	-3037.65697340283	-248.777835747788	-268.693585135183	-0.698127708161947	3316.47222133576	-69.6012657192148	-21.9907300377631	1.0259277549574
1.24499999999997	-324.983241541546	334.763598180368	329.740312185941	0.00568889847099438	-3244.96541027898	-167.381799092587	-209.266487973437	-0.907394196135383	3569.94865182053	-167.381799087788	-124.479575115576	0.901448179841828
1.24599999999997	-98.6689172634922	318.379101468715	330.420896982178	0.336109795453173	-2619.90249327023	-69.601265724654	-121.558560802642	-1.02895275693803	2718.57141053372	-248.777835744067	-205.413741465727	0.696034438376101
1.24699999999997	871.038019538427	270.829440027669	296.995675156536	0.633105470609709	-1920.40563245726	34.9923244729573	-15.8676741469441	-1.04482043108497	1049.36761291883	-305.821764500631	-265.620592248448	0.430413846127654
1.24799999999997	2376.59148464838	196.769106017051	227.01280587902	0.860118276488729	-1721.66415818193	136.160622145295	86.9381856673953	-0.957882245417574	-654.92732646645	-332.92972816235	-311.641192178153	0.1187726539495
1.24899999999997	3638.9468045078	103.447640938527	138.640229153749	0.998758505642478	-2043.8961204114	224.0005694352	181.424575010186	-0.776457670407388	-1595.0506840964	-327.448210373729	-331.543119324563	-0.212770465375062
1.24999999999997	3928.60596423519	2.8297364451646E-09	47.3383361900712	1.04609684183255	-2255.15440611214	289.913780285068	261.017594682704	-0.515440075724683	-1673.45155812305	-289.913780287897	-312.76112233163	-0.525531587706692
1.25099999999997	3106.69960131129	-103.447640933145	-45.2350037483826	1.00086183808417	-1677.16032448821	327.448210372552	313.043715141628	-0.202396360583056	-1429.53927682309	-224.000569439406	-257.667195097641	-0.783198782804333
1.25199999999997	1717.97171317401	-196.769106012472	-143.552198772693	0.857309639311474	-123.695096249039	332.929728162941	325.161012410133	0.122764651827077	-1594.27661692498	-136.160622150465	-180.072939123348	-0.963271721927681
1.25299999999997	637.84637947	-270.829440024342	-234.35379671166	0.622955842599814	1760.20267762335	305.821764502933	306.687874928448	0.429452526755525	-2398.04905709335	-34.9923244785858	-84.6576762966922	-1.04792939822437
1.25399999999997	283.880470958236	-318.37910146696	-298.942169415803	0.32401367318401	3030.34769920367	248.777835747867	268.714034641984	0.698166561397508	-3314.2281701619	69.6012657190996	21.9728369286383	-1.02595656129574
1.25499999999997	326.787124185419	-334.763598180368	-329.730959365148	-0.00571728618113763	3244.75870741639	167.381799092689	209.211950934469	0.907378512331977	-3571.54583160181	167.381799087686	124.494068891502	-0.901462492404233
1.25599999999997	100.352237963627	-318.379101468745	-330.403430168815	-0.336120716349952	2621.57654790768	69.6012657247508	121.563521257924	1.0289420335899	-2721.92878587131	248.777835744001	205.443704665716	-0.696018787738517
1.25699999999997	-873.890990869632	-270.829440027738	-296.92524889323	-0.633045965243183	1921.84857189845	-34.9923244728401	15.9092733731141	1.04485130696301	-1047.95758102882	305.821764500583	265.630959778025	-0.430387827960492
1.25799999999997	-2377.63901883059	-196.769106017146	-227.063137861044	-0.860109103104227	1722.56315679222	-136.160622145188	-86.9746990525286	0.957876607910486	655.075862038371	332.929728162337	311.609498829895	-0.118778329130597
1.25899999999997	-3635.93362113464	-103.447640938621	-138.642367641147	-0.998751470745373	2046.75310810691	-224.000569435126	-181.413499466271	0.776463108444216	1589.18051302773	327.44821037375	331.607948196178	0.212829619065581
1.25999999999997	-3929.48500426693	-2.94755153618098E-09	-47.3692601640289	-1.0461207309094	2256.18278562375	-289.913780285009	-261.062268776517	0.515400839667699	1673.30221864318	289.913780287956	312.669780738551	0.525499399804132
1.26099999999997	-3105.67558813879	103.447640933033	45.2540901927154	-1.00086664071669	1675.08400436667	-327.448210372528	-312.991942689496	0.202408896978202	1430.59158377212	224.000569439493	257.690653508581	0.783190053312713
1.26199999999997	-1716.18576435835	196.769106012377	143.549950907642	-0.857316689809045	120.888686208557	-332.929728162954	-325.151886445877	-0.122742989467675	1595.29707814979	136.160622150573	180.075994489671	0.963266047802384
1.26299999999997	-638.795336509788	270.829440024273	234.372575159305	-0.622944114649739	-1760.49124843792	-305.821764502981	-306.702226382351	-0.429445215850026	2399.28658494771	34.9923244787029	84.6570270058344	1.04792307480822
1.26399999999997	-280.670799166802	318.379101466929	298.873288304754	-0.324070826344986	-3035.61886473789	-248.777835747933	-268.721992617138	-0.698167208467164	3316.28966390469	-69.601265719003	-22.0203608716474	1.02590271393657
1.26499999999997	-322.028936708123	334.763598180368	329.752525077949	0.00568169873296388	-3245.96925274198	-167.381799092791	-209.203428186189	-0.907370636653353	3567.9981894501	-167.381799087584	-124.424057597472	0.901478656339099
1.26599999999997	-95.4945736157881	318.379101468781	330.378702829712	0.336060401562675	-2624.00382727879	-69.6012657248659	-121.576773613655	-1.02894741026701	2719.49840089457	-248.777835743922	-205.471545696692	0.696007110642407
1.26699999999997	872.138281651817	270.829440027796	297.01936742664	0.633079768989316	-1922.40591155251	34.9923244727419	-15.8686991218335	-1.04481610938884	1050.26762990069	-305.821764500543	-265.609607440266	0.430397503202141
1.26799999999997	2378.90384891023	196.769106017241	227.044353790566	0.860124122779882	-1722.39327061329	136.16062214508	86.9707200669805	-0.957845389321861	-656.51057829694	-332.929728162325	-311.584807626622	0.11881269557552
1.26899999999997	3637.6096913973	103.447640938733	138.615693441891	0.998739816221773	-2047.29489139422	224.000569435039	181.394833296079	-0.776450556025783	-1590.31480000308	-327.448210373774	-331.632677014654	-0.212819981439135
1.26999999999997	3926.48234072193	3.06533110006058E-09	47.3671728157602	1.04610698903753	-2253.12649260483	289.91378028495	261.005741373637	-0.515444814652146	-1673.3558481171	-289.913780288015	-312.709185236929	-0.525529166676064
1.27099999999997	3103.62198938216	-103.447640932921	-45.2267887144802	1.00088020032305	-1676.02069425657	327.448210372503	313.049639650959	-0.202395175001187	-1427.60129512559	-224.000569439581	-257.678695472954	-0.783207862149018
1.27199999999997	1716.58073305282	-196.769106012297	-143.566121608934	0.857314078714119	-124.249397773263	332.929728162964	325.167848941858	0.122772673940671	-1592.33133527955	-136.160622150663	-180.077851359915	-0.963285713508934
1.27299999999997	634.949800113074	-270.829440024203	-234.317931752469	0.62299614696165	1761.69072485161	305.821764503029	306.699606834637	0.429472280775308	-2396.64052496469	-34.99232447882	-84.6297866943375	-1.04791550020327
1.27399999999997	274.936406318171	-318.379101466893	-298.926883324781	0.324069263636869	3036.93567848584	248.777835748012	268.652713633726	0.698124994409034	-3311.87208480401	69.6012657188878	21.9393592636938	-1.02597614093958
1.27499999999997	322.244878326904	-334.763598180368	-329.768344378298	-0.00569908074142875	3249.96471226463	167.381799092876	209.20637592297	0.907331370332004	-3572.20959059153	167.381799087498	124.501348789918	-0.90147479214966
1.27599999999997	97.4040876707403	-318.379101468818	-330.371260380701	-0.33607034112213	2624.7131074089	69.6012657249811	121.615880082469	1.02894725041447	-2722.11719507964	248.777835743843	205.4816377411	-0.695993154408559
1.27699999999997	-873.298388001593	-270.829440027865	-296.977859273581	-0.633048200395711	1922.25253385474	-34.9923244726248	15.89596254742	1.04484321296189	-1048.95414585315	305.821764500495	265.606243304899	-0.43038691110366
1.27799999999997	-2377.97445892637	-196.769106017337	-227.063906065673	-0.860112106461384	1724.44198985429	-136.160622144972	-86.9914751516679	0.957851737810225	653.532469072083	332.929728162313	311.606886038589	-0.118780025065071
1.27899999999997	-3638.91472369547	-103.447640938845	-138.612939409089	-0.998725045870474	2049.96922057228	-224.000569434951	-181.411731428925	0.7764400063813	1588.94550312318	327.448210373799	331.61143517113	0.212831410106059
1.27999999999997	-3930.57941789769	-3.18309645308545E-09	-47.3779812397446	-1.04610302711022	2258.1191150826	-289.913780284891	-261.052546778521	0.515387459602778	1672.46030281509	289.913780288074	312.676534875992	0.525507944982051
1.28099999999997	-3103.49189918354	103.447640932809	45.251078831394	-1.00085194827882	1671.17299327143	-327.448210372479	-312.935193156666	0.202452266446112	1432.31890591211	224.000569439668	257.69227676654	0.783200221748591
1.28199999999997	-1717.63227438407	196.769106012186	143.553270281196	-0.857298677997628	121.06787208168	-332.929728162978	-325.197552833105	-0.122745286386992	1596.56440230239	136.160622150788	180.058286891617	0.963258508640209
1.28299999999997	-633.43353185441	270.829440024134	234.313366173215	-0.622985311824413	-1764.45937359438	-305.821764503077	-306.688791711897	-0.42943407809889	2397.89290544879	34.9923244789372	84.6600230570491	1.04791853169726
1.28399999999997	-278.815288366224	318.379101466856	298.933935382641	-0.324051376441772	-3037.65701633403	-248.777835748091	-268.693592739416	-0.698127670838306	3316.47230470026	-69.6012657187726	-21.9907401604766	1.02592779153678
1.28499999999997	-324.983216474552	334.763598180368	329.74027235185	0.00568889591007851	-3244.9655884257	-167.381799092995	-209.26652646254	-0.907394197300846	3569.94880490026	-167.38179908738	-124.479615032561	0.90144817650422
1.28599999999997	-98.6688445860345	318.379101468854	330.420859674803	0.336109755584881	-2619.90245748192	-69.6012657250962	-121.558599133802	-1.02895279643465	2718.57130206795	-248.777835743764	-205.413776759496	0.696034399744724
1.28699999999997	871.03802246374	270.829440027934	296.995671114349	0.63310542669923	-1920.40557242885	34.9923244725076	-15.8676788027989	-1.04482047523745	1049.36754996511	-305.821764500447	-265.620596981758	0.430413802762966
1.28799999999997	2376.59129611487	196.769106017432	227.012838753227	0.860118265452458	-1721.66413798306	136.160622144865	86.9382174999222	-0.957882257737525	-654.927158131806	-332.929728162301	-311.641162105873	0.118772640657093
1.28899999999997	3638.94681158692	103.447640938975	138.640269230668	0.998758534683126	-2043.89617508043	224.00056943485	181.424616804652	-0.776457640932872	-1595.05063650649	-327.448210373827	-331.543077288541	-0.212770436631448
1.28999999999997	3928.60609270907	3.30091154410184E-09	47.338352095989	1.04609688677911	-2255.15447002321	289.913780284832	261.01761149027	-0.515440029442602	-1673.45162268586	-289.913780288133	-312.761104880343	-0.52553154151179
1.29099999999997	3106.69946266618	-103.447640932697	-45.2350227248566	1.00086186405426	-1677.16016642699	327.448210372455	313.043692974897	-0.202396336467705	-1429.53929623919	-224.000569439756	-257.667216080034	-0.783198757591825
1.29199999999997	1717.97159930127	-196.769106012106	-143.552240250855	0.857309623803403	-123.69501038623	332.929728162988	325.160971448673	0.122764634980968	-1594.27658891504	-136.160622150878	-180.072980807179	-0.963271738399003
1.29299999999997	637.846437890723	-270.829440024065	-234.353824940384	0.622955798863019	1760.20253155632	305.821764503125	306.687849317507	0.429452484298475	-2398.04896944704	-34.9923244790543	-84.6577038349973	-1.047929442234
1.29399999999997	283.880512917787	-318.379101466814	-298.942160902392	0.324013637960627	3030.34773701118	248.777835748182	268.714041904964	0.698166526203439	-3314.22824992897	69.6012657186388	21.9728464392408	-1.02595659579476
1.29499999999997	326.787112321029	-334.763598180368	-329.730921878905	-0.00571728391827808	3244.75886412016	167.381799093097	209.211987266162	0.907378513469601	-3571.54597644119	167.381799087278	124.494106506841	-0.901462489287919
1.29599999999997	100.352183855943	-318.37910146889	-330.403394849081	-0.336120678767359	2621.57650910558	69.6012657252115	121.563557529412	1.02894207099901	-2721.92869296152	248.777835743686	205.44373816936	-0.696018751118559
1.29699999999997	-873.890996712052	-270.829440028003	-296.925244942683	-0.633045923710042	1921.84851311692	-34.9923244723905	15.9092777745733	1.04485134877359	-1047.95751640487	305.821764500399	265.630964175647	-0.430387786942912
1.29799999999997	-2377.63883614248	-196.769106017543	-227.063168950415	-0.860109092660457	1722.5631418447	-136.16062214474	-86.9747291484984	0.957876619625088	655.075694297781	332.929728162286	311.609470528003	-0.118778316414909
1.29899999999997	-3635.93364740481	-103.447640939087	-138.642405325174	-0.998751497985632	2046.7531733606	-224.000569434762	-181.413538997851	0.776463080627237	1589.18047404421	327.448210373852	331.607908407162	0.212829591992254
1.29999999999997	-3929.48511545481	-3.41866979169936E-09	-47.3692754603086	-1.04612077344594	2256.18282450275	-289.913780284773	-261.062284504914	0.515400796122322	1673.30229095206	289.913780288192	312.669764134555	0.525499356126808
1.30099999999997	-3105.67545118761	103.447640932585	45.2541079444384	-1.0008666655015	1675.0838545325	-327.44821037243	-312.99192207852	0.202408874043802	1430.59159665511	224.000569439843	257.690673238963	0.783190029365772
1.30199999999997	-1716.18565342206	196.769106012011	143.549990276081	-0.857316675225421	120.888603326609	-332.929728163001	-325.15184757173	-0.122742973527928	1595.29705009545	136.160622150986	180.076034014196	0.963266063379967
1.30299999999997	-638.795392022593	270.829440024007	234.372601921957	-0.622944073303465	-1760.49110955643	-305.821764503165	-306.702202132905	-0.429445175660833	2399.28650157902	34.9923244791526	84.6570530869712	1.04792311646694
1.30399999999997	-280.670836493185	318.379101466778	298.873280288937	-0.324070793014528	-3035.61889735088	-248.777835748261	-268.721999449379	-0.698167175110212	3316.28973384407	-69.6012657185236	-22.0203697792538	1.02590274668768
1.30499999999997	-322.028935111528	334.763598180368	329.752489653099	0.00568169663857082	-3245.96939757922	-167.381799093199	-209.203462601207	-0.907370637711419	3567.99833269075	-167.381799087176	-124.424093299866	0.901478653387819
1.30599999999997	-95.4945049090598	318.379101468927	330.378669270362	0.336060365908933	-2624.00379611772	-69.6012657253267	-121.576807837437	-1.02894744554886	2719.49830102678	-248.777835743607	-205.471577241408	0.696007076146411
1.30699999999997	872.138272558362	270.829440028073	297.019363979198	0.633079729888131	-1922.40585776262	34.9923244722734	-15.8687032258085	-1.04481614877466	1050.26758520426	-305.821764500352	-265.609611703012	0.430397464443398
1.30799999999997	2378.90367317195	196.769106017607	227.044383127999	0.86012411301613	-1722.39325630665	136.160622144667	86.970748524009	-0.957845400250655	-656.510416865302	-332.929728162278	-311.584780769939	0.118812683673459
1.30899999999997	3637.60970167992	103.447640939199	138.615728986557	0.998739842002687	-2047.29494086699	224.000569434675	181.3948704281	-0.776450529822554	-1590.31476081294	-327.448210373876	-331.632639556331	-0.212819955882871
1.30999999999997	3926.48243833693	3.53645646100631E-09	47.3671872033478	1.04610702920603	-2253.12652645975	289.913780284714	261.005756267361	-0.515444773555194	-1673.35591187718	-289.913780288251	-312.709169588565	-0.525529125471436
1.31099999999997	3103.6218615668	-103.447640932473	-45.2268056024374	1.0008802236036	-1676.02055568706	327.448210372405	313.049620156616	-0.202395153398577	-1427.60130587974	-224.000569439931	-257.678714154359	-0.783207839625796
1.31199999999997	1716.58062897472	-196.769106011916	-143.566158759959	0.857314064843638	-124.249321921445	332.929728163013	325.167812250605	0.122772658852027	-1592.33130705327	-136.160622151094	-180.077888666054	-0.963285728291849
1.31299999999997	634.94985642559	-270.829440023938	-234.317957022725	0.622996107820913	1761.69058889617	305.821764503213	306.699583976517	0.429472242828544	-2396.64044532176	-34.9923244792697	-84.629811294603	-1.04791553958645
1.31399999999997	274.936444910642	-318.379101466741	-298.926875624446	0.324069232196467	3036.93572274437	248.77783574834	268.652720094271	0.698124962922815	-3311.87216765501	69.6012657184084	21.9393679224775	-1.02597617166397
1.31499999999997	322.244875474246	-334.763598180368	-329.768310969773	-0.00569907877330542	3249.96484840816	167.381799093301	209.206408436369	0.907331371359185	-3572.20972388241	167.381799087074	124.501382312299	-0.901474789351676
1.31599999999997	97.4040175664132	-318.379101468963	-330.37122868031	-0.336070307453615	2624.71307091338	69.6012657254419	121.615912427158	1.02894728378634	-2722.11708847979	248.777835743528	205.48166744246	-0.695993121909216
1.31699999999997	-873.298380970351	-270.829440028142	-296.977856069336	-0.633048163522951	1922.25247915508	-34.9923244721562	15.8959663758735	1.04484325016222	-1048.95409818473	305.821764500304	265.606247341558	-0.430386874567658
1.31799999999997	-2377.97429641143	-196.769106017702	-227.06393375662	-0.860112097279571	1724.44197660873	-136.160622144559	-86.9915020506357	0.957851748111581	653.532319802705	332.929728162266	311.606860689868	-0.11878001387779
1.31899999999997	-3638.91472415178	-103.447640939275	-138.612973167338	-0.998725070446909	2049.9692627723	-224.000569434615	-181.411766570724	0.776439981540856	1588.94546137949	327.448210373893	331.611399740819	0.212831385863029
1.31999999999997	-3930.57951806454	-3.6542360248859E-09	-47.3779946888039	-1.04610306513571	2258.11915315985	-289.913780284655	-261.05256088597	0.515387420654886	1672.46036490469	289.91378028831	312.676520082867	0.525507905945896
1.32099999999997	-3103.49177923191	103.44764093236	45.2510948188274	-1.00085197031689	1671.17286525988	-327.448210372381	-312.93517464387	0.202452246011016	1432.31891397203	224.000569440018	257.692294518311	0.783200200464207
1.32199999999997	-1717.63219226123	196.76910601182	143.553305590317	-0.857298664726569	121.067810354289	-332.929728163025	-325.197518110261	-0.122745272099245	1596.56438190694	136.160622151201	180.058322188621	0.963258522652828
1.32299999999997	-633.433590418668	270.829440023868	234.313389919417	-0.622985274807152	-1764.45923693717	-305.821764503261	-306.688770172076	-0.429434042271322	2397.89282735584	34.9923244793868	84.6600462939704	1.0479185689468
1.32399999999996	-278.815320383028	318.379101466717	298.933928098527	-0.324051346708625	-3037.65705084072	-248.777835748393	-268.693598786545	-0.698127641057867	3316.47237122375	-69.6012657183304	-21.990748225895	1.0259278207209
1.32499999999996	-324.983193580461	334.763598180368	329.740240590854	0.00568889388222878	-3244.96573087242	-167.381799093403	-209.266557132118	-0.907394198189985	3569.94892445288	-167.381799086972	-124.479646824387	0.901448173896517
1.32599999999996	-98.6687878510985	318.379101469	330.420829930331	0.336109723812559	-2619.90242886162	-69.6012657255571	-121.55862972405	-1.02895282791404	2718.57121671272	-248.777835743449	-205.413804947903	0.696034368948613
1.32699999999996	871.03802495994	270.829440028211	296.995667839514	0.633105391652073	-1920.40552602815	34.9923244720391	-15.8676825480626	-1.0448205104621	1049.36750106821	-305.821764500256	-265.620600800606	0.430413768148008
1.32799999999996	2376.5911470846	196.769106017798	227.012864964723	0.860118256616796	-1721.66412158297	136.160622144452	86.9382428772157	-0.957882267584882	-654.92702550163	-332.929728162253	-311.641138102092	0.118772630045916
1.32899999999996	3638.94681677728	103.447640939387	138.640301216415	0.998758557833211	-2043.89621806107	224.000569434528	181.424650146305	-0.776457617438577	-1595.05059871621	-327.448210373917	-331.543043760863	-0.212770413714947
1.32999999999996	3928.60619372489	3.77205111590229E-09	47.3383648057665	1.04609692263898	-2255.15452130034	289.913780284596	261.017624918049	-0.515439992520529	-1673.45167242456	-289.913780288369	-312.761090957832	-0.525531504672779
1.33099999999996	3106.69935223154	-103.447640932248	-45.2350378493254	1.00086188478965	-1677.16004047034	327.448210372356	313.043675314737	-0.202396317205792	-1429.53931176121	-224.000569440106	-257.667232783236	-0.783198737456015
1.33199999999996	1717.97150971098	-196.769106011725	-143.552273351088	0.857309611438564	-123.694942071199	332.929728163038	325.160938768271	0.122764621562479	-1594.27656763978	-136.160622151309	-180.0730140573	-0.963271751513315
1.33299999999996	637.846483597919	-270.829440023799	-234.353847443881	0.622955763994683	1760.2024162969	305.821764503309	306.687828878871	0.42945245044135	-2398.04889989482	-34.9923244795039	-84.6577258058752	-1.04792947731919
1.33399999999996	283.880546155037	-318.37910146668	-298.942154128557	0.324013609866127	3030.34776758671	248.777835748472	268.714047690447	0.698166498131798	-3314.22831374175	69.6012657182152	21.9728540113837	-1.02595662330781
1.33499999999996	326.787101760398	-334.763598180368	-329.730892010612	-0.00571728214448584	3244.75898746471	167.381799093472	209.212016221368	0.907378514353165	-3571.54608922511	167.381799086903	124.494136452526	-0.901462486855281
1.33599999999996	100.352144184207	-318.379101469036	-330.403366685796	-0.336120648830281	2621.57647756894	69.6012657256724	121.563586475766	1.02894210082893	-2721.92862175315	248.77783574337	205.443764950807	-0.696018721904474
1.33699999999996	-873.891002104278	-270.82944002828	-296.925241725048	-0.63304589055533	1921.84846742703	-34.9923244719219	15.9092813135593	1.04485138214249	-1047.95746532275	305.821764500208	265.630967708167	-0.430387754196307
1.33799999999996	-2377.63869102992	-196.769106017893	-227.063193743234	-0.860109084298563	1722.56313027718	-136.160622144344	-86.9747531432337	0.957876628999257	655.075560752736	332.929728162241	311.609447954537	-0.11877830624177
1.33899999999996	-3635.93367054852	-103.447640939499	-138.642435375427	-0.99875151967399	2046.75322665847	-224.00056943444	-181.413570538632	0.776463058460625	1589.18044389005	327.448210373942	331.607876662382	0.212829570420612
1.33999999999996	-3929.48520154508	-3.87078102903615E-09	-47.3692877176288	-1.04612080739162	2256.18285269479	-289.913780284547	-261.062297048961	0.515400761411664	1673.30234885029	289.913780288418	312.669750869773	0.525499321290385
1.34099999999996	-3105.67534147317	103.447640932136	45.254122068495	-1.00086668532312	1675.08373519654	-327.448210372332	-312.991905705515	0.202408855706149	1430.59160627662	224.000569440193	257.69068893418	0.783190010224565
1.34199999999996	-1716.18556577577	196.76910601163	143.550021716826	-0.857316663606298	120.888537363499	-332.92972816305	-325.1518165337	-0.122742960827551	1595.29702841228	136.160622151416	180.076065562158	0.963266075786723
1.34299999999996	-638.79543557764	270.82944002373	234.372623271691	-0.622944040334607	-1760.4909999265	-305.821764503357	-306.702182769054	-0.429445143596605	2399.28643550414	34.9923244796211	84.6570739048461	1.04792314969157
1.34399999999996	-280.670866085569	318.379101466644	298.873273911564	-0.324070766423043	-3035.61892276039	-248.777835748551	-268.72200489723	-0.698167148493834	3316.28978884596	-69.6012657181	-22.0203768632337	1.02590277282834
1.34499999999996	-322.028934264053	334.763598180368	329.752461425175	0.00568169500213214	-3245.96951078729	-167.38179909359	-209.203490039463	-0.907370638533297	3567.99844505134	-167.381799086784	-124.424121745258	0.901478651083077
1.34599999999996	-95.4944501928331	318.379101469073	330.378642475072	0.336060337477204	-2624.00377143438	-69.6012657257875	-121.576835145089	-1.02894747367839	2719.49822162721	-248.777835743292	-205.471602441169	0.696007048641908
1.34699999999996	872.138264464126	270.82944002835	297.019361207286	0.63307969868449	-1922.40581632924	34.9923244718048	-15.8687065177698	-1.04481618019616	1050.26755186511	-305.82176450016	-265.609615144199	0.430397433497709
1.34799999999996	2378.90353280759	196.769106017988	227.044406529469	0.860124105213958	-1722.39324538919	136.160622144236	86.9707712212152	-0.957845408974941	-656.510287418398	-332.929728162229	-311.584759333368	0.118812674164341
1.34899999999996	3637.60970987978	103.447640939629	138.615757321441	0.998739862535399	-2047.29497973275	224.000569434339	181.394900023041	-0.7764505089519	-1590.31473014703	-327.44821037397	-331.63260968572	-0.212819935521379
1.34999999999996	3926.48251270684	3.98858190919782E-09	47.367198723011	1.04610706125841	-2253.12655055696	289.913780284488	261.005768151465	-0.515444740800435	-1673.35596214989	-289.913780288477	-312.709157094387	-0.525529092615766
1.35099999999996	3103.62175955345	-103.447640932043	-45.2268190567031	1.00088024220171	-1676.02044608616	327.448210372312	313.049604669038	-0.202395136131397	-1427.60131346729	-224.000569440267	-257.678729020898	-0.783207821636664
1.35199999999996	1716.58054677803	-196.769106011535	-143.566188423186	0.857314053778521	-124.249261769255	332.929728163062	325.167782956489	0.122772646825093	-1592.33128500877	-136.160622151524	-180.077918437883	-0.963285740074547
1.35299999999996	634.949901236623	-270.829440023661	-234.317977180835	0.622996076597686	1761.69048087709	305.821764503405	306.699565731524	0.429472212556617	-2396.64038211371	-34.9923244797382	-84.6298309250466	-1.04791557099959
1.35399999999996	274.936476162566	-318.379101466602	-298.926869481982	0.324069207115703	3036.93575924538	248.777835748642	268.652725246263	0.69812493780288	-3311.87223540794	69.6012657179661	21.9393748423058	-1.02597619615729
1.35499999999996	322.244873376991	-334.763598180368	-329.768284357862	-0.0056990772421584	3249.96495503299	167.381799093692	209.206434353287	0.907331372156167	-3572.20982840998	167.381799086682	124.501408990767	-0.901474787166521
1.35599999999996	97.4039606792027	-318.379101469103	-330.371203364233	-0.336070280606391	2624.71304104498	69.6012657258843	121.615938242445	1.02894731039861	-2722.11700172419	248.777835743225	205.481691155984	-0.695993096010537
1.35699999999996	-873.298374697176	-270.829440028419	-296.977853502351	-0.633048134108742	1922.25243645987	-34.9923244716876	15.8959694403473	1.04484327983896	-1048.9540617627	305.821764500112	265.606250604529	-0.430386845406009
1.35799999999996	-2377.97416740973	-196.769106018099	-227.063955838732	-0.860112089947474	1724.44196627933	-136.160622144111	-86.9915235050191	0.95785175633394	653.532201130405	332.929728162214	311.606840455061	-0.118780004950948
1.35899999999996	-3638.91472338517	-103.447640939741	-138.613000101688	-0.998725090049162	2049.96929539409	-224.000569434251	-181.411794588596	0.776439961745344	1588.94542799108	327.448210373995	331.611371487388	0.21283136653644
1.35999999999996	-3930.57959542687	-4.1063472622227E-09	-47.3780054412869	-1.04610309549045	2258.11918119204	-289.913780284429	-261.052572144374	0.51538738960097	1672.46041423483	289.913780288536	312.676508269069	0.525507874805509
1.36099999999996	-3103.49168338776	103.447640931931	45.2511075610793	-1.00085198792937	1671.17276418569	-327.448210372287	-312.935159923392	0.202452229677579	1432.31891920207	224.000569440354	257.692308660157	0.783200183465666
1.36199999999996	-1717.6321296096	196.769106011439	143.553333809113	-0.857298654120257	121.067762919747	-332.929728163075	-325.197490384729	-0.12274526070715	1596.56436668985	136.160622151632	180.058350363301	0.963258533828967
1.36299999999996	-633.433638154734	270.82944002358	234.313408846794	-0.622985245273463	-1764.45912684309	-305.82176450346	-306.688752989626	-0.429434013696777	2397.89276499782	34.9923244798743	84.6600648332592	1.04791859866223
1.36399999999996	-278.815345706145	318.379101466565	298.933922287872	-0.324051322985591	-3037.65707862894	-248.777835748721	-268.693603594118	-0.698127617290894	3316.47242433509	-69.6012657178509	-21.9907546525615	1.02592784400966
1.36499999999996	-324.983172569082	334.763598180368	329.740215263452	0.00568889227786127	-3244.96584477226	-167.381799093794	-209.266581571726	-0.907394198862621	3569.94901734134	-167.38179908658	-124.479672142343	0.901448171867322
1.36599999999996	-98.6687437073892	318.379101469139	330.420806213751	0.336109698491612	-2619.90240593922	-69.6012657259994	-121.558654142399	-1.02895285300502	2718.57114964661	-248.777835743147	-205.413827470112	0.69603434439721
1.36699999999996	871.03802704132	270.829440028477	296.995665180689	0.633105363672301	-1920.4054904235	34.9923244715894	-15.8676855647566	-1.04482053856978	1049.36746338218	-305.821764500072	-265.620603888254	0.430413740508955
1.36799999999996	2376.59102978045	196.769106018194	227.01288585124	0.860118249523541	-1721.66410767862	136.160622144004	86.9382630938507	-0.957882275475926	-654.926922101828	-332.929728162202	-311.641118942393	0.118772621566563
1.36899999999996	3638.94682048252	103.447640939853	138.640326765369	0.998758576288911	-2043.89625175294	224.000569434164	181.424676765121	-0.776457598710805	-1595.05056872958	-327.448210374019	-331.543017008689	-0.212770395442126
1.36999999999996	3928.60627295704	4.22413393152965E-09	47.3383749664567	1.04609695125537	-2255.15456256994	289.91378028437	261.017635651216	-0.515439963059589	-1673.4517103871	-289.913780288595	-312.761079848625	-0.525531475290751
1.37099999999996	3106.69926428935	-103.447640931818	-45.2350499041645	1.0008619013512	-1677.15994014874	327.448210372263	313.043661245192	-0.202396301814397	-1429.5393241406	-224.000569440442	-257.667246077497	-0.783198721368248
1.37199999999996	1717.97143937382	-196.769106011359	-143.552299772575	0.857309601578628	-123.694887744597	332.929728163085	325.160912688324	0.122764610873927	-1594.27655162922	-136.160622151722	-180.073040585544	-0.963271761953792
1.37299999999996	637.846519271245	-270.829440023511	-234.353865384383	0.622955736194245	1760.20232546142	305.821764503508	306.687812564653	0.42945242343858	-2398.04884473266	-34.9923244799914	-84.6577433379389	-1.04792950529173
1.37399999999996	283.880572474154	-318.379101466529	-298.942148740095	0.32401358745415	3030.34779235936	248.7778357488	268.714052298483	0.698166475737063	-3314.22836483352	69.6012657177357	21.9728600394244	-1.02595664525231
1.37499999999996	326.787092320969	-334.763598180368	-329.730868211935	-0.00571728075778548	3244.75908420135	167.381799093897	209.21203929961	0.907378515036674	-3571.54617652232	167.381799086478	124.494160288208	-0.901462484964098
1.37599999999996	100.352115849695	-318.379101469176	-330.403344227143	-0.336120624984928	2621.57645182053	69.6012657261146	121.563609581355	1.02894212461803	-2721.92856767022	248.777835743068	205.443786370517	-0.696018698593581
1.37699999999996	-873.89100707838	-270.829440028546	-296.925239095864	-0.633045864080792	1921.84843210252	-34.9923244714723	15.909284162877	1.04485140878091	-1047.95742502414	305.821764500024	265.630970549324	-0.430387728044257
1.37799999999996	-2377.63857572224	-196.769106018289	-227.063213519899	-0.860109077600691	1722.56312141857	-136.160622143896	-86.974772277281	0.957876636503625	655.07545430367	332.92972816219	311.60942994617	-0.118778298098087
1.37899999999996	-3635.93369095278	-103.447640939965	-138.642459339621	-0.998751536940311	2046.75327019613	-224.000569434076	-181.413595706433	0.776463040797191	1589.18042075665	327.448210374044	331.607851330663	0.212829553232576
1.37999999999996	-3929.48526781203	-4.34190638998189E-09	-47.3692975477551	-1.04612083448807	2256.18287251424	-289.913780284311	-261.062307055156	0.515400733742035	1673.30239529779	289.913780288654	312.669740268362	0.525499293500938
1.38099999999996	-3105.67525350236	103.447640931706	45.2541333032934	-1.00086670118477	1675.08364016814	-327.448210372238	-312.991892706403	0.202408841035632	1430.59161333422	224.000569440529	257.690701416227	0.783189994917165
1.38199999999996	-1716.18549661023	196.769106011264	143.550046835848	-0.857316654348925	120.888484845924	-332.929728163098	-325.151791743269	-0.122742950707637	1595.29701176431	136.160622151829	180.076090750912	0.963266085668077
1.38299999999996	-638.795469645951	270.829440023464	234.372640306359	-0.622944014042566	-1760.49091358555	-305.821764503541	-306.702167301194	-0.429445118008831	2399.2863832315	34.9923244800707	84.6570905257852	1.04792317619386
1.38399999999996	-280.670889569509	318.379101466493	298.873268838865	-0.324070745203701	-3035.61894244709	-248.777835748879	-268.722009242706	-0.698167127251537	3316.2898320166	-69.6012657176205	-22.0203824954488	1.02590279369841
1.38499999999996	-322.028934023104	334.763598180368	329.752438931776	0.00568169372807543	-3245.96959884549	-167.381799093998	-209.203511918079	-0.907370639169616	3567.99853286859	-167.381799086376	-124.424144407985	0.901478649290429
1.38599999999996	-95.4944065862768	318.379101469212	330.378621072546	0.336060314800622	-2624.00375191632	-69.6012657262298	-121.576856938758	-1.02894749610837	2719.4981585026	-248.777835742989	-205.4716225812	0.696007026709229
1.38699999999996	872.138257225426	270.829440028615	297.019358976503	0.633079673777124	-1922.4057846745	34.9923244713552	-15.86870916031	-1.04481620526868	1050.26752744908	-305.821764499976	-265.609617927095	0.430397408782134
1.38799999999996	2378.9034205409	196.769106018354	227.044425200442	0.860124098977567	-1722.3932371816	136.160622143823	86.9707893277277	-0.957845415940956	-656.510183359302	-332.929728162181	-311.584742218687	0.118812666563448
1.38899999999996	3637.60971639181	103.447640940077	138.615779909659	0.998739878887226	-2047.29501015075	224.000569433989	181.394923610891	-0.776450492330066	-1590.31470624107	-327.448210374068	-331.632585862136	-0.212819919298688
1.38999999999996	3926.48256878412	4.4597001647162E-09	47.3672079532258	1.04610708684045	-2253.12656708227	289.913780284253	261.005777636307	-0.515444714693759	-1673.35600170185	-289.913780288712	-312.709147115632	-0.52552906641432
1.39099999999996	3103.62167813282	-103.447640931594	-45.2268297750764	1.00088025706538	-1676.02035958485	327.448210372213	313.049592371658	-0.202395122322101	-1427.60131854797	-224.000569440617	-257.678740849032	-0.783207807263352
1.39199999999996	1716.58048195401	-196.769106011169	-143.566212116421	0.857314044948955	-124.249214121592	332.92972816311	325.167759559304	0.122772637237203	-1592.33126783242	-136.160622151937	-180.077942203866	-0.963285749467218
1.39299999999996	634.949936865563	-270.829440023395	-234.317993263372	0.622996051685583	1761.6903951424	305.821764503588	306.699551164608	0.429472188401811	-2396.64033200796	-34.9923244801879	-84.6298465927288	-1.04791559605995
1.39399999999996	274.936501587833	-318.379101466456	-298.926864581185	0.324069187104397	3036.93578942907	248.777835748957	268.652729356578	0.698124917758389	-3311.87229101691	69.6012657175053	21.939380375591	-1.02597621568436
1.39499999999996	322.244871868711	-334.763598180368	-329.768263160961	-0.00569907605656406	3249.96503822397	167.3817990941	209.206455012992	0.90733137277138	-3572.20991009268	167.381799086274	124.501430217535	-0.90147478546682
1.39599999999996	97.4039142899082	-318.379101469249	-330.371183138044	-0.336070259194608	2624.71301651952	69.601265726345	121.615958852173	1.02894733162355	-2722.11693080943	248.77783574291	205.481710095146	-0.695993075371675
1.39699999999996	-873.298369082286	-270.829440028685	-296.977851445084	-0.633048110639691	1922.25240328227	-34.992324471238	15.8959718947023	1.04484330351826	-1048.95403419999	305.821764499928	265.606253248056	-0.430386822123619
1.39799999999996	-2377.9740650634	-196.769106018449	-227.063973451218	-0.860112084090909	1724.44195825086	-136.160622143716	-86.9915406200462	0.95785176289821	653.532106812537	332.929728162169	311.606824297017	-0.118779997826602
1.39899999999996	-3638.91472172539	-103.447640940153	-138.613021595746	-0.998725105686655	2049.96932044473	-224.000569433929	-181.41181692845	0.77643994596976	1588.94540128066	327.448210374085	331.611348954393	0.212831351127791
1.39999999999996	-3930.57965490328	-4.57747262316843E-09	-47.3780140417829	-1.04610311972844	2258.11920139719	-289.913780284194	-261.052581131535	0.515387364838224	1672.46045350609	289.913780288771	312.676498830537	0.525507849958328
1.40099999999996	-3103.49160675841	103.447640931482	45.2511177167472	-1.00085200201169	1671.17268454426	-327.448210372189	-312.935148222518	0.202452216615706	1432.31892221415	224.000569440705	257.692319926813	0.783200169885141
1.40199999999996	-1717.63208229264	196.769106011073	143.553356373306	-0.857298645638385	121.067726733003	-332.929728163122	-325.197468237784	-0.122745251622078	1596.56435555964	136.160622152045	180.058372859465	0.963258542744606
1.40299999999996	-633.43367720043	270.829440023326	234.313423933514	-0.62298522170487	-1764.45903800676	-305.821764503636	-306.688739281095	-0.429433990903172	2397.89271520719	34.992324480305	84.6600796273639	1.04791862237197
1.40399999999996	-278.815365726713	318.379101466431	298.933917651432	-0.324051304053438	-3037.65710106552	-248.777835749011	-268.693607415013	-0.698127598318186	3316.47246679224	-69.6012657174273	-21.9907597738889	1.02592786259808
1.40499999999996	-324.983153210101	334.763598180368	329.740195063543	0.00568889101010484	-3244.96593586106	-167.381799094202	-209.266601047381	-0.907394199365567	3569.94908907116	-167.381799086172	-124.479692301905	0.901448170296176
1.40599999999996	-98.6687095250018	318.379101469285	330.420787301578	0.336109678311683	-2619.90238754319	-69.6012657264602	-121.558673639745	-1.02895287300531	2718.57109706819	-248.777835742831	-205.413845473614	0.696034324822562
1.40699999999996	871.038028752753	270.829440028754	296.995663016538	0.633105341328221	-1920.40546333545	34.9923244711209	-15.8676879981607	-1.04482056100347	1049.3674345827	-305.82176449988	-265.62060639039	0.430413718432172
1.40799999999996	2376.59093737586	196.769106018545	227.012902505847	0.860118243834068	-1721.66409620725	136.160622143608	86.938279210656	-0.957882281792816	-654.926841168613	-332.929728162157	-311.641103639544	0.118772614792628
1.40899999999996	3638.94682305546	103.447640940283	138.640347169989	0.998758591004057	-2043.89627806005	224.000569433828	181.424698011673	-0.776457583781143	-1595.05054499541	-327.448210374113	-331.542995662672	-0.212770380870044
1.40999999999996	3928.60633493567	4.6952735033301E-09	47.3383830935593	1.04609697409762	-2255.15459585665	289.913780284135	261.017644235004	-0.51543993954614	-1673.45173907902	-289.91378028883	-312.761070982665	-0.525531451852709
1.41099999999996	3106.69919428945	-103.44764093137	-45.235059513369	1.00086191458425	-1677.15986026427	327.448210372165	313.043650036135	-0.202396289510005	-1429.53933402518	-224.000569440792	-257.667256656778	-0.783198708509487
1.41199999999996	1717.97138430777	-196.769106010978	-143.552320869491	0.857309593714756	-123.694844527602	332.929728163134	325.16089186974	0.122764602359735	-1594.27653978017	-136.160622152152	-180.073061755575	-0.963271770265062
1.41299999999996	637.846546985022	-270.829440023257	-234.353879687612	0.622955714027145	1760.20225404591	305.821764503684	306.687799539444	0.429452401899179	-2398.04880103093	-34.9923244804221	-84.6577573307318	-1.04792952759579
1.41399999999996	283.880593259959	-318.379101466389	-298.942144454753	0.324013569572392	3030.34781253152	248.777835749102	268.714055968313	0.698166457867492	-3314.22840579148	69.6012657172935	21.9728648375173	-1.02595666275828
1.41499999999995	326.787083877917	-334.763598180368	-329.730849249701	-0.00571727967730889	3244.75915975873	167.381799094288	209.21205769576	0.907378515563252	-3571.54624363664	167.381799086087	124.494179256872	-0.901462483501404
1.41599999999995	100.352096411375	-318.379101469322	-330.40332631596	-0.336120605993269	2621.57643070757	69.6012657265754	121.56362802932	1.02894214359257	-2721.92852711894	248.777835742753	205.443803512928	-0.696018679988476
1.41699999999995	-873.891011640986	-270.829440028823	-296.9252369397	-0.633045842932969	1921.84840496724	-34.9923244710038	15.9092864603936	1.04485143005297	-1047.95739332625	305.821764499832	265.630972837616	-0.43038770715086
1.41799999999995	-2377.6384840879	-196.769106018655	-227.063229298826	-0.860109072231795	1722.56311466164	-136.160622143483	-86.974787537643	0.957876642515322	655.075369426264	332.929728162142	311.609415576188	-0.118778291574672
1.41899999999995	-3635.93370915654	-103.447640940395	-138.642478451594	-0.998751550683389	2046.75330596537	-224.00056943374	-181.413615794097	0.776463026721225	1589.18040319117	327.448210374137	331.607831111463	0.212829539536791
1.41999999999995	-3929.48531839918	-4.79399631103661E-09	-47.3693054403755	-1.04612085612376	2256.18288579545	-289.913780284086	-261.062315037341	0.515400711683884	1673.30243260372	289.913780288879	312.669731791759	0.52549927132855
1.42099999999995	-3105.67518285054	103.447640931258	45.2541422371631	-1.0008667138866	1675.08356448928	-327.44821037214	-312.991882392717	0.202408829291167	1430.59161836126	224.00056944088	257.690711339737	0.783189982668288
1.42199999999995	-1716.18544207298	196.769106010883	143.5500669138	-0.857316646972801	120.888443042972	-332.929728163147	-325.151771934444	-0.122742942643278	1595.29699903	136.16062215226	180.076110869926	0.963266093538214
1.42299999999995	-638.795496113179	270.829440023176	234.372653900649	-0.622943993072152	-1760.49084577729	-305.82176450374	-306.702154940288	-0.429445097583566	2399.28634189047	34.9923244805582	84.657103799913	1.04792319733813
1.42399999999995	-280.67090818127	318.379101466353	298.873264804861	-0.324070728267291	-3035.61895758161	-248.777835749181	-268.722012710712	-0.698167110294278	3316.28986576288	-69.6012657171783	-22.020386972379	1.02590281036575
1.42499999999995	-322.02893422507	334.763598180368	329.752421007742	0.00568169274045168	-3245.96966693496	-167.38179909439	-209.203529366034	-0.907370639660313	3567.99860116003	-167.381799085985	-124.424162462899	0.901478647902848
1.42599999999995	-95.4943717863268	318.379101469358	330.378603970052	0.336060296710504	-2624.00373650623	-69.6012657266906	-121.57687433631	-1.02894751399662	2719.49810829256	-248.777835742674	-205.471638685929	0.696007009216919
1.42699999999995	872.138250809686	270.829440028903	297.019357177708	0.633079653888212	-1922.40576079205	34.9923244708677	-15.868711283872	-1.04481622528049	1050.26750998236	-305.821764499777	-265.609620183248	0.430397389033672
1.42799999999995	2378.90333064282	196.769106018751	227.044440102807	0.860124093991019	-1722.39323111643	136.160622143376	86.9708037760831	-0.957845421504412	-656.510099526383	-332.92972816213	-311.584728549058	0.118812660484613
1.42899999999995	3637.60972157185	103.447640940507	138.615797917385	0.998739891908404	-2047.29503383457	224.000569433653	181.394942411009	-0.776450479093402	-1590.31468773728	-327.448210374162	-331.63256685805	-0.212819906373437
1.42999999999995	3926.48261046704	4.91180429662563E-09	47.3672153561149	1.04610710726452	-2253.12657774708	289.913780284027	261.005785208538	-0.515444693884864	-1673.35603271996	-289.913780288939	-312.709139143245	-0.525529045516682
1.43099999999995	3103.62161316095	-103.447640931164	-45.2268383139576	1.00088026895056	-1676.02029148085	327.44821037212	313.049582613693	-0.202395111271171	-1427.6013216801	-224.000569440953	-257.678750257299	-0.783207795773981
1.43199999999995	1716.58043092573	-196.769106010772	-143.566231049481	0.85731403790108	-124.249176434323	332.929728163161	325.167740863574	0.122772629592403	-1592.33125449141	-136.160622152385	-180.077961182215	-0.963285756956196
1.43299999999995	634.949965192026	-270.829440023107	-234.318006097038	0.622996031804041	1761.69032713569	305.821764503788	306.699539530439	0.429472169122841	-2396.64029232772	-34.9923244806753	-84.6298591008056	-1.047915616057
1.43399999999995	274.936522353061	-318.379101466316	-298.926860669192	0.32406917113485	3036.93581448923	248.77783574926	268.65273263766	0.698124901760501	-3311.87233684229	69.6012657170631	21.9393848038492	-1.02597623125315
1.43499999999995	322.244870821169	-334.763598180368	-329.768246278675	-0.00569907514382555	3249.9651028363	167.381799094492	209.206471482718	0.907331373243219	-3572.20997365747	167.381799085883	124.501447101692	-0.90147478415146
1.43599999999995	97.4038762967238	-318.379101469388	-330.371166970418	-0.336070242114243	2624.71299628807	69.6012657267873	121.615975311832	1.02894734855505	-2722.11687258479	248.777835742608	205.481725227305	-0.695993058924155
1.43699999999995	-873.298364023892	-270.829440028973	-296.977849795502	-0.633048091909746	1922.2523776413	-34.9923244707505	15.8959738616171	1.04484332241667	-1048.95401361741	305.821764499729	265.606255395099	-0.430386803529056
1.43799999999995	-2377.97398385812	-196.769106018846	-227.063987501888	-0.860112079411634	1724.44195202981	-136.160622143268	-86.9915542763863	0.957851768140282	653.532031828311	332.929728162118	311.606811389572	-0.118779992139484
1.43899999999995	-3638.91471939486	-103.447640940619	-138.613038752586	-0.998725118164219	2049.96933948325	-224.000569433565	-181.41183474291	0.776439933397373	1588.94537991161	327.448210374186	331.611330980334	0.21283133884085
1.43999999999995	-3930.57970001135	-5.0296051767873E-09	-47.3780209265209	-1.04610313909074	2258.1192153369	-289.913780283968	-261.052588306473	0.5153873450909	1672.46048467445	289.913780288997	312.676491287496	0.525507830128346
1.44099999999995	-3103.49154548726	103.447640931052	45.2511258129671	-1.00085201327777	1671.17262197902	-327.448210372095	-312.935138927207	0.202452206163693	1432.31892350824	224.000569441041	257.692328902298	0.783200159030644
1.44199999999995	-1717.63204703942	196.769106010677	143.553374427244	-0.857298638850529	121.067699431754	-332.929728163173	-325.19745053858	-0.122745244374888	1596.56434760766	136.160622152492	180.058390828666	0.96325854985931
1.44299999999995	-633.433709303861	270.829440023038	234.313435959243	-0.622985202891285	-1764.45896613493	-305.821764503836	-306.688728342507	-0.429433972717395	2397.89267543879	34.9923244807925	84.6600914350997	1.04791864129441
1.44399999999995	-278.815381548109	318.37910146628	298.933913950452	-0.324051288940834	-3037.65711924044	-248.777835749338	-268.693610450312	-0.698127583167706	3316.47250078855	-69.6012657169479	-21.9907638557477	1.02592787743866
1.44499999999995	-324.98313530509	334.763598180368	329.740178950162	0.00568889000932873	-3244.96600873695	-167.381799094594	-209.266616567828	-0.907394199735534	3569.94914404204	-167.38179908578	-124.479708351559	0.901448169087103
1.44599999999995	-98.6686832164478	318.379101469425	330.420772218959	0.336109662228288	-2619.90237272604	-69.6012657269025	-121.558689213426	-1.02895288894896	2718.57105594249	-248.777835742529	-205.413859872628	0.696034309214475
1.44699999999995	871.038030106248	270.829440029019	296.995661250385	0.633105323478673	-1920.4054429634	34.9923244706713	-15.8676899642249	-1.04482057891319	1049.36741285715	-305.821764499696	-265.620608423481	0.430413700790994
1.44799999999995	2376.59086471437	196.769106018941	227.012915787391	0.860118239266065	-1721.66408668928	136.16062214316	86.9382920599875	-0.957882286853198	-654.926778025091	-332.929728162106	-311.64109141194	0.118772609379054
1.44899999999995	3638.9468247512	103.447640940731	138.64036347217	0.998758602738234	-2043.89629850475	224.000569433478	181.424714975056	-0.776457571878142	-1595.05052624645	-327.448210374211	-331.542978626186	-0.212770369247132
1.44999999999995	3928.60638323508	5.14735631895746E-09	47.338389598227	1.04609699233646	-2255.15462277437	289.913780283909	261.017651104256	-0.515439920773886	-1673.4517604607	-289.913780289056	-312.761063905363	-0.525531433152495
1.45099999999995	3106.69913858	-103.44764093094	-45.2350671736883	1.00086192516277	-1677.15979666259	327.44821037207	313.043641105955	-0.202396279667931	-1429.53934191741	-224.000569441128	-257.667265073701	-0.783198698226196
1.45199999999995	1717.97134133191	-196.769106010612	-143.552337721315	0.857309587441458	-123.694810138705	332.929728163182	325.160875245198	0.122764595577268	-1594.27653119321	-136.160622152565	-180.07307865461	-0.963271776880806
1.45299999999995	637.846568424709	-270.829440022968	-234.353891091926	0.622955696349532	1760.20219800633	305.821764503884	306.687789137413	0.429452384714681	-2398.04876643104	-34.9923244809096	-84.6577685016086	-1.04792954538241
1.45399999999995	283.88060965346	-318.379101466244	-298.942141047603	0.324013555301929	3030.34782903584	248.777835749417	268.714058890428	0.698166443605109	-3314.2284386893	69.6012657168327	21.9728686563727	-1.02595667672604
1.45499999999995	326.787076279889	-334.763598180368	-329.730834140697	-0.0057172788387678	3244.75921848874	167.381799094696	209.212072361547	0.907378515966656	-3571.54629476863	167.381799085678	124.4941943488	-0.901462482377242
1.45599999999995	100.352083930312	-318.379101469461	-330.4033120303	-0.336120590869068	2621.57641331302	69.6012657270177	121.563642763045	1.0289421587297	-2721.92849724333	248.77783574245	205.443817242491	-0.696018665134751
1.45699999999995	-873.89101583754	-270.829440029089	-296.925235163988	-0.633045826033056	1921.84838432745	-34.9923244705541	15.9092883161944	1.0448514470459	-1047.95736848991	305.821764499648	265.630974683635	-0.430387690451116
1.45799999999995	-2377.63841128304	-196.769106019036	-227.063241891505	-0.86010906792456	1722.56310956557	-136.160622143053	-86.9747997106298	0.957876647335265	655.075301717468	332.929728162093	311.609404106208	-0.118778286344909
1.45899999999995	-3635.93372550479	-103.447640940843	-138.64249369541	-0.99875156161997	2046.75333548904	-224.00056943339	-181.413631831298	0.776463015503967	1589.18039001575	327.448210374235	331.607814968457	0.212829528623549
1.45999999999995	-3929.48535662753	-5.2651785154012E-09	-47.3693117853188	-1.04612087340529	2256.18289400446	-289.91378028385	-261.062321405786	0.515400694098181	1673.30246262307	289.913780289115	312.669725010212	0.525499253633761
1.46099999999995	-3105.67512603048	103.447640930828	45.2541493388463	-1.00086672406644	1675.08350422431	-327.448210372046	-312.991874216066	0.202408819882116	1430.59162180617	224.000569441216	257.690719226191	0.783189972859952
1.46199999999995	-1716.18539915507	196.769106010517	143.550082971076	-0.857316641095367	120.888409765705	-332.929728163194	-325.151756098368	-0.122742936216252	1595.29698938937	136.160622152673	180.076126946338	0.96326609980629
1.46299999999995	-638.79551656501	270.829440022922	234.372664752154	-0.622943976343213	-1760.49079269093	-305.821764503916	-306.702145057349	-0.429445081273602	2399.28630925594	34.9923244809889	84.6571144052464	1.04792321421154
1.46399999999995	-280.670922975382	318.379101466207	298.8732615977	-0.324070714745513	-3035.61896908444	-248.777835749496	-268.722015480259	-0.698167096753861	3316.28989205982	-69.6012657167174	-22.0203905302203	1.02590282368132
1.46499999999995	-322.028934753673	334.763598180368	329.752406724273	0.00568169197876043	-3245.96971919104	-167.381799094798	-209.2035432828	-0.907370640036661	3567.99865394471	-167.381799085576	-124.424176846044	0.901478646835272
1.46599999999995	-95.4943438314371	318.379101469498	330.378590294473	0.336060282273234	-2624.00372443634	-69.601265727133	-121.576888229333	-1.02894752826599	2719.49806826777	-248.777835742371	-205.471651572721	0.696006995262552
1.46699999999995	872.138245157065	270.829440029158	297.019355726365	0.633079637999599	-1922.40574305184	34.992324470437	-15.8687129918582	-1.04481624125785	1050.26749789478	-305.8217644996	-265.609622016403	0.430397373246149
1.46799999999995	2378.90325853854	196.769106019101	227.044452002578	0.860124090002177	-1722.39322674455	136.16062214298	86.970815309145	-0.957845425948707	-656.51003179399	-332.929728162085	-311.584717626191	0.118812655619958
1.46899999999995	3637.60972569346	103.447640940955	138.61581227411	0.998739902276287	-2047.29505219241	224.000569433302	181.394957395524	-0.776450468553183	-1590.31467350105	-327.44821037426	-331.632551695371	-0.212819896075413
1.46999999999995	3926.48264085219	5.38292255214401E-09	47.3672212997437	1.04610712357603	-2253.12658388595	289.913780283791	261.005791255542	-0.515444677297641	-1673.35605696624	-289.913780289174	-312.709132771112	-0.525529028846524
1.47099999999995	3103.62156129253	-103.447640930716	-45.226845116493	1.00088027845954	-1676.02023799691	327.448210372022	313.049574876728	-0.202395102420914	-1427.60132329562	-224.000569441303	-257.678757738583	-0.783207786585107
1.47199999999995	1716.5803908338	-196.769106010422	-143.566246186568	0.85731403227297	-124.249146640373	332.929728163206	325.167725916599	0.122772623495686	-1592.33124419343	-136.16062215278	-180.077976343431	-0.963285762928538
1.47299999999995	634.949987666172	-270.829440022852	-234.31801634043	0.62299601593254	1761.69027327205	305.821764503964	306.699530234922	0.429472153730608	-2396.64026093822	-34.9923244811061	-84.6298690896971	-1.04791563201823
1.47399999999995	274.936539414658	-318.379101466171	-298.926857545222	0.324069158387318	3036.93583538888	248.777835749575	268.652735258775	0.698124888989383	-3311.87237480354	69.6012657166022	21.9393883513497	-1.02597624366689
1.47499999999995	322.244870114558	-334.763598180368	-329.768232833796	-0.0056990744464774	3249.96515275644	167.3817990949	209.206484612819	0.907331373602202	-3572.210022871	167.381799085475	124.501460526988	-0.901474783139897
1.47599999999995	97.4038449658419	-318.379101469534	-330.371154038907	-0.336070228485385	2624.71297953581	69.601265727248	121.615988462659	1.02894736206486	-2722.11682450165	248.777835742292	205.481737323502	-0.695993045816396
1.47699999999995	-873.298359474551	-270.829440029227	-296.977848472383	-0.633048076957768	1922.25235799018	-34.9923244703198	15.8959754386181	1.04484333750348	-1048.95399851563	305.821764499553	265.606257143932	-0.430386788672463
1.47799999999995	-2377.97391947542	-196.769106019212	-227.063998713945	-0.860112075671713	1724.44194721501	-136.160622142855	-86.9915651755253	0.957851772327954	653.531972260411	332.929728162071	311.60680107377	-0.118779987598693
1.47899999999995	-3638.91471660124	-103.447640941049	-138.613052451388	-0.998725128123101	2049.96935380158	-224.000569433229	-181.411848950641	0.776439923377313	1588.94536279967	327.448210374281	331.611316640452	0.212831329041759
1.47999999999995	-3930.57973406687	-5.50075185401511E-09	-47.3780264403439	-1.04610315456344	2258.11922453379	-289.913780283732	-261.052594037208	0.515387329340105	1672.46050953308	289.913780289233	312.676485255285	0.525507814297044
1.48099999999995	-3103.49149645285	103.447640930604	45.251132266654	-1.00085202229679	1671.17257297741	-327.448210371997	-312.935131546004	0.202452197794101	1432.31892347544	224.00056944139	257.692336053589	0.783200150350633
1.48199999999995	-1717.63202123526	196.769106010327	143.553388883357	-0.857298633413433	121.067679119202	-332.929728163219	-325.197436386037	-0.122745238591937	1596.56434211606	136.160622152888	180.058405188419	0.963258555539052
1.48299999999995	-633.433735829505	270.829440022772	234.313445545264	-0.622985187868169	-1764.45890783151	-305.82176450402	-306.688719612642	-0.429433958204579	2397.89264366102	34.9923244812421	84.6601008614514	1.0479186564005
1.48399999999995	-278.815394035127	318.37910146614	298.933910994838	-0.324051276873332	-3037.65713400395	-248.777835749641	-268.693612860448	-0.698127571065027	3316.47252803908	-69.6012657165056	-21.9907671096291	1.02592788929087
1.48499999999995	-324.983118691318	334.763598180368	329.740166093956	0.00568888922062441	-3244.96606704499	-167.381799095002	-209.266628936795	-0.907394200001822	3569.9491857363	-167.381799085373	-124.479721126849	0.901448168164025
1.48599999999995	-98.6686631372453	318.379101469571	330.420760188882	0.336109649409507	-2619.90236072773	-69.6012657273632	-121.558701658222	-1.02895290166004	2718.57102386497	-248.777835742214	-205.413871396355	0.69603429676767
1.48699999999995	871.038031132054	270.829440029308	296.995659804369	0.633105309213875	-1920.40542784098	34.9923244701838	-15.8676915558158	-1.04482059321586	1049.36739670892	-305.821764499497	-265.620610080484	0.430413686687186
1.48799999999995	2376.59080771516	196.769106019307	227.012926380906	0.860118235594782	-1721.66407873767	136.160622142748	86.9383023058691	-0.957882290909991	-654.926728977493	-332.929728162058	-311.64108163617	0.118772605051016
1.48899999999995	3638.94682579837	103.447640941161	138.640376501944	0.998758612096725	-2043.89631432301	224.000569433141	181.424728522975	-0.776457562387016	-1595.05051147537	-327.448210374305	-331.542965025855	-0.212770359974839
1.48999999999995	3928.6064207104	5.61852431246734E-09	47.3383948084726	1.0460970069052	-2255.15464462759	289.913780283673	261.017656605597	-0.515439905781419	-1673.45177608281	-289.913780289292	-312.7610582544	-0.525531418229239
1.49099999999995	3106.6990942499	-103.447640930492	-45.2350732809719	1.00086193362423	-1677.15974602595	327.448210371973	313.043633991212	-0.202396271790206	-1429.53934822395	-224.000569441478	-257.667271768273	-0.783198689997512
1.49199999999995	1717.97130794594	-196.769106010216	-143.552351188591	0.857309582435635	-123.694782766073	332.929728163233	325.160861964255	0.122764590174049	-1594.27652517987	-136.160622153013	-180.073092148828	-0.963271782146341
1.49299999999995	637.846584922433	-270.829440022703	-234.353900185423	0.622955682250212	1760.20215416067	305.821764504067	306.687780827634	0.429452371001683	-2398.04873908311	-34.9923244813593	-84.6577774222357	-1.04792955956858
1.49399999999995	283.88062252596	-318.379101466104	-298.942138339352	0.32401354391086	3030.34784262932	248.77783574972	268.714061216676	0.698166432218359	-3314.22846515528	69.6012657163904	21.9728716952075	-1.02595668787337
1.49499999999995	326.787069433533	-334.763598180368	-329.730822101953	-0.0057172781910926	3244.75926385439	167.381799095088	209.212084055448	0.907378516273807	-3571.54633328792	167.381799085287	124.494206353209	-0.90146248152016
1.49599999999995	100.352076891995	-318.379101469613	-330.403300635164	-0.336120578826257	2621.57639889578	69.6012657274971	121.563654534474	1.02894217080828	-2721.92847578777	248.777835742122	205.443828248534	-0.696018653271626
1.49699999999995	-873.891019702427	-270.829440029377	-296.925233694677	-0.633045812520933	1921.84836879638	-34.9923244700666	15.9092898181605	1.04485146062644	-1047.95734909395	305.821764499449	265.630976175251	-0.430387677096375
1.49799999999995	-2377.63835344373	-196.769106019402	-227.063251944631	-0.860109064465564	1722.56310576624	-136.16062214264	-86.9748094231415	0.957876651203299	655.075247677489	332.929728162046	311.609394947931	-0.118778282148445
1.49899999999995	-3635.93374028418	-103.447640941273	-138.642505855437	-0.998751570321001	2046.75335996558	-224.000569433054	-181.413644638677	0.776463006564623	1589.1803803186	327.448210374329	331.607802075488	0.212829519927043
1.49999999999995	-3929.485385119	-5.71724712017385E-09	-47.3693168936891	-1.04612088721469	2256.18289827975	-289.913780283624	-261.062326487407	0.515400680077216	1673.30248683926	289.913780289341	312.669719581294	0.525499239508337
1.50099999999995	-3105.67508024948	103.447640930362	45.2541549816359	-1.00086673223305	1675.08345624167	-327.448210371944	-312.991867739863	0.202408812337353	1430.5916240078	224.00056944158	257.690725491103	0.78318996499944
1.50199999999995	-1716.18536543975	196.769106010121	143.550095821266	-0.857316636411788	120.888383282108	-332.929728163245	-325.151743430738	-0.122742931093385	1595.29698215764	136.160622153121	180.076139799107	0.963266104798547
1.50299999999995	-638.795532222582	270.829440022634	234.372673416509	-0.622943962995279	-1760.49075129155	-305.821764504115	-306.702137151204	-0.429445068244589	2399.28628351413	34.9923244814764	84.6571228819241	1.04792322768047
1.50399999999995	-280.670934729008	318.379101466068	298.873259048643	-0.324070703946636	-3035.61897771119	-248.777835749799	-268.722017693631	-0.69816708593822	3316.28991244019	-69.6012657162752	-22.0203933568019	1.02590283432367
1.50499999999995	-322.028935529341	334.763598180368	329.752395341752	0.00568169139511567	-3245.96975891522	-167.38179909519	-209.203554385246	-0.907370640323466	3567.99869444456	-167.381799085185	-124.424188303573	0.901478646020096
1.50599999999994	-95.4943211718612	318.379101469649	330.378579349901	0.336060270745016	-2624.00371509978	-69.6012657276123	-121.576899328689	-1.02894753965216	2719.49803627164	-248.777835742043	-205.471661892948	0.696006984127148
1.50699999999994	872.138240155724	270.829440029446	297.019354555414	0.63307962530043	-1922.40573014719	34.9923244699495	-15.868714366664	-1.04481625401882	1050.26748999147	-305.821764499401	-265.609623509539	0.430397360617609
1.50799999999994	2378.90320059312	196.769106019497	227.044461509497	0.860124086809927	-1722.39322370777	136.160622142532	86.9708245188515	-0.957845429499968	-656.509976885356	-332.929728162034	-311.584708893384	0.118812651724226
1.50899999999994	3637.60972895297	103.447640941385	138.615823720709	0.998739910530636	-2047.29506630932	224.000569432966	181.394969338849	-0.776450460161119	-1590.31466264365	-327.448210374354	-331.63253959465	-0.212819887870424
1.50999999999994	3926.48266239838	5.83506221119023E-09	47.3672260777505	1.04610713660839	-2253.12658655524	289.913780283565	261.0057960863	-0.515444664074819	-1673.35607584314	-289.9137802894	-312.709127675563	-0.525529015545987
1.51099999999994	3103.62151989524	-103.447640930286	-45.2268505356137	1.00088028607277	-1676.02019615295	327.448210371928	313.049568748119	-0.202395095326699	-1427.60132374229	-224.000569441639	-257.678763685425	-0.783207779231412
1.51199999999994	1716.58035942655	-196.769106010025	-143.566258296366	0.857314027776406	-124.24912314339	332.929728163258	325.167713959039	0.122772618632339	-1592.33123628316	-136.160622153228	-180.077988461327	-0.963285767692739
1.51299999999994	634.950005480547	-270.829440022564	-234.318024518551	0.622996003257855	1761.69023065875	305.821764504163	306.699522804488	0.429472141436827	-2396.6402361393	-34.9923244815935	-84.6298770695718	-1.04791564476231
1.51399999999994	274.936553504624	-318.379101466031	-298.926855049001	0.324069148208854	3036.9358528917	248.777835749877	268.652737354439	0.698124878791266	-3311.87240639632	69.60126571616	21.9393911965038	-1.02597625356581
1.51499999999994	322.244869647746	-334.763598180368	-329.768222127539	-0.00569907391868531	3249.96519110336	167.381799095292	209.206495080782	0.907331373872048	-3572.21006075111	167.381799085083	124.501471197691	-0.901474782368116
1.51599999999994	97.4038189754523	-318.379101469674	-330.371143688553	-0.336070217607238	2624.71296560172	69.6012657276903	121.615998975434	1.02894737284748	-2722.11678457718	248.77783574199	205.481746998253	-0.695993035369863
1.51699999999994	-873.298355357573	-270.829440029515	-296.977847410402	-0.633048065017641	1922.25234304925	-34.9923244698324	15.8959767042537	1.04484334955174	-1048.95398769168	305.821764499353	265.606258572999	-0.430386776796864
1.51799999999994	-2377.97386847227	-196.769106019593	-227.064007663575	-0.860112072681216	1724.44194352294	-136.160622142425	-86.9915738772491	0.957851775674487	653.531924949334	332.929728162021	311.606792824665	-0.118779983972199
1.51899999999994	-3638.91471349399	-103.447640941497	-138.613063392968	-0.998725136074184	2049.96936439854	-224.000569432879	-181.411860283502	0.776439915390986	1588.94534909545	327.448210374378	331.611305197307	0.212831321225109
1.51999999999994	-3930.57975904822	-5.95282045878776E-09	-47.3780308623826	-1.04610316693657	2258.11922983866	-289.913780283506	-261.052598614458	0.515387316776527	1672.46052920956	289.913780289459	312.676480429748	0.525507801654857
1.52099999999994	-3103.49145720654	103.447640930174	45.2511374138305	-1.00085202952274	1671.17253476701	-327.448210371903	-312.935125690153	0.202452191086375	1432.31892243953	224.000569441727	257.692341750453	0.78320014340531
1.52199999999994	-1717.63200286754	196.76910600993	143.553400468984	-0.857298629053752	121.067664314476	-332.92972816327	-325.197425062004	-0.12274523397563	1596.56433855306	136.160622153336	180.058416669923	0.963258560075233
1.52299999999994	-633.433757883874	270.829440022495	234.313453186625	-0.622985175867127	-1764.45886038045	-305.821764504211	-306.688712643914	-0.429433946619544	2397.89261826432	34.9923244817106	84.6601083888541	1.04791866846409
1.52399999999994	-278.815403893587	318.379101465995	298.933908633205	-0.324051267233922	-3037.65714604616	-248.777835749956	-268.693614773011	-0.698127561392555	3316.47254993975	-69.6012657160448	-21.9907697041823	1.0259278987599
1.52499999999994	-324.983103227249	334.763598180368	329.74015583378	0.00568888859985727	-3244.966113748	-167.381799095394	-209.266638794578	-0.907394200187132	3569.94921697525	-167.381799084981	-124.479731293646	0.901448167466259
1.52599999999994	-98.6686479609928	318.37910146971	330.420750592076	0.336109639191933	-2619.90235097992	-69.6012657278055	-121.558711607803	-1.02895291179494	2718.57099894091	-248.777835741911	-205.413880625714	0.696034286840544
1.52699999999994	871.038031846787	270.829440029562	296.995658616668	0.633105297808602	-1920.40541684235	34.9923244697531	-15.867692847005	-1.04482060464194	1049.36738499556	-305.821764499321	-265.620611435583	0.430413675404962
1.52799999999994	2376.59076312662	196.769106019688	227.012934831645	0.860118232640246	-1721.66407205021	136.160622142317	86.9383104767492	-0.957882294165191	-654.926691076406	-332.929728162009	-311.641073815747	0.118772601589215
1.52899999999994	3638.94682633671	103.447640941609	138.640386921521	0.998758619561768	-2043.89632645303	224.000569432791	181.424739347142	-0.77645755481805	-1595.05049988368	-327.448210374403	-331.542954165072	-0.212770352575857
1.52999999999994	3928.60644961652	6.07060002266735E-09	47.3383989855003	1.04609701854727	-2255.15466243752	289.913780283447	261.017661015583	-0.515439893802466	-1673.451787179	-289.913780289518	-312.76105374097	-0.525531406316827
1.53099999999994	3106.69905897798	-103.447640930062	-45.2350781507775	1.00086194039649	-1677.15970569695	327.448210371879	313.043628322458	-0.202396265480009	-1429.53935328103	-224.000569441814	-257.667277091242	-0.78319868340807
1.53199999999994	1717.97128214713	-196.769106009866	-143.552361956914	0.857309578439577	-123.694760968299	332.929728163278	325.160851349327	0.122764585869318	-1594.27652117883	-136.160622153409	-180.073102928659	-0.963271786336729
1.53299999999994	637.846597443989	-270.829440022426	-234.353907434851	0.622955671004726	1760.20212008937	305.821764504259	306.687774187551	0.429452360056869	-2398.04871753336	-34.9923244818278	-84.657784546627	-1.04792957088336
1.53399999999994	283.880632595484	-318.379101465958	-298.942136189397	0.324013534815329	3030.34785390765	248.777835750035	268.714063067325	0.698166423124194	-3314.22848650313	69.6012657159296	21.972874111341	-1.02595669677201
1.53499999999994	326.78706323663	-334.763598180368	-329.730812509499	-0.00571727769416954	3244.75929861616	167.381799095496	209.212093381429	0.907378516505623	-3571.54636185279	167.381799084879	124.494215898592	-0.901462480873423
1.53599999999994	100.35207404114	-318.379101469747	-330.403291544526	-0.336120569238695	2621.57638688797	69.6012657279206	121.563663942987	1.02894218044861	-2721.92846092911	248.777835741832	205.443837080459	-0.696018643792965
1.53699999999994	-873.891023258019	-270.829440029631	-296.925232472778	-0.633045801711473	1921.8483572885	-34.9923244696359	15.9092910367602	1.04485147148537	-1047.95733403048	305.821764499273	265.630977383121	-0.430387666409843
1.53799999999994	-2377.63830752561	-196.769106019783	-227.063259973144	-0.860109061684616	1722.56310298235	-136.160622142209	-86.9748171744297	0.95787665431094	655.075204543263	332.929728161997	311.609387632389	-0.118778278777455
1.53899999999994	-3635.93375373279	-103.447640941721	-138.642515556892	-0.998751577241509	2046.75338037763	-224.000569432704	-181.413654870585	0.776462999440356	1589.18037335516	327.448210374427	331.607791774334	0.212829512996879
1.53999999999994	-3929.48540598189	-6.18839379740166E-09	-47.3693210133147	-1.04612089825482	2256.1828995631	-289.913780283388	-261.062330542973	0.515400668897382	1673.3025064188	289.913780289577	312.669715231954	0.525499228228834
1.54099999999994	-3105.67504327695	103.44764092995	45.2541594626674	-1.00086673879216	1675.08341800994	-327.448210371854	-312.991862616129	0.202408806281253	1430.59162526701	224.000569441902	257.69073046487	0.783189958693703
1.54199999999994	-1716.18533903584	196.76910600977	143.55010611306	-0.857316632679096	120.888362209122	-332.929728163291	-325.151733290663	-0.12274292700941	1595.29697682671	136.160622153516	180.076150080992	0.963266108774696
1.54299999999994	-638.795544078149	270.829440022368	234.37268033649	-0.622943952342606	-1760.49071918355	-305.821764504299	-306.702130822213	-0.429445057831623	2399.2862632617	34.992324481926	84.6571296605473	1.04792323843524
1.54399999999994	-280.670944082895	318.379101465922	298.873257023566	-0.32407069531904	-3035.61898405319	-248.777835750114	-268.722019464096	-0.69816707729572	3316.28992813609	-69.6012657158144	-22.0203956014942	1.02590284283375
1.54499999999994	-322.028935976742	334.763598180368	329.752386263482	0.00568169094444217	-3245.96978897513	-167.381799095598	-209.203563246645	-0.907370640542364	3567.99872495187	-167.381799084777	-124.424197432079	0.90147864540167
1.54599999999994	-95.4943030154958	318.379101469783	330.378570594697	0.336060261539139	-2624.00370780163	-69.6012657280359	-121.576908196784	-1.02894754873915	2719.49801081712	-248.777835741753	-205.471670162315	0.696006975239355
1.54699999999994	872.138235784874	270.829440029712	297.019353604837	0.633079615143976	-1922.40572104717	34.9923244694999	-15.868715476014	-1.04481626421516	1050.2674852623	-305.821764499217	-265.609624730291	0.430397350509064
1.54799999999994	2378.90315391002	196.769106019863	227.044469109767	0.860124084253742	-1722.39322172128	136.160622142119	86.9708318766084	-0.957845432338554	-656.509932188743	-332.929728161986	-311.584701907521	0.118812648601543
1.54899999999994	3637.60973152659	103.447640941833	138.615832847618	0.99873991710136	-2047.29507706259	224.000569432616	181.394978858498	-0.776450453480056	-1590.314654464	-327.448210374452	-331.632529934468	-0.212819881332925
1.54999999999994	3926.48267704003	6.30617336128125E-09	47.367229924303	1.04610714702566	-2253.12658660152	289.91378028333	261.005799947179	-0.515444653532878	-1673.35609043852	-289.913780289635	-312.709123598779	-0.525529004931704
1.55099999999994	3103.62148683234	-103.447640929838	-45.2268548526256	1.00088029217304	-1676.02016353175	327.44821037183	313.049563898805	-0.202395089634073	-1427.60132330059	-224.000569441989	-257.678768410305	-0.783207773342009
1.55199999999994	1716.58033490223	-196.76910600966	-143.566267991592	0.857314024181446	-124.249104629939	332.929728163305	325.167704385748	0.122772614751675	-1592.33123027229	-136.160622153641	-180.07799815242	-0.963285771494429
1.55299999999994	634.950019558661	-270.829440022299	-234.318031049701	0.622995993131745	1761.69019702508	305.821764504347	306.699516861683	0.429472131613358	-2396.64021658375	-34.9923244820431	-84.6298834473103	-1.04791565494174
1.55399999999994	274.93656521109	-318.379101465886	-298.926853052879	0.324069140078866	3036.93586763737	248.777835750193	268.652739032	0.698124870645358	-3311.87243284846	69.6012657156992	21.9393934817262	-1.02597626146001
1.55499999999994	322.244869367998	-334.763598180368	-329.768213603341	-0.0056990735244749	3249.96522032049	167.381799095699	209.206503426723	0.907331374072081	-3572.21008968849	167.381799084675	124.501479674781	-0.901474781785232
1.55599999999994	97.4037972285088	-318.379101469825	-330.371135396867	-0.336070208921342	2624.71295395635	69.6012657281697	121.616007384356	1.02894738145644	-2722.11675118486	248.777835741662	205.481754741257	-0.695993027043975
1.55699999999994	-873.298351647545	-270.829440029781	-296.977846557711	-0.633048055479053	1922.25233185989	-34.9923244693828	15.8959777205248	1.04484335917696	-1048.95398021235	305.821764499169	265.606259745089	-0.430386767298885
1.55799999999994	-2377.97382811096	-196.769106019959	-227.06401480981	-0.860112070288862	1724.44194071193	-136.160622142012	-86.9915808267121	0.95785177835025	653.531887399029	332.929728161974	311.606786223969	-0.118779981074916
1.55899999999994	-3638.91471022047	-103.447640941927	-138.613072135764	-0.998725142424627	2049.96937210589	-224.000569432543	-181.411869325022	0.776439909025228	1588.94533811457	327.448210374472	331.611296063396	0.21283131498848
1.55999999999994	-3930.57977735509	-6.42394581973349E-09	-47.3780344099416	-1.04610317683457	2258.11923237789	-289.91378028327	-261.05260227317	0.515387306752058	1672.4605449772	289.913780289694	312.676476565501	0.525507791553981
1.56099999999994	-3103.49142576045	103.447640929708	45.2511415172081	-1.00085203531736	1671.17250511716	-327.448210371801	-312.935121046705	0.202452185705353	1432.31892064329	224.000569442091	257.692346290186	0.783200137844167
1.56199999999994	-1717.63199028243	196.769106009564	143.553409763691	-0.857298625553669	121.067653813795	-332.929728163317	-325.197415994189	-0.122745230288837	1596.56433646863	136.160622153749	180.058425855847	0.963258563700015
1.56299999999994	-633.433776353862	270.829440022229	234.313459278153	-0.622985166275516	-1764.45882159582	-305.821764504395	-306.688707079911	-0.429433937368748	2397.89259794968	34.9923244821603	84.6601144018239	1.04791867810184
1.56399999999994	-278.815411678406	318.379101465855	298.933906744843	-0.324051259530673	-3037.65715590869	-248.777835750259	-268.693616289595	-0.698127553658343	3316.4725675871	-69.6012657156026	-21.9907717736767	1.02592790632816
1.56499999999994	-324.983088804728	334.763598180368	329.740147643056	0.00568888811238378	-3244.96615117334	-167.381799095818	-209.266646651376	-0.907394200309719	3569.94923997806	-167.381799084556	-124.479739382317	0.901448166945845
1.56599999999994	-98.6686366836799	318.379101469861	330.420742935165	0.336109631047548	-2619.90234299054	-69.601265728285	-121.558719567297	-1.02895291987702	2718.57097967422	-248.777835741583	-205.413888024159	0.696034278921685
1.56699999999994	871.038032279251	270.82944002985	296.995657637167	0.633105288684715	-1920.4054090553	34.9923244692656	-15.8676938969673	-1.04482061377398	1049.36737677605	-305.821764499121	-265.620612548036	0.430413666373649
1.56799999999994	2376.59072838095	196.769106020054	227.01294157417	0.860118230258885	-1721.6640663642	136.160622141904	86.9383169936613	-0.957882296780322	-654.926662016743	-332.929728161962	-311.641067554822	0.118772598818827
1.56899999999994	3638.94682651437	103.447640942039	138.64039525878	0.998758625517665	-2043.89633570521	224.000569432455	181.424747999446	-0.776457548780876	-1595.05049080916	-327.448210374497	-331.542945489003	-0.212770346670176
1.56999999999994	3928.60647176075	6.56079635064089E-09	47.3384023378709	1.04609702785554	-2255.15467704016	289.913780283202	261.017664554302	-0.515439884226573	-1673.45179472059	-289.913780289763	-312.761050134841	-0.525531396805017
1.57099999999994	3106.69903092571	-103.447640929596	-45.2350820342877	1.00086194582125	-1677.15967360473	327.448210371777	313.043623805851	-0.202396260420722	-1429.53935732098	-224.000569442178	-257.667281321859	-0.783198678126875
1.57199999999994	1717.97126234994	-196.769106009469	-143.552370572776	0.857309575248472	-123.694743602518	332.929728163329	325.160842860133	0.122764582439411	-1594.27651874742	-136.160622153856	-180.073111544059	-0.963271789670935
1.57299999999994	637.846606822799	-270.82944002216	-234.353913213684	0.622955662034788	1760.20209377275	305.821764504443	306.687768879858	0.429452351319269	-2398.04870059555	-34.9923244822774	-84.657790237947	-1.04792957990888
1.57399999999994	283.880640430737	-318.379101465819	-298.942134484333	0.324013527550456	3030.34786333461	248.777835750337	268.714064538635	0.698166415857904	-3314.22850376535	69.6012657154874	21.9728760310187	-1.02595670387786
1.57499999999994	326.787057626072	-334.763598180368	-329.73080486615	-0.00571727731569467	3244.75932497644	167.381799095887	209.212100820929	0.907378516678834	-3571.54638260251	167.381799084487	124.494223485903	-0.90146248039196
1.57599999999994	100.352074466222	-318.379101469898	-330.403284291725	-0.33612056160742	2621.57637679261	69.6012657284002	121.563671466586	1.02894218814542	-2721.92845125883	248.777835741504	205.443844176427	-0.696018636215533
1.57699999999994	-873.891026512575	-270.82944002992	-296.925231450694	-0.633045793058113	1921.84834892487	-34.9923244691485	15.9092920279484	1.04485148017337	-1047.9573224123	305.821764499073	265.630978363354	-0.430387657852179
1.57799999999994	-2377.6382710606	-196.769106020149	-227.063266387751	-0.860109059445865	1722.56310096302	-136.160622141796	-86.9748233624885	0.95787665681088	655.075170097582	332.92972816195	311.609381785839	-0.118778276066341
1.57899999999994	-3635.93376604444	-103.447640942151	-138.642523297986	-0.998751582743851	2046.75339750534	-224.000569432368	-181.413663048553	0.776462993762327	1589.1803685391	327.448210374521	331.607783540232	0.212829507473892
1.57999999999994	-3929.48542087223	-6.64049082388374E-09	-47.36932434223	-1.04612090708608	2256.18289857367	-289.913780283162	-261.062333780161	0.515400659982166	1673.30252229856	289.913780289803	312.669711744492	0.525499219218384
1.58099999999994	-3105.67501334358	103.447640929484	45.2541630189169	-1.00086674406716	1675.08338756485	-327.448210371752	-312.991858568027	0.202408801414139	1430.59162577873	224.000569442266	257.690734411231	0.783189953629616
1.58199999999994	-1716.18531840454	196.769106009374	143.550114363164	-0.857316629703999	120.888345447863	-332.929728163342	-325.151725167152	-0.122742923753014	1595.29697295668	136.160622153964	180.076158312042	0.963266111941658
1.58299999999994	-638.795552835319	270.829440022091	234.372685863847	-0.622943943840153	-1760.49069452403	-305.821764504491	-306.702125752187	-0.4294450495052	2399.28624735935	34.9923244823946	84.6571350833493	1.04792324702501
1.58399999999994	-280.670951527815	318.379101465782	298.873255416819	-0.324070688423334	-3035.61898859776	-248.777835750416	-268.722020881419	-0.698167070386619	3316.28994012557	-69.6012657153722	-22.0203973823421	1.02590284964266
1.58499999999994	-322.028936483123	334.763598180368	329.752379026213	0.00568169060287921	-3245.9698112693	-167.381799095989	-209.203570320177	-0.907370640706796	3567.99874775242	-167.381799084385	-124.424204703411	0.901478644939254
1.58599999999994	-95.4942884047728	318.379101469934	330.378563581145	0.336060254184025	-2624.0037021407	-69.6012657285154	-121.57691528711	-1.02894755599391	2719.49799054548	-248.777835741425	-205.471676796277	0.696006968142977
1.58699999999994	872.138231970192	270.829440029989	297.019352831193	0.633079607015217	-1922.40571493811	34.9923244690313	-15.8687163727198	-1.04481627236663	1050.26748296792	-305.821764499026	-265.609625732128	0.430397342410849
1.58799999999994	2378.90311620311	196.769106020244	227.044475190463	0.86012408220568	-1722.39322056438	136.160622141689	86.9708377583191	-0.957845434608307	-656.509895638733	-332.929728161937	-311.584696314813	0.118812646096036
1.58899999999994	3637.60973355434	103.447640942263	138.615840125361	0.998739922331042	-2047.29508516874	224.00056943228	181.394986446266	-0.776450448162041	-1590.3146483856	-327.448210374546	-331.632522220087	-0.212819876124052
1.58999999999994	3926.48268633443	6.75828459861805E-09	47.3672330262569	1.0461071553573	-2253.12658468917	289.913780283104	261.005803034457	-0.515444645127584	-1673.35610164526	-289.913780289862	-312.709120334843	-0.525528996458895
1.59099999999994	3103.6214604412	-103.447640929408	-45.2268582915787	1.00088029706572	-1676.02013826281	327.448210371736	313.049560067112	-0.202395085060472	-1427.60132217839	-224.000569442325	-257.67877216243	-0.783207768621324
1.59199999999994	1716.58031582699	-196.769106009278	-143.566275760245	0.857314021305475	-124.249090103226	332.929728163354	325.167696714575	0.122772611654103	-1592.33122572376	-136.160622154072	-180.078005908069	-0.963285774529394
1.59299999999994	634.950030667236	-270.829440022022	-234.318036267578	0.622995985037896	1761.69017052121	305.821764504539	306.699512105536	0.429472123759639	-2396.64020118845	-34.9923244825117	-84.6298885469766	-1.04791566307637
1.59399999999994	274.936575000345	-318.379101465746	-298.926851455333	0.324069133582563	3036.93588011072	248.777835750495	268.652740376491	0.69812486413613	-3311.87245511106	69.601265715257	21.9393953200542	-1.02597626775632
1.59499999999994	322.24486921156	-334.763598180368	-329.768206817543	-0.00569907323497985	3249.96524236792	167.381799096091	209.206510080894	0.907331374217024	-3572.21011157948	167.381799084283	124.501486405259	-0.901474781351058
1.59599999999994	97.4037788980361	-318.379101469959	-330.371128747708	-0.336070201982688	2624.712944173	69.6012657285934	121.616014115588	1.02894738833261	-2722.11672307104	248.777835741372	205.481760943226	-0.695993020407832
1.59699999999993	-873.298348274329	-270.829440030058	-296.977845872633	-0.633048047855321	1922.2523235954	-34.9923244689142	15.8959785376549	1.04484336687027	-1048.95397532107	305.821764498978	265.606260710289	-0.430386759697543
1.59799999999993	-2377.97379618654	-196.76910602034	-227.064020518662	-0.860112068373984	1724.44193858601	-136.160622141581	-86.9915863795304	0.957851780490737	653.531857600527	332.929728161925	311.606780938157	-0.118779978759386
1.59899999999993	-3638.9147068396	-103.447640942375	-138.613079124914	-0.998725147498898	2049.96937753339	-224.000569432193	-181.411876539979	0.776439903950757	1588.94532930621	327.44821037457	331.611288770449	0.212831310011064
1.59999999999993	-3930.57979013008	-6.87604995164293E-09	-47.3780372610055	-1.0461031847599	2258.11923261777	-289.913780283044	-261.052605197839	0.515387298752919	1672.46055751231	289.913780289921	312.676473469375	0.525507783480438
1.60099999999993	-3103.49140055308	103.447640929296	45.2511447905848	-1.00085203996932	1671.17248225902	-327.448210371711	-312.935117369446	0.202452181383473	1432.31891829406	224.000569442413	257.692349907084	0.783200133387522
1.60199999999993	-1717.63198220908	196.769106009183	143.553417229886	-0.857298622739433	121.067646698014	-332.929728163366	-325.197408726294	-0.122745227342821	1596.56433551107	136.160622154179	180.058433211079	0.963258566598601
1.60299999999993	-633.43379193331	270.829440021952	234.313464134127	-0.622985158605306	-1764.45878975375	-305.821764504587	-306.688702636262	-0.429433929979083	2397.89258168706	34.9923244826288	84.6601192066734	1.04791868580527
1.60399999999993	-278.815417800025	318.379101465709	298.933905233596	-0.32405125337171	-3037.65716403971	-248.777835750574	-268.693617490986	-0.698127547470069	3316.47258183973	-69.6012657151417	-21.9907734250109	1.02592791238026
1.60499999999993	-324.983075309099	334.763598180368	329.740141102206	0.00568888773049645	-3244.96618119823	-167.381799096193	-209.266652913629	-0.907394200383698	3569.94925650733	-167.381799084181	-124.479745815605	0.901448166564659
1.60599999999993	-98.6686284458413	318.379101469995	330.420736824718	0.336109624555215	-2619.90233640167	-69.6012657287085	-121.558725939265	-1.02895292632296	2718.57096484752	-248.777835741293	-205.41389396089	0.696034272603769
1.60699999999993	871.038032442876	270.829440030116	296.995656826293	0.633105281381508	-1920.4054037594	34.992324468816	-15.8676947532035	-1.04482062107617	1049.36737131653	-305.821764498937	-265.620613465387	0.430413659138382
1.60799999999993	2376.59070141744	196.769106020435	227.012946954623	0.860118228336131	-1721.66406149007	136.160622141474	86.9383221922608	-0.957882298883906	-654.926639927371	-332.929728161913	-311.641062538215	0.118772596600167
1.60899999999993	3638.94682641895	103.447640942487	138.640401934464	0.998758630270595	-2043.89634267844	224.000569432105	181.424754919463	-0.776457543964443	-1595.05048374051	-327.448210374595	-331.542938555069	-0.212770341954902
1.60999999999993	3928.60648857193	6.99383662094988E-09	47.338405031719	1.04609703530231	-2255.15468907749	289.913780282986	261.01766739762	-0.515439876566823	-1673.45179949445	-289.913780289979	-312.761047252267	-0.525531389207169
1.61099999999993	3106.69900861081	-103.447640929184	-45.2350851317052	1.00086195017061	-1677.15964803891	327.448210371687	313.04362020681	-0.202396256360012	-1429.5393605719	-224.0005694425	-257.667284682642	-0.783198673889811
1.61199999999993	1717.9712472886	-196.769106009103	-143.552377471858	0.857309572698751	-123.694729752303	332.929728163377	325.1608360663	0.122764579706288	-1594.27651753629	-136.160622154269	-180.07311843376	-0.963271792323571
1.61299999999993	637.846613813971	-270.829440021883	-234.353917822106	0.622955654876646	1760.20207345949	305.821764504634	306.687764634826	0.429452344341114	-2398.04868727346	-34.992324482746	-84.6577947877696	-1.04792958711134
1.61399999999993	283.880646471224	-318.379101465673	-298.942133131393	0.324013521745252	3030.34787129956	248.777835750653	268.714065708043	0.698166410049157	-3314.22851777079	69.6012657150265	21.972877557151	-1.02595670955419
1.61499999999993	326.787052507573	-334.763598180368	-329.73079877576	-0.00571727703050746	3244.75934470155	167.381799096295	209.212106757257	0.907378516806414	-3571.54639720912	167.381799084079	124.494229514033	-0.901462480040156
1.61599999999993	100.352077365593	-318.379101470038	-330.403278504432	-0.33612055553494	2621.57636825877	69.6012657288424	121.563677486261	1.02894219429267	-2721.92844562436	248.777835741202	205.443849885802	-0.696018630154354
1.61699999999993	-873.891029520239	-270.829440030185	-296.925230590425	-0.633045786125365	1921.84834304151	-34.9923244686988	15.9092928366908	1.04485148712937	-1047.95731352128	305.82176449889	265.630979160994	-0.43038765099336
1.61799999999993	-2377.63824213992	-196.76910602053	-227.063271515606	-0.86010905764097	1722.56309957293	-136.160622141366	-86.9748283045465	0.957876658824819	655.075142566995	332.9297281619	311.60937711062	-0.11877827388274
1.61899999999993	-3635.9337773776	-103.447640942599	-138.642529475887	-0.998751587116857	2046.75341197538	-224.000569432018	-181.413669587948	0.776462989236871	1589.18036540222	327.448210374619	331.607776954986	0.212829503072246
1.61999999999993	-3929.48543111167	-7.11166592282098E-09	-47.3693270382896	-1.04612091415515	2256.18289586809	-289.913780282927	-261.062336364641	0.51540065287223	1673.30253524359	289.913780290038	312.669708945013	0.525499212017259
1.62099999999993	-3105.67498903491	103.447640929054	45.2541658388654	-1.00086674831628	1675.08336330099	-327.448210371658	-312.991855375093	0.202408797497137	1430.59162573392	224.000569442602	257.69073753993	0.783189949557189
1.62199999999993	-1716.18530235895	196.769106009008	143.550120983828	-0.857316627332453	120.888332118127	-332.929728163389	-325.151718652952	-0.122742921155815	1595.29697024082	136.160622154377	180.07616490693	0.963266114464119
1.62299999999993	-638.795559222794	270.829440021825	234.372690281688	-0.622943937050764	-1760.4906756801	-305.821764504674	-306.702121686735	-0.429445042842551	2399.28623490289	34.9923244828442	84.6571394253406	1.04792325388946
1.62399999999993	-280.67095749551	318.379101465637	298.873254141811	-0.324070682908954	-3035.61899170305	-248.777835750732	-268.722022017912	-0.698167064860463	3316.28994919856	-69.6012657149113	-22.0203987953567	1.0259028550941
1.62499999999993	-322.028937091804	334.763598180368	329.752373256725	0.00568169034777117	-3245.96982741278	-167.381799096414	-209.20357596802	-0.907370640828483	3567.99876450458	-167.381799083944	-124.42421049465	0.901478644599454
1.62599999999993	-95.4942766088792	318.379101470074	330.37855795636	0.336060248304131	-2624.00369778829	-69.6012657289576	-121.576920959651	-1.02894756178813	2719.49797439717	-248.77783574111	-205.471682125118	0.696006962474335
1.62699999999993	872.138228667942	270.829440030254	297.019352199461	0.633079600503593	-1922.40571114809	34.9923244685817	-15.8687170991594	-1.04481627888729	1050.26748248015	-305.821764498834	-265.609626557337	0.430397335916998
1.62799999999993	2378.90308563963	196.76910602061	227.044480060061	0.860124080563654	-1722.39322007447	136.160622141276	86.9708424634719	-0.957845436423821	-656.509865565159	-332.929728161888	-311.584691833917	0.118812644083081
1.62899999999993	3637.60973515455	103.447640942712	138.615845928862	0.998739926492516	-2047.29509119507	224.00056943193	181.39499249411	-0.776450443929712	-1590.31464395948	-327.448210374644	-331.632516056927	-0.212819871973846
1.62999999999993	3926.48269149351	7.24843118860008E-09	47.3672355327637	1.04610716202528	-2253.12658133031	289.913780282858	261.005805504615	-0.515444638425097	-1673.3561101632	-289.913780290116	-312.709117719685	-0.525528989693531
1.63099999999993	3103.62143936402	-103.447640928942	-45.2268610308226	1.00088030099446	-1676.02011881186	327.448210371634	313.049557044622	-0.202395081380475	-1427.60132055216	-224.000569442704	-257.678775139926	-0.783207764833457
1.63199999999993	1716.58030108011	-196.769106008913	-143.566281991771	0.857314019002686	-124.24907873394	332.929728163401	325.167690561054	0.122772609180579	-1592.33122234617	-136.160622154502	-180.07801211988	-0.963285776953337
1.63299999999993	634.950039393258	-270.829440021756	-234.318040437938	0.622995978564748	1761.6901496889	305.821764504723	306.69950829617	0.429472117476749	-2396.64018908215	-34.9923244829803	-84.6298926274822	-1.04791566958082
1.63399999999993	274.936583270181	-318.379101465594	-298.926850175423	0.324069128389324	3036.93589072129	248.777835750823	268.652741455995	0.698124858932744	-3311.87247399147	69.6012657147589	21.9393968022148	-1.0259762727786
1.63499999999993	322.244869150585	-334.763598180368	-329.768201416813	-0.00569907302748878	3249.96525879798	167.381799096516	209.20651538609	0.907331374318833	-3572.21012794856	167.381799083842	124.501491744992	-0.901474781033611
1.63599999999993	97.4037632954111	-318.37910147011	-330.371123409093	-0.336070196436582	2624.7129359157	69.6012657290728	121.616019508571	1.0289473938274	-2722.11669921111	248.777835741031	205.48176591534	-0.695993015118272
1.63699999999993	-873.298345206664	-270.829440030324	-296.977845322015	-0.633048041758597	1922.25231763613	-34.9923244684835	15.8959791953104	1.04484337302271	-1048.95397242946	305.821764498786	265.606261508717	-0.430386753609554
1.63799999999993	-2377.97377095884	-196.769106020705	-227.064025081557	-0.860112066840153	1724.44193697511	-136.160622141186	-86.9915908183495	0.957851782204365	653.53183398373	332.929728161876	311.606776701473	-0.118779976908081
1.63899999999993	-3638.91470343738	-103.447640942805	-138.613084715201	-0.998725151555354	2049.96938120709	-224.000569431871	-181.411882299057	0.776439899905308	1588.94532223029	327.448210374668	331.611282945446	0.212831306037365
1.63999999999993	-3930.57979864656	-7.36623206876175E-09	-47.3780395553722	-1.04610319111073	2258.11923114527	-289.913780282809	-261.052607536993	0.515387292368315	1672.46056750129	289.913780290175	312.676470986169	0.525507777023534
1.64099999999993	-3103.4913803298	103.44764092883	45.2511474022035	-1.00085204370852	1671.17246479677	-327.448210371613	-312.935114460845	0.20245217790747	1432.31891553303	224.000569442791	257.692352789019	0.783200129812553
1.64199999999993	-1717.63197764119	196.769106008817	143.553423235895	-0.857298620472628	121.067642204062	-332.929728163412	-325.197402894733	-0.122745224987263	1596.56433543713	136.16062215461	180.058439105325	0.963258568917879
1.64299999999993	-633.433805182625	270.829440021687	234.313468005222	-0.622985152467407	-1764.45876348492	-305.821764504763	-306.688699086243	-0.429433924073506	2397.89256866754	34.9923244830973	84.6601230480204	1.0479186919659
1.64399999999993	-278.815422628604	318.37910146557	298.9339040231	-0.324051248444307	-3037.65717078333	-248.777835750864	-268.693618441663	-0.698127542515169	3316.47259341194	-69.6012657146809	-21.9907747432042	1.02592791722269
1.64499999999993	-324.983062656747	334.763598180368	329.740135876585	0.00568888743227813	-3244.96620531034	-167.381799096601	-209.266657905269	-0.907394200420438	3569.94926796709	-167.38179908374	-124.479750930228	0.901448166292467
1.64599999999993	-98.6686226190913	318.379101470147	330.42073194739	0.336109619379669	-2619.90233091221	-69.6012657291694	-121.558731044605	-1.02895293146504	2718.5709535313	-248.777835740953	-205.413898730584	0.696034267561883
1.64699999999993	871.038032377214	270.829440030393	296.99565615176	0.633105275531429	-1920.40540039501	34.9923244683663	-15.867695453482	-1.04482062691853	1049.3673680178	-305.821764498738	-265.62061422538	0.430413653336503
1.64799999999993	2376.5906806401	196.769106020801	227.012951248917	0.860118226780346	-1721.66405726669	136.160622141078	86.9383263398019	-0.957882300578723	-654.926623373413	-332.929728161863	-311.64105851434	0.118772594822163
1.64899999999993	3638.94682615097	103.447640942917	138.640407284263	0.998758634064609	-2043.89634788439	224.000569431784	181.424760457813	-0.776457540120911	-1595.05047826658	-327.448210374693	-331.542933010804	-0.212770338188641
1.64999999999993	3928.60650119125	7.48403294892341E-09	47.3384071995598	1.04609704126417	-2255.1546990762	289.91378028275	261.017669685344	-0.515439870435567	-1673.45180211505	-289.913780290234	-312.761044947089	-0.52553138313573
1.65099999999993	3106.69899087385	-103.447640928718	-45.2350876024943	1.00086195366167	-1677.15962767869	327.448210371589	313.043617338876	-0.202396253096691	-1429.53936319516	-224.000569442879	-257.667287350685	-0.783198670486415
1.65199999999993	1717.97123599124	-196.769106008722	-143.55238300136	0.857309570660315	-123.694718704267	332.929728163424	325.16083062486	0.122764577528169	-1594.27651728698	-136.160622154717	-180.073123946943	-0.963271794433358
1.65299999999993	637.846618947092	-270.829440021617	-234.353921497371	0.622955649162944	1760.20205787016	305.821764504811	306.687761237802	0.429452338765971	-2398.04867681725	-34.9923244832145	-84.6577984273116	-1.04792959286067
1.65399999999993	283.880651007834	-318.379101465533	-298.942132058866	0.324013517104078	3030.34787804353	248.777835750943	268.714066636279	0.698166405402251	-3314.22852905136	69.6012657145657	21.9728787681732	-1.0259567140925
1.65499999999993	326.787047845653	-334.763598180368	-329.730793922409	-0.00571727681833098	3244.75935919424	167.38179909667	209.212111496397	0.907378516898648	-3571.54640703989	167.381799083671	124.494234302613	-0.901462479789883
1.65599999999993	100.352082156483	-318.379101470183	-330.403273886006	-0.336120550704337	2621.57636100537	69.6012657292846	121.563682305578	1.02894219920423	-2721.92844316186	248.777835740874	205.4438544872	-0.696018625302683
1.65699999999993	-873.89103227456	-270.829440030462	-296.925229861573	-0.633045780565911	1921.84833907781	-34.9923244682492	15.9092934990173	1.04485149270324	-1047.95730680325	305.82176449869	265.630979811805	-0.430387645490878
1.65799999999993	-2377.63821919672	-196.769106020896	-227.063275617117	-0.860109056183027	1722.56309864126	-136.16062214097	-86.9748322529619	0.957876660450281	655.075120555452	332.929728161851	311.609373369583	-0.118778272121295
1.65899999999993	-3635.93378787006	-103.447640943029	-138.642534407115	-0.998751590590142	2046.75342429433	-224.000569431696	-181.413674820421	0.776462985629861	1589.18036357573	327.448210374717	331.607771685132	0.212829499563837
1.65999999999993	-3929.48543773167	-7.56372742216627E-09	-47.3693292276597	-1.0461209198178	2256.18289191291	-289.91378028271	-261.06233842848	0.515400647201381	1673.30254581876	289.913780290274	312.669706695329	0.525499206259165
1.66099999999993	-3105.67496921474	103.447640928606	45.2541680726022	-1.0008667517452	1675.08334395165	-327.448210371564	-312.991852861732	0.202408794339649	1430.59162526309	224.000569442966	257.690740017847	0.783189946277013
1.66199999999993	-1716.18528993409	196.769106008627	143.550126303524	-0.857316625441676	120.888321526349	-332.929728163436	-325.151713423529	-0.12274291908388	1595.29696840774	136.160622154825	180.076170196095	0.963266116473108
1.66299999999993	-638.795563703826	270.829440021548	234.372693814367	-0.622943931627309	-1760.49066144131	-305.821764504859	-306.702118423083	-0.429445037506964	2399.28622514513	34.9923244833317	84.657142905039	1.04792325937815
1.66399999999993	-280.670962251135	318.379101465497	298.873253130739	-0.32407067849657	-3035.61899367583	-248.777835751022	-268.722022930632	-0.698167060437596	3316.28995592697	-69.6012657144505	-22.0203999156483	1.0259028594625
1.66499999999993	-322.028937778066	334.763598180368	329.752368657118	0.00568169016054828	-3245.9698387451	-167.381799096772	-209.203580479227	-0.907370640916823	3567.99877652317	-167.381799083569	-124.424215107	0.901478644355499
1.66599999999993	-95.4942670608357	318.37910147022	330.378553440038	0.336060243600586	-2624.00369447648	-69.6012657293998	-121.576925501276	-1.0289475664181	2719.49796153731	-248.777835740795	-205.471686411639	0.696006957943859
1.66699999999993	872.138225837003	270.829440030531	297.019351681454	0.63307959528204	-1922.40570918783	34.9923244681321	-15.8687176889027	-1.044816284107	1050.26748335083	-305.821764498642	-265.609627240167	0.430397330703693
1.66799999999993	2378.90306078221	196.769106020991	227.044483963973	0.860124079246014	-1722.39322009927	136.160622140863	86.9708462302944	-0.957845437876707	-656.509840682938	-332.929728161839	-311.584688240163	0.118812642463529
1.66899999999993	3637.60973641316	103.447640943141	138.615850557067	0.998739929803081	-2047.29509556113	224.000569431608	181.394997314382	-0.776450440562325	-1590.31464085203	-327.448210374742	-331.632511130637	-0.212819868667108
1.66999999999993	3926.48269349599	7.68155672403736E-09	47.3672375626741	1.04610716736576	-2253.12657693258	289.913780282651	261.005807482544	-0.515444633079781	-1673.35611656341	-289.913780290333	-312.709115622614	-0.525528984289722
1.67099999999993	3103.62142255343	-103.44764092853	-45.2268632124819	1.00088030415327	-1676.02010398676	327.448210371548	313.049554665394	-0.202395078414387	-1427.60131856667	-224.000569443025	-257.678777500811	-0.783207761790533
1.67199999999993	1716.58028976198	-196.769106008531	-143.566286996168	0.857314017157105	-124.249069875652	332.929728163448	325.167685618854	0.122772607204467	-1592.33121988633	-136.160622154932	-180.078017099865	-0.963285778890398
1.67299999999993	634.950046167924	-270.829440021479	-234.318043771214	0.622995973385891	1761.69013347351	305.821764504907	306.699505242763	0.42947211244723	-2396.64017964143	-34.9923244834488	-84.629895893275	-1.04791567478367
1.67399999999993	274.936590315653	-318.37910146546	-298.92684915024	0.324069124235651	3036.93589979443	248.7778357511	268.652742323917	0.698124854771147	-3311.87249011008	69.6012657143353	21.9393979985076	-1.02597627678517
1.67499999999993	322.244869149197	-334.763598180368	-329.768197119671	-0.00569907288402004	3249.96527085184	167.381799096874	209.206519615479	0.907331374386626	-3572.21014000104	167.381799083467	124.501495977485	-0.90147478080768
1.67599999999993	97.403749892141	-318.379101470244	-330.371119116532	-0.336070192000553	2624.71292891805	69.6012657294778	121.616023834128	1.02894739822075	-2722.11667881019	248.777835740742	205.481769905867	-0.695993010901813
1.67699999999993	-873.298342410574	-270.829440030601	-296.977844879301	-0.633048036879854	1922.25231348564	-34.9923244680149	15.8959797252665	1.04484337794602	-1048.95397107507	305.821764498594	265.606262172356	-0.430386748729458
1.67799999999993	-2377.97375105227	-196.769106021087	-227.064028730565	-0.860112065610419	1724.44193578191	-136.160622140755	-86.9915943686903	0.95785178357733	653.531815270365	332.929728161826	311.606773302297	-0.118779975427161
1.67899999999993	-3638.91470005531	-103.447640943253	-138.61308918958	-0.998725154799999	2049.96938352097	-224.000569431521	-181.411886897364	0.776439896679967	1588.94531653435	327.448210374766	331.611278290887	0.212831302863727
1.67999999999993	-3930.579803857	-7.79930076078017E-09	-47.3780414048107	-1.04610319620481	2258.11922838231	-289.913780282592	-261.052609408677	0.515387287271289	1672.46057547469	289.913780290392	312.676468992379	0.525507771856105
1.68099999999993	-3103.49136408611	103.447640928418	45.2511494860996	-1.00085204671871	1671.17245159519	-327.448210371523	-312.935112163771	0.202452175107518	1432.31891249092	224.000569443113	257.692355085306	0.783200126941412
1.68199999999993	-1717.63197575413	196.769106008436	143.553428075476	-0.857298618643234	121.067639760016	-332.929728163461	-325.197398209766	-0.122745223102248	1596.56433599411	136.16062215504	180.058443834072	0.963258570775483
1.68299999999993	-633.433816558386	270.82944002141	234.313471091423	-0.622985147551811	-1764.45874166107	-305.821764504955	-306.688696249237	-0.429433919351485	2397.89255821945	34.9923244835659	84.6601261204841	1.04791869689597
1.68399999999993	-278.81542643004	318.379101465424	298.933903052329	-0.324051244499482	-3037.6571764087	-248.777835751179	-268.693619192726	-0.698127538544211	3316.47260283874	-69.6012657142201	-21.9907757960782	1.02592792109989
1.68499999999993	-324.983050766373	334.763598180368	329.740131699823	0.00568888720034059	-3244.96622470899	-167.381799096976	-209.266661884187	-0.907394200428398	3569.94927547536	-167.381799083365	-124.479754994437	0.901448166105452
1.68599999999993	-98.668618658912	318.379101470281	330.420728053192	0.336109615253533	-2619.90232630552	-69.601265729593	-121.55873513928	-1.02895293556768	2718.57094496444	-248.777835740663	-205.413902567966	0.696034263537486
1.68699999999993	871.038032088375	270.829440030647	296.99565558808	0.633105270841613	-1920.40539849966	34.9923244679356	-15.8676960284323	-1.04482063159611	1049.36736641128	-305.821764498562	-265.620614858502	0.430413648678984
1.68799999999992	2376.59066473669	196.769106021182	227.012954676915	0.860118225518528	-1721.66405357184	136.160622140648	86.9383296494176	-0.957882301946692	-654.926611164849	-332.929728161814	-311.641055283053	0.118772593395931
1.68899999999992	3638.94682576475	103.447640943365	138.640411575381	0.998758637093909	-2043.89635169926	224.000569431433	181.424764893589	-0.776457537053103	-1595.05047406549	-327.448210374791	-331.54292857512	-0.212770335179189
1.68999999999992	3928.60651052742	7.91706611380505E-09	47.3384089472345	1.04609704604114	-2255.1547074561	289.913780282533	261.017671529465	-0.515439865523638	-1673.45180307132	-289.913780290451	-312.761043102447	-0.525531378281636
1.69099999999992	3106.69897678299	-103.447640928306	-45.2350895736779	1.00086195646747	-1677.15961145226	327.448210371499	313.043615053284	-0.202396250470354	-1429.53936533073	-224.0005694432	-257.667289467032	-0.783198667748668
1.69199999999992	1717.97122764297	-196.769106008372	-143.552387437869	0.857309569029596	-123.694709884114	332.929728163469	325.160826262448	0.122764575792094	-1594.27651775886	-136.160622155113	-180.073128362279	-0.963271796110947
1.69299999999992	637.846622686205	-270.82944002134	-234.353924429767	0.622955644599829	1760.20204592543	305.821764505002	306.68775851755	0.429452334309644	-2398.04866861163	-34.9923244836831	-84.6578013411696	-1.04792959745212
1.69399999999992	283.880654292163	-318.379101465388	-298.942131209134	0.324013513390695	3030.3478837429	248.777835751258	268.71406737184	0.698166401681485	-3314.22853803506	69.6012657141049	21.9728797272973	-1.02595671772482
1.69499999999992	326.787043569217	-334.763598180368	-329.73079005427	-0.00571727666357525	3244.75936957964	167.381799097078	209.212115281736	0.907378516963221	-3571.54641314885	167.381799083263	124.494238105821	-0.901462479618999
1.69599999999992	100.352088352837	-318.379101470317	-330.40327019974	-0.336120546863315	2621.57635478087	69.6012657297083	121.563686167191	1.02894220313041	-2721.92844313371	248.777835740584	205.443858203028	-0.696018621415971
1.69699999999992	-873.891034813978	-270.829440030717	-296.925229239654	-0.633045776102969	1921.84833661612	-34.9923244678185	15.9092940434578	1.04485149717387	-1047.95730180215	305.821764498514	265.630980344625	-0.430387641071345
1.69799999999992	-2377.63820101961	-196.769106021277	-227.06327889998	-0.860109055002948	1722.56309807052	-136.16062214054	-86.9748354089956	0.957876661764874	655.075102949088	332.929728161802	311.609370373707	-0.118778270697639
1.69899999999992	-3635.93379763626	-103.447640943478	-138.642538343971	-0.998751593346919	2046.75343486428	-224.000569431346	-181.413679009847	0.776462982755027	1589.18036277198	327.448210374815	331.607767465014	0.212829496767376
1.69999999999992	-3929.4854415709	-8.03488120482143E-09	-47.3693310108857	-1.0461209243578	2256.18288705172	-289.913780282475	-261.062340077041	0.515400642677986	1673.30255451918	289.913780290509	312.669704884734	0.52549920165211
1.70099999999992	-3105.67495299757	103.447640928194	45.2541698397269	-1.00086675451808	1675.08332849628	-327.448210371474	-312.991850888255	0.202408791789731	1430.59162450129	224.000569443288	257.690741977825	0.783189943629935
1.70199999999992	-1716.18528035215	196.769106008276	143.550130583919	-0.857316623934159	120.888313105754	-332.929728163482	-325.151709220118	-0.122742917430387	1595.29696724639	136.16062215522	180.076174443114	0.963266118073049
1.70299999999992	-638.79556670176	270.829440021294	234.372696641223	-0.622943927292936	-1760.4906508142	-305.821764505035	-306.702115799797	-0.429445033230184	2399.28621751596	34.9923244837623	84.6571456965396	1.04792326376959
1.70399999999992	-280.670965800439	318.379101465351	298.873252331588	-0.324070674961348	-3035.61899448079	-248.777835751337	-268.72202366303	-0.698167056893214	3316.28996028123	-69.6012657139896	-22.0204007959919	1.0259028629736
1.70499999999992	-322.028938479206	334.763598180368	329.752364987924	0.00568169002657592	-3245.96984636063	-167.38179909718	-209.20358408523	-0.907370640978443	3567.99878483983	-167.381799083161	-124.424218786706	0.90147864418689
1.70599999999992	-95.4942592574598	318.379101470353	330.378549808209	0.336060239834785	-2624.00369202751	-69.6012657298235	-121.576929140941	-1.02894757011938	2719.49795128497	-248.777835740505	-205.471689865912	0.696006954320979
1.70699999999992	872.138223466513	270.829440030786	297.019351254797	0.633079591089582	-1922.40570864249	34.9923244677014	-15.8687181692405	-1.04481628828862	1050.26748517598	-305.821764498466	-265.609627807745	0.430397326513234
1.70799999999992	2378.90304047742	196.769106021372	227.044487097748	0.86012407818733	-1722.39322052529	136.160622140432	86.9708492483828	-0.957845439040242	-656.509819952122	-332.92972816179	-311.584685355182	0.118812641158052
1.70899999999992	3637.60973742434	103.44764094359	138.615854247995	0.998739932435326	-2047.29509864267	224.000569431258	181.395001156235	-0.776450437884007	-1590.31463878167	-327.44821037484	-331.63250719069	-0.212819866032638
1.70999999999992	3926.48269310505	8.15263945241895E-09	47.3672392109091	1.04610717164623	-2253.12657179329	289.913780282416	261.005809067457	-0.51544462881655	-1673.35612131176	-289.913780290568	-312.709113939161	-0.5255289799718
1.71099999999992	3103.6214091301	-103.447640928082	-45.2268649493299	1.0008803066969	-1676.02009277959	327.44821037145	313.049552797589	-0.20239507601896	-1427.60131635051	-224.000569443375	-257.67877937033	-0.78320775934213
1.71199999999992	1716.58028113438	-196.769106008181	-143.566291020649	0.857314015676256	-124.249062979793	332.929728163494	325.167681643938	0.122772605624978	-1592.33121815458	-136.160622155328	-180.078021096772	-0.963285780438901
1.71299999999992	634.950051424571	-270.829440021202	-234.31804643814	0.622995969238116	1761.69012085766	305.821764505098	306.699502792354	0.429472108417332	-2396.64017228223	-34.9923244839173	-84.6298985103108	-1.04791567894921
1.71399999999992	274.936596343547	-318.379101465315	-298.926848326873	0.324069120911243	3036.93590763087	248.777835751416	268.652743023492	0.698124851440824	-3311.87250397442	69.6012657138744	21.9393989675465	-1.02597627998167
1.71499999999992	322.244869147859	-334.763598180368	-329.768193702063	-0.00569907279082	3249.96527952747	167.381799097282	209.206522986551	0.907331374427375	-3572.21014867532	167.381799083059	124.501499328353	-0.901474780653312
1.71599999999992	97.4037382220455	-318.37910147039	-330.371115659151	-0.336070188449971	2624.71292297438	69.6012657299386	121.616027307878	1.02894740173525	-2722.11666119643	248.777835740426	205.481773112656	-0.695993007540656
1.71699999999992	-873.298339901879	-270.829440030878	-296.9778445229	-0.633048032972872	1922.25231075272	-34.9923244675464	15.8959801531937	1.04484338188845	-1048.95397085084	305.821764498403	265.606262727074	-0.430386744813583
1.71799999999992	-2377.9737353921	-196.769106021468	-227.064031650469	-0.860112064623341	1724.44193489681	-136.160622140325	-86.9915972097703	0.957851784678676	653.531800495284	332.929728161777	311.606770572142	-0.11877997424144
1.71899999999992	-3638.91469677367	-103.447640943701	-138.613092773367	-0.998725157396707	2049.96938479619	-224.000569431171	-181.411890570325	0.77643989410835	1588.94531197748	327.448210374864	331.611274569784	0.212831300328344
1.71999999999992	-3930.5798065423	-8.27044743800798E-09	-47.378042898424	-1.04610320029513	2258.11922465242	-289.913780282357	-261.052610907137	0.515387283201213	1672.46058188988	289.913780290627	312.676467389403	0.525507767717748
1.72099999999992	-3103.49135103015	103.44764092797	45.2511511489355	-1.0008520491462	1671.17244174706	-327.448210371425	-312.9351103535	0.202452172847713	1432.31890928309	224.000569443463	257.692356914644	0.783200124632392
1.72199999999992	-1717.63197592049	196.769106008055	143.553431982636	-0.85729861716356	121.067638840135	-332.92972816351	-325.197394440327	-0.122745221592614	1596.56433708036	136.16062215547	180.058447631926	0.963258572264318
1.72299999999992	-633.433826404939	270.829440021133	234.313473551914	-0.622985143611646	-1764.45872344595	-305.821764505146	-306.688693981173	-0.429433915573787	2397.89254985089	34.9923244840345	84.6601285796947	1.04791870084401
1.72399999999992	-278.815429416837	318.379101465279	298.933902272984	-0.324051241338662	-3037.6571811686	-248.777835751494	-268.693619784821	-0.698127535358608	3316.47261058543	-69.6012657137592	-21.9907766373784	1.02592792420663
1.72499999999992	-324.98303955772	334.763598180368	329.740128359785	0.00568888702112234	-3244.96624036699	-167.381799097384	-209.266665055678	-0.907394200414286	3569.94927992471	-167.381799082957	-124.479758221601	0.901448165985034
1.72599999999992	-98.6686161574132	318.379101470438	330.420724942922	0.336109611964044	-2619.90232239069	-69.6012657300911	-121.558738427435	-1.02895293884172	2718.5709385481	-248.777835740322	-205.413905660503	0.696034260324531
1.72699999999992	871.038031640906	270.829440030947	296.995655114304	0.633105267078348	-1920.40539775106	34.9923244674292	-15.8676965020121	-1.04482063534373	1049.36736611016	-305.821764498355	-265.620615388964	0.430413644935567
1.72799999999992	2376.59065269821	196.769106021563	227.012957413722	0.86011822449207	-1721.6640503124	136.160622140217	86.9383322904661	-0.957882303053268	-654.926602385809	-332.929728161765	-311.641052684953	0.118772592250615
1.72899999999992	3638.94682532155	103.447640943813	138.640415021047	0.998758639513117	-2043.89635443979	224.000569431083	181.424768449455	-0.776457534603813	-1595.05047088176	-327.448210374889	-331.542925024056	-0.212770332773441
1.72999999999992	3928.60651730853	8.38821279103286E-09	47.3384103589415	1.04609704987206	-2255.15471454195	289.913780282298	261.017673018916	-0.515439861584897	-1673.45180276658	-289.913780290686	-312.761041625328	-0.52553137439877
1.73099999999992	3106.69896559568	-103.447640927822	-45.2350911461792	1.00086195872588	-1677.15959851563	327.448210371393	313.043613231961	-0.202396248352937	-1429.53936708005	-224.000569443579	-257.667291143922	-0.783198665542691
1.73199999999992	1717.97122159926	-196.76910600796	-143.55239100171	0.857309567724169	-123.694702805844	332.929728163522	325.160822761126	0.12276457440819	-1594.27651879342	-136.160622155578	-180.073131901417	-0.963271797444108
1.73299999999992	637.846625369984	-270.829440021064	-234.353926770624	0.622955640953545	1760.20203680784	305.821764505194	306.687756337538	0.429452330745728	-2398.04866217782	-34.9923244841516	-84.6578036766197	-1.04792960112073
1.73399999999992	283.880656665304	-318.379101465242	-298.942130535216	0.324013510418329	3030.34788872525	248.777835751573	268.714067954556	0.698166398700284	-3314.22854539055	69.601265713644	21.9728804891277	-1.0259567206316
1.73499999999992	326.787039636633	-334.763598180368	-329.730786972046	-0.00571727655371635	3244.75937672243	167.381799097486	209.212118306393	0.907378517006677	-3571.54641635906	167.381799082855	124.494241121879	-0.901462479509721
1.73599999999992	100.352095573844	-318.379101470475	-330.403267257277	-0.336120543810993	2621.5763494061	69.6012657302064	121.563689263714	1.02894220627039	-2721.92844497994	248.777835740243	205.443861210461	-0.69601861829926
1.73699999999992	-873.891037171994	-270.829440031016	-296.925228704816	-0.633045772515809	1921.84833531597	-34.9923244673121	15.9092944931016	1.04485150076349	-1047.95729814398	305.821764498307	265.630980782453	-0.430387637516808
1.73799999999992	-2377.63818662951	-196.769106021658	-227.06328152975	-0.860109054045559	1722.56309776672	-136.16062214011	-86.9748379330291	0.957876662830464	655.075088862789	332.929728161753	311.609367972438	-0.118778269544369
1.73899999999992	-3635.93380677318	-103.447640943926	-138.642541487473	-0.998751595533032	2046.75344401065	-224.000569430996	-181.413682366827	0.776462980463637	1589.18036276253	327.448210374913	331.607764082824	0.212829494538455
1.73999999999992	-3929.48544329266	-8.50602077662188E-09	-47.369332468306	-1.04612092800134	2256.18288155874	-289.913780282239	-261.062341394152	0.515400639069485	1673.30256173393	289.913780290745	312.669703425158	0.525499197963613
1.74099999999992	-3105.67493964995	103.44764092771	45.2541712351944	-1.00086675676614	1675.08331614454	-327.448210371368	-312.991849343672	0.202408789725813	1430.5916235054	224.000569443666	257.690743525916	0.783189941489529
1.74199999999992	-1716.18527302896	196.769106007864	143.55013403405	-0.857316622732094	120.888306405644	-332.929728163535	-325.151705836315	-0.122742916110502	1595.29696662332	136.160622155686	180.076177857548	0.963266119347077
1.74299999999992	-638.795568521642	270.829440020994	234.372698904674	-0.622943923827419	-1760.49064304329	-305.821764505242	-306.702113688043	-0.429445029798545	2399.28621156493	34.9923244842688	84.6571479387062	1.04792326728578
1.74399999999992	-280.670968631584	318.379101465206	298.873251699296	-0.324070672128123	-3035.61899461715	-248.777835751652	-268.72202425346	-0.698167054052006	3316.28996324874	-69.6012657135288	-22.0204014922569	1.02590286579353
1.74499999999992	-322.028939204697	334.763598180368	329.752362062079	0.00568168993395593	-3245.96985105317	-167.381799097588	-209.203586967954	-0.907370641019959	3567.99879025787	-167.381799082753	-124.424221716932	0.901478644076594
1.74599999999992	-95.4942528780835	318.379101470511	330.378546883204	0.33606023681716	-2624.00369024634	-69.6012657303214	-121.576932060463	-1.02894757308042	2719.49794312443	-248.777835740165	-205.471692654848	0.696006951421746
1.74699999999992	872.138221477312	270.829440031085	297.019350901464	0.633079587718624	-1922.40570918342	34.992324467195	-15.8687185616482	-1.04481629164207	1050.26748770611	-305.821764498259	-265.609628282195	0.43039732313955
1.74799999999992	2378.90302380534	196.769106021754	227.044489617261	0.860124077335886	-1722.39322126659	136.160622140002	86.970851669539	-0.957845439972532	-656.50980253875	-332.92972816174	-311.584683035879	0.118812640103672
1.74899999999992	3637.60973822087	103.447640944038	138.61585719169	0.998739934527575	-2047.2951007187	224.000569430908	181.395004218	-0.776450435754532	-1590.31463750217	-327.448210374938	-331.632504037571	-0.212819863933899
1.74999999999992	3926.48269092126	8.6237790242194E-09	47.3672405532601	1.04610717508084	-2253.12656618038	289.91378028218	261.005810338881	-0.515444625415651	-1673.35612474088	-289.913780290804	-312.709112586084	-0.525528976519983
1.75099999999992	3103.62139842806	-103.447640927634	-45.2268663318505	1.00088030874899	-1676.02008447732	327.448210371352	313.049551335903	-0.202395074079748	-1427.60131395074	-224.000569443726	-257.678780849138	-0.783207757369121
1.75199999999992	1716.58027463907	-196.769106007769	-143.566294262408	0.857314014486578	-124.249057663892	332.929728163547	325.16767844147	0.122772604361722	-1592.33121697518	-136.160622155793	-180.078024308779	-0.9632857816779
1.75299999999992	634.950055466333	-270.829440020925	-234.318048573338	0.62299596591324	1761.69011109575	305.82176450529	306.699500823237	0.429472105184959	-2396.64016656208	-34.9923244843859	-84.6299006094967	-1.0479156822874
1.75399999999992	274.936601563781	-318.379101465169	-298.926847664509	0.324069118248731	3036.93591441578	248.777835751731	268.652743589131	0.69812484877409	-3311.87251597956	69.6012657134136	21.9393997551303	-1.02597628253227
1.75499999999992	322.244869149934	-334.763598180368	-329.76819098507	-0.00569907273633914	3249.96528557481	167.38179909769	209.206525673131	0.90733137444722	-3572.21015472475	167.381799082651	124.501501977681	-0.901474780554585
1.75599999999992	97.4037279778743	-318.379101470536	-330.371112868934	-0.336070185605274	2624.71291788651	69.6012657303994	121.616030101863	1.02894740454908	-2722.11664586438	248.777835740111	205.481775693471	-0.695993004861115
1.75699999999992	-873.298337620631	-270.829440031154	-296.977844235931	-0.633048029841205	1922.25230911541	-34.9923244670778	15.8959804993251	1.04484338504841	-1048.95397149478	305.821764498211	265.60626319347	-0.430386741667645
1.75799999999992	-2377.97372308631	-196.769106021849	-227.064033989004	-0.860112063830209	1724.44193426159	-136.160622139894	-86.9915994854103	0.957851785562998	653.531788824721	332.929728161728	311.606768376084	-0.118779973291561
1.75899999999992	-3638.91469359033	-103.44764094415	-138.613095646221	-0.998725159476429	2049.96938527832	-224.000569430821	-181.411893505237	0.776439892057761	1588.94530831201	327.448210374962	331.611271593325	0.212831298301764
1.75999999999992	-3930.57980725725	-8.74158700980843E-09	-47.3780441076932	-1.04610320358412	2258.11922020943	-289.913780282121	-261.052612107562	0.515387279950199	1672.46058704782	289.913780290863	312.676466098629	0.525507764400393
1.76099999999992	-3103.49134053607	103.447640927522	45.2511524764376	-1.00085205110769	1671.1724345615	-327.448210371327	-312.935108930269	0.20245217101993	1432.31890597457	224.000569443813	257.692358372055	0.783200122772448
1.76199999999992	-1717.63197765094	196.769106007674	143.553435144343	-0.857298615963342	121.067639127856	-332.929728163559	-325.19739140221	-0.12274522038228	1596.56433852308	136.160622155901	180.058450686915	0.963258573459364
1.76299999999992	-633.433835024021	270.829440020856	234.313475513499	-0.622985140449843	-1764.45870811393	-305.821764505338	-306.688692167174	-0.429433912549455	2397.89254313796	34.9923244845031	84.6601305490765	1.04791870400844
1.76399999999992	-278.815431772647	318.379101465133	298.933901646268	-0.324051238803576	-3037.6571852184	-248.77783575181	-268.693620250511	-0.698127532799966	3316.47261699105	-69.6012657132984	-21.9907773102259	1.02592792669821
1.76499999999992	-324.983028990108	334.763598180368	329.740125687043	0.00568888688346717	-3244.96625301474	-167.381799097792	-209.266667583836	-0.907394200383802	3569.94928200485	-167.381799082549	-124.479760782223	0.901448165915991
1.76599999999992	-98.6686147867347	318.379101470572	330.420722457981	0.336109609341448	-2619.90231903799	-69.6012657305147	-121.558741071282	-1.02895294145508	2718.57093382473	-248.777835740032	-205.413908157395	0.696034257758596
1.76699999999992	871.038031014593	270.829440031201	296.995654714073	0.633105264055521	-1920.40539785719	34.9923244669985	-15.867696894023	-1.04482063834911	1049.3673668426	-305.821764498179	-265.620615836347	0.430413641922249
1.76799999999992	2376.59064368427	196.769106021944	227.012959599013	0.860118223654534	-1721.66404738659	136.160622139787	86.9383343983241	-0.957882303950784	-654.926596297676	-332.929728161716	-311.641050592499	0.11877259132975
1.76899999999992	3638.9468248389	103.447640944262	138.64041779133	0.998758641445863	-2043.8963563445	224.000569430733	181.424771303149	-0.776457532647634	-1595.0504684944	-327.448210374987	-331.542922178997	-0.212770330849246
1.76999999999992	3928.60652208809	8.85935236283331E-09	47.3384115020038	1.04609705294787	-2255.15472060051	289.913780282062	261.017674224968	-0.515439858422666	-1673.45180148758	-289.913780290922	-312.761040441464	-0.52553137129071
1.77099999999992	3106.69895671837	-103.44764092741	-45.235092400814	1.00086196054705	-1677.15958819079	327.448210371303	313.043611780346	-0.20239624664232	-1429.53936852758	-224.000569443901	-257.667292470957	-0.783198663761668
1.77199999999992	1717.97121739147	-196.769106007609	-143.552393869013	0.85730956667804	-123.694697129607	332.929728163568	325.160819947222	0.122764573304902	-1594.27652026186	-136.160622155974	-180.073134741434	-0.963271798503102
1.77299999999992	637.846627195706	-270.829440020787	-234.353928638384	0.622955638039656	1760.20202997023	305.821764505385	306.687754589389	0.429452327894291	-2398.04865716594	-34.9923244846202	-84.6578055493164	-1.04792960405242
1.77399999999992	283.880658325554	-318.379101465097	-298.942130002377	0.324013508037279	3030.34789312711	248.777835751888	268.714068414918	0.698166396309209	-3314.22855145267	69.6012657131832	21.9728810929702	-1.02595672295945
1.77499999999992	326.787036033207	-334.763598180368	-329.730784516026	-0.00571727647874655	3244.75938132459	167.381799097894	209.212120724868	0.907378517034077	-3571.54641735779	167.381799082447	124.494243511709	-0.90146247944774
1.77599999999992	100.352103532648	-318.379101470608	-330.403264908264	-0.33612054138701	2621.57634470668	69.60126573063	121.563691749303	1.02894220878338	-2721.92844823933	248.777835739954	205.443863650589	-0.696018615797151
1.77699999999992	-873.89103933933	-270.829440031271	-296.925228241494	-0.633045769628504	1921.84833489216	-34.9923244668814	15.9092948663018	1.04485150364968	-1047.95729555283	305.821764498131	265.630981143737	-0.430387634653414
1.77799999999991	-2377.6381752596	-196.76910602204	-227.063283638318	-0.860109053266822	1722.5630976812	-136.160622139679	-86.9748399531927	0.957876663696489	655.075077578409	332.929728161703	311.609366045542	-0.118778268607872
1.77899999999991	-3635.93381535436	-103.447640944374	-138.642543997944	-0.998751597264766	2046.75345199267	-224.000569430646	-181.41368505908	0.776462978637409	1589.18036336168	327.448210375011	331.607761369665	0.212829492761793
1.77999999999991	-3929.48544340882	-8.97716034842233E-09	-47.3693336641784	-1.04612093092894	2256.18287565253	-289.913780282003	-261.062342446947	0.515400636190461	1673.30256775628	289.913780290981	312.669702246199	0.525499195007992
1.78099999999991	-3105.67492862026	103.447640927298	45.2541723350408	-1.0008667585939	1675.08330626012	-327.448210371278	-312.991848139326	0.202408788051136	1430.59162236014	224.000569443988	257.690744746433	0.783189939754425
1.78199999999991	-1716.18526748626	196.769106007514	143.550136820334	-0.85731662177357	120.888301086012	-332.92972816358	-325.151703107583	-0.122742915056447	1595.29696640025	136.160622156081	180.076180607149	0.963266120361574
1.78299999999991	-638.795569430701	270.82944002074	234.372700718514	-0.622943921055055	-1760.49063750146	-305.821764505418	-306.70211198509	-0.429445027041537	2399.28620693216	34.9923244846995	84.6571497422319	1.04792327010381
1.78399999999991	-280.67097091763	318.37910146506	298.873251199679	-0.324070669855376	-3035.61899421902	-248.777835751967	-268.722024730766	-0.698167051772304	3316.28996513665	-69.601265713068	-22.0204020424735	1.02590286806133
1.78499999999991	-322.028939951006	334.763598180368	329.752359728574	0.00568168987319845	-3245.96985347765	-167.381799097996	-209.203589273732	-0.907370641046035	3567.99879342865	-167.381799082345	-124.424224050062	0.901478644011271
1.78599999999991	-95.4942476440007	318.379101470645	330.378544522965	0.336060234396163	-2624.00368898048	-69.6012657307452	-121.576934405134	-1.02894757545117	2719.49793662448	-248.777835739875	-205.471694911729	0.696006949099542
1.78699999999991	872.138219826811	270.82944003134	297.019350607114	0.633079585003277	-1922.40571054263	34.9923244667642	-15.8687188834357	-1.0448162943346	1050.26749071581	-305.821764498083	-265.609628681062	0.430397320418481
1.78799999999991	2378.90300999881	196.769106022104	227.04449164722	0.860124076650497	-1722.39322224301	136.160622139606	86.970853614607	-0.957845440719998	-656.509787755799	-332.929728161695	-311.58468116846	0.118812639250021
1.78899999999991	3637.60973885001	103.447640944486	138.61585953921	0.998739936189707	-2047.29510201489	224.000569430558	181.395006657738	-0.77645043406226	-1590.31463683513	-327.448210375036	-331.632501512067	-0.212819862262046
1.78999999999991	3926.48268739876	9.09491859601985E-09	47.3672416504506	1.04610717784016	-2253.12656027461	289.913780281945	261.005811360132	-0.515444622702127	-1673.35612712415	-289.91378029104	-312.70911149692	-0.525528973758966
1.79099999999991	3103.62138990516	-103.447640927186	-45.2268674322291	1.00088031040793	-1676.02007845993	327.448210371254	313.049550196453	-0.202395072505674	-1427.60131144523	-224.000569444076	-257.678782017015	-0.783207755775982
1.79199999999991	1716.58026982863	-196.769106007419	-143.566296878777	0.857314013529152	-124.249053613888	332.929728163592	325.167675856215	0.122772603350541	-1592.33121621475	-136.160622156189	-180.078026894325	-0.963285782670307
1.79299999999991	634.950058547825	-270.82944002067	-234.318050284055	0.622995963245097	1761.69010357638	305.821764505466	306.69949923869	0.429472102589231	-2396.6401621242	-34.9923244848166	-84.6299022952596	-1.04791568496557
1.79399999999991	274.9366061451	-318.379101465024	-298.92684713057	0.324069116114527	3036.93592032342	248.777835752046	268.652744047963	0.698124846637194	-3311.87252646852	69.6012657129528	21.9394003977305	-1.02597628456784
1.79499999999991	322.244869157808	-334.763598180368	-329.768188826198	-0.00569907271167018	3249.96528959226	167.381799098098	209.206527813737	0.907331374450932	-3572.21015875006	167.381799082243	124.501504068844	-0.901474780498992
1.79599999999991	97.4037188948087	-318.379101470681	-330.371110611768	-0.336070183323438	2624.71291350239	69.6012657308602	121.616032353143	1.02894740680407	-2722.1166323972	248.777835739796	205.481777774118	-0.695993002724875
1.79699999999991	-873.29833553497	-270.829440031409	-296.977844004896	-0.633048027328334	1922.25230833033	-34.9923244666471	15.8959807796419	1.04484338758372	-1048.95397279536	305.821764498035	265.606263588103	-0.430386739136772
1.79799999999991	-2377.973713426	-196.769106022199	-227.06403586374	-0.860112063192074	1724.44193380914	-136.160622139499	-86.9916013095214	0.957851786274195	653.531779616853	332.929728161683	311.606766606764	-0.118779972530007
1.79899999999991	-3638.91469052477	-103.447640944561	-138.613097951594	-0.998725161143669	2049.96938518353	-224.000569430499	-181.411895851779	0.776439890422416	1588.94530534124	327.448210375052	331.611269210912	0.212831296680905
1.79999999999991	-3930.57980647811	-9.21273368703623E-09	-47.3780450892661	-1.04610320623293	2258.1192152757	-289.913780281886	-261.052613069871	0.515387277352545	1672.46059120241	289.913780291098	312.676465057349	0.525507761738254
1.80099999999991	-3103.49133208385	103.447640927074	45.2511535365439	-1.00085205269639	1671.17242947343	-327.448210371229	-312.935107814565	0.20245216953798	1432.31890261042	224.000569444163	257.692359533154	0.783200121271408
1.80199999999991	-1717.63198055095	196.769106007324	143.553437709719	-0.857298614986672	121.067640333667	-332.929728163605	-325.197388948526	-0.122745219410546	1596.56434021728	136.160622156296	180.058453148476	0.963258574419884
1.80299999999991	-633.433842636304	270.829440020601	234.313477077322	-0.62298513790935	-1764.45869508391	-305.821764505514	-306.688690715697	-0.429433910126243	2397.89253772021	34.9923244849337	84.6601321277701	1.04791870654765
1.80399999999991	-278.815433640935	318.379101464999	298.933901141276	-0.324051236768074	-3037.65718868753	-248.777835752099	-268.69362061579	-0.698127530742033	3316.47262232846	-69.6012657128748	-21.9907778490129	1.02592792869864
1.80499999999991	-324.983019007595	334.763598180368	329.7401235466	0.00568888677852599	-3244.9662632743	-167.3817990982	-209.266669599018	-0.907394200341051	3569.94928228189	-167.381799082141	-124.47976281211	0.901448165886531
1.80599999999991	-98.6686142963602	318.379101470718	330.420720471776	0.336109607250302	-2619.90231611327	-69.6012657309755	-121.558743200842	-1.02895294354189	2718.57093040963	-248.777835739717	-205.413910177823	0.696034255708707
1.80699999999991	871.038030231983	270.829440031478	296.995654373938	0.63310526162424	-1920.40539859126	34.99232446653	-15.8676972199501	-1.04482064076184	1049.36736835928	-305.821764497987	-265.620616216253	0.430413639492454
1.80799999999991	2376.59063706275	196.769106022295	227.012961344526	0.860118222968766	-1721.66404475037	136.160622139391	86.9383360812941	-0.957882304680549	-654.926592312377	-332.92972816167	-311.641048903872	0.118772590588582
1.80899999999991	3638.94682402784	103.447640944674	138.64042002405	0.998758642992816	-2043.89635731167	224.000569430411	181.424773593904	-0.776457531086646	-1595.05046671616	-327.448210375077	-331.542919897794	-0.212770329309212
1.80999999999991	3928.6065253743	9.33049193463376E-09	47.3384124275248	1.04609705542034	-2255.15472587862	289.913780281827	261.017675206047	-0.515439855880599	-1673.45179949568	-289.913780291157	-312.761039491775	-0.525531368800987
1.81099999999991	3106.69894969968	-103.447640926962	-45.2350934015886	1.00086196201875	-1677.1595799568	327.448210371205	313.043610623253	-0.202396245257346	-1429.53936974288	-224.000569444251	-257.667293519453	-0.783198662320439
1.81199999999991	1717.97121462016	-196.769106007228	-143.552396179745	0.857309565839007	-123.694692567318	332.929728163617	325.160817682282	0.122764572424935	-1594.27652205284	-136.160622156404	-180.073137023267	-0.963271799343706
1.81299999999991	637.846628375138	-270.829440020532	-234.353930128964	0.622955635710043	1760.20202489575	305.821764505562	306.687753186323	0.429452325611258	-2398.04865327089	-34.9923244850509	-84.6578070527405	-1.04792960639645
1.81399999999991	283.880659424913	-318.379101464963	-298.942129581581	0.324013506128462	3030.3478970583	248.777835752178	268.714068777703	0.698166394388961	-3314.22855648321	69.6012657127596	21.9728815710529	-1.02595672482539
1.81499999999991	326.787032736419	-334.763598180368	-329.730782559087	-0.00571727643062511	3244.75938393278	167.381799098269	209.212122660279	0.90737851704924	-3571.5464166692	167.381799082072	124.494245403086	-0.901462479422308
1.81599999999991	100.352112003425	-318.379101470754	-330.403263032902	-0.336120539463527	2621.57634058052	69.6012657310907	121.563693746453	1.02894221079569	-2721.92845258395	248.777835739638	205.443865636393	-0.696018613785915
1.81699999999991	-873.891041331598	-270.829440031548	-296.925227836887	-0.633045767300414	1921.84833513977	-34.9923244664128	15.9092951778506	1.04485150597354	-1047.95729380817	305.821764497939	265.630981443169	-0.430387632342746
1.81799999999991	-2377.63816625152	-196.76910602239	-227.063285331057	-0.860109052631472	1722.56309772925	-136.160622139283	-86.9748415711386	0.957876664402404	655.075068522267	332.929728161658	311.609364497348	-0.118778267845398
1.81899999999991	-3635.93382342839	-103.447640944786	-138.642546003221	-0.998751598634693	2046.75345901483	-224.000569430324	-181.413687220584	0.77646297718182	1589.18036441356	327.448210375101	331.60775919083	0.212829491345432
1.81999999999991	-3929.48544229247	-9.41025035672283E-09	-47.3693346498328	-1.04612093328453	2256.18286949344	-289.913780281787	-261.062343288748	0.515400633893072	1673.30257279903	289.913780291197	312.669701291933	0.525499192637365
1.82099999999991	-3105.6749194297	103.44764092685	45.254173199867	-1.00086676008466	1675.08329832928	-327.44821037118	-312.991847204688	0.202408786688384	1430.59162110042	224.000569444338	257.690745706546	0.783189938343911
1.82199999999991	-1716.18526322708	196.769106007133	143.550139075952	-0.857316621008707	120.888296700038	-332.929728163629	-325.151700900651	-0.122742914212267	1595.29696652704	136.160622156512	180.076182825933	0.963266121169844
1.82299999999991	-638.795569623542	270.829440020463	234.37270217292	-0.622943918835787	-1760.4906336976	-305.82176450561	-306.702110611284	-0.429445024823551	2399.28620332114	34.9923244851681	84.6571511944816	1.04792327236433
1.82399999999991	-280.670972759294	318.379101464926	298.873250805522	-0.324070668030265	-3035.61899342348	-248.777835752257	-268.722025117647	-0.698167049941198	3316.28996618278	-69.6012657126443	-22.0204024765984	1.02590286988773
1.82499999999991	-322.028940694344	334.763598180368	329.752357867365	0.00568168983709945	-3245.96985416502	-167.381799098371	-209.203591119124	-0.907370641060322	3567.99879485936	-167.38179908197	-124.424225907265	0.901478643980462
1.82599999999991	-95.4942433078317	318.37910147079	330.378542614167	0.336060232451266	-2624.00368813754	-69.601265731206	-121.576936290701	-1.02894757735102	2719.49793144537	-248.777835739559	-205.471696742921	0.696006947237541
1.82699999999991	872.138218496905	270.829440031617	297.019350360295	0.633079582811562	-1922.40571250908	34.9923244662957	-15.8687191485134	-1.04481629649954	1050.26749401217	-305.821764497891	-265.6096290183	0.430397318219241
1.82799999999991	2378.90299850462	196.769106022485	227.044493286471	0.860124076098033	-1722.39322340411	136.160622139176	86.9708551798913	-0.957845441319645	-656.509775100513	-332.929728161646	-311.584679662226	0.118812638557015
1.82899999999991	3637.60973934937	103.447640944898	138.615861411294	0.998739937509326	-2047.29510270229	224.000569430236	181.395008601548	-0.776450432718096	-1590.31463664708	-327.448210375126	-331.632499487378	-0.212819860930363
1.82999999999991	3926.48268290609	9.52798018261092E-09	47.367242550609	1.04610718005994	-2253.12655420451	289.913780281728	261.005812181372	-0.515444620536725	-1673.35612870158	-289.913780291256	-312.709110618867	-0.525528971549231
1.83099999999991	3103.62138311237	-103.447640926774	-45.2268683075621	1.00088031175237	-1676.02007423941	327.448210371164	313.04954931276	-0.202395071223965	-1427.60130887296	-224.000569444398	-257.678782937599	-0.783207754486829
1.83199999999991	1716.58026633951	-196.769106007038	-143.566298995154	0.857314012757219	-124.249050546293	332.929728163642	325.167673764328	0.122772602540364	-1592.33121579321	-136.160622156619	-180.078028979167	-0.963285783465996
1.83299999999991	634.950060862343	-270.829440020394	-234.318051656047	0.622995961101172	1761.69009784796	305.821764505658	306.699497961336	0.429472100501699	-2396.64015871031	-34.9923244852852	-84.6299036509576	-1.04791568711695
1.83399999999991	274.936610176046	-318.37910146489	-298.926846698792	0.32406911440238	3036.93592550561	248.777835752336	268.652744421794	0.698124844923494	-3311.87253568166	69.6012657125291	21.9394009244478	-1.02597628619251
1.83499999999991	322.244869152705	-334.763598180368	-329.768187112174	-0.00569907270979427	3249.9652920682	167.381799098473	209.206529518633	0.907331374442127	-3572.2101612209	167.381799081868	124.501505716073	-0.901474780476433
1.83599999999991	97.4037107378907	-318.379101470815	-330.371108780762	-0.336070181490556	2624.71290971233	69.601265731284	121.616034170924	1.02894740861305	-2722.11662045022	248.777835739506	205.481779454784	-0.695993001021649
1.83699999999991	-873.298333639279	-270.829440031686	-296.977843818821	-0.633048025309377	1922.25230817997	-34.9923244661786	15.8959810074009	1.04484338962045	-1048.95397454069	305.821764497843	265.606263924191	-0.430386737097458
1.83799999999991	-2377.97370585352	-196.76910602258	-227.06403736857	-0.860112062677947	1724.44193348211	-136.160622139068	-86.991602773507	0.957851786846945	653.531772371411	332.929728161633	311.606765178604	-0.118779971918855
1.83899999999991	-3638.91468758687	-103.447640945009	-138.613099803489	-0.998725162481436	2049.96938461971	-224.000569430149	-181.411897728858	0.776439889118087	1588.94530296716	327.44821037515	331.611267302369	0.212831295383514
1.83999999999991	-3930.5798043898	-9.64581658990937E-09	-47.3780458895944	-1.04610320837103	2258.11920989931	-289.913780281669	-261.052613841337	0.51538727527675	1672.46059449049	289.913780291315	312.676464216415	0.525507759599929
1.84099999999991	-3103.49132527037	103.447640926662	45.2511543845728	-1.00085205398646	1671.17242602971	-327.448210371139	-312.935106943871	0.202452168332878	1432.31889924066	224.000569444485	257.692360457644	0.783200120057572
1.84199999999991	-1717.63198430237	196.769106006942	143.553439797532	-0.857298614188926	121.06764221124	-332.929728163654	-325.197386962087	-0.122745218629209	1596.56434209113	136.160622156727	180.058455135771	0.963258575193344
1.84299999999991	-633.43384942854	270.829440020324	234.313478324049	-0.622985135864877	-1764.45868393058	-305.821764505706	-306.688689553763	-0.429433908182971	2397.89253335912	34.9923244854023	84.6601333941116	1.04791870858746
1.84399999999991	-278.815435099751	318.379101464854	298.933900733387	-0.32405123513149	-3037.6571917155	-248.777835752415	-268.693620901031	-0.698127529084003	3316.47262681526	-69.6012657124139	-21.9907782808948	1.02592793030656
1.84499999999991	-324.983009556986	334.763598180368	329.740121830897	0.0056888866994067	-3244.96627160742	-167.381799098575	-209.266671205703	-0.907394200289706	3569.94928116441	-167.381799081766	-124.479764419401	0.901448165887159
1.84599999999991	-98.6686144672462	318.379101470863	330.420718883667	0.336109605583074	-2619.90231353341	-69.6012657314364	-121.558744919053	-1.02895294520876	2718.57092800066	-248.777835739402	-205.413911816715	0.696034254070444
1.84699999999991	871.03802932736	270.829440031755	296.995654083144	0.633105259666217	-1920.4053997943	34.9923244660614	-15.8676974922327	-1.04482064270099	1049.36737046694	-305.821764497796	-265.620616541165	0.430413637529279
1.84799999999991	2376.5906323141	196.769106022676	227.012962738863	0.86011822240508	-1721.66404234437	136.160622138961	86.938337425126	-0.957882305275866	-654.926589969729	-332.929728161621	-311.641047538388	0.118772589990891
1.84899999999991	3638.94682317074	103.447640945122	138.640421825544	0.998758644230624	-2043.89635771714	224.000569430061	181.424775436346	-0.776457529839519	-1595.05046545359	-327.448210375175	-331.542918066575	-0.212770328075684
1.84999999999991	3928.60652746971	9.76356773207954E-09	47.3384131803312	1.04609705741095	-2255.15473049119	289.91378028161	261.017676005898	-0.515439853833622	-1673.45179697852	-289.913780291374	-312.761038729127	-0.525531366804811
1.85099999999991	3106.69894414507	-103.447640926514	-45.2350942001685	1.00086196321079	-1677.15957336495	327.448210371107	313.043609700766	-0.202396244132855	-1429.53937078013	-224.000569444601	-257.667294346407	-0.783198661151218
1.85199999999991	1717.97121295407	-196.769106006847	-143.552398045904	0.857309565164882	-123.694688884724	332.929728163666	325.160815855785	0.12276457172293	-1594.27652406935	-136.160622156834	-180.073138859657	-0.963271800010876
1.85299999999991	637.846629061236	-270.829440020255	-234.353931318561	0.622955633846322	1760.2020212036	305.821764505754	306.68775205927	0.4294523237822	-2398.04865026484	-34.9923244855195	-84.6578082608539	-1.04792960827173
1.85399999999991	283.880660069378	-318.379101464817	-298.942129249833	0.324013504596489	3030.34790062442	248.777835752494	268.714069062556	0.698166392844757	-3314.2285606938	69.6012657122987	21.9728819491889	-1.02595672632254
1.85499999999991	326.787029681407	-334.763598180368	-329.730780999658	-0.00571727640316943	3244.75938501221	167.38179909871	209.212124210553	0.90737851705531	-3571.54641469362	167.381799081631	124.494246898002	-0.901462479424538
1.85599999999991	100.352120798437	-318.379101470899	-330.403261535731	-0.336120537938901	2621.57633690702	69.6012657315517	121.563695353479	1.02894221240879	-2721.92845770546	248.777835739323	205.443867257916	-0.696018612166622
1.85699999999991	-873.891043170352	-270.829440031824	-296.925227480859	-0.63304576541976	1921.84833589018	-34.9923244659443	15.9092954392825	1.04485150784807	-1047.95729271983	305.821764497748	265.630981692557	-0.430387630474065
1.85799999999991	-2377.63815914095	-196.769106022771	-227.063286691739	-0.860109052111499	1722.5630978845	-136.160622138853	-86.9748428682711	0.9578766649798	655.075061256451	332.929728161609	311.609363251449	-0.118778267222616
1.85899999999991	-3635.93383106529	-103.447640945234	-138.64254760511	-0.998751599716609	2046.75346525218	-224.000569429974	-181.413688958113	0.776462976021687	1589.1803658131	327.448210375199	331.607757438969	0.212829490216353
1.85999999999991	-3929.48544028752	-9.91940396488644E-09	-47.3693354661198	-1.04612093518273	2256.18286320172	-289.913780281532	-261.062343962045	0.515400632059642	1673.3025770858	289.913780291452	312.669700517435	0.525499190733788
1.86099999999991	-3105.67491173064	103.447640926402	45.254173877731	-1.000866761305	1675.0832919328	-327.448210371082	-312.991846483656	0.202408785575986	1430.59161979784	224.000569444688	257.690746459721	0.783189937193509
1.86199999999991	-1716.18526002237	196.769106006752	143.550140906731	-0.857316620398267	120.888293114456	-332.929728163679	-325.151699112069	-0.122742913536083	1595.29696690791	136.160622156942	180.076184620165	0.963266121813674
1.86299999999991	-638.795569267853	270.829440020186	234.372703340371	-0.622943917057896	-1760.49063125269	-305.821764505801	-306.702109500059	-0.429445023036142	2399.28620052055	34.9923244856366	84.6571523662073	1.04792327417988
1.86399999999991	-280.670974265235	318.379101464769	298.873250495196	-0.3240706665627	-3035.6189923122	-248.777835752598	-268.722025432478	-0.698167048468621	3316.28996657744	-69.6012657121463	-22.0204028187554	1.02590287136113
1.86499999999991	-322.028941428511	334.763598180368	329.752356382543	0.00568168981984257	-3245.96985351881	-167.381799098812	-209.203592597099	-0.90737064106572	3567.99879494732	-167.381799081529	-124.42422738524	0.901478643975886
1.86599999999991	-95.4942396846148	318.379101470936	330.378541066454	0.336060230886296	-2624.00368761877	-69.6012657316668	-121.57693780947	-1.02894757887519	2719.49792730339	-248.777835739244	-205.471698233226	0.69600694574266
1.86699999999991	872.138217451844	270.829440031894	297.019350151929	0.633079581038225	-1922.40571493135	34.9923244658272	-15.8687193677485	-1.04481629824294	1050.2674974795	-305.8217644977	-265.609629305385	0.430397316437274
1.86799999999991	2378.90298885158	196.769106022866	227.04449461395	0.860124075652175	-1722.39322469997	136.160622138746	86.9708564420081	-0.95784544180093	-656.509764151609	-332.929728161596	-311.584678444719	0.118812637992555
1.8689999999999	3637.60973974587	103.447640945382	138.615862904032	0.998739938556207	-2047.29510291812	224.000569429858	181.39501014988	-0.77645043165105	-1590.31463682775	-327.448210375231	-331.632497862398	-0.212819859869843
1.8699999999999	3926.48267773777	1.00371977396208E-08	47.3672432923584	1.04610718184857	-2253.12654811216	289.913780281474	261.00581284318	-0.51544461880787	-1673.35612962561	-289.913780291511	-312.709109909731	-0.525528969779574
1.8709999999999	3103.62137770559	-103.44764092629	-45.2268690037201	1.00088031284485	-1676.02007139294	327.448210371058	313.04954863114	-0.20239507017673	-1427.60130631265	-224.000569444776	-257.678783661284	-0.783207753440858
1.8719999999999	1716.58026387483	-196.769106006656	-143.566300711488	0.857314012133357	-124.249048257392	332.929728163691	325.167672067308	0.122772601890578	-1592.33121561744	-136.16062215705	-180.078030664194	-0.963285784105052
1.8729999999999	634.95006256624	-270.829440020117	-234.318052757562	0.622995959375795	1761.69009353849	305.821764505849	306.699496929595	0.429472098820172	-2396.64015610473	-34.9923244857537	-84.6299047427946	-1.04791568884785
1.8739999999999	274.936613775528	-318.379101464733	-298.926846348682	0.324069113027113	3036.93593007085	248.777835752677	268.65274472789	0.698124843548063	-3311.87254384638	69.6012657120311	21.9394013582928	-1.02597628748955
1.8749999999999	322.244869128852	-334.763598180368	-329.768185752247	-0.00569907272513423	3249.96529339598	167.381799098914	209.206530875814	0.907331374423876	-3572.21016252483	167.381799081427	124.501507010562	-0.901474780478992
1.8759999999999	97.4037033511057	-318.379101470972	-330.371107290828	-0.336070180015962	2624.71290641721	69.6012657317821	121.616035642378	1.02894741006625	-2722.11660976832	248.777835739165	205.481780815443	-0.695992999663549
1.8769999999999	-873.298331910658	-270.829440031963	-296.977843669026	-0.633048023684988	1922.25230853303	-34.99232446571	15.8959811926147	1.04484339125887	-1048.95397662237	305.821764497652	265.606264212414	-0.430386735451136
1.8779999999999	-2377.97369993432	-196.769106022962	-227.064038578039	-0.860112062263027	1724.44193325111	-136.160622138638	-86.9916039496027	0.957851787309266	653.53176668321	332.929728161584	311.606764023259	-0.118779971427876
1.8789999999999	-3638.91468479646	-103.447640945458	-138.613101293164	-0.998725163556191	2049.96938375975	-224.000569429799	-181.411899231716	0.77643988807755	1588.94530103671	327.448210375248	331.611265772194	0.212831294344317
1.8799999999999	-3930.57980178784	-1.0154970198073E-08	-47.3780465416531	-1.04610321009784	2258.11920448103	-289.913780281415	-261.052614461806	0.515387273615744	1672.4605973068	289.913780291569	312.676463533992	0.525507757878309
1.8809999999999	-3103.49131974895	103.447640926178	45.2511550605374	-1.00085205503731	1671.17242386015	-327.448210371033	-312.935106265953	0.202452167349791	1432.3188958888	224.000569444863	257.692361195071	0.78320011907338
1.8819999999999	-1717.63198864404	196.769106006561	143.553441502747	-0.85729861353456	121.067644574107	-332.929728163703	-325.197385349441	-0.122745217999649	1596.56434406993	136.160622157157	180.058456743938	0.963258575817318
1.8829999999999	-633.43385553116	270.829440020047	234.313479317913	-0.622985134216647	-1764.45867428454	-305.821764505897	-306.688688623247	-0.429433906622896	2397.8925298157	34.9923244858708	84.6601344111315	1.04791871022845
1.8839999999999	-278.815436252535	318.379101464708	298.933900403145	-0.324051233813502	-3037.65719435446	-248.77783575273	-268.693621122918	-0.698127527745814	3316.47263060699	-69.6012657119531	-21.9907786275655	1.02592793160088
1.8849999999999	-324.983000602675	334.763598180368	329.740120454186	0.00568888664068431	-3244.96627841582	-167.381799099016	-209.266672486435	-0.907394200232249	3569.9492790185	-167.381799081325	-124.479765690353	0.90144816591053
1.8859999999999	-98.6686151487623	318.379101471008	330.420717613067	0.336109604253751	-2619.90231121408	-69.6012657318971	-121.558746308755	-1.028952946541	2718.57092636285	-248.777835739087	-205.413913150031	0.6960342527605
1.8869999999999	871.038028291724	270.829440032032	296.995653833183	0.633105258086935	-1920.40540131113	34.9923244655929	-15.8676977208438	-1.04482064426185	1049.36737301941	-305.821764497604	-265.620616821095	0.430413635939405
1.8879999999999	2376.59062903201	196.769106023057	227.012963852912	0.860118221939846	-1721.66404013351	136.16062213853	86.938338498593	-0.957882305763255	-654.926588898502	-332.929728161572	-311.641046431275	0.118772589508129
1.8889999999999	3638.94682236314	103.44764094557	138.640423281521	0.998758645221367	-2043.89635777147	224.000569429711	181.424776920804	-0.776457528842451	-1595.05046459167	-327.448210375273	-331.542916595009	-0.212770327086879
1.8899999999999	3928.60652866687	1.02727639728073E-08	47.3384137952755	1.04609705901664	-2255.1547346073	289.913780281356	261.017676660369	-0.515439852182082	-1673.45179405958	-289.913780291628	-312.761038115911	-0.52553136520279
1.8909999999999	3106.69893975799	-103.447640926066	-45.2350948375055	1.00086196417914	-1677.15956809697	327.448210371009	313.043608964975	-0.202396243217108	-1429.53937166102	-224.000569444951	-257.66729499716	-0.78319866019995
1.8919999999999	1717.97121215067	-196.769106006466	-143.552399556537	0.8573095646226	-123.694685891894	332.929728163715	325.160814379678	0.122764571162571	-1594.27652625877	-136.160622157265	-180.073140339837	-0.963271800539787
1.8929999999999	637.846629384701	-270.829440019978	-234.353932268364	0.622955632354236	1760.20201855179	305.821764505945	306.687751152911	0.429452322315482	-2398.04864793649	-34.992324485988	-84.6578092335359	-1.04792960977332
1.8939999999999	283.880660361256	-318.379101464671	-298.942128988625	0.324013503365611	3030.34790388267	248.777835752809	268.714069285343	0.698166391600825	-3314.22856424392	69.6012657118379	21.9728822479734	-1.02595672752535
1.8949999999999	326.787026886788	-334.763598180368	-329.730779757107	-0.00571727639149566	3244.7593848837	167.381799099085	209.212125454086	0.907378517054911	-3571.54641177048	167.381799081256	124.494248077734	-0.901462479447616
1.8959999999999	100.352129792746	-318.379101471045	-330.403260340494	-0.33612053673199	2621.57633360924	69.6012657320124	121.563696648175	1.02894221370309	-2721.92846340199	248.777835739008	205.443868587012	-0.696018610860604
1.8969999999999	-873.891044846214	-270.829440032101	-296.925227165076	-0.633045763897065	1921.84833699843	-34.9923244654757	15.9092956602087	1.04485150936329	-1047.95729215222	305.821764497556	265.63098190144	-0.430387628959163
1.8979999999999	-2377.63815351502	-196.769106023152	-227.063287787409	-0.860109051684474	1722.56309811155	-136.160622138423	-86.9748439096578	0.957876665453637	655.075055403474	332.929728161559	311.60936224687	-0.118778266712293
1.8989999999999	-3635.93383828949	-103.447640945682	-138.642548884947	-0.998751600569421	2046.75347082656	-224.000569429623	-181.413690356593	0.776462975097044	1589.18036746293	327.448210375297	331.607756028392	0.212829489316099
1.8999999999999	-3929.4854376264	-1.03524726569049E-08	-47.3693361458604	-1.04612093671528	2256.18285686861	-289.913780281316	-261.062344500786	0.515400630596258	1673.30258075779	289.913780291668	312.669699887032	0.525499189203131
1.9009999999999	-3105.67490520873	103.447640925954	45.2541744070525	-1.00086676230823	1675.08328677176	-327.448210370984	-312.991845931739	0.20240878466452	1430.59161843697	224.000569445039	257.690747048849	0.78318993625198
1.9019999999999	-1716.18525765561	196.769106006371	143.550142397237	-0.857316619910992	120.888290233192	-332.929728163728	-325.151697659039	-0.122742912994519	1595.29696742241	136.160622157372	180.07618607455	0.96326612232653
1.9029999999999	-638.795568465986	270.829440019909	234.372704278677	-0.622943915632314	-1760.49062987727	-305.821764505993	-306.702108598205	-0.429445021592724	2399.28619834326	34.9923244861051	84.657153313611	1.04792327564014
1.9039999999999	-280.670975507204	318.379101464635	298.873250251419	-0.324070665380895	-3035.61899096721	-248.777835752888	-268.722025690038	-0.698167047282762	3316.28996647442	-69.6012657117227	-22.0204030880979	1.02590287255204
1.9049999999999	-322.028942161642	334.763598180368	329.752355197875	0.00568168981698061	-3245.96985185597	-167.381799099187	-209.203593781932	-0.907370641064694	3567.99879401761	-167.381799081154	-124.424228560957	0.901478643991086
1.9059999999999	-95.4942366359472	318.379101471081	330.378539807684	0.336060229624664	-2624.00368736769	-69.6012657321276	-121.576939035038	-1.02894758009973	2719.49792400364	-248.777835738929	-205.471699450416	0.69600694454067
1.9069999999999	872.138216660695	270.829440032171	297.019349974655	0.633079579599319	-1922.40571767398	34.9923244653586	-15.8687195500726	-1.0448162996498	1050.26750101329	-305.821764497508	-265.609629551269	0.430397314989402
1.9079999999999	2378.90298066295	196.769106023247	227.044495692611	0.860124075291931	-1722.39322609972	136.160622138315	86.9708574622833	-0.957845442187521	-656.509754563229	-332.929728161547	-311.584677458266	0.118812637531136
1.9089999999999	3637.60974005674	103.447640945794	138.615864094099	0.99873993938603	-2047.29510277839	224.000569429536	181.395011382715	-0.776450430804806	-1590.31463727835	-327.448210375321	-331.632496556553	-0.212819859025416
1.9099999999999	3926.48267210956	1.04702806424939E-08	47.3672439066137	1.04610718329264	-2253.12654204376	289.913780281257	261.005813377274	-0.515444617427532	-1673.35613006579	-289.913780291727	-312.709109335614	-0.525528968361031
1.9109999999999	3103.62137342617	-103.447640925878	-45.226869557079	1.00088031373556	-1676.02006968949	327.448210370968	313.049548110198	-0.202395069317335	-1427.60130373668	-224.000569445098	-257.678784228881	-0.783207752589912
1.9119999999999	1716.58026223698	-196.769106006275	-143.566302107745	0.857314011627819	-124.249046611516	332.92972816374	325.167670686051	0.122772601368717	-1592.33121562546	-136.16062215748	-180.078032029261	-0.963285784619173
1.9129999999999	634.950063773529	-270.82944001984	-234.318053642846	0.622995957984973	1761.69009033326	305.821764506041	306.699496094192	0.429472097462909	-2396.64015410678	-34.9923244862223	-84.6299056239126	-1.04791569024309
1.9139999999999	274.936617039464	-318.379101464599	-298.926846063782	0.324069111921191	3036.9359341077	248.777835752966	268.652744980073	0.698124842442982	-3311.87255114717	69.6012657116075	21.9394017182	-1.02597628852489
1.9149999999999	322.244869092501	-334.763598180368	-329.768184674539	-0.00569907275334816	3249.96529383643	167.381799099289	209.206531955451	0.907331374398433	-3572.21016292893	167.381799081052	124.501508024175	-0.90147478050071
1.9159999999999	97.4036965968249	-318.379101471106	-330.371106073819	-0.336070178827167	2624.71290353841	69.6012657322057	121.616036836929	1.02894741123536	-2722.11660013523	248.777835738876	205.481781920117	-0.695992998580593
1.9169999999999	-873.29833032429	-270.82944003224	-296.977843548545	-0.633048022375712	1922.252309251	-34.9923244652414	15.8959813438222	1.04484339257918	-1048.95397892671	305.82176449746	265.606264461348	-0.430386734119245
1.9179999999999	-2377.97369531083	-196.769106023343	-227.064039551843	-0.860112061927556	1724.44193309483	-136.160622138208	-86.991604896039	0.957851787683145	653.531762216007	332.929728161535	311.606763086224	-0.118779971033021
1.9189999999999	-3638.91468213559	-103.447640945906	-138.613102493228	-0.998725164420784	2049.96938266814	-224.000569429448	-181.411900435715	0.77643988724743	1588.94529946745	327.448210375346	331.611264544073	0.212831293511052
1.9199999999999	-3930.57979839804	-1.05880531009461E-08	-47.3780470775066	-1.04610321149829	2258.11919885317	-289.913780281198	-261.052614959959	0.515387272287471	1672.46059954487	289.913780291786	312.676462980047	0.525507756491099
1.9209999999999	-3103.4913152794	103.447640925766	45.2511556019448	-1.00085205589635	1671.17242268064	-327.448210370943	-312.935105742455	0.202452166545015	1432.31889259876	224.000569445185	257.692361782001	0.7832001182731
1.9219999999999	-1717.63199343722	196.76910600618	143.553442901256	-0.857298612995089	121.067647324868	-332.929728163752	-325.197384036316	-0.122745217491301	1596.56434611235	136.160622157588	180.058458048984	0.963258576322084
1.9229999999999	-633.433861088702	270.82944001977	234.313480110017	-0.622985132885072	-1764.45866584602	-305.821764506089	-306.688687877503	-0.429433905368804	2397.89252693472	34.9923244863394	84.6601352288293	1.04791871155091
1.9239999999999	-278.815437171651	318.379101464562	298.933900134702	-0.32405123275037	-3037.65719669945	-248.777835753045	-268.693621294362	-0.698127526663166	3316.4726338711	-69.6012657114923	-21.9907789066061	1.02592793264431
1.9249999999999	-324.982992115706	334.763598180368	329.740119348133	0.00568888659776221	-3244.96628398984	-167.381799099391	-209.266673507529	-0.907394200170695	3569.94927610555	-167.38179908095	-124.4797666934	0.901448165950908
1.9259999999999	-98.6686162134677	318.379101471142	330.420716595979	0.336109603193742	-2619.90230910803	-69.6012657323208	-121.558747435488	-1.02895294760618	2718.5709253215	-248.777835738797	-205.413914238242	0.696034251712666
1.9269999999999	871.03802714833	270.829440032287	296.995653616966	0.633105256810707	-1920.40540305805	34.9923244651622	-15.8676979139378	-1.04482064552012	1049.36737590971	-305.821764497428	-265.620617064134	0.430413634648532
1.9279999999999	2376.59062687967	196.769106023438	227.012964743224	0.860118221553931	-1721.66403808029	136.1606221381	86.9383393561804	-0.95788230616394	-654.926588799381	-332.929728161523	-311.641045531035	0.118772589117497
1.9289999999999	3638.94682160402	103.447640946018	138.640424460906	0.998758646014837	-2043.89635758755	224.000569429361	181.424778119347	-0.776457528044592	-1595.05046401647	-327.448210375371	-331.54291541093	-0.212770326293434
1.9299999999999	3928.60652914518	1.07058539811078E-08	47.3384142997247	1.04609706031456	-2255.15473828397	289.913780281139	261.017677197779	-0.515439850846814	-1673.45179086121	-289.913780291845	-312.761037621971	-0.525531363915404
1.9309999999999	3106.6989362886	-103.447640925654	-45.2350953462604	1.0008619649683	-1677.15956383688	327.448210370919	313.043608377847	-0.202396242468967	-1429.53937245172	-224.000569445273	-257.667295507615	-0.783198659423019
1.9319999999999	1717.97121201826	-196.769106006116	-143.552400782989	0.857309564185313	-123.69468347541	332.92972816376	325.160813183994	0.122764570715027	-1594.27652854285	-136.160622157661	-180.073141536017	-0.963271800959036
1.9329999999999	637.846629444858	-270.829440019701	-234.353933026574	0.622955631158739	1760.20201670866	305.821764506137	306.687750423169	0.429452321138196	-2398.04864615352	-34.9923244864566	-84.6578100175217	-1.04792961097656
1.9339999999999	283.880660383313	-318.379101464526	-298.942128783449	0.32401350237529	3030.3479068982	248.777835753124	268.714069458616	0.698166390596811	-3314.22856728151	69.601265711377	21.9728824837224	-1.02595672849284
1.9349999999999	326.787024317412	-334.763598180368	-329.730778766958	-0.00571727639166874	3244.75938383511	167.381799099493	209.212126453057	0.907378517049868	-3571.54640815252	167.381799080848	124.494249006809	-0.901462479486027
1.9359999999999	100.352138865493	-318.379101471179	-330.403259386448	-0.336120535778117	2621.57633063542	69.601265732436	121.563697692956	1.02894221474282	-2721.92846950091	248.777835738718	205.443869681019	-0.696018609805008
1.9369999999999	-873.891046383649	-270.829440032356	-296.925226882974	-0.633045762661091	1921.84833837555	-34.9923244650451	15.909295848227	1.04485151059105	-1047.9572919919	305.82176449738	265.630982077289	-0.430387627727719
1.9379999999999	-2377.63814906628	-196.769106023533	-227.0632886714	-0.860109051332491	1722.56309839225	-136.160622137992	-86.9748447466632	0.957876665844388	655.075050674033	332.92972816151	311.609361435186	-0.118778266292532
1.9389999999999	-3635.93384515469	-103.44764094613	-138.642549907456	-0.998751601239947	2046.75347587006	-224.000569429273	-181.413691484095	0.776462974360292	1589.18036928464	327.448210375395	331.607754890779	0.212829488598247
1.9399999999999	-3929.48543450114	-1.08236193341327E-08	-47.36933671537	-1.04612093795532	2256.18285058999	-289.91378028108	-261.062344932114	0.515400629428178	1673.30258391115	289.913780291904	312.66969937227	0.525499187970517
1.9409999999999	-3105.6748996459	103.447640925542	45.2541748184099	-1.00086676313691	1675.08328258144	-327.448210370894	-312.991845513214	0.202408783914964	1430.59161706446	224.00056944536	257.69074750759	0.783189935478107
1.9419999999999	-1716.18525595386	196.76910600602	143.550143614826	-0.857316619522081	120.888287903668	-332.929728163773	-325.151696474938	-0.122742912559974	1595.29696805019	136.160622157768	180.076187256858	0.963266122734966
1.9429999999999	-638.79556735859	270.829440019654	234.37270503405	-0.622943914488031	-1760.49062928725	-305.821764506169	-306.702107864339	-0.429445020424314	2399.28619664584	34.9923244865358	84.6571540819058	1.04792327681687
1.9439999999999	-280.670976573985	318.37910146449	298.873250060299	-0.324070664427732	-3035.61898942573	-248.777835753203	-268.722025901903	-0.698167046326216	3316.28996599971	-69.6012657112618	-22.0204033000324	1.02590287351684
1.9449999999999	-322.028942869099	334.763598180368	329.752354252221	0.00568168982448813	-3245.96984945782	-167.381799099595	-209.203594732374	-0.907370641058591	3567.99879232691	-167.381799080746	-124.424229495815	0.901478644021025
1.9459999999999	-95.4942340621411	318.379101471215	330.378538780548	0.336060228605036	-2624.00368730678	-69.6012657325513	-121.576940026445	-1.02894758108504	2719.49792136893	-248.777835738639	-205.471700448524	0.696006943572501
1.9469999999999	872.138216084863	270.829440032425	297.019349822703	0.633079578427739	-1922.40572063982	34.9923244649279	-15.8687197024652	-1.0448163007875	1050.26750455496	-305.821764497332	-265.609629763308	0.430397313809193
1.9479999999999	2378.90297362268	196.769106023598	227.044496572715	0.860124075000454	-1722.39322756394	136.16062213792	86.9708582892492	-0.957845442498252	-656.509746058741	-332.929728161502	-311.584676656753	0.11881263715244
1.9489999999999	3637.60974029748	103.447640946242	138.615865042509	0.998739940042963	-2047.29510237664	224.000569429186	181.39501236409	-0.776450430134162	-1590.31463792084	-327.448210375419	-331.6324955055	-0.21281985835306
1.9499999999999	3926.48266617621	1.0941413108867E-08	47.367244418093	1.04610718446106	-2253.12653608554	289.913780281021	261.005813809361	-0.515444616324801	-1673.35613009067	-289.913780291963	-312.709108869859	-0.525528967222919
1.9509999999999	3103.62137001712	-103.44764092543	-45.2268699967011	1.00088031446435	-1676.02006881776	327.44821037087	313.04954771561	-0.202395068609191	-1427.60130119936	-224.000569445448	-257.678784672152	-0.783207751895071
1.9519999999999	1716.58026121356	-196.769106005925	-143.566303247453	0.857314011216902	-124.249045441298	332.929728163785	325.16766955793	0.122772600948739	-1592.33121577226	-136.160622157876	-180.078033138552	-0.963285785033623
1.9529999999999	634.950064598681	-270.829440019585	-234.318054355525	0.622995956861376	1761.69008799923	305.821764506217	306.699495416157	0.429472096364896	-2396.64015259791	-34.992324486653	-84.6299063365384	-1.04791569137016
1.9539999999999	274.936620009309	-318.379101464453	-298.92684583076	0.324069111030616	3036.93593769291	248.777835753282	268.652745189267	0.698124841554163	-3311.87255770222	69.6012657111466	21.939402018597	-1.02597628935156
1.9549999999999	322.244869035139	-334.763598180368	-329.768183821576	-0.0056990727909596	3249.96529364602	167.381799099697	209.206532813448	0.907331374367611	-3572.21016268116	167.381799080644	124.501508815046	-0.901474780536519
1.9559999999999	97.4036903597303	-318.379101471252	-330.371105075606	-0.336070177866566	2624.71290102311	69.6012657326664	121.616037809899	1.02894741217751	-2722.11659138284	248.77783573856	205.481782819561	-0.695992997716958
1.9569999999999	-873.298328863407	-270.829440032494	-296.977843451771	-0.633048021318337	1922.25231023055	-34.9923244648107	15.8959814678257	1.04484339364534	-1048.95398136714	305.821764497284	265.606264677904	-0.430386733039054
1.9579999999999	-2377.97369170849	-196.769106023693	-227.064040337453	-0.86011206165579	1724.44193299387	-136.160622137812	-86.99160565907	0.957851787986265	653.531758714623	332.92972816149	311.60676232401	-0.118779970715045
1.9589999999999	-3638.9146796148	-103.447640946318	-138.613103461701	-0.998725165117491	2049.96938143083	-224.000569429127	-181.411901401355	0.776439886584911	1588.94529818397	327.448210375436	331.611263557118	0.212831292842074
1.95999999999989	-3930.57979456393	-1.10591997781739E-08	-47.3780475190878	-1.04610321263658	2258.11919317369	-289.913780280962	-261.052615360563	0.515387271224348	1672.46060139023	289.913780292022	312.676462528635	0.525507755370708
1.96099999999989	-3103.49131166001	103.447640925318	45.2511560352902	-1.00085205660129	1671.17242230725	-327.448210370845	-312.935105341205	0.202452165883142	1432.31888935276	224.000569445535	257.692362249656	0.783200117620364
1.96199999999989	-1717.63199849997	196.76910600583	143.55344405331	-0.857298612547979	121.067650315464	-332.929728163798	-325.197382962712	-0.122745217079569	1596.56434818451	136.160622157983	180.058459111153	0.963258576731517
1.96299999999989	-633.433866198529	270.829440019516	234.3134807411	-0.622985131806878	-1764.45865836302	-305.821764506265	-306.688687280196	-0.429433904359766	2397.89252456155	34.9923244867701	84.660135886977	1.04791871261849
1.96399999999989	-278.815437917482	318.379101464429	298.933899915986	-0.324051231890893	-3037.65719878172	-248.777835753335	-268.69362142545	-0.698127525785216	3316.4726366992	-69.6012657110686	-21.9907791314662	1.02592793348703
1.96499999999989	-324.982984071571	334.763598180368	329.740118458195	0.00568888656730192	-3244.96628857871	-167.381799099799	-209.266674321514	-0.90739420010673	3569.94927265028	-167.381799080542	-124.479767483472	0.901448166003556
1.96599999999989	-98.6686175558948	318.379101471288	330.420715781177	0.336109602348479	-2619.90230716643	-69.6012657327816	-121.558748351765	-1.02895294845849	2718.57092472232	-248.777835738481	-205.413915129615	0.696034250873941
1.96699999999989	871.03802591693	270.829440032564	296.995653428832	0.633105255777311	-1920.40540495556	34.9923244646936	-15.8676980777106	-1.0448206465362	1049.36737903863	-305.821764497236	-265.62061727678	0.430413633597161
1.96799999999989	2376.59062560626	196.769106023788	227.012965454885	0.860118221232196	-1721.6640361513	136.160622137704	86.9383400414397	-0.957882306494765	-654.926589454957	-332.929728161477	-311.641044796471	0.118772588800689
1.96899999999989	3638.94682090177	103.44764094643	138.640425418689	0.998758646650885	-2043.89635721219	224.000569429039	181.424779089117	-0.776457527405648	-1595.05046368958	-327.448210375461	-331.54291445662	-0.212770325655931
1.96999999999989	3928.60652910276	1.11769864474809E-08	47.3384147152649	1.04609706136615	-2255.15474162142	289.913780280904	261.01767764136	-0.515439849764288	-1673.45178748134	-289.913780292081	-312.76103722355	-0.525531362879481
1.97099999999989	3106.69893355506	-103.447640925206	-45.2350957523753	1.00086196561377	-1677.15956041828	327.448210370821	313.043607909301	-0.202396241854986	-1429.53937313677	-224.000569445623	-257.667295906815	-0.783198658786296
1.97199999999989	1717.97121238114	-196.769106005734	-143.552401781769	0.857309563832006	-123.694681472822	332.92972816381	325.160812212281	0.122764570357294	-1594.27653090831	-136.160622158091	-180.073142504469	-0.963271801290766
1.97299999999989	637.846629270732	-270.829440019447	-234.353933632045	0.622955630199961	1760.2020155364	305.821764506313	306.687749834439	0.429452320191733	-2398.04864480713	-34.9923244868873	-84.6578106509545	-1.04792961194172
1.97399999999989	283.880660178841	-318.379101464392	-298.942128622773	0.324013501577188	3030.34790972147	248.777835753414	268.714069592819	0.698166389784553	-3314.22856990031	69.6012657109534	21.9728826693888	-1.02595672927233
1.97499999999989	326.78702195699	-334.763598180368	-329.730777978034	-0.00571727640084536	3244.75938209185	167.381799099901	209.212127257066	0.907378517041619	-3571.54640404884	167.38179908044	124.494249736838	-0.901462479535494
1.97599999999989	100.35214792799	-318.379101471324	-330.403258624972	-0.336120535025817	2621.57632792034	69.6012657328969	121.563698537637	1.02894221557926	-2721.92847584833	248.777835738403	205.443870585834	-0.69601860894966
1.97699999999989	-873.891047793784	-270.829440032633	-296.925226629142	-0.633045761654959	1921.84833992711	-34.9923244645765	15.9092960092297	1.04485151158849	-1047.95729213333	305.821764497188	265.630982226254	-0.430387626723405
1.97799999999989	-2377.63814555313	-196.769106023884	-227.063289386125	-0.860109051041084	1722.56309869155	-136.160622137597	-86.9748454206275	0.957876666167858	655.075046861582	332.929728161465	311.609360777642	-0.118778265945763
1.97899999999989	-3635.93385168837	-103.447640946542	-138.642550724476	-0.99875160176556	2046.75348045232	-224.000569428951	-181.413692394832	0.776462973773026	1589.18037123605	327.448210375485	331.607753971586	0.212829488025823
1.97999999999989	-3929.4854310792	-1.12947660113605E-08	-47.3693371953927	-1.04612093896095	2256.18284440415	-289.913780280845	-261.062345277548	0.515400628495479	1673.30258667505	289.913780292139	312.66969895033	0.525499186976153
1.98099999999989	-3105.67489486574	103.447640925094	45.2541751360849	-1.00086676382487	1675.08327915327	-327.448210370796	-312.991845199996	0.202408783295483	1430.59161571247	224.000569445711	257.690747862979	0.783189934839132
1.98199999999989	-1716.18525476538	196.769106005639	143.550144613529	-0.857316619211339	120.88828602366	-332.929728163822	-325.151695506589	-0.122742912211106	1595.29696874172	136.160622158198	180.076188221305	0.963266123060437
1.98299999999989	-638.795565972852	270.829440019377	234.372705642929	-0.62294391356841	-1760.49062932757	-305.821764506361	-306.702107264898	-0.429445019476005	2399.28619530042	34.9923244870044	84.6571547066928	1.04792327776713
1.98399999999989	-280.670977460261	318.379101464344	298.873249910958	-0.324070663657451	-3035.61898777859	-248.777835753518	-268.722026077167	-0.698167045553172	3316.28996523885	-69.601265710801	-22.0204034666027	1.02590287430053
1.98499999999989	-322.028943570847	334.763598180368	329.752353497477	0.00568168984002561	-3245.96984651266	-167.381799100003	-209.203595495994	-0.907370641049165	3567.99879008351	-167.381799080338	-124.424230238933	0.901478644061593
1.98599999999989	-95.4942318579753	318.379101471361	330.378537938892	0.336060227778917	-2624.00368741061	-69.6012657330121	-121.576940830362	-1.02894758187953	2719.49791926858	-248.777835738324	-205.471701270698	0.696006942790895
1.98699999999989	872.138215719272	270.829440032702	297.019349691295	0.633079577470212	-1922.40572375964	34.9923244644593	-15.8687198304859	-1.04481630171001	1050.26750804037	-305.82176449714	-265.609629947375	0.43039731284352
1.98799999999989	2378.9029675298	196.769106023979	227.044497293979	0.860124074764191	-1722.39322908665	136.160622137489	86.9708589619687	-0.957845442748045	-656.50973844315	-332.929728161453	-311.584676003414	0.118812636840106
1.98899999999989	3637.60974047598	103.44764094669	138.615865798163	0.998739940562354	-2047.29510175845	224.000569428836	181.395013144553	-0.776450429603492	-1590.31463871753	-327.448210375518	-331.632494658065	-0.212819857817959
1.98999999999989	3926.4826600893	1.14125597860948E-08	47.3672448463816	1.04610718540874	-2253.12653025983	289.913780280786	261.00581415986	-0.515444615443632	-1673.35612982947	-289.913780292198	-312.709108490811	-0.525528966308771
1.99099999999989	3103.62136733174	-103.447640924982	-45.2268703456784	1.00088031506306	-1676.02006862948	327.448210370772	313.049547421221	-0.202395068022411	-1427.60129870226	-224.000569445798	-257.678785016913	-0.783207751325684
1.99199999999989	1716.58026068853	-196.769106005544	-143.566304181505	0.857314010881552	-124.249044675054	332.929728163835	325.167668632787	0.122772600610376	-1592.33121601348	-136.160622158306	-180.078034042856	-0.96328578536854
1.99299999999989	634.950065112849	-270.829440019286	-234.318054930128	0.622995955951424	1761.69008635181	305.821764506424	306.699494863906	0.429472095474282	-2396.64015146466	-34.9923244871594	-84.6299069142385	-1.04791569228278
1.99399999999989	274.93662272114	-318.379101464307	-298.926845639177	0.324069110312247	3036.93594090019	248.777835753597	268.652745364061	0.698124840838343	-3311.87256362133	69.6012657106858	21.9394022712256	-1.02597629001155
1.99499999999989	322.24486895539	-334.763598180368	-329.768183147676	-0.00569907283542855	3249.96529298865	167.381799100105	209.206533494605	0.907331374332948	-3572.21016194404	167.381799080236	124.501509429007	-0.901474780582546
1.99599999999989	97.4036845613657	-318.379101471397	-330.371104252931	-0.336070177088359	2624.71289879529	69.6012657331274	121.616038605565	1.02894741293851	-2722.11658335666	248.777835738245	205.48178355447	-0.695992997028076
1.99699999999989	-873.298327540726	-270.829440032771	-296.977843374135	-0.633048020462495	1922.25231141559	-34.9923244643422	15.8959815693325	1.04484339450784	-1048.95398387486	305.821764497092	265.60626486757	-0.430386732160506
1.99799999999989	-2377.97368890821	-196.769106024105	-227.064040972633	-0.860112061435127	1724.44193292066	-136.160622137347	-86.9916062751411	0.957851788232704	653.531755987551	332.929728161436	311.606761702095	-0.118779970458411
1.99899999999989	-3638.91467723957	-103.447640946802	-138.613104244712	-0.998725165679839	2049.96938009495	-224.000569428748	-181.411902176726	0.776439886055978	1588.94529714461	327.448210375542	331.611262762831	0.21283129230442
2	-3930.57966405161	1.32871491587139E-12	-47.3780475594102	-1.04610321324443	2258.11896474392	-289.913780286493	-261.052613028552	0.515387272998878	1672.46069930768	289.913780286491	312.676462678353	0.525507755016967
