"Time [s]"	"CoreLoss [W]"	"Moving1.Torque [NewtonMeter]"	"Moving1.Speed [rpm]"	"SolidLoss [kW]"
0	0	0	1500	0
0.001	76.9876885681322	-55.3170812591271	1500	0.769844438336559
0.002	59.1641522865018	-147.587428078487	1500	3.30510458955246
0.003	51.1145694193795	-22.7195131640146	1500	6.72492877986184
0.004	59.3012129534201	264.685045346043	1500	10.0381095513303
0.005	67.5945800743208	431.126137456074	1500	13.2821813887615
0.006	65.7580649698482	123.992193044712	1500	16.6440432499353
0.007	58.4293289627386	-472.399250707031	1500	18.676783227602
0.008	69.9472110298197	-715.265870057372	1500	19.4588063782092
0.009	80.2661490861293	-382.533196239656	1500	19.9247620812016
0.01	85.1683833506011	92.4309655560186	1500	18.9924305800381
0.011	89.211642408952	436.237876401718	1500	16.7587131280939
0.012	87.4576812789662	199.609735310853	1500	14.8068628273376
0.013	83.4785376601292	-410.421420287174	1500	12.2098387749894
0.014	99.8363236667098	-639.652300627293	1500	9.37768862212336
0.015	111.030248880853	-409.73034788702	1500	7.18354275345108
0.016	105.886240066042	-132.166969596421	1500	5.02338189826447
0.017	97.2244913902243	30.038544012056	1500	3.07692004404588
0.018	100.758082482761	14.7371835726046	1500	1.64586786501478
0.019	105.895474660531	-45.8292639348278	1500	0.787627558501468
0.02	119.422104616622	-25.1203048784332	1500	0.400432664800454
0.021	120.692322342238	13.4018098142985	1500	0.308651739023108
0.022	103.363177413426	2.73992802032429	1500	0.562040991250715
0.023	110.918697855456	17.7041320923492	1500	1.12454556143085
0.024	118.069811457281	123.905846376401	1500	1.80288549587769
0.025	128.254746141424	257.534079736468	1500	2.27249094534205
0.026	131.330684439245	242.750546137145	1500	2.52186459463911
0.027	118.193816800722	-96.0173501974662	1500	3.04920021697556
0.028	120.440168158804	-314.344051818463	1500	3.92757777736267
0.029	137.46990233932	-178.848171881897	1500	4.58272259060991
0.03	138.852586537597	55.1024834975784	1500	4.53429515589723
0.031	140.274946207515	221.90124277639	1500	3.87865185093505
0.032	134.481663042145	137.066370448054	1500	3.01176682025463
0.033	125.319826266567	-249.10169590596	1500	2.54899402964849
0.034	142.18818994679	-330.186861820509	1500	2.34157043496068
0.035	145.14027026316	-224.493513317491	1500	2.0173079925364
0.036	139.375379352007	-83.3780323468169	1500	1.48515158855772
0.037	129.606988144508	-17.1316729454632	1500	0.925677912686042
0.038	124.640957814197	-30.0274755836758	1500	0.48993676465023
0.039	127.677739843626	-56.2311009147517	1500	0.242544588894024
0.04	139.24910349193	-35.0668988853532	1500	0.131020693567895
0.041	138.478937858262	0.379575210538813	1500	0.0769626818062428
0.042	126.79571047486	9.75738729627312	1500	0.105069737042468
0.043	126.457630280116	13.4294051240279	1500	0.239961901322096
0.044	140.93294505093	50.4653130673224	1500	0.398614219497723
0.045	149.67987027176	105.463436847165	1500	0.477844459279519
0.046	148.786456514038	98.0349777311102	1500	0.454509903018167
0.047	141.208148171612	-6.4062830286994	1500	0.500934375985383
0.048	137.766126489052	-91.4427651948415	1500	0.853105135972893
0.049	154.285746941445	-70.9801259173709	1500	1.19058097617448
0.05	159.551623310217	21.1720422055782	1500	1.23581042219252
0.051	159.981034102469	84.6644873614515	1500	1.00256951812847
0.052	147.5654873427	39.8994730779836	1500	0.668022683952868
0.053	138.976404715735	-90.2336925794328	1500	0.546159679486074
0.054	155.422127007361	-165.785050894404	1500	0.624532344513805
0.055	162.675588278235	-114.952769246658	1500	0.633043641856267
0.056	155.051432881847	-53.2753976151925	1500	0.495632683985462
0.057	144.414882772765	-25.8630369300096	1500	0.310963383537617
0.058	137.547676102801	-32.7080166597601	1500	0.1587724906601
0.059	140.903190121175	-43.2683571014803	1500	0.0832660879315424
0.06	151.44229003785	-29.3289430163939	1500	0.0539498601042322
0.061	151.191049684797	-5.79915124121909	1500	0.0308853328823151
0.062	141.905683541484	3.8163706167435	1500	0.0266472793528897
0.063	139.697789174044	6.29103413140351	1500	0.0639503157461836
0.064	149.770338645335	20.7548760676205	1500	0.114800383582642
0.065	160.628631337739	44.8983755839841	1500	0.129517270817065
0.066	156.605178901055	44.7757291266569	1500	0.111114705091589
0.067	147.180760433077	12.1046281371217	1500	0.130442530222404
0.068	145.611971549453	-20.8164931381051	1500	0.225957855641071
0.069	158.106660044339	-23.0352459132029	1500	0.340768431891102
0.07	168.857802619045	7.39719164889252	1500	0.377433556043348
0.071	164.239497394644	23.509967993079	1500	0.299054413546526
0.0720000000000001	152.545439126492	6.08013781136158	1500	0.194511860466908
0.0730000000000001	145.518154876243	-41.00542709845	1500	0.150892544411048
0.0740000000000001	154.43381092971	-72.1221085739547	1500	0.18577549051068
0.0750000000000001	165.541478937824	-62.3303417855707	1500	0.214368238117517
0.0760000000000001	163.694267633149	-33.4202159846727	1500	0.177291878124959
0.0770000000000001	154.390966592746	-19.626968179321	1500	0.110712850923614
0.0780000000000001	146.150845126715	-25.0196584025387	1500	0.0524879757940916
0.0790000000000001	149.989829536608	-30.2560560419505	1500	0.0301304365585968
0.0800000000000001	158.510929789398	-21.0561058850146	1500	0.0249351680833323
0.0810000000000001	158.527882102918	-6.85626512887192	1500	0.0159208372659681
0.0820000000000001	150.77940262664	0.147057875321443	1500	0.00922680717437691
0.0830000000000001	148.432916257414	1.28865623915299	1500	0.0198161237202315
0.0840000000000001	155.686261832433	7.83665936418139	1500	0.0384607237205651
0.0850000000000001	163.73621494919	20.4008376003535	1500	0.0426463464212981
0.0860000000000001	161.121978745738	22.6931785561682	1500	0.0307669216654385
0.0870000000000001	153.515202913447	9.71885305668177	1500	0.0320423923316701
0.0880000000000001	151.604208577291	-5.4587805261781	1500	0.0659751154375219
0.0890000000000001	160.02896529236	-8.2561901227572	1500	0.11046888895475
0.0900000000000001	169.287379895341	0.828436681624528	1500	0.126234402930374
0.0910000000000001	166.321373380649	7.76275426202169	1500	0.098667448278943
0.0920000000000001	155.673356166732	-1.0509484609678	1500	0.0578439072374455
0.0930000000000001	150.832422865872	-22.6441925219452	1500	0.0440920534829717
0.0940000000000001	156.957135403525	-36.7207915847598	1500	0.0621734930241319
0.0950000000000001	166.36293778744	-30.1887360060078	1500	0.0797511439323061
0.0960000000000001	165.195016786004	-19.5237661299734	1500	0.0682467437494668
0.0970000000000001	156.581419062303	-13.7868221124118	1500	0.0398265149821898
0.0980000000000001	151.632315812738	-16.8373077937667	1500	0.0169645926658025
0.0990000000000001	155.5275871341	-19.650426651396	1500	0.0113504295692911
0.1	162.877197938877	-14.7674972198932	1500	0.0125666270465412
0.101	162.638032229983	-5.80377348045627	1500	0.00944397606003662
0.102	155.967101601772	-1.44583498725284	1500	0.00460059133362599
0.103	153.8699818081	-0.462569969070125	1500	0.00737898295905697
0.104	159.413834689366	2.21117536140485	1500	0.0148086958166497
0.105	166.254184581692	8.94422429203051	1500	0.0161308149275389
0.106	164.638116882158	11.288868350935	1500	0.00920921116530463
0.107	157.831123627165	5.75782911225728	1500	0.006951204848624
0.108	155.849793520011	-1.09942150471091	1500	0.0197992393039494
0.109	162.084911546804	-3.99724442973665	1500	0.0387163211403311
0.11	169.277695792558	0.295430540415748	1500	0.0458648174137827
0.111	167.207885899004	1.86846289856915	1500	0.0344462640684521
0.112	158.623950550883	-2.33956911130851	1500	0.0167440819441907
0.113	154.614569381453	-12.8310410441216	1500	0.0122787154956056
0.114	159.425875865381	-19.5378239935155	1500	0.0224424495549637
0.115	167.130196893474	-17.6953216539048	1500	0.0320583496928774
0.116	165.975434457597	-10.5231733607919	1500	0.0277606738230436
0.117	158.473260668961	-8.87174482221788	1500	0.0149642972995525
0.118	155.025858211396	-10.4785873591647	1500	0.00548657142737366
0.119	158.826820596806	-12.9378543667819	1500	0.00479698327551827
0.12	165.300901392111	-9.52221734984885	1500	0.00710016731750816
0.121	164.787322904711	-4.35583428747215	1500	0.00620286633163686
0.122	158.829310876222	-1.6715117783031	1500	0.00311550571727205
0.123	156.854129246398	-1.52408348201965	1500	0.00367072786561539
0.124	161.542323315914	-0.262142088863468	1500	0.00691458035048244
0.125	167.970855238027	3.97605134196419	1500	0.00748291446689886
0.126	166.633757230461	5.95327181315824	1500	0.00363934444912933
0.127	160.453402323195	2.89052120575048	1500	0.00148444021731306
0.128	158.653838544289	-0.406478151797829	1500	0.00665752119274051
0.129	163.488674802217	-1.9093428778056	1500	0.015304856272593
0.13	169.688558801802	-1.31044647198407	1500	0.0187604817520676
0.131	167.894360539109	0.393515788286679	1500	0.0135614840569673
0.132	160.492446423792	-1.79408426693225	1500	0.00508359604687421
0.133	157.063520905282	-7.19021787095028	1500	0.00350613090250499
0.134	161.041651310833	-11.3658429364061	1500	0.00915989266135041
0.135	167.592523856334	-8.89430573903896	1500	0.0144213195690245
0.136	166.285317378533	-6.67812702075701	1500	0.0125696470637657
0.137	159.716139721055	-5.63456831354959	1500	0.00635009473613304
0.138	157.106204226204	-6.45395426453342	1500	0.00217560410704154
0.139	160.636714496893	-8.00478545039944	1500	0.00267672313344711
0.14	166.572075785971	-6.58785618943351	1500	0.00461526960411833
0.141	165.786939738756	-2.92841262298603	1500	0.00454830733608198
0.142	160.176376212171	-1.51525973301076	1500	0.00256333606262247
0.143	158.409745139804	-1.15020145720847	1500	0.00246981612391237
0.144	162.480905875433	-1.00586966169731	1500	0.00401633364204269
0.145	168.679901850165	1.59465706441973	1500	0.00438527297014989
0.146	167.5336951211	2.94794053132466	1500	0.00235310313746409
0.147	161.791009847319	1.29702777875561	1500	0.000853100404110584
0.148	160.202365162968	0.212925110252973	1500	0.00311523523578557
0.149	164.377958444294	-1.54401209047569	1500	0.00728627206778018
0.15	169.938452112141	-0.425248332954551	1500	0.00900966722698954
0.151	168.323755393059	-0.53546344846165	1500	0.0065294480329446
0.152	161.631083345783	-1.45325747176185	1500	0.00213212477695176
0.153	158.582253155688	-4.15958149164711	1500	0.00149525278286362
0.154	161.954923589907	-6.35280337856995	1500	0.00462579243409182
0.155	167.97731319848	-6.10782405386382	1500	0.00753889809435652
0.156	166.502395872455	-3.15673157985874	1500	0.0066398283276119
0.157	160.374648661569	-3.51395907562986	1500	0.00342207810826192
0.158	158.329325366478	-3.51222411045787	1500	0.0014806485306295
0.159	161.662433702513	-5.4464598014244	1500	0.00209253781481517
0.16	167.323833238395	-3.9961289471086	1500	0.00345414728539056
0.161	166.340993670033	-1.935708882402	1500	0.00361282592164336
0.162	160.950716214256	-1.10420822940042	1500	0.0023245440153897
0.163	159.248173774314	-1.30309329575847	1500	0.00211109387890222
0.164	163.006883152805	-1.34029667063937	1500	0.00288829763682564
0.165	169.059780546888	0.740810287934453	1500	0.00316364237219666
0.166	167.722577200762	1.99709392284204	1500	0.00209637987200233
0.167	162.166261993063	0.427972642651673	1500	0.00116310387587041
0.168	160.807409720729	0.0177827853974195	1500	0.00222267006096301
0.169	164.479694278061	-0.713193731776268	1500	0.00435360959218813
0.17	169.789640441195	-1.33239512312605	1500	0.00525825251839122
0.171	168.104835418419	-0.393464383920375	1500	0.00406727895446685
0.172	161.847992925403	-0.845715467991705	1500	0.00162033740773855
0.173	159.229080608208	-2.31806177522289	1500	0.00131757142056929
0.174	162.321813451296	-4.27374896424737	1500	0.00303238571791426
0.175	168.162057977611	-2.65039976333546	1500	0.00465089725805636
0.176	166.608932438456	-2.29310573523717	1500	0.00418615658578197
0.177	160.725057924602	-2.25144515218261	1500	0.00244295035913173
0.178	159.057116715828	-2.12402386909414	1500	0.00151902042115508
0.179	162.217037351206	-3.32093802371538	1500	0.0020010415167675
0.18	167.705173432548	-2.99097085628412	1500	0.00288373385863486
0.181	166.543565816195	-1.11467368433955	1500	0.00311734305741632
0.182	161.246904378043	-0.843004561724351	1500	0.00222574623826412
0.183	159.67399184635	-0.62449295019541	1500	0.00199222550241678
0.184	163.039675440282	-1.16258490974707	1500	0.00239923625301845
0.185	168.861770683101	0.307386001839313	1500	0.0026009517998065
0.186	167.388946398976	1.10865686701681	1500	0.00206021617646361
0.187	161.859620262006	0.0506243911729374	1500	0.00150033318571103
0.188	160.507413629656	0.476752686572173	1500	0.00205769767864434
0.189	163.930813743556	-0.866969040918753	1500	0.00317518138933696
0.19	169.372526101745	-0.308690220963214	1500	0.00365867021198679
0.191	168.019728779682	-0.728478541437671	1500	0.00312068144180405
0.192	162.052830065427	-0.765855629580764	1500	0.00169163825879828
0.193	159.650552168742	-1.37218983780108	1500	0.0015142278545607
0.194	162.544258143818	-2.44258371731997	1500	0.00246326537873678
0.195	168.303887125262	-2.53861491663307	1500	0.00336504389845039
0.196	166.666100152597	-0.648518327502694	1500	0.00309750396678618
0.197	160.920302132855	-1.47737479629088	1500	0.00212858895407267
0.198	159.481752666244	-0.809827813020249	1500	0.00169377865591304
0.199	162.534991291645	-2.5649676346272	1500	0.00203592272318685
0.2	167.951302499579	-1.69865533151013	1500	0.00258538196178304
0.201	166.692515883414	-0.67644304428137	1500	0.00279462785056642
0.202	161.49017197471	-0.524907646419071	1500	0.00217151056525539
0.203	159.93757708796	-0.786135096037176	1500	0.00199960468815005
0.204	163.197690647749	-1.18424543604759	1500	0.00220672631775228
0.205	169.022613106754	0.297423685329496	1500	0.00234106576306399
0.206	167.421109879986	1.20322420026572	1500	0.00205935124308842
0.207	161.964703113853	-0.161936020017451	1500	0.0017357643203701
0.208	160.846269908971	0.224386839745457	1500	0.00205301377777035
0.209	164.088768194568	-0.275574829275071	1500	0.00267903343836128
0.21	169.446918684317	-1.14101189509155	1500	0.00294172058611969
0.211	167.921506780644	-0.396396290350119	1500	0.00273446092653532
0.212	162.099704241316	-0.387725429227102	1500	0.00183455505933163
0.213	159.88842146074	-0.726684330950439	1500	0.00172070736872811
0.214	162.664341943879	-2.09128754763484	1500	0.00222407225324056
0.215	168.328537518847	-0.665097854665492	1500	0.00272761387734702
0.216	166.656383860331	-0.804267392907615	1500	0.00257905508861648
0.217	160.993580891553	-1.03141232777248	1500	0.00203331627546603
0.218	159.705247330689	-0.512443622400805	1500	0.00185438342471385
0.219	162.667448264807	-1.57328826586005	1500	0.00209420102532976
0.22	168.015016299548	-1.5470986122985	1500	0.00242740386994361
0.221	166.671737918648	-0.266367497679768	1500	0.00263143763423874
0.222	161.504303757631	-0.407857097562781	1500	0.0021537942132316
0.223	160.033719294592	-0.190642915368554	1500	0.00200141612174382
0.224	163.066209599086	-0.927931722542358	1500	0.0021088790858743
0.225	168.806477587357	0.227493284928744	1500	0.00218737509716761
0.226	167.172762944281	0.793602930710285	1500	0.00204778015595316
0.227	161.632583580082	-0.207300219386381	1500	0.0018620246125395
0.228	160.410514256185	0.655324069359344	1500	0.00208575218118988
0.229	163.525887572269	-0.578908163400468	1500	0.00243811919346443
0.23	168.988174067923	-0.147590855715174	1500	0.00258011430263819
0.231	167.670535014912	-0.668823208524656	1500	0.00254993453630015
0.232	162.047247470946	-0.480667694516614	1500	0.0019574194450787
0.233	160.008807953491	-0.449255494169012	1500	0.0018694461620658
0.234	162.690965173605	-1.21313188022665	1500	0.00214668454221119
0.235	168.352733029037	-1.37873280861497	1500	0.00241700262979064
0.236	166.616735086554	0.20362974373385	1500	0.002315149288401
0.237	161.007298762844	-0.76383101779015	1500	0.00200838482956435
0.238	159.840692561781	0.171791998073691	1500	0.00196351769587749
0.239	162.765200836559	-1.51226370059745	1500	0.00213612014581733
0.24	168.107226456044	-0.801907567927848	1500	0.00233466458667507
0.241	166.720090590965	-0.126910582175268	1500	0.00250136469979935
0.242	161.594472096307	-0.218606129046292	1500	0.00213537979973709
0.243	160.087572044757	-0.468524941358085	1500	0.00204142454342243
0.244	163.068781931547	-0.974381764524139	1500	0.00208603968546215
0.245	168.814349758439	0.345837202569108	1500	0.00212046134485663
0.246	167.111351696224	1.10290455196293	1500	0.00204156945858556
0.247	161.590076123115	-0.263384793329518	1500	0.0019427417595567
0.248	160.45969623732	0.362683882340372	1500	0.00210712550980774
0.249	163.480190205959	-0.0831648942947474	1500	0.00233519283771127
0.25	169.001368083451	-1.00330299211771	1500	0.00240849323532097
0.251	167.615597005733	-0.330429479017382	1500	0.00246303559887693
0.252	162.024648997809	-0.209504184948804	1500	0.0020253612813466
0.253	160.083245781107	-0.192221656648121	1500	0.0019597402260273
0.254	162.725970834343	-1.39453053886239	1500	0.0020893214531954
0.255	168.356127674364	-0.00982251280900059	1500	0.00223445520508443
0.256	166.628808179497	-0.297075287672916	1500	0.00217542880036142
0.257	161.034913262214	-0.612103856836972	1500	0.00200532198260122
0.258	159.915584088753	0.0656851455374189	1500	0.0020385754344303
0.259	162.768616849611	-0.946971920749523	1500	0.00216959376938791
0.26	168.078476873218	-0.993796657789683	1500	0.00228660560941797
0.261	166.657504829565	0.0872525721191287	1500	0.00245040147058928
0.262	161.52431379133	-0.203303045643325	1500	0.00213523426851097
0.263	160.102524947276	0.0368778999325268	1500	0.0020438309188033
0.264	162.995368627014	-0.76443934639775	1500	0.00206247447401761
0.265	168.753728474802	0.310341039305591	1500	0.0020653302482942
0.266	167.096373881676	0.781694712806142	1500	0.00202507272356608
0.267	161.580853646233	-0.238504907683785	1500	0.00197372572980062
0.268	160.465305110902	0.760469734427635	1500	0.00212757720554685
0.269	163.473782619025	-0.452454215590037	1500	0.00227124764186173
0.27	168.926407306064	-0.0472798123807897	1500	0.00230787371467711
0.271	167.563321511883	-0.610534200512856	1500	0.00241081207990137
0.272	162.038851731714	-0.372944779862374	1500	0.00207718896581729
0.273	160.153991012304	-0.135860424666569	1500	0.00201799479094364
0.274	162.743903078135	-0.818814102489023	1500	0.00208782162199313
0.275	168.385577202948	-0.991209190577459	1500	0.00215103345451944
0.276	166.622024406875	0.494491707133273	1500	0.0020972839981233
0.277	161.053750012284	-0.521844793672071	1500	0.00200666738575803
0.278	159.973525061015	0.520598304307934	1500	0.00207906852915527
0.279	162.81702311724	-1.14061938085557	1500	0.00218579314129052
0.28	168.141506197873	-0.464137900089538	1500	0.00225407329156765
0.281	166.688960911655	0.0940220526694111	1500	0.00238974266878192
0.282	161.582338790836	-0.0853008673681471	1500	0.00212502636104978
0.283	160.138304490045	-0.315961452430558	1500	0.00207569435385167
0.284	163.034343221119	-0.858976027471431	1500	0.00207134034811182
0.285	168.788222648954	0.424354160667887	1500	0.00205123706481031
0.286	167.053104257593	1.12031528219408	1500	0.0020201442485456
0.287	161.550052087116	-0.266783859962023	1500	0.00200215976568665
0.288	160.475869207896	0.437680237040962	1500	0.00213462690504417
0.289	163.407450291142	-0.00231550013975761	1500	0.00225243101000077
0.29	168.921868499688	-0.928984416694766	1500	0.00226605279266542
0.291	167.496425315985	-0.28554134185188	1500	0.00238637632778702
0.292	161.980439967059	-0.143573285186794	1500	0.00209510991800647
0.293	160.149245090464	-0.00791081033118251	1500	0.00204731026277521
0.294	162.736633690444	-1.16984606958392	1500	0.00206182246915199
0.295	168.375383243155	0.211382036466062	1500	0.00208751779686246
0.296	166.62378822408	-0.123243553171528	1500	0.00205413943692567
0.297	161.053020304833	-0.471362138908627	1500	0.00200971178526377
0.298	159.995268953064	0.270542881067818	1500	0.0021086233388548
0.299	162.785595289898	-0.729948541379035	1500	0.00220047144421896
0.3	168.083273141094	-0.787288188378149	1500	0.00224043076959599
0.301	166.623686222696	0.226090110149574	1500	0.00238054421904709
0.302	161.498957996161	-0.119149084553475	1500	0.00212959451857882
0.303	160.122274524483	0.13960328758289	1500	0.00206846326046238
0.304	162.943774000799	-0.686530467419867	1500	0.00206039840373762
0.305	168.70434702241	0.37312322070689	1500	0.00202560322617212
0.306	167.013735712851	0.80646374899978	1500	0.00200704317508411
0.307	161.498669353204	-0.232388600055194	1500	0.00200455902524232
0.308	160.423191545341	0.813246872707949	1500	0.00214418215855868
0.309	163.34728197301	-0.401175076597909	1500	0.00222966649545123
0.31	168.775888351877	0.00416701981728647	1500	0.00223309656005837
0.311	167.397461607566	-0.577271746172008	1500	0.00236692844859721
0.312	161.963236726045	-0.333499959835648	1500	0.00211697459468356
0.313	160.170711229364	-0.0266040471988322	1500	0.00206903107369536
0.314	162.729068337082	-0.692614333026932	1500	0.00207538608176166
0.315	168.395093185503	-0.858977496746426	1500	0.00206884402596867
0.316	166.617921871176	0.594195286072243	1500	0.00202823528687976
0.317	161.042320382879	-0.441500158026985	1500	0.00201127910323127
0.318	160.005349830478	0.643836483080462	1500	0.00212005304518491
0.319	162.791439368497	-1.01380209354139	1500	0.00220411535843796
0.32	168.099411613978	-0.339342567128426	1500	0.00222767486589215
0.321	166.624468370486	0.178791114146056	1500	0.00234634908843217
0.322	161.509286724217	-0.0327608798085101	1500	0.00212168116545373
0.323	160.071311462928	-0.249467640785676	1500	0.00209252341361881
0.324	162.909912880515	-0.808729530704784	1500	0.00207362545629927
0.325	168.684218023216	0.47110920743728	1500	0.00202817786965259
0.326	166.924670620013	1.14145846352085	1500	0.00200629246448388
0.327	161.440413684587	-0.259199071693374	1500	0.00201830101406321
0.328	160.39741741138	0.473733821916557	1500	0.00214432105783478
0.329	163.250396795995	0.0283138589924049	1500	0.00223134530604935
0.33	168.729971534585	-0.893134088987645	1500	0.00222653401725087
0.331	167.278297875273	-0.262167603542885	1500	0.00236015259615469
0.332	161.854698192451	-0.119851511856555	1500	0.00211721572335205
0.333	160.14418285054	0.0576240726934667	1500	0.00207636560670697
0.334	162.739067843894	-1.098035079738	1500	0.00205600803121567
0.335	168.385991852706	0.28771690081927	1500	0.00204118298547541
0.336	166.618346298381	-0.0634232076070501	1500	0.00201418156479729
0.337	161.044698204367	-0.425054993681915	1500	0.00201323273096906
0.338	160.017388850784	0.343284646630773	1500	0.0021323312671053
0.339	162.767340434693	-0.657835235644086	1500	0.00221101866714758
0.34	168.070125504018	-0.711066449591714	1500	0.00222546607719173
0.341	166.595827933643	0.278717090825459	1500	0.00235313074640631
0.342	161.457062219379	-0.0872112075983866	1500	0.00212779905188872
0.343	160.079438935958	0.183144822096834	1500	0.00207938050662282
0.344	162.850950071888	-0.655169495180046	1500	0.00206358361902881
0.345	168.608731398843	0.405937297558279	1500	0.00201224703986021
0.346	166.904095055738	0.823314285895281	1500	0.0019968295176556
0.347	161.419057603357	-0.225899229755645	1500	0.00201289494756162
0.348	160.367673134971	0.837665099897002	1500	0.00214960102307112
0.349	163.252080517167	-0.382751509554262	1500	0.00221884360251665
0.35	168.680407697881	0.0285234606334188	1500	0.00221247459404852
0.351	167.282372170129	-0.561028707880067	1500	0.00235088047618401
0.352	161.864266808006	-0.319468695901893	1500	0.00212925411596916
0.353	160.142849998648	0.0127763677888171	1500	0.00208557558458628
0.354	162.726457879038	-0.653259727539873	1500	0.00207295678113757
0.355	168.399570439477	-0.812660216814832	1500	0.00204272772918244
0.356	166.611906174192	0.6283283091974	1500	0.00200481792715957
0.357	161.033039167544	-0.415475938732811	1500	0.00201380248144145
0.358	160.017644292168	0.687706370069665	1500	0.00213337157818135
0.359	162.772837958613	-0.97263223370012	1500	0.00220992236561909
0.36	168.090909649384	-0.293432850348763	1500	0.00221935423667831
0.361	166.601892527514	0.210367842428931	1500	0.0023291334396273
0.362	161.472142465023	-0.0134382964777619	1500	0.00212061559257434
0.363	160.037441672224	-0.221558884785894	1500	0.00209942404619527
0.364	162.83312731944	-0.789736599930212	1500	0.00207649375537408
0.365	168.60834199568	0.494063679770373	1500	0.0020204335958958
0.366	166.836909092629	1.15282629385139	1500	0.00199901076636709
0.367	161.380229992226	-0.254520766292522	1500	0.00202275221149463
0.368	160.356237363801	0.490161573406386	1500	0.00214723192446643
0.369	163.180280447466	0.0380509958975433	1500	0.00222563382719428
0.37	168.661657123195	-0.8766049307683	1500	0.00221579059572523
0.371	167.204679059826	-0.251208922175043	1500	0.00234999725884195
0.372	161.823222787504	-0.111674157910372	1500	0.0021239719948308
0.373	160.141395213587	0.0819320939049387	1500	0.00208559177624451
0.374	162.73562615835	-1.07587363901101	1500	0.00205501845248505
0.375	168.388981513735	0.314914442092042	1500	0.00202648084793378
0.376	166.61083588174	-0.0428961072569707	1500	0.00200026622605807
0.377	161.038968871648	-0.410238957245288	1500	0.00201492527404462
0.378	160.029819831402	0.369558365624053	1500	0.00213975053686174
0.379	162.75877058751	-0.635608011051174	1500	0.00221404473033455
0.38	168.068401624679	-0.682764682792268	1500	0.00222088645650839
0.381	166.581761102191	0.29825701620633	1500	0.00234204145635655
0.382	161.440492514986	-0.0758707257463847	1500	0.00212729295658947
0.383	160.066237605664	0.201267328780649	1500	0.0020835721261382
0.384	162.800311652838	-0.644198904918145	1500	0.00206578291323603
0.385	168.563696620635	0.421340713755263	1500	0.00200784855926309
0.386	166.849834295841	0.831285049508379	1500	0.00199171938393713
0.387	161.3756434694	-0.222802735261318	1500	0.00201527749728494
0.388	160.332667915601	0.848627818399862	1500	0.00215106301213358
0.389	163.176904876781	-0.377519843754986	1500	0.00221570256025538
0.39	168.60864451193	0.0397894875463709	1500	0.00220703692062555
0.391	167.21173774881	-0.553634552127089	1500	0.00234428438136065
0.392	161.830277018649	-0.314721648502515	1500	0.00213299064523742
0.393	160.151512640772	0.0276692023228516	1500	0.00209069432458036
0.394	162.723232627013	-0.641858487131837	1500	0.0020726791626744
0.395	168.401419044029	-0.795732794590689	1500	0.00203455188133918
0.396	166.60736992409	0.639841393860557	1500	0.00199645693986375
0.397	161.027866548065	-0.407391186600579	1500	0.00201501473282021
0.398	160.025126021215	0.703696695989597	1500	0.00213733658614893
0.399	162.764108536528	-0.960568541887394	1500	0.00221133638055714
0.4	168.088663764124	-0.27628425066682	1500	0.00221694621798129
0.401	166.592101267456	0.221904629346503	1500	0.00232199099654772
0.402	161.461602961464	-0.00679242779982377	1500	0.00212033168419808
0.403	160.035998524773	-0.209832413372108	1500	0.00210189387758001
0.404	162.804625266726	-0.783596702004465	1500	0.00207806317483004
0.405	168.586225470582	0.504765164028586	1500	0.0020179874173167
0.406	166.815029290413	1.15759001549776	1500	0.00199546251444943
0.407	161.364517663286	-0.252640609437124	1500	0.00202412916682736
0.408	160.356880817009	0.497586815125241	1500	0.00214787772665886
0.409	163.162794776205	0.0398790680768639	1500	0.00222375926526554
0.41	168.651101695475	-0.868977005056719	1500	0.00221306459539625
0.411	167.195910196153	-0.246313873836752	1500	0.00234556840670785
0.412	161.820727704175	-0.109085387329569	1500	0.00212605319912448
0.413	160.156519674215	0.0915196449391045	1500	0.00208833843617468
0.414	162.733720319726	-1.06966491490108	1500	0.00205499443633491
0.415	168.391155017449	0.325141925835545	1500	0.00202200115841808
0.416	166.607439480279	-0.0359824928091574	1500	0.00199515230191019
0.417	161.036996697078	-0.405732931735405	1500	0.00201574527900553
0.418	160.037851908169	0.379413737962148	1500	0.00214182924653865
0.419	162.755774139454	-0.629940344444498	1500	0.00221455286762679
0.42	168.068856213095	-0.671932600345005	1500	0.00221962847218274
0.421	166.576786944945	0.305445500080547	1500	0.0023372648303859
0.422	161.435017600246	-0.0721485675203062	1500	0.0021272112389371
0.423	160.071826984288	0.208941174684727	1500	0.00208495110387913
0.424	162.786213568788	-0.641129783533183	1500	0.00206683940804511
0.425	168.543303591735	0.428457683497664	1500	0.00200658105558807
0.426	166.819845682633	0.834411818453622	1500	0.0019892625510026
0.427	161.341395709483	-0.221757377687642	1500	0.00201609515777527
0.428	160.30409417626	0.853594641768108	1500	0.00215127351303873
0.429	163.126869352121	-0.377064799735992	1500	0.00221448860890387
0.43	168.549989018244	0.0451114984095528	1500	0.00220575324546177
0.431	167.143821698206	-0.550362326658769	1500	0.00234121448669216
0.432	161.79621540888	-0.313268098387866	1500	0.00213415446456349
0.433	160.148832465941	0.0337089364224861	1500	0.00209211870655969
0.434	162.718929360098	-0.639227186806206	1500	0.00207275327486371
0.435	168.402464928861	-0.789085812076463	1500	0.00203219610837842
0.436	166.604352769908	0.643546098336763	1500	0.00199328784928126
0.437	161.025644339459	-0.405088863280476	1500	0.00201564442433682
0.438	160.032937458533	0.709805155178166	1500	0.00213833341062415
0.439	162.763166311619	-0.957975416684081	1500	0.00221135754073156
0.44	168.091862865993	-0.269587772657498	1500	0.00221635986982009
0.441	166.591167035172	0.226069201521159	1500	0.00231877549313844
0.442	161.460384579786	-0.00471258176676388	1500	0.00212029832699762
0.443	160.045365548697	-0.204726012906241	1500	0.0021026088231395
0.444	162.802530964732	-0.782193570463492	1500	0.0020787541225415
0.445	168.579190550804	0.509853662257247	1500	0.00201740118514985
0.446	166.798702107361	1.15919254036489	1500	0.00199375827583711
0.447	161.345295305844	-0.252125996482701	1500	0.00202467657413656
0.448	160.337250159675	0.501045045931409	1500	0.00214785823900945
0.449	163.128537282994	0.0391088073980291	1500	0.00222287821645259
0.45	168.606984045957	-0.865305664520444	1500	0.00221247825727697
0.451	167.149253103755	-0.244156263486247	1500	0.00234337077459571
0.452	161.793761705947	-0.108421226918127	1500	0.00212672747115921
0.453	160.160152492207	0.0956389395780514	1500	0.00208901557235243
0.454	162.732137589161	-1.06841170968525	1500	0.00205507805714231
0.455	168.392223928502	0.329343555959499	1500	0.00202083663138711
0.456	166.60580225299	-0.033783493003856	1500	0.00199313932601405
0.457	161.03716957443	-0.404507124882416	1500	0.00201618827275964
0.458	160.044650892171	0.383365780407351	1500	0.00214226977751129
0.459	162.754547243645	-0.629421871620823	1500	0.0022143223102194
0.46	168.069416881118	-0.667508255061844	1500	0.00221935469103405
0.461	166.573131772064	0.308098659563881	1500	0.00233499207380751
0.462	161.431106648462	-0.0710859918329052	1500	0.00212724769695021
0.463	160.072136041936	0.212362413632613	1500	0.00208526813648917
0.464	162.776920644297	-0.64079352984625	1500	0.00206727262173099
0.465	168.530893704307	0.431890777426053	1500	0.00200640412523334
0.466	166.802865405731	0.83539444970411	1500	0.00198807303140502
0.467	161.322878627612	-0.221576369425021	1500	0.00201647241410077
0.468	160.294733361016	0.855945731901776	1500	0.0021511536208564
0.469	163.116004742491	-0.378051537197757	1500	0.00221381014379059
0.47	168.538553056467	0.0477794426296796	1500	0.0022055304989939
0.471	167.134997314815	-0.548908445017691	1500	0.00233958908832334
0.472	161.796478301326	-0.312925274735664	1500	0.00213454186710339
0.473	160.165230622758	0.0364014451742239	1500	0.00209238419973043
0.474	162.717983733559	-0.639165761308181	1500	0.00207282005213723
0.475	168.403295869898	-0.786172749504907	1500	0.00203171282890458
0.476	166.603305783	0.64458292279056	1500	0.00199198857261606
0.477	161.025634673323	-0.404570934292556	1500	0.00201601047346774
0.478	160.038491590697	0.712327977947084	1500	0.00213846392736257
0.479	162.762008740711	-0.958203706929678	1500	0.00221101965136627
0.48	168.092568921769	-0.266715531608475	1500	0.0022162776247341
0.481	166.588670462932	0.227563905281461	1500	0.0023171543834192
0.482	161.45717718055	-0.00418192967174384	1500	0.00212032919930091
0.483	160.046587406181	-0.202345138930957	1500	0.00210269567626295
0.484	162.794202656099	-0.782323408845575	1500	0.0020790209412244
0.485	168.564672536005	0.512446323260144	1500	0.00201744907826917
0.486	166.772131039605	1.15951009720261	1500	0.00199292032104624
0.487	161.315997607862	-0.252121395378554	1500	0.00202496725324729
0.488	160.314670486051	0.502759847598335	1500	0.00214769527972236
0.489	163.097961140741	0.0377404873785606	1500	0.0022223154640753
0.49	168.560006231864	-0.86339969924308	1500	0.00221240867227696
0.491	167.102659487719	-0.243188891734669	1500	0.0023421363863803
0.492	161.764305641847	-0.108368427773352	1500	0.00212696932197932
0.493	160.153337085455	0.0976078437158681	1500	0.00208906256929044
0.494	162.731168144579	-1.06856869188133	1500	0.00205512444676765
0.495	168.392808293104	0.33129944871836	1500	0.00202072137455676
0.496	166.605103746265	-0.0331962459448235	1500	0.00199227384375355
0.497	161.037582524762	-0.404271004903472	1500	0.00201645494373934
0.498	160.049119947767	0.385116740315007	1500	0.00214226086983558
0.499	162.753378755872	-0.630267495028008	1500	0.00221394616851293
0.5	168.070054554168	-0.665501780256514	1500	0.00221933372585826
0.501	166.57229220793	0.309097815038074	1500	0.00233377329183925
0.502	161.431061331226	-0.0708876190057437	1500	0.00212730131280648
0.503	160.075869074129	0.214018209818192	1500	0.00208522828842901
0.504	162.775188262743	-0.641245033097139	1500	0.00206742796017964
0.505	168.528850683344	0.433691286183943	1500	0.00200658065948606
0.506	166.798412669423	0.835544944904327	1500	0.00198747499981402
0.507	161.317929251422	-0.221677802803619	1500	0.00201669610556701
0.508	160.294115607244	0.857142100285901	1500	0.00215098910196252
0.509	163.108523142461	-0.379269909671118	1500	0.00221334022206984
0.51	168.528656408118	0.0492348963511844	1500	0.0022055377104825
0.511	167.122287761731	-0.548239882907889	1500	0.00233862590658663
0.512	161.786402463216	-0.312922498157683	1500	0.00213468624295693
0.513	160.162649867105	0.0377441314749585	1500	0.002092314664664
0.514	162.717418058945	-0.639719262831242	1500	0.00207284365921343
0.515	168.403908886341	-0.784707698885868	1500	0.00203180144343986
0.516	166.602614575781	0.644739923447789	1500	0.00199140192122911
0.517	161.026032423099	-0.404555569676921	1500	0.00201624221708184
0.518	160.04201540823	0.713490129501957	1500	0.00213838269714282
0.519	162.76060718035	-0.959085980190646	1500	0.00221065267218083
0.52	168.091489638062	-0.265350844339166	1500	0.00221630400126682
0.521	166.586147410998	0.228100291842723	1500	0.00231623394848254
0.522	161.456630219927	-0.00413363943260023	1500	0.002120365321973
0.523	160.048018013439	-0.201128491672241	1500	0.00210259016204092
0.524	162.786527457452	-0.782829302202964	1500	0.00207910964116281
0.525	168.557478938844	0.5138982423424	1500	0.00201768404616944
0.526	166.764224878995	1.15938057164781	1500	0.00199248803658383
0.527	161.296365066474	-0.252256834317777	1500	0.00202515220103124
0.528	160.30297103349	0.503684446788473	1500	0.00214753899633317
0.529	163.079966694999	0.0364444598269738	1500	0.0022219087381907
0.53	168.539888085372	-0.86231583690002	1500	0.00221243478958455
0.531	167.075892730676	-0.242734822727315	1500	0.00234137140757105
0.532	161.7502180105	-0.10847612981179	1500	0.00212706942765399
0.533	160.148235000414	0.0986613915411449	1500	0.00208894345763002
0.534	162.730315904979	-1.06902806074335	1500	0.00205513561103905
0.535	168.393087319596	0.332347017448084	1500	0.00202090646416288
0.536	166.603935338859	-0.0331371675510998	1500	0.00199186189826616
0.537	161.034317830624	-0.404300931744414	1500	0.00201662730878578
0.538	160.05181045601	0.385993720670035	1500	0.00214216091483553
0.539	162.75198334445	-0.631292276213317	1500	0.00221360208815655
0.54	168.068780070626	-0.664465448143514	1500	0.00221935742326099
0.541	166.570628689384	0.309491124156735	1500	0.00233304370294322
0.542	161.430472159637	-0.0709354054090399	1500	0.00212734482294342
0.543	160.07722822041	0.214902746264895	1500	0.00208509446836413
0.544	162.770960373802	-0.641818740155405	1500	0.00206747252903052
0.545	168.52567802789	0.434732530489382	1500	0.00200684147231739
0.546	166.795725247902	0.835419399252064	1500	0.00198715699015439
0.547	161.307920710416	-0.22183480392635	1500	0.00201684561240344
0.548	160.296933175793	0.857806302094242	1500	0.00215085341152243
0.549	163.109697857143	-0.380340115538876	1500	0.00221299425691315
0.55	168.523774577459	0.0501016134307802	1500	0.00220557198742877
0.551	167.131782370694	-0.547913108327704	1500	0.00233800661654666
0.552	161.797089008151	-0.313001436745586	1500	0.00213474793773625
0.553	160.170051423199	0.0384927136112998	1500	0.00209217246373109
0.554	162.717097074627	-0.640309958627191	1500	0.00207284180848372
0.555	168.404306136277	-0.783865632288979	1500	0.00203203262231508
0.556	166.602204480853	0.644634998127794	1500	0.00199110810815444
0.557	161.026581174201	-0.404650327149938	1500	0.00201639648824874
0.558	160.044617745734	0.714096601657905	1500	0.00213827711907056
0.559	162.759976827904	-0.959967668970499	1500	0.00221034555228136
0.56	168.092106780589	-0.264601222464285	1500	0.00221633687638
0.561	166.586009057069	0.228293545099624	1500	0.00231565815045675
0.562	161.456234431549	-0.00421061984954183	1500	0.00212039240500477
0.563	160.049033898293	-0.200443440778139	1500	0.00210244855025219
0.564	162.786007531962	-0.783337287149366	1500	0.00207913053462276
0.565	168.557659668883	0.514788817542817	1500	0.00201794398766685
0.566	166.763348588542	1.1591373458586	1500	0.00199225110570278
0.567	161.296932782472	-0.252401332844145	1500	0.00202527838848892
0.568	160.308202351836	0.504228200766196	1500	0.00214742037746247
0.569	163.082996462995	0.0353935630435041	1500	0.00222160794999359
0.57	168.543314976091	-0.861645883564937	1500	0.00221246180339759
0.571	167.088230006159	-0.242506664744439	1500	0.00234086510107545
0.572	161.761871061338	-0.108601689441819	1500	0.00212711718724424
0.573	160.157779200504	0.0992846395841754	1500	0.00208880281450238
0.574	162.730020371003	-1.0694710281656	1500	0.00205512959194821
0.575	168.393374603485	0.332980284420434	1500	0.00202114622072737
0.576	166.603323315213	-0.0332309029438942	1500	0.00199164496108344
0.577	161.032945828657	-0.404380996806999	1500	0.00201674307738435
0.578	160.053618664443	0.386489564743736	1500	0.00214206582828875
0.579	162.751574542289	-0.632172548862901	1500	0.00221332902602443
0.58	168.069276019765	-0.663859864920734	1500	0.0022193767661036
0.581	166.570254426005	0.30965801847691	1500	0.00233257045954293
0.582	161.428828602552	-0.0710313831503062	1500	0.00212737481522626
0.583	160.078039043754	0.215422679166284	1500	0.00208495673935125
0.584	162.769107850394	-0.642319631701507	1500	0.00206747715862905
0.585	168.523321777237	0.435387959670146	1500	0.00200709143367415
0.586	166.791541678486	0.835231819792247	1500	0.00198697697541071
0.587	161.302618147825	-0.22197511487604	1500	0.00201694937293666
0.588	160.292053772346	0.858207287611194	1500	0.00215075528475713
0.589	163.103524326408	-0.38118351682766	1500	0.00221273863997376
0.59	168.515588356913	0.0506558922861351	1500	0.00220559477450755
0.591	167.118602940999	-0.547740741742257	1500	0.00233758754218308
0.592	161.784636662303	-0.313083590518657	1500	0.00213477765677863
0.593	160.161486798187	0.0389508375383664	1500	0.00209203614413103
0.594	162.717146870163	-0.640795529796937	1500	0.00207283015113286
0.595	168.404693566291	-0.783330558333665	1500	0.00203226821381712
0.596	166.60194840305	0.644476146518959	1500	0.00199094617580414
0.597	161.026966154876	-0.404746479491688	1500	0.00201650185572664
0.598	160.04628407614	0.714451596144899	1500	0.00213819138497673
0.599	162.759908130945	-0.960688049037832	1500	0.00221010964305588
0.6	168.093929280802	-0.264139678008054	1500	0.00221635742949729
0.601	166.587410062916	0.228363252279903	1500	0.00231527400991339
0.602	161.456523156432	-0.00430286097101429	1500	0.00212040989129366
0.603	160.053898609899	-0.200023951704425	1500	0.00210232059714704
0.604	162.789343347632	-0.783751402775568	1500	0.00207912846678379
0.605	168.557669266267	0.515373655007157	1500	0.00201817435021655
0.606	166.762045511341	1.15889860975506	1500	0.00199211300719502
0.607	161.297280044477	-0.252519663134918	1500	0.00202536620285555
0.608	160.306836682112	0.504572588624658	1500	0.00214733691974665
0.609	163.084353826045	0.0345918922490956	1500	0.00222138660937574
0.61	168.534766779752	-0.861205639349671	1500	0.00221247636451459
0.611	167.078966880922	-0.242382959441409	1500	0.00234051661664244
0.612	161.753826647971	-0.108707414283872	1500	0.00212714244869604
0.613	160.156131498165	0.0996826678027784	1500	0.00208868101873292
0.614	162.729046022541	-1.06982541483169	1500	0.00205511802069098
0.615	168.393559743775	0.33339596029459	1500	0.00202136452347709
0.616	166.602990545647	-0.0333513957631362	1500	0.00199152035367546
0.617	161.033074966117	-0.40445445336605	1500	0.00201682238626279
0.618	160.054773555746	0.386798559426572	1500	0.00214199378664559
0.619	162.750643235778	-0.632856074416555	1500	0.00221312359568909
0.62	168.068226765625	-0.663472184987453	1500	0.00221938594833043
0.621	166.566815398057	0.30973655283057	1500	0.00233224793473288
0.622	161.424253840759	-0.0711195715979781	1500	0.0021273940984731
0.623	160.077614781889	0.21575277912761	1500	0.00208484092875082
0.624	162.767657424591	-0.642711901275697	1500	0.00206746957556437
0.625	168.521536676407	0.435825455959152	1500	0.00200730162109931
0.626	166.788499730301	0.835055548631016	1500	0.00198686891907883
0.627	161.296237660174	-0.222084337650286	1500	0.00201702205762467
0.628	160.28879849747	0.858466447342775	1500	0.00215068748591462
0.629	163.099593136953	-0.381818459961195	1500	0.00221255130983225
0.63	168.510146459858	0.0510277594652386	1500	0.00220560521278959
0.631	167.112519246427	-0.54764286089173	1500	0.00233729551228428
0.632	161.782477995316	-0.313150130247241	1500	0.00213479310652861
0.633	160.161049276936	0.0392508378027878	1500	0.00209192479985075
0.634	162.716997935104	-0.641163169128404	1500	0.00207281675267496
0.635	168.404881115245	-0.782969079661023	1500	0.00203246866245526
0.636	166.598865518956	0.644328032786639	1500	0.00199084983655563
0.637	161.025613662171	-0.404820870375711	1500	0.00201657489756744
0.638	160.047174547538	0.714678301643587	1500	0.00213812947899459
0.639	162.759010198639	-0.961237582675293	1500	0.00220993459661037
0.64	168.09258679266	-0.263832925513029	1500	0.00221636722147793
0.641	166.585720001386	0.228387751289596	1500	0.00231500800358548
0.642	161.455201340958	-0.00438188847850562	1500	0.00212042035197787
0.643	160.053232481242	-0.199750623078922	1500	0.00210221786863735
0.644	162.787144864559	-0.784065346781954	1500	0.00207912031791192
0.645	168.553854814107	0.515774422103853	1500	0.00201836156417016
0.646	166.757068935681	1.15869829252064	1500	0.00199202802551637
0.647	161.288576399902	-0.252608923482598	1500	0.00202542760416797
0.648	160.300128589413	0.504803012509958	1500	0.0021472796862428
0.649	163.075862154831	0.0339967327298167	1500	0.0022212250101232
0.65	168.52214360853	-0.860905195165663	1500	0.00221248166601061
0.651	167.063101150847	-0.24231130408979	1500	0.00234027147378703
0.652	161.736059914394	-0.108788166774251	1500	0.00212715670772119
0.653	160.142824212458	0.0999505521173371	1500	0.00208858513265277
0.654	162.727267203849	-1.07009156538186	1500	0.00205510624411746
0.655	168.393831084638	0.333681908414583	1500	0.00202154275051255
0.656	166.602574814369	-0.0334599556502909	1500	0.00199144386144973
0.657	161.032315127151	-0.404511333269929	1500	0.00201687731065643
0.658	160.054337791464	0.387004428765719	1500	0.00214194285249261
0.659	162.748326898518	-0.633366177052035	1500	0.00221297255474726
0.66	168.06518073049	-0.663209849061963	1500	0.00221938810754899
0.661	166.562749949207	0.309777973105494	1500	0.00233202201109499
0.662	161.422199849384	-0.0711889238503375	1500	0.00212740609302367
0.663	160.076051532318	0.215974147657969	1500	0.00208475059484043
0.664	162.764464695735	-0.643007004436	1500	0.00206745980769178
0.665	168.516163340261	0.436127681470155	1500	0.00200746810697292
0.666	166.783797977569	0.834910149755313	1500	0.00198680080377979
0.667	161.294894513681	-0.222165589031838	1500	0.00201707308264811
0.668	160.289199297913	0.858642511605898	1500	0.00215064127794192
0.669	163.097248368198	-0.382286405973851	1500	0.00221241502478635
0.67	168.506980200186	0.0512842490303399	1500	0.00220560813860275
0.671	167.1117849573	-0.547584067779378	1500	0.00233708871473623
0.672	161.782129377379	-0.31320019892104	1500	0.00213480142515234
0.673	160.161958224104	0.0394563919433619	1500	0.00209183915423302
0.674	162.71697699553	-0.641432859257608	1500	0.00207280478706868
0.675	168.405087742823	-0.782716892649837	1500	0.00203262767345272
0.676	166.598246949463	0.644206781620634	1500	0.00199078915391834
0.677	161.023459812969	-0.40487400341189	1500	0.00201662598786128
0.678	160.046850529191	0.714831769434764	1500	0.00213808643372847
0.679	162.757367753115	-0.961645003018164	1500	0.00220980663173091
0.68	168.090800153408	-0.263620007999159	1500	0.00221637054608539
0.681	166.583015710481	0.228395205497415	1500	0.00231482009369118
0.682	161.453422983119	-0.00444400915894544	1500	0.00212042629353072
0.683	160.051943299345	-0.199564918680167	1500	0.0021021393728249
0.684	162.784290671503	-0.784296506213693	1500	0.00207911189141692
0.685	168.5481944916	0.516055505220349	1500	0.00201850718589399
0.686	166.752461314103	1.15854005749755	1500	0.00199197341496823
0.687	161.285230772862	-0.252674673264356	1500	0.00202547062144912
0.688000000000001	160.295582995634	0.50496305194364	1500	0.00214724061300144
0.689000000000001	163.068829173619	0.0335604862592074	1500	0.00222110767592141
0.690000000000001	168.514237952621	-0.860695996520337	1500	0.00221248201083459
0.691000000000001	167.046965502133	-0.242267893062874	1500	0.00234009696460748
0.692000000000001	161.719903338978	-0.10884796264704	1500	0.00212716501160535
0.693000000000001	160.135099400541	0.100137202148704	1500	0.00208851263376348
0.694000000000001	162.727136719785	-1.07028654298626	1500	0.00205509615237724
0.695000000000001	168.394012758408	0.333883312572635	1500	0.00202168137211326
0.696000000000001	166.602407948443	-0.0335478651396797	1500	0.00199139463416835
0.697000000000001	161.032245538589	-0.404553568954022	1500	0.00201691561472927
0.698000000000001	160.054769755745	0.387147507988204	1500	0.00214190758254286
0.699000000000001	162.747974152607	-0.633740510520538	1500	0.00221286258747489
0.700000000000001	168.065109087771	-0.663027033546986	1500	0.0022193866670755
0.701000000000001	166.5623460532	0.309802068493011	1500	0.0023318614450797
0.702000000000001	161.421860684007	-0.071240918777118	1500	0.00212741344645591
0.703000000000001	160.076391907993	0.216128117801724	1500	0.00208468249933629
0.704000000000001	162.762870009612	-0.643226121758976	1500	0.00206745106105651
0.705000000000001	168.513195140251	0.436340144723006	1500	0.00200759570471305
0.706000000000001	166.779770433431	0.834796299856907	1500	0.00198675622530322
0.707000000000001	161.289947756341	-0.222225463012515	1500	0.00201710896557743
0.708000000000001	160.283693636979	0.858766257933314	1500	0.0021506097651874
0.709000000000001	163.083478575749	-0.382627768018404	1500	0.00221231631552099
0.710000000000001	168.496274334189	0.0514636200908322	1500	0.00220560738672271
0.711000000000001	167.093538429531	-0.547547604987697	1500	0.00233694098089948
0.712000000000001	161.766494092075	-0.313237117832851	1500	0.00213480591810579
0.713000000000001	160.154766513286	0.0396014745114816	1500	0.00209177504843331
0.714000000000001	162.716937819196	-0.641628074534963	1500	0.00207279510864228
0.715000000000001	168.405160461039	-0.782538302896014	1500	0.00203274956171484
0.716000000000001	166.594723213099	0.644112403951214	1500	0.00199074938634036
0.717000000000001	161.020245617962	-0.404910967426838	1500	0.00201666194915758
0.718000000000001	160.047248272035	0.714939582292228	1500	0.00213805677984505
0.719000000000001	162.757736417288	-0.961943413825622	1500	0.00220971364454115
0.720000000000001	168.092472625351	-0.263468871573485	1500	0.00221637063387064
0.721000000000001	166.584715615044	0.228395945888185	1500	0.00231468596994558
0.722000000000001	161.453890836606	-0.00449185210118679	1500	0.0021204294988022
0.723000000000001	160.056798937545	-0.199435283953674	1500	0.00210208080335607
0.724000000000001	162.788372265698	-0.784464574147291	1500	0.0020791048418049
0.725000000000001	168.549355036879	0.516254874965989	1500	0.00201861762625987
0.726000000000001	166.754332958334	1.15841823916037	1500	0.00199193716624354
0.727000000000001	161.288297685521	-0.252723159259467	1500	0.00202550081187544
0.728000000000001	160.293436680885	0.505077001619795	1500	0.00214721380848468
0.729000000000001	163.066437393509	0.0332426184548254	1500	0.00222102273844376
0.730000000000001	168.513151176324	-0.86054904828956	1500	0.00221248020855264
0.731000000000001	167.044485945318	-0.242241061801245	1500	0.00233997191944358
0.732000000000001	161.716611438714	-0.108891982268275	1500	0.00212716990083549
0.733000000000001	160.134170528299	0.100270289866871	1500	0.00208845889218501
0.734000000000001	162.726646085107	-1.07042791264247	1500	0.00205508810671294
0.735000000000001	168.394145116309	0.334026685815393	1500	0.00202178646803509
0.736000000000001	166.602235897869	-0.0336160556206692	1500	0.00199136191458439
0.737000000000001	161.03203650917	-0.404584941997583	1500	0.00201694245238004
0.738000000000001	160.055063788063	0.387249594842196	1500	0.00214188321273632
0.739000000000001	162.747807532136	-0.634013238879306	1500	0.00221278283987937
0.740000000000001	168.063924703337	-0.662897849321456	1500	0.00221938381134611
0.741000000000001	166.560613915207	0.309817043828627	1500	0.00233174645966352
0.742000000000001	161.421765373	-0.0712794897708332	1500	0.00212741792227486
0.743000000000001	160.076881604942	0.216237852385088	1500	0.00208463204744283
0.744000000000001	162.762444048103	-0.643387950698748	1500	0.00206744404275673
0.745000000000001	168.511755225728	0.436490594586774	1500	0.00200769159596864
0.746000000000001	166.778693461064	0.834709183685129	1500	0.00198672623257341
0.747000000000001	161.284275602417	-0.222269863469973	1500	0.00201713424216637
0.748000000000001	160.283890690925	0.858855275722012	1500	0.0021505881224432
0.749000000000001	163.082953017408	-0.382875540230838	1500	0.00221224498802424
0.750000000000001	168.495842222928	0.051589706553939	1500	0.00220560517305997
0.751000000000001	167.092902160625	-0.547524835114846	1500	0.00233683493516317
0.752000000000001	161.766387270055	-0.313264397309996	1500	0.00213480828179588
0.753000000000001	160.155083389133	0.039705926686403	1500	0.00209172772116742
0.754000000000001	162.71687017505	-0.641768641035794	1500	0.00207278763799331
0.755000000000001	168.405316537685	-0.782411120624097	1500	0.00203284121006235
0.756000000000001	166.594688469365	0.6440405019663	1500	0.00199072261270971
0.757000000000001	161.020458474285	-0.404936547639111	1500	0.0020166873868443
0.758000000000001	160.047868960192	0.715017168046526	1500	0.00213803632021348
0.759000000000001	162.757707565714	-0.962160748062559	1500	0.00220964624238985
0.760000000000001	168.09262798131	-0.263360431795852	1500	0.00221636933394035
0.761000000000001	166.584645421001	0.228393902423497	1500	0.00231458973226958
0.762000000000001	161.453774900829	-0.00452883274674704	1500	0.00212043111615865
0.763000000000001	160.057210516338	-0.199343188231551	1500	0.00210203763869737
0.764000000000001	162.788205761593	-0.784586211200173	1500	0.00207909939548975
0.765000000000001	168.548668919667	0.516396915794759	1500	0.00201870005471764
0.766000000000001	166.753971054813	1.1583254132619	1500	0.00199191253584681
0.767000000000001	161.2882447313	-0.252759353212024	1500	0.00202552203628251
0.768000000000001	160.293713404343	0.505159529535482	1500	0.00214719527378019
0.769000000000001	163.066162264627	0.0330116047534268	1500	0.00222096133325492
0.770000000000001	168.513181273822	-0.860445640894157	1500	0.00221247775384992
0.771000000000001	167.044428997002	-0.242224584705422	1500	0.00233988198949429
0.772000000000001	161.716672421296	-0.108924570783034	1500	0.00212717274484649
0.773000000000001	160.134606758087	0.100366730820625	1500	0.00208841948495088
0.774000000000001	162.726657279096	-1.07053007343301	1500	0.00205508190544138
0.775000000000001	168.394248111976	0.334129148450099	1500	0.00202186494722565
0.776000000000001	166.602057303619	-0.0336679940648336	1500	0.00199133968800573
0.777000000000001	161.031856795591	-0.404608632281356	1500	0.002016961315965
0.778000000000001	160.055426080517	0.387323684522764	1500	0.0021418662954633
0.779000000000001	162.747779463188	-0.634211365109431	1500	0.00221272508329578
0.780000000000001	168.063959972999	-0.662806068507309	1500	0.00221938067997173
0.781000000000001	166.560341934025	0.30982666141624	1500	0.00233166377997115
0.782000000000001	161.421577964259	-0.0713082249812486	1500	0.00212742063077593
0.783000000000001	160.07678245103	0.216317415160785	1500	0.00208459501737769
0.784000000000001	162.760535435175	-0.643507682851694	1500	0.00206743866619296
0.785000000000001	168.50639876019	0.43659727551754	1500	0.00200776272570329
0.786000000000001	166.773634810697	0.834643133497964	1500	0.00198670565230946
0.787000000000001	161.280999743505	-0.222303217131955	1500	0.00201715207978321
0.788000000000001	160.275669046798	0.858920392032764	1500	0.00215057313223108
0.789000000000001	163.071202749537	-0.383054877403582	1500	0.0022121935106946
0.790000000000001	168.483725486808	0.0516783160920032	1500	0.00220560259921571
0.791000000000001	167.081754948949	-0.547510861151867	1500	0.00233675860545519
0.792000000000001	161.76598356245	-0.313284779201878	1500	0.00213480944163433
0.793000000000001	160.155251404077	0.0397821986654872	1500	0.0020916930448154
0.794000000000001	162.716900756309	-0.641869667047041	1500	0.00207278200777092
0.795000000000001	168.405446866627	-0.782320488402474	1500	0.00203290931105327
0.796000000000001	166.594621606121	0.64398616825673	1500	0.00199070425579851
0.797000000000001	161.020405630012	-0.404954312721135	1500	0.00201670544589134
0.798000000000001	160.048007208706	0.715073952026019	1500	0.00213802212054582
0.799000000000001	162.757481927781	-0.962318708204263	1500	0.00220959740509866
0.800000000000001	168.092601989451	-0.263282238013275	1500	0.00221636760926248
0.801000000000001	166.584503577033	0.228390664929394	1500	0.00231452048618914
0.802000000000001	161.453840534148	-0.00455779387773316	1500	0.00212043182727997
0.803000000000001	160.057223896352	-0.199276968998598	1500	0.00210200604314674
0.804000000000001	162.787676785227	-0.784674132624845	1500	0.00207909533933261
0.805000000000001	168.547581714887	0.516498174995725	1500	0.00201876091721529
0.806000000000001	166.753727924729	1.15825484923055	1500	0.0019918955192181
0.807000000000001	161.288187221434	-0.252786823934162	1500	0.00202553697572552
0.808000000000001	160.294018272364	0.505220058661988	1500	0.00214718234945593
0.809000000000001	163.066092139653	0.0328438767386052	1500	0.00222091695772308
0.810000000000001	168.51318933994	-0.860373072071432	1500	0.00221247533606074
0.811000000000001	167.04400321974	-0.242214827529011	1500	0.00233981717214036
0.812000000000001	161.716755010744	-0.108948891568035	1500	0.00212717438421824
0.813000000000001	160.13493845215	0.100437464994173	1500	0.00208839075413833
0.814000000000001	162.726637645781	-1.07060387529883	1500	0.0020550772071182
0.815000000000001	168.394326948389	0.334202407300549	1500	0.00202192299126251
0.816000000000001	166.602046645066	-0.0337073043407203	1500	0.00199132436785978
0.817000000000001	161.031961614724	-0.404626906057908	1500	0.00201697460026157
0.818000000000001	160.055689089888	0.387378102012065	1500	0.0021418544734115
0.819000000000001	162.7475843879	-0.634355201258528	1500	0.00221268325883047
0.820000000000001	168.063659183253	-0.662740816192785	1500	0.00221937778386939
0.821000000000001	166.559608693385	0.309832865337785	1500	0.0023316041923274
0.822000000000001	161.421366105698	-0.0713298534221783	1500	0.00212742225204369
0.823000000000001	160.076387522079	0.2163758720709	1500	0.00208456798461604
0.824000000000001	162.760534369409	-0.643596665235577	1500	0.00206743463500782
0.825000000000001	168.506583983065	0.436672739117314	1500	0.00200781501282135
0.826000000000001	166.7736332695	0.834593166651592	1500	0.00198669133081658
0.827000000000001	161.281995276141	-0.222328656417098	1500	0.00201716468205865
0.828000000000001	160.279602313872	0.858968651902369	1500	0.00215056266525472
0.829000000000001	163.074323988642	-0.383184493021341	1500	0.00221215638083107
0.830000000000001	168.486771434424	0.0517403420506137	1500	0.00220560015757653
0.831000000000001	167.086509550903	-0.547502689936888	1500	0.00233670357408773
0.832000000000001	161.772982310686	-0.313300229438812	1500	0.00213480991769535
0.833000000000001	160.159635810719	0.0398385024860149	1500	0.0020916677488452
0.834000000000001	162.716949434262	-0.641942251726855	1500	0.00207277781698024
0.835000000000001	168.405539898357	-0.782256050349893	1500	0.00203295952850382
0.836000000000001	166.594606930981	0.643945153710131	1500	0.00199069151369127
0.837000000000001	161.020520023598	-0.404966733223417	1500	0.00201671830224827
0.838000000000001	160.04828943051	0.715116065848726	1500	0.00213801221141921
0.839000000000001	162.757306488459	-0.962433466896051	1500	0.00220956200660786
0.840000000000001	168.092364250416	-0.263225740014284	1500	0.00221636590501233
0.841000000000001	166.584214152305	0.22838692976225	1500	0.00231447058793011
0.842000000000001	161.453104022035	-0.00458084465035617	1500	0.00212043203270902
0.843000000000001	160.056632862547	-0.199228930522542	1500	0.00210198300697574
0.844000000000001	162.787308915685	-0.784737693338462	1500	0.00207909237751977
0.845000000000001	168.547265132601	0.516570234173605	1500	0.00201880551574858
0.846000000000001	166.753326784706	1.15820110013204	1500	0.00199188362393088
0.847000000000001	161.287502304713	-0.252808047713439	1500	0.00202554749364808
0.848000000000001	160.291025677534	0.505264911180984	1500	0.00214717326663496
0.849000000000001	163.063278582406	0.032722110538456	1500	0.0022208848844283
0.850000000000001	168.510642929817	-0.860322466148356	1500	0.00221247322487209
0.851000000000001	167.040508746951	-0.242209518495429	1500	0.00233977038856312
0.852000000000001	161.711278806191	-0.108967239324066	1500	0.00212717529065476
0.853000000000001	160.133041561224	0.100489868121982	1500	0.00208836989050281
0.854000000000001	162.727180121569	-1.07065725285433	1500	0.00205507367574407
0.855000000000001	168.394403227629	0.334254708775998	1500	0.00202196564867916
0.856000000000001	166.601753568079	-0.0337370689418625	1500	0.00199131370699849
0.857000000000001	161.032041886991	-0.404641302477994	1500	0.00201698396062265
0.858000000000001	160.055909657481	0.387418440922516	1500	0.00214184615833958
0.859000000000001	162.747383234552	-0.634459669608559	1500	0.00221265296160022
0.860000000000001	168.063671059573	-0.662694532095002	1500	0.00221937529923807
0.861000000000001	166.559423084325	0.309836765428283	1500	0.00233156119359785
0.862000000000001	161.420181317699	-0.0713463398869961	1500	0.00212742319935482
0.863000000000001	160.076593148055	0.216419311392344	1500	0.00208454831531882
0.864000000000001	162.76049950707	-0.643663196713615	1500	0.00206743164489963
0.865000000000001	168.506433972719	0.43672583381811	1500	0.00200785319497572
0.866000000000001	166.773495076346	0.83455529128669	1500	0.00198668126571352
0.867000000000001	161.281644595824	-0.222348359448753	1500	0.00201717358812283
0.868000000000001	160.279321338523	0.859004820262228	1500	0.00215055530606054
0.869000000000001	163.073916801298	-0.383278088858359	1500	0.00221212961008991
0.870000000000001	168.486626845241	0.0517834477267266	1500	0.00220559802620926
0.871000000000001	167.086440529923	-0.547498415212496	1500	0.00233666386781526
0.872000000000001	161.772928680968	-0.313312126269463	1500	0.00213481000857511
0.873000000000001	160.159575933557	0.0398804448776156	1500	0.00209164934687083
0.874000000000001	162.717003293561	-0.641994428018596	1500	0.00207277471768402
0.875000000000001	168.405469698133	-0.782210441781798	1500	0.00203299636847333
0.876000000000001	166.59425589014	0.643914088695008	1500	0.00199068259477918
0.877000000000001	161.019805619806	-0.404975482835304	1500	0.00201672747157065
0.878000000000001	160.048479406104	0.715147667280592	1500	0.00213800526214272
0.879000000000001	162.757297840018	-0.962516884578473	1500	0.00220953632822232
0.880000000000001	168.092322727217	-0.263184902535337	1500	0.00221636439472846
0.881000000000001	166.584195181375	0.22838303226237	1500	0.00231443460299281
0.882000000000001	161.452703202999	-0.00459949441941163	1500	0.00212043195954784
0.883000000000001	160.056612223087	-0.199193829763245	1500	0.00210196625257368
0.884000000000001	162.787101378684	-0.78478367682269	1500	0.00207909024209276
0.885000000000001	168.547103898973	0.51662132893398	1500	0.00201883801314599
0.886000000000001	166.752692204087	1.15815996286539	1500	0.00199187524036753
0.887000000000001	161.284762590523	-0.252824733989566	1500	0.0020255548901321
0.888000000000001	160.290800657061	0.505298452971142	1500	0.00214716684211911
0.889000000000001	163.063100978617	0.0326336864807866	1500	0.00222086169632238
0.890000000000001	168.510971413789	-0.860287529103662	1500	0.00221247148494548
0.891000000000001	167.040905977289	-0.24220717039243	1500	0.0023397365877372
0.892000000000001	161.712016702668	-0.108981242385455	1500	0.00212717574750533
0.893000000000001	160.133580923556	0.100529038338088	1500	0.00208835478239311
0.894000000000001	162.727095161383	-1.07069594150071	1500	0.00205507103023431
0.895000000000001	168.394463837331	0.334291942605551	1500	0.00202199686192484
0.896000000000001	166.601399214329	-0.033759716775386	1500	0.00199130624418144
0.897000000000001	161.030283510994	-0.404652861548287	1500	0.00201699055071612
0.898000000000001	160.055290419875	0.387448575122709	1500	0.00214184027603489
0.899000000000001	162.746010059254	-0.634535659448417	1500	0.00221263099955395
0.900000000000001	168.063735469955	-0.662661857456791	1500	0.00221937324687418
0.901000000000001	166.559106683323	0.309839064999196	1500	0.00233153014074302
0.902000000000001	161.419349870104	-0.0713590794609592	1500	0.0021274237256145
0.903000000000001	160.076788458308	0.216451932900072	1500	0.0020845340318644
0.904000000000001	162.760375784879	-0.643713302263542	1500	0.00206742943604038
0.905000000000001	168.506272101206	0.43676287453123	1500	0.00200788093374539
0.906000000000001	166.773304049777	0.834526443690491	1500	0.00198667414293016
0.907000000000001	161.281233222152	-0.222363847312592	1500	0.00201717987623436
0.908000000000001	160.278246168801	0.859032205369737	1500	0.00215055010316353
0.909000000000001	163.0728164224	-0.383345632335416	1500	0.00221211031614576
0.910000000000001	168.485811428443	0.0518130805642767	1500	0.0022055962369868
0.911000000000001	167.083575681764	-0.547496722426355	1500	0.00233663519405011
0.912000000000001	161.765352740443	-0.313321423615276	1500	0.00213480988469506
0.913000000000001	160.155679753721	0.0399119412004629	1500	0.00209163598249989
0.914000000000001	162.71642771911	-0.642031922900906	1500	0.00207277244194655
0.915000000000001	168.405502984739	-0.782178379836353	1500	0.00203302330174242
0.916000000000001	166.59397272954	0.643890401474136	1500	0.00199067631949091
0.917000000000001	161.017147502827	-0.404981694648481	1500	0.0020167340167516
0.918000000000001	160.043268931076	0.715171644874905	1500	0.00213800036804573
0.919000000000001	162.757269018358	-0.962577596177851	1500	0.00220951768230142
0.920000000000001	168.092367551271	-0.263155408604739	1500	0.00221636312269288
0.921000000000001	166.584218286693	0.228379144959152	1500	0.00231440864259423
0.922000000000001	161.452735164759	-0.00461482230963865	1500	0.00212043173831561
0.923000000000001	160.056625487318	-0.199168021041361	1500	0.00210195408535894
0.924000000000001	162.786138930803	-0.784816978268917	1500	0.00207908871710306
0.925000000000001	168.545316579474	0.516657358076758	1500	0.00201886158876422
0.926000000000001	166.751227081407	1.15812826427986	1500	0.0019918692986585
0.927000000000001	161.284060005504	-0.252838073144201	1500	0.00202556007780897
0.928000000000001	160.283996280294	0.505323756495399	1500	0.00214716227442742
0.929000000000001	163.059195338701	0.0325694417784949	1500	0.00222084492760126
0.930000000000001	168.510431363313	-0.860263764100735	1500	0.00221247009158716
0.931000000000001	167.039513828565	-0.242206782144536	1500	0.00233971214763684
0.932000000000001	161.7112638793	-0.108992056359102	1500	0.00212717592819081
0.933000000000001	160.131339466724	0.10055856438222	1500	0.00208834386594802
0.934000000000001	162.726615241122	-1.07072406933594	1500	0.0020550690500753
0.935000000000001	168.393921709185	0.334318340384602	1500	0.00202201963176143
0.936000000000001	166.600645765434	-0.033777095252175	1500	0.00199130100335111
0.937000000000001	161.028960635182	-0.404662296233387	1500	0.0020169951800146
0.938000000000001	160.055296723204	0.387471240214166	1500	0.00214183609505116
0.939000000000001	162.745639006172	-0.634591033714297	1500	0.00221261507310326
0.940000000000001	168.063238858339	-0.662638965689793	1500	0.00221937158011706
0.941000000000001	166.558452079104	0.309840254304423	1500	0.00233150769509285
0.942000000000001	161.418593742667	-0.0713690642722696	1500	0.00212742398827676
0.943000000000001	160.075565801042	0.216476686727631	1500	0.00208452367473638
0.944000000000001	162.757624490902	-0.643751351886973	1500	0.0020674278062467
0.945000000000001	168.500883139071	0.436788392329291	1500	0.00200790099982619
0.946000000000001	166.766228033811	0.834504318521695	1500	0.00198666907923105
0.947000000000001	161.273592866425	-0.222376198355674	1500	0.00201718430622912
0.948000000000001	160.266448717226	0.859053143915169	1500	0.00215054640886946
0.949000000000001	163.056629159123	-0.383394352239917	1500	0.0022120964180527
0.950000000000001	168.476365175548	0.0518331297439054	1500	0.00220559476059365
0.951000000000001	167.076566904045	-0.547496726435404	1500	0.00233661447473974
0.952000000000001	161.759189377965	-0.313328795926165	1500	0.00213480964581436
0.953000000000001	160.155075655292	0.039935769849943	1500	0.00209162628732766
0.954000000000001	162.716315312765	-0.642058884785567	1500	0.00207277077833885
0.955000000000001	168.405336861865	-0.782156059540581	1500	0.00203304294460329
0.956000000000001	166.593529344309	0.643872168728626	1500	0.00199067189039993
0.957000000000001	161.016529745548	-0.404986139799007	1500	0.00201673868878333
0.958000000000001	160.042580885649	0.715190042769324	1500	0.00213799691199966
0.959000000000001	162.757064498751	-0.962621866290006	1500	0.00220950412749907
0.960000000000001	168.092241420857	-0.263134149832254	1500	0.00221636207557467
0.961000000000001	166.583699581004	0.228375361834546	1500	0.00231438991225273
0.962000000000001	161.451860012011	-0.00462760469483786	1500	0.00212043144430631
0.963000000000001	160.055339314212	-0.199148934030941	1500	0.00210194525684438
0.964000000000001	162.784047924953	-0.784841124984674	1500	0.0020790876376778
0.965000000000001	168.540723462738	0.516682563075573	1500	0.00201887862921513
0.966000000000001	166.743986434305	1.15810363549454	1500	0.00199186507229699
0.967000000000001	161.275012502669	-0.252848916153725	1500	0.00202556368772929
0.968000000000001	160.27491732695	0.505343013319647	1500	0.00214715901686053
0.969000000000001	163.043280055179	0.0325227323152076	1500	0.00222083279786491
0.970000000000001	168.491018029575	-0.860247948674787	1500	0.00221246898935006
0.971000000000001	167.028575058987	-0.242207669260196	1500	0.00233969446226673
0.972000000000001	161.701265412799	-0.109000507529607	1500	0.00212717594047959
0.973000000000001	160.126029022721	0.100581006728129	1500	0.00208833599395541
0.974000000000001	162.726520959541	-1.07074460076018	1500	0.00205506756830322
0.975000000000001	168.393884421365	0.334336950046641	1500	0.00202203620566352
0.976000000000001	166.60052658851	-0.0337905824707784	1500	0.00199129731979414
0.977000000000001	161.02875628784	-0.404670105989049	1500	0.00201699841898274
0.978000000000001	160.055103364089	0.387488394311004	1500	0.00214183311185788
0.979000000000001	162.745515006767	-0.634631491941455	1500	0.00221260351843766
0.980000000000001	168.063260561732	-0.662623107891645	1500	0.00221937023398897
0.981000000000001	166.556169204509	0.30984066073239	1500	0.00233149146110747
0.982000000000001	161.417937373765	-0.0713770010223204	1500	0.00212742408601712
0.983000000000001	160.075264889715	0.216495671119865	1500	0.0020845161720952
0.984000000000001	162.757090153352	-0.643780519171508	1500	0.00206742660713771
0.985000000000001	168.498990631617	0.436805649945938	1500	0.00200791545961447
0.986000000000001	166.760914392356	0.834487201683574	1500	0.00198666546789451
0.987000000000001	161.264979638006	-0.222386176332165	1500	0.00201718741498794
0.988000000000001	160.25613025505	0.859069309237385	1500	0.00215054377749894
0.989000000000001	163.047038461591	-0.38342948133903	1500	0.00221208641363611
0.990000000000001	168.456125447481	0.0518463793575859	1500	0.0022055935481379
0.991000000000001	167.059324177195	-0.547497823206533	1500	0.00233659949664722
0.992000000000001	161.7485873166	-0.31333472450657	1500	0.00213480935065272
0.993000000000001	160.142558976897	0.0399539249882466	1500	0.00209161925913503
0.994000000000001	162.716381448046	-0.64207830113835	1500	0.00207276956887996
0.995000000000001	168.405353656941	-0.782140735600267	1500	0.00203305724432712
0.996000000000001	166.593503471224	0.643857968072301	1500	0.00199066875936955
0.997000000000001	161.016606275737	-0.40498934848878	1500	0.00201674202101087
0.998000000000001	160.042658359396	0.715204323570335	1500	0.0021379944679529
0.999000000000001	162.756434647606	-0.962654231468194	1500	0.00220949426117829
1	168.090138650795	-0.263118878200254	1500	0.00221636122086185
1.001	166.580535007082	0.228371735208309	1500	0.00231437639926366
1.002	161.449246859666	-0.00463840974644915	1500	0.0021204311165506
1.003	160.048838469661	-0.19913473621477	1500	0.00210193885578213
1.004	162.772537833083	-0.784858657745308	1500	0.00207908688004834
1.005	168.521614970316	0.516699998771365	1500	0.00201889090524302
1.006	166.714247131264	1.15808431778125	1500	0.00199186205964652
1.007	161.238110457726	-0.252857853736924	1500	0.00202556618601913
1.008	160.228320903194	0.505357797853356	1500	0.00214715668465847
1.009	162.986592661101	0.0324887406228595	1500	0.00222082402029901
1.01	168.418732440364	-0.860237774266913	1500	0.00221246812270434
1.011	166.947834084693	-0.242209363153127	1500	0.00233968165594662
1.012	161.648143157789	-0.109007193948161	1500	0.00212717585180105
1.013	160.111398694591	0.100598205708625	1500	0.00208833032755198
1.014	162.726412513849	-1.07075967143638	1500	0.00205506645638077
1.015	168.393839521734	0.334349968018047	1500	0.00202204825084405
1.016	166.59935316121	-0.0338011963713856	1500	0.00199129473377537
1.017	161.028719866029	-0.404676649187006	1500	0.00201700067192665
1.018	160.055110496686	0.387501452829344	1500	0.00214183097648106
1.019	162.745381902358	-0.634661161223265	1500	0.00221259513153917
1.02	168.062689397117	-0.66261230353632	1500	0.0022193691450669
1.021	166.550626829768	0.309840516363291	1500	0.0023314797121961
1.022	161.411852087181	-0.0713833977895389	1500	0.00212742408101561
1.023	160.070547914767	0.216510392306877	1500	0.00208451074049919
1.024	162.746403407303	-0.643803111336498	1500	0.00206742572551314
1.025	168.472628269095	0.436816998428689	1500	0.00200792583996954
1.026	166.714874923882	0.834473824180929	1500	0.00198666288779919
1.027	161.206872250835	-0.222394339701286	1500	0.00201718958395393
1.028	160.184325265883	0.859081910369785	1500	0.00215054189859756
1.029	162.957521594239	-0.383454803984376	1500	0.00221207921891582
1.03	168.334080972021	0.0518548223445851	1500	0.00220559255034938
1.031	166.930482184905	-0.547499597444585	1500	0.00233658866475115
1.032	161.662980802123	-0.313339556172561	1500	0.00213480903372513
1.033	160.115382514078	0.0399678506108188	1500	0.00209161416611665
1.034	162.715727529415	-0.642092295859001	1500	0.00207276869326001
1.035	168.405392933097	-0.7821304291448	1500	0.00203306764331857
1.036	166.593002955806	0.643846751951715	1500	0.00199066654612572
1.037	161.016677674844	-0.404991689185563	1500	0.00201674439303987
1.038	160.042707482785	0.7152155415136	1500	0.00213799273839374
1.039	162.756387346442	-0.962677976288174	1500	0.0022094870686105
1.04	168.089719511202	-0.263107966326996	1500	0.00221636052368048
1.041	166.579258271001	0.228368291601874	1500	0.00231436665302333
1.042	161.447247128993	-0.00464765584494625	1500	0.00212043077914327
1.043	160.04563433257	-0.199124113729162	1500	0.00210193421701453
1.044	162.767722206771	-0.784871409699542	1500	0.00207908635263722
1.045	168.509987549918	0.51671186605112	1500	0.00201889972043291
1.046	166.692673661481	1.15806900690693	1500	0.0019918599103917
1.047	161.20749344893	-0.252865319687229	1500	0.00202556789901816
1.048	160.193007998606	0.505369252373921	1500	0.00214715501081232
1.049	162.944292314922	0.0324639769967407	1500	0.00222081766563729
1.05	168.356543920039	-0.860231584027118	1500	0.00221246744097448
1.051	166.870006170495	-0.242211541598531	1500	0.0023396723753294
1.05199999999999	161.58673976773	-0.109012550324826	1500	0.00212717570479963
1.05299999999999	160.074907196972	0.100611496116487	1500	0.00208832625630873
1.05399999999999	162.723533197405	-1.07077081377188	1500	0.00205506562057907
1.05499999999999	168.393867213406	0.334358977593319	1500	0.00202205699410629
1.05599999999999	166.599324245188	-0.0338096838511745	1500	0.00199129292397566
1.05699999999999	161.02874050148	-0.404682188745495	1500	0.00201700222607793
1.05799999999999	160.055144177663	0.387511441071327	1500	0.00214182944056967
1.05899999999999	162.745368692832	-0.634683023765765	1500	0.00221258904155912
1.05999999999999	168.062636759411	-0.662605125420394	1500	0.00221936825845616
1.06099999999999	166.550140386251	0.309839987417837	1500	0.00233147120291295
1.06199999999999	161.411421530285	-0.0713886238942583	1500	0.00212742401341781
1.06299999999999	160.070046725725	0.216521939942296	1500	0.0020845068101914
1.06399999999999	162.745148154303	-0.643820810808358	1500	0.00206742507830626
1.06499999999999	168.469184732609	0.436824132696496	1500	0.0020079332613217
1.06599999999999	166.708822936875	0.83446324914763	1500	0.00198666104292718
1.06699999999999	161.197640972244	-0.222401098069051	1500	0.00201719108484248
1.06799999999999	160.172902931434	0.859091828812752	1500	0.00215054055478606
1.06899999999999	162.943353231317	-0.383473054665385	1500	0.00221207405162374
1.06999999999999	168.311153629176	0.0518598859787193	1500	0.00220559172350088
1.07099999999999	166.892940406476	-0.547501763791058	1500	0.00233658082795268
1.07199999999999	161.626122732469	-0.313343546925558	1500	0.00213480871485401
1.07299999999999	160.096153568413	0.0399786011530727	1500	0.00209161047658434
1.07399999999999	162.713148021631	-0.642102404968847	1500	0.00207276806412794
1.07499999999999	168.405409501657	-0.782123710603754	1500	0.00203307519866861
1.07599999999999	166.592993570757	0.643837754017494	1500	0.00199066498313649
1.07699999999999	161.01610945915	-0.404993418240716	1500	0.0020167460763752
1.07799999999999	160.042369659286	0.715224463777635	1500	0.00213799151483159
1.07899999999999	162.75615075737	-0.962695475816903	1500	0.00220948181641132
1.07999999999999	168.088857507765	-0.263100232963139	1500	0.00221635995153219
1.08099999999999	166.576219556401	0.228365043369138	1500	0.00231435962626754
1.08199999999999	161.445244067709	-0.00465564841084433	1500	0.00212043045160002
1.08299999999999	160.040525415486	-0.199116120163577	1500	0.00210193085368298
1.08399999999999	162.765054003304	-0.784880703784681	1500	0.0020790859930821
1.08499999999999	168.505523174808	0.51671975147387	1500	0.0020189060293952
1.08599999999999	166.686385585127	1.15805673636111	1500	0.00199185837709605
1.08699999999999	161.203001022227	-0.252871635340474	1500	0.00202556905603994
1.08799999999999	160.190311696825	0.505378209675035	1500	0.00214715380628066
1.08899999999999	162.932666876158	0.0324459117349507	1500	0.00222081306302163
1.08999999999999	168.34278348402	-0.860228189727302	1500	0.00221246690152122
1.09099999999999	166.864015168754	-0.242213990160933	1500	0.00233966564639972
1.09199999999999	161.579905339413	-0.109016896696508	1500	0.00212717552719545
1.09299999999999	160.07675110855	0.100621852392505	1500	0.00208832333743109
1.09399999999999	162.724383344393	-1.0707791301089	1500	0.00205506499042991
1.09499999999999	168.393699066633	0.334365119366564	1500	0.00202206333389365
1.09599999999999	166.598984976056	-0.0338165906253805	1500	0.00199129166370887
1.09699999999999	161.02796707803	-0.40468692110659	1500	0.00201700328567581
1.09799999999999	160.053873414594	0.387519120228631	1500	0.0021418283339206
1.09899999999999	162.745279926677	-0.634699234078801	1500	0.00221258461821968
1.09999999999999	168.062350987463	-0.662600543677947	1500	0.00221936752957651
1.10099999999999	166.550041865171	0.309839193861402	1500	0.00233146503426472
1.10199999999999	161.411335004249	-0.0713929496887889	1500	0.00212742390886043
1.10299999999999	160.069702929144	0.216531106682576	1500	0.00208450396700014
1.10399999999999	162.743349407094	-0.643834848270409	1500	0.00206742460419369
1.10499999999999	168.46692673102	0.436828274376144	1500	0.00200793854245455
1.10599999999999	166.705705646913	0.834454785130439	1500	0.00198665972392007
1.10699999999999	161.194044267061	-0.222406754263156	1500	0.00201719211109732
1.10799999999999	160.166733658991	0.859099711233684	1500	0.00215053959378492
1.10899999999999	162.933690546334	-0.383486209661201	1500	0.00221207034659957
1.10999999999999	168.301222411633	0.0518625894400653	1500	0.00220559103205756
1.11099999999999	166.876996294912	-0.54750412903212	1500	0.00233657515568007
1.11199999999999	161.61594041384	-0.313346881426139	1500	0.00213480840576507
1.11299999999999	160.09002715054	0.039986950592345	1500	0.00209160780335293
1.11399999999999	162.711817929784	-0.642109733273572	1500	0.00207276761598102
1.11499999999999	168.405341677473	-0.78211954985273	1500	0.00203308068352348
1.11599999999999	166.592497389143	0.643830412579357	1500	0.00199066388180212
1.11699999999999	161.015437081743	-0.404994716178275	1500	0.00201674726572724
1.11799999999999	160.042258544897	0.715231650818548	1500	0.00213799065013621
1.11899999999999	162.755713162184	-0.962708448208293	1500	0.00220947797336963
1.11999999999999	168.086548219585	-0.263094819963765	1500	0.00221635947756039
1.12099999999999	166.570381442184	0.228361992918812	1500	0.00231435456300602
1.12199999999999	161.439862364221	-0.00466262327410589	1500	0.00212043014089737
1.12299999999999	160.035040791518	-0.199110068712086	1500	0.00210192841415492
1.12399999999999	162.759813913531	-0.784887496014135	1500	0.00207908575364251
1.12499999999999	168.501251402869	0.516724797162015	1500	0.00201891052797365
1.12599999999999	166.682025112355	1.15804678779782	1500	0.00199185728457866
1.12699999999999	161.199395630516	-0.252877040679288	1500	0.0020255698205936
1.12799999999999	160.183917492997	0.505385280368862	1500	0.00214715293781052
1.12899999999999	162.924544470278	0.0324327128794591	1500	0.00222080972716158
1.12999999999999	168.336305765242	-0.860226742445114	1500	0.00221246647127179
1.13099999999999	166.857677654764	-0.242216559995959	1500	0.002339660763698
1.13199999999999	161.578389736797	-0.109020468927937	1500	0.00212717533639431
1.13299999999999	160.076151270953	0.100629989513616	1500	0.0020883212496417
1.13399999999999	162.724300959314	-1.07078541146597	1500	0.00205506451434706
1.13499999999999	168.393702869903	0.33436921430885	1500	0.00202206792632096
1.13599999999999	166.598944986089	-0.0338223154237962	1500	0.00199129079286178
1.13699999999999	161.027861788736	-0.404690996586815	1500	0.00201700399642825
1.13799999999999	160.053533770309	0.387525049362661	1500	0.00214182753470647
1.13899999999999	162.744900682099	-0.634711348960891	1500	0.00221258140497288
1.13999999999999	168.061227343214	-0.662597815990891	1500	0.0022193669234121
1.14099999999999	166.547971189208	0.309838222216571	1500	0.00233146055714582
1.14199999999999	161.409071273728	-0.0713965757791402	1500	0.00212742378399985
1.14299999999998	160.066926385143	0.216538472265205	1500	0.00208450191085285
1.14399999999998	162.739120704768	-0.643846126953111	1500	0.00206742425792334
1.14499999999998	168.46407721675	0.436830303056714	1500	0.00200794227913776
1.14599999999998	166.7035594623	0.834447920883649	1500	0.00198665878184926
1.14699999999998	161.19199366276	-0.222411537250797	1500	0.00201719280118748
1.14799999999998	160.160687506425	0.859106034409037	1500	0.00215053890551418
1.14899999999998	162.929233235691	-0.383495695869834	1500	0.00221206769572305
1.14999999999998	168.298784325003	0.0518636604513813	1500	0.00220559044743672
1.15099999999998	166.873156128945	-0.547506563597727	1500	0.00233657104805949
1.15199999999998	161.61063597821	-0.313349700318058	1500	0.00213480811271936
1.15299999999998	160.088421464868	0.0399934710801283	1500	0.00209160586600729
1.15399999999998	162.711826650602	-0.642115075213381	1500	0.00207276729994865
1.15499999999998	168.405368262325	-0.782117204520065	1500	0.00203308466144028
1.15599999999998	166.59213245931	0.64382431656208	1500	0.00199066310844721
1.15699999999998	161.01545315756	-0.404995709950323	1500	0.00201674810131344
1.15799999999998	160.042281705611	0.715237514296925	1500	0.00213799003993834
1.15899999999998	162.755729280796	-0.962718136088816	1500	0.00220947515457624
1.15999999999998	168.086571674925	-0.263091102931426	1500	0.00221635908077812
1.16099999999998	166.567860041922	0.228359136585099	1500	0.00231435091725374
1.16199999999998	161.439298371412	-0.00466876139293411	1500	0.00212042985028403
1.16299999999998	160.034664363523	-0.199105459362612	1500	0.00210192664376399
1.16399999999998	162.758174912472	-0.784892476918423	1500	0.00207908559966964
1.16499999999998	168.500121654749	0.516727825615505	1500	0.00201891372169005
1.16599999999998	166.680392874903	1.15803862607322	1500	0.00199185650801038
1.16699999999998	161.197631955696	-0.252881716427234	1500	0.00202557030947124
1.16799999999998	160.181211440684	0.505390914311302	1500	0.00214715230964959
1.16899999999998	162.918209207217	0.0324230526983536	1500	0.00222080730723885
1.16999999999998	168.331184389755	-0.860226635814965	1500	0.00221246612450846
1.17099999999998	166.852407155606	-0.242219146650453	1500	0.00233965721486646
1.17199999999998	161.574966637471	-0.109023441755363	1500	0.00212717514333089
1.17299999999998	160.075476054039	0.100636435233153	1500	0.00208831976030094
1.17399999999998	162.72431749276	-1.07079022617037	1500	0.00205506415401319
1.17499999999998	168.393726943845	0.334371852679403	1500	0.00202207124951523
1.17599999999998	166.598978435322	-0.0338271494936357	1500	0.00199129019797291
1.17699999999998	161.027909093687	-0.404694532118291	1500	0.00201700446233874
1.17799999999998	160.053427612294	0.387529641766192	1500	0.00214182695542598
1.17899999999998	162.744604125989	-0.634720493126112	1500	0.00221257907066164
1.17999999999998	168.060477565142	-0.66259640736794	1500	0.00221936641273891
1.18099999999998	166.547160454766	0.309837134692074	1500	0.00233145730281125
1.18199999999998	161.408081385978	-0.0713996517043659	1500	0.00212742365005985
1.18299999999998	160.064783905119	0.216544462914264	1500	0.00208450042398194
1.18399999999998	162.737833451747	-0.643855311790257	1500	0.00206742400594195
1.18499999999998	168.463423482043	0.436830851796378	1500	0.00200794490378595
1.18599999999998	166.702289721153	0.834442277886732	1500	0.00198665811023743
1.18699999999998	161.190831458439	-0.222415621510495	1500	0.00201719325416241
1.18799999999998	160.159973916041	0.859111152814167	1500	0.00215053841170903
1.18899999999998	162.926787231508	-0.383502543270831	1500	0.00221206580431436
1.18999999999998	168.295902650191	0.0518636169090812	1500	0.00220558994760579
1.19099999999998	166.871320619861	-0.547508982330513	1500	0.00233656807151977
1.19199999999998	161.610666099471	-0.313352109705697	1500	0.00213480783851222
1.19299999999998	160.088457039074	0.0399985877922942	1500	0.00209160446123756
1.19399999999998	162.71179396829	-0.6421189968185	1500	0.00207276708268387
1.19499999999998	168.405372314717	-0.782116139413116	1500	0.00203308754439214
1.19599999999998	166.591406754508	0.643819165611624	1500	0.00199066256761097
1.19699999999998	161.015480470088	-0.404996489293449	1500	0.00201674868317545
1.19799999999998	160.04231304153	0.715242358330914	1500	0.00213798961019436
1.19899999999998	162.755735145008	-0.962725438707476	1500	0.00220947308116618
1.19999999999998	168.086578911634	-0.263088617602224	1500	0.00221635875435846
1.20099999999998	166.566931583553	0.228356466644523	1500	0.00231434829573865
1.20199999999998	161.438868983346	-0.00467420375615636	1500	0.00212042958214308
1.20299999999998	160.034640808255	-0.199101926904528	1500	0.00210192535819397
1.20399999999998	162.758112564413	-0.784896145662223	1500	0.00207908550576803
1.20499999999998	168.500052384351	0.516729428964056	1500	0.00201891597648853
1.20599999999998	166.680301785541	1.15803185148033	1500	0.00199185595779424
1.20699999999998	161.197644066599	-0.252885800213676	1500	0.00202557060586351
1.20799999999998	160.181239586721	0.50539544557102	1500	0.00214715185412531
1.20899999999998	162.918225114676	0.0324159681641134	1500	0.00222080554992755
1.20999999999998	168.33120569587	-0.860227436680484	1500	0.00221246584147569
1.21099999999998	166.852393601917	-0.24222168543873	1500	0.00233965463141135
1.21199999999998	161.574991095548	-0.109025946472538	1500	0.0021271749548444
1.21299999999998	160.075500660569	0.10064158172482	1500	0.00208831870133414
1.21399999999998	162.724296627881	-1.07079398354508	1500	0.00205506388011228
1.21499999999998	168.393746422382	0.334373458756812	1500	0.00202207365108983
1.21599999999998	166.598997390706	-0.0338313052089045	1500	0.00199128979808127
1.21699999999998	161.027940586509	-0.404697619445819	1500	0.00201700475738493
1.21799999999998	160.05344871706	0.387533206043685	1500	0.00214182653377371
1.21899999999998	162.744609133423	-0.634727479075667	1500	0.00221257737517939
1.21999999999998	168.060498957056	-0.662595931733604	1500	0.00221936597671878
1.22099999999998	166.547179694757	0.309835976655424	1500	0.0023314549324682
1.22199999999998	161.408105075623	-0.0714022899222728	1500	0.00212742351444196
1.22299999999998	160.06481458194	0.216549393856907	1500	0.00208449934856686
1.22399999999998	162.737819804917	-0.643862894368904	1500	0.00206742382344877
1.22499999999998	168.463408088657	0.436830376010153	1500	0.00200794672942636
1.22599999999998	166.702304242292	0.834437575449384	1500	0.00198665763264675
1.22699999999998	161.190790705897	-0.222419139513474	1500	0.0020171935405433
1.22799999999998	160.159141370624	0.859115332133104	1500	0.00215053805700323
1.22899999999998	162.92672202167	-0.383507494316901	1500	0.00221206445967948
1.22999999999998	168.295759559638	0.05186282680362	1500	0.00220558951532814
1.23099999999998	166.870935952196	-0.547511330898304	1500	0.00233656591280859
1.23199999999998	161.609499326971	-0.313354190265169	1500	0.00213480758462382
1.23299999999998	160.087272402067	0.0400026190286326	1500	0.00209160344171025
1.23399999999997	162.711801217013	-0.642121905563576	1500	0.00207276693834604
1.23499999999997	168.405371654215	-0.782115969678817	1500	0.00203308963139953
1.23599999999997	166.591422482729	0.643814739191625	1500	0.00199066219157416
1.23699999999997	161.015509157368	-0.40499711769711	1500	0.0020167490835808
1.23799999999997	160.042339938646	0.715246409044807	1500	0.00213798930838492
1.23899999999997	162.755750460498	-0.962731006541015	1500	0.00220947155064614
1.23999999999997	168.086600207692	-0.263087052216374	1500	0.00221635846518942
1.24099999999997	166.566949085466	0.228353973504502	1500	0.00231434641212215
1.24199999999997	161.438892982278	-0.00467906126305962	1500	0.00212042933434376
1.24299999999997	160.034662507657	-0.199099204226415	1500	0.00210192442321903
1.24399999999997	162.758115918094	-0.784898864693304	1500	0.00207908545404984
1.24499999999997	168.4999748071	0.516730031852063	1500	0.00201891755778309
1.24599999999997	166.680258627946	1.15802616293531	1500	0.0019918555700567
1.24699999999997	161.197545641939	-0.252889398289945	1500	0.00202557076904431
1.24799999999997	160.181027262172	0.505399123530143	1500	0.00214715152400731
1.24899999999997	162.917893542871	0.0324107599902638	1500	0.002220804271971
1.24999999999997	168.330981558249	-0.86022883719154	1500	0.00221246560745163
1.25099999999997	166.852232137323	-0.242224135696238	1500	0.00233965274670141
1.25199999999997	161.574917923485	-0.109028081298815	1500	0.00212717477462696
1.25299999999997	160.075516899992	0.100645722440804	1500	0.00208831795160692
1.25399999999997	162.724313822357	-1.07079697572822	1500	0.00205506367170518
1.25499999999997	168.393747525079	0.334374338067697	1500	0.00202207538386344
1.25599999999997	166.598969661062	-0.033834937041333	1500	0.00199128953534142
1.25699999999997	161.027897102519	-0.404700330996482	1500	0.00201700493383738
1.25799999999997	160.053470651416	0.387535974193883	1500	0.00214182622512004
1.25899999999997	162.74462218321	-0.634732893400314	1500	0.00221257614477934
1.25999999999997	168.060520715867	-0.662596110560563	1500	0.00221936560018738
1.26099999999997	166.547194497214	0.309834780765123	1500	0.00233145320176648
1.26199999999997	161.408122722082	-0.0714045760017089	1500	0.00212742338135005
1.26299999999997	160.064756904514	0.216553499343154	1500	0.00208449857040858
1.26399999999997	162.736623837667	-0.643869239786753	1500	0.00206742369120361
1.26499999999997	168.463339944587	0.43682920193585	1500	0.00200794798269367
1.26599999999997	166.702152414185	0.834433603504317	1500	0.00198665729471097
1.26699999999997	161.190688701299	-0.222422194895392	1500	0.00201719371106107
1.26799999999997	160.158319073341	0.859118772407487	1500	0.00215053780182473
1.26899999999997	162.925977395142	-0.383511083842874	1500	0.00221206350819452
1.26999999999997	168.294280621178	0.0518615504546709	1500	0.00220558913748363
1.27099999999997	166.866979349691	-0.54751357634978	1500	0.00233656434538569
1.27199999999997	161.605097063181	-0.313356003800818	1500	0.00213480735091681
1.27299999999997	160.087095963169	0.0400058049691152	1500	0.00209160270101042
1.27399999999997	162.711819452381	-0.642124092081723	1500	0.00207276684837532
1.27499999999997	168.40538942117	-0.782116417812933	1500	0.00203309113988447
1.27599999999997	166.591434838999	0.64381087564107	1500	0.00199066193198916
1.27699999999997	161.015531922425	-0.404997639471609	1500	0.00201674935421966
1.27799999999997	160.042340276269	0.715249835622181	1500	0.00213798909657595
1.27899999999997	162.755446985439	-0.962735309856981	1500	0.00220947041637307
1.27999999999997	168.086239409432	-0.263086143710855	1500	0.00221635822441687
1.28099999999997	166.566710984952	0.22835164654544	1500	0.00231434506234797
1.28199999999997	161.438744190479	-0.00468342170368647	1500	0.00212042910811221
1.28299999999997	160.034000308429	-0.199097094392157	1500	0.00210192374206628
1.28399999999997	162.756567130745	-0.784900894795416	1500	0.00207908543035518
1.28499999999997	168.499795718896	0.516729939969616	1500	0.00201891865650729
1.28599999999997	166.679958289726	1.15802133384779	1500	0.00199185529866396
1.28699999999997	161.196985700535	-0.25289259320769	1500	0.00202557084121819
1.28799999999997	160.179889978145	0.505402134387359	1500	0.00214715128327633
1.28899999999997	162.917367075575	0.0324069204154808	1500	0.00222080334085254
1.28999999999997	168.329527908543	-0.860230620011995	1500	0.00221246541125849
1.29099999999997	166.847965668331	-0.242226473850312	1500	0.00233965136813097
1.29199999999997	161.569245584159	-0.109029921762578	1500	0.00212717460496504
1.29299999999997	160.074119622388	0.100649077236701	1500	0.00208831742339431
1.29399999999997	162.724308615157	-1.07079941309545	1500	0.00205506351261089
1.29499999999997	168.393763924134	0.334374708690944	1500	0.00202207663116515
1.29599999999997	166.598985987271	-0.0338381591174412	1500	0.00199128936879737
1.29699999999997	161.027916255247	-0.404702725761106	1500	0.0020170050292121
1.29799999999997	160.053467856488	0.387538121265068	1500	0.00214182599753221
1.29899999999997	162.744603366185	-0.634737160090963	1500	0.00221257525269367
1.29999999999997	168.06054074222	-0.662596743214107	1500	0.00221936527089869
1.30099999999997	166.547211023131	0.309833570796336	1500	0.00233145193362586
1.30199999999997	161.408128254957	-0.0714065753629054	1500	0.00212742325372983
1.30299999999997	160.064740299549	0.216556955079379	1500	0.00208449800694738
1.30399999999997	162.73658666712	-0.643874619933953	1500	0.00206742359577211
1.30499999999997	168.463281436979	0.436827563798093	1500	0.00200794882703013
1.30599999999997	166.702092577335	0.834430205540545	1500	0.00198665705686034
1.30699999999997	161.190696783832	-0.22242486843817	1500	0.00201719380161572
1.30799999999997	160.158339599772	0.85912162552403	1500	0.00215053761793355
1.30899999999997	162.925989910441	-0.383513697600045	1500	0.00221206283901586
1.30999999999997	168.294300444387	0.051859970562956	1500	0.00220558880411465
1.31099999999997	166.866994780529	-0.547515700699534	1500	0.00233656320563029
1.31199999999997	161.605116482515	-0.313357598502929	1500	0.00213480713669965
1.31299999999997	160.087104920844	0.040008327330026	1500	0.00209160216190109
1.31399999999997	162.711827940534	-0.642125766312603	1500	0.00207276679758677
1.31499999999997	168.405396320332	-0.782117285924582	1500	0.00203309222755597
1.31599999999997	166.591433050249	0.643807455005564	1500	0.00199066175438118
1.31699999999997	161.01551985012	-0.404998086024148	1500	0.00201674953258455
1.31799999999997	160.042334150384	0.715252765450414	1500	0.00213798894806796
1.31899999999997	162.7554159252	-0.962738688835239	1500	0.00220946957160686
1.31999999999997	168.086054983411	-0.263085733916342	1500	0.0022163580042242
1.32099999999997	166.566680416247	0.228349474806678	1500	0.00231434409609448
1.32199999999997	161.438743492883	-0.00468735595435049	1500	0.00212042890025841
1.32299999999997	160.034070095691	-0.199095451417383	1500	0.00210192324459032
1.32399999999996	162.756851372544	-0.784902425891053	1500	0.00207908542615753
1.32499999999996	168.500556117395	0.516729371966681	1500	0.00201891941121951
1.32599999999996	166.681940007604	1.15801719118589	1500	0.00199185511076281
1.32699999999996	161.200818043055	-0.252895449838189	1500	0.00202557085220819
1.32799999999996	160.183478642336	0.505404619165295	1500	0.0021471511068783
1.32899999999996	162.920691432359	0.0324040805553402	1500	0.00222080266075557
1.32999999999996	168.333542376189	-0.860232631498354	1500	0.00221246524462923
1.33099999999996	166.851784228963	-0.242228687306059	1500	0.00233965035638081
1.33199999999996	161.569237485123	-0.109031524651591	1500	0.00212717444681503
1.33299999999996	160.074110630252	0.100651813435221	1500	0.00208831705385214
1.33399999999996	162.724203881805	-1.07080144541594	1500	0.002055063391285
1.33499999999996	168.393750327436	0.334374727689222	1500	0.00202207752636811
1.33599999999996	166.598971197376	-0.0338410545235738	1500	0.00199128926911777
1.33699999999996	161.027936158598	-0.404704850773093	1500	0.0020170050696598
1.33799999999996	160.05347923024	0.387539780924696	1500	0.0021418258282355
1.33899999999996	162.744599303673	-0.634740585472065	1500	0.00221257460734153
1.33999999999996	168.060434705187	-0.662597684847998	1500	0.00221936498031647
1.34099999999996	166.546431859557	0.309832363856277	1500	0.0023314510005055
1.34199999999996	161.403936528313	-0.0714083385838235	1500	0.00212742313301844
1.34299999999996	160.063225541151	0.216559893623336	1500	0.00208449759858228
1.34399999999996	162.736113083093	-0.643879239324576	1500	0.00206742352841806
1.34499999999996	168.461714457165	0.436825629168354	1500	0.00200794938068096
1.34599999999996	166.699901504709	0.83442726344558	1500	0.00198665689081455
1.34699999999996	161.187787808988	-0.222427223952564	1500	0.00201719383771429
1.34799999999996	160.154857985453	0.85912400762442	1500	0.00215053748507161
1.34899999999996	162.921675288189	-0.38351561354086	1500	0.00221206237238068
1.34999999999996	168.285328576604	0.0518582152689683	1500	0.00220558850736081
1.35099999999996	166.86089864876	-0.547517695749732	1500	0.00233656237529094
1.35199999999996	161.598605663026	-0.313359011941065	1500	0.00213480694095071
1.35299999999996	160.086791424172	0.040010325171056	1500	0.00209160176877415
1.35399999999996	162.711778555612	-0.642127076631707	1500	0.00207276677559939
1.35499999999996	168.40539589611	-0.78211843127512	1500	0.00203309300910357
1.35599999999996	166.591430467967	0.643804388947171	1500	0.00199066163413378
1.35699999999996	161.015533545539	-0.404998479145102	1500	0.00201674964541521
1.35799999999996	160.042241253979	0.715255295677875	1500	0.00213798884402268
1.35899999999996	162.755405614254	-0.962741389227043	1500	0.00220946893906221
1.35999999999996	168.085896062015	-0.263085681492615	1500	0.00221635780857351
1.36099999999996	166.566477544676	0.228347447950493	1500	0.00231434340669103
1.36199999999996	161.438369754635	-0.00469092138127572	1500	0.00212042871002031
1.36299999999996	160.033249381321	-0.199094166182925	1500	0.00210192288076234
1.36399999999996	162.754535220657	-0.784903594452514	1500	0.00207908543513764
1.36499999999996	168.4963611416	0.516728484951349	1500	0.00201891992125079
1.36599999999996	166.676357041508	1.15801360339338	1500	0.00199185498242953
1.36699999999996	161.195812305871	-0.252898019813436	1500	0.00202557082300891
1.36799999999996	160.178167362091	0.505406685126417	1500	0.00214715097710684
1.36899999999996	162.908355802879	0.0324019719939189	1500	0.00222080216249736
1.36999999999996	168.318994193475	-0.860234764670003	1500	0.00221246510133676
1.37099999999996	166.840358668007	-0.242230771385518	1500	0.00233964961069375
1.37199999999996	161.561966442037	-0.109032934455659	1500	0.00212717430055944
1.37299999999996	160.072644151468	0.100654057797916	1500	0.00208831679734634
1.37399999999996	162.724207780718	-1.07080318030643	1500	0.00205506329872758
1.37499999999996	168.393752076972	0.334374506846076	1500	0.00202207816582385
1.37599999999996	166.598957210391	-0.0338436851526213	1500	0.00199128921547792
1.37699999999996	161.027931109185	-0.404706744998938	1500	0.00201700507380216
1.37799999999996	160.053396230208	0.38754105549486	1500	0.00214182570077974
1.37899999999996	162.744457444762	-0.634743390322837	1500	0.00221257414199721
1.37999999999996	168.060182524455	-0.66259883091037	1500	0.0022193647213166
1.38099999999996	166.546165664135	0.309831172443094	1500	0.00233145030989399
1.38199999999996	161.403588238643	-0.0714099048767242	1500	0.0021274230198969
1.38299999999996	160.061942955235	0.216562415799182	1500	0.00208449730221424
1.38399999999996	162.733020219698	-0.643883251572412	1500	0.00206742348195333
1.38499999999996	168.455214201736	0.436823517193847	1500	0.00200794972856813
1.38599999999996	166.688169853594	0.834424687999935	1500	0.00198665677612315
1.38699999999996	161.175509015184	-0.222429312279747	1500	0.00201719383731991
1.38799999999996	160.138276464519	0.859126008403741	1500	0.00215053738876172
1.38899999999996	162.893152484759	-0.383517031233187	1500	0.00221206205068589
1.38999999999996	168.253014754487	0.0518563732925002	1500	0.00220558824118653
1.39099999999996	166.830742266147	-0.547519559937059	1500	0.00233656176889383
1.39199999999996	161.587796759569	-0.313360273840391	1500	0.00213480676241257
1.39299999999996	160.081791935692	0.040011905405547	1500	0.00209160148124062
1.39399999999996	162.710799798099	-0.642128128990456	1500	0.00207276677443861
1.39499999999996	168.405305739327	-0.782119752247092	1500	0.00203309356781273
1.39599999999996	166.591352953527	0.643801611563963	1500	0.00199066155375322
1.39699999999996	161.015540248701	-0.404998833953038	1500	0.00201674971201392
1.39799999999996	160.042158230959	0.715257500612806	1500	0.00213798877101793
1.39899999999996	162.755395280378	-0.962743589175424	1500	0.00220946846228811
1.39999999999996	168.085870995465	-0.263085889299581	1500	0.00221635763359797
1.40099999999996	166.566426252756	0.228345555783761	1500	0.00231434291658707
1.40199999999996	161.43833715198	-0.00469416482008844	1500	0.00212042853621893
1.40299999999996	160.033053057998	-0.199093156578346	1500	0.00210192261424025
1.40399999999996	162.753178545841	-0.784904499687496	1500	0.00207908545267528
1.40499999999996	168.492293241499	0.516727391045599	1500	0.00201892025824914
1.40599999999996	166.667705512726	1.15801046860565	1500	0.00199185489663828
1.40699999999996	161.185605768531	-0.252900344290896	1500	0.00202557076830526
1.40799999999996	160.163905337305	0.505408414635664	1500	0.00214715088106766
1.40899999999996	162.888364658694	0.0324003992595936	1500	0.00222080179595043
1.40999999999996	168.29267848782	-0.86023694547653	1500	0.00221246497683135
1.41099999999996	166.815423604337	-0.242232726513853	1500	0.0023396490582916
1.41199999999996	161.551625837118	-0.109034185481707	1500	0.00212717416593603
1.41299999999996	160.06745026666	0.100655908135329	1500	0.00208831662131545
1.41399999999996	162.72350889945	-1.07080469446902	1500	0.00205506322815639
1.41499999999995	168.393663052658	0.334374125692505	1500	0.00202207861984192
1.41599999999995	166.598858584869	-0.0338460970450717	1500	0.00199128919313131
1.41699999999995	161.027934606158	-0.404708440631313	1500	0.0020170050547371
1.41799999999995	160.053394322713	0.387542024249444	1500	0.00214182560357025
1.41899999999995	162.744459598035	-0.634745733897245	1500	0.00221257380818061
1.41999999999995	168.061332542667	-0.662600106314248	1500	0.00221936448853539
1.42099999999995	166.547626740732	0.309830005405067	1500	0.00233144979502231
1.42199999999995	161.403548433143	-0.0714113053473149	1500	0.00212742291463789
1.42299999999995	160.0618098047	0.216564599136818	1500	0.00208449708678844
1.42399999999995	162.732715656692	-0.643886773011387	1500	0.00206742345157885
1.42499999999995	168.454520674329	0.436821312739391	1500	0.00200794993194646
1.42599999999995	166.686971805534	0.834422410973412	1500	0.00198665669825382
1.42699999999995	161.172890277833	-0.222431174273614	1500	0.00201719381304521
1.42799999999995	160.133262463381	0.859127697782472	1500	0.00215053731843275
1.42899999999995	162.889903714146	-0.38351809390711	1500	0.00221206183241781
1.42999999999995	168.248958687094	0.0518545051486864	1500	0.00220558800099364
1.43099999999995	166.823642676447	-0.54752129598862	1500	0.00233656132471597
1.43199999999995	161.58017620564	-0.313361407993684	1500	0.00213480659959661
1.43299999999995	160.074653901002	0.0400131509742972	1500	0.00209160127017941
1.43399999999995	162.709443594635	-0.642128998225467	1500	0.00207276678829445
1.43499999999995	168.405320811094	-0.782121176604869	1500	0.00203309396426051
1.43599999999995	166.591357392718	0.643799073081009	1500	0.00199066150098148
1.43699999999995	161.015549669912	-0.404999161018444	1500	0.00201674974627182
1.43799999999995	160.042182364942	0.715259437427884	1500	0.00213798871954704
1.43899999999995	162.755399842551	-0.962745417520883	1500	0.00220946810028668
1.43999999999995	168.085866548603	-0.263086285625658	1500	0.00221635747517927
1.44099999999995	166.56640272161	0.228343788441313	1500	0.0023143425697495
1.44199999999995	161.438294576261	-0.00469712548524782	1500	0.00212042837736903
1.44299999999995	160.032930561051	-0.199092362371527	1500	0.00210192241785232
1.44399999999995	162.752852896466	-0.784905213185986	1500	0.00207908547543539
1.44499999999995	168.491473388969	0.516726169988372	1500	0.00201892047336604
1.44599999999995	166.66620027748	1.158007707787	1500	0.00199185484107567
1.44699999999995	161.18304458151	-0.252902456807068	1500	0.00202557069837536
1.44799999999995	160.161023045797	0.505409871413875	1500	0.00214715081281212
1.44899999999995	162.884720889701	0.0323992200005526	1500	0.00222080152501608
1.44999999999995	168.287260582721	-0.860239123391689	1500	0.00221246486817527
1.45099999999995	166.81009530652	-0.242234556392534	1500	0.00233964864641966
1.45199999999995	161.548234350204	-0.109035304556221	1500	0.00212717404256795
1.45299999999995	160.064285297328	0.100657439914202	1500	0.00208831650216178
1.45399999999995	162.722789976241	-1.07080604279398	1500	0.00205506317438853
1.45499999999995	168.393672375662	0.334373641088206	1500	0.00202207893904128
1.45599999999995	166.598844486647	-0.0338483245636687	1500	0.00199128919166252
1.45699999999995	161.027945819287	-0.404709964144038	1500	0.00201700502138247
1.45799999999995	160.053355901411	0.387542748828787	1500	0.00214182552817141
1.45899999999995	162.744403963566	-0.634747731808547	1500	0.00221257357056667
1.45999999999995	168.061336344927	-0.662601456943569	1500	0.0022193642779361
1.46099999999995	166.547511497723	0.30982883768728	1500	0.00233144941713929
1.46199999999995	161.403545962698	-0.071412563463072	1500	0.00212742281667426
1.46299999999995	160.061796808743	0.216566503412949	1500	0.0020844969299973
1.46399999999995	162.732647455014	-0.643889893506912	1500	0.00206742343243769
1.46499999999995	168.45397353054	0.436819075178136	1500	0.00200795003419223
1.46599999999995	166.685229598619	0.834420380377894	1500	0.00198665664625949
1.46699999999995	161.16998823252	-0.222432842540863	1500	0.00201719377391279
1.46799999999995	160.130595420329	0.859129131113479	1500	0.00215053726684121
1.46899999999995	162.886710438724	-0.383518903382017	1500	0.00221206168796278
1.46999999999995	168.241466782666	0.0518526527052234	1500	0.00220558778301989
1.47099999999995	166.815514404457	-0.547522908250368	1500	0.0023365609976912
1.47199999999995	161.574145985277	-0.3133624328783	1500	0.00213480645068434
1.47299999999995	160.070122270965	0.0400141274764079	1500	0.0020916011147971
1.47399999999995	162.708623053035	-0.642129736923008	1500	0.0020727668129678
1.47499999999995	168.405327603037	-0.782122652551789	1500	0.00203309424275149
1.47599999999995	166.591361057942	0.643796736489314	1500	0.00199066146697831
1.47699999999995	161.015557702223	-0.404999467357682	1500	0.00201674975795886
1.47799999999995	160.042157955559	0.715261150974268	1500	0.00213798868280789
1.47899999999995	162.755153451016	-0.962746967682052	1500	0.00220946782317431
1.47999999999995	168.085521444642	-0.263086816889949	1500	0.00221635733190518
1.48099999999995	166.565961172514	0.228342136748902	1500	0.00231434232597397
1.48199999999995	161.437893000278	-0.00469983608207853	1500	0.00212042823232721
1.48299999999995	160.032039354361	-0.199091737294099	1500	0.00210192227235802
1.48399999999995	162.751241043784	-0.784905786659096	1500	0.00207908550074426
1.48499999999995	168.490179484001	0.51672487825098	1500	0.00201892060327152
1.48599999999995	166.663217364218	1.15800525900041	1500	0.00199185480680489
1.48699999999995	161.178128334448	-0.252904384520582	1500	0.00202557062034256
1.48799999999995	160.155654457652	0.505411105106481	1500	0.00214715076182279
1.48899999999995	162.878424304245	0.0323983308370471	1500	0.0022208013234888
1.48999999999995	168.274802802795	-0.860241263481947	1500	0.00221246477194303
1.49099999999995	166.793509878247	-0.242236265766922	1500	0.00233964833673761
1.49199999999995	161.533570830144	-0.10903631235032	1500	0.00212717392961635
1.49299999999995	160.056941338739	0.100658712716625	1500	0.00208831642307164
1.49399999999995	162.722141566064	-1.07080726396089	1500	0.00205506313371762
1.49499999999995	168.393606012449	0.33437309309769	1500	0.00202207916071661
1.49599999999995	166.598856393773	-0.0338503938635755	1500	0.00199128920381866
1.49699999999995	161.027958481895	-0.40471133802576	1500	0.0020170049799505
1.49799999999995	160.053348098187	0.387543277398274	1500	0.00214182546851829
1.49899999999995	162.744182068986	-0.63474946767849	1500	0.00221257340323662
1.49999999999995	168.060708962792	-0.662602844503831	1500	0.00221936408622477
1.50099999999995	166.546385457977	0.309827658745202	1500	0.00233144914593539
1.50199999999995	161.401996204539	-0.0714136987620472	1500	0.0021274227256929
1.50299999999995	160.059947647543	0.21656817560695	1500	0.00208449681582563
1.50399999999995	162.728972531586	-0.64389268174209	1500	0.00206742342134892
1.50499999999995	168.449590331999	0.436816846490777	1500	0.00200795006636374
1.50599999999994	166.679191571082	0.834418555734049	1500	0.00198665661232815
1.50699999999994	161.161879776222	-0.222434343888609	1500	0.00201719372608362
1.50799999999994	160.122397984115	0.859130352788911	1500	0.0021505372289589
1.50899999999994	162.879537539438	-0.383519532073618	1500	0.00221206159612453
1.50999999999994	168.228085486425	0.0518508439236341	1500	0.00220558758423353
1.51099999999994	166.796808075533	-0.547524403004351	1500	0.00233656075542137
1.51199999999994	161.556637066341	-0.313363363205694	1500	0.00213480631460522
1.51299999999994	160.062605681299	0.04001488616555	1500	0.00209160099947563
1.51399999999994	162.708619875897	-0.642130382006791	1500	0.00207276684555637
1.51499999999994	168.405343164445	-0.782124143614167	1500	0.00203309443559129
1.51599999999994	166.591359824642	0.643794573096687	1500	0.0019906614457603
1.51699999999994	161.015564051647	-0.404999757949635	1500	0.00201674975413057
1.51799999999994	160.042120201487	0.715262676351993	1500	0.00213798865595609
1.51899999999994	162.754902204738	-0.962748307589748	1500	0.00220946760904028
1.51999999999994	168.084945081163	-0.263087443484547	1500	0.00221635720050076
1.52099999999994	166.564554710786	0.228340591891303	1500	0.0023143421561142
1.52199999999994	161.435797901115	-0.00470232467740403	1500	0.00212042809975851
1.52299999999994	160.029959309751	-0.199091246009765	1500	0.0021019221638529
1.52399999999994	162.747003241057	-0.78490626039132	1500	0.00207908552710115
1.52499999999994	168.483614023972	0.516723556108075	1500	0.00201892067357147
1.52599999999994	166.655191463976	1.15800307332123	1500	0.00199185478729346
1.52699999999994	161.169716945119	-0.252906149908232	1500	0.00202557053895356
1.52799999999994	160.148147836996	0.505412155005385	1500	0.00214715072338272
1.52899999999994	162.873007358809	0.0323976564656442	1500	0.00222080117260663
1.52999999999994	168.267310914523	-0.860243342828874	1500	0.00221246468600134
1.53099999999994	166.785554019681	-0.242237860511351	1500	0.00233964810133911
1.53199999999994	161.524497860114	-0.109037225380867	1500	0.00212717382622241
1.53299999999994	160.053046383393	0.100659773361273	1500	0.00208831637209306
1.53399999999994	162.722139827044	-1.07080838560666	1500	0.00205506310342533
1.53499999999994	168.393631220564	0.334372510317037	1500	0.00202207931177285
1.53599999999994	166.598690576829	-0.0338523247538334	1500	0.00199128922449435
1.53699999999994	161.027759926685	-0.40471258100452	1500	0.00201700493458705
1.53799999999994	160.053276750476	0.387543648223621	1500	0.00214182542025399
1.53899999999994	162.743951134711	-0.634751002357438	1500	0.00221257328739266
1.53999999999994	168.060160033749	-0.662604241607295	1500	0.00221936391096448
1.54099999999994	166.545257840363	0.309826522036265	1500	0.00233144894072675
1.54199999999994	161.400284375709	-0.0714147293008712	1500	0.00212742264202233
1.54299999999994	160.057673318228	0.216569652758507	1500	0.00208449673205358
1.54399999999994	162.725533989598	-0.643895192049302	1500	0.0020674234164213
1.54499999999994	168.442632022001	0.436814654496422	1500	0.00200795005118781
1.54599999999994	166.671544825851	0.834416904781174	1500	0.00198665659138464
1.54699999999994	161.154753306694	-0.22243570077221	1500	0.00201719367387815
1.54799999999994	160.117135502266	0.859131396836458	1500	0.00215053720054398
1.54899999999994	162.873526424709	-0.383520033499557	1500	0.00221206154108224
1.54999999999994	168.223324644457	0.0518490946109552	1500	0.00220558740229202
1.55099999999994	166.794799197395	-0.547525791435287	1500	0.00233656057600006
1.55199999999994	161.555057409424	-0.313364212403191	1500	0.00213480619061717
1.55299999999994	160.064492365544	0.0400154672722366	1500	0.00209160091315697
1.55399999999994	162.709120559786	-0.64213096019774	1500	0.00207276688332186
1.55499999999994	168.405339104046	-0.782125625310634	1500	0.00203309456573777
1.55599999999994	166.591560315855	0.643792560446909	1500	0.00199066143285224
1.55699999999994	161.017615651488	-0.405000035705439	1500	0.00201674973996731
1.55799999999994	160.04169279281	0.715264041952286	1500	0.0021379886359154
1.55899999999994	162.75474074632	-0.962749486198037	1500	0.00220946744191559
1.55999999999994	168.084112145196	-0.263088134860585	1500	0.00221635708070261
1.56099999999994	166.562688751709	0.228339146423205	1500	0.00231434203903233
1.56199999999994	161.434371627514	-0.0047046145115957	1500	0.00212042797854056
1.56299999999994	160.026262101939	-0.199090861208877	1500	0.00210192208231037
1.56399999999994	162.740657121269	-0.784906659059762	1500	0.00207908555364127
1.56499999999994	168.469552244588	0.51672223091585	1500	0.00201892070355765
1.56599999999994	166.638587597143	1.15800111107057	1500	0.00199185477827668
1.56699999999994	161.155394355903	-0.252907772061534	1500	0.00202557045745154
1.56799999999994	160.13646038759	0.50541305190156	1500	0.00214715069394637
1.56899999999994	162.854222066242	0.0323971405368945	1500	0.00222080105842398
1.56999999999994	168.240993331206	-0.860245348286295	1500	0.00221246460877084
1.57099999999994	166.759423294206	-0.242239348509301	1500	0.0023396479206414
1.57199999999994	161.504995074856	-0.109038057467328	1500	0.00212717373188046
1.57299999999994	160.046116525659	0.100660658603158	1500	0.00208831634060957
1.57399999999994	162.722094527598	-1.0708094278111	1500	0.00205506308101113
1.57499999999994	168.393626831413	0.334371912045909	1500	0.00202207941154531
1.57599999999994	166.598292935097	-0.033854133236743	1500	0.00199128925016943
1.57699999999994	161.027085484095	-0.404713709102504	1500	0.00201700488818478
1.57799999999994	160.052734523392	0.387543891941844	1500	0.00214182538038043
1.57899999999994	162.743173683177	-0.634752379598125	1500	0.00221257320929376
1.57999999999994	168.058603093829	-0.662605628583979	1500	0.00221936374984708
1.58099999999994	166.542622005085	0.309825428826857	1500	0.00233144878338807
1.58199999999994	161.396898142717	-0.0714156681947758	1500	0.00212742256501042
1.58299999999994	160.052731329183	0.216570964463652	1500	0.00208449667024338
1.58399999999994	162.71662588711	-0.643897466780302	1500	0.00206742341601037
1.58499999999994	168.427043549803	0.436812518328289	1500	0.00200795000480151
1.58599999999994	166.649669635139	0.834415402143485	1500	0.00198665657967626
1.58699999999994	161.135852446204	-0.222436931943778	1500	0.00201719362007001
1.58799999999994	160.10069196949	0.859132291298133	1500	0.00215053717883204
1.58899999999994	162.845148678524	-0.383520445199163	1500	0.00221206151168692
1.58999999999994	168.179668008428	0.0518474147287049	1500	0.0022055872351607
1.59099999999994	166.7509066172	-0.547527078637517	1500	0.00233656044151541
1.59199999999994	161.529598090043	-0.313364990692956	1500	0.00213480607758761
1.59299999999994	160.057943404394	0.0400159033831634	1500	0.00209160084793585
1.59399999999994	162.709116730249	-0.642131489454655	1500	0.00207276692433025
1.59499999999994	168.405335659194	-0.782127080528581	1500	0.00203309465021309
1.59599999999994	166.593706352776	0.643790680774214	1500	0.0019906614253703
1.59699999999993	161.016049953511	-0.405000302962968	1500	0.00201674971905601
1.59799999999993	160.039521532446	0.715265270444405	1500	0.00213798862045145
1.59899999999993	162.752166853781	-0.962750539158445	1500	0.00220946730999283
1.59999999999993	168.079579681471	-0.263088868710209	1500	0.00221635697009123
1.60099999999993	166.558363561478	0.228337793026192	1500	0.00231434195949728
1.60199999999993	161.430970190647	-0.00470672615203122	1500	0.00212042786740098
1.60299999999993	160.022201724638	-0.199090561852414	1500	0.00210192202038075
1.60399999999993	162.732924360078	-0.784907001528861	1500	0.00207908557974424
1.60499999999993	168.454607000441	0.516720921791532	1500	0.0020189207066005
1.60599999999993	166.61826705854	1.15799934057208	1500	0.00199185477649388
1.60699999999993	161.136931739633	-0.252909266953156	1500	0.00202557037785182
1.60799999999993	160.11848588582	0.505413820489552	1500	0.00214715067092129
1.60899999999993	162.826192750623	0.0323967416927061	1500	0.00222080097079454
1.60999999999993	168.201496514844	-0.860247271907795	1500	0.00221246453908238
1.61099999999993	166.719113354967	-0.242240736770443	1500	0.00233964778002613
1.61199999999993	161.482514918109	-0.109038819553083	1500	0.0021271736457081
1.61299999999993	160.045576616535	0.100661398184037	1500	0.00208831632248617
1.61399999999993	162.72208391519	-1.07081040465577	1500	0.00205506306471471
1.61499999999993	168.393628459838	0.334371312042689	1500	0.00202207947413563
1.61599999999993	166.597909297064	-0.033855831608575	1500	0.00199128927838095
1.61699999999993	161.025718048514	-0.404714735843181	1500	0.00201700484256963
1.61799999999993	160.050918644273	0.387544032995387	1500	0.00214182534665499
1.61899999999993	162.741103911434	-0.634753631516941	1500	0.00221257315876668
1.61999999999993	168.055295361488	-0.662606991832206	1500	0.00221936360124802
1.62099999999993	166.539425321931	0.309824379705161	1500	0.00233144866088791
1.62199999999993	161.395680342343	-0.0714165264823812	1500	0.00212742249422405
1.62299999999993	160.051433645929	0.216572134431792	1500	0.00208449662419992
1.62399999999993	162.712538924063	-0.643899539548279	1500	0.00206742341891839
1.62499999999993	168.420007835785	0.436810450541043	1500	0.00200794993839111
1.62599999999993	166.637881345334	0.834414027601967	1500	0.00198665657440094
1.62699999999993	161.127568638189	-0.222438052920069	1500	0.00201719356657718
1.62799999999993	160.091182122966	0.859133059210431	1500	0.00215053716186709
1.62899999999993	162.830379421149	-0.383520793576097	1500	0.00221206150004945
1.62999999999993	168.161262540555	0.0518458096678917	1500	0.00220558708128131
1.63099999999993	166.730961448233	-0.547528272257303	1500	0.00233656033979224
1.63199999999993	161.515860730362	-0.313365706615707	1500	0.00213480597435134
1.63299999999993	160.057940341692	0.0400162206910842	1500	0.00209160079792506
1.63399999999993	162.709126771093	-0.642131982400813	1500	0.00207276696718642
1.63499999999993	168.405349756337	-0.782128497779651	1500	0.00203309470141648
1.63599999999993	166.593703136059	0.643788920108318	1500	0.0019906614212617
1.63699999999993	161.015384465203	-0.405000561015765	1500	0.002016749694074
1.63799999999993	160.039008662913	0.715266380243252	1500	0.00213798860799077
1.63899999999993	162.75175178367	-0.96275149277389	1500	0.00220946720456428
1.63999999999993	168.079130586639	-0.263089627988888	1500	0.00221635686781386
1.64099999999993	166.558020179955	0.228336524966013	1500	0.00231434190665754
1.64199999999993	161.430924798159	-0.00470867699648681	1500	0.00212042776548578
1.64299999999993	160.022021935233	-0.19909033131711	1500	0.00210192197289048
1.64399999999993	162.731270200753	-0.784907302055754	1500	0.00207908560489944
1.64499999999993	168.45254462639	0.516719641653648	1500	0.00201892069199302
1.64599999999993	166.617781641397	1.15799773588523	1500	0.00199185477963926
1.64699999999993	161.136193852136	-0.252910648065868	1500	0.00202557030143326
1.64799999999993	160.117324519688	0.50541448102544	1500	0.00214715065257471
1.64899999999993	162.825175015362	0.0323964304222856	1500	0.00222080090267353
1.64999999999993	168.201395043697	-0.860249109554256	1500	0.00221246447583688
1.65099999999993	166.718744632236	-0.242242032368648	1500	0.00233964766905473
1.65199999999993	161.481760810682	-0.109039520538594	1500	0.00212717356705986
1.65299999999993	160.045470855013	0.10066201616508	1500	0.00208831631338434
1.65399999999993	162.722058357457	-1.07081132630229	1500	0.00205506305322174
1.65499999999993	168.393629611104	0.334370719310831	1500	0.00202207951003764
1.65599999999993	166.597899475098	-0.0338574300943349	1500	0.00199128930759272
1.65699999999993	161.025466249109	-0.404715672883177	1500	0.00201700479893889
1.65799999999993	160.050706844292	0.387544091235888	1500	0.00214182531772799
1.65899999999993	162.741007522643	-0.634754781497468	1500	0.00221257312840677
1.65999999999993	168.055191219827	-0.662608322001972	1500	0.0022193634637549
1.66099999999993	166.53938804001	0.3098233744944	1500	0.00233144856377126
1.66199999999993	161.395674402009	-0.071417313519315	1500	0.00212742242918035
1.66299999999993	160.051428219426	0.216573182277998	1500	0.00208449658958706
1.66399999999993	162.712025662267	-0.643901437246487	1500	0.00206742342425495
1.66499999999993	168.418611149655	0.43680845870233	1500	0.0020079498599205
1.66599999999993	166.637084475237	0.83441276483346	1500	0.00198665657358308
1.66699999999993	161.125347274675	-0.222439076705973	1500	0.00201719351457872
1.66799999999993	160.086318770172	0.859133719604998	1500	0.00215053714822769
1.66899999999993	162.824919103526	-0.383521096980907	1500	0.00221206150046679
1.66999999999993	168.15653951119	0.0518442818295307	1500	0.00220558693922403
1.67099999999993	166.715873797308	-0.547529379580448	1500	0.00233656026199845
1.67199999999993	161.502176301379	-0.313366367262034	1500	0.0021348058800469
1.67299999999993	160.050238592319	0.0400164406795007	1500	0.00209160075897664
1.67399999999993	162.709129924366	-0.642132464664877	1500	0.00207276700709343
1.67499999999993	168.405353485766	-0.782129869946926	1500	0.00203309472800744
1.67599999999993	166.593703449622	0.643787267202571	1500	0.00199066141870239
1.67699999999993	161.0153874167	-0.40500081048408	1500	0.00201674966674181
1.67799999999993	160.03900589462	0.715267386609985	1500	0.00213798859738772
1.67899999999993	162.751688966991	-0.962752365884606	1500	0.00220946711935508
1.67999999999993	168.078679301692	-0.263090399682912	1500	0.00221635677325563
1.68099999999993	166.557873811278	0.228335336141814	1500	0.0023143418726448
1.68199999999993	161.430474005691	-0.0047104825112094	1500	0.0021204276718952
1.68299999999993	160.021086143412	-0.19909015645685	1500	0.0021019219360729
1.68399999999993	162.729993287174	-0.784907570377908	1500	0.00207908562889431
1.68499999999993	168.451599009606	0.516718399497103	1500	0.00201892066619201
1.68599999999993	166.616316747233	1.15799627602063	1500	0.00199185478594324
1.68699999999993	161.132314734839	-0.252911926585467	1500	0.00202557022886857
1.68799999999992	160.109114091765	0.505415050375702	1500	0.00214715063772949
1.68899999999992	162.816949809483	0.0323961853679691	1500	0.00222080084896814
1.68999999999992	168.193611509652	-0.860250859505255	1500	0.00221246441844836
1.69099999999992	166.698837474703	-0.242243241572156	1500	0.00233964757994423
1.69199999999992	161.461162127259	-0.109040167525762	1500	0.00212717349515288
1.69299999999992	160.033576162321	0.100662532310759	1500	0.00208831631023061
1.69399999999992	162.722061567795	-1.07081219972138	1500	0.00205506304553855
1.69499999999992	168.393631493816	0.334370140390557	1500	0.00202207952674395
1.69599999999992	166.597902482653	-0.0338589367226075	1500	0.0019912893366737
1.69699999999992	161.025469169994	-0.404716530171119	1500	0.00201700475782352
1.69799999999992	160.050703901998	0.387544083077375	1500	0.00214182529435824
1.69899999999992	162.740947673737	-0.634755846851872	1500	0.00221257311289629
1.69999999999992	168.054763270362	-0.662609612910948	1500	0.00221936333660283
1.70099999999992	166.539248148341	0.309822412810327	1500	0.00233144848518684
1.70199999999992	161.395240169756	-0.0714180370010311	1500	0.00212742236941773
1.70299999999992	160.050535117702	0.216574124193832	1500	0.00208449656331782
1.70399999999992	162.710514300922	-0.643903181617258	1500	0.00206742343125929
1.70499999999992	168.417057167456	0.436806547555583	1500	0.00200794977477501
1.70599999999992	166.634329076874	0.83441160092819	1500	0.00198665657558881
1.70699999999992	161.117399465495	-0.222440014079648	1500	0.00201719346484524
1.70799999999992	160.076276494436	0.859134288503487	1500	0.00215053713713141
1.70899999999992	162.816271866898	-0.383521368033084	1500	0.00221206150906831
1.70999999999992	168.14503348963	0.0518428315724467	1500	0.00220558680794633
1.71099999999992	166.698823001588	-0.547530407068124	1500	0.00233656020156434
1.71199999999992	161.488616348948	-0.3133669785031	1500	0.00213480579360948
1.71299999999992	160.04619307847	0.0400165808927311	1500	0.00209160072805254
1.71399999999992	162.709178255546	-0.642132923411482	1500	0.00207276704744176
1.71499999999992	168.405349290341	-0.782131191883097	1500	0.00203309473724187
1.71599999999992	166.593746852581	0.64378571254941	1500	0.00199066141733156
1.71699999999992	161.016916282251	-0.405001052001271	1500	0.00201674963827567
1.71799999999992	160.039006848234	0.715268302055173	1500	0.00213798858794025
1.71899999999992	162.751686131714	-0.962753172842622	1500	0.00220946704957959
1.71999999999992	168.078680527948	-0.263091174265309	1500	0.00221635668542302
1.72099999999992	166.557873392313	0.228334220905599	1500	0.0023143418518998
1.72199999999992	161.430475427773	-0.0047121560758381	1500	0.00212042758585654
1.72299999999992	160.021046113169	-0.199090027061066	1500	0.00210192190700878
1.72399999999992	162.72957805725	-0.784907814027023	1500	0.0020790856515619
1.72499999999992	168.450751352133	0.51671720048204	1500	0.00201892063381957
1.72599999999992	166.614347896679	1.1579949431106	1500	0.00199185479431475
1.72699999999992	161.12592431292	-0.252913112597464	1500	0.00202557016060313
1.72799999999992	160.10194680814	0.505415541926896	1500	0.00214715062537614
1.72899999999992	162.810935371774	0.0323959900363858	1500	0.00222080080589902
1.72999999999992	168.18440018512	-0.860252522629556	1500	0.00221246436601856
1.73099999999992	166.685343702671	-0.242244371002478	1500	0.00233964750727297
1.73199999999992	161.452170499058	-0.109040766528916	1500	0.00212717342937085
1.73299999999992	160.031976413421	0.100662962635726	1500	0.00208831631083462
1.73399999999992	162.72208371727	-1.07081303024934	1500	0.00205506304081531
1.73499999999992	168.393632940828	0.334369579080481	1500	0.00202207952968956
1.73599999999992	166.597903715112	-0.0338603586984913	1500	0.00199128936507399
1.73699999999992	161.025470906927	-0.404717316311915	1500	0.00201700471957301
1.73799999999992	160.050705825306	0.387544021402052	1500	0.00214182527370562
1.73899999999992	162.740808869611	-0.634756840364085	1500	0.00221257310808094
1.73999999999992	168.053862023342	-0.662610860388825	1500	0.00221936321848281
1.74099999999992	166.53735844051	0.30982149376952	1500	0.00233144842038615
1.74199999999992	161.393662944617	-0.0714187036702699	1500	0.00212742231447809
1.74299999999992	160.048382518785	0.21657497344066	1500	0.00208449654299077
1.74399999999992	162.708126900558	-0.643904790751554	1500	0.00206742343942037
1.74499999999992	168.415398088237	0.436804718797237	1500	0.00200794968686968
1.74599999999992	166.63333742381	0.834410524432578	1500	0.00198665657960976
1.74699999999992	161.116120193097	-0.222440874829204	1500	0.00201719341777563
1.74799999999992	160.073448985725	0.859134779132988	1500	0.00215053712830424
1.74899999999992	162.816263587017	-0.383521615979323	1500	0.00221206152290366
1.74999999999992	168.145013757104	0.051841457205983	1500	0.00220558668649436
1.75099999999992	166.698825657467	-0.5475313616031	1500	0.00233656015408509
1.75199999999992	161.488608657134	-0.313367545555295	1500	0.00213480571450215
1.75299999999992	160.046166897238	0.04001665586401	1500	0.00209160070305659
1.75399999999992	162.709132182421	-0.642133362554928	1500	0.00207276708765144
1.75499999999992	168.405340271185	-0.782132461085984	1500	0.00203309473397012
1.75599999999992	166.593657357594	0.643784248292225	1500	0.00199066141648164
1.75699999999992	161.016863340454	-0.405001285825662	1500	0.00201674960955242
1.75799999999992	160.038921780694	0.71526913723488	1500	0.00213798857921898
1.75899999999992	162.751531182743	-0.962753923948278	1500	0.00220946699165208
1.75999999999992	168.077683735286	-0.263091944273526	1500	0.00221635660370539
1.76099999999992	166.555766713799	0.228333174039123	1500	0.00231434184040115
1.76199999999992	161.428704654752	-0.00471370974728897	1500	0.00212042750661348
1.76299999999992	160.01832012141	-0.199089934747863	1500	0.00210192188374498
1.76399999999992	162.725693551013	-0.784908038396998	1500	0.00207908567283065
1.76499999999992	168.446330441819	0.516716047595715	1500	0.00201892059801459
1.76599999999992	166.610054459179	1.15799372225208	1500	0.00199185480396712
1.76699999999992	161.120950321183	-0.252914214883177	1500	0.00202557009676812
1.76799999999992	160.09159905381	0.505415966847961	1500	0.00214715061484839
1.76899999999992	162.802327576982	0.0323958322960739	1500	0.00222080077069946
1.76999999999992	168.175555937433	-0.860254100846008	1500	0.00221246431795903
1.77099999999992	166.676437137729	-0.242245426504924	1500	0.00233964744692532
1.77199999999992	161.450048904333	-0.109041322842041	1500	0.00212717336920157
1.77299999999992	160.030204203266	0.10066332059504	1500	0.00208831631378975
1.77399999999992	162.722077227905	-1.07081382177649	1500	0.00205506303835296
1.77499999999992	168.393632814004	0.334369037986967	1500	0.00202207952290383
1.77599999999992	166.597900633878	-0.0338617016984672	1500	0.00199128939223368
1.77699999999992	161.025469996611	-0.404718038859657	1500	0.00201700468433803
1.77799999999991	160.050703260337	0.38754391697713	1500	0.00214182525498968
1.77899999999991	162.740813175738	-0.634757771522108	1500	0.0022125731110245
1.77999999999991	168.053868641294	-0.66261206198967	1500	0.00221936310851315
1.78099999999991	166.537377617811	0.309820616496309	1500	0.00233144836574545
1.78199999999991	161.393651277091	-0.0714193193375484	1500	0.00212742226389296
1.78299999999991	160.048087051283	0.216575741272406	1500	0.00208449652697168
1.78399999999991	162.706792935151	-0.643906279701924	1500	0.00206742344836423
1.78499999999991	168.412376477786	0.436802972545379	1500	0.00200794959876489
1.78599999999991	166.629092012262	0.834409526140912	1500	0.00198665658488163
1.78699999999991	161.109902949927	-0.222441667072252	1500	0.00201719337364366
1.78799999999991	160.063379018067	0.859135202171663	1500	0.00215053712063092
1.78899999999991	162.803615242185	-0.383521847030309	1500	0.00221206153997425
1.78999999999991	168.133169998059	0.0518401564565265	1500	0.00220558657378069
1.79099999999991	166.687254070353	-0.547532248995539	1500	0.00233656011608937
1.79199999999991	161.485272315725	-0.313368072800688	1500	0.00213480564187403
1.79299999999991	160.046500322076	0.0400166774535094	1500	0.00209160068239443
1.79399999999991	162.709728751296	-0.64213378468435	1500	0.00207276712731039
1.79499999999991	168.405342869242	-0.782133676375544	1500	0.00203309472173233
1.79599999999991	166.593655139836	0.643782867769829	1500	0.00199066141571314
1.79699999999991	161.016856986544	-0.405001512053356	1500	0.00201674958120193
1.79799999999991	160.038905692577	0.715269901188297	1500	0.00213798857093041
1.79899999999991	162.751526186999	-0.962754627057934	1500	0.00220946694307371
1.79999999999991	168.07765945434	-0.263092704212773	1500	0.0022163565275369
1.80099999999991	166.555654527966	0.228332190771606	1500	0.00231434183535486
1.80199999999991	161.428419305156	-0.00471515401763026	1500	0.00212042743358375
1.80299999999991	160.017726030937	-0.199089872881219	1500	0.00210192186472925
1.80399999999991	162.724690356357	-0.784908247377203	1500	0.0020790856926814
1.80499999999991	168.443539018782	0.516714942502524	1500	0.0020189205608585
1.80599999999991	166.605840641657	1.15799260080822	1500	0.00199185481435795
1.80699999999991	161.115357826608	-0.25291524114903	1500	0.00202557003735662
1.80799999999991	160.083617382534	0.505416334634806	1500	0.00214715060566986
1.80899999999991	162.792795093451	0.0323957032136614	1500	0.00222080074138721
1.80999999999991	168.165105933185	-0.86025559675304	1500	0.00221246427367367
1.81099999999991	166.666564606259	-0.24224641365562	1500	0.00233964739604874
1.81199999999991	161.44587585844	-0.109041840688764	1500	0.00212717331412078
1.81299999999991	160.030164156887	0.100663617295924	1500	0.00208831631804853
1.81399999999991	162.722027671346	-1.0708145771314	1500	0.00205506303768606
1.81499999999991	168.393614849487	0.334368518367538	1500	0.00202207950927802
1.81599999999991	166.597814173543	-0.0338629709885092	1500	0.00199128941792999
1.81699999999991	161.025421694368	-0.404718704321885	1500	0.00201700465207926
1.81799999999991	160.050689532633	0.38754377866692	1500	0.00214182523778655
1.81899999999991	162.740806256954	-0.634758647605515	1500	0.00221257311955545
1.81999999999991	168.053847216884	-0.662613216366675	1500	0.00221936300595297
1.82099999999991	166.537296450033	0.309819779738867	1500	0.00233144831878788
1.82199999999991	161.393445606406	-0.0714198888920688	1500	0.00212742221730765
1.82299999999991	160.04756853473	0.216576437385866	1500	0.00208449651411237
1.82399999999991	162.706022733898	-0.64390766095831	1500	0.00206742345780175
1.82499999999991	168.410348735728	0.436801307966248	1500	0.00200794951229081
1.82599999999991	166.626592255729	0.834408598318801	1500	0.0019866565909442
1.82699999999991	161.108075893805	-0.222442397785906	1500	0.00201719333245783
1.82799999999991	160.060125432047	0.859135567153443	1500	0.00215053711381706
1.82899999999991	162.799245864274	-0.383522065221377	1500	0.00221206155890386
1.82999999999991	168.128002384726	0.0518389266802524	1500	0.00220558646893332
1.83099999999991	166.683276254945	-0.547533074692038	1500	0.00233656008518109
1.83199999999991	161.485214321878	-0.313368563941464	1500	0.00213480557517121
1.83299999999991	160.046256966301	0.0400166556211332	1500	0.00209160066494075
1.83399999999991	162.709621778628	-0.642134191152052	1500	0.00207276716616337
1.83499999999991	168.405312116874	-0.782134837541992	1500	0.00203309470318381
1.83599999999991	166.593650322943	0.643781565184754	1500	0.00199066141480453
1.83699999999991	161.016747690588	-0.405001730704072	1500	0.00201674955348273
1.83799999999991	160.038866422877	0.715270601594538	1500	0.00213798856290779
1.83899999999991	162.751497592352	-0.962755287834441	1500	0.00220946690185361
1.83999999999991	168.077485214993	-0.263093450035643	1500	0.0022163564558596
1.84099999999991	166.555183152072	0.228331266641964	1500	0.00231434183457552
1.84199999999991	161.42771581685	-0.00471649823756668	1500	0.00212042736610958
1.84299999999991	160.017123653856	-0.199089835798649	1500	0.00210192184895669
1.84399999999991	162.723332362463	-0.784908443442462	1500	0.00207908571122715
1.84499999999991	168.441649352645	0.516713885669412	1500	0.00201892052387261
1.84599999999991	166.603820947379	1.15799156830062	1500	0.00199185482501804
1.84699999999991	161.11318183593	-0.252916198016164	1500	0.00202556998218287
1.84799999999991	160.083054650628	0.505416653260284	1500	0.00214715059753337
1.84899999999991	162.792421868625	0.0323955963915661	1500	0.00222080071661367
1.84999999999991	168.164315053268	-0.860257013353424	1500	0.00221246423284028
1.85099999999991	166.66511725704	-0.242247337341768	1500	0.002339647352352
1.85199999999991	161.445311658859	-0.109042323753822	1500	0.00212717326361398
1.85299999999991	160.030760709826	0.10066386213196	1500	0.00208831632295446
1.85399999999991	162.722103674786	-1.07081529842183	1500	0.00205506303844081
1.85499999999991	168.393668932652	0.334368021227657	1500	0.00202207949096858
1.85599999999991	166.597883640135	-0.0338641709734245	1500	0.00199128944203025
1.85699999999991	161.02531853983	-0.404719318381191	1500	0.00201700462265738
1.85799999999991	160.050684557508	0.387543613995942	1500	0.00214182522185433
1.85899999999991	162.740774773371	-0.634759474291218	1500	0.00221257313202663
1.85999999999991	168.053670228794	-0.662614323091714	1500	0.00221936291018704
1.86099999999991	166.53683242862	0.309818982516884	1500	0.00233144827755233
1.86199999999991	161.39274434091	-0.0714204167744584	1500	0.00212742217434478
1.86299999999991	160.04689254966	0.216577069795016	1500	0.00208449650350732
1.86399999999991	162.7044527746	-0.643908945144959	1500	0.00206742346750069
1.86499999999991	168.407960870932	0.436799723318676	1500	0.00200794942844613
1.86599999999991	166.62288898368	0.834407734253244	1500	0.00198665659739282
1.86699999999991	161.103488285758	-0.222443073116713	1500	0.00201719329417357
1.86799999999991	160.057892190596	0.85913588203939	1500	0.00215053710764924
1.8689999999999	162.796532789561	-0.383522273486927	1500	0.00221206157867531
1.8699999999999	168.123615420697	0.0518377645245913	1500	0.00220558637136711
1.8709999999999	166.678399334794	-0.547533843479278	1500	0.0023365600594271
1.8719999999999	161.484550604959	-0.313369022243587	1500	0.00213480551387315
1.8729999999999	160.046166352997	0.0400165987205587	1500	0.002091600649906
1.8739999999999	162.709611015725	-0.642134583209117	1500	0.00207276720400753
1.8749999999999	168.405221793597	-0.782135945263425	1500	0.00203309468031793
1.8759999999999	166.593642011693	0.643780335358692	1500	0.00199066141363126
1.8769999999999	161.016737044068	-0.405001941823229	1500	0.00201674952674266
1.8779999999999	160.03885867588	0.715271245114769	1500	0.00213798855500421
1.8789999999999	162.7514864149	-0.962755910237077	1500	0.00220946686691836
1.8799999999999	168.077469489852	-0.263094178133385	1500	0.00221635638983193
1.8809999999999	166.555201386758	0.228330397906949	1500	0.00231434183682737
1.8819999999999	161.427788263915	-0.00471775063534396	1500	0.00212042730386843
1.8829999999999	160.017057367286	-0.199089819071446	1500	0.00210192183560273
1.8839999999999	162.723142296474	-0.784908628558309	1500	0.00207908572845491
1.8849999999999	168.441250147573	0.51671287684465	1500	0.00201892048794265
1.8859999999999	166.602251811187	1.15799061538739	1500	0.00199185483573287
1.8869999999999	161.110778751037	-0.252917091152742	1500	0.00202556993109132
1.8879999999999	160.081458244142	0.505416929412045	1500	0.00214715059018616
1.8889999999999	162.790412159309	0.0323955066126523	1500	0.00222080069521299
1.8899999999999	168.160736286985	-0.860258354277009	1500	0.00221246419512638
1.8909999999999	166.661702175416	-0.242248202312903	1500	0.00233964731429099
1.8919999999999	161.445312988837	-0.109042775120292	1500	0.0021271732172667
1.8929999999999	160.030759408215	0.10066406291932	1500	0.00208831632801995
1.8939999999999	162.722100991187	-1.07081598752574	1500	0.00205506304023712
1.8949999999999	168.393660195903	0.334367546388418	1500	0.00202207946951857
1.8959999999999	166.597880595773	-0.0338653059451616	1500	0.00199128946452318
1.8969999999999	161.025316767503	-0.404719886135839	1500	0.00201700459600553
1.8979999999999	160.050679074074	0.387543429039881	1500	0.00214182520693249
1.8989999999999	162.740770596338	-0.634760255865285	1500	0.00221257314727156
1.8999999999999	168.053662904407	-0.66261538221925	1500	0.00221936282053506
1.9009999999999	166.536896690773	0.309818223216045	1500	0.00233144824086704
1.9019999999999	161.39301391683	-0.071420906765573	1500	0.00212742213468528
1.9029999999999	160.046986875657	0.216577645767952	1500	0.00208449649464219
1.9039999999999	162.704563716529	-0.643910141286721	1500	0.00206742347732626
1.9049999999999	168.408085493807	0.436798216304003	1500	0.00200794934803153
1.9059999999999	166.622182253888	0.834406928249284	1500	0.00198665660398757
1.9069999999999	161.101904127137	-0.222443698448034	1500	0.00201719325867471
1.9079999999999	160.055606308141	0.859136153674433	1500	0.00215053710250588
1.9089999999999	162.795425170249	-0.383522473754978	1500	0.00221206159854295
1.9099999999999	168.118541723883	0.0518366668105677	1500	0.00220558628060543
1.9109999999999	166.670129676547	-0.547534560350574	1500	0.00233656003783165
1.9119999999999	161.477983212095	-0.313369450635057	1500	0.0021348054573916
1.9129999999999	160.038742099704	0.0400165135944979	1500	0.00209160063671001
1.9139999999999	162.70960959763	-0.642134961503809	1500	0.00207276724063045
1.9149999999999	168.405222087793	-0.782137000635477	1500	0.00203309465449151
1.9159999999999	166.593638964181	0.643779173651955	1500	0.00199066141215328
1.9169999999999	161.016728412816	-0.405002145433804	1500	0.0020167495011461
1.9179999999999	160.038855572377	0.715271837441726	1500	0.00213798854720967
1.9189999999999	162.751483734008	-0.962756498041883	1500	0.00220946683696244
1.9199999999999	168.07746654743	-0.263094886290905	1500	0.00221635632756862
1.9209999999999	166.555195939969	0.228329580911678	1500	0.00231434184085849
1.9219999999999	161.427779937902	-0.00471891887922705	1500	0.00212042724617245
1.9229999999999	160.016961736722	-0.199089818984081	1500	0.00210192182406684
1.9239999999999	162.722781625382	-0.784908804213289	1500	0.00207908574453712
1.9249999999999	168.440098459164	0.516711915095854	1500	0.00201892045359618
1.9259999999999	166.599130170307	1.15798973415789	1500	0.00199185484633529
1.9269999999999	161.10534294259	-0.252917925806029	1500	0.00202556988381422
1.9279999999999	160.07563897168	0.505417168913586	1500	0.0021471505834436
1.9289999999999	162.785360025991	0.0323954300261326	1500	0.00222080067637542
1.9299999999999	168.152209542229	-0.860259622924511	1500	0.00221246416016067
1.9309999999999	166.650161831216	-0.242249012767048	1500	0.00233964728062421
1.9319999999999	161.439891740742	-0.109043197675801	1500	0.002127173174713
1.9329999999999	160.024094530618	0.10066422627272	1500	0.00208831633294984
1.9339999999999	162.722092906243	-1.07081664574707	1500	0.00205506304287774
1.9349999999999	168.393657917542	0.334367093755092	1500	0.00202207944608312
1.9359999999999	166.597880709837	-0.0338663795282286	1500	0.00199128948542846
1.9369999999999	161.025314437377	-0.40472041183955	1500	0.00201700457180878
1.9379999999999	160.050674949851	0.387543228914455	1500	0.00214182519290337
1.9389999999999	162.74076660699	-0.634760995092592	1500	0.00221257316485189
1.9399999999999	168.053659960417	-0.662616394535261	1500	0.00221936273677164
1.9409999999999	166.536887181342	0.309817500653158	1500	0.00233144820769068
1.9419999999999	161.393001170762	-0.0714213621137146	1500	0.00212742209805507
1.9429999999999	160.046893185044	0.216578171067371	1500	0.00208449648690365
1.9439999999999	162.704209753397	-0.643911257521313	1500	0.00206742348706965
1.9449999999999	168.407242495559	0.436796784379854	1500	0.00200794927129786
1.9459999999999	166.620123475562	0.83440617514533	1500	0.00198665661065991
1.9469999999999	161.098103425933	-0.222444278441073	1500	0.00201719322588081
1.9479999999999	160.051825649924	0.859136387797835	1500	0.00215053709778052
1.9489999999999	162.791973669033	-0.383522667152922	1500	0.00221206161820649
1.9499999999999	168.114465633361	0.0518356299668001	1500	0.00220558619593252
1.9509999999999	166.665342136008	-0.547535229067413	1500	0.00233656001917607
1.9519999999999	161.477245818908	-0.313369851481487	1500	0.00213480540533559
1.9529999999999	160.038659502514	0.0400164060908402	1500	0.00209160062488937
1.9539999999999	162.709601797965	-0.642135323061911	1500	0.00207276727699605
1.9549999999999	168.405213637991	-0.782138005202362	1500	0.00203309462704068
1.9559999999999	166.593634377996	0.643778075925522	1500	0.00199066141043391
1.9569999999999	161.016724231726	-0.405002341578499	1500	0.0020167494766703
1.9579999999999	160.038846556767	0.715272383848408	1500	0.00213798854014048
1.9589999999999	162.751476399734	-0.962757054567741	1500	0.00220946681080577
1.95999999999989	168.077456104398	-0.263095572915114	1500	0.00221635626922713
1.96099999999989	166.555190952918	0.228328812021901	1500	0.00231434184612872
1.96199999999989	161.427771281532	-0.00472000956724074	1500	0.00212042719270043
1.96299999999989	160.01695085737	-0.199089832366024	1500	0.00210192181400189
1.96399999999989	162.722758887006	-0.784908971776016	1500	0.00207908575934716
1.96499999999989	168.439839222453	0.516710999189885	1500	0.0020189204211525
1.96599999999989	166.598011786958	1.15798891767832	1500	0.00199185485669581
1.96699999999989	161.103643123293	-0.25291870659502	1500	0.00202556984013353
1.96799999999989	160.073693118192	0.505417376585489	1500	0.0021471505771955
1.96899999999989	162.782843300908	0.0323953640254912	1500	0.00222080065961324
1.96999999999989	168.143132597334	-0.860260822833052	1500	0.00221246412768237
1.97099999999989	166.646758562231	-0.2422497727709	1500	0.00233964725060538
1.97199999999989	161.436764705874	-0.109043593677536	1500	0.0021271731355678
1.97299999999989	160.0204466846	0.100664358011992	1500	0.00208831633763816
1.97399999999989	162.722084293846	-1.07081727440245	1500	0.00205506304611561
1.97499999999989	168.393648588464	0.334366662742802	1500	0.00202207942150018
1.97599999999989	166.597871722182	-0.0338673952065602	1500	0.00199128950479919
1.97699999999989	161.025300809648	-0.40472089936135	1500	0.00201700454996501
1.97799999999989	160.050660420889	0.387543017885643	1500	0.00214182517968377
1.97899999999989	162.74075672345	-0.634761695389765	1500	0.00221257318376617
1.97999999999989	168.053650143369	-0.662617360846617	1500	0.00221936265827666
1.98099999999989	166.536884582593	0.309816813363602	1500	0.00233144817737335
1.98199999999989	161.392977073124	-0.0714217860016523	1500	0.00212742206415497
1.98299999999989	160.046747941564	0.216578651237961	1500	0.00208449648010034
1.98399999999989	162.704181454205	-0.64391230035353	1500	0.00206742349676587
1.98499999999989	168.406866335016	0.436795424606408	1500	0.00200794919863503
1.98599999999989	166.618712084155	0.834405470635873	1500	0.00198665661725511
1.98699999999989	161.096033231701	-0.22244481724796	1500	0.00201719319555595
1.98799999999989	160.050170693364	0.859136589442094	1500	0.0021505370932735
1.98899999999989	162.789645470477	-0.383522854301622	1500	0.00221206163724168
1.98999999999989	168.104710019414	0.0518346510880586	1500	0.00220558611683537
1.99099999999989	166.661803748021	-0.547535853593363	1500	0.00233656000292781
1.99199999999989	161.475723646125	-0.313370227199185	1500	0.0021348053573074
1.99299999999989	160.035487779979	0.040016281017353	1500	0.00209160061416
1.99399999999989	162.709619880604	-0.642135669936923	1500	0.00207276731253055
1.99499999999989	168.405207297344	-0.782138960568852	1500	0.00203309459859055
1.99599999999989	166.593627707815	0.643777038362529	1500	0.00199066140845245
1.99699999999989	161.016716417864	-0.405002530208588	1500	0.0020167494534083
1.99799999999989	160.038827686978	0.715272888818734	1500	0.00213798853403892
1.99899999999989	162.751467083996	-0.962757582148359	1500	0.00220946678784252
2	168.077448079591	-0.26312435539033	1500	0.00221635557643041
