"Time [s]"	"Current(Phase_A) [mA]"	"InputVoltage(Phase_A) [V]"	"InducedVoltage(Phase_A) [V]"	"FluxLinkage(Phase_A) [Wb]"	"Current(Phase_B) [mA]"	"InputVoltage(Phase_B) [V]"	"InducedVoltage(Phase_B) [V]"	"FluxLinkage(Phase_B) [Wb]"	"Current(Phase_C) [mA]"	"InputVoltage(Phase_C) [V]"	"InducedVoltage(Phase_C) [V]"	"FluxLinkage(Phase_C) [Wb]"
0	0	0	-53.4208864024163	-0	0	-388.908729652601	-259.639160470912	-0	0	388.908729652601	337.840469564557	-0
0.001	8282.38839905722	138.771225645639	33.3525281957556	0.0333525281957556	-28660.3975166118	-439.259794402996	-208.743185626477	-0.208743185626477	20378.0091175546	300.488568757357	231.094694844565	0.231094694844565
0.002	24548.6797101746	263.9585568491	120.125942793927	0.153478470989683	-65835.9531338676	-446.613049974276	-157.847210782042	-0.366590396408519	41287.273423693	182.654493125177	124.348920124574	0.355443614969139
0.003	44726.481732899	363.307785400763	175.03738983028	0.328515860819963	-99801.0145139504	-410.248708477981	-173.401347274773	-0.539991743683292	55074.5327810513	46.9409230772177	9.05892801927061	0.36450254298841
0.004	68968.1834643195	427.093916603215	213.573269889085	0.542089130709048	-125653.352022109	-333.726365025033	-163.283752233664	-0.703275495916956	56685.168557789	-93.3675515781815	-63.1119352544673	0.301390607733943
0.005	96212.6475499384	449.073119510249	215.453396482178	0.757542527191226	-141148.903336066	-224.536559755125	-137.72724626945	-0.841002742186406	44936.255786128	-224.536559755125	-122.416074942441	0.178974532791501
0.006	126699.704323469	427.093916603215	172.536743831854	0.93007927102308	-145648.881538059	-93.3675515781816	-91.8361325863081	-0.932838874772714	18949.1772145901	-333.726365025033	-152.563081607438	0.026411451184063
0.007	155249.795963279	363.307785400764	136.310887308307	1.06639015833139	-140633.292499914	46.9409230772177	-8.31492994643246	-0.941153804719147	-14616.5034633654	-410.248708477981	-176.431234875054	-0.150019783690991
0.008	175337.113155934	263.9585568491	98.4408595839949	1.16483101791538	-129525.866700129	182.654493125177	89.150892904695	-0.852002911814452	-45811.2464558048	-446.613049974276	-233.728118756888	-0.383747902447879
0.009	184421.365703584	138.771225645639	56.8804196025254	1.22171143751791	-114045.133938359	300.488568757357	190.641530792342	-0.66136138102211	-70376.2317652247	-439.259794402996	-271.533278117992	-0.655281180565871
0.01	181792.085374521	-3.5527136788005E-13	2.01829088999128	1.2237297284079	-92324.8786145467	388.908729652601	250.736159487089	-0.41062522153502	-89467.2067599741	-388.908729652601	-263.662947322704	-0.918944127888574
0.011	167829.957286035	-138.771225645639	-56.9001404796441	1.16682958792825	-65598.3447222393	439.259794402996	282.294860419061	-0.128330361115959	-102231.612563796	-300.488568757357	-222.7548503517	-1.14169897824027
0.012	145965.093801515	-263.9585568491	-113.100611626885	1.05372897630137	-34613.5933646849	446.613049974276	289.353846186754	0.161023485070795	-111351.50043683	-182.654493125176	-118.78250831902	-1.2604814865593
0.013	119080.238501596	-363.307785400764	-181.671172302795	0.872057803998575	-1209.27684630284	410.248708477981	246.385786666427	0.407409271737222	-117870.961655293	-46.9409230772173	-2.04509922497786	-1.26252658578427
0.014	92279.0127952308	-427.093916603215	-259.022133931477	0.613035670067098	25198.3323672228	333.726365025033	215.015071619321	0.622424343356543	-117477.345162454	93.3675515781821	88.1061872591893	-1.17442039852508
0.015	69296.4577993258	-449.07311951025	-318.482882469001	0.294552787598097	37555.1226610971	224.536559755124	200.91015934781	0.823334502704352	-106851.580460423	224.536559755125	154.421394149955	-1.01999900437513
0.016	47372.2698070554	-427.093916603214	-318.317217776031	-0.0237644301779346	40478.885549604	93.3675515781805	133.905608114771	0.957240110819124	-87851.1553566594	333.726365025034	212.287750267676	-0.807711254107453
0.017	27912.6064495779	-363.307785400763	-289.195685278606	-0.31296011545654	35500.7535342513	-46.9409230772189	40.5259309403285	0.997766041759452	-63413.3599838292	410.248708477982	253.855146136447	-0.553856107971006
0.018	11342.405654396	-263.958556849099	-243.678358290887	-0.556638473747427	26638.6449887606	-182.654493125178	-97.3667433373341	0.900399298422118	-37981.0506431566	446.613049974276	267.058310323827	-0.28679779764718
0.019	-2116.13793654885	-138.771225645637	-133.79776334341	-0.690436237090837	19130.8429454138	-300.488568757358	-221.175013996527	0.679224284425591	-17014.705008865	439.259794402996	309.981612799663	0.0231838151524838
0.02	-7603.25760071084	1.06581410364015E-12	-33.5932892808686	-0.724029526371705	9960.53849880754	-388.908729652602	-297.142992856753	0.382081291568838	-2357.2808980967	388.9087296526	327.63879157671	0.350822606729194
0.021	-4357.38005329302	138.77122564564	52.8018697652511	-0.671227656606454	-3488.96535316297	-439.259794402996	-332.716768623074	0.0493645229457641	7846.34540645599	300.488568757356	282.613305170338	0.633435911899532
0.022	4551.41952889649	263.958556849101	160.997745020785	-0.510229911585669	-21234.9734077381	-446.613049974276	-313.218431264666	-0.263853908318902	16683.5538788416	182.654493125175	196.74531260571	0.830181224505242
0.023	14237.3928278221	363.307785400764	269.322606913418	-0.240907304672251	-38921.9812905803	-410.24870847798	-287.184309291376	-0.551038217610278	24684.5884627582	46.9409230772165	73.884656339601	0.904065880844843
0.024	24711.8166204173	427.093916603215	317.919991984039	0.0770126873117882	-53608.966043163	-333.726365025032	-266.633799855965	-0.817672017466243	28897.1494227457	-93.3675515781828	-68.4316712743852	0.835634209570458
0.025	36202.7522895495	449.073119510249	344.341790101125	0.421354477412913	-61771.0888479203	-224.536559755123	-215.288873911778	-1.03296089137802	25568.3365583708	-224.536559755126	-162.755692799624	0.672878516770834
0.026	48811.0912033591	427.093916603214	335.349960272918	0.756704437685831	-62133.9472263263	-93.3675515781791	-138.590581729275	-1.1715514731073	13322.8560229672	-333.726365025035	-219.622455588145	0.453256061182688
0.027	64820.3270928124	363.307785400762	248.97499203291	1.00567942971874	-58430.759980455	46.9409230772202	-42.7902292252722	-1.21434170233257	-6389.56711235737	-410.248708477982	-272.735011807625	0.180521049375063
0.028	81070.4929289834	263.958556849098	168.860176038195	1.17453960575694	-57919.2173592478	182.654493125179	127.883503412944	-1.08645819891962	-23151.2755697356	-446.613049974276	-329.636789682164	-0.149115740307101
0.029	89966.1331573061	138.771225645637	100.756988156252	1.27529659391319	-54811.1065179338	300.488568757359	242.176357524829	-0.844281841394795	-35155.0266393723	-439.259794402996	-365.159508664221	-0.514275248971322
0.03	90366.7097293398	-2.21689333557151E-12	26.6404366327222	1.30193703054591	-45935.0454173508	388.908729652603	313.15915617683	-0.531122685217966	-44431.6643119891	-388.9087296526	-342.277494029803	-0.856552743001125
0.031	82603.859282965	-138.771225645641	-54.2531159401431	1.24768391460577	-33103.764583392	439.259794402996	358.082397284273	-0.173040287933693	-49500.094699573	-300.488568757356	-290.957091244907	-1.14750983424603
0.032	68522.3206535358	-263.958556849102	-133.969231112578	1.11371468349319	-16839.0902434863	446.613049974276	366.71454869723	0.193674260763537	-51683.2304100495	-182.654493125175	-195.474976503839	-1.34298481074987
0.033	55046.4392317607	-363.307785400765	-235.692155741201	0.878022527751989	3503.54497657397	410.24870847798	327.192932452269	0.520867193215807	-58549.9842083346	-46.940923077215	-25.0581652741944	-1.36804297602406
0.034	44756.5880624387	-427.093916603216	-350.840497316494	0.527182030435495	18395.9910144715	333.726365025031	280.243395178241	0.801110588394048	-63152.5790769102	93.3675515781843	85.3369623756834	-1.28270601364838
0.035	34488.1507505579	-449.073119510249	-384.761772161466	0.14242025827403	25281.2593715682	224.536559755122	238.26738644733	1.03937797484138	-59769.4101221261	224.536559755127	176.392458148015	-1.10631355550037
0.036	23898.4020478111	-427.093916603214	-377.790778583154	-0.235370520309124	25898.2823036111	93.3675515781784	155.740615147273	1.19511858998865	-49796.6843514222	333.726365025035	252.67472443641	-0.853638831063957
0.037	13617.8213893903	-363.307785400762	-348.33434188353	-0.583704862192654	22559.3249731279	-46.9409230772209	27.9169007393478	1.223035490728	-36177.1463625181	410.248708477982	301.210239344713	-0.552428591719244
0.038	3391.36987664687	-263.958556849097	-274.494808723574	-0.858199670916228	18630.3217379412	-182.654493125179	-119.339553378371	1.10369593734963	-22021.691614588	446.613049974276	335.732553882526	-0.216696037836718
0.039	-5537.65633763503	-138.771225645635	-151.006196304564	-1.00920586722079	15477.5266451608	-300.48856875736	-237.189239706959	0.86650669764267	-9939.87030752573	439.259794402995	371.94732288571	0.155251285048993
0.04	-9490.99675587095	3.73745479009813E-12	-42.2316957548292	-1.05143756297562	11130.0765950505	-388.908729652603	-327.704554308845	0.538802143333824	-1639.07983917954	388.9087296526	367.162732951606	0.522414018000599
0.041	-7748.56184056487	138.771225645643	58.5269883192009	-0.992910574656421	3843.92933518097	-439.259794402997	-379.697883657375	0.15910425967645	3904.6325053839	300.488568757354	308.315299240253	0.830729317240852
0.042	-2211.37454995145	263.958556849103	174.252031868415	-0.818658542788005	-6671.05887347496	-446.613049974276	-375.748639774272	-0.216644380097822	8882.43342342642	182.654493125173	213.511689888257	1.04424100712911
0.043	3870.08396473201	363.307785400766	289.131137881999	-0.529527404906006	-17716.3264517515	-410.248708477979	-345.499683644285	-0.562144063742107	13846.2424870195	46.9409230772134	90.3569539960731	1.13459796112518
0.044	8951.53074559385	427.093916603216	366.903489101372	-0.162623915804634	-26045.4174363191	-333.72636502503	-310.417574787496	-0.872561638529603	17093.8866907252	-93.367551578185	-48.8923147011229	1.08570564642406
0.045	14136.7126748745	449.073119510249	395.745771114228	0.233121855309594	-30140.743795196	-224.53655975512	-252.659577716815	-1.12522121624642	16004.0311203214	-224.536559755128	-170.33825079279	0.915367395631269
0.046	20218.3349612164	427.093916603213	390.625653476108	0.623747508785702	-29305.99781613	-93.3675515781768	-158.978213045784	-1.2841994292922	9087.66285491357	-333.726365025037	-249.3161144297	0.666051281201569
0.047	28104.7293186967	363.30778540076	332.223766297347	0.955971275083048	-26292.9539694105	46.9409230772233	-36.6948608354591	-1.32089429012766	-1811.77534928615	-410.248708477983	-313.760240433223	0.352291040768345
0.048	39580.0205701205	263.958556849096	216.687371368665	1.17265864645171	-27329.8815998447	182.654493125181	123.41320367166	-1.197481086456	-12250.1389702759	-446.613049974277	-374.538934083954	-0.022247893315609
0.049	47391.819281816	138.771225645634	125.248780162318	1.29790742661403	-28298.1859011344	300.488568757361	254.580143165382	-0.942900943290621	-19093.6333806816	-439.259794402995	-405.83660518965	-0.428084498505259
0.05	48665.2830168103	-4.49063009000383E-12	39.4115855843893	1.33731901219842	-25270.1606847715	388.908729652604	340.14444349839	-0.60275649979223	-23395.1223320388	-388.908729652599	-383.1148974644	-0.81119939596966
0.051	43578.703110159	-138.771225645644	-49.295257716208	1.28802375448221	-18702.8438633079	439.259794402997	395.112597076169	-0.207643902716061	-24875.8592468511	-300.488568757353	-320.067727180204	-1.13126712314986
0.052	34108.6370428853	-263.958556849104	-146.993380257241	1.14103037422497	-8502.21716246575	446.613049974276	401.368726722606	0.193724824006545	-25606.4198804196	-182.654493125172	-215.715510527872	-1.34698263367774
0.053	26484.8503808368	-363.307785400766	-273.000305859194	0.868030068365777	3669.98555301984	410.248708477979	364.736054373543	0.558460878380087	-30154.8359338567	-46.9409230772119	-65.6642714301581	-1.41264690510789
0.054	22104.6748069249	-427.093916603216	-378.587936494757	0.48944213187102	13125.3794775737	333.72636502503	315.67817371148	0.874139052091568	-35230.0542844986	93.3675515781865	74.9429920675433	-1.33770391304035
0.055	17930.5322473806	-449.073119510249	-415.550444553448	0.0738916873175725	17465.7462333553	224.53655975512	257.586663118696	1.13172571521026	-35396.2784807359	224.53655975513	187.643165743889	-1.15006074729646
0.056	12747.7921345128	-427.093916603213	-411.180245094448	-0.337288557776876	17465.6276355317	93.3675515781755	158.797333955074	1.29052304916534	-30213.4197700445	333.726365025038	269.327836379234	-0.880732910917228
0.057	6774.8743923118	-363.307785400759	-376.2559323426	-0.713544490119475	15234.0173437409	-46.9409230772248	20.2158770371703	1.31073892620251	-22008.8917360527	410.248708477984	324.700712961281	-0.556032197955947
0.058	-85.3371203888846	-263.958556849095	-285.710175393681	-0.999254665513156	13000.6197009285	-182.654493125181	-119.15190749443	1.19158701870808	-12915.2825805396	446.613049974277	371.593365431119	-0.184438832524829
0.059	-6230.64665237401	-138.771225645632	-162.732204391583	-1.16198686990474	11531.2012572937	-300.488568757362	-240.586748375913	0.951000270332165	-5300.55460491969	439.259794402995	403.170177884919	0.21873134536009
0.06	-9028.80593416687	6.03961325396085E-12	-49.0884172488117	-1.21107528715355	9480.0786573592	-388.908729652604	-340.753231593896	0.610247038738269	-451.272723192329	388.908729652598	388.779546577889	0.607510891937979
0.061	-7790.54321476637	138.771225645645	60.4471616196047	-1.15062812553395	5163.59147860815	-439.259794402997	-400.099992565668	0.210147046172601	2626.95173615822	300.488568757352	323.046693374436	0.930557585312415
0.062	-3906.21639145332	263.958556849105	181.545120288799	-0.969083005245147	-1691.45167530743	-446.613049974276	-404.641606352773	-0.194494560180171	5597.66806676075	182.65449312517	223.727768380117	1.15428535369253
0.063	242.833581036739	363.307785400767	299.202763094526	-0.669880242150621	-9242.79840107714	-410.248708477979	-374.742496872154	-0.569237057052326	8999.9648200404	46.940923077212	98.6534314910143	1.25293878518355
0.064	3342.69740494851	427.093916603216	382.643563220427	-0.287236678930195	-14912.7598204243	-333.726365025031	-331.149504782525	-0.90038656183485	11570.0624154758	-93.3675515781865	-41.341820524494	1.21159696465905
0.065	5948.13226499701	449.073119510249	418.617090485337	0.131380411555142	-17220.6580685965	-224.536559755121	-266.496972310433	-1.16688353414528	11272.5258035995	-224.53655975513	-170.087078241208	1.04150988641785
0.066	9584.32553232527	427.093916603213	414.451686609036	0.545832098164179	-16723.0212324283	-93.3675515781763	-158.680280289808	-1.32556381443509	7138.69570010305	-333.726365025038	-262.042003453422	0.779467882964423
0.067	15243.2785465984	363.30778540076	359.832062075945	0.905664160240124	-15576.5904823615	46.9409230772239	-21.851720736807	-1.3474155351719	333.311935763083	-410.248708477984	-332.357389110008	0.447110493854415
0.068	21942.2596577292	263.958556849095	257.728788565196	1.16339294880532	-15268.56820071	182.654493125182	112.95182292993	-1.23446371224197	-6673.69145701925	-446.613049974277	-395.152152443675	0.0519583414107403
0.069	27086.2331990137	138.771225645632	148.069689218215	1.31146263802353	-15791.5878118596	300.488568757362	243.31492521678	-0.991148787025188	-11294.6453871542	-439.259794402994	-426.113292640104	-0.374154951229364
0.07	28506.877638906	-5.98276983510004E-12	48.1077356861652	1.3595703737097	-15181.1901010241	388.908729652604	351.391052732687	-0.639757734292501	-13325.6875378819	-388.908729652598	-401.165296488438	-0.775320247717803
0.071	25277.9617934772	-138.771225645645	-52.6747324847354	1.30689564122496	-11429.5645188164	439.259794402997	409.547464205135	-0.230210270087366	-13848.3972746608	-300.488568757352	-330.896216961357	-1.10621646467916
0.0720000000000001	19910.487398107	-263.958556849105	-168.511336897595	1.13838430432737	-4668.22468899244	446.613049974276	418.958312596343	0.188748042508977	-15242.2627091146	-182.65449312517	-218.38967794696	-1.32460614262612
0.0730000000000001	14754.4105946785	-363.307785400768	-289.278242643418	0.849106061683952	3326.19064885235	410.248708477979	384.924436720446	0.573672479229423	-18080.6012435308	-46.9409230772104	-87.8168529695489	-1.41242299559567
0.0740000000000001	11678.1695695695	-427.093916603217	-384.914669995057	0.464191391688895	9563.28960348037	333.72636502503	334.560696142396	0.908233175371819	-21241.4591730499	93.367551578188	53.9176262175858	-1.35850536937808
0.0750000000000001	9668.14277884234	-449.073119510249	-427.623224291623	0.0365681673972722	12395.3856010926	224.536559755119	267.047598163142	1.17528077353496	-22063.528379935	224.536559755131	183.572482374145	-1.17493288700394
0.0760000000000001	7032.73440950682	-427.093916603213	-428.036672858811	-0.391468505461539	12121.5439174206	93.3675515781762	159.410301154499	1.33469107468946	-19154.2783269274	333.726365025038	275.130755153741	-0.899802131850197
0.0770000000000001	3295.84351588026	-363.307785400759	-388.506623928887	-0.779975129390426	10528.3642318155	-46.9409230772239	18.4987062384181	1.35318978092788	-13824.2077476957	410.248708477984	339.197288931622	-0.560604842918575
0.0780000000000001	-1710.57943458752	-263.958556849094	-291.692885712785	-1.07166801510321	9187.85783828511	-182.654493125183	-118.152868216798	1.23503691271108	-7477.27840369759	446.613049974277	391.220364545815	-0.16938447837276
0.0790000000000001	-6163.69717864139	-138.771225645631	-170.695681305525	-1.24236369640874	8605.64571983393	-300.488568757363	-242.184285194065	0.992852627517015	-2441.94854119254	439.259794402994	420.664570012916	0.251280091640156
0.0800000000000001	-8141.42073994227	7.51754214434186E-12	-53.8174234677147	-1.29618111987645	7679.18289138535	-388.908729652605	-346.185704577628	0.646666922939388	462.237848556923	388.908729652597	401.326563345849	0.652606654986005
0.0810000000000001	-7089.85103809507	138.771225645645	61.2320605905612	-1.23494905928589	4941.57272496157	-439.259794402997	-409.940594958244	0.236726327981144	2148.27831313349	300.488568757352	331.892951804188	0.984499606790192
0.0820000000000001	-4108.82348946797	263.958556849107	185.966461106421	-1.04898259817947	110.458463912461	-446.613049974276	-419.412214268379	-0.182685886287236	3998.36502555551	182.654493125168	230.130230554551	1.21462983734474
0.0830000000000001	-1063.73114964323	363.307785400768	305.058167238147	-0.743924430941322	-5427.94389863202	-410.248708477978	-390.654043263084	-0.573339929550319	6491.67504827525	46.9409230772089	103.825706003778	1.31845554334852
0.0840000000000001	984.850969936006	427.093916603217	390.566500721811	-0.353357930219511	-9592.29519564557	-333.726365025029	-342.632535879925	-0.915972465430244	8607.44422570957	-93.3675515781895	-36.880938826495	1.28157460452203
0.0850000000000001	2489.24721816514	449.073119510249	429.218935979649	0.0758610057601379	-11235.4203094429	-224.536559755119	-271.143051647012	-1.18711551707726	8746.17309127777	-224.536559755131	-169.510772403785	1.11206383211824
0.0860000000000001	4753.96676382985	427.093916603212	427.436464909665	0.503297470669803	-10800.574691261	-93.3675515781733	-158.669189103025	-1.34578470618028	6046.60792743118	-333.72636502504	-268.262531776026	0.843801300342215
0.0870000000000001	8591.43722716045	363.307785400759	376.723364886983	0.880020835556786	-9873.26448773911	46.9409230772254	-20.4841677479368	-1.36626887392822	1281.82726057866	-410.248708477985	-342.996231001602	0.500805069340613
0.0880000000000001	13357.1113276832	263.958556849094	277.559701671613	1.1575805372284	-9618.32177986376	182.654493125183	114.683923410213	-1.251584950518	-3738.78954781945	-446.613049974277	-404.95866246316	0.0958464068774526
0.0890000000000001	17072.4756234322	138.771225645631	163.452044609418	1.32103258183782	-10030.2623207137	300.488568757363	242.040918300774	-1.00954403221723	-7042.21330271848	-439.259794402994	-434.256396319182	-0.33840998944173
0.0900000000000001	18132.6568522831	-9.06652530829888E-12	53.6695841540624	1.37470216599188	-9854.2519425697	388.908729652605	350.416375184838	-0.659127657032393	-8278.40490971341	-388.908729652597	-409.699434138645	-0.748109423580375
0.0910000000000001	16099.8838834074	-138.771225645647	-56.9235604034484	1.31777860558843	-7493.28216583113	439.259794402997	415.62343091833	-0.243504226114063	-8606.60171757627	-300.488568757351	-335.311250049338	-1.08342067362971
0.0920000000000001	12347.457576061	-263.958556849107	-179.069093515216	1.13870951207321	-2697.85651242115	446.613049974276	426.536164813676	0.183031938699612	-9649.60106363981	-182.654493125168	-226.908898805312	-1.31032957243503
0.0930000000000001	8795.36993852748	-363.307785400768	-299.814579657667	0.838894932415548	3027.12981507339	410.248708477978	396.078423026093	0.579110361725705	-11822.4997536009	-46.940923077209	-97.9318742726358	-1.40826144670766
0.0940000000000001	6707.64975721061	-427.093916603218	-390.88843646641	0.448006495949138	7387.86070546956	333.726365025027	345.249810860338	0.924360172586043	-14095.5104626802	93.3675515781926	43.1723879906145	-1.36508905871705
0.0950000000000001	5627.84758039597	-449.073119510249	-433.852736448746	0.0141537595003921	9244.21308087225	224.536559755117	272.336205064515	1.19669637765056	-14872.0606612682	224.536559755134	177.866925324376	-1.18722213339267
0.0960000000000001	4097.61980630694	-427.093916603212	-435.929544957552	-0.42177578545716	8813.79521147018	93.3675515781733	159.570920321298	1.35626729797186	-12911.4150177771	333.726365025039	275.985348174422	-0.911236785218248
0.0970000000000001	1294.4860906579	-363.307785400759	-392.113966101252	-0.813889751558412	7559.22319395792	-46.9409230772254	19.0430950754521	1.37531039304731	-8853.70928461582	410.248708477985	346.273045732911	-0.564963739485337
0.0980000000000001	-2538.50159047437	-263.958556849091	-296.108199143599	-1.10999795070201	6702.92947369049	-182.654493125186	-117.521174385951	1.25778921866136	-4164.42788321612	446.613049974277	402.656784644927	-0.162306954840409
0.0990000000000001	-5937.89573905017	-138.77122564563	-176.092800260598	-1.28609075096261	6579.52108868067	-300.488568757364	-242.858715036769	1.01493050362459	-641.625349630496	439.259794402994	430.607566804283	0.268300611963874
0.1	-7362.04871688369	9.02389274415327E-12	-57.0902681603283	-1.34318101912294	6237.79028306807	-388.908729652606	-348.663459547535	0.666267044077053	1124.25843381562	388.908729652597	408.682129608528	0.676982741572402
0.101	-6368.34561171696	138.771225645647	61.499436665253	-1.28168158245768	4375.29502086819	-439.259794402997	-414.931381966739	0.251335662110315	1993.05059084877	300.488568757351	337.298109288637	1.01428085086104
0.102	-3872.66869784586	263.958556849108	188.589263558385	-1.0930923188993	673.300676415198	-446.613049974275	-427.02727899384	-0.175691616883525	3199.36802143067	182.654493125168	234.204735577758	1.2484855864388
0.103	-1481.26194800996	363.30778540077	308.592157436516	-0.784500161462784	-3671.82148484247	-410.248708477977	-399.63454247192	-0.575326159355446	5153.08343285243	46.9409230772074	107.057053425627	1.35554263986442
0.104	-47.8257866222476	427.093916603218	394.929280134222	-0.389570881328562	-6904.76408766741	-333.726365025028	-349.595700997401	-0.924921860352847	6952.58987428966	-93.3675515781894	-34.1091849300221	1.3214334549344
0.105	836.584218745792	449.073119510249	434.989863351113	0.0454189820225515	-8095.06074187716	-224.536559755117	-274.214859845496	-1.19913672019834	7258.47652313137	-224.536559755132	-168.733909116136	1.15269954581827
0.106	2297.2864309446	427.093916603212	434.386901317104	0.479805883339655	-7614.67093624396	-93.3675515781718	-159.54458933809	-1.35868130953643	5317.38450529935	-333.72636502504	-271.849407859521	0.880850137958744
0.107	5089.43157486003	363.307785400757	386.237747525209	0.866043630864864	-6755.67088177894	46.9409230772285	-20.0278445808255	-1.37870915411726	1666.23930691891	-410.248708477985	-348.710103648174	0.53214003431057
0.108	8747.9456776266	263.958556849092	288.721089270905	1.15476472013577	-6507.70772055162	182.654493125184	115.52693612582	-1.26318221799144	-2240.23795707498	-446.613049974277	-410.405339254619	0.121734695055951
0.109	11670.3717089598	138.771225645629	172.6314721279	1.32739619226367	-6926.00060904605	300.488568757365	242.511675267058	-1.02067054272438	-4744.37109991375	-439.259794402994	-438.462356925657	-0.316727661869707
0.11	12522.9726841378	-1.05444541986799E-11	57.3279224580898	1.38472411472176	-6953.57252280483	388.908729652607	350.256312283486	-0.670414230440894	-5569.40016133299	-388.908729652597	-413.616903862642	-0.730344565732349
0.111	10982.9251728317	-138.77122564565	-59.1403112413236	1.32558380348044	-5286.41864336662	439.259794402999	417.559372227041	-0.252854858213853	-5696.50652946511	-300.488568757349	-339.282934331832	-1.06962750006418
0.112	8082.5239783167	-263.95855684911	-185.060370560049	1.14052343292039	-1607.50627815985	446.613049974275	430.463393778416	0.177608535564564	-6475.01770015685	-182.654493125166	-232.54350210404	-1.30217100216822
0.113	5441.84111555291	-363.307785400769	-305.831213411233	0.834692219509154	2814.46781828691	410.248708477977	402.504366239089	0.580112901803653	-8256.30893383982	-46.940923077209	-103.783588325934	-1.40595459049415
0.114	4006.63832935028	-427.093916603219	-395.007630029984	0.43968458947917	6101.73802083782	333.726365025023	351.289241301573	0.931402143105227	-10108.3763501881	93.367551578194	37.5196179903416	-1.36843497250381
0.115	3391.41570245272	-449.073119510249	-437.383605291022	0.00230098418814759	7339.33063716207	224.536559755114	275.429635649277	1.2068317787545	-10730.7463396148	224.536559755134	173.433583489887	-1.19500138901393
0.116	2372.62082682153	-427.093916603211	-439.022811573435	-0.436721827385287	6803.79561511507	93.3675515781688	160.458818378449	1.36729059713295	-9176.4164419366	333.726365025041	276.195299365705	-0.91880608964822
0.117	156.115274833578	-363.307785400758	-394.511565146645	-0.831233392531932	5727.10422780879	-46.9409230772284	19.5098573064669	1.38680045443942	-5883.21950264237	410.248708477985	350.490082735154	-0.568316006913066
0.118	-2975.37879211216	-263.958556849089	-298.889732527987	-1.13012312505992	5126.49597615032	-182.65449312519	-117.007961628899	1.26979249281052	-2151.11718403816	446.613049974278	409.151666958883	-0.159164339954183
0.119	-5733.88773541449	-138.771225645628	-179.656844173096	-1.30977996923301	5250.4210646326	-300.488568757366	-243.2792521844	1.02651324062612	483.466670781883	439.259794402994	436.191571127463	0.27702723117328
0.12	-6789.05195192909	1.21076482173521E-11	-59.3308634833771	-1.36911083271639	5206.81965238945	-388.908729652608	-349.746152015092	0.676767088611028	1582.23229953964	388.908729652596	412.969633497052	0.689996864670332
0.121	-5781.69899738156	138.771225645651	61.5235745176885	-1.3075872581987	3801.9439412031	-439.259794402999	-417.165494726157	0.259601593884871	1979.75505617846	300.488568757348	340.620953887396	1.03061781855773
0.122	-3550.68048537995	263.958556849111	190.155798844	-1.1174314593547	740.77007637397	-446.613049974275	-431.00755184788	-0.171405957963009	2809.91040900598	182.654493125165	236.785413609549	1.26740323216728
0.123	-1526.4955864051	363.30778540077	310.629424491044	-0.806802034863658	-2910.98595342099	-410.248708477976	-404.586435682552	-0.575992393645561	4437.48153982609	46.9409230772075	109.136349595474	1.37653958176275
0.124	-457.772842641986	427.093916603219	397.455106689737	-0.409346928173922	-5565.9513966836	-333.726365025025	-353.742238750448	-0.929734632396009	6023.72423932558	-93.3675515781924	-32.2987857388473	1.3442407960239
0.125	57.4262692350459	449.073119510249	438.02076881305	0.0286738406391285	-6440.92587176666	-224.536559755113	-276.547668864232	-1.20628230126024	6383.49960253161	-224.536559755135	-168.305139824555	1.17593565619935
0.126	1064.15318516089	427.093916603212	438.123300630686	0.466797141269814	-5887.85272289098	-93.3675515781703	-160.419765264381	-1.36670206652462	4823.69953773009	-333.726365025039	-273.663966222162	0.902271689977187
0.127	3260.80414840537	363.307785400757	391.451556736294	0.858248698006108	-5044.51064582759	46.94092307723	-20.0164861434908	-1.38671855266811	1783.70649742222	-410.248708477985	-351.906637991827	0.550365051985359
0.128	6264.42716957175	263.958556849092	295.146941126551	1.15339563913266	-4782.39157372615	182.654493125185	115.894448832034	-1.27082410383608	-1482.0355958456	-446.613049974277	-413.523567537409	0.13684148444795
0.129	8728.74700823766	138.771225645627	178.103491979555	1.33149913111221	-5188.44698447474	300.488568757368	242.957823338202	-1.02786628049788	-3540.30002376292	-439.259794402994	-440.489095343024	-0.303647610895075
0.13	9442.47049884298	-1.04449782156735E-11	59.5786221980428	1.39107775331026	-5338.87197684284	388.908729652607	350.3140018697	-0.677552278628177	-4103.59852200013	-388.908729652597	-415.896922661628	-0.719544533556703
0.131	8132.28402659435	-138.77122564565	-60.2362105399274	1.33084154277033	-4041.13629480953	439.259794402998	418.383922549134	-0.259168356079043	-4091.14773178482	-300.48856875735	-341.800550629765	-1.06134508418647
0.132	5681.96772141722	-263.95855684911	-188.405528683277	1.14243601408705	-986.87360034479	446.613049974275	432.489865851253	0.17332150977221	-4695.09412107243	-182.654493125166	-236.029757988512	-1.29737484217498
0.133	3546.44230925593	-363.307785400771	-309.348329479235	0.833087684607818	2683.08367011622	410.248708477976	406.059705832059	0.579381215604269	-6229.52597937215	-46.940923077206	-107.434325368265	-1.40480916754325
0.134	2500.66761800637	-427.093916603219	-397.448078658761	0.435639605949056	5332.06720792413	333.726365025023	354.944962882438	0.934326178486707	-7832.7348259305	93.3675515781939	34.272270526317	-1.37053689701693
0.135	2140.06813275838	-449.073119510249	-439.181761003633	-0.00354215505457628	6202.21820435476	224.536559755114	277.469162382829	1.21179534086954	-8342.28633711314	224.536559755133	170.899457950362	-1.19963743906657
0.136	1384.7737442848	-427.093916603211	-440.554956031355	-0.444097111085931	5596.82737181662	93.3675515781689	161.108195283199	1.37290353615274	-6981.60111610143	333.726365025041	276.102184348108	-0.923535254718457
0.137	-494.378258388342	-363.307785400756	-395.811329390425	-0.839908440476355	4610.57334151573	-46.9409230772315	19.9613273576302	1.39286486351037	-4116.19508312739	410.248708477986	352.895744025629	-0.570639510692828
0.138	-3206.20947888026	-263.958556849089	-300.714731432647	-1.140623171909	4142.01574982625	-182.65449312519	-116.699130430082	1.27616573308028	-935.806270945992	446.613049974278	412.754255269204	-0.157885255423624
0.139	-5569.17326231408	-138.771225645628	-182.051487759656	-1.32267465966866	4387.28183555905	-300.488568757366	-243.501657073303	1.03266407600698	1181.89142675503	439.259794402994	439.262749384731	0.281377493961108
0.14	-6389.85642490683	1.20081722343457E-11	-60.8447762971356	-1.38351943596579	4497.65573062451	-388.908729652608	-350.262773586756	0.682401302420225	1892.20069428232	388.908729652596	415.389549463943	0.69676704342505
0.141	-5359.71501726355	138.771225645651	61.5068824216993	-1.32201255354409	3351.25568914945	-439.259794402999	-418.266511029426	0.264134791390799	2008.45932811409	300.488568757349	342.680231497148	1.0394472749222
0.142	-3260.0969235913	263.958556849111	191.130632182472	-1.13088192136162	638.47810930687	-446.613049974275	-432.856865050202	-0.168722073659403	2621.61881428443	182.654493125165	238.508768199032	1.27795604312123
0.143	-1460.15157139288	363.30778540077	312.025144572976	-0.818856776788646	-2598.94886035082	-410.248708477977	-407.291999971007	-0.57601407363041	4059.10043174369	46.9409230772076	110.516825488982	1.38847286861021
0.144	-597.474029471417	427.093916603219	398.713198930936	-0.42014357785771	-4906.42170110667	-333.726365025025	-356.300627050338	-0.932314700680748	5503.89573057809	-93.3675515781923	-31.2750641670063	1.35719780444321
0.145	-282.286964203442	449.073119510249	439.583525088114	0.0194399472304037	-5578.17198212779	-224.536559755113	-278.041578506669	-1.21035627918742	5860.45894633123	-224.536559755135	-167.890887015213	1.18930691742799
0.146	467.588834014067	427.093916603211	439.975036639977	0.459414983870381	-4968.96612470816	-93.3675515781674	-161.200025889606	-1.37155630507702	4501.37729069409	-333.726365025041	-274.79479301503	0.914512124412962
0.147	2318.25529353944	363.307785400755	394.341159558241	0.853756143428622	-4110.70674963438	46.940923077233	-20.2192893511111	-1.39177559442813	1792.45145609494	-410.248708477987	-353.673396512787	0.560838727900175
0.148	4946.34883826954	263.95855684909	298.89832552712	1.15265446895574	-3828.09046979342	182.654493125188	116.157332405549	-1.27561826202259	-1118.25836847612	-446.613049974277	-415.088682738793	0.145750045161382
0.149	7130.66026268886	138.771225645624	181.321989602925	1.33397645855867	-4228.07729287548	300.48856875737	243.247612854902	-1.03237064916768	-2902.58296981338	-439.259794402993	-441.729981960585	-0.295979936799203
0.15	7741.44482836382	-1.35145228341571E-11	61.141928502259	1.39511838706093	-4427.76841227368	388.908729652609	350.377462575863	-0.68199318659182	-3313.67641609014	-388.908729652595	-417.038867095104	-0.713018803894306
0.151	6536.28528546542	-138.771225645652	-60.808837545909	1.33430954951502	-3332.07120008869	439.259794402999	418.703339118234	-0.263289847473586	-3204.21408537673	-300.488568757347	-343.429814758746	-1.05644861865305
0.152	4324.49030510517	-263.958556849109	-190.299622507635	1.14400992700738	-628.42807068322	446.613049974275	433.513707068767	0.170223859595181	-3696.06223442195	-182.654493125167	-238.183956367877	-1.29463257502093
0.153	2466.65305953257	-363.307785400773	-311.339485558604	0.832670441448777	2614.32905133552	410.248708477974	408.024232783208	0.578248092378389	-5080.98211086809	-46.9409230772029	-109.617493910181	-1.40425006893111
0.154	1624.73771990618	-427.093916603219	-398.766912848916	0.433903528599861	4902.77361620912	333.726365025023	356.955166810247	0.935203259188636	-6527.5113361153	93.3675515781938	32.2761351917082	-1.3719739337394
0.155	1413.00759322054	-449.073119510249	-440.151597103787	-0.00624806850392596	5548.57870372875	224.536559755111	278.79961309793	1.21400287228657	-6961.58629694929	224.536559755136	169.44889591767	-1.20252503782173
0.156	808.707190256642	-427.09391660321	-441.211891049758	-0.447459959553684	4888.54661241325	93.3675515781658	161.795644060533	1.3757985163471	-5697.25380266989	333.726365025043	276.162182489474	-0.926362855332258
0.157	-866.679873672481	-363.307785400754	-396.660424443844	-0.844120383997528	3940.75876662077	-46.9409230772345	20.2781481176402	1.39607666446474	-3074.07889294829	410.248708477987	354.204161385845	-0.572158693946414
0.158	-3330.24242668084	-263.958556849086	-301.925630628674	-1.1460460146262	3539.85521245851	-182.654493125193	-116.567865266946	1.27950879919779	-209.612785777672	446.613049974278	414.691204245883	-0.157467489700531
0.159	-5461.84811594566	-138.771225645625	-183.552481972572	-1.32959849659877	3851.02748415157	-300.488568757369	-243.68152239017	1.03582727680762	1610.8206317941	439.259794402993	440.922885397409	0.283455395696878
0.16	-6129.20985660756	1.50492951433989E-11	-61.8890446132323	-1.39148754121201	4035.94132170759	-388.908729652609	-350.492584220884	0.68533469258674	2093.26853489997	388.908729652594	416.754657197528	0.700210052894406
0.161	-5063.87161645193	138.771225645654	61.4733566670309	-1.33001418454498	3013.2518806704	-439.259794402999	-418.570815934462	0.266763876652278	2050.61973578152	300.488568757346	343.973151500656	1.04418320439506
0.162	-3038.0640341086	263.958556849111	191.753640395915	-1.13826054414906	502.558116169781	-446.613049974275	-433.798951526024	-0.167035074873746	2535.50591793882	182.654493125165	239.609582780246	1.28379278717531
0.163	-1353.70160800806	363.307785400772	312.803954055938	-0.825456590093124	-2501.4696757921	-410.248708477975	-408.690720942488	-0.575725795816233	3855.17128380016	46.9409230772046	111.447944143246	1.39524073131855
0.164	-617.152013044704	427.093916603221	399.515685311709	-0.425940904781415	-4594.17592300767	-333.72636502502	-357.777065125951	-0.933502860942185	5211.32793605237	-93.3675515781984	-30.5852900059387	1.36465544131262
0.165	-426.630284124543	449.073119510249	440.301479400048	0.014360574618633	-5126.85054933902	-224.536559755113	-279.23781244651	-1.21274067338869	5553.48083346357	-224.536559755135	-167.78965724434	1.19686578406828
0.166	178.775610102722	427.09391660321	440.951452254289	0.455312026872922	-4467.01070387439	-93.3675515781644	-161.795705377711	-1.37453637876641	4288.23509377167	-333.726365025044	-275.341785336533	0.921523998731744
0.167	1836.11497322629	363.307785400753	395.867927780336	0.851179954653258	-3594.50173342228	46.9409230772361	-20.4351104368548	-1.39497148920326	1758.38676019598	-410.248708477988	-354.674299432723	0.56684969929902
0.168	4242.53981573562	263.958556849088	301.058599405523	1.15223855405878	-3297.606093536	182.654493125191	116.292492638802	-1.27867899656446	-944.933722199622	-446.613049974278	-416.001475843663	0.150848223455358
0.169	6267.51240240372	138.771225645624	183.30479289795	1.33554334695673	-3682.68273172335	300.48856875737	243.51332086025	-1.03516567570421	-2584.82967068037	-439.259794402993	-442.172440654513	-0.291324217199156
0.17	6812.45155114632	-1.34292577058659E-11	62.0775510342795	1.39762089799101	-3918.38721081359	388.908729652608	350.485460291208	-0.684680215413	-2894.06434033273	-388.908729652595	-417.752710990329	-0.709076928189485
0.171	5653.24693844688	-138.771225645655	-61.1054379321492	1.33651546005886	-2929.01793728093	439.259794403	418.78541478019	-0.265894800632809	-2724.22900116595	-300.488568757345	-344.4240983499	-1.05350102653938
0.172	3561.97707094572	-263.958556849114	-191.372770539972	1.14514268951889	-417.731251092049	446.613049974274	433.96262061227	0.168067819979461	-3144.24581985367	-182.654493125161	-239.538563008898	-1.29303958954828
0.173	1860.45729140639	-363.307785400773	-312.594707533104	0.832547981985786	2577.93171987145	410.248708477974	409.036803374688	0.577104623354149	-4438.38901127784	-46.940923077203	-111.01964773241	-1.40405923728069
0.174	1144.81824501685	-427.09391660322	-399.519799454548	0.433028182531238	4645.1983264196	333.726365025022	358.27515080895	0.935379774163098	-5790.01657143644	93.3675515781968	31.1767249357022	-1.37288251234499
0.175	1006.68288044927	-449.073119510249	-440.519640979361	-0.00749145844812337	5158.97217785883	224.536559755106	279.709510095153	1.21508928425825	-6165.6550583081	224.536559755142	168.639714756077	-1.20424279758891
0.176	481.948711999192	-427.09391660321	-441.538541428512	-0.449029999876636	4467.43817139599	93.3675515781659	162.205349591582	1.37729463384983	-4949.38688339519	333.726365025042	276.154362523522	-0.928088435065392
0.177	-1081.89968055773	-363.307785400752	-397.032894593192	-0.846062894469828	3539.99979939504	-46.9409230772376	20.5584148314948	1.39785304868133	-2458.10011883731	410.248708477988	354.982883078696	-0.573105551986696
0.178	-3397.06646644936	-263.958556849087	-302.737845319392	-1.14880073978922	3171.06821458821	-182.654493125193	-116.517703831137	1.28133534485019	225.998251861153	446.613049974278	415.710174332366	-0.15739537765433
0.179	-5383.21108601481	-138.771225645622	-184.610347001149	-1.33341108679037	3510.4224827461	-300.488568757371	-243.81938888829	1.0375159559619	1872.78860326871	439.259794402992	441.778060754546	0.284382683100216
0.18	-5958.47471645193	1.81898940354586E-11	-62.5761233015678	-1.39598721009194	3734.19926061376	-388.908729652611	-350.636281473878	0.686879674488022	2224.27545583818	388.908729652593	417.479656598237	0.701862339698452
0.181	-4872.26926928791	138.771225645654	61.469371469119	-1.33451783862282	2789.14922734238	-439.259794403	-418.74439463819	0.268135279849832	2083.12004194553	300.488568757346	344.786304558929	1.04664864425738
0.182	-2875.94492599543	263.958556849113	192.16897184181	-1.14234886678101	382.112209923101	-446.613049974275	-434.089943611535	-0.165954663761703	2493.83271607233	182.654493125162	240.395116854959	1.28704376111234
0.183	-1271.4297804032	363.307785400776	313.446277991851	-0.828902588789157	-2478.06342321666	-410.248708477972	-409.420530356096	-0.575375194117799	3749.49320361986	46.9409230771983	112.075012110173	1.39911877322251
0.184	-601.219160813843	427.093916603221	399.829983100665	-0.429072605688491	-4445.3379009043	-333.72636502502	-358.72079047065	-0.934095984588449	5046.55706171814	-93.3675515781983	-30.2357420879265	1.36888303113459
0.185	-470.740842439492	449.073119510249	440.62269226853	0.0115500865800394	-4895.38607864054	-224.536559755107	-279.931280834332	-1.21402726542278	5366.12692108004	-224.53655975514	-167.638764375597	1.20124426675899
0.186	53.4961321255599	427.09391660321	441.303982880289	0.452854069460328	-4206.15739898739	-93.3675515781644	-162.306399390166	-1.37633366481295	4152.66126686183	-333.726365025044	-275.815746323183	0.925428520435807
0.187	1596.3781367911	363.307785400753	396.735679021755	0.849589748482083	-3315.92584308861	46.940923077236	-20.6246646317827	-1.39695832944473	1719.54770629751	-410.248708477988	-355.216283774617	0.57021223666119
0.188	3876.83445978518	263.958556849082	302.406649719925	1.15199639820201	-3004.36418230229	182.654493125197	116.467700377521	-1.28049062906721	-872.470277482889	-446.613049974278	-416.331944552214	0.153880292108976
0.189	5800.11771640602	138.771225645624	184.465556006659	1.33646195420867	-3384.61969336448	300.48856875737	243.667079169231	-1.03682354989798	-2415.49802304154	-439.259794402993	-442.536698953183	-0.288656406844207
0.19	6298.09328316444	-1.97104554899852E-11	62.762399307601	1.39922435351627	-3625.9456361388	388.908729652611	350.552251050555	-0.686271298847422	-2672.14764702564	-388.908729652592	-418.018340358571	-0.706674747202778
0.191	5155.25960092168	-138.771225645658	-61.2629661585697	1.3379613873577	-2695.35994418848	439.259794403001	418.771562854794	-0.267499735992628	-2459.8996567332	-300.488568757343	-345.084211541054	-1.05175895874383
0.192	3128.95359528892	-263.958556849114	-192.035744155365	1.14592564320233	-293.873091802368	446.613049974274	434.143891450624	0.166644155457996	-2835.08050348656	-182.654493125161	-240.40653799647	-1.2921654967403
0.193	1510.45385897928	-363.307785400775	-313.291467433698	0.832634175768635	2564.90897239437	410.248708477973	409.564464980996	0.576208620438992	-4075.36283137365	-46.9409230772	-111.851955914299	-1.4040174526546
0.194	851.859794686991	-427.09391660322	-399.891508483375	0.43274266728526	4515.12014721252	333.726365025021	358.919162147229	0.93512778258622	-5366.97994189951	93.3675515781967	30.4673307658743	-1.37355012188873
0.195	762.787893744732	-449.073119510249	-440.71792094945	-0.00797525366419011	4945.76602576671	224.536559755106	280.3238954471	1.21545167803332	-5708.55391951144	224.536559755141	168.222733040091	-1.20532738884863
0.196	286.380066459152	-427.093916603208	-441.572825621153	-0.449548079285343	4228.44435088369	93.3675515781599	162.653717321167	1.37810539535449	-4514.82441734284	333.726365025047	276.282189411339	-0.929045199437296
0.197	-1205.58910053515	-363.307785400752	-397.341993275613	-0.846890072560956	3304.49087686694	-46.9409230772375	20.7266997389666	1.39883209509345	-2098.90177633179	410.248708477988	355.378977883574	-0.573666221553721
0.198	-3432.71678366753	-263.958556849084	-303.336530546812	-1.15022660310777	2953.8326389681	-182.654493125195	-116.599335117618	1.28223275997584	478.884144699432	446.613049974279	416.19779189604	-0.157468429657682
0.199	-5339.72284182247	-138.771225645619	-185.210177615346	-1.33543678072311	3308.43121076307	-300.488568757373	-243.91038877552	1.03832237120032	2031.2916310594	439.259794402991	442.211666750206	0.284743237092524
0.2	-5853.88093818758	1.80193637788761E-11	-63.0576984660975	-1.39849447918921	3548.53098906475	-388.908729652611	-350.708534230286	0.68761383697003	2305.34994912282	388.908729652593	417.874558038615	0.702617795131139
0.201	-4743.11357223545	138.77122564566	61.4708566887812	-1.33702362250043	2631.20725402262	-439.259794403001	-418.634719419283	0.268979117550747	2111.90631821283	300.488568757339	345.312927882923	1.04793072301406
0.202	-2767.80115150902	263.958556849113	192.46568544898	-1.14455793705145	289.886781024233	-446.613049974275	-434.24606751027	-0.165266949959523	2477.91437048479	182.654493125159	240.895235823375	1.28882595883744
0.203	-1195.43613137726	363.307785400776	313.759497052938	-0.830798439998512	-2494.84185459539	-410.248708477972	-409.738561620184	-0.575005511579708	3690.27798597265	46.9409230771984	112.518178824668	1.40134413766211
0.204	-570.308973550739	427.093916603222	400.112471277633	-0.430685968720878	-4383.114020491	-333.726365025018	-359.227935148757	-0.934233446728464	4953.42299404174	-93.3675515782013	-29.9677537550576	1.37137638390705
0.205	-484.311222957989	449.073119510249	440.696332625829	0.010010363904951	-4773.89595199456	-224.536559755105	-280.566376155514	-1.21479982288398	5258.20717495255	-224.536559755143	-167.708695055543	1.2036676888515
0.206	-5.47153500977998	427.093916603208	441.498119675097	0.451508483580048	-4058.08932593749	-93.3675515781583	-162.654472541482	-1.37745429542546	4063.56086094727	-333.726365025048	-276.009604016556	0.927658084834949
0.207	1476.54692623846	363.307785400749	397.155366304967	0.848663849885015	-3159.20011668796	46.9409230772422	-20.7628351972662	-1.39821713062273	1682.6531904495	-410.24870847799	-355.540375316898	0.572117709518052
0.208	3680.1957089393	263.958556849085	303.169655120215	1.15183350500523	-2839.04991683101	182.654493125194	116.535547680934	-1.28168158294179	-841.145792108288	-446.613049974278	-416.577129832584	0.155540579685468
0.209	5550.82816967003	138.771225645621	185.242285714633	1.33707579071986	-3209.34164797586	300.488568757372	243.863150877088	-1.03781843206471	-2341.48652169417	-439.259794402992	-442.50004557893	-0.286959465893462
0.21	6021.14392810948	-1.95825577975484E-11	63.1435948458818	1.40021938556574	-3464.19732737833	388.908729652612	350.649572715154	-0.687168859349551	-2556.94660073115	-388.908729652592	-418.242327525299	-0.705201793418761
0.211	4884.023647918	-138.771225645658	-61.3687627409785	1.33885062282477	-2562.61681390546	439.259794403001	418.702726656942	-0.268466132692609	-2321.40683401255	-300.488568757343	-345.482525159649	-1.05068431857841
0.212	2887.28766004174	-263.958556849117	-192.426944014022	1.14642367881074	-218.480619950526	446.613049974274	434.154717575032	0.165688584882423	-2668.80704009121	-182.654493125158	-240.968387151385	-1.29165270572979
0.213	1317.60884392101	-363.307785400776	-313.806949025512	0.832616729785231	2558.01932224651	410.248708477972	409.785636524242	0.575474221406665	-3875.62816616752	-46.9409230771969	-112.446410526486	-1.40409911625628
0.214	703.442501411923	-427.093916603222	-400.11673523421	0.432499994551021	4429.17004563476	333.726365025017	359.438030688271	0.934912252094936	-5132.61254704668	93.3675515782028	30.1327112416614	-1.37396640501462
0.215	632.510454403429	-449.07311951025	-440.684362480235	-0.00818436792921398	4812.97687836128	224.536559755103	280.764764399976	1.21567701649491	-5445.48733276471	224.536559755144	168.014954651968	-1.20595145036265
0.216	178.998095641201	-427.093916603209	-441.583940481725	-0.449768308410939	4083.76267036264	93.367551578163	162.87669241405	1.37855370890896	-4262.76076600384	333.726365025044	276.322758257774	-0.929628692104878
0.217	-1278.63161623139	-363.307785400749	-397.406976886511	-0.847175285297449	3165.14390857896	-46.9409230772437	20.8725828098462	1.39942629171881	-1886.51229234758	410.248708477991	355.649433865997	-0.573979258238881
0.218	-3451.51301892734	-263.958556849084	-303.750991048172	-1.15092627634562	2820.25501361004	-182.654493125195	-116.659597797359	1.28276669392145	631.258005317297	446.613049974278	416.421298934672	-0.157557959304208
0.219	-5305.61182944689	-138.771225645619	-185.682327978495	-1.33660860432412	3178.39697007405	-300.488568757373	-244.000793591089	1.03876590033036	2127.21485937284	439.259794402992	442.395573465668	0.28483761416146
0.22	-5786.22136131459	2.11457518162206E-11	-63.3649446331952	-1.39997354895731	3428.26720834753	-388.908729652612	-350.783375649722	0.687982524680638	2357.95415296706	388.908729652591	418.054531193999	0.702892145355459
0.221	-4665.74411953509	138.77122564566	61.4953306646342	-1.33847821829268	2537.28483509094	-439.259794403001	-418.637859222924	0.269344665457714	2128.45928444415	300.488568757342	345.650568421489	1.04854271377695
0.222	-2692.93630474034	263.958556849118	192.680202739051	-1.14579801555363	223.994375745756	-446.613049974274	-434.159684660912	-0.164815019203198	2468.94192899458	182.654493125157	241.291028546127	1.28983374232308
0.223	-1152.9410368927	363.307785400777	314.111953281671	-0.831686062271957	-2508.56285757581	-410.248708477971	-409.889524549961	-0.574704543753158	3661.50389446851	46.9409230771954	112.823837861988	1.40265758018506
0.224	-546.89830734023	427.093916603222	400.141200197822	-0.431544862074135	-4353.53999253147	-333.726365025016	-359.591894984943	-0.934296438738102	4900.43829987169	-93.3675515782043	-29.8729280344807	1.37278465215058
0.225	-475.519355473548	449.073119510249	440.693464993037	0.00914860291890243	-4713.85574492435	-224.536559755102	-280.873918840281	-1.21517035757838	5189.3751003979	-224.536559755145	-167.669282580744	1.20511536956984
0.226	-21.9510555132715	427.093916603209	441.451922204332	0.450600525123235	-3986.79985260763	-93.3675515781615	-162.968087164184	-1.37813844474257	4008.7509081209	-333.726365025046	-276.284344533966	0.928831025035873
0.227	1421.191072783	363.307785400752	397.418621433587	0.848019146556821	-3077.24001031819	46.9409230772389	-20.8705113260854	-1.39900895606865	1656.04893753519	-410.248708477989	-355.7092737795	0.573121751256373
0.228	3582.52708002992	263.958556849078	303.713975820529	1.15173312237735	-2748.1059722308	182.654493125202	116.675134913136	-1.28233382115552	-834.421107799113	-446.613049974279	-416.552186848153	0.15656956440822
0.229	5414.98299752642	138.771225645618	185.691025894805	1.33742414827216	-3117.84649464966	300.488568757374	243.9684645468	-1.03836535660872	-2297.13650287676	-439.259794402992	-442.605472254697	-0.286035907846478
0.23	5865.10886289916	-2.26663132707472E-11	63.46424973659	1.40088839800875	-3367.76269006378	388.908729652613	350.700605003355	-0.687664751605362	-2497.34617283537	-388.90872965259	-418.239331589027	-0.704275239435504
0.231	4726.61749064998	-138.771225645661	-61.4275666379331	1.33946083137081	-2483.17283959531	439.259794403001	418.635988998297	-0.269028762607065	-2243.44465105467	-300.488568757341	-345.769594540416	-1.05004483397592
0.232	2747.33188063152	-263.958556849119	-192.710195576751	1.14675063579406	-174.146542105639	446.613049974274	434.117881245511	0.165089118638446	-2573.18533852588	-182.654493125155	-241.357952384465	-1.29140278636038
0.233	1201.66244079043	-363.307785400778	-314.070812687339	0.832679823106722	2559.69203423165	410.24870847797	409.886112143072	0.574975230781518	-3761.35447502208	-46.9409230771939	-112.779402824751	-1.40418218918514
0.234	599.441892593472	-427.093916603221	-400.20442268166	0.432475400425062	4396.1980856556	333.726365025019	359.609925537211	0.934585156318729	-4995.63997824907	93.3675515781996	29.8703935932161	-1.37431179559192
0.235	547.302086351928	-449.073119510249	-440.683939525582	-0.00820853910052036	4748.28428795757	224.536559755101	281.071804682946	1.21565696100168	-5295.58637430949	224.536559755147	167.94723561373	-1.20636455997819
0.236	110.221628373715	-427.093916603206	-441.469832916106	-0.449678372016627	4006.71830755532	93.3675515781538	163.174415513216	1.37883137651489	-4116.93993592903	333.726365025051	276.469434384571	-0.929895125593619
0.237	-1320.11849202082	-363.307785400751	-397.539408032549	-0.847217780049175	3084.64624754389	-46.9409230772405	20.9497178310267	1.39978109434592	-1764.52775552306	410.248708477989	355.763731024867	-0.574131394568752
0.238	-3462.33601925137	-263.958556849082	-304.042942662932	-1.15126072271211	2744.48598402344	-182.654493125198	-116.760476040461	1.28302061830546	717.850035227922	446.613049974279	416.498851932637	-0.157632542636114
0.239	-5291.24720584766	-138.771225645611	-185.951029578186	-1.33721175229029	3106.76809826863	-300.48856875738	-244.099594208727	1.03892102409673	2184.47910757903	439.25979440299	442.448532142342	0.284815989506227
0.24	-5747.53063967377	2.41726638705586E-11	-63.5942791845519	-1.40080603147485	3358.82363166836	-388.908729652614	-350.826105597896	0.688094918498835	2388.70700800541	388.90872965259	418.146526137121	0.702962515643349
0.241	-4612.28684797648	138.771225645663	61.5166965801774	-1.33928933489467	2468.9004989942	-439.259794403001	-418.476497590487	0.269618420908348	2143.38634898227	300.488568757339	345.880345189612	1.04884286083296
0.242	-2647.23468107939	263.958556849121	192.85287022725	-1.14643646466742	179.358177406233	-446.613049974274	-434.143683943812	-0.164525263035464	2467.87650367315	182.654493125154	241.536031468154	1.29037889230111
0.243	-1112.01261135483	363.307785400779	314.235157366923	-0.832201307300494	-2531.10277281075	-410.24870847797	-409.9059944442	-0.574431257479665	3643.11538416558	46.9409230771923	113.051932729869	1.40343082503098
0.244	-523.846186969144	427.093916603223	400.269734306385	-0.43193157299411	-4346.59732076275	-333.726365025014	-359.752226379741	-0.934183483859406	4870.4435077319	-93.3675515782074	-29.7599434648295	1.37367088156615
0.245	-471.121861964116	449.073119510249	440.615749727712	0.0086841767336025	-4681.01486490603	-224.536559755105	-281.242817589633	-1.21542630144904	5152.13672687015	-224.536559755143	-167.799770891921	1.20587111067423
0.246	-31.5896927292782	427.093916603208	441.455332073885	0.450139508807488	-3940.46992676126	-93.3675515781585	-163.161687909951	-1.37858798935899	3972.05961949054	-333.726365025048	-276.360037649789	0.929511073024445
0.247	1393.55088110085	363.307785400746	397.509804567948	0.847649313375436	-3027.94090670542	46.9409230772483	-20.9447136817316	-1.39953270304072	1634.39002560457	-410.248708477993	-355.827255816207	0.573683817208238
0.248	3527.41124480364	263.95855684908	303.999540010772	1.15164885338621	-2695.59772777285	182.654493125199	116.720912469607	-1.28281179057111	-831.813517030791	-446.613049974279	-416.615798675006	0.157068018533232
0.249	5344.53848520114	138.771225645615	186.044162971356	1.33769301635756	-3058.61991180264	300.488568757376	244.125983484836	-1.03868580708628	-2285.9185733985	-439.259794402991	-442.438381060995	-0.285370362527764
0.25	5784.38526904663	-2.57216470345156E-11	63.6148621041457	1.40130787846171	-3316.91696808763	388.908729652615	350.780705658518	-0.68790510142776	-2467.468300959	-388.908729652589	-418.318920036746	-0.70368928256451
0.251	4644.9202359138	-138.771225645658	-61.4870066500954	1.33982087181161	-2439.09446349101	439.259794403	418.556702777885	-0.269348398649875	-2205.82577242279	-300.488568757343	-345.936694961057	-1.04962597752557
0.252	2670.97027224079	-263.958556849117	-192.885157275787	1.14693571453583	-145.916964606403	446.613049974274	434.0287255837	0.164680326933825	-2525.05330763439	-182.654493125158	-241.620771090236	-1.2912467486158
0.253	1141.86977279099	-363.307785400776	-314.329460083516	0.832606254452312	2559.08481505447	410.248708477972	409.88492014654	0.574565247080365	-3700.95458784546	-46.9409230771972	-113.064738256596	-1.4043114868724
0.254	558.795996498283	-427.093916603222	-400.273664919819	0.432332589532493	4364.47813638089	333.726365025017	359.850882837297	0.934416129917662	-4923.27413287917	93.3675515782026	29.7956656312697	-1.37451582124113
0.255	508.070442952346	-449.07311951025	-440.561186726613	-0.00822859719411962	4700.78203076434	224.536559755104	281.305741793273	1.21572187171093	-5208.85247371668	224.536559755144	167.932864754067	-1.20658295648706
0.256	76.3220124629265	-427.093916603209	-441.419979495405	-0.449648576689525	3956.03977817738	93.3675515781632	163.284934371028	1.37900680608196	-4032.36179064031	333.726365025044	276.513284558502	-0.930069671928561
0.257	-1345.57333517102	-363.307785400749	-397.505155202435	-0.84715373189196	3036.75085951042	-46.9409230772435	21.0293648483091	1.40003617093027	-1691.17752433941	410.248708477991	355.876918812016	-0.574192753116546
0.258	-3467.70725618853	-263.958556849079	-304.249427869745	-1.1514031597617	2695.67365631175	-182.654493125201	-116.816320878179	1.28321985005209	772.033599876778	446.613049974279	416.511178942624	-0.157681574173922
0.259	-5275.81690961476	-138.77122564562	-186.212035675665	-1.33761519543737	3056.81844337574	-300.488568757373	-244.194315392988	1.0390255346591	2218.99846623902	439.259794402992	442.431973486913	0.284750399312991
0.26	-5721.36969495697	2.08757455766317E-11	-63.7332938750326	-1.4013484893124	3311.89636169231	-388.908729652612	-350.884356665234	0.688141177993871	2409.47333326466	388.908729652591	418.162966483478	0.702913365796469
0.261	-4583.80451736537	138.771225645665	61.5508711644497	-1.33979761814795	2434.30548729621	-439.259794403002	-418.47678607854	0.269664391915332	2149.49903006917	300.488568757337	346.030603775344	1.04894396957181
0.262	-2614.87258967641	263.958556849118	192.983596983274	-1.14681402116468	149.644578302692	-446.613049974274	-433.991549015345	-0.164327157100013	2465.22801137371	182.654493125157	241.76138384116	1.29070535341297
0.263	-1096.56360701329	363.307785400777	314.463504739124	-0.832350516425555	-2539.50426108735	-410.248708477971	-409.905966261286	-0.574233123361299	3636.06786810064	46.9409230771956	113.212080786822	1.4039174341998
0.264	-511.671793687498	427.093916603222	400.215528927417	-0.432134987498138	-4341.35460464604	-333.726365025016	-359.909103582498	-0.934142226943797	4853.02639833354	-93.3675515782041	-29.7566071401671	1.37416082705963
0.265	-459.025895945898	449.073119510249	440.550381681117	0.00841539418297851	-4666.56791948272	-224.536559755102	-281.367260564079	-1.21550948750788	5125.59381542862	-224.536559755145	-167.791359817749	1.20636946724188
0.266	-27.2362680613951	427.093916603207	441.326312973518	0.449741707156497	-3923.55127940241	-93.3675515781554	-163.360158295533	-1.37886964580341	3950.78754746381	-333.72636502505	-276.558982649032	0.929810484592847
0.267	1383.47280991461	363.307785400752	397.596272249216	0.847337979405713	-3004.84107653039	46.9409230772387	-21.0018870508657	-1.39987153285428	1621.36826661577	-410.248708477989	-355.881262729986	0.573929221862861
0.268	3503.59308890586	263.958556849078	304.260448729964	1.15159842813568	-2667.41255299419	182.654493125202	116.840961202128	-1.28303057165215	-836.180535911674	-446.613049974279	-416.503552848138	0.157425669014723
0.269	5304.65195762119	138.771225645612	186.235337540961	1.33783376567664	-3032.25440449747	300.488568757379	244.198556509255	-1.03883201514289	-2272.39755312373	-439.25979440299	-442.483277978548	-0.285057608963825
0.27	5735.84696605171	-2.24673613047344E-11	63.7844362960349	1.40161820197267	-3283.4350528182	388.908729652613	350.815151348194	-0.688016863794698	-2452.41191323351	-388.90872965259	-418.241373597158	-0.703298982560983
0.271	4593.00332461862	-138.771225645661	-61.5189958003026	1.34009920617237	-2410.79291005189	439.259794403001	418.500220027152	-0.269516643767546	-2182.21041456672	-300.488568757341	-346.076975102956	-1.04937595766394
0.272	2624.40617629712	-263.958556849119	-193.041641066699	1.14705756510567	-129.910458471346	446.613049974274	433.954670483905	0.164438026716359	-2494.49571782577	-182.654493125156	-241.821566735621	-1.29119752439956
0.273	1101.34664195009	-363.307785400778	-314.434362158172	0.832623202947499	2562.91049662747	410.24870847797	409.874156630259	0.574312183346618	-3664.25713857756	-46.940923077194	-113.204678833147	-1.40440220323271
0.274	516.41139442207	-427.093916603223	-400.279581159971	0.432343621787528	4361.45302732151	333.726365025015	359.858611332151	0.934170794678769	-4877.86442174358	93.3675515782056	29.6845182770382	-1.37471768495567
0.275	475.380289136794	-449.073119510249	-440.528737277777	-0.00818511549024909	4684.81348948109	224.536559755101	281.472249863227	1.215643044542	-5160.19377861789	224.536559755147	167.969345139261	-1.20674833981641
0.276	50.2352294281231	-427.093916603206	-441.290439591958	-0.449475555082207	3933.41498664425	93.367551578154	163.495818611671	1.37913886315367	-3983.65021607238	333.726365025051	276.650431750795	-0.930097908065613
0.277	-1359.31744415541	-363.307785400747	-397.582738964349	-0.847058294046557	3009.85618998012	-46.9409230772466	21.061489877451	1.40020035303112	-1650.53874582471	410.248708477992	355.902713980026	-0.574195194085588
0.278	-3471.09656322911	-263.958556849082	-304.403133454941	-1.1514614275015	2670.65896684803	-182.654493125198	-116.907410034927	1.28329294299619	800.437596381078	446.613049974279	416.48451201558	-0.157710682070007
0.279	-5273.0007664888	-138.771225645611	-186.340457317703	-1.3378018848192	3033.76745326647	-300.48856875738	-244.284691324745	1.03900825167145	2239.23331322233	439.25979440299	442.385644982738	0.284674962912731
0.28	-5708.27890909081	2.40021336139762E-11	-63.8513050158898	-1.40165318983509	3287.97434118352	-388.908729652614	-350.916196774927	0.688092054896519	2420.30456790729	388.90872965259	418.16897365343	0.702843936566161
0.281	-4561.39228166512	138.771225645662	61.5758887589526	-1.34007730107614	2404.37588207913	-439.259794403001	-418.332613993915	0.269759440902604	2157.01639958599	300.488568757339	346.141245480471	1.04898518204663
0.282	-2597.40015015083	263.958556849121	193.098842192043	-1.14697845888409	130.684713172834	-446.613049974274	-433.959516895103	-0.164200075992499	2466.715436978	182.654493125154	241.890568854597	1.29087575090123
0.283	-1074.91435477718	363.307785400779	314.500771901166	-0.832477686982929	-2554.30704377251	-410.24870847797	-409.852327632936	-0.574052403625435	3629.22139854969	46.9409230771925	113.340255570938	1.40421600647217
0.284	-498.856852315598	427.093916603223	400.300754553174	-0.432176932429755	-4344.38960695323	-333.726365025014	-359.945599152217	-0.933998002777651	4843.24645926883	-93.3675515782071	-29.6981969411416	1.37451780953102
0.285	-456.650999360445	449.073119510249	440.455601300473	0.00827866887071825	-4657.03366259911	-224.5365597551	-281.609066083576	-1.21560706886123	5113.68466195956	-224.536559755148	-167.931725225863	1.20658608430516
0.286	-29.1302220191272	427.093916603208	441.30232780805	0.449580996678768	-3906.3676479709	-93.3675515781587	-163.4671493619	-1.37907421822313	3935.49786999003	-333.726365025047	-276.582549840704	0.930003534464458
0.287	1377.44252120607	363.307785400746	397.593583335222	0.84717458001399	-2987.79552665968	46.9409230772481	-21.03985535056	-1.40011407357369	1610.35300545361	-410.248708477993	-355.934306258484	0.574069228205974
0.288	3486.83259033181	263.958556849081	304.3721826071	1.15154676262109	-2649.96532394685	182.654493125199	116.867860549955	-1.28324621302373	-836.867266384966	-446.613049974279	-416.530624411518	0.157538603794456
0.289	5285.61407029452	138.771225645615	186.428222330496	1.33797498495159	-3009.82736966692	300.488568757376	244.327593128809	-1.03891861989492	-2275.7867006276	-439.259794402991	-442.29471155543	-0.284756107760973
0.29	5713.8007713263	-2.55511167779332E-11	63.8378146900438	1.40181279964163	-3268.44737787349	388.908729652615	350.879721306986	-0.688038898587937	-2445.35339345281	-388.908729652589	-418.285083254169	-0.703041191015143
0.291	4570.02392382732	-138.771225645664	-61.5632044891805	1.34024959515245	-2396.43447572389	439.259794403002	418.437468247079	-0.269601430340859	-2173.58944810343	-300.488568757338	-346.150869964923	-1.04919206098007
0.292	2600.84691457527	-263.958556849122	-193.137506228987	1.14711208892346	-118.799001622154	446.613049974273	433.860023661732	0.164258593320873	-2482.04791295311	-182.654493125153	-241.961028495175	-1.29115308947524
0.293	1084.56532435295	-363.30778540078	-314.593145646817	0.832518943276646	2562.48776707751	410.248708477969	409.822552794178	0.574081146115051	-3647.05309143047	-46.940923077191	-113.365973056919	-1.40451906253216
0.294	511.01797558365	-427.093916603224	-400.30508907381	0.432213854202836	4346.04723766885	333.726365025014	360.002414366937	0.934083560481988	-4857.0652132525	93.3675515782086	29.6960485999975	-1.37482301393216
0.295	466.389111000139	-449.073119510249	-440.402787065404	-0.0081889328625674	4664.97189199409	224.536559755098	281.608275283679	1.21569183576567	-5131.36100299423	224.536559755149	168.005726882519	-1.20681728704964
0.296	41.1966128303257	-427.093916603208	-441.246760280711	-0.449435693143279	3913.99441062545	93.3675515781572	163.541197178164	1.37923303294383	-3955.19102345578	333.726365025048	276.679435557328	-0.930137851492315
0.297	-1368.60345308556	-363.307785400749	-397.519169700732	-0.846954862844011	2993.27127639994	-46.9409230772433	21.1090400087661	1.4003420729526	-1624.66782331437	410.248708477991	355.965245501437	-0.574172605990878
0.298	-3472.32792357603	-263.958556849074	-304.516192398388	-1.1514710552424	2651.96661180177	-182.654493125207	-116.9491614679	1.2833929114847	820.361311774261	446.613049974279	416.449550692114	-0.157723055298763
0.299	-5264.69206685591	-138.771225645614	-186.505673919288	-1.33797672916169	3013.18251663922	-300.488568757377	-244.365562059952	1.03902734942475	2251.50955021669	439.259794402991	442.326101259931	0.284603045961167
0.3	-5697.78536386736	2.7085889087175E-11	-63.9158938762752	-1.40189262303796	3269.05215435901	-388.908729652615	-350.964410183372	0.688062939241373	2428.73320950834	388.908729652588	418.143014717061	0.702746060678228
0.301	-4552.33382471985	138.771225645665	61.6088690299938	-1.34028375400797	2394.18341340237	-439.259794403002	-418.35459424239	0.269708344998982	2158.15041131747	300.488568757337	346.214386692704	1.04896044737093
0.302	-2583.29655708091	263.958556849123	193.186345670066	-1.1470974083379	118.37092282363	-446.613049974273	-433.815439743269	-0.164107094744287	2464.92563425728	182.654493125151	242.034971523039	1.29099541889397
0.303	-1072.65415439976	363.307785400781	314.669649879617	-0.832427758458285	-2555.68792004372	-410.248708477968	-409.824204113025	-0.573931298857313	3628.34207444348	46.9409230771895	113.430806978087	1.40442622587206
0.304	-494.642188056144	427.093916603222	400.224083771845	-0.43220367468644	-4342.65034508285	-333.726365025017	-360.028453317633	-0.933959752174946	4837.29253313899	-93.3675515782039	-29.7263956389204	1.37469983023314
0.305	-447.917438206138	449.073119510249	440.394609318218	0.00819093463177735	-4654.44939058644	-224.536559755097	-281.644351173886	-1.21560410334883	5102.36682879258	-224.536559755151	-167.922000904018	1.20677782932912
0.306	-22.7389512712259	427.093916603205	441.172825401874	0.449363760033651	-3905.01901172849	-93.3675515781495	-163.601321895354	-1.37920542524419	3927.75796299972	-333.726365025054	-276.742761401375	0.930035067927745
0.307	1377.32477046116	363.307785400748	397.630855705712	0.846994615739363	-2982.43575892571	46.9409230772449	-21.07078727031	-1.4002762125145	1605.11098846455	-410.248708477991	-355.951053084221	0.574084014843524
0.308	3482.74877194095	263.958556849078	304.524622250031	1.15151923798939	-2641.41461233696	182.654493125202	116.969929137972	-1.28330628337652	-841.334159603984	-446.613049974279	-416.40765177439	0.157676363069134
0.309	5273.12986809458	138.771225645606	186.516881673325	1.33803611966272	-3004.25841703489	300.488568757383	244.374332983098	-1.03893195039343	-2268.8714510597	-439.259794402989	-442.338362276459	-0.284661999207325
0.31	5697.31255935746	-2.86064505417016E-11	63.942896522466	1.40197901618519	-3255.45537848444	388.908729652616	350.900230725762	-0.688031719667663	-2441.85718087302	-388.908729652587	-418.19256601433	-0.702854565221655
0.311	4550.82955694648	-138.771225645667	-61.5839097755688	1.34039510640962	-2385.44542255567	439.259794403002	418.398913160969	-0.269632806506694	-2165.38413439081	-300.488568757336	-346.230142042008	-1.04908470726366
0.312	2584.18012027471	-263.958556849124	-193.2415850207	1.14715352138892	-113.224558307385	446.613049974273	433.795678598067	0.164162872091372	-2470.95556196733	-182.65449312515	-242.079727705308	-1.29116443496897
0.313	1068.50837039955	-363.307785400782	-314.632308993434	0.832521212395483	2565.7733945429	410.248708477968	409.792887533714	0.573955759625086	-3634.28176494245	-46.9409230771879	-113.424669613663	-1.40458910458263
0.314	488.849599253285	-427.093916603225	-400.289022745296	0.432232189650187	4351.80419815069	333.726365025011	359.95238141994	0.933908141045027	-4840.65379740398	93.3675515782117	29.6339604996461	-1.37495514408299
0.315	451.193131537853	-449.073119510249	-440.380532188668	-0.00814834253848081	4664.66434728637	224.536559755101	281.705389031707	1.21561353007673	-5115.85747882422	224.536559755146	168.063558393675	-1.20689158568931
0.316	29.6216747331051	-427.093916603204	-441.133005303162	-0.449281347841643	3909.30825846207	93.3675515781479	163.701888314857	1.37931541839159	-3938.92993319518	333.726365025055	276.798682831823	-0.930092902857489
0.317	-1372.84975265712	-363.307785400743	-397.581699896505	-0.846863047738147	2984.55707224016	-46.9409230772527	21.1194933746623	1.40043491176625	-1611.70731958303	410.248708477994	355.961490108947	-0.574131412748542
0.318	-3473.40953999545	-263.958556849077	-304.605211187474	-1.15146825892562	2644.81482663429	-182.654493125204	-117.025458594068	1.28340945317219	828.594713361166	446.613049974279	416.405712325629	-0.157725700422913
0.319	-5266.15910445855	-138.771225645611	-186.567619084255	-1.33803587800988	3007.71751710215	-300.48856875738	-244.438678787308	1.03897077438488	2258.4415873564	439.25979440299	442.266137962852	0.284540437539938
0.32	-5694.14805550683	3.01412228509434E-11	-63.9840699119691	-1.40201994792185	3262.17996962721	-388.908729652617	-350.987197353461	0.687983577031416	2431.96808587962	388.908729652586	418.130037338193	0.702670474878131
0.321	-4541.96720290254	138.771225645668	61.6303721129869	-1.34038957580886	2379.58017091438	-439.259794403003	-418.231567573042	0.269752009458374	2162.38703198816	300.488568757335	346.274425885844	1.04894490076397
0.322	-2577.52855059394	263.958556849126	193.268734363506	-1.14712084144535	110.883116135593	-446.613049974273	-433.800368345679	-0.164048358887305	2466.64543445835	182.654493125148	242.106151113969	1.29105105187794
0.323	-1059.72278998952	363.307785400783	314.663328174858	-0.832457513270495	-2565.06869093535	-410.248708477967	-409.763968248129	-0.573812327135434	3624.79148092488	46.9409230771864	113.509556817693	1.40456060869564
0.324	-487.571758205229	427.093916603223	400.298397647079	-0.432159115623416	-4346.50511560074	-333.726365025014	-360.020450742915	-0.933832777878349	4834.07687380597	-93.3675515782069	-29.6862279627448	1.37487438073289
0.325	-448.703712488479	449.073119510249	440.31361511335	0.00815449948993446	-4650.90928506242	-224.5365597551	-281.822613280679	-1.21565539115903	5099.6129975509	-224.536559755148	-168.054118235135	1.20682026249776
0.326	-24.8023984261931	427.093916603206	441.160290574949	0.449314790064884	-3896.20087907043	-93.3675515781526	-163.65968442104	-1.37931507558007	3921.00327749663	-333.726365025052	-276.736179095883	0.930084083401874
0.327	1375.62479232213	363.307785400746	397.603311247895	0.846918101312779	-2975.15871369433	46.9409230772479	-21.0904275352215	-1.40040550311529	1599.5339213722	-410.248708477993	-355.981958714163	0.57410212468771
0.328	3476.09241450535	263.95855684907	304.565934690796	1.15148403600357	-2635.02337810836	182.654493125211	116.979980133407	-1.28342552298188	-841.069036396985	-446.61304997428	-416.43692767128	0.157665197016431
0.329	5268.6932269536	138.771225645603	186.64176970165	1.33812580570522	-2993.67364867998	300.488568757386	244.480186795769	-1.03894533618611	-2275.01957827362	-439.259794402989	-442.158745657444	-0.284493548641013
0.33	5692.71681400006	-2.52953213930596E-11	63.9535977947658	1.40207940349999	-3252.21967438756	388.908729652615	350.952386512473	-0.687992949673642	-2440.4971396125	-388.908729652589	-418.23244851778	-0.702725997158793
0.331	4546.11010105675	-138.77122564567	-61.6195549043634	1.34045984859563	-2381.25803294025	439.259794403003	418.352575464855	-0.269640374208787	-2164.8520681165	-300.488568757334	-346.263725542515	-1.04898972270131
0.332	2577.61751689589	-263.958556849127	-193.300385542225	1.1471594630534	-108.497655672093	446.613049974273	433.716951594823	0.164076577386036	-2469.1198612238	-182.654493125147	-242.161942599267	-1.29115166530058
0.333	1065.72691393637	-363.307785400783	-314.746352904395	0.832413110149007	2564.60741800974	410.248708477967	409.7385970389	0.573815174424936	-3630.33433194611	-46.9409230771848	-113.531277148036	-1.40468294244861
0.334	495.065227961781	-427.093916603226	-400.303465424643	0.432109644724364	4341.0571712227	333.726365025009	360.061633833816	0.933876808258752	-4836.12239918448	93.3675515782147	29.6728599735176	-1.37501008247509
0.335	452.315042191076	-449.073119510249	-440.270141696245	-0.00816049697188194	4653.63826591741	224.536559755098	281.791097328971	1.21566790558772	-5105.95330810848	224.536559755149	168.10460699066	-1.20690547548443
0.336	29.0761530121224	-427.093916603206	-441.108146836514	-0.449268643808396	3900.1200220598	93.3675515781511	163.708687275042	1.37937659286276	-3929.19617507193	333.726365025053	276.809601361631	-0.930095874122803
0.337	-1376.57065302	-363.307785400745	-397.510985153011	-0.846779628961406	2978.52304630974	-46.9409230772494	21.1516721481775	1.40052826501094	-1601.95239328973	410.248708477993	356.006216139018	-0.574089657983784
0.338	-3473.36116208388	-263.958556849074	-304.672547954002	-1.15145217691541	2636.64402792411	-182.654493125206	-117.052212309569	1.28347605270137	836.717134159766	446.613049974279	416.368543835031	-0.157721114148753
0.339	-5260.44441526817	-138.771225645602	-186.685126323626	-1.33813730323903	2997.65806272207	-300.488568757387	-244.501927853178	1.0389741248482	2262.7863525461	439.259794402988	442.208276725886	0.284487162577133
0.34	-5689.33543408078	2.68158828475862E-11	-64.0145813736086	-1.40215188461264	3253.57534179087	-388.908729652615	-351.026461440103	0.687947663408092	2435.7600922899	388.908729652588	418.097797233033	0.702584959810166
0.341	-4540.31718387853	138.771225645665	61.6583385338394	-1.3404935460788	2378.88333229591	-439.259794403002	-418.271757412894	0.269675905995198	2161.43385158263	300.488568757337	346.313445582247	1.04889840539241
0.342	-2570.79809436591	263.958556849128	193.329479652116	-1.14716406642669	105.960088899383	-446.613049974273	-433.676251796397	-0.1640003458012	2464.83800546653	182.654493125146	242.207800513933	1.29110620590635
0.343	-1063.11585798082	363.307785400784	314.800182497828	-0.832363883928859	-2562.58573870328	-410.248708477966	-409.739312137564	-0.573739657938764	3625.7015966841	46.9409230771833	113.564221973488	1.40467042787983
0.344	-487.298667445214	427.093916603226	400.216731427066	-0.432147152501793	-4344.57728198532	-333.726365025008	-360.076466835654	-0.933816124774418	4831.87594943053	-93.3675515782162	-29.724426330191	1.37494600154964
0.345	-442.470389371159	449.073119510249	440.269442574233	0.00812229007244036	-4651.35179887033	-224.536559755092	-281.811734676438	-1.21562785945086	5093.82218824149	-224.536559755156	-168.033232206054	1.20691276934359
0.346	-19.2792404470707	427.093916603205	441.046752778296	0.449169042850736	-3899.33826890324	-93.3675515781496	-163.756955198734	-1.37938481464959	3918.61750935031	-333.726365025053	-276.871916217172	0.930040853126416
0.347	1377.22485521693	363.307785400745	397.628427237467	0.846797470088204	-2975.21405357285	46.940923077251	-21.1083636702736	-1.40049317831986	1597.98919835592	-410.248708477994	-355.985222181	0.574055630945416
0.348	3477.13996410043	263.958556849073	304.671355695225	1.15146882578343	-2632.72619564718	182.654493125208	117.066684399441	-1.28342649392042	-844.413768453249	-446.61304997428	-416.321750605361	0.157733880340055
0.349	5263.95989634235	138.771225645606	186.683685040627	1.33815251082406	-2994.85786787014	300.488568757383	244.506145836909	-1.03892034808351	-2269.10202847221	-439.259794402989	-442.215614456621	-0.284481734116565
0.35	5685.74424671495	-4.11262135457946E-11	64.0295132989077	1.40218202412296	-3245.99008325164	388.908729652622	350.96207492912	-0.687958273154393	-2439.75416346331	-388.908729652581	-418.141622995609	-0.702623357112174
0.351	4537.13596948781	-138.771225645667	-61.6327345721355	1.34054928955083	-2376.25425284807	439.259794403002	418.328315955961	-0.269629957198432	-2160.88171663974	-300.488568757336	-346.315361814352	-1.04893871892653
0.352	2570.64367175311	-263.958556849124	-193.376748253872	1.14717254129696	-106.846404106632	446.613049974273	433.670205422419	0.164040248223987	-2463.79726764648	-182.65449312515	-242.239735322509	-1.29117845424903
0.353	1057.65655749148	-363.307785400785	-314.753578454294	0.832418962842663	2567.22158865834	410.248708477966	409.713735220952	0.573753983444939	-3624.87814614982	-46.9409230771818	-113.552221543864	-1.4047306757929
0.354	479.57966142159	-427.093916603227	-400.282531849723	0.432136430992939	4349.25117861596	333.726365025007	359.990778875248	0.933744762320187	-4828.83084003755	93.3675515782177	29.6258143631021	-1.3751048614298
0.355	442.986437682275	-449.073119510249	-440.26469463066	-0.00812826363772025	4658.29795924578	224.53655975509	281.850890582749	1.21559565290294	-5101.28439692806	224.536559755157	168.158697201285	-1.20694616422851
0.356	22.4819047359201	-427.093916603205	-441.013206700271	-0.449141470337991	3901.28190253057	93.3675515781482	163.839128232739	1.37943478113567	-3923.76380726649	333.726365025055	276.911501084436	-0.930034663144075
0.357	-1377.530557529	-363.307785400743	-397.570680659195	-0.846712150997187	2975.90652509671	-46.9409230772525	21.1515552658423	1.40058633640152	-1598.3759675677	410.248708477995	355.99132128642	-0.574043341857655
0.358	-3473.74803852962	-263.958556849072	-304.728298967102	-1.15144044996429	2635.70461626739	-182.654493125209	-117.114618781801	1.28347171761972	838.043422262229	446.61304997428	416.329677144072	-0.157713664713583
0.359	-5263.46017842147	-138.771225645605	-186.712057732961	-1.33815250769725	2998.45090682215	-300.488568757384	-244.557818937007	1.03891389868271	2265.00927159932	439.259794402989	442.156971791582	0.284443307077999
0.36	-5689.0813120628	3.63229446520563E-11	-64.0592241260274	-1.40221173182328	3252.90997155325	-388.90872965262	-351.041138419548	0.687872760263162	2436.17134050955	388.908729652583	418.084849860725	0.702528156938724
0.361	-4534.49053515709	138.771225645674	61.6744542642578	-1.34053727755902	2370.14121258449	-439.259794403004	-418.163824533174	0.269708935729988	2164.3493225726	300.48856875733	346.350039277827	1.04887819621655
0.362	-2569.6739423744	263.958556849125	193.390159010756	-1.14714711854826	103.168566922725	-446.613049974273	-433.680420839578	-0.16397148510959	2466.50537545168	182.654493125149	242.246643895582	1.29112484011213
0.363	-1053.78322446621	363.307785400783	314.769218522967	-0.832377900025296	-2569.34477988632	-410.248708477968	-409.686989764846	-0.573658474874436	3623.12800435253	46.9409230771866	113.61638805	1.40474122816213
0.364	-482.858026995155	427.093916603225	400.289227299158	-0.432088672726139	-4347.97495407196	-333.72636502501	-360.052069873311	-0.933710544747747	4830.83298106712	-93.367551578213	-29.6896347455931	1.37505159341654
0.365	-445.078212722945	449.073119510249	440.205354484122	0.0081166817579834	-4649.32828689941	-224.536559755089	-281.955836405968	-1.21566638115371	5094.40649962236	-224.536559755159	-168.152976274298	1.20689861714224
0.366	-22.2646069304063	427.093916603202	441.050803025273	0.449167484783257	-3892.95339563515	-93.3675515781404	-163.786705103774	-1.37945308625749	3915.21800256555	-333.72636502506	-276.845138112469	0.930053479029773
0.367	1376.07832341011	363.307785400746	397.595605300515	0.846763090083772	-2970.94724243319	46.9409230772477	-21.1188635130382	-1.40057194977053	1594.86891902308	-410.248708477993	-356.007415047453	0.574046063982319
0.368	3473.08515773109	263.95855684907	304.679914159485	1.15144300424326	-2629.89951687415	182.654493125211	117.062997977135	-1.28350895179339	-843.185640856946	-446.61304997428	-416.360909344572	0.157685154637747
0.369	5263.6480382463	138.771225645604	186.775066495419	1.33821807073868	-2988.15780583218	300.488568757386	244.593586433623	-1.03891536535977	-2275.49023241412	-439.259794402988	-442.050516307579	-0.284365361669832
0.37	5686.3261998645	-3.78719278160133E-11	64.0200614088695	1.40223813214755	-3246.66235340579	388.908729652621	351.00485475306	-0.687910510606708	-2439.6638464587	-388.908729652583	-418.185766435541	-0.702551128105373
0.371	4538.15871368918	-138.771225645676	-61.6619024878342	1.34057622965971	-2375.6277456437	439.259794403004	418.293961283386	-0.269616549323322	-2162.53096804547	-300.488568757329	-346.329709025585	-1.04888083713096
0.372	2569.64446550691	-263.958556849127	-193.413794659573	1.14716243500014	-104.539797060161	446.613049974273	433.608543522031	0.163991994198709	-2465.10466844674	-182.654493125147	-242.291420758161	-1.29117225788912
0.373	1059.46558482916	-363.307785400783	-314.844102071672	0.832318332928466	2565.51370773886	410.248708477967	409.667428882973	0.573659423081682	-3624.97929256802	-46.9409230771851	-113.631879555804	-1.40480413744492
0.374	489.651075433488	-427.093916603225	-400.295054973318	0.432023277955149	4339.75911731936	333.726365025009	360.087284995071	0.933746708076754	-4829.41019275285	93.3675515782145	29.6726772098401	-1.37513146023508
0.375	447.515624633562	-449.073119510249	-440.170408876115	-0.00814713092096654	4650.05371128687	224.536559755093	281.908424609258	1.21565513268601	-5097.56933592043	224.536559755154	168.191855820127	-1.20693960441496
0.376	24.8649135981395	-427.093916603202	-441.005678594088	-0.449152809515054	3895.42178849355	93.3675515781389	163.822011103461	1.37947714378947	-3920.28670209169	333.726365025061	276.906612981375	-0.930032991433581
0.377	-1379.32042707059	-363.307785400738	-397.499334897924	-0.846652144412978	2973.40517890969	-46.9409230772619	21.1761369344445	1.40065328072392	-1594.0847518391	410.248708477998	356.028782197172	-0.574004209236409
0.378	-3473.33408463418	-263.958556849075	-304.77098723789	-1.15142313165087	2631.18424328135	-182.654493125206	-117.128710081182	1.28352457064273	842.149841352835	446.613049974279	416.300274545129	-0.15770393469128
0.379	-5258.68576111353	-138.771225645602	-186.803009954165	-1.33822614160503	2992.11829327357	-300.488568757387	-244.605233995595	1.03891933664714	2266.56746783996	439.259794402988	442.110640197214	0.284406705505934
0.38	-5686.28076900386	3.94067001252552E-11	-64.0729863714247	-1.40229912797646	3248.02036423843	-388.908729652622	-351.072832188049	0.687846504459091	2438.26040476543	388.908729652582	418.055747304834	0.702462452810768
0.381	-4535.61690310702	138.771225645677	61.6969888216321	-1.34060213915483	2373.02970821733	-439.259794403005	-418.216249010649	0.269630255448442	2162.58719488968	300.488568757328	346.37238388973	1.0488348367005
0.382	-2565.8321309895	263.958556849133	193.432554870479	-1.14716958428435	101.189376390009	-446.613049974272	-433.573945148636	-0.163943689700194	2464.64275459949	182.65449312514	242.323267330166	1.29115810403066
0.383	-1059.44179307952	363.307785400784	314.887054518676	-0.83228252976567	-2565.15135757872	-410.248708477966	-409.671518958194	-0.573615208658387	3624.59315065824	46.9409230771836	113.650858430792	1.40480896246146
0.384	-484.295648775934	427.093916603226	400.207300294925	-0.432075229470745	-4345.59496233659	-333.726365025008	-360.097976921916	-0.933713185580303	4829.89061111252	-93.367551578216	-29.7303471836268	1.37507861527783
0.385	-440.103386007306	449.073119510249	440.17678868825	0.00810155921750454	-4650.53854879942	-224.536559755092	-281.91911716677	-1.21563230274707	5090.64193480672	-224.536559755156	-168.119919707879	1.20695869556995
0.386	-17.5170174586454	427.093916603203	440.952917207527	0.449054476425031	-3897.41420140386	-93.3675515781437	-163.861587318213	-1.37949389006529	3914.93121886251	-333.726365025058	-276.963940423926	0.929994755146025
0.387	1377.76060062113	363.307785400737	397.618797657056	0.846673274082087	-2972.69895541572	46.9409230772634	-21.1302369899267	-1.40062412705521	1594.93835479458	-410.248708477999	-356.004892189222	0.573989862956803
0.388	3475.45051143757	263.958556849073	304.761809816587	1.15143508389867	-2629.65045901259	182.654493125208	117.137599886137	-1.28348652716908	-845.800052424982	-446.61304997428	-416.255746961197	0.157734115995607
0.389	5261.11070887553	138.771225645607	186.792147560582	1.33822723145926	-2991.58417132344	300.488568757383	244.603392029662	-1.03888313513941	-2269.5265375521	-439.259794402989	-442.121494524975	-0.284387378529369
0.39	5682.18039859689	-4.09272615797818E-11	64.0815683109062	1.40230879977016	-3242.69941290109	388.908729652622	351.006501073132	-0.687876634066281	-2439.48098569579	-388.908729652581	-418.100107053531	-0.702487485582899
0.391	4532.43027174112	-138.771225645678	-61.6692401572245	1.34063955961294	-2372.74334206138	439.259794403005	418.279633311023	-0.269597000755258	-2159.68692967974	-300.488568757327	-346.367396410681	-1.04885488199358
0.392	2565.87929748807	-263.958556849134	-193.472567079831	1.14716699253311	-104.381302633585	446.613049974272	433.577334815729	0.163980334060471	-2461.49799485449	-182.654493125139	-242.345973766212	-1.29120085575979
0.393	1054.02426454893	-363.307785400789	-314.833380389356	0.83233361214375	2567.73928042995	410.248708477963	409.651333740346	0.573631667800817	-3621.76354497888	-46.9409230771757	-113.633050778777	-1.40483390653857
0.394	476.39637022251	-427.093916603227	-400.273842320176	0.432059769823574	4348.58774685438	333.726365025007	360.008535311743	0.93364020311256	-4824.98411707689	93.3675515782174	29.6296005167049	-1.37520430602186
0.395	440.169393043309	-449.073119510249	-440.179531326282	-0.00811976150270821	4656.28243035142	224.53655975509	281.946438192516	1.21558664130508	-5096.45182339472	224.536559755157	168.236577545689	-1.20696772847617
0.396	19.9956391000945	-427.093916603203	-440.926101491517	-0.449045862994225	3898.49191599778	93.367551578142	163.93327778917	1.37951991909425	-3918.48755509787	333.726365025059	276.994440479333	-0.929973287996841
0.397	-1379.13672131685	-363.30778540074	-397.559539256013	-0.846605402250238	2972.83290918588	-46.9409230772586	21.1706253949431	1.40069054448919	-1593.69618786903	410.248708477997	356.008891036741	-0.573964396960101
0.398	-3473.5451504153	-263.958556849067	-304.807940263063	-1.1514133425133	2632.40533990619	-182.654493125215	-117.179979791417	1.28351056469777	841.139810509114	446.613049974281	416.269952670651	-0.15769444428945
0.399	-5262.27283274673	-138.771225645605	-186.809371201781	-1.33822271371508	2995.12247937581	-300.488568757384	-244.646783355616	1.03886378134216	2267.15035337092	439.259794402989	442.071358902635	0.284376914613185
0.4	-5687.22021963223	3.60955709766131E-11	-64.1055356392837	-1.40232824935437	3249.57682639365	-388.90872965262	-351.080893490385	0.687782887851772	2437.64339323858	388.908729652584	418.047105610976	0.702424020224161
0.401	-4531.49002439566	138.771225645674	61.7080345042467	-1.34062021485012	2366.4849522458	-439.259794403004	-418.118134631239	0.269664753220533	2165.00507214986	300.48856875733	346.396890121769	1.04882091034593
0.402	-2566.51841458495	263.958556849135	193.4779110017	-1.14714230384842	100.229774398799	-446.613049974272	-433.593468313788	-0.163928715093255	2466.28864018616	182.654493125137	242.342322076792	1.29116323242272
0.403	-1051.52143570795	363.30778540079	314.840920990885	-0.832301382857534	-2570.81917027919	-410.248708477963	-409.62836295636	-0.573557078049615	3622.34060598715	46.9409230771678	113.687430076094	1.40485066249882
0.404	-480.954659246895	427.093916603225	400.280289308794	-0.43202109354874	-4348.63542592758	-333.72636502501	-360.067193493274	-0.933624271542889	4829.59008517448	-93.3675515782128	-29.6965634834288	1.37515409901539
0.405	-443.555823631308	449.073119510249	440.126539247819	0.00810544569907971	-4648.90132098775	-224.536559755089	-282.043342615952	-1.21566761415884	5092.45714461905	-224.536559755158	-168.228209397951	1.20692588961744
0.406	-21.0811597423366	427.093916603202	440.97090223863	0.449076347937709	-3891.76594482634	-93.3675515781406	-163.873480324091	-1.37954109448293	3912.84710456868	-333.726365025064	-276.922938235958	0.930002951381478
0.407	1376.52886112774	363.307785400739	397.585842584863	0.846662190522572	-2969.39301077611	46.9409230772602	-21.1359924856198	-1.40067708696855	1592.86414964838	-410.248708477998	-356.022953553782	0.573979997827697
0.408	3472.07123750025	263.958556849065	304.752833840556	1.15141502436313	-2628.01296907414	182.654493125216	117.123392952703	-1.28355369401585	-844.058268426108	-446.613049974281	-416.304284300548	0.157675713527149
0.409	5261.97967669577	138.771225645592	186.86444040562	1.33827946476875	-2986.19169311775	300.488568757395	244.676751952042	-1.03887694206381	-2275.78798357802	-439.259794402984	-441.969437946155	-0.284293724419007
0.41	5684.30671943232	-4.39968061982654E-11	64.0616218769934	1.40234108664574	-3244.69403753253	388.908729652624	351.042429042324	-0.687834513021483	-2439.61268189979	-388.908729652576	-418.149504937175	-0.702443229356181
0.411	4535.30479475578	-138.771225645675	-61.6933187328565	1.34064776791289	-2373.40017750424	439.259794403004	418.25344322384	-0.269581069797643	-2161.90461725154	-300.488568757325	-346.371488299728	-1.04881471765591
0.412	2566.75023451852	-263.958556849137	-193.495016884083	1.1471527510288	-103.001092793877	446.613049974271	433.52939953637	0.163948329738727	-2463.74914172464	-182.65449312513	-242.379347431541	-1.29119406508745
0.413	1057.35412905167	-363.307785400787	-314.909890604185	0.832242860424618	2565.76145192414	410.248708477965	409.613551929312	0.573561881668039	-3623.11558097581	-46.9409230771726	-113.697723482164	-1.40489178856961
0.414	487.763567659286	-427.093916603229	-400.286772405152	0.431956088019466	4339.41284199648	333.726365025001	360.099993787542	0.933661875455582	-4827.17640965576	93.367551578233	29.6782093182411	-1.37521357925137
0.415	445.856279264948	-449.073119510249	-440.098027733319	-0.00814193971385294	4648.91598650227	224.536559755093	281.986946961273	1.21564882241685	-5094.77226576721	224.536559755165	168.260155655792	-1.20695342359558
0.416	23.397054273417	-427.093916603204	-440.931867636477	-0.44907380735033	3893.72379286	93.3675515781516	163.90062396475	1.3795494463816	-3917.12084713342	333.726365025061	276.977250191315	-0.929976173404267
0.417	-1380.2560457962	-363.307785400738	-397.489161030613	-0.846562968380943	2971.5245214926	-46.9409230772553	21.1912009840376	1.40074064736564	-1591.26847569641	410.248708478001	356.042796054054	-0.573933377350213
0.418	-3473.05763152009	-263.95855684907	-304.836116321952	-1.1513990847029	2629.15952041494	-182.654493125206	-117.184336061815	1.28355631130383	843.898111105147	446.613049974281	416.248742456673	-0.15768463489354
0.419	-5257.85545910402	-138.771225645596	-186.883981926805	-1.3382830666297	2990.1069621699	-300.488568757387	-244.681560876157	1.03887475042767	2267.74849693411	439.259794402986	442.036519957077	0.284351885063536
0.42	-5685.12827730256	3.91651155950967E-11	-64.1102598986916	-1.40239332652839	3246.00815237204	-388.908729652618	-351.10667552809	0.687768074899581	2439.12012493052	388.908729652579	418.022626864799	0.702374511928335
0.421	-4533.66322983785	138.771225645671	61.7259284252893	-1.3406673981031	2370.71330409463	-439.259794403002	-418.178496238035	0.269589578661546	2162.94992574322	300.488568757328	346.410147662281	1.04878465959062
0.422	-2563.79986844275	263.958556849133	193.507189475149	-1.14716020862795	99.3810472135377	-446.613049974273	-433.50028340517	-0.163910704743624	2464.41882122922	182.654493125134	242.403066191214	1.29118772578183
0.423	-1058.05321976365	363.307785400792	314.946644184132	-0.832213564443822	-2565.95333463582	-410.248708477964	-409.621267483682	-0.573531972227306	3624.00655439947	46.9409230771647	113.709571778875	1.4048972975607
0.424	-483.088456123921	427.093916603228	400.199179139654	-0.432014385304168	-4345.99945726066	-333.726365025008	-360.108998224508	-0.933640970451814	4829.08791338458	-93.3675515782282	-29.7373554064433	1.37515994215426
0.425	-439.132259991747	449.073119510249	440.10996025868	0.00809557495451211	-4650.3131659823	-224.536559755086	-281.991026311191	-1.215631996763	5089.44542597405	-224.536559755172	-168.184795856264	1.206975146298
0.426	-16.7443212116439	427.093916603201	440.885172442318	0.44898074739683	-3896.64226520658	-93.3675515781439	-163.933988723866	-1.37956598548687	3913.38658641822	-333.726365025066	-277.029716508847	0.929945429789151
0.427	1378.09295887869	363.307785400741	397.609623318512	0.846590370715341	-2971.70449761954	46.9409230772505	-21.1438500676988	-1.40070983555457	1593.61153874085	-410.248708477999	-356.017441169573	0.573927988619578
0.428	3474.79139289824	263.958556849063	304.821342698401	1.15141171341374	-2628.46477527677	182.654493125213	117.1889172488	-1.28352091830577	-846.326617621474	-446.613049974282	-416.207473468691	0.157720515150887
0.429	5260.08444327549	138.771225645601	186.866515458066	1.33827822887181	-2990.38534087314	300.488568757383	244.67439085071	-1.03884652745506	-2269.69910240235	-439.259794402987	-442.052015135215	-0.284331499984329
0.43	5681.01061775546	-4.70805616714642E-11	64.1152326376031	1.40239346150941	-3241.50603039772	388.908729652622	351.038248968129	-0.687808278486931	-2439.50458735774	-388.908729652575	-418.068781942575	-0.702400281926903
0.431	4530.64397492939	-138.771225645678	-61.6961323479199	1.34069732916149	-2371.29151222158	439.259794403004	418.245828256938	-0.269562450229993	-2159.35246270781	-300.488568757322	-346.401326156139	-1.04880160808304
0.432	2564.08310899851	-263.958556849129	-193.541586258299	1.14715574290319	-103.414785939201	446.613049974273	433.510056105819	0.163947605875826	-2460.66832305931	-182.654493125139	-242.41932081457	-1.29122092889761
0.433	1052.78792656347	-363.307785400789	-314.887996184647	0.832267746718546	2567.8157679362	410.248708477966	409.605196138502	0.573552802014328	-3620.60369449967	-46.9409230771695	-113.687298944935	-1.40490822784255
0.434	475.264192731613	-427.093916603231	-400.266316751889	0.432001429966657	4348.39584625667	333.726365025003	360.017970607088	0.933570772621416	-4823.66003898829	93.367551578236	29.6356557468764	-1.37527257209567
0.435	439.185581494002	-449.07311951025	-440.118168027133	-0.00811673806047639	4655.64432880821	224.536559755091	282.011364103986	1.2155821367254	-5094.82991030222	224.536559755168	168.295845020067	-1.2069767270756
0.436	19.1298033196274	-427.093916603203	-440.863659790898	-0.448980397851375	3897.43053232107	93.3675515781486	163.999190121535	1.37958132684694	-3916.56033564069	333.726365025063	277.054466177436	-0.929922260898168
0.437	-1379.67498279922	-363.307785400736	-397.550525622674	-0.846530923474049	2971.64986029771	-46.9409230772584	21.1827346859985	1.40076406153294	-1591.97487749849	410.248708478002	356.020232357305	-0.573902028540863
0.438	-3473.25400263086	-263.958556849067	-304.861574096705	-1.15139249757075	2631.1437092937	-182.654493125209	-117.227245528769	1.28353681600417	842.110293337166	446.613049974281	416.225894280495	-0.157676134260368
0.439	-5261.670333176	-138.771225645593	-186.877172344062	-1.33826966991482	2993.89597606599	-300.488568757389	-244.712042525711	1.03882477347846	2267.77435711001	439.259794402985	442.007660354966	0.284331526094599
0.44	-5686.49180708596	4.22204493588652E-11	-64.1359622335531	-1.40240563214837	3248.35550720532	-388.90872965262	-351.109696320655	0.687715077157802	2438.13629988064	388.908729652578	418.018390591963	0.702349916686562
0.441	-4530.18513051591	138.771225645686	61.7328638859889	-1.34067276826238	2364.99282432043	-439.259794403005	-418.086761992884	0.269628315164918	2165.19230619548	300.488568757317	346.427732139493	1.04877764882605
0.442	-2565.19537422917	263.958556849135	193.541482264351	-1.14713128599803	99.1168627923185	-446.613049974272	-433.531068340918	-0.163902753176	2466.07851143685	182.654493125132	242.409174132628	1.29118682295868
0.443	-1050.671223559	363.307785400786	314.890615815343	-0.832240670182687	-2571.21162120094	-410.248708477968	-409.585573619606	-0.573488326795606	3621.88284475995	46.9409230771744	113.736300190991	1.40492312314967
0.444	-480.187056532037	427.093916603229	400.273074146455	-0.431967596036232	-4348.86863592818	-333.726365025006	-360.075474389002	-0.933563801184609	4829.05569246022	-93.3675515782312	-29.7032356631937	1.37521988748648
0.445	-442.940770567694	449.073119510249	440.069965122198	0.0081023690859655	-4648.78059209919	-224.536559755084	-282.102862522285	-1.21566666370689	5091.72136266688	-224.536559755175	-168.283876100254	1.20693601138623
0.446	-20.5864497925692	427.0939166032	440.913546491406	0.449015915577372	-3891.23839532548	-93.3675515781408	-163.93414607305	-1.37960080977994	3911.82484511805	-333.726365025068	-276.978579283233	0.929957432102994
0.447	1376.75379916302	363.307785400739	397.577615062983	0.846593530640355	-2968.72650912298	46.9409230772536	-21.1469718133557	-1.4007477815933	1591.97270995995	-410.248708478	-356.033187608188	0.573924244494806
0.448	3471.6074724139	263.95855684906	304.801869225231	1.15139539986559	-2627.24564413387	182.654493125216	117.16694416683	-1.28358083742647	-844.361828280036	-446.613049974282	-416.26330039929	0.157660944095516
0.449	5261.31195790002	138.771225645598	186.926703325992	1.33832210319158	-2985.44894311579	300.488568757385	244.737264851794	-1.03884357257468	-2275.86301478423	-439.259794402986	-441.910142709555	-0.284249198614039
0.45	5683.60812772637	-5.01785279993783E-11	64.0892346768218	1.4024113378684	-3243.95904409366	388.908729652624	351.069258332832	-0.687774314241844	-2439.6490836327	-388.908729652573	-418.122621769668	-0.702371820383707
0.451	4534.1467843468	-138.771225645681	-61.7163199573254	1.34069501791107	-2372.43148211842	439.259794403004	418.225161261018	-0.269549152980826	-2161.71530222838	-300.48856875732	-346.399372945151	-1.04877119332886
0.452	2565.60991141528	-263.958556849131	-193.553685758873	1.1471413321522	-102.392108940363	446.613049974273	433.472310090999	0.163923157110172	-2463.21780247492	-182.654493125136	-242.440788902212	-1.29121198223107
0.453	1056.62863256937	-363.30778540079	-314.955460395843	0.832185871756357	2565.73163642591	410.248708477965	409.574258387447	0.573497415497619	-3622.36026899528	-46.9409230771665	-113.742760278765	-1.40495474250984
0.454	487.074896881117	-427.093916603228	-400.28008051786	0.431905791238497	4339.29764297976	333.72636502501	360.107194000081	0.933604609497701	-4826.37253986088	93.3675515782265	29.6841625816764	-1.37527057992816
0.455	445.270096256238	-449.073119510249	-440.046072227849	-0.00814028098935225	4648.55808827752	224.536559755088	282.040958516385	1.21564556801409	-5093.82818453376	224.536559755171	168.311193246079	-1.20695938668208
0.456	22.8877682287116	-427.093916603198	-440.879073537826	-0.449019354527178	3893.0337877513	93.3675515781332	163.95605534934	1.37960162336343	-3915.92155598001	333.726365025074	277.028168053045	-0.929931218629034
0.457	-1380.56353391013	-363.307785400735	-397.481280027981	-0.846500634555159	2970.75783839351	-46.9409230772615	21.201027454717	1.40080265081814	-1590.19430448339	410.248708478003	356.052104798773	-0.573879113830262
0.458	-3472.77885063004	-263.958556849065	-304.880596367558	-1.15138123092272	2628.35366128079	-182.654493125212	-117.224422907854	1.28357822791029	844.425189349254	446.613049974282	416.211236516958	-0.157667877313303
0.459	-5257.40356785907	-138.77122564559	-186.940992029445	-1.33832222295216	2989.35055743275	-300.488568757391	-244.737259404717	1.03884096850557	2268.05301042632	439.259794402984	441.982048959243	0.28431417164594
0.46	-5684.65417601147	4.53610482509248E-11	-64.135328300938	-1.4024575512531	3245.25581791709	-388.908729652621	-351.131083865028	0.687709884640543	2439.39835809439	388.908729652576	417.997948887968	0.702312120533908
0.461	-4532.76748524374	138.771225645689	61.7471451081473	-1.34071040614495	2369.72798683421	-439.259794403006	-418.152348944145	0.269557535696398	2163.03949840954	300.488568757314	346.435538770658	1.04874765930457
0.462	-2562.92004620267	263.958556849138	193.561264108073	-1.14714914203688	98.6939338962061	-446.613049974272	-433.447473967651	-0.163889938271253	2464.22611230646	182.654493125129	242.459283937765	1.29120694324233
0.463	-1057.53219793298	363.307785400788	314.988269169779	-0.8321608728671	-2566.10843556425	-410.248708477967	-409.584909700981	-0.573474847972234	3623.64063349723	46.9409230771713	113.750431974783	1.40495737521711
0.464	-482.595810071973	427.09391660323	400.192864548673	-0.431968008318427	-4346.12314231541	-333.726365025004	-360.115411856874	-0.933590259829108	4828.71895238738	-93.3675515782342	-29.743444321116	1.375213930896
0.465	-438.742774334804	449.073119510249	440.062097630093	0.00809408931166581	-4650.25141784953	-224.536559755092	-282.04054688723	-1.21563080671634	5088.99419218434	-224.536559755166	-168.232414313486	1.20698151658251
0.466	-16.4339997882467	427.093916603199	440.836666642036	0.448930755953702	-3896.26284134725	-93.3675515781379	-163.985006020174	-1.37961581273651	3912.6968411355	-333.72636502507	-277.076780440513	0.929904736141999
0.467	1378.23753585574	363.30778540073	397.602377535572	0.846533133489275	-2971.24078696773	46.9409230772693	-21.1528010766084	-1.40076861381312	1593.00325111199	-410.248708478007	-356.025896660692	0.573878839481306
0.468	3474.44335482892	263.958556849068	304.862022812479	1.15139515630175	-2627.95392934857	182.654493125207	117.225840479748	-1.28354277333337	-846.489425480357	-446.613049974281	-416.172740062615	0.157706099418691
0.469	5259.62343668457	138.771225645595	186.918907308507	1.33831406361026	-2989.91642650388	300.488568757387	244.725924137599	-1.03881684919577	-2269.70701018069	-439.259794402985	-442.00149972787	-0.284295400309179
0.47	5680.57682552478	-5.32622834725771E-11	64.1380827289735	1.40245214633923	-3241.04373212643	388.908729652625	351.06091111441	-0.687755938081364	-2439.53309339834	-388.908729652572	-418.045813620995	-0.702341213930173
0.471	4529.86139808347	-138.771225645684	-61.7157254721581	1.34073642086708	-2370.62171033513	439.259794403005	418.222110324803	-0.269533827756561	-2159.23968774834	-300.488568757318	-346.424381833561	-1.04876559576373
0.472	2563.33853584704	-263.958556849144	-193.591511359185	1.14714490950789	-103.026832343142	446.613049974271	433.461625625669	0.163927797869108	-2460.31170350389	-182.654493125122	-242.47102349733	-1.29123661926106
0.473	1052.35809844956	-363.307785400793	-314.926172227469	0.832218737280423	2567.72799285905	410.248708477964	409.571808975169	0.573499606844277	-3620.0860913086	-46.9409230771634	-113.724936114763	-1.40496155537583
0.474	474.837110473654	-427.093916603228	-400.260462983478	0.431958274296944	4348.3172450919	333.726365025008	360.023628860984	0.933523235705261	-4823.15435556556	93.3675515782295	29.6411854209049	-1.37532036995492
0.475	438.832233130245	-449.073119510249	-440.074195068562	-0.00811592077161721	4655.44893236164	224.536559755085	282.056457677853	1.21557969338311	-5094.28116549189	224.536559755173	168.339607617159	-1.20698076233776
0.476	18.8317496660055	-427.093916603201	-440.819023391795	-0.448934944163413	3896.96577626123	93.3675515781425	164.045930279771	1.37962562366289	-3915.79752592724	333.726365025067	277.097637215743	-0.92988312512202
0.477	-1379.84594474389	-363.307785400733	-397.543721444527	-0.84647866560794	2971.13299000374	-46.9409230772645	21.1908132872367	1.40081643695012	-1591.28704525985	410.248708478005	356.027916895296	-0.573855208226724
0.478	-3473.00275120475	-263.958556849052	-304.898607344526	-1.15137727295247	2630.6176347339	-182.654493125226	-117.261235447793	1.28355520150233	842.385116470844	446.613049974283	416.194071601933	-0.157661136624791
0.479	-5261.32215077891	-138.7712256456	-186.925268406149	-1.33830254135862	2993.42328441602	-300.488568757384	-244.759500467224	1.0387957010351	2267.89886636289	439.259794402986	441.961209550248	0.284300072925457
0.48	-5686.17442486948	4.84163820146932E-11	-64.1568029482205	-1.40245934430684	3247.88743205057	-388.908729652623	-351.130408319463	0.687665292715641	2438.2869928189	388.908729652574	417.997267964371	0.702297340889828
0.481	-4529.55033821862	138.771225645692	61.7509560979395	-1.3407083882089	2364.3250636077	-439.259794403006	-418.06485675397	0.269600435961671	2165.22527461092	300.488568757312	346.448812687115	1.04874615357694
0.482	-2564.60125644211	263.95855684914	193.587526538366	-1.14712086167053	98.6905882801365	-446.613049974272	-433.486333057763	-0.163885897096092	2465.91066816197	182.654493125126	242.456559079944	1.29120271265689
0.483	-1050.35249252888	363.307785400797	314.925549718703	-0.832195311951827	-2571.23041798522	-410.24870847796	-409.554757934592	-0.573440655030685	3621.5829105141	46.9409230771555	113.770614099036	1.40497332675592
0.484	-479.867349843444	427.093916603231	400.26758871583	-0.431927723235997	-4348.92550730029	-333.726365025002	-360.08054785594	-0.933521202886625	4828.79285714374	-93.3675515782373	-29.7086872424637	1.37526463951346
0.485	-442.694301208192	449.073119510249	440.029473798841	0.00810175056284436	-4648.75127553932	-224.536559755089	-282.14425363842	-1.21566545652504	5091.44557674751	-224.536559755169	-168.324511493124	1.20694012802033
0.486	-20.3951758989034	427.093916603199	440.872512801648	0.448974263364492	-3890.95429333764	-93.3675515781348	-163.977158867837	-1.37964261539288	3911.34946923655	-333.726365025072	-277.018413193168	0.929921714827166
0.487	1376.8409581277	363.307785400735	397.571342585994	0.846545605950486	-2968.38828604157	46.9409230772597	-21.1543453520531	-1.40079696074493	1591.54732791387	-410.248708478003	-356.040194977565	0.573881519849602
0.488	3471.33395915448	263.958556849056	304.835781214082	1.15138138716457	-2626.89387845392	182.654493125222	117.198238181982	-1.28359872256295	-844.440080700561	-446.613049974283	-416.233900000468	0.157647619849134
0.489	5260.97635092398	138.771225645592	186.970910253524	1.33835229741809	-2985.14703396375	300.48856875739	244.781111116761	-1.03881761144619	-2275.82931696024	-439.259794402985	-441.867188365667	-0.284219568516533
0.49	5683.32665179745	-4.35562697020941E-11	64.1082858739292	1.40246058329202	-3243.66166474772	388.90872965262	351.088418207044	-0.687729193239147	-2439.66498704973	-388.908729652577	-418.103040505838	-0.702322609022372
0.491	4533.59758266004	-138.771225645687	-61.7330177740947	1.34072756551793	-2371.95643379655	439.259794403005	418.205222679027	-0.26952397056012	-2161.64114886349	-300.488568757315	-346.418585157866	-1.04874119418024
0.492	2565.11055572014	-263.958556849136	-193.596141328576	1.14713142418935	-102.143808123606	446.613049974272	433.431250280104	0.163907279719983	-2462.96674759654	-182.65449312513	-242.484373199231	-1.29122556737947
0.493	1056.37357576414	-363.307785400794	-314.987525916373	0.832143898272978	2565.61440888353	410.248708477962	409.545943534355	0.573453223254339	-3621.98798464767	-46.9409230771603	-113.774336108605	-1.40499990348807
0.494	486.804281658609	-427.093916603233	-400.274998847166	0.431868899425812	4339.23929362729	333.726365024997	360.111715743203	0.933564938997542	-4826.0435752859	93.367551578245	29.6891505352486	-1.37531075295283
0.495	445.055471871582	-449.073119510249	-440.008858665587	-0.00813995923977492	4648.45388987462	224.536559755094	282.078759470744	1.21564369846829	-5093.5093617462	224.536559755165	168.348582432613	-1.20696217052021
0.496	22.7149709479131	-427.0939166032	-440.841322106113	-0.448981281345888	3892.70572388092	93.3675515781395	163.995536865785	1.37963923533407	-3915.42069482884	333.726365025069	277.064742730811	-0.929897427789402
0.497	-1380.65695217987	-363.307785400731	-397.475421750595	-0.846456703096482	2970.39698250693	-46.9409230772676	21.2077061342961	1.40084694146837	-1589.74003032707	410.248708478006	356.05850637639	-0.573838921413012
0.498	-3472.55810159588	-263.95855684906	-304.911578040206	-1.15136828113669	2627.99878223365	-182.654493125217	-117.253221464399	1.28359372000397	844.559319362237	446.613049974282	416.184258610991	-0.157654662802021
0.499	-5257.12884586991	-138.771225645584	-186.981651262581	-1.33834993239927	2989.04981108302	-300.488568757396	-244.777663127154	1.03881605687681	2268.07903478689	439.259794402983	441.942513753458	0.284287850951437
0.5	-5684.43299636857	5.15143483426073E-11	-64.1527413092875	-1.40250267370856	3244.95618777983	-388.908729652624	-351.148606404842	0.687667450471972	2439.47680858874	388.908729652573	417.979937078004	0.702267788029441
0.501	-4532.30465424749	138.771225645682	61.7625420205292	-1.34074013168803	2369.260213832	-439.259794403005	-418.133975551414	0.269533474920558	2163.04444041549	300.488568757319	346.453109884535	1.04872089791398
0.502	-2562.50763822591	263.958556849132	193.600417926529	-1.1471397137615	98.4271553121694	-446.613049974273	-433.409589049211	-0.163876114128653	2464.08048291374	182.654493125135	242.49931253535	1.29122021044933
0.503	-1057.3362899078	363.307785400791	315.017673754202	-0.832122040007296	-2566.05681686653	-410.248708477964	-409.558784507961	-0.573434898636614	3623.39310677434	46.9409230771652	113.779317821006	1.40499952827033
0.504	-482.384353363444	427.093916603228	400.188133539725	-0.431933906467571	-4346.14089193387	-333.726365025009	-360.119509873019	-0.933554408509633	4828.52524529731	-93.3675515782278	-29.7482339686466	1.37525129430169
0.505	-438.585528355463	449.073119510249	440.02783512386	0.00809392865628912	-4650.24236358724	-224.536559755087	-282.075249770552	-1.21562965828018	5088.8278919427	-224.536559755172	-168.267042803522	1.20698425149816
0.506	-16.3187003218632	427.093916603201	440.801956390539	0.448895885046829	-3896.04264434039	-93.3675515781444	-164.021345120058	-1.37965100340024	3912.36134466226	-333.726365025066	-277.110494300948	0.929873757197216
0.507	1378.28768415619	363.307785400741	397.596967395795	0.846492852442624	-2970.98712781866	46.9409230772501	-21.1589183729475	-1.40080992177319	1592.69944366247	-410.248708477999	-356.031754387901	0.573842002809315
0.508	3474.22256288366	263.958556849063	304.890411493368	1.15138326393599	-2627.70525027895	182.654493125213	117.252357349683	-1.28355756442351	-846.51731260471	-446.613049974282	-416.147855858291	0.157694146951024
0.509	5259.36808904839	138.771225645601	186.956306728501	1.33833957066449	-2989.71788008023	300.488568757382	244.763218612289	-1.03879434581122	-2269.65020896816	-439.259794402987	-441.964984853849	-0.284270837902825
0.51	5680.38481494433	-4.66542360300082E-11	64.1540449074542	1.40249361557195	-3240.84670233909	388.908729652622	351.077105290251	-0.687717240520967	-2439.53811260523	-388.908729652575	-418.029152417636	-0.702299990320461
0.511	4529.45956237823	-138.77122564569	-61.7299100603204	1.34076370551163	-2370.27133122563	439.259794403006	418.205320197284	-0.269511920323684	-2159.1882311526	-300.488568757313	-346.440433151339	-1.0487404234718
0.512	2562.99293001667	-263.958556849129	-193.627644310253	1.14713606120137	-102.864995660957	446.613049974273	433.426796588271	0.163914876264587	-2460.12793435571	-182.654493125139	-242.507868013955	-1.29124829148576
0.513	1052.20489375189	-363.307785400789	-314.953175023721	0.832182886177653	2567.60145817481	410.248708477966	409.547799657726	0.573462675922313	-3619.80635192669	-46.94092307717	-113.751529090355	-1.40499982057611
0.514	474.660577843259	-427.09391660323	-400.256081501103	0.43192680467655	4348.26946082249	333.726365025004	360.027314851037	0.93348999077335	-4822.93003866575	93.3675515782355	29.6455888555052	-1.37535423172061
0.515	438.699271788716	-449.07311951025	-440.042690756725	-0.00811588608017448	4655.39902328436	224.536559755091	282.088210621771	1.21557820139512	-5094.09829507307	224.536559755168	168.371502606444	-1.20698272911416
0.516	18.7330888686119	-427.093916603199	-440.787079133682	-0.448902965213856	3896.72668177424	93.3675515781365	164.07933417236	1.37965753556748	-3915.45977064286	333.726365025071	277.128633158659	-0.929854095955503
0.517	-1379.89370943987	-363.307785400737	-397.538711822996	-0.846441677036852	2970.87031025985	-46.9409230772579	21.1963842968987	1.40085391986438	-1590.97660081998	410.248708478002	356.03325572971	-0.573820840225793
0.518	-3472.81390899392	-263.958556849067	-304.924576865186	-1.15136625390204	2630.37238040308	-182.654493125208	-117.285641344405	1.28356827851997	842.44152859084	446.613049974281	416.171228155455	-0.157649612070338
0.519	-5261.1022286434	-138.771225645594	-186.959701454546	-1.33832595535658	2993.2288256196	-300.488568757388	-244.793872054119	1.03877440646586	2267.87340302381	439.259794402985	441.927591977652	0.284277979907314
0.52	-5686.01586479936	4.17941237174091E-11	-64.1714327778402	-1.40249738813442	3247.6927874645	-388.90872965262	-351.145263131905	0.68762914333395	2438.32307733487	388.908729652578	417.981924402304	0.702259904309618
0.521	-4529.2023080475	138.771225645685	61.7640480719983	-1.34073334006243	2363.98747117115	-439.259794403005	-418.049381185901	0.26957976214805	2165.21483687635	300.488568757317	346.463539661231	1.04872344397085
0.522	-2564.31018406642	263.958556849145	193.620852861592	-1.14711248720083	98.5219215779711	-446.613049974271	-433.454213835558	-0.163874451687508	2465.78826248845	182.65449312512	242.490413581865	1.29121385755271
0.523	-1050.23242015881	363.307785400786	314.950327053598	-0.832162160147236	-2571.14352068867	-410.248708477968	-409.532632315126	-0.573407084002635	3621.37594084748	46.9409230771748	113.794996887727	1.40500885444044
0.524	-479.724707302389	427.093916603229	400.263517741184	-0.431898642406052	-4348.92185080068	-333.726365025007	-360.083895441866	-0.933490979444501	4828.64655810307	-93.3675515782308	-29.7128675948266	1.37529598684561
0.525	-442.593338789454	449.073119510249	440.000469246013	0.00810182683996067	-4648.7537044578	-224.536559755084	-282.173434612366	-1.21566441405687	5091.34704324726	-224.536559755174	-168.353986258236	1.20694200058738
0.526	-20.3275226097992	427.0939166032	440.843128233272	0.448944955073232	-3890.77957835601	-93.3675515781414	-164.007906725089	-1.37967232078196	3911.10710096581	-333.726365025068	-277.046968663464	0.929895031923914
0.527	1376.86695975892	363.307785400732	397.566713545375	0.846511668618608	-2968.19077329017	46.9409230772659	-21.1594537231514	-1.40083177450511	1591.32381353124	-410.248708478005	-356.045091026357	0.573849940897557
0.528	3471.15277324871	263.958556849061	304.859608749198	1.15137127736781	-2626.71216379967	182.654493125216	117.220707559413	-1.28361106694569	-844.440609449043	-446.613049974282	-416.212842055688	0.157637098841869
0.529	5260.77570804047	138.771225645598	187.002585993885	1.33837386336169	-2985.01358934937	300.488568757385	244.812818054887	-1.03879824889081	-2275.76211869111	-439.259794402986	-441.836177010451	-0.284199078168582
0.53	5683.18986465512	-4.97237806484918E-11	64.1217174545368	1.40249558081623	-3243.5275600232	388.908729652623	351.10212408381	-0.687696124806996	-2439.66230463192	-388.908729652574	-418.088868626125	-0.702287946794707
0.531	4533.29493085592	-138.771225645681	-61.7450847433638	1.34075049607286	-2371.69276116547	439.259794403004	418.19105649179	-0.269505068315206	-2161.60216969045	-300.48856875732	-346.432068141062	-1.04872001493577
0.532	2564.86506629589	-263.958556849141	-193.626862454086	1.14712363361878	-102.037683668923	446.613049974271	433.401714607719	0.163896646292512	-2462.82738262697	-182.654493125125	-242.515536064527	-1.2912355510003
0.533	1056.28163491939	-363.307785400798	-315.010295901708	0.832113337717069	2565.48874925033	410.248708477959	409.525597339674	0.573422243632187	-3621.77038416972	-46.9409230771542	-113.796773277791	-1.40503232427809
0.534	486.685855374554	-427.093916603227	-400.27123291708	0.431842104799989	4339.19965957497	333.72636502501	360.114743232522	0.933536986864709	-4825.88551494952	93.3675515782261	29.6929998531128	-1.37533932442497
0.535	444.972126074434	-449.073119510249	-439.982181407691	-0.00814007660770146	4648.43391695681	224.536559755088	282.105504869036	1.21564249173375	-5093.40604303125	224.53655975517	168.375737975473	-1.2069635864495
0.536	22.6601434029911	-427.093916603198	-440.814277184828	-0.44895435379253	3892.52394485958	93.3675515781335	164.02382811484	1.37966631984858	-3915.18408826257	333.726365025073	277.091002820897	-0.929872583628604
0.537	-1380.67999791442	-363.307785400735	-397.47113194149	-0.84642548573402	2970.20005006801	-46.940923077261	21.2123668494246	1.40087868669801	-1589.52005215359	410.248708478003	356.062990478016	-0.573809593150588
0.538	-3472.39753197044	-263.958556849055	-304.933421741136	-1.15135890747516	2627.82302648737	-182.654493125223	-117.273899828027	1.28360478686998	844.574505483067	446.613049974283	416.164907694737	-0.157644685455851
0.539	-5256.95008588437	-138.771225645591	-187.010840426938	-1.33836974790209	2988.92095095536	-300.488568757391	-244.806894612954	1.03879789225703	2268.029134929	439.259794402984	441.91394708234	0.284269261626489
0.54	-5684.31471515408	4.49063009000383E-11	-64.1650622973433	-1.40253481019944	3244.82444423766	-388.908729652621	-351.16117598239	0.687636716274637	2439.49027091642	388.908729652576	417.966888667186	0.702236150293675
0.541	-4532.03702833519	138.771225645688	61.7736637627442	-1.34076114643669	2369.00817369999	-439.259794403006	-418.120936613158	0.269515779661479	2163.0288546352	300.488568757315	346.465473020394	1.04870162331407
0.542	-2562.29580398271	263.958556849137	193.628748430105	-1.14713239800659	98.3187943947312	-446.613049974272	-433.382362738315	-0.163866583076836	2463.97700958798	182.654493125129	242.527984219315	1.29122960753338
0.543	-1057.26202277639	363.307785400795	315.03859650116	-0.832093801505428	-2565.95821197153	-410.248708477961	-409.540026326047	-0.573406609402884	3623.22023474792	46.9409230771591	113.799924598853	1.40502953213224
0.544	-482.285456181539	427.09391660323	400.184645617485	-0.431909155887943	-4346.12637003306	-333.726365025005	-360.122280607504	-0.933528890010387	4828.4118262146	-93.3675515782338	-29.751844935157	1.37527768719708
0.545	-438.519549432312	449.07311951025	440.003271557656	0.00809411566971289	-4650.2524034611	-224.536559755092	-282.099831689522	-1.21562872169991	5088.77195289341	-224.536559755166	-168.292117116608	1.20698557008047
0.546	-16.2805113244915	427.0939166032	440.777075427811	0.448871191097524	-3895.90147894674	-93.3675515781383	-164.047390903971	-1.37967611260388	3912.18199027123	-333.72636502507	-277.134680529912	0.92985088955056
0.547	1378.2996801904	363.30778540073	397.593003267714	0.846464194365238	-2970.83126178355	46.9409230772689	-21.163202260472	-1.40083931486435	1592.53158159315	-410.248708478006	-356.03587392128	0.573815015629281
0.548	3474.07286075115	263.958556849058	304.910463587133	1.15137465795237	-2627.56994811008	182.654493125219	117.271400158138	-1.28356791470621	-846.502912641064	-446.613049974282	-416.130027047962	0.157684988581319
0.549	5259.20679584415	138.771225645595	186.983173438726	1.3383578313911	-2989.62626961266	300.488568757387	244.790173258134	-1.03877774144808	-2269.58052623149	-439.259794402985	-441.938639135279	-0.28425365055396
0.55	5680.28282750445	-5.2835957831121E-11	64.1653763260261	1.40252320771712	-3240.75212864433	388.908729652625	351.088701297649	-0.687689040150431	-2439.53069886012	-388.908729652572	-418.017109785122	-0.702270760339083
0.551	4529.22390306198	-138.771225645684	-61.7401470473444	1.34078306066978	-2370.06565670296	439.259794403005	418.1933563865	-0.269495683763931	-2159.15824635902	-300.488568757318	-346.451765239889	-1.04872252557897
0.552	2562.8132922149	-263.958556849144	-193.653786810005	1.14712927385977	-102.793462558442	446.613049974271	433.401730862975	0.163906047099044	-2460.01982965646	-182.654493125122	-242.534276911734	-1.29125680249071
0.553	1052.14888829584	-363.307785400792	-314.972411234731	0.832156862625043	2567.48364824814	410.248708477964	409.530547442133	0.573436594541177	-3619.63253654398	-46.9409230771638	-113.770505666448	-1.40502730815715
0.554	474.578165986058	-427.093916603232	-400.252855242529	0.431904007382514	4348.23504096238	333.726365024999	360.029833366742	0.933466427907919	-4822.81320694843	93.3675515782416	29.6489174454149	-1.37537839071174
0.555	438.645413274653	-449.07311951025	-440.020088180425	-0.00811608079791076	4655.39727250115	224.536559755086	282.110764243616	1.21557719215154	-5094.0426857758	224.536559755173	168.394617587672	-1.20698377312407
0.556	18.7040022449234	-427.093916603201	-440.764169040653	-0.448880249838564	3896.58585868385	93.3675515781429	164.103318280572	1.37968051043211	-3915.28986092877	333.726365025067	277.150894897486	-0.92983287822658
0.557	-1379.90229501167	-363.307785400733	-397.535056326439	-0.846415306165002	2970.71754750609	-46.9409230772641	21.2003068498139	1.40088081728192	-1590.81525249442	410.248708478004	356.037017152739	-0.573795861073842
0.558	-3472.67944401421	-263.958556849052	-304.942964685165	-1.15135827085017	2630.24390829589	-182.654493125226	-117.303169580373	1.28357764770155	842.435535718316	446.613049974283	416.154843239302	-0.157641017834539
0.559	-5260.95608374147	-138.771225645588	-186.984468688965	-1.33834273953913	2993.14205632608	-300.488568757393	-244.818723146079	1.03875892455547	2267.81402741539	439.259794402984	441.903323066437	0.284262305231898
0.56	-5685.92586660021	4.7975845518522E-11	-64.1818452475373	-1.40252458478667	3247.60221873619	-388.908729652623	-351.155922344773	0.687603002210696	2438.32364786403	388.908729652574	417.970826083788	0.702233131315686
0.561	-4528.99140672464	138.771225645691	61.7734936854011	-1.34075109110127	2363.79447103562	-439.259794403006	-418.038359446465	0.26956464276423	2165.19693568902	300.488568757312	346.473958509939	1.04870708982563
0.562	-2564.1539359682	263.95855684914	193.644960178236	-1.14710613092303	98.4511919678264	-446.613049974272	-433.431111317501	-0.16386646855327	2465.70274400038	182.654493125126	242.514709703554	1.29122179952918
0.563	-1050.18680542881	363.307785400797	314.96800443953	-0.832138126483504	-2571.04350064586	-410.24870847796	-409.516738138912	-0.573383206692182	3621.23030607467	46.940923077156	113.812443732845	1.40503424326202
0.564	-479.654369809441	427.093916603231	400.260530449986	-0.431877596033518	-4348.9029092451	-333.726365025003	-360.086198447504	-0.933469405139686	4828.55727905455	-93.3675515782369	-29.7159814799817	1.37531826178204
0.565	-442.549589807967	449.073119510249	439.979656153357	0.00810206011983907	-4648.76767939118	-224.536559755079	-282.19418241821	-1.2156635875579	5091.31726919914	-224.53655975518	-168.375304759639	1.2069429570224
0.566	-20.3073714735132	427.093916603199	440.822042898563	0.448924103018402	-3890.66417147232	-93.3675515781353	-164.029990813334	-1.37969357837123	3910.97154294583	-333.726365025072	-277.067470837019	0.929875486185385
0.567	1376.87034340222	363.307785400736	397.563334236331	0.846487437254733	-2968.06439761208	46.9409230772593	-21.1630612375253	-1.40085663960875	1591.19405420986	-410.248708478003	-356.048552052236	0.573826934133149
0.568	3471.02852372644	263.958556849056	304.876507390952	1.15136394464569	-2626.60844626108	182.654493125221	117.236848375629	-1.28361979123313	-844.420077465362	-446.613049974282	-416.197745288122	0.157629188845027
0.569	5260.64408600018	138.771225645593	187.025383149189	1.33838932779487	-2984.94933482962	300.488568757389	244.835728501764	-1.03878406273136	-2275.69475117055	-439.259794402985	-441.813807413816	-0.284184618568789
0.57	5683.11166248079	-5.59197133043199E-11	64.1313006057065	1.40252062840058	-3243.45918825312	388.908729652627	351.111950097697	-0.687672112633664	-2439.65247422767	-388.908729652571	-418.078631109152	-0.702263249677941
0.571	4533.10855487225	-138.771225645687	-61.7537871953127	1.34076684120527	-2371.53070047764	439.259794403005	418.180936859528	-0.269491175774136	-2161.57785439461	-300.488568757316	-346.441631260799	-1.04870488093874
0.572	2564.73089253646	-263.958556849136	-193.64908414925	1.14711775705602	-101.989181459982	446.613049974272	433.380447676661	0.163889271902525	-2462.74171107648	-182.654493125131	-242.537912976475	-1.29124279391521
0.573	1056.24775078905	-363.307785400794	-315.02655706008	0.832091199995938	2565.38118253782	410.248708477963	409.510971552693	0.573400243455218	-3621.62893332687	-46.9409230771608	-113.812834350521	-1.40505562826574
0.574	486.626839686089	-427.093916603233	-400.26847345729	0.431822726538648	4339.17055050983	333.726365024997	360.116841813153	0.933517085268371	-4825.79739019592	93.3675515782446	29.6958699739367	-1.3753597582918
0.575	444.936742356035	-449.073119510249	-439.963026529095	-0.00814029999044668	4648.44143201213	224.536559755083	282.124559410442	1.21564164467881	-5093.37817436816	224.536559755176	168.395389054296	-1.2069643692375
0.576	22.6460814409591	-427.0939166032	-440.794859857872	-0.448935159848319	3892.4113089375	93.36755157814	164.044173743215	1.37968581842203	-3915.05739037846	333.726365025069	277.10987289708	-0.929854496340422
0.577	-1380.68164914195	-363.307785400731	-397.468007053267	-0.846403166901586	2970.0794713588	-46.9409230772672	21.2156719806675	1.4009014904027	-1589.39782221686	410.248708478006	356.066165658123	-0.573788330682299
0.578	-3472.28468901178	-263.95855684906	-304.948941556619	-1.1513521084582	2627.7258361282	-182.654493125217	-117.288756509715	1.28361273389298	844.558852883583	446.613049974282	416.151022792101	-0.157637307890198
0.579	-5256.82936317671	-138.771225645585	-187.031865691098	-1.3383839741493	2988.86074964792	-300.488568757395	-244.828021197805	1.03878471269518	2267.9686135288	439.259794402983	441.89333234345	0.284256024453253
0.58	-5684.24389147323	5.10596009917208E-11	-64.173869759345	-1.40255784390865	3244.75889317009	-388.908729652624	-351.170201139545	0.68761451155563	2439.48499830314	388.908729652573	417.957457832712	0.702213482285964
0.581	-4531.86854962309	138.771225645682	61.7816822777719	-1.34077616163088	2368.85627926342	-439.259794403004	-418.11162509889	0.26950288645674	2163.01227035967	300.488568757319	346.474255189293	1.04868773747526
0.582	-2562.17699101848	263.958556849142	193.649237571316	-1.14712692405956	98.2714911074671	-446.613049974271	-433.362763830875	-0.163859877374135	2463.90549991101	182.654493125124	242.548591073632	1.29123632854889
0.583	-1057.23359852182	363.307785400791	315.053556719202	-0.832073367340357	-2565.8644471295	-410.248708477964	-409.526542097449	-0.573386419471585	3623.09804565132	46.9409230771656	113.814703723739	1.40505103227263
0.584	-482.233885303118	427.093916603232	400.182095429746	-0.431891271910611	-4346.10635899895	-333.726365025	-360.124210991513	-0.933510630463098	4828.34024430206	-93.3675515782398	-29.7545118880269	1.3752965203846
0.585	-438.489757899854	449.073119510249	439.985629346142	0.00809435743553159	-4650.26881930038	-224.536559755076	-282.117361741099	-1.2156279922042	5088.75857720023	-224.536559755182	-168.310240086155	1.20698628029845
0.586	-16.2710774553037	427.093916603197	440.759203208929	0.448853560644461	-3895.80632516461	-93.3675515781322	-164.066126024957	-1.37969411822915	3912.07740261991	-333.726365025074	-277.152059006128	0.929834221292318
0.587	1378.29877544469	363.307785400734	397.59011646079	0.846443677105251	-2970.72859709424	46.9409230772623	-21.1662468119378	-1.40086036504109	1592.42982164955	-410.248708478004	-356.038798077276	0.573795423215042
0.588	3473.96961236628	263.958556849053	304.9247308484	1.15136840795365	-2627.4896766562	182.654493125224	117.285085837715	-1.28357527920338	-846.47993571008	-446.613049974283	-416.117235557952	0.157678187657089
0.589	5259.09832032301	138.77122564559	187.002533256331	1.33837094120998	-2989.58033008528	300.488568757392	244.809646184311	-1.03876563301907	-2269.51799023772	-439.259794402984	-441.919635508268	-0.284241447851179
0.59	5680.22085425144	-5.89750470680883E-11	64.1734914720775	1.40254443268206	-3240.70087093597	388.908729652628	351.097023418821	-0.687668609600245	-2439.51998331547	-388.908729652569	-418.008412412237	-0.702249860263416
0.591	4529.07294313635	-138.77122564569	-61.7475256765736	1.34079690700549	-2369.93414255558	439.259794403006	418.184793888263	-0.269483815711982	-2159.13880058077	-300.488568757313	-346.459830665854	-1.04870969092927
0.592	2562.71052521217	-263.958556849139	-193.67269403666	1.14712421296883	-102.759316096954	446.613049974272	433.383672525384	0.163899856813402	-2459.95120911522	-182.654493125128	-242.553266670267	-1.29126295759954
0.593	1052.12803136562	-363.307785400796	-314.986177726257	0.832138035242568	2567.38789332346	410.248708477961	409.518138394543	0.573417995207945	-3619.51592468907	-46.9409230771577	-113.784121403035	-1.40504707900257
0.594	474.534289244307	-427.09391660323	-400.250499246643	0.431887535995924	4348.20971528533	333.726365025004	360.031596932369	0.933449592140314	-4822.74400452964	93.3675515782351	29.6513754998748	-1.3753957035027
0.595	438.621219836312	-449.073119510249	-440.003845541714	-0.00811630954578906	4655.41037290971	224.53655975508	282.126873095584	1.2155764652359	-5094.03159274602	224.536559755178	168.411330789258	-1.20698437271344
0.596	18.6985323685522	-427.093916603195	-440.747703722	-0.448864013267789	3896.49528041269	93.3675515781245	164.120586686563	1.37969705192246	-3915.19381278124	333.726365025079	277.166900944078	-0.929817471769361
0.597	-1379.89991415457	-363.307785400729	-397.532397066119	-0.846396410333908	2970.62009623193	-46.9409230772702	21.2031026491453	1.40090015457161	-1590.72018207737	410.248708478007	356.039690285405	-0.573777781483956
0.598	-3472.58570545345	-263.958556849057	-304.956064920841	-1.15135247525475	2630.16955273341	-182.65449312522	-117.315768175863	1.28358438639574	842.416152720036	446.613049974282	416.143079976478	-0.157634701507478
0.599	-5260.8562440574	-138.771225645582	-187.002326528546	-1.33835480178329	2993.09978246723	-300.488568757398	-244.836680047712	1.03874770634803	2267.75646159017	439.259794402982	441.885812213082	0.284251110705604
0.6	-5685.86970614086	5.41149347554892E-11	-64.1893122562809	-1.40254411403958	3247.55441404554	-388.908729652626	-351.163581482274	0.687584124865759	2438.31529209532	388.908729652572	417.962807170447	0.702213917876051
0.601	-4528.85444444365	138.771225645697	61.7803011445155	-1.34076381289506	2363.67296212379	-439.259794403008	-418.030470940557	0.269553653925202	2165.18148231986	300.488568757308	346.481383376654	1.0486953012527
0.602	-2564.06296571565	263.958556849145	193.662392461321	-1.14710142043374	98.4189362416177	-446.613049974271	-433.414469541767	-0.163860815616566	2465.64402947404	182.654493125121	242.532191636118	1.29122749288882
0.603	-1050.16939762097	363.307785400793	314.980667215258	-0.832120753218482	-2570.9576606824	-410.248708477963	-409.505303944179	-0.573366119560744	3621.12705830338	46.9409230771625	113.824978824559	1.40505247171338
0.604	-479.615606488042	427.093916603233	400.25835219549	-0.431862401022992	-4348.88383772849	-333.726365024998	-360.0878170511	-0.933453936611844	4828.49944421653	-93.3675515782429	-29.7182670626661	1.37533420465072
0.605	-442.528845034108	449.073119510249	439.964695305569	0.00810229428257736	-4648.78477358206	-224.536559755084	-282.209012959581	-1.21566294957143	5091.31361861616	-224.536559755174	-168.390706081831	1.20694349856889
0.606	-20.304299986818	427.093916603197	440.80688277527	0.448909177057847	-3890.58523450766	-93.3675515781293	-164.045895533061	-1.37970884510449	3910.88953449448	-333.726365025076	-277.082213690166	0.929861284878719
0.607	1376.86700714585	363.307785400725	397.560875449489	0.846470052507336	-2967.97928678963	46.9409230772781	-21.1656380978584	-1.40087448320234	1591.11227964378	-410.24870847801	-356.051017393603	0.573810267485116
0.608	3470.94261258917	263.958556849061	304.888561842189	1.15135861434952	-2626.54477034013	182.654493125215	117.248453956582	-1.28362602924576	-844.397842249037	-446.613049974282	-416.1869054052	0.157623362079915
0.609	5260.55409397157	138.771225645587	187.04182574516	1.33840044009468	-2984.9158529731	300.488568757394	244.85227929708	-1.03877374994868	-2275.63824099848	-439.259794402983	-441.79766988674	-0.284174307806824
0.61	5683.06201162501	-6.20445916865719E-11	64.1381825229859	1.40253862261767	-3243.42015861694	388.90872965263	351.119009984228	-0.687654739964456	-2439.64185300807	-388.908729652568	-418.07123702266	-0.702245544829484
0.611	4532.98570168641	-138.771225645693	-61.76005861052	1.34077856400715	-2371.42393135438	439.259794403006	418.17368204822	-0.269481057916236	-2161.56177033202	-300.488568757311	-346.448456351355	-1.04869400118084
0.612	2564.65116782724	-263.958556849151	-193.665153079961	1.14711341092719	-101.965083907384	446.61304997427	433.365118859436	0.163884060943201	-2462.68608391986	-182.654493125113	-242.554019826263	-1.2912480210071
0.613	1056.23515332068	-363.307785400798	-315.038213838223	0.832075197088966	2565.29679264687	410.248708477959	409.500444563815	0.573384505507015	-3621.53194596755	-46.9409230771547	-113.824378902139	-1.40507239990924
0.614	486.593514569165	-427.093916603231	-400.266464038333	0.431808733050633	4339.14925500038	333.726365025002	360.118321888447	0.933502827395463	-4825.74276956955	93.3675515782381	29.6979754604829	-1.37537442444876
0.615	444.919875537983	-449.073119510249	-439.949251369679	-0.00814051831904591	4648.45654873773	224.536559755077	282.138195579054	1.21564102297452	-5093.37642427571	224.536559755181	168.409589298292	-1.20696483515047
0.616	22.6454569072769	-427.093916603198	-440.78089208847	-0.448921410407516	3892.33672177378	93.367551578134	164.058836763	1.37969985973752	-3914.98217868106	333.726365025073	277.123449178385	-0.929841385972081
0.617	-1380.67798091379	-363.307785400728	-397.46573423916	-0.846387144646676	2970.00011152111	-46.9409230772733	21.2180384728413	1.40091789821036	-1589.32213060732	410.248708478008	356.068430203105	-0.573772955768976
0.618	-3472.20634816635	-263.958556849045	-304.96002394033	-1.15134716858701	2627.66725914567	-182.654493125234	-117.299440992321	1.28361845721804	844.539089020676	446.613049974284	416.141047628722	-0.157631908140254
0.619	-5256.74612623283	-138.771225645591	-187.047036853895	-1.3383942054409	2988.83005245347	-300.48856875739	-244.84328524942	1.03877517196862	2267.91607377936	439.259794402985	441.878457193856	0.284246549053601
0.62	-5684.19814249989	5.71844793739729E-11	-64.1802007365784	-1.40257440617748	3244.72205812075	-388.908729652627	-351.176691279125	0.687598480689493	2439.47608437913	388.90872965257	417.95064416882	0.702197193222421
0.621	-4531.75650678531	138.7712256457	61.7874600406634	-1.34078694613682	2368.7572162153	-439.259794403008	-418.104949832054	0.269493530857439	2162.99929057001	300.488568757305	346.480528506886	1.04867772172931
0.622	-2562.10532011706	263.958556849147	193.664051591917	-1.1471228945449	98.2487898146491	-446.613049974271	-433.348637461146	-0.163855106603708	2463.85653030241	182.654493125118	242.563431475405	1.29124115320471
0.623	-1057.22270239596	363.307785400802	315.064289825213	-0.832058604719685	-2565.78853727112	-410.248708477956	-409.516834311255	-0.573371940914962	3623.01123966708	46.9409230771468	113.825336988777	1.40506649019349
0.624	-482.203957260214	427.093916603234	400.180240220542	-0.431878364499143	-4346.08893987192	-333.726365024997	-360.125576021596	-0.933497516936559	4828.29289713213	-93.3675515782459	-29.7564603435758	1.37531002984991
0.625	-438.474868304833	449.073119510249	439.972938091049	0.0080945735919065	-4650.28598553578	-224.536559755082	-282.129916517509	-1.21562743345407	5088.76085384061	-224.536559755177	-168.323329930707	1.20698669991921
0.626	-16.2715031167319	427.093916603196	440.746342151167	0.448840915743074	-3895.74058557605	-93.3675515781262	-164.079630566991	-1.37970706402106	3912.01208869278	-333.726365025078	-277.164564361345	0.929822135557862
0.627	1378.29467643455	363.30778540073	397.588017800276	0.84642893354335	-2970.65837792545	46.9409230772685	-21.1684295639882	-1.40087549358505	1592.3637014909	-410.248708478006	-356.040887015176	0.573781248542686
0.628	3473.89808460539	263.958556849048	304.934929345222	1.15136386288857	-2627.43907340149	182.65449312523	117.294931012062	-1.28358056257298	-846.4590112039	-446.613049974283	-416.108043902699	0.157673204639988
0.629	5259.0233420152	138.771225645572	187.016505287847	1.33838036817642	-2989.55552551929	300.488568757406	244.823713439558	-1.03875684913343	-2269.46781649591	-439.25979440298	-441.905923672283	-0.284232719032296
0.63	5680.1801364153	-5.23669996255194E-11	64.1793312189587	1.40255969939538	-3240.67012565791	388.908729652625	351.103008341968	-0.687653840791459	-2439.5100107574	-388.908729652572	-418.002129791323	-0.702234848823619
0.631	4528.97119218472	-138.771225645695	-61.7528422122233	1.34080685718315	-2369.84537920629	439.259794403007	418.178648229497	-0.269475192561962	-2159.12581297843	-300.488568757309	-346.465598717806	-1.04870044754142
0.632	2562.64737973166	-263.958556849154	-193.686365104301	1.14712049207885	-102.741513486508	446.61304997427	433.370650287496	0.163895457725534	-2459.90586624515	-182.654493125111	-242.566947024723	-1.29126739456615
0.633	1052.12029333754	-363.307785400799	-314.996060764145	0.832124431314708	2567.31451772824	410.248708477958	409.509200938514	0.573404658664048	-3619.43481106578	-46.9409230771516	-113.793921294301	-1.40506131586045
0.634	474.508138574203	-427.093916603236	-400.248787033178	0.43187564428153	4348.19135013583	333.726365024991	360.032846698966	0.933437505363014	-4822.69948871004	93.3675515782536	29.6531698921023	-1.37540814596835
0.635	438.608952193021	-449.07311951025	-439.992156607091	-0.00811651232556118	4655.42647105964	224.536559755075	282.138420736675	1.21557592609969	-5094.03542325266	224.536559755184	168.423404966285	-1.20698474100206
0.636	18.7003620907373	-427.093916603197	-440.735848654671	-0.448852360980232	3896.43411422276	93.367551578131	164.133040946688	1.37970896704638	-3915.13447631349	333.726365025075	277.17842363833	-0.929806317363732
0.637	-1379.8954779691	-363.307785400726	-397.530465092127	-0.84638282607236	2970.55443304667	-46.9409230772764	21.2051102737967	1.40091407732017	-1590.65895507757	410.248708478009	356.041601420831	-0.5737647159429
0.638	-3472.52073779296	-263.958556849053	-304.965436479206	-1.15134826255157	2630.12326663385	-182.654493125225	-117.324832882928	1.28358924443725	842.397471159116	446.613049974283	416.13462361147	-0.157630092331431
0.639	-5260.78694128479	-138.771225645576	-187.015219008389	-1.33836348155995	2993.07740034668	-300.488568757402	-244.849653987281	1.03873959044997	2267.70954093811	439.259794402981	441.873175163924	0.284243082832493
0.64	-5685.83252015307	6.03250782660325E-11	-64.1946892084628	-1.40255817076842	3247.52621619429	-388.908729652629	-351.169093701346	0.687570496748619	2438.30630395878	388.908729652568	417.957012913295	0.702200095745788
0.641	-4528.76164533913	138.771225645703	61.785206200687	-1.34077296456773	2363.5915558361	-439.259794403009	-418.024807977473	0.269545688771146	2165.17008950303	300.488568757303	346.486697551541	1.04868679329733
0.642	-2564.00652704942	263.95855684915	193.674995557487	-1.14709796901024	98.4026728244398	-446.61304997427	-433.402468548765	-0.163856779777619	2465.60385422498	182.654493125115	242.544790425939	1.29123158372327
0.643	-1050.16284335668	363.307785400797	314.98976368767	-0.832108205322573	-2570.8907399745	-410.24870847796	-409.497066206868	-0.573353845984487	3621.05358333118	46.9409230771564	113.834007296374	1.40506559101964
0.644	-479.592054797943	427.093916603235	400.256770210667	-0.431851435111906	-4348.86853254203	-333.726365024994	-360.088966452345	-0.933442812436832	4828.46058733998	-93.3675515782489	-29.7199313784098	1.37534565964123
0.645	-442.517859914714	449.073119510249	439.953926028631	0.00810249091672545	-4648.80118109565	-224.536559755079	-282.219650341768	-1.2156624627786	5091.31904101036	-224.536559755179	-168.401828229436	1.2069438314118
0.646	-20.3066679804175	427.093916603195	440.795965147097	0.448898456063822	-3890.53027692782	-93.3675515781232	-164.05736829722	-1.37971983107582	3910.83694490824	-333.72636502508	-277.092829764623	0.929851001647173
0.647	1376.86262822062	363.307785400729	397.559087801228	0.84645754386505	-2967.92037563251	46.9409230772716	-21.167491241916	-1.40088732231774	1591.05774741189	-410.248708478007	-356.052783113392	0.57379821853378
0.648	3470.88301829109	263.958556849056	304.897193113801	1.15135473697885	-2626.50368391279	182.654493125221	117.256806617395	-1.28363051570034	-844.379334378297	-446.613049974283	-416.179110687239	0.157619107846542
0.649	5260.4914111992	138.771225645581	187.053698513563	1.33840843549241	-2984.89717772344	300.488568757399	244.86423658949	-1.03876627911085	-2275.59423347576	-439.259794402982	-441.786023382289	-0.284166915535747
0.65	5683.02864985995	-5.54791768081486E-11	64.1431421870924	1.40255157767951	-3243.39587293968	388.908729652626	351.124092170234	-0.687642186940618	-2439.63277692026	-388.908729652571	-418.065894625072	-0.702232810160819
0.651	4532.9015955574	-138.771225645698	-61.7645776219582	1.34078700005755	-2371.3506008443	439.259794403008	418.168469066735	-0.269473717873882	-2161.5509947131	-300.488568757307	-346.453345488446	-1.04868615564926
0.652	2564.6008499895	-263.958556849146	-193.67677067875	1.1471102293788	-101.952002010378	446.613049974271	433.354060836841	0.163880342962958	-2462.64884797912	-182.65449312512	-242.565630643263	-1.29125178629253
0.653	1056.23059347036	-363.307785400794	-315.046591985165	0.832063637393633	2565.23322390928	410.248708477962	409.492857910514	0.573373200873473	-3621.46381737964	-46.9409230771612	-113.83269652417	-1.4050844828167
0.654	486.572791379317	-427.093916603233	-400.265006554679	0.431798630838954	4339.133923429	333.726365024997	360.119374393534	0.933492575267007	-4825.70671480832	93.3675515782442	29.6995070943131	-1.37538497572238
0.655	444.910782440502	-449.073119510249	-439.93933241883	-0.00814070157987617	4648.4721261857	224.536559755083	282.147983018371	1.21564055828538	-5093.3829086262	224.536559755175	168.419845704513	-1.20696513001787
0.656	22.6486744473445	-427.093916603193	-440.770829192961	-0.448911530772837	3892.28553238649	93.3675515781155	164.069418232617	1.37970997651799	-3914.93420683384	333.726365025086	277.133228668158	-0.929831901349714
0.657	-1380.6738725824	-363.307785400731	-397.464081600676	-0.846375612373513	2969.94574856788	-46.9409230772667	21.2197425810992	1.40092971909909	-1589.27187598548	410.248708478005	356.07005357089	-0.573761847778824
0.658	-3472.15202614953	-263.958556849039	-304.967964406737	-1.15134357678025	2627.62977484139	-182.65449312524	-117.307132155674	1.28362258694342	844.522251308147	446.613049974285	416.13387217508	-0.157627975603745
0.659	-5256.68800823059	-138.771225645573	-187.057994186909	-1.33840157096716	2988.81313222037	-300.488568757405	-244.854313954218	1.0387682729892	2267.87487601022	439.25979440298	441.867720136655	0.28423974453291
0.66	-5684.16722498927	5.06332753502647E-11	-64.1847655825061	-1.40258633654966	3244.69927690231	-388.908729652624	-351.181365585213	0.68758690740399	2439.46794808696	388.908729652573	417.945720025913	0.702185464558824
0.661	-4531.67953544875	138.771225645706	61.7916231316791	-1.34079471341799	2368.6894839226	-439.25979440301	-418.100153358274	0.269486754045716	2162.99005152615	300.488568757301	346.485024806748	1.04867048936557
0.662	-2562.0596782994	263.958556849152	193.674760952271	-1.14711995246571	98.2367121892662	-446.61304997427	-433.338446121542	-0.163851692075827	2463.82296611014	182.654493125112	242.574132355871	1.29124462172144
0.663	-1057.21862266354	363.307785400806	315.07200874693	-0.832047943718785	-2565.73075380998	-410.248708477954	-409.509835847084	-0.573361527922911	3622.94937647352	46.9409230771407	113.833002394752	1.40507762411619
0.664	-482.185058715725	427.093916603235	400.178895124344	-0.43186904859444	-4346.07560686187	-333.726365024992	-360.126548137724	-0.933488076060635	4828.2606655776	-93.3675515782519	-29.7578752458145	1.37531974887038
0.665	-438.466564667097	449.073119510249	439.96379706274	0.00809474846829989	-4650.30143272278	-224.536559755076	-282.138933280686	-1.21562700934132	5088.76799738987	-224.536559755182	-168.33278281047	1.20698696605991
0.666	-16.2747176032201	427.093916603194	440.737074061527	0.448831822529827	-3895.69455991447	-93.3675515781203	-164.089376880274	-1.3797163862216	3911.96927751769	-333.726365025082	-277.173574529351	0.929813391530559
0.667	1378.29059308927	363.307785400727	397.586492589108	0.846418315118936	-2970.60937496	46.9409230772746	-21.1700024806638	-1.40088638870226	1592.31878187073	-410.248708478009	-356.042386275177	0.573771005255381
0.668	3473.84835431696	263.958556849043	304.942241895854	1.15136055701479	-2627.40584361899	182.654493125235	117.302019839615	-1.28358436886264	-846.442510697973	-446.613049974284	-416.101430162902	0.15766957509248
0.669	5258.97083233115	138.771225645578	187.02659717079	1.33838715418558	-2989.54127600136	300.488568757401	244.833876838826	-1.03875049202382	-2269.42955632979	-439.259794402981	-441.896025645686	-0.284226450553206
0.67	5680.15227296781	-5.85487214266323E-11	64.1835447700021	1.40257069895558	-3240.65031267092	388.908729652628	351.107319930419	-0.6876431720934	-2439.50196029689	-388.908729652569	-417.997589337433	-0.702224039890639
0.671	4528.90067568993	-138.771225645701	-61.75667320793	1.34081402574765	-2369.78359623632	439.259794403008	418.174229273883	-0.269468942819517	-2159.11707945361	-300.488568757304	-346.46973593767	-1.04869377582831
0.672	2562.60660968911	-263.958556849149	-193.696248850347	1.1471177768973	-102.731395545603	446.61304997427	433.361252771595	0.163892309952079	-2459.87521414351	-182.654493125117	-242.57681367349	-1.2912705895018
0.673	1052.11758006906	-363.307785400803	-315.003171468772	0.832114605428532	2567.25987554526	410.248708477956	409.50275610148	0.573395066053559	-3619.37745561431	-46.9409230771455	-113.800987802311	-1.40507157730411
0.674	474.491264152859	-427.093916603234	-400.247546739064	0.431867058689468	4348.17821888284	333.726365024996	360.033737311718	0.933428803365277	-4822.6694830357	93.3675515782472	29.6544717335494	-1.37541710557056
0.675	438.601976773093	-449.073119510249	-439.983735359393	-0.00811667666992436	4655.44138008848	224.53655975508	282.146718826265	1.21557552219154	-5094.04335686157	224.536559755178	168.432125683978	-1.20698497988658
0.676	18.7039430984718	-427.093916603195	-440.727302159198	-0.448843978829123	3896.39170139563	93.3675515781249	164.142032258761	1.3797175544503	-3915.0956444941	333.726365025079	277.186728074292	-0.929798251812291
0.677	-1379.89150346324	-363.307785400729	-397.529061101266	-0.846373039930388	2970.50887649667	-46.9409230772698	21.2065584542331	1.40092411290454	-1590.61737303343	410.248708478007	356.042973916331	-0.57375527789596
0.678	-3472.47563416657	-263.958556849037	-304.972159376474	-1.15134519930686	2630.09301675621	-182.654493125243	-117.33136077293	1.28359275213161	842.382617410357	446.613049974285	416.128537329597	-0.157626740566364
0.679	-5260.73832390612	-138.771225645582	-187.024533355998	-1.33836973266286	2993.06467069071	-300.488568757397	-244.859028546177	1.03873372358543	2267.67365321541	439.259794402982	441.864051934408	0.284237311368045
0.68	-5685.80703544187	5.36886091140332E-11	-64.1985700194003	-1.40256830268226	3247.50819443462	-388.908729652625	-351.173066643227	0.687560656942202	2438.29884100725	388.908729652572	417.952824496697	0.702190135864741
0.681	-4528.6971997123	138.771225645709	61.7887409262468	-1.34077956175601	2363.53505948667	-439.25979440301	-418.020735284593	0.269539921657609	2165.16214022563	300.488568757299	346.490511135845	1.04868064700059
0.682	-2563.96987451893	263.958556849145	193.684106552532	-1.14709545520348	98.3936162274768	-446.613049974271	-433.39380746891	-0.163853885811301	2465.57625829146	182.654493125121	242.553879134728	1.29123452613531
0.683	-1050.16052169133	363.307785400808	314.996311482171	-0.832099143721311	-2570.84062973987	-410.248708477953	-409.491124178993	-0.573345009990294	3621.00115143121	46.9409230771376	113.840520142962	1.40507504627828
0.684	-479.57670311528	427.093916603236	400.255624531808	-0.431843519189503	-4348.85718073293	-333.72636502499	-360.089786612513	-0.933434796602807	4828.43388384821	-93.3675515782549	-29.7211376907685	1.37535390858751
0.685	-442.511391336482	449.073119510249	439.946165728091	0.00810264653858746	-4648.81534187795	-224.536559755063	-282.227297494047	-1.21566209409685	5091.32673321444	-224.536559755196	-168.409859616403	1.2069440489711
0.686	-20.3102359955064	427.093916603193	440.788093108892	0.448890739647479	-3890.49161978022	-93.3675515781172	-164.065652068043	-1.3797277461649	3910.80185577573	-333.726365025084	-277.100483061279	0.929843565909826
0.687	1376.8588759358	363.307785400725	397.557788055432	0.846448527702911	-2967.87898150002	46.9409230772777	-21.168829372354	-1.40089657553725	1591.02010556422	-410.24870847801	-356.054052947819	0.573789512962007
0.688000000000001	3470.84151023216	263.958556849041	304.903389015797	1.15135191671871	-2626.4762720682	182.654493125238	117.262823188094	-1.28363375234916	-844.365238163952	-446.613049974285	-416.173499007027	0.15761601395498
0.689000000000001	5260.4473126617	138.771225645575	187.062276871584	1.33841419359029	-2984.88615625072	300.488568757403	244.872876643122	-1.03876087570603	-2275.56115641099	-439.259794402981	-441.777614269488	-0.284161600314508
0.690000000000001	5683.00556454073	-7.43654027246521E-11	64.1467236401447	1.40256091723044	-3243.37987019642	388.908729652636	351.12775641784	-0.687633119288195	-2439.62569434431	-388.908729652561	-418.062032768197	-0.702223633082705
0.691000000000001	4532.84280691901	-138.771225645704	-61.7678343932631	1.34079308283717	-2371.29906627366	439.25979440301	418.164717820485	-0.26946840146771	-2161.54374064534	-300.488568757302	-346.4568559554	-1.04868048903811
0.692000000000001	2564.56776557335	-263.958556849151	-193.685169356999	1.14710791348017	-101.944302065245	446.61304997427	433.346078675086	0.163877677207376	-2462.62346350811	-182.654493125114	-242.574008038547	-1.29125449707665
0.693000000000001	1056.22912247146	-363.307785400805	-315.052624903456	0.832055288576719	2565.18629198482	410.248708477955	409.487384385633	0.573365061593009	-3621.41541445628	-46.9409230771424	-113.838697945113	-1.40509319502177
0.694000000000001	486.559065637913	-427.093916603235	-400.263952328673	0.431791336248047	4339.12299635569	333.726365024993	360.120125695542	0.933485187288551	-4825.6820619936	93.3675515782502	29.7006160723665	-1.3753925789494
0.695000000000001	444.90533405523	-449.073119510249	-439.932183273196	-0.00814084702514884	4648.48573958823	224.536559755067	282.155022004676	1.21564020929323	-5093.39107364346	224.536559755192	168.427252952043	-1.20696532599736
0.696000000000001	22.6524687024229	-427.093916603194	-440.763571258509	-0.448904418283658	3892.24972072634	93.3675515781219	164.077060559883	1.37971726985311	-3914.90218942876	333.726365025081	277.140280614124	-0.929825045383233
0.697000000000001	-1380.67053623529	-363.307785400728	-397.462879717289	-0.846367298000947	2969.90770199645	-46.9409230772729	21.2209740187379	1.40093824387185	-1589.23716576116	410.248708478008	356.071221774111	-0.573753823609122
0.698000000000001	-3472.11421883466	-263.958556849045	-304.973666893794	-1.15134096489474	2627.60482962991	-182.654493125234	-117.312673087418	1.28362557078443	844.50938920475	446.613049974284	416.128705135918	-0.157625118473204
0.699000000000001	-5256.64706965658	-138.77122564558	-187.06591235979	-1.33840687725453	2988.80318673615	-300.488568757399	-244.86228363725	1.03876328714718	2267.84388292044	439.259794402982	441.85996693945	0.284234848466246
0.700000000000001	-5684.14577712751	8.22808488010196E-11	-64.1880627117062	-1.40259493996624	3244.68425561843	-388.90872965264	-351.184736568016	0.687578550579164	2439.46152150908	388.908729652557	417.942159914456	0.702177008380702
0.701000000000001	-4531.62565423192	138.7712256457	61.7946232939013	-1.34080031667234	2368.64196459326	-439.259794403008	-418.096702103773	0.269481848475391	2162.98368963866	300.488568757306	346.488254162156	1.04866526254286
0.702000000000001	-2562.02948095843	263.958556849147	193.682502540456	-1.14711781413188	98.2296593181697	-446.613049974271	-433.331088940914	-0.163849240465523	2463.79982164026	182.654493125118	242.58185457979	1.29124711712265
0.703000000000001	-1057.21722459388	363.30778540081	315.07756957913	-0.832040244552749	-2565.68795032749	-410.248708477952	-409.504785156705	-0.573354025622228	3622.90517492137	46.9409230771345	113.838535155161	1.40508565227781
0.704000000000001	-482.172432435418	427.093916603233	400.177922221911	-0.431862322330839	-4346.06589328526	-333.726365024997	-360.127242703971	-0.933481268326199	4828.23832572068	-93.3675515782455	-29.7588990336262	1.37532675324418
0.705000000000001	-438.46147474332	449.073119510249	439.957207133933	0.00809488480309455	-4650.31429271815	-224.53655975506	-282.145421209053	-1.21562668953525	5088.77576746147	-224.536559755198	-168.339609265383	1.2069871439788
0.706000000000001	-16.278218313587	427.093916603192	440.730387934622	0.448825272737717	-3895.66207011474	-93.3675515781142	-164.096416237692	-1.37972310577294	3911.94028842833	-333.726365025086	-277.180073210221	0.929807070768578
0.707000000000001	1378.28732902467	363.307785400731	397.585384200997	0.846410656938714	-2970.57478789047	46.940923077268	-21.1711393714953	-1.40089424514444	1592.2874588658	-410.248708478006	-356.043466087414	0.573763604681164
0.708000000000001	3473.81360962793	263.958556849038	304.947496203796	1.15135815314251	-2627.38340794225	182.654493125241	117.307127830638	-1.2835871173138	-846.430201685679	-446.613049974285	-416.096666366829	0.157666938314335
0.709000000000001	5258.9337664659	138.771225645572	187.033889807654	1.33839204295016	-2989.53265635435	300.488568757406	244.84122096755	-1.03874589634625	-2269.40111011156	-439.25979440298	-441.888877595739	-0.284221939281405
0.710000000000001	5680.13278881276	-7.74207364884205E-11	64.186589607591	1.40257863255776	-3240.63694384435	388.908729652637	351.110430341805	-0.687635466004446	-2439.49584496841	-388.90872965256	-417.994306412103	-0.702216245693507
0.711000000000001	4528.85104384499	-138.771225645707	-61.7594342834677	1.34081919827429	-2369.73986703665	439.25979440301	418.171048340422	-0.269464417664025	-2159.11117680834	-300.4885687573	-346.472708894465	-1.04868895458797
0.712000000000001	2562.57938822042	-263.958556849154	-193.703394125648	1.14711580414864	-102.725208799134	446.61304997427	433.354467377283	0.163890049713258	-2459.85417942129	-182.654493125111	-242.583934960951	-1.29127288954892
0.713000000000001	1052.1168089696	-363.307785400807	-315.00829561471	0.83210750853393	2567.21976501617	410.248708477954	409.498104244968	0.573388153958227	-3619.33657398577	-46.9409230771393	-113.806089235506	-1.40507897878443
0.714000000000001	474.479826393982	-427.093916603236	-400.246650444155	0.431860858089775	4348.16889051882	333.726365024992	360.034373564801	0.933422527523027	-4822.6487169128	93.3675515782532	29.6554127397843	-1.37542356604464
0.715000000000001	438.5976437345	-449.073119510249	-439.977663250868	-0.0081168051610936	4655.45383327512	224.536559755064	282.15269170587	1.2155752192289	-5094.05147700962	224.536559755194	168.438424464572	-1.20698514158007
0.716000000000001	18.7074427568992	-427.093916603194	-440.721134917768	-0.448837940078861	3896.36186317795	93.3675515781188	164.148527692001	1.3797237469209	-3915.06930593485	333.726365025083	277.192718693117	-0.929792422886956
0.717000000000001	-1379.88846643521	-363.307785400726	-397.528040564383	-0.846365980643245	2970.47676930019	-46.9409230772759	21.2076059479773	1.40093135286888	-1590.58830286498	410.248708478009	356.043962881623	-0.573748460005333
0.718000000000001	-3472.44416787331	-263.958556849042	-304.976991479801	-1.15134297212305	2630.07261172101	-182.654493125237	-117.336065191984	1.28359528767689	842.371556152296	446.613049974284	416.124152763628	-0.157624307241705
0.719000000000001	-5260.70394799341	-138.771225645577	-187.031265473729	-1.33837423759678	2993.05699441608	-300.488568757402	-244.865803300207	1.03872948437668	2267.64695357733	439.259794402981	441.857462986265	0.28423315574456
0.720000000000001	-5685.78921474251	7.25890458852518E-11	-64.2013746654886	-1.40257561226226	3247.49607643429	-388.908729652635	-351.175933667297	0.687553550709388	2438.29313830822	388.908729652562	417.949795592914	0.702182951337474
0.721000000000001	-4528.65179893044	138.771225645703	61.7912886872942	-1.34078432357497	2363.49511106057	-439.259794403009	-418.017803102228	0.26953574760716	2165.15668786987	300.488568757303	346.493252405671	1.04867620374315
0.722000000000001	-2563.94530912079	263.95855684916	193.690692929946	-1.14709363064502	98.3881386149776	-446.613049974269	-433.387553425845	-0.163851805818685	2465.55717050581	182.654493125104	242.560439962276	1.29123664370542
0.723000000000001	-1050.15985218937	363.307785400804	315.001031549605	-0.832092599095419	-2570.8037941983	-410.248708477955	-409.486834112939	-0.573338639931624	3620.96364638767	46.9409230771442	113.845222978705	1.40508186668413
0.724000000000001	-479.566240264543	427.093916603234	400.254796626498	-0.43183780246892	-4348.84900618979	-333.726365024995	-360.090373115086	-0.93342901304671	4828.41524645433	-93.3675515782485	-29.7220093495121	1.37535985733462
0.725000000000001	-442.50725306716	449.07311951025	439.94056930286	0.00810276683393936	-4648.82685005718	-224.536559755069	-282.232803441675	-1.21566181648839	5091.33410312434	-224.53655975519	-168.415659592611	1.206944197742
0.726000000000001	-20.313587754348	427.093916603195	440.782411937264	0.448885178771203	-3890.46423859479	-93.3675515781236	-164.071636861746	-1.37973345335013	3910.77782634914	-333.72636502508	-277.106005556079	0.929838192185926
0.727000000000001	1376.85603149196	363.307785400714	397.556842837744	0.846442021608947	-2967.84963849376	46.9409230772965	-21.1697980295633	-1.40090325137969	1590.9936070018	-410.248708478018	-356.05496901577	0.573783223170156
0.728000000000001	3470.81244656509	263.958556849046	304.907844568195	1.15134986617714	-2626.45756216645	182.654493125232	117.267160015217	-1.28363609136448	-844.354884398639	-446.613049974284	-416.169455292397	0.157613767877759
0.729000000000001	5260.4160817036	138.771225645581	187.068477140601	1.33841834331774	-2984.87934365235	300.488568757398	244.87912077811	-1.03875697058637	-2275.53673805125	-439.259794402982	-441.77154027305	-0.284157772395291
0.730000000000001	5682.98932828954	-8.05755462351954E-11	64.1493128864541	1.4025676562042	-3243.36894497635	388.908729652639	351.130401582426	-0.687626569003941	-2439.62038331319	-388.908729652558	-418.059239950444	-0.702217012345735
0.731000000000001	4532.8012242545	-138.771225645698	-61.7701819871119	1.34079747421708	-2371.26240249356	439.259794403008	418.162016010763	-0.269464552993178	-2161.53882176095	-300.488568757307	-346.459380268958	-1.04867639261469
0.732000000000001	2564.54540275317	-263.958556849166	-193.691240859942	1.14710623335714	-101.93946731591	446.613049974268	433.340314161764	0.163875761168586	-2462.60593543726	-182.654493125097	-242.580055998426	-1.29125644861312
0.733000000000001	1056.22882323493	-363.307785400809	-315.056974849282	0.83204925850786	2565.15199619173	410.248708477952	409.483432125272	0.573359193293858	-3621.38081942666	-46.9409230771363	-113.843032210195	-1.40509948082331
0.734000000000001	486.54962723615	-427.093916603233	-400.263191464058	0.431786067043802	4339.11522839784	333.726365024998	360.120662856867	0.933479856150725	-4825.66485563399	93.3675515782437	29.701416629019	-1.37539806419429
0.735000000000001	444.901813636882	-449.073119510249	-439.92702680954	-0.00814095976573711	4648.49680246469	224.536559755061	282.160091248183	1.21563994739891	-5093.39861610158	224.536559755197	168.432602910351	-1.20696546128394
0.736000000000001	22.6558298449933	-427.093916603193	-440.758332048779	-0.448899291814516	3892.22439256617	93.3675515781159	164.082583059792	1.3797225304587	-3914.88022241116	333.726365025085	277.14537008066	-0.929820091203284
0.737000000000001	-1380.66807910228	-363.307785400717	-397.462005432562	-0.846361297247077	2969.88076282288	-46.9409230772917	21.2218658261487	1.40094439628485	-1589.2126837206	410.248708478016	356.072064868672	-0.573748026334611
0.738000000000001	-3472.0877603576	-263.95855684904	-304.977768741749	-1.15133906598883	2627.5878023336	-182.654493125239	-117.316667477085	1.28362772880776	844.499958023998	446.613049974285	416.124981316326	-0.157623045018285
0.739000000000001	-5256.61803689976	-138.771225645574	-187.071636209061	-1.33841070219789	2988.797034871	-300.488568757404	-244.868043694852	1.03875968511291	2267.82100202876	439.259794402981	441.854366398046	0.284231321379761
0.740000000000001	-5684.13066123123	7.57296447773115E-11	-64.1904466149434	-1.40260114881283	3244.67395681791	-388.908729652636	-351.187170215877	0.687572514897035	2439.45670441332	388.908729652561	417.939584981225	0.702170906360985
0.741000000000001	-4531.58751573607	138.771225645705	61.7967858000006	-1.34080436301283	2368.60817577045	-439.25979440301	-418.094216780807	0.269478298116228	2162.97933996563	300.488568757301	346.490576602047	1.04866148296303
0.742000000000001	-2562.00896993096	263.958556849162	193.6880987183	-1.14711626429453	98.2252327495678	-446.613049974268	-433.325775385787	-0.163847477269559	2463.7837371814	182.654493125101	242.587430233846	1.29124891319688
0.743000000000001	-1057.21687422893	363.307785400806	315.08158072042	-0.83203468357411	-2565.65664569769	-410.248708477954	-409.501137199708	-0.573348614469267	3622.87351992662	46.9409230771411	113.842531869099	1.40509144506598
0.744000000000001	-482.163702799363	427.093916603235	400.17721992197	-0.43185746365214	-4346.05893132804	-333.726365024992	-360.12773966718	-0.933476354136447	4828.2226341274	-93.3675515782515	-29.7596378574037	1.37533180720857
0.745000000000001	-438.458140023764	449.073119510249	439.952453065603	0.00809498941346323	-4650.32450368592	-224.536559755066	-282.150095613786	-1.21562644975023	5088.78264370969	-224.536559755193	-168.344539710873	1.2069872674977
0.746000000000001	-16.2812532293093	427.093916603194	440.725560888897	0.44882055030236	-3895.63899482387	-93.3675515781206	-164.101502815552	-1.37972795256578	3911.92024805318	-333.726365025082	-277.184764234236	0.929802503263464
0.747000000000001	1378.28490689471	363.30778540072	397.584578516642	0.846405128819002	-2970.55020796388	46.9409230772869	-21.171962666797	-1.40089991523258	1592.26530106917	-410.248708478014	-356.04424590794	0.573758257355524
0.748000000000001	3473.78919462203	263.958556849044	304.951277207102	1.1513564060261	-2627.36796884559	182.654493125235	117.310810729681	-1.2835891045029	-846.421225776437	-446.613049974284	-416.093232347842	0.157665025007682
0.749000000000001	5258.90744958128	138.771225645554	187.039161010176	1.33839556703628	-2989.52721409995	300.48856875742	244.846528616375	-1.03874257588653	-2269.38023548132	-439.259794402976	-441.883713697554	-0.284218688689872
0.750000000000001	5680.11898831014	-7.08695324647124E-11	64.1887919179536	1.40258435895423	-3240.6276650597	388.908729652634	351.112676623613	-0.687629899262913	-2439.49132325044	-388.908729652563	-417.991931803249	-0.702210620493121
0.751000000000001	4528.81579342718	-138.771225645701	-61.761424675415	1.34082293427882	-2369.70863735485	439.259794403008	418.168757011965	-0.269461142250948	-2159.10715607234	-300.488568757305	-346.47484774541	-1.04868546823853
0.752000000000001	2562.56079609142	-263.958556849169	-193.708559667311	1.14711437461151	-102.72121326806	446.613049974268	433.349566144315	0.163888423893368	-2459.83958282336	-182.654493125094	-242.589077274167	-1.2912745455127
0.753000000000001	1052.11676872558	-363.307785400803	-315.011992391694	0.832102382219814	2567.19053605387	410.248708477956	409.494744138935	0.573383168032302	-3619.30730477946	-46.9409230771459	-113.80977482705	-1.40508432033975
0.754000000000001	474.471851420718	-427.093916603242	-400.246003908984	0.43185637831083	4348.16226947991	333.726365024979	360.034828570671	0.933417996602974	-4822.63412090063	93.3675515782717	29.6560913371469	-1.3754282290026
0.755000000000001	438.5947922507	-449.073119510249	-439.973282349681	-0.00811690403885131	4655.46370343088	224.536559755059	282.156995875616	1.21557499247859	-5094.05849568158	224.536559755199	168.442974366787	-1.20698525463581
0.756000000000001	18.7103573809406	-427.093916603196	-440.716681420494	-0.448833585459346	3896.34068799154	93.3675515781253	164.153222039851	1.37972821451844	-3915.05104537248	333.726365025079	277.197043371202	-0.929788211264612
0.757000000000001	-1379.88627017171	-363.307785400715	-397.527298608959	-0.846360884068305	2970.45393832727	-46.9409230772947	21.2083649189938	1.40093657943743	-1590.56766815556	410.248708478017	356.044677286661	-0.573743533977952
0.758000000000001	-3472.42209581372	-263.958556849038	-304.980469091038	-1.15134135315934	2630.05856005851	-182.654493125242	-117.339457335978	1.28359712210146	842.363535755207	446.613049974285	416.120991938307	-0.157622542039645
0.759000000000001	-5260.67949239022	-138.771225645559	-187.036132674529	-1.33837748583387	2993.0521491055	-300.488568757416	-244.870700090643	1.03872642201081	2267.62734328472	439.259794402977	441.85270277703	0.284230160737385
0.760000000000001	-5685.77659246518	7.87991893957951E-11	-64.2034031937484	-1.40258088902762	3247.48767810611	-388.908729652638	-351.178004587042	0.687548417423771	2438.28891435907	388.908729652559	417.947604420258	0.702177765157643
0.761000000000001	-4528.61953654883	138.771225645708	61.7931254754176	-1.3407877635522	2363.46658995933	-439.25979440301	-418.015690657975	0.269532726765796	2165.1529465895	300.488568757299	346.495224997468	1.04867299015511
0.762000000000001	-2563.9284839089	263.958556849165	193.695454329311	-1.14709230922289	98.3846239709947	-446.613049974268	-433.383035778161	-0.163850309012364	2465.54385993791	182.654493125098	242.56517811354	1.29123816826865
0.763000000000001	-1050.15980574494	363.307785400807	315.004437655033	-0.832087871567859	-2570.7769529006	-410.248708477953	-409.483734595786	-0.57333404360815	3620.93675864554	46.9409230771381	113.848621076224	1.40508678934487
0.764000000000001	-479.558920602635	427.09391660324	400.254199307036	-0.431833672260823	-4348.84317834133	-333.726365024982	-360.090792946233	-0.933424836554383	4828.40209894397	-93.367551578267	-29.7226379720088	1.37536415137287
0.765000000000001	-442.504454278481	449.073119510249	439.936531131656	0.00810285887083318	-4648.83585155286	-224.536559755063	-282.236771913538	-1.21566160846792	5091.34030583134	-224.536559755195	-168.419848502132	1.20694430287073
0.766000000000001	-20.3163462617387	427.093916603193	440.778309219781	0.448881168090614	-3890.44474340305	-93.3675515781176	-164.075962374114	-1.37973757084203	3910.76108966479	-333.726365025084	-277.109993385375	0.929834309485359
0.767000000000001	1376.85397205166	363.307785400718	397.556155278478	0.846437323369092	-2967.82872204921	46.9409230772899	-21.1705003445788	-1.40090807118661	1590.97474999755	-410.248708478015	-356.055631463362	0.573778678021997
0.768000000000001	3470.79198373615	263.958556849041	304.911052548411	1.1513483759175	-2626.44458537743	182.654493125238	117.270287679991	-1.28363778350662	-844.347398358716	-446.613049974285	-416.166539485444	0.157612138536553
0.769000000000001	5260.39384816304	138.771225645563	187.072959628819	1.33842133554632	-2984.87496818146	300.488568757412	244.883634104558	-1.03875414940206	-2275.51887998158	-439.259794402978	-441.767151561005	-0.284155013024453
0.770000000000001	5682.9777910708	-7.39248662284808E-11	64.1511861489716	1.40257252169529	-3243.36132651245	388.908729652635	351.132312898133	-0.687621836503931	-2439.61646455835	-388.908729652561	-418.057219576958	-0.702212232601411
0.771000000000001	4532.77159883038	-138.771225645704	-61.7718745626525	1.34080064713264	-2371.2361461642	439.259794403009	418.160068947436	-0.269461767556496	-2161.53545266619	-300.488568757302	-346.461197186996	-1.04867342978841
0.772000000000001	2564.5300085035	-263.958556849161	-193.695630132739	1.1471050169999	-101.936287916293	446.613049974269	433.336149827381	0.163874382270885	-2462.59372058721	-182.654493125103	-242.584423912815	-1.29125785370122
0.773000000000001	1056.22894312634	-363.307785400805	-315.060114292466	0.832044902707435	2565.127063279	410.248708477955	409.480576563331	0.573354958834216	-3621.35600640533	-46.9409230771428	-113.846164432029	-1.40510401813325
0.774000000000001	486.542997972124	-427.093916603243	-400.262643214836	0.4317822594926	4339.1096959897	333.726365024977	360.121047152504	0.93347600598672	-4825.65269396183	93.3675515782747	29.7019933977001	-1.37540202473555
0.775000000000001	444.899428352335	-449.073119510249	-439.923305721812	-0.00814104622921224	4648.50543758749	224.536559755067	282.163745390366	1.21563975137709	-5093.40486593983	224.536559755191	168.43646734285	-1.2069655573927
0.776000000000001	22.6585386023129	-427.093916603195	-440.754547793915	-0.448895594023127	3892.20635501636	93.3675515781222	164.086575139644	1.37972632651673	-3914.86489361867	333.726365025081	277.149045663129	-0.929816511729571
0.777000000000001	-1380.66633386115	-363.307785400713	-397.461369289202	-0.846356963312329	2969.86155949984	-46.9409230772978	21.2225125714456	1.40094883908818	-1589.19522563869	410.248708478018	356.072674674694	-0.573743837054877
0.778000000000001	-3472.06913824904	-263.958556849045	-304.980722540231	-1.15133768585256	2627.57598134749	-182.654493125233	-117.319548354397	1.28362929073378	844.493156901547	446.613049974284	416.122295996529	-0.157621541058348
0.779000000000001	-5256.59733391138	-138.771225645556	-187.075774760299	-1.33841346061286	2988.79307199762	-300.488568757418	-244.872207365721	1.03875708336806	2267.80426191375	439.259794402977	441.850319674358	0.284228778616011
0.780000000000001	-5684.11989515146	8.18545231595635E-11	-64.1921713096603	-1.40260563192252	3244.66672950992	-388.90872965264	-351.188928600667	0.68756815476739	2439.45316564154	388.908729652558	417.937722022751	0.702166500638762
0.781000000000001	-4531.56033451789	138.771225645699	61.7983447856665	-1.34080728713685	2368.58398347036	-439.259794403008	-418.092426232721	0.269475728534669	2162.97635104752	300.488568757306	346.492248211522	1.04865874885028
0.782000000000001	-2561.99478285075	263.958556849167	193.69214409261	-1.14711514304424	98.2223128278701	-446.613049974268	-433.321936590324	-0.163846208055655	2463.77247002288	182.654493125095	242.591457474473	1.29125020632476
0.783000000000001	-1057.21691160525	363.307785400809	315.084476671079	-0.832030666373163	-2565.63389107167	-410.248708477952	-409.498500821828	-0.573344708877484	3622.85080267691	46.940923077135	113.845420586187	1.40509562691094
0.784000000000001	-482.157546450176	427.093916603241	400.176713706462	-0.431853952666701	-4346.05396296019	-333.72636502498	-360.128095451395	-0.933472804328879	4828.21150941037	-93.36755157827	-29.7601701186296	1.37533545679231
0.785000000000001	-438.455861453782	449.073119510249	439.949021754653	0.00809506908795162	-4650.33235950124	-224.536559755061	-282.153466482381	-1.21562627081126	5088.78822095502	-224.536559755198	-168.348101138618	1.2069873556537
0.786000000000001	-16.2836713394097	427.093916603188	440.722074074896	0.448817143162848	-3895.62253070496	-93.367551578102	-164.105179432443	-1.3797314502437	3911.90620204437	-333.726365025095	-277.188152557421	0.929799203096276
0.787000000000001	1378.28315689095	363.307785400716	397.583992812932	0.84640113597578	-2970.53266184874	46.940923077293	-21.1725595588432	-1.40090400980255	1592.24950495779	-410.248708478016	-356.044810234223	0.573754392862052
0.788000000000001	3473.77193944677	263.958556849039	304.954000852483	1.15135513682826	-2627.35719815756	182.65449312524	117.313467312163	-1.28359054249038	-846.414741289208	-446.613049974285	-416.090755487561	0.157663637374491
0.789000000000001	5258.88867909462	138.77122564556	187.042971715464	1.33839810854373	-2989.52365523138	300.488568757415	244.850364978122	-1.03874017751226	-2269.36502386324	-439.259794402978	-441.879982166191	-0.284216344791699
0.790000000000001	5680.10912600056	-7.70228325563949E-11	64.1903857946298	1.40258849433836	-3240.62110981222	388.908729652637	351.114300137678	-0.687625877374583	-2439.48801618834	-388.90872965256	-417.9902136938	-0.702206558485499
0.791000000000001	4528.79061301396	-138.771225645719	-61.7628597631354	1.34082563457522	-2369.68622816842	439.259794403012	418.167105851461	-0.269458771523122	-2159.10438484554	-300.488568757291	-346.476387698041	-1.04868294618354
0.792000000000001	2562.54789751071	-263.958556849163	-193.712294092518	1.1471133404827	-102.718533703435	446.613049974268	433.346024882751	0.163887253359629	-2459.82936380727	-182.6544931251	-242.592791785635	-1.29127573796918
0.793000000000001	1052.11697287897	-363.307785400806	-315.014661591658	0.832098678891044	2567.16931480054	410.248708477953	409.49231580279	0.573379569162419	-3619.28628767952	-46.9409230771398	-113.8124388975	-1.40508817686668
0.794000000000001	474.466200084144	-427.09391660324	-400.245538181133	0.431853140709911	4348.15755831736	333.726365024983	360.035154069518	0.933414723231936	-4822.62375840151	93.3675515782653	29.6565799267987	-1.37543159693988
0.795000000000001	438.592850992302	-449.07311951025	-439.970120276613	-0.00811697956670142	4655.47128502454	224.536559755065	282.160100052623	1.21557482328456	-5094.06413601684	224.536559755194	168.446261316464	-1.20698533562341
0.796000000000001	18.7126328502457	-427.09391660319	-440.713463774571	-0.448830443341273	3896.325575258	93.3675515781069	164.156615660624	1.37973143894518	-3915.03820810824	333.726365025092	277.200167162892	-0.929785168460521
0.797000000000001	-1379.88471431907	-363.307785400718	-397.52675913436	-0.846357202475633	2970.43761773467	-46.9409230772882	21.2089154139108	1.40094035435909	-1590.55290341561	410.248708478014	356.045194326236	-0.573739974134285
0.798000000000001	-3472.40652763201	-263.958556849043	-304.982974270564	-1.1513401767462	2630.04874889588	-182.654493125236	-117.341904301421	1.28359845005767	842.357778736124	446.613049974284	416.118712141006	-0.157621261993279
0.799000000000001	-5260.66200487581	-138.771225645565	-187.039652197404	-1.3383798289436	2993.04897453895	-300.488568757411	-244.874239891798	1.03872421016588	2267.61303033686	439.259794402979	441.849262911001	0.284228000917722
0.800000000000001	-5685.76757228895	7.21627202437958E-11	-64.2048710988081	-1.40258470004241	3247.48175115537	-388.908729652635	-351.179501554424	0.687544708611452	2438.28582113357	388.908729652562	417.946018848454	0.702174019766176
0.801000000000001	-4528.59648386009	138.771225645726	61.7944499260461	-1.34079025011636	2363.44612539842	-439.259794403014	-418.014168214702	0.26953054039675	2165.15035846167	300.488568757285	346.49664543872	1.0486706652049
0.802000000000001	-2563.91678778127	263.95855684916	193.698896551543	-1.14709135356482	98.3822794781228	-446.613049974269	-433.37977155942	-0.16384923116267	2465.53450830314	182.654493125104	242.56860100586	1.29123926621076
0.803000000000001	-1050.15996911513	363.307785400804	315.006897433312	-0.832084456131507	-2570.75747785502	-410.248708477955	-409.481494102847	-0.573330725265517	3620.91744697015	46.9409230771446	113.851077515905	1.40509034372666
0.804000000000001	-479.553721440455	427.093916603242	400.253768867287	-0.43183068726422	-4348.83902858923	-333.726365024978	-360.091093596132	-0.933421818861649	4828.39275002969	-93.367551578273	-29.7230906836941	1.37536725304297
0.805000000000001	-442.502494761623	449.07311951025	439.933616206132	0.00810292894191152	-4648.84271245298	-224.536559755069	-282.239634329947	-1.2156614531916	5091.3452072146	-224.53655975519	-168.422874070704	1.20694437897226
0.806000000000001	-20.3184942122607	427.093916603187	440.775345016555	0.448878273958467	-3890.4308070173	-93.3675515780991	-164.07908942937	-1.37974054262097	3910.74930122956	-333.726365025097	-277.112874637665	0.929831504334598
0.807000000000001	1376.85250517042	363.307785400714	397.555655024479	0.846433928982946	-2967.81375598783	46.940923077296	-21.1710101025711	-1.40091155272354	1590.96125081741	-410.248708478017	-356.056111402565	0.573775392932033
0.808000000000001	3470.77750151448	263.958556849047	304.913364275398	1.15134729325834	-2626.43547977804	182.654493125232	117.272544166971	-1.28363900855657	-844.342021736434	-446.613049974284	-416.164435965698	0.157610956966336
0.809000000000001	5260.37795145269	138.771225645557	187.076200777431	1.33842349403577	-2984.87206616142	300.488568757417	244.886896811016	-1.03875211174555	-2275.50588529127	-439.25979440298	-441.763979754041	-0.284153022787705
0.810000000000001	5682.96953128983	-8.00781663201633E-11	64.1525420496145	1.40257603608539	-3243.35594364166	388.908729652638	351.133694948978	-0.687618416796571	-2439.61358764816	-388.908729652565	-418.055757653555	-0.70220878044126
0.811000000000001	4532.75039182202	-138.771225645722	-61.7730950767459	1.34080294100864	-2371.21727490083	439.259794403013	418.158665316604	-0.269459751479967	-2161.53311692119	-300.488568757288	-346.462505746833	-1.04867128618809
0.812000000000001	2564.51926421118	-263.958556849166	-193.698803322899	1.14710413768574	-101.934131040899	446.613049974268	433.333140774007	0.16387338929404	-2462.58513317029	-182.654493125097	-242.58757939614	-1.29125886558423
0.813000000000001	1056.22918249114	-363.307785400816	-315.06238170491	0.832041755980834	2565.10898518818	410.248708477947	409.478512467081	0.573351901761121	-3621.33816767932	-46.9409230771367	-113.848428860079	-1.40510729444431
0.814000000000001	486.538285619624	-427.093916603241	-400.262248683236	0.431779507297598	4339.10573904725	333.726365024981	360.121322120613	0.933473223881734	-4825.64402466687	93.3675515782558	29.7024083299795	-1.37540488611433
0.815000000000001	444.897765883337	-449.073119510249	-439.920619502001	-0.00814111220440253	4648.51201098225	224.536559755073	282.166381177889	1.21563960505962	-5093.40977686559	224.536559755185	168.439258967434	-1.2069656271469
0.816000000000001	22.6606336196264	-427.093916603189	-440.751813252067	-0.448892925456469	3892.19344870506	93.3675515781038	164.089461626672	1.3797290666863	-3914.85408232468	333.726365025094	277.151701526792	-0.929813925620107
0.817000000000001	-1380.66510941667	-363.307785400717	-397.460906308716	-0.846353831765186	2969.84781296794	-46.9409230772912	21.2229820353678	1.40095204872166	-1589.18270355127	410.248708478016	356.073116482934	-0.573740809137174
0.818000000000001	-3472.05596527795	-263.958556849019	-304.98285125818	-1.15133668302337	2627.56767851155	-182.654493125262	-117.321626837296	1.28363042188437	844.488286766405	446.613049974287	416.12035873365	-0.157620450403524
0.819000000000001	-5256.58250556462	-138.77122564555	-187.07876756878	-1.33841545059215	2988.79043577714	-300.488568757423	-244.875217464298	1.03875520442007	2267.79206978748	439.259794402975	441.847395028575	0.28422694462505
0.820000000000001	-5684.11216717272	8.80362449606764E-11	-64.1934195969136	-1.40260887018906	3244.66158337304	-388.908729652643	-351.190199844884	0.687565004575186	2439.45058379968	388.908729652555	417.936373870694	0.702163318495745
0.821000000000001	-4531.54087562634	138.771225645717	61.7994688080159	-1.34080940138104	2368.56659983053	-439.259794403012	-418.091135958728	0.269473868616458	2162.97427579581	300.488568757292	346.493451997098	1.04865677049284
0.822000000000001	-2561.98484416542	263.958556849162	193.695068488224	-1.14711433289282	98.2203234637962	-446.613049974269	-433.319162621316	-0.163845294004858	2463.76452070163	182.654493125101	242.594367051064	1.29125113754391
0.823000000000001	-1057.21707060219	363.307785400821	315.086568879754	-0.832027764013065	-2565.61740106034	-410.248708477944	-409.496594672918	-0.573341888677776	3622.83447166253	46.9409230771161	113.847509276484	1.40509864682039
0.824000000000001	-482.153153924782	427.093916603243	400.176349233349	-0.431851414779716	-4346.05041240659	-333.726365024976	-360.128350210989	-0.933470238888765	4828.20356633137	-93.367551578276	-29.7605530751572	1.37533809374523
0.825000000000001	-438.454265146468	449.073119510249	439.946544312104	0.00809512953238834	-4650.33827094118	-224.536559755055	-282.155898909863	-1.21562613779863	5088.79253608765	-224.536559755203	-168.350673900116	1.20698741984512
0.826000000000001	-16.2855265209935	427.09391660319	440.719554394444	0.448814683926833	-3895.6107405273	-93.3675515781086	-164.107837425794	-1.37973397522442	3911.89626704829	-333.72636502509	-277.190601132776	0.929796818712341
0.827000000000001	1378.28190118539	363.30778540072	397.583566996677	0.84639825092351	-2970.52009977719	46.9409230772864	-21.1729926120494	-1.40090696783647	1592.23819859179	-410.248708478014	-356.045219250501	0.57375159946184
0.828000000000001	3473.75968124922	263.958556849024	304.95596426469	1.1513542151882	-2627.34960920449	182.654493125258	117.315384187373	-1.2835915836491	-846.410072044733	-446.613049974287	-416.08896826395	0.15766263119789
0.829000000000001	5258.87524014534	138.771225645554	187.045726874518	1.33839994206272	-2989.52125733431	300.488568757419	244.853138146966	-1.03873844550213	-2269.35398281103	-439.259794402976	-441.877285130805	-0.284214653932915
0.830000000000001	5680.10202903183	-8.32045543575077E-11	64.1915398058404	1.40259148186856	-3240.61642338503	388.90872965264	351.115474235211	-0.687622971266921	-2439.48560564679	-388.908729652557	-417.988970325586	-0.702203624258501
0.831000000000001	4528.77255612579	-138.771225645713	-61.7638946048091	1.34082758726375	-2369.67010668855	439.259794403011	418.165915781453	-0.269457055485468	-2159.10244943724	-300.488568757296	-346.477496992749	-1.04868112125125
0.832000000000001	2562.53885049969	-263.958556849158	-193.714993997779	1.14711259326597	-102.716691178451	446.613049974269	433.343465704869	0.1638864102194	-2459.82215932124	-182.654493125106	-242.595475550665	-1.29127659680191
0.833000000000001	1052.11722864288	-363.307785400818	-315.016589971008	0.832096003294964	2567.15393687027	410.248708477946	409.490560191903	0.573376970411304	-3619.27116551315	-46.940923077121	-113.814365245015	-1.40509096204693
0.834000000000001	474.462156588956	-427.093916603242	-400.24520306996	0.431850800225004	4348.15419281324	333.726365024979	360.035386912177	0.933412357323481	-4822.6163494022	93.3675515782713	29.656931273893	-1.37543403077304
0.835000000000001	438.591504671237	-449.073119510249	-439.967837270197	-0.00811703704519328	4655.47699009942	224.536559755059	282.162340075006	1.21557469739849	-5094.06849477066	224.536559755199	168.448636087674	-1.20698539468536
0.836000000000001	18.7143546236894	-427.093916603192	-440.711138139011	-0.448828175184204	3896.3147455946	93.3675515781133	164.159069430517	1.379733766829	-3915.02910021829	333.726365025087	277.202424503585	-0.929782970181778
0.837000000000001	-1379.88361853541	-363.307785400722	-397.526366854129	-0.846354542038333	2970.42591065976	-46.9409230772816	21.2093149725676	1.40094308180157	-1590.54229212434	410.248708478011	356.045569053944	-0.573737401127835
0.838000000000001	-3472.39549347142	-263.958556849027	-304.984780103022	-1.15133932214136	2630.04182809208	-182.654493125253	-117.343669924191	1.28359941187738	842.35366537934	446.613049974286	416.117067231938	-0.157620333895897
0.839000000000001	-5260.64944718842	-138.771225645559	-187.042197567803	-1.33838151970916	2993.04683081382	-300.488568757416	-244.876799047517	1.03872261282986	2267.6026163746	439.259794402977	441.846776689587	0.28422644279369
0.840000000000001	-5685.76108207262	7.83444420449086E-11	-64.2059336622585	-1.40258745337142	3247.47752002169	-388.908729652638	-351.180584218846	0.687542028611018	2438.28356205093	388.908729652559	417.944871279244	0.702171314072934
0.841000000000001	-4528.57995084917	138.771225645732	61.7954050623386	-1.34079204830908	2363.43140308337	-439.259794403015	-418.013070786316	0.269528957824702	2165.1485477658	300.48856875728	346.497668727322	1.04866898280026
0.842000000000001	-2563.90857266758	263.958556849154	193.701385196225	-1.14709066311285	98.3806776000136	-446.61304997427	-433.377412552524	-0.163848454727822	2465.52789506757	182.65449312511	242.571074285195	1.29124005708545
0.843000000000001	-1050.16017768805	363.307785400815	315.008674765504	-0.832081988347349	-2570.7433782969	-410.248708477948	-409.479873957401	-0.573328328685223	3620.90355598495	46.9409230771258	113.852853783512	1.40509291086896
0.844000000000001	-479.549994483021	427.09391660324	400.253458966617	-0.431828529380733	-4348.83606683453	-333.726365024982	-360.091308930502	-0.933419637615725	4828.38606131755	-93.3675515782666	-29.7234163624742	1.37536949450649
0.845000000000001	-442.501092935188	449.07311951025	439.931511536744	0.0081029821560113	-4648.84784721863	-224.536559755064	-282.241700008051	-1.21566133762378	5091.34894015381	-224.536559755195	-168.425059460851	1.20694443504564
0.846000000000001	-20.3201219445417	427.093916603185	440.773202671694	0.448876184827706	-3890.42081299197	-93.367551578093	-164.081350464532	-1.37974268808831	3910.74093493652	-333.726365025101	-277.114957283262	0.929829477762377
0.847000000000001	1376.85146434078	363.30778540071	397.55529096503	0.846431475792736	-2967.80301951793	46.9409230773022	-21.1713803839377	-1.40091406847225	1590.95155517715	-410.24870847802	-356.056459625512	0.573773018136865
0.848000000000001	3470.7672064515	263.958556849031	304.915031161697	1.15134650695443	-2626.42903644228	182.654493125249	117.274172579859	-1.28363989589239	-844.33817000922	-446.613049974286	-416.162917920739	0.157610100216126
0.849000000000001	5260.36654408452	138.771225645564	187.078544634781	1.33842505158921	-2984.87008774019	300.488568757412	244.889255659343	-1.03875064023304	-2275.49645634433	-439.259794402978	-441.761687001295	-0.284151586785169
0.850000000000001	5682.96358251551	-9.90070248008124E-11	64.1535237890425	1.40257857537826	-3243.35210780121	388.908729652648	351.134694838413	-0.687615945394631	-2439.6114747143	-388.908729652549	-418.05469965192	-0.70220628643709
0.851000000000001	4532.73516045259	-138.771225645728	-61.7739752851094	1.34080460009315	-2371.20368424831	439.259794403014	418.157653256	-0.269458292138631	-2161.53147620427	-300.488568757284	-346.463448550484	-1.04866973498757
0.852000000000001	2564.51169556949	-263.958556849171	-193.701097439447	1.1471035026537	-101.932637408226	446.613049974268	433.330966138628	0.163872673999997	-2462.57905816127	-182.654493125091	-242.589859412811	-1.29125959440038
0.853000000000001	1056.22942480328	-363.307785400812	-315.06402010836	0.83203948254534	2565.09589533271	410.24870847795	409.477019996662	0.573349693996659	-3621.32532013599	-46.9409230771305	-113.850066390896	-1.40510966079128
0.854000000000001	486.534911784065	-427.093916603239	-400.261965086093	0.431777517459247	4339.10289445028	333.726365024985	360.121518832537	0.933471212829195	-4825.63780623435	93.3675515782618	29.7027064858626	-1.37540695430542
0.855000000000001	444.896587300719	-449.073119510249	-439.918679879916	-0.00814116242066901	4648.51693186933	224.536559755046	282.168283261017	1.21563949609021	-5093.41351917005	224.536559755213	168.441275720831	-1.20696567858459
0.856000000000001	22.6622220468474	-427.093916603187	-440.749836618323	-0.448890999038992	3892.1841817345	93.3675515780978	164.091549086009	1.37973104517622	-3914.84640378135	333.726365025098	277.153621349751	-0.929812057234836
0.857000000000001	-1380.66425239662	-363.307785400713	-397.460569273006	-0.846351568311998	2969.83794552765	-46.9409230772974	21.2233230328494	1.40095436820907	-1589.17369313103	410.248708478018	356.073436986513	-0.573738620248323
0.858000000000001	-3472.04660935895	-263.958556849035	-304.984386158831	-1.15133595447083	2627.56179844586	-182.654493125245	-117.323126744585	1.28363124146449	844.484810913087	446.613049974285	416.118960733468	-0.157619659514855
0.859000000000001	-5256.57184703256	-138.771225645568	-187.080932115293	-1.33841688658612	2988.78863615044	-300.488568757409	-244.877393822202	1.03875384764228	2267.78321088212	439.25979440298	441.845280974679	0.284225621459824
0.860000000000001	-5684.10658477654	9.41895450523589E-11	-64.1943233356497	-1.40261120992177	3244.65788265404	-388.908729652645	-351.191119293358	0.687562728348926	2439.4487021225	388.908729652551	417.935398111957	0.702161019571781
0.861000000000001	-4531.52690129315	138.771225645723	61.800279262503	-1.34081093065927	2368.55408109608	-439.259794403013	-418.090206113743	0.269472522235183	2162.97282019706	300.488568757287	346.494319124857	1.04865533869664
0.862000000000001	-2561.97781851946	263.958556849167	193.697182589575	-1.14711374806969	98.2189401681621	-446.613049974268	-433.317157817842	-0.163844635582659	2463.7588783513	182.654493125096	242.596469533798	1.29125180823044
0.863000000000001	-1057.21724560137	363.307785400824	315.088081152411	-0.832025666917283	-2565.60546953116	-410.248708477941	-409.495216041298	-0.573339851623957	3622.82271513253	46.94092307711	113.849019919857	1.40510082815029
0.864000000000001	-482.149997158732	427.093916603237	400.176087049528	-0.431849579867755	-4346.04786618481	-333.726365024989	-360.128532626715	-0.933468384250672	4828.19786334354	-93.3675515782571	-29.7608283239943	1.3753399998263
0.865000000000001	-438.453130220498	449.07311951025	439.94475514509	0.00809517527733498	-4650.34264671254	-224.53655975505	-282.157654989086	-1.21562603923976	5088.79577693304	-224.536559755209	-168.35253255357	1.20698746727273
0.866000000000001	-16.286922415521	427.093916603188	440.717733086048	0.448812908363383	-3895.60227284878	-93.3675515781025	-164.109759237185	-1.37973579847694	3911.8891952643	-333.726365025094	-277.192371266183	0.929795096006547
0.867000000000001	1378.28099818824	363.307785400716	397.583257413756	0.846396165777139	-2970.5110884166	46.9409230772925	-21.1733069316156	-1.40090910540856	1592.23009022836	-410.248708478016	-356.045516060762	0.573749579945784
0.868000000000001	3473.75093467624	263.958556849019	304.957380365697	1.15135354614284	-2627.34422255123	182.654493125264	117.316767615992	-1.28359233779257	-846.406712125009	-446.613049974288	-416.08767828004	0.157661901665744
0.869000000000001	5258.86558863878	138.771225645548	187.047719003228	1.33840126514606	-2989.51960012182	300.488568757424	244.855142891274	-1.03873719490129	-2269.34598851696	-439.259794402975	-441.875335494409	-0.284213433828665
0.870000000000001	5680.09689133049	-8.9343643594475E-11	64.1923756052403	1.40259364075131	-3240.61304324701	388.908729652643	351.116323683962	-0.687620871217331	-2439.48384808348	-388.908729652554	-417.988070396814	-0.702201504225479
0.871000000000001	4528.75957158823	-138.771225645718	-61.7646408798791	1.34082899987143	-2369.65848453714	439.259794403012	418.165057964871	-0.26945581325246	-2159.10108705109	-300.488568757291	-346.478296244024	-1.0486798004695
0.872000000000001	2562.5324557326	-263.958556849163	-193.716946064186	1.14711205380724	-102.715401976244	446.613049974269	433.341615999394	0.163885802746933	-2459.81705375636	-182.6544931251	-242.597414948788	-1.29127721541829
0.873000000000001	1052.11746369231	-363.307785400821	-315.017983720522	0.832094070086718	2567.14280406991	410.248708477943	409.489290604711	0.573375093351644	-3619.26026776221	-46.9409230771148	-113.815758511186	-1.40509297392948
0.874000000000001	474.459245065284	-427.093916603244	-400.244962161159	0.431849107925559	4348.1517781668	333.726365024975	360.035553431662	0.933410646783306	-4822.61102323208	93.3675515782773	29.6571836698478	-1.37543579025963
0.875000000000001	438.590561901918	-449.073119510249	-439.96618862696	-0.00811708070140109	4655.48122149954	224.536559755054	282.163957173603	1.21557460395691	-5094.07178340146	224.536559755205	168.45035193561	-1.20698543832402
0.876000000000001	18.7156352036385	-427.09391660319	-440.70945674693	-0.448826537448331	3896.30696131719	93.3675515781073	164.160843873063	1.37973544782997	-3915.02259652083	333.726365025091	277.204056252905	-0.929781382071113
0.877000000000001	-1379.88284696791	-363.307785400704	-397.526081591666	-0.846352619039998	2970.41749294004	-46.9409230773131	21.2096051088402	1.40094505293881	-1590.53464597213	410.248708478025	356.045840928613	-0.5737355411425
0.878000000000001	-3472.38764579694	-263.958556849022	-304.986082357829	-1.15133870139783	2630.03691182235	-182.654493125259	-117.344944143994	1.28360010879482	842.350733974595	446.613049974287	416.115880136973	-0.157619661005526
0.879000000000001	-5260.64039683434	-138.771225645553	-187.044038675897	-1.33838274007372	2993.04534559636	-300.48856875742	-244.87864938937	1.03872145940545	2267.59505123798	439.259794402976	441.844979471758	0.284225318466232
0.880000000000001	-5685.7563849068	8.44835312818759E-11	-64.2067029829441	-1.40258944305667	3247.47447480201	-388.908729652641	-351.181367548945	0.687540091856504	2438.2819101048	388.908729652556	417.944040612275	0.702169359078506
0.881000000000001	-4528.56806244552	138.771225645714	61.7960939157289	-1.34079334914094	2363.42079671294	-439.259794403011	-418.012279687123	0.269527812169381	2165.14726573258	300.488568757294	346.498406092261	1.04866776517077
0.882000000000001	-2563.90276182179	263.95855684918	193.703184531857	-1.14709016460908	98.3795675713353	-446.613049974267	-433.375707486309	-0.163847895316928	2465.52319425045	182.654493125081	242.572861685963	1.29124062685673
0.883000000000001	-1050.16036877321	363.307785400818	315.009959465677	-0.832080205143405	-2570.73318303749	-410.248708477945	-409.478702076347	-0.573326597393275	3620.8935518107	46.9409230771196	113.854138490892	1.40509476534762
0.884000000000001	-479.547306720949	427.093916603242	400.253236012834	-0.431826969130571	-4348.83394582809	-333.726365024978	-360.091463162504	-0.933418060555779	4828.38125254903	-93.3675515782726	-29.7236504558829	1.37537111489174
0.885000000000001	-442.500075388433	449.073119510249	439.92999164449	0.00810302251391942	-4648.85163917454	-224.536559755036	-282.243191234593	-1.21566125179037	5091.35171456297	-224.536559755222	-168.426637980287	1.20694447691145
0.886000000000001	-20.3213377325496	427.093916603191	440.771653943872	0.448874676457791	-3890.41362822713	-93.3675515781119	-164.082985514484	-1.37974423730486	3910.73496595968	-333.726365025088	-277.116463197273	0.929828013714181
0.887000000000001	1376.85072465713	363.307785400707	397.555025955357	0.846429702413148	-2967.79530325917	46.9409230773083	-21.171649508996	-1.40091588681385	1590.94457860204	-410.248708478023	-356.056712580347	0.573771301133834
0.888000000000001	3470.75986236988	263.958556849026	304.916233574769	1.15134593598792	-2626.42444815908	182.654493125255	117.275347942671	-1.28364053887118	-844.335414210806	-446.613049974286	-416.16182213271	0.157609479001125
0.889000000000001	5260.35833344326	138.771225645558	187.080239791922	1.33842617577984	-2984.86870719561	300.488568757417	244.890961176351	-1.03874957769483	-2275.48962624765	-439.259794402977	-441.760029434282	-0.284150550433158
0.890000000000001	5682.95927583306	-1.05188746601925E-10	64.1542347885642	1.4025804105684	-3243.34935815272	388.908729652651	351.135418538341	-0.687614159156487	-2439.60991768034	-388.908729652546	-418.053933899417	-0.702204484332574
0.891000000000001	4532.72419411359	-138.771225645734	-61.7746101118164	1.34080580045659	-2371.1938851252	439.259794403016	418.156923475873	-0.269457235680614	-2161.53030898839	-300.488568757279	-346.464127979111	-1.04866861231169
0.892000000000001	2564.50632908347	-263.958556849176	-193.702756084297	1.14710304437229	-101.931589210448	446.613049974267	433.329394342921	0.163872158662307	-2462.57473987302	-182.654493125086	-242.591507066964	-1.29126011937865
0.893000000000001	1056.22963048761	-363.307785400815	-315.065204407003	0.832037839965287	2565.08642385258	410.248708477947	409.475940603598	0.573348099265905	-3621.31605434019	-46.9409230771245	-113.851250823142	-1.40511137020179
0.894000000000001	486.532485149196	-427.093916603241	-400.261761426243	0.431776078539044	4339.10083902646	333.726365024981	360.121659513317	0.933469758779222	-4825.63332417566	93.3675515782678	29.7029205150487	-1.37540844968674
0.895000000000001	444.895742481038	-449.07311951025	-439.917279133751	-0.00814120059470729	4648.52057250183	224.53655975504	282.169656289218	1.21563941506844	-5093.41631498287	224.536559755218	168.442732719606	-1.20696571696714
0.896000000000001	22.6634145797081	-427.093916603185	-440.748407500991	-0.448889608095698	3892.17750992646	93.3675515780918	164.093058908828	1.37973247397727	-3914.84092450617	333.726365025102	277.155009563481	-0.929810707403656
0.897000000000001	-1380.66365146706	-363.30778540071	-397.460323855359	-0.846349931951057	2969.83084914583	-46.9409230773035	21.2235708374005	1.40095604481467	-1589.16719767877	410.248708478021	356.073669726305	-0.573737037677351
0.898000000000001	-3472.03994405721	-263.95855684903	-304.985493272293	-1.15133542522335	2627.55760955923	-182.65449312525	-117.324209285853	1.28363183552881	844.482334497985	446.613049974286	416.117951688187	-0.157619085989165
0.899000000000001	-5256.56416374385	-138.771225645562	-187.082497790185	-1.33841792301353	2988.78738145416	-300.488568757413	-244.878967491547	1.03875286803727	2267.77678228969	439.259794402978	441.843752659081	0.284224666669917
0.900000000000001	-5684.10252964531	1.00328634289326E-10	-64.1949777729156	-1.40261290078645	3244.65520080866	-388.908729652649	-351.19178448646	0.687561083550808	2439.44732883665	388.908729652548	417.934691812967	0.702159358482883
0.901000000000001	-4531.51684241788	138.771225645729	61.8008636159835	-1.34081203717047	2368.54505267756	-439.259794403015	-418.089536048986	0.269471547501822	2162.97178974033	300.488568757283	346.494943808343	1.04865430229123
0.902000000000001	-2561.97281953836	263.958556849172	193.698710960778	-1.14711332620969	98.2179655716124	-446.613049974267	-433.315708759369	-0.163844161257547	2463.75485396675	182.65449312509	242.597989012509	1.29125229130374
0.903000000000001	-1057.21739715742	363.307785400813	315.0891745865	-0.832024151623188	-2565.59684723127	-410.24870847795	-409.494218706034	-0.573338379963581	3622.8142443887	46.9409230771293	113.850112660278	1.40510240396401
0.904000000000001	-482.147716911939	427.093916603239	400.17589863415	-0.431848252989038	-4346.04603274483	-333.726365024985	-360.128663203464	-0.933467043167045	4828.19374965677	-93.3675515782631	-29.7610259243461	1.37534137803967
0.905000000000001	-438.452315962967	449.073119510249	439.943462828029	0.00809520983899027	-4650.34584413449	-224.536559755045	-282.15892323353	-1.21562596640058	5088.79816009746	-224.536559755214	-168.353875346639	1.20698750269303
0.906000000000001	-16.2879619120286	427.093916603186	440.716416323285	0.448811626162276	-3895.59617704112	-93.3675515780965	-164.111148861564	-1.37973711526214	3911.88413895315	-333.726365025099	-277.193651321475	0.929793851371553
0.907000000000001	1378.28034497728	363.307785400712	397.583032337307	0.846394658499582	-2970.50461624884	46.9409230772987	-21.1735351220752	-1.40091065038421	1592.22427127156	-410.248708478019	-356.045731652523	0.573748119719031
0.908000000000001	3473.74467129554	263.958556849034	304.958402075977	1.15135306057556	-2627.34037800442	182.654493125246	117.317766176462	-1.28359288420775	-846.404293291123	-446.613049974285	-416.086747005046	0.157661372713985
0.909000000000001	5258.85863988709	138.771225645567	187.049159480958	1.33840222005652	-2989.51842969909	300.488568757409	244.856592181905	-1.03873629202585	-2269.340210188	-439.259794402979	-441.873925974586	-0.284212553260601
0.910000000000001	5680.0931511437	-9.54969436861575E-11	64.1929811000472	1.40259520115657	-3240.61058715866	388.908729652646	351.11693843713	-0.687619353588718	-2439.48256398504	-388.908729652551	-417.987418990421	-0.702199972251022
0.911000000000001	4528.75021475365	-138.771225645724	-61.7651790676337	1.34083002208893	-2369.65010116477	439.259794403014	418.1644397071	-0.269454913881618	-2159.10011358888	-300.488568757286	-346.478872204911	-1.04867884445593
0.912000000000001	2562.52791144706	-263.958556849189	-193.718357512165	1.14711166457677	-102.714490779589	446.613049974265	433.340278912986	0.163885365031367	-2459.81342066747	-182.654493125071	-242.598816583566	-1.2912776610395
0.913000000000001	1052.11765601225	-363.30778540081	-315.018991352565	0.832092673224201	2567.13474908592	410.248708477951	409.488372306584	0.573373737337952	-3619.25240509817	-46.9409230771341	-113.816766392689	-1.40509442743219
0.914000000000001	474.457140359871	-427.093916603245	-400.244789099801	0.4318478841244	4348.15004035293	333.726365024971	360.035672481113	0.933409409819065	-4822.6071807128	93.3675515782834	29.6573648517293	-1.37543706258046
0.915000000000001	438.589899199384	-449.073119510249	-439.964997947209	-0.00811711382280915	4655.48432621305	224.536559755049	282.16512491698	1.21557453473604	-5094.07422541244	224.53655975521	168.451591707966	-1.20698547087249
0.916000000000001	18.7165779600336	-427.093916603188	-440.708240869618	-0.448825354692427	3896.3013523067	93.3675515781011	164.162127177175	1.37973666191322	-3915.01793026674	333.726365025095	277.205236071822	-0.92978023480067
0.917000000000001	-1379.88230271509	-363.3077854007	-397.525874143638	-0.846351228836065	2970.41143038743	-46.9409230773193	21.2098158458314	1.40094647775905	-1590.52912767234	410.248708478027	356.046038342177	-0.573734196458493
0.918000000000001	-3472.38205001519	-263.958556849017	-304.987021722156	-1.15133825055822	2630.03340249551	-182.654493125265	-117.345863832629	1.28360061392642	842.348647519674	446.613049974287	416.115023312872	-0.157619173145621
0.919000000000001	-5260.6338541735	-138.771225645547	-187.045370535968	-1.33838362109419	2993.0442945291	-300.488568757425	-244.879987312397	1.03872062661402	2267.5895596444	439.259794402975	441.843680180843	0.284224507035222
0.920000000000001	-5685.75296773738	9.0679463937704E-11	-64.2072600788177	-1.40259088117301	3247.47226944393	-388.908729652644	-351.181934460858	0.687538692153167	2438.28069829345	388.908729652553	417.943439288457	0.702167946323679
0.921000000000001	-4528.55949696832	138.77122564572	61.7965907342148	-1.34079429043879	2363.41314998083	-439.259794403012	-418.011709444875	0.269526982708292	2165.14634698749	300.48856875729	346.498937488892	1.04866688381257
0.922000000000001	-2563.8986324162	263.958556849185	193.704485576693	-1.1470898048621	98.378793069585	-446.613049974266	-433.374474945167	-0.163847492236875	2465.51983934661	182.654493125076	242.57415356515	1.29124103737772
0.923000000000001	-1050.16052341211	363.307785400822	315.010888313756	-0.832078916548342	-2570.72581589241	-410.248708477943	-409.477854255522	-0.573325346492397	3620.88633930452	46.9409230771135	113.855067819193	1.40509610519691
0.924000000000001	-479.545359998784	427.093916603244	400.253075699714	-0.431825840848628	-4348.83242140744	-333.726365024974	-360.091573627958	-0.933416920120354	4828.37778140623	-93.3675515782786	-29.7238186058686	1.37537228659105
0.925000000000001	-442.499328826808	449.073119510249	439.928893948467	0.00810305309983821	-4648.854410559	-224.536559755053	-282.244268011294	-1.21566118813165	5091.35373938581	-224.536559755206	-168.427778104354	1.20694450848669
0.926000000000001	-20.3222386196428	427.09391660319	440.770534156285	0.448873587256123	-3890.40845254543	-93.367551578106	-164.084167987076	-1.37974535611872	3910.73069116507	-333.726365025092	-277.117552399731	0.929826956086961
0.927000000000001	1376.85019676567	363.307785400703	397.554832990748	0.846428420246871	-2967.78975035246	46.9409230773144	-21.1718452104901	-1.40091720132922	1590.93955358679	-410.248708478025	-356.056896519048	0.573770059567912
0.928000000000001	3470.75460941241	263.958556849021	304.91710117178	1.15134552141865	-2626.42116505201	182.65449312526	117.276196386661	-1.28364100494255	-844.333444360392	-446.613049974287	-416.161031017893	0.15760902855002
0.929000000000001	5260.35240944686	138.771225645552	187.08146590357	1.33842698732222	-2984.86772531837	300.488568757421	244.892194400308	-1.03874881054225	-2275.48468412849	-439.259794402976	-441.758830940845	-0.284149802390825
0.930000000000001	5682.95614240826	-8.58335624798201E-11	64.1547498244805	1.4025817371467	-3243.34737807642	388.908729652642	351.135942499271	-0.687612868042976	-2439.60876433184	-388.908729652556	-418.053379646054	-0.702203182036879
0.931000000000001	4532.7162832342	-138.771225645715	-61.7750679765381	1.34080666917016	-2371.18681478833	439.259794403012	418.156397249163	-0.269456470793813	-2161.52946844587	-300.488568757293	-346.464617653733	-1.04866779969061
0.932000000000001	2564.50250658234	-263.958556849181	-193.703955343878	1.14710271382629	-101.930847390816	446.613049974266	433.328258166114	0.163871787372302	-2462.57165919152	-182.65449312508	-242.592697849991	-1.2912604975406
0.933000000000001	1056.22979123821	-363.307785400819	-315.066060664453	0.832036653161834	2565.07957290197	410.248708477945	409.47515983465	0.573346947206952	-3621.30936414019	-46.9409230771184	-113.852107654767	-1.40511260519537
0.934000000000001	486.530734150382	-427.09391660325	-400.261615300813	0.43177503786102	4339.09934675435	333.72636502496	360.121760075104	0.933468707282056	-4825.63008090473	93.3675515782988	29.7030740109387	-1.37540953118443
0.935000000000001	444.895132037949	-449.073119510249	-439.916267460266	-0.00814122959924602	4648.52324264179	224.536559755057	282.170647610419	1.21563935489248	-5093.41837467974	224.536559755201	168.443785318325	-1.20696574586611
0.936000000000001	22.6643059397685	-427.093916603191	-440.747374067166	-0.448888603666412	3892.17269607119	93.3675515781107	164.094151056998	1.37973350594947	-3914.83700201096	333.726365025089	277.156013638761	-0.929809732227346
0.937000000000001	-1380.66322847418	-363.307785400706	-397.460145095351	-0.846348748761764	2969.8257388204	-46.9409230773096	21.2237509892697	1.40095725693874	-1589.16251034622	410.248708478023	356.073838876617	-0.573735893350729
0.938000000000001	-3472.03518564463	-263.958556849025	-304.986291983702	-1.15133504074547	2627.55461253642	-182.654493125256	-117.324990649641	1.2836322662891	844.480573108217	446.613049974286	416.117223295879	-0.15761867005485
0.939000000000001	-5256.55861210077	-138.771225645532	-187.083630407848	-1.33841867115331	2988.78649159717	-300.488568757437	-244.880105451557	1.03875216083755	2267.7721205036	439.259794402972	441.842647683252	0.284223977628402
0.940000000000001	-5684.09956812111	1.06496145235724E-10	-64.1954517713792	-1.40261412292469	3244.65324439634	-388.908729652652	-351.192265816791	0.687559895020755	2439.44632372476	388.908729652545	417.934180533129	0.70215815816153
0.941000000000001	-4531.5095899236	138.771225645735	61.8012849163561	-1.34081283800834	2368.53853983346	-439.259794403016	-418.089053306688	0.269470841714067	2162.97105009013	300.488568757278	346.495393835058	1.04865355199659
0.942000000000001	-2561.96924562318	263.958556849177	193.699815925919	-1.14711302208242	98.217273069122	-446.613049974267	-433.314661271419	-0.163843819557352	2463.75197255405	182.654493125084	242.59908724821	1.2912526392448
0.943000000000001	-1057.21751332201	363.307785400816	315.089965326795	-0.832023056755623	-2565.59062389122	-410.248708477947	-409.493497090423	-0.573337316647775	3622.80813721323	46.9409230771231	113.850903168448	1.40510354241325
0.944000000000001	-482.146063460202	427.093916603249	400.175763386735	-0.431847293368888	-4346.04470724891	-333.726365024964	-360.128756625598	-0.933466073273373	4828.19077070912	-93.3675515782941	-29.7611675997698	1.37534237481348
0.945000000000001	-438.451728600291	449.073119510249	439.9425292857	0.00809523591681223	-4650.34815474255	-224.536559755039	-282.159839418644	-1.21562591269202	5088.79988334284	-224.536559755219	-168.354845453508	1.20698752935997
0.946000000000001	-16.2887320300162	427.093916603185	440.71546420329	0.448810700120102	-3895.59178001818	-93.3675515780904	-164.112153700739	-1.37973806639276	3911.88051204819	-333.726365025103	-277.194577209432	0.929792952150537
0.947000000000001	1378.27986874099	363.307785400709	397.582868703167	0.84639356882327	-2970.49996500618	46.9409230773048	-21.1737007938337	-1.40091176718659	1592.22009626519	-410.248708478021	-356.045888374635	0.573747063775902
0.948000000000001	3473.7401727398	263.958556849029	304.959139405202	1.15135270822847	-2627.33762272457	182.654493125251	117.318486980305	-1.28359328020628	-846.402550015229	-446.613049974286	-416.086074597938	0.157660989177964
0.949000000000001	5258.85362667891	138.771225645537	187.050201091184	1.33840290931966	-2989.51758744901	300.488568757433	244.857639923554	-1.03873564028273	-2269.33603922991	-439.259794402973	-441.872906850993	-0.284211917673029
0.950000000000001	5680.09041294027	-1.01664454632555E-10	64.1934198636178	1.40259632918327	-3240.60879019147	388.908729652649	351.117383432477	-0.687618256850253	-2439.4816227488	-388.908729652548	-417.986947456208	-0.702198865129237
0.951000000000001	4528.74346056315	-138.77122564573	-61.7655671822823	1.34083076200099	-2369.6440517926	439.259794403015	418.163994198688	-0.269454262651565	-2159.09940877055	-300.488568757282	-346.479287270868	-1.04867815240011
0.952000000000001	2562.52467032114	-263.958556849173	-193.719378134862	1.14711138386613	-102.713842574327	446.613049974267	433.339312280572	0.163885049629007	-2459.81082774681	-182.654493125089	-242.599829648927	-1.29127798204903
0.953000000000001	1052.11780406865	-363.307785400813	-315.019719976393	0.832091663889736	2567.1289227474	410.248708477949	409.487708005125	0.573372757634132	-3619.24672681605	-46.940923077128	-113.817495582329	-1.40509547763136
0.954000000000001	474.455613838687	-427.093916603247	-400.244664857651	0.431846999032085	4348.14878630613	333.726365024967	360.035757551877	0.933408515186009	-4822.60440014482	93.3675515782894	29.6574948200217	-1.37543798281134
0.955000000000001	438.589433150737	-449.073119510249	-439.964137971345	-0.00811713893926038	4655.48658442875	224.536559755043	282.165968352089	1.2155744835381	-5094.07601757949	224.536559755215	168.452487488793	-1.20698549532255
0.956000000000001	18.7172673810282	-427.093916603178	-440.707361473538	-0.448824500412799	3896.29730221891	93.3675515780703	164.163055342779	1.37973753888088	-3915.01456959993	333.726365025117	277.206089289222	-0.929779406033326
0.957000000000001	-1379.88191804458	-363.307785400712	-397.525723277471	-0.84635022369027	2970.40705884953	-46.9409230773	21.2099689364524	1.40094750781733	-1590.52514080495	410.248708478019	356.04618178321	-0.573733224250115
0.958000000000001	-3472.37805299074	-263.958556849033	-304.987699422576	-1.15133792311285	2630.03088835758	-182.654493125247	-117.346527660347	1.28360098015698	842.347164633157	446.613049974286	416.114404828414	-0.157618819421701
0.959000000000001	-5260.62911141501	-138.771225645541	-187.04633412369	-1.33838425723654	2993.04353705452	-300.488568757429	-244.880954767898	1.03872002538908	2267.58557436049	439.259794402974	441.842740788012	0.284223921366311
0.960000000000001	-5685.75046839327	9.68327640293865E-11	-64.2076635534024	-1.40259192078994	3247.47066318014	-388.908729652647	-351.182344823386	0.687537680565699	2438.27980521313	388.90872965255	417.943003972413	0.702166925338723
0.961000000000001	-4528.55331602956	138.77122564575	61.7969490519628	-1.34079497173798	2363.40763513586	-439.259794403019	-418.011298466755	0.269526382098944	2165.1456808937	300.488568757266	346.499320453793	1.04866624579252
0.962000000000001	-2563.89568945401	263.95855684919	193.705426405233	-1.14708954533274	98.3782518666811	-446.613049974265	-433.373583895415	-0.163847201796471	2465.51743758733	182.65449312507	242.575087384911	1.29124133317743
0.963000000000001	-1050.16064112204	363.307785400811	315.011559993235	-0.832077985339509	-2570.7204945737	-410.248708477951	-409.477240780396	-0.573324442576868	3620.88113569574	46.9409230771328	113.855740147719	1.40509707332515
0.964000000000001	-479.543945004504	427.093916603246	400.252960470405	-0.431825024869104	-4348.83132205819	-333.72636502497	-360.091652743417	-0.933416095320285	4828.37526706269	-93.3675515782846	-29.723939313528	1.37537313401162
0.965000000000001	-442.498776048056	449.073119510249	439.928101144125	0.00810307627502145	-4648.85641888455	-224.536559755048	-282.245045637406	-1.21566114095769	5091.35519493261	-224.536559755211	-168.428601517174	1.20694453249444
0.966000000000001	-20.3229032171308	427.09391660318	440.769724406625	0.448872800681646	-3890.40471791448	-93.367551578075	-164.085023207517	-1.37974616416521	3910.72762113161	-333.726365025113	-277.118340397213	0.929826192097232
0.967000000000001	1376.84982171962	363.307785400699	397.554692463995	0.846427493145641	-2967.78575825149	46.9409230773206	-21.1719874833018	-1.40091815164851	1590.93593653187	-410.248708478028	-356.057030371194	0.573769161726038
0.968000000000001	3470.75084439739	263.958556849016	304.917727261004	1.15134522040664	-2626.41880674055	182.654493125266	117.2768087684	-1.28364134288011	-844.332037656841	-446.613049974288	-416.160459829127	0.157608701896911
0.969000000000001	5260.34812599435	138.771225645546	187.082352833845	1.33842757324049	-2984.86701487432	300.488568757426	244.893086164766	-1.03874825671534	-2275.48111112003	-439.259794402975	-441.75796429518	-0.284149262398269
0.970000000000001	5682.95385092756	-9.19868625715026E-11	64.1551229858042	1.40258269622629	-3243.34594635202	388.908729652645	351.136321944273	-0.687611934771072	-2439.60790457554	-388.908729652553	-418.05297847643	-0.702202240874699
0.971000000000001	4532.71056694149	-138.771225645745	-61.7753982056026	1.34080729802069	-2371.18171085443	439.259794403018	418.156017832764	-0.269455916938308	-2161.52885608707	-300.48856875727	-346.464970566121	-1.04866721144082
0.972000000000001	2564.49977514327	-263.958556849186	-193.704822504446	1.14710247551624	-101.93031951016	446.613049974266	433.327436816874	0.163871519878566	-2462.56945563311	-182.654493125075	-242.593558498378	-1.2912607699392
0.973000000000001	1056.2299102435	-363.307785400823	-315.066679830407	0.832035795685838	2565.07461920977	410.248708477942	409.47459501425	0.573346114892816	-3621.30452945326	-46.9409230771122	-113.852727551709	-1.40511349749091
0.974000000000001	486.52946764266	-427.093916603244	-400.261510556159	0.431774285129679	4339.09825930896	333.726365024973	360.121831910559	0.933467946803375	-4825.62772695162	93.3675515782799	29.7031839881334	-1.37541031350277
0.975000000000001	444.894687880907	-449.073119510249	-439.915536767401	-0.00814125163772234	4648.52518770475	224.536559755052	282.171363422367	1.21563931022574	-5093.41987558566	224.536559755207	168.444545720007	-1.20696576778277
0.976000000000001	22.6649716114367	-427.093916603181	-440.746626668271	-0.448887878305994	3892.16921591618	93.3675515780797	164.09494115521	1.37973425138095	-3914.83418752761	333.72636502511	277.156740041505	-0.929809027741262
0.977000000000001	-1380.66292932614	-363.307785400702	-397.460014840941	-0.846347893146935	2969.82205527471	-46.9409230773158	21.2238819991521	1.4009581333801	-1589.15912594857	410.248708478026	356.073961902025	-0.573735065839237
0.978000000000001	-3472.03178428028	-263.95855684902	-304.986868250304	-1.15133476139724	2627.55246145082	-182.654493125261	-117.325554628612	1.28363257875149	844.479322829461	446.613049974287	416.116697466931	-0.157618368372306
0.979000000000001	-5256.55459277621	-138.771225645551	-187.084449841004	-1.33841921123824	2988.78585145987	-300.488568757422	-244.880928389947	1.03875165036154	2267.76874131633	439.259794402975	441.841848718933	0.284223480346626
0.980000000000001	-5684.0973932664	8.71267502589035E-11	-64.1957951480312	-1.40261500638627	3244.65180792132	-388.908729652642	-351.192614135738	0.687559036225807	2439.44558534508	388.908729652555	417.933810417005	0.702157290763631
0.981000000000001	-4531.50435334775	138.771225645741	61.8015886216885	-1.34081341776458	2368.5338399775	-439.259794403017	-418.088705633325	0.269470330592482	2162.97051337025	300.488568757274	346.49571799236	1.04865300875599
0.982000000000001	-2561.96668152596	263.958556849182	193.70061481901	-1.14711280294557	98.2167785969592	-446.613049974266	-433.313904009348	-0.163843573416866	2463.749902929	182.654493125079	242.599881083118	1.29125288983911
0.983000000000001	-1057.21759942116	363.307785400835	315.090537335166	-0.832022265610409	-2565.58613055157	-410.248708477934	-409.492974869401	-0.573336548286267	3622.80372997272	46.9409230770917	113.851475148934	1.40510436498804
0.984000000000001	-482.144860418305	427.093916603243	400.175666318689	-0.431846599291719	-4346.04374521846	-333.726365024976	-360.128823453	-0.933465371739268	4828.18860563676	-93.3675515782751	-29.7612691240086	1.37534309586403
0.985000000000001	-438.451303205124	449.073119510249	439.941854862566	0.00809525557084694	-4650.34980719721	-224.536559755056	-282.160501433293	-1.21562587317256	5088.80111040233	-224.536559755203	-168.355546299768	1.20698754956427
0.986000000000001	-16.2893011517748	427.093916603182	440.714775681993	0.44881003125284	-3895.58860282099	-93.3675515780845	-164.112880299495	-1.37973875347206	3911.87790397277	-333.726365025107	-277.195247064846	0.929792302499421
0.987000000000001	1378.27951825302	363.307785400705	397.582749742884	0.846392780995724	-2970.49662163339	46.9409230773109	-21.1738210726839	-1.40091257454474	1592.21710338037	-410.248708478024	-356.0460023849	0.57374630011452
0.988000000000001	3473.7369338999	263.958556849004	304.959671582675	1.1513524525784	-2627.33564184837	182.65449312528	117.319007292843	-1.2835935672519	-846.401292051526	-446.613049974289	-416.085589052869	0.157660711061651
0.989000000000001	5258.85000362993	138.771225645531	187.050954288337	1.33840340686674	-2989.51697126669	300.488568757438	244.858397360256	-1.03873516989164	-2269.33303236324	-439.259794402971	-441.872169943388	-0.284211458881737
0.990000000000001	5680.08839628647	-8.22950596557348E-11	64.1937378945836	1.40259714476132	-3240.60746612047	388.90872965264	351.117705591029	-0.687617464300612	-2439.480930166	-388.908729652557	-417.986606124216	-0.702198065005952
0.991000000000001	4528.73857783252	-138.771225645736	-61.7658470557689	1.34083129770555	-2369.63968525609	439.259794403016	418.163673267435	-0.269453791033177	-2159.09889257643	-300.488568757277	-346.479586364424	-1.04867765137038
0.992000000000001	2562.52235313464	-263.958556849178	-193.720116215135	1.14711118149042	-102.713379624948	446.613049974267	433.338613400401	0.163884822367224	-2459.80897350969	-182.654493125083	-242.600561915303	-1.29127821328568
0.993000000000001	1052.11791343426	-363.307785400832	-315.020246911794	0.832090934578622	2567.1247092111	410.248708477936	409.487227398562	0.573372049765786	-3619.24262264537	-46.9409230770964	-113.8180231943	-1.40509623647998
0.994000000000001	474.454503738903	-427.093916603249	-400.244575709475	0.431846358869147	4348.14788043544	333.726365024963	360.035818309381	0.933407868075167	-4822.60238417434	93.3675515782954	29.6575880053562	-1.37543864847462
0.995000000000001	438.589105916144	-449.073119510249	-439.963516851581	-0.00811715798243407	4655.48821420018	224.536559755038	282.166577642716	1.21557444571788	-5094.07732011632	224.536559755221	168.453134681473	-1.20698551379315
0.996000000000001	18.7177690632319	-427.093916603184	-440.706725350151	-0.448823883332586	3896.2943719547	93.3675515780892	164.163726682931	1.37973817240081	-3915.01214101793	333.726365025104	277.206706411685	-0.929778807381464
0.997000000000001	-1379.88164584603	-363.307785400708	-397.525613555939	-0.846349496888525	2970.40390372455	-46.9409230773061	21.2100801567681	1.40094825255758	-1590.52225787853	410.248708478022	356.046286066343	-0.573732521315122
0.998000000000001	-3472.37519537348	-263.958556849007	-304.988188371323	-1.15133768525985	2630.0290824045	-182.654493125276	-117.347006802433	1.28360124575515	842.346112968981	446.613049974289	416.113958379552	-0.15761856293557
0.999000000000001	-5260.62566438999	-138.771225645536	-187.047031369257	-1.33838471662911	2993.04298206276	-300.488568757434	-244.881654365068	1.03871959139008	2267.58268232724	439.259794402972	441.842061556837	0.284223498621268
1	-5685.74863006997	1.02957642411639E-10	-64.2079558072712	-1.40259267243638	3247.4694865458	-388.90872965265	-351.182641903603	0.687536949486477	2438.27914352417	388.908729652547	417.942688834555	0.702166187455823
1.001	-4528.54884970225	138.771225645707	61.7972074710003	-1.34079546496538	2363.40365723272	-439.25979440301	-418.011002344728	0.269525947141749	2165.14519246953	300.4885687573	346.499596426262	1.04866578388208
1.002	-2563.89359012118	263.958556849154	193.706106833298	-1.14708935813208	98.3778745643114	-446.61304997427	-433.372939667524	-0.163846992525774	2465.51571555687	182.654493125111	242.575762431444	1.29124154631353
1.003	-1050.16072604978	363.307785400799	315.012045726193	-0.832077312405886	-2570.71665367946	-410.248708477958	-409.476796819842	-0.573323789345617	3620.87737972924	46.940923077152	113.856226577384	1.40509777289091
1.004	-479.542912908345	427.093916603224	400.252877688749	-0.431824434717137	-4348.83052694319	-333.726365025017	-360.091709397262	-0.933415498742879	4828.37343985154	-93.3675515782157	-29.7240258947997	1.37537374699611
1.005	-442.498363036436	449.073119510249	439.927528556487	0.00810309383935081	-4648.85786329314	-224.536559755108	-282.245607267604	-1.21566110601048	5091.35622632958	-224.53655975515	-168.429196119853	1.20694455087626
1.006	-20.3233922305737	427.093916603217	440.769138798695	0.448872232638046	-3890.40201919542	-93.3675515781938	-164.085641774305	-1.37974674778479	3910.725411426	-333.726365025032	-277.118910616246	0.929825640260014
1.007	1376.84955256823	363.307785400771	397.554590069288	0.846426822707334	-2967.78288383681	46.9409230771997	-21.17209100331	-1.4009188387881	1590.93333126858	-410.248708477978	-356.057127877527	0.573768512382487
1.008	3470.74814277253	263.958556849115	304.91817911195	1.15134500181928	-2626.41710812877	182.654493125155	117.277250802179	-1.28364158798592	-844.331034643757	-446.613049974275	-416.160047390996	0.157608464991491
1.009	5260.34502282313	138.771225645686	187.082994485914	1.3384279963052	-2984.86649328716	300.488568757316	244.89373104849	-1.03874785693743	-2275.47852953597	-439.259794403005	-441.757337555121	-0.28414887256363
1.01	5682.95216641932	5.5010218602547E-11	64.1553934101089	1.40258338971531	-3243.344907513	388.908729652571	351.136596789265	-0.687611260148164	-2439.60725890633	-388.908729652626	-418.052688121106	-0.702201560684736
1.011	4532.70643054646	-138.771225645557	-61.7756363721171	1.34080775334319	-2371.17802565577	439.259794402977	418.155744309865	-0.269455515838299	-2161.52840489069	-300.488568757417	-346.465224889156	-1.04866678557389
1.012	2564.49781953784	-263.958556849026	-193.705449576545	1.14710230376664	-101.929942983849	446.613049974287	433.326843020353	0.163871327182054	-2462.56787655399	-182.654493125255	-242.594180564522	-1.29126096613841
1.013	1056.2299952745	-363.307785400706	-315.067127597134	0.832035176169511	2565.07103738835	410.248708478023	409.474186382267	0.573345513564321	-3621.30103266285	-46.9409230773092	-113.853176071102	-1.40511414220952
1.014	486.52854942078	-427.093916603175	-400.261435544116	0.431773740625394	4339.09746287727	333.726365025123	360.121883185078	0.933467396749398	-4825.62601229805	93.3675515780612	29.7032626951716	-1.37541087951434
1.015	444.894362655732	-449.073119510249	-439.915009014673	-0.00814126838927911	4648.52659645328	224.536559755245	282.171880324377	1.21563927707378	-5093.42095910901	224.536559755013	168.445095009128	-1.20696578450522
1.016	22.6654695851336	-427.093916603266	-440.746086080565	-0.448887354469845	3892.16669521878	93.3675515783484	164.095512798111	1.37973478987189	-3914.83216480392	333.726365024926	277.157265677788	-0.929808518827429
1.017	-1380.66271657297	-363.307785400864	-397.459919890542	-0.846347274360387	2969.81939838711	-46.9409230770426	21.2239772974576	1.40095876716934	-1589.15668181413	410.248708477914	356.074051440545	-0.573734467386884
1.018	-3472.02935172481	-263.958556849263	-304.987284018661	-1.15133455837905	2627.55091393643	-182.654493124987	-117.325961680969	1.28363280548838	844.478437788375	446.613049974256	416.116317864822	-0.157618149522062
1.019	-5256.55167796695	-138.771225645836	-187.085042762824	-1.33841960114187	2988.78538537998	-300.488568757199	-244.881523549798	1.03875128193858	2267.76629258697	439.259794403038	441.84127097757	0.284223121455508
1.02	-5684.09578666305	-2.38557618104096E-10	-64.1960439522011	-1.40261564509407	3244.65074589676	-388.908729652479	-351.192866202297	0.68755841573628	2439.44504076629	388.908729652718	417.933542491318	0.702156663946826
1.021	-4531.50056762071	138.771225645407	61.8018075156863	-1.34081383757839	2368.53044771307	-439.259794402944	-418.088455350764	0.269469960385516	2162.97011990764	300.488568757535	346.495951427072	1.0486526153739
1.022	-2561.96483703973	263.958556848898	193.701192454697	-1.14711264512369	98.2164244063211	-446.613049974303	-433.313356519587	-0.163843396134072	2463.74841263341	182.6544931254	242.600454927361	1.29125307030126
1.023	-1057.217660258	363.307785400598	315.090951174788	-0.832021693948902	-2565.58288814116	-410.248708478097	-409.492596895178	-0.57333599302925	3622.80054839916	46.9409230774917	113.851889042246	1.40510495934351
1.024	-482.143982158045	427.093916603127	400.175596703237	-0.431846097245665	-4346.04304470591	-333.726365025229	-360.12887122914	-0.93346486425839	4828.18702686396	-93.3675515779067	-29.7613417925688	1.37534361755094
1.025	-438.450994161944	449.073119510249	439.941367614642	0.00809527036897708	-4650.35097637339	-224.536559755404	-282.160979893179	-1.21562584415157	5088.80197053533	-224.536559754854	-168.356052597006	1.20698756495393
1.026	-16.2897215049922	427.093916603315	440.714277747539	0.448809548116516	-3895.58630346659	-93.3675515785029	-164.113405688442	-1.37973924984001	3911.87602497159	-333.726365024821	-277.195731785744	0.929791833168186
1.027	1378.27925791271	363.307785400957	397.582663265528	0.846392211382044	-2970.49421925847	46.9409230768855	-21.1739083812763	-1.40091315822129	1592.21496134576	-410.24870847785	-356.046085378958	0.573745747789228
1.028	3473.73459723719	263.958556849391	304.960055717122	1.15135226709917	-2627.33421438466	182.654493124843	117.319382863617	-1.28359377535767	-846.400382852538	-446.613049974239	-416.085238418414	0.157660509370814
1.029	5258.84738145604	138.771225645986	187.051498930735	1.3384037660299	-2989.51651381416	300.488568757082	244.858944908003	-1.03873483044967	-2269.33086764187	-439.259794403071	-441.871637068341	-0.284211127697527
1.03	5680.08690148008	3.96539689972997E-10	64.1939684851405	1.40259773451504	-3240.60648312395	388.9087296524	351.117938838427	-0.68761689161124	-2439.48041835613	-388.908729652797	-417.98635904887	-0.702197486746397
1.031	4528.73504333119	-138.771225645256	-61.7660488560188	1.34083168565902	-2369.63653304991	439.259794402911	418.163442175602	-0.269453449435638	-2159.09851028127	-300.488568757652	-346.479801852132	-1.04867728859853
1.032	2562.52069441471	-263.95855684877	-193.720650028583	1.14711103563044	-102.713048505173	446.61304997432	433.338108060215	0.163884658624577	-2459.80764590953	-182.654493125544	-242.601091244225	-1.29127837984275
1.033	1052.11799179809	-363.307785400506	-315.02062801211	0.83209040761833	2567.12166241331	410.248708478162	409.486879665506	0.573371538290084	-3619.2396542114	-46.9409230776488	-113.818404982053	-1.40509678482481
1.034	474.45369382188	-427.093916603077	-400.244511782291	0.431845895836039	4348.14722452152	333.726365025334	360.035861669512	0.933407399959595	-4822.6009183434	93.3675515777521	29.6576547575405	-1.37543913006727
1.035	438.588877304964	-449.073119510249	-439.963068256836	-0.00811717242079751	4655.48938171648	224.536559755519	282.167017850831	1.21557441781043	-5094.07825902144	224.53655975474	168.453602258326	-1.20698552780894
1.036	18.7181328277362	-427.093916603364	-440.70626514223	-0.448823437563028	3896.29224783164	93.3675515786574	164.164212279881	1.37973863009031	-3915.01038065938	333.726365024715	277.207152826317	-0.929778374982622
1.037	-1379.88145315522	-363.30778540105	-397.525533755291	-0.846348971318318	2970.4016250848	-46.9409230767284	21.2101609563329	1.40094879104664	-1590.52017192958	410.248708477785	356.046361918333	-0.573732013064289
1.038	-3472.3731521488	-263.958556849519	-304.988541126177	-1.1513375124445	2630.02778310201	-182.654493124699	-117.34735262042	1.28360143842622	842.34536904679	446.613049974223	416.113636125084	-0.157618376939205
1.039	-5260.62315253901	-138.771225646137	-187.04753597912	-1.33838504842362	2993.04256934296	-300.488568756964	-244.882160282935	1.03871927814328	2267.58058319606	439.259794403104	441.841570403887	0.284223193464682
1.04	-5685.74726997132	-5.2901327762811E-10	-64.2081675258217	-1.40259321594944	3247.46861963821	-388.908729652334	-351.182856989028	0.687536421154256	2438.27865033311	388.908729652863	417.942460704268	0.70216565416895
1.041	-4528.54561833565	138.771225645106	61.7973938301042	-1.34079582211933	2363.40078815043	-439.259794402879	-418.010789052167	0.269525632102089	2165.14483018522	300.488568757769	346.499795267474	1.04866544943642
1.042	-2563.89209309687	263.958556848642	193.706599009697	-1.14708922310964	98.3776133564351	-446.613049974336	-433.372473850535	-0.163846841748446	2465.51447974044	182.654493125689	242.576250446043	1.29124169988247
1.043	-1050.16078327491	363.307785400428	315.012396952087	-0.83207682615755	-2570.71388516255	-410.248708478216	-409.476475508186	-0.573323317256632	3620.87466843746	46.9409230777805	113.856578494934	1.4050982783774
1.044	-479.542157554855	427.093916603029	400.252818273393	-0.431824007884157	-4348.82995033397	-333.72636502544	-360.091749951597	-0.933415067208229	4828.37210788883	-93.3675515775976	-29.7240879216669	1.37537419045573
1.045	-442.498051555839	449.07311951025	439.927115044171	0.00810310716001359	-4648.85889453311	-224.536559755656	-282.246012905652	-1.21566108011388	5091.35694608895	-224.536559754603	-168.429625413726	1.20694456504201
1.046	-20.3237516121041	427.093916603412	440.768715256204	0.448871822416218	-3890.40006646637	-93.3675515788121	-164.086089194875	-1.37974716930876	3910.72381807848	-333.726365024609	-277.119323342451	0.929825241699557
1.047	1376.84935783463	363.307785401142	397.554515415211	0.846426337831429	-2967.78081251401	46.9409230765712	-21.1721663804874	-1.40091933568924	1590.93145467938	-410.248708477721	-356.057198982068	0.573768042717489
1.048	3470.74620327428	263.958556849626	304.91850521005	1.15134484304148	-2626.41588173155	182.654493124578	117.277569863056	-1.28364176582619	-844.330321542729	-446.613049974209	-416.159749570745	0.157608293146743
1.049	5260.34277060404	138.771225646287	187.08345876291	1.33842830180439	-2984.86610522375	300.488568756847	244.894197433229	-1.03874756839296	-2275.47666538029	-439.259794403137	-441.756884263764	-0.28414859111702
1.05	5682.95092101301	6.87023771206441E-10	64.1555894282033	1.40258389123259	-3243.34415105252	388.908729652255	351.136795904835	-0.687610772488124	-2439.6067699605	-388.908729652942	-418.052477986626	-0.702201069103647
1.051	4532.70343327278	-138.77122564498	-61.7758081326094	1.34080808309998	-2371.17536457718	439.259794402851	418.15554716924	-0.269455225318884	-2161.5280686956	-300.488568757868	-346.465408132801	-1.04866647723645
1.05199999999999	2564.49641790225	-263.958556848514	-193.705903074519	1.14710218002546	-101.9296742638	446.613049974353	433.326413706685	0.163871188387801	-2462.56674363845	-182.654493125833	-242.594630199212	-1.29126110743566
1.05299999999999	1056.23005416801	-363.307785400335	-315.067451427453	0.832034728598011	2565.0684474508	410.24870847828	409.473890732108	0.573345079119909	-3621.2985016188	-46.9409230779377	-113.85350061434	-1.40511460805
1.05399999999999	486.527882309209	-427.09391660298	-400.261381877002	0.431773346721009	4339.09687732202	333.726365025546	360.121919747912	0.933466998867821	-4825.62475963123	93.367551577443	29.7033189586244	-1.37541128909138
1.05499999999999	444.894122753267	-449.073119510249	-439.914627853214	-0.0081412811322052	4648.52761153279	224.536559755793	282.172253591609	1.21563925245943	-5093.42173428606	224.536559754466	168.445491755324	-1.20696579733605
1.05599999999999	22.66584337216	-427.093916603453	-440.745695045183	-0.448886976177388	3892.16486611202	93.3675515789416	164.095926431668	1.3797351788911	-3914.83070948418	333.72636502452	277.157646123853	-0.929808151212199
1.05699999999999	-1380.66256420609	-363.307785401236	-397.459850640222	-0.84634682681761	2969.81748102901	-46.9409230764141	21.2240466388032	1.4009592255299	-1589.15491682292	410.248708477657	356.07411665208	-0.57373403456012
1.05799999999999	-3472.02761231643	-263.958556849754	-304.987583967413	-1.15133441078502	2627.54979911187	-182.654493124433	-117.326255452362	1.28363297007754	844.477813204562	446.613049974192	416.116043828387	-0.157617990731733
1.05899999999999	-5256.54956112164	-138.771225646413	-187.085471840026	-1.33841988262505	2988.7850424749	-300.488568756748	-244.881953995497	1.03875101608204	2267.76451864674	439.259794403164	441.840853179391	0.284222862447658
1.05999999999999	-5684.0945920551	-8.45034264784772E-10	-64.1962242768694	-1.40261610690192	3244.64995467434	-388.908729652176	-351.193048603316	0.687557967478725	2439.44463738076	388.908729653021	417.933348547264	0.702156210994921
1.06099999999999	-4531.49782746869	138.77122564483	61.8019652437292	-1.34081414165819	2368.52799888683	-439.259794402818	-418.088275285706	0.26946969219302	2162.96982858186	300.488568757985	346.496119468234	1.04865233046315
1.06199999999999	-2561.96350744941	263.958556848386	193.701610142911	-1.14711253151528	98.2161702466549	-446.613049974369	-433.312960661578	-0.163843268468558	2463.74733720276	182.654493125977	242.60086977258	1.29125320023573
1.06299999999999	-1057.21770141451	363.307785400242	315.091250621997	-0.832021280893281	-2565.58054937594	-410.248708478344	-409.49232328591	-0.573335591754468	3622.79825079045	46.9409230780949	113.852188567538	1.40510538880327
1.06399999999999	-482.143338668739	427.093916602939	400.175546808611	-0.43184573408467	-4346.04253318531	-333.726365025634	-360.128905362866	-0.933464497117335	4828.18587185405	-93.3675515773134	-29.7613937473666	1.37534399505591
1.06499999999999	-438.45076899348	449.073119510249	439.941015586877	0.00809528150220712	-4650.35179349915	-224.536559755929	-282.161325766158	-1.21562582288349	5088.80256249263	-224.536559754329	-168.356418323108	1.2069875767328
1.06599999999999	-16.2900321583275	427.093916603502	440.71391762721	0.448809199129417	-3895.58463678679	-93.3675515790961	-164.113785566862	-1.37973960845035	3911.87466894512	-333.726365024415	-277.196082612138	0.92979149412066
1.06699999999999	1378.27906272633	363.307785401313	397.582600406736	0.846391799536153	-2970.492494438	46.9409230762823	-21.1739717384192	-1.40091358018877	1592.21343171167	-410.248708477603	-356.046145835836	0.573745348284824
1.06799999999999	3473.73290842396	263.958556849882	304.960332996733	1.15135213253289	-2627.33318381499	182.654493124289	117.319653933079	-1.2835939262557	-846.399724608965	-446.613049974176	-416.084985198783	0.157660363086042
1.06899999999999	5258.84548122326	138.771225646563	187.051892760577	1.33840402529346	-2989.51616943197	300.488568756631	244.859340704113	-1.03873458555158	-2269.32931179129	-439.259794403197	-441.871251712242	-0.2842108886262
1.06999999999999	5680.08578542911	1.00301633665367E-09	64.1941357374147	1.40259816103088	-3240.60574700777	388.908729652097	351.118107717371	-0.687616477834211	-2439.48003842134	-388.9087296531	-417.986180211433	-0.702197068837633
1.07099999999999	4528.73248131787	-138.77122564468	-61.7661943433279	1.34083196668755	-2369.63425729543	439.259794402785	418.163275867744	-0.269453201966467	-2159.09822402244	-300.488568758103	-346.479957063312	-1.04867702590094
1.07199999999999	2562.519506463	-263.958556848279	-193.721036159973	1.14711093052758	-102.712811417433	446.613049974383	433.337742626427	0.16388454065996	-2459.80669504557	-182.654493126098	-242.601473895127	-1.29127849979607
1.07299999999999	1052.1180461842	-363.307785400149	-315.020903645255	0.832090026882322	2567.11945971212	410.248708478408	409.486628055569	0.57337116871553	-3619.23750589632	-46.940923078252	-113.818681269007	-1.40509718106508
1.07399999999999	474.453100998275	-427.09391660289	-400.244465965289	0.431845560917033	4348.14674958822	333.72636502574	360.035892587751	0.933407061303281	-4822.5998505865	93.3675515771589	29.6577025423872	-1.37543947852269
1.07499999999999	438.588718526978	-449.073119510249	-439.962744291017	-0.00811718337398459	4655.49021147536	224.536559756044	282.167335933874	1.21557439723716	-5094.07893000234	224.536559754214	168.453940034124	-1.20698553848857
1.07599999999999	18.7183955422833	-427.093916603551	-440.705932158593	-0.448823115532578	3896.29070491053	93.3675515792507	164.164563535735	1.37973896077289	-3915.00910045281	333.726365024309	277.207475793731	-0.929778062694837
1.07699999999999	-1379.8813171144	-363.307785401406	-397.525475713452	-0.84634859124603	2970.3999787122	-46.9409230761252	21.210219648379	1.40094918042127	-1590.5186615978	410.248708477539	356.046417117148	-0.573731645577689
1.07799999999999	-3472.37169186085	-263.958556850009	-304.988795598487	-1.15133738684452	2630.02684711515	-182.654493124145	-117.347602186282	1.28360157823499	842.344844745702	446.613049974159	416.113403534418	-0.157618242043271
1.07899999999999	-5260.6213172076	-138.771225646713	-187.047901246924	-1.33838528809144	2993.04225797081	-300.488568756513	-244.882526152915	1.03871905208207	2267.57905923679	439.25979440323	441.841215227449	0.284222973184178
1.07999999999999	-5685.74625674218	-1.16104104108672E-09	-64.2083209256232	-1.40259360901706	3247.46797650829	-388.908729652018	-351.183012714746	0.687536039367327	2438.27828023389	388.908729653179	417.942295569913	0.702165268754091
1.08099999999999	-4528.54327746833	138.771225644529	61.7975282130079	-1.34079608080406	2363.3987190739	-439.259794402752	-418.01063548977	0.269525403877557	2165.14455839443	300.48856875822	346.49993850061	1.0486652072547
1.08199999999999	-2563.8910249818	263.958556848152	193.70695507689	-1.14708912572717	98.377434132328	-446.613049974399	-433.3721369966	-0.163846733119043	2465.51359084948	182.654493126243	242.576603288046	1.29124181054275
1.08299999999999	-1050.1608215391	363.307785400056	315.012650953502	-0.832076474773665	-2570.7118886183	-410.248708478473	-409.476242930583	-0.573322976049626	3620.87271015741	46.9409230784091	113.856833122004	1.40509864366475
1.08399999999999	-479.541602678797	427.093916602841	400.252775602624	-0.431823699171041	-4348.82953148297	-333.726365025846	-360.091778991643	-0.93341475504127	4828.37113416177	-93.3675515770043	-29.7241323569626	1.37537451130779
1.08499999999999	-442.497814112861	449.073119510249	439.926816445752	0.00810311727471114	-4648.85962542369	-224.536559756203	-282.246305869978	-1.21566106091125	5091.35743953655	-224.536559754055	-168.429935281367	1.20694457602642
1.08599999999999	-20.3240154393747	427.0939166036	440.768408906986	0.448871526181697	-3890.39865190742	-93.3675515794053	-164.086412837872	-1.37974747374912	3910.72266734679	-333.726365024203	-277.119622151482	0.92982495387494
1.08699999999999	1376.84921635346	363.307785401514	397.554460950263	0.84642598713196	-2967.77931998236	46.9409230759427	-21.1722212972736	-1.40091969504639	1590.9301036289	-410.248708477464	-356.057250890789	0.573767702984151
1.08799999999999	3470.74481076436	263.958556850137	304.918740542353	1.15134472767431	-2626.41499478694	182.654493124	117.277800143517	-1.28364189490288	-844.329815977413	-446.613049974143	-416.159534511034	0.157608168473117
1.08899999999999	5260.34113330758	138.771225646888	187.083794748105	1.33842852242242	-2984.86581305643	300.488568756377	244.894534745127	-1.03874736015775	-2275.47532025115	-439.259794403268	-441.756556386957	-0.28414838791384
1.08999999999999	5682.94999435074	1.31902311295562E-09	64.1557315531112	1.40258425397553	-3243.34359800666	388.908729651939	351.136940180635	-0.687610419977114	-2439.60639634408	-388.908729653258	-418.052325926853	-0.702200713840693
1.09099999999999	4532.70125837264	-138.771225644379	-61.7759319943867	1.34080832198114	-2371.1734411321	439.259794402719	418.155405110398	-0.269455014866716	-2161.52781724054	-300.488568758338	-346.465540116363	-1.04866625395706
1.09199999999999	2564.49541299994	-263.958556848003	-193.706231083327	1.14710209089781	-101.929482398518	446.613049974418	433.326103301946	0.16387108843523	-2462.56593060142	-182.65449312641	-242.594955216156	-1.29126120917321
1.09299999999999	1056.230093507	-363.307785399963	-315.06768562763	0.832034405270184	2565.06657468161	410.248708478537	409.473676817908	0.573344765253137	-3621.29666818861	-46.9409230785663	-113.853735466197	-1.40511494463941
1.09399999999999	486.527396313578	-427.093916602785	-400.26134352323	0.431773061746954	4339.09644555937	333.726365025968	360.121945785733	0.933466711038871	-4825.62384187295	93.3675515768248	29.7033591258182	-1.37541158551359
1.09499999999999	444.893944108776	-449.073119510249	-439.914352584229	-0.00814129083727515	4648.52833924216	224.53655975634	282.172523130278	1.21563923416915	-5093.42228335094	224.536559753919	168.445778279307	-1.20696580723428
1.09599999999999	22.6661252347611	-427.093916603649	-440.745412167814	-0.448886703005089	3892.16353622569	93.3675515795596	164.096225769111	1.37973545993826	-3914.82966146045	333.726365024098	277.157921554417	-0.929807885679867
1.09699999999999	-1380.66245435453	-363.307785401607	-397.459800103029	-0.846346503108118	2969.81609691699	-46.9409230757855	21.2240971065079	1.40095955704477	-1589.15364256245	410.2487084774	356.074164180699	-0.573733721499168
1.09799999999999	-3472.02636979378	-263.958556850265	-304.987800317383	-1.1513343034255	2627.54899489361	-182.654493123856	-117.326467433482	1.28363308961128	844.477374900162	446.613049974126	416.115846013825	-0.157617875485343
1.09899999999999	-5256.5480218967	-138.771225647014	-187.08578240395	-1.33842008582945	2988.78478772596	-300.488568756279	-244.882265338766	1.03875082427252	2267.76323417074	439.259794403295	441.840551018937	0.284222675533594
1.09999999999999	-5684.09369721154	-1.47703360653395E-09	-64.1963550120563	-1.40261644084151	3244.64935993585	-388.90872965186	-351.1931805763	0.687557643696219	2439.44433727569	388.908729653337	417.933208164042	0.702155883697636
1.10099999999999	-4531.49584162732	138.771225644229	61.8020788628417	-1.34081436197867	2368.52623084527	-439.259794402687	-418.088145838069	0.26946949785815	2162.96961078205	300.488568758455	346.496240376079	1.04865212407371
1.10199999999999	-2561.96254741498	263.958556847875	193.701912204558	-1.14711244977411	98.2159876006161	-446.613049974435	-433.312674412937	-0.163843176554787	2463.74655981436	182.654493126555	242.601169695373	1.29125329376909
1.10299999999999	-1057.2177278334	363.307785399871	315.09146732146	-0.832020982452647	-2565.57886349638	-410.248708478601	-409.492125196219	-0.573335301751006	3622.79659132979	46.9409230787234	113.852405343471	1.40510569911256
1.10399999999999	-482.142865245904	427.093916602744	400.1755110749	-0.431845471377747	-4346.0421588643	-333.726365026057	-360.128929729183	-0.933464231480189	4828.18502411021	-93.3675515766952	-29.7614308408365	1.37534426827172
1.10499999999999	-438.450604446756	449.073119510249	439.94076125035	0.00809528987260269	-4650.35235606045	-224.536559756477	-282.16157585325	-1.21562580733344	5088.80296050721	-224.536559753782	-168.356682481187	1.20698758579054
1.10599999999999	-16.2902620940153	427.093916603697	440.713657168772	0.448808947041374	-3895.58342683058	-93.3675515797143	-164.114060213981	-1.37973986754742	3911.8736889246	-333.726365023992	-277.196336587535	0.929791249203001
1.10699999999999	1378.27891486372	363.307785401685	397.582554721791	0.846391501763165	-2970.49125777937	46.9409230756538	-21.1740176952917	-1.40091388524271	1592.21234291565	-410.248708477346	-356.046189908296	0.573745059294705
1.10799999999999	3473.73168619285	263.958556850393	304.960533126266	1.15135203488943	-2627.33243834282	182.654493123712	117.31984953893	-1.28359403570378	-846.399247850033	-446.61304997411	-416.084802329316	0.157660256965389
1.10899999999999	5258.84410254892	138.771225647164	187.052177545941	1.33840421243537	-2989.51590682814	300.488568756161	244.859626797319	-1.03873440890646	-2269.32819572078	-439.259794403328	-441.870973013845	-0.284210716048456
1.10999999999999	5680.08494535124	1.63500146754814E-09	64.1942571033209	1.40259846953869	-3240.60519043526	388.908729651781	351.118229988915	-0.687616178917547	-2439.47975491597	-388.908729653416	-417.986050775903	-0.702196766824359
1.11099999999999	4528.73062159732	-138.771225644078	-61.7662992151058	1.34083217032359	-2369.63261444429	439.259794402654	418.163156269511	-0.269453022648037	-2159.09800715302	-300.488568758572	-346.480068819091	-1.04867683564345
1.11199999999999	2562.51865593646	-263.958556847768	-193.721315518007	1.14711085480558	-102.712642017185	446.613049974449	433.337478332488	0.163884455684451	-2459.80601391928	-182.654493126676	-242.601750530508	-1.29127858617396
1.11299999999999	1052.11808168393	-363.307785399778	-315.021102969617	0.832089751835964	2567.11786903163	410.248708478665	409.486445996922	0.573370901681373	-3619.23595071556	-46.9409230788805	-113.818881196931	-1.40509746737089
1.11399999999999	474.452665630786	-427.093916602695	-400.244433166716	0.431845318669247	4348.14640607597	333.726365026163	360.035914605794	0.933406816287166	-4822.59907170676	93.3675515765407	29.6577367081103	-1.37543973066278
1.11499999999999	438.588609248147	-449.073119510249	-439.962510359216	-0.00811719168996923	4655.49079555482	224.536559756592	282.167565796945	1.21557438208411	-5094.07940480297	224.536559753667	168.454184003492	-1.20698554665929
1.11599999999999	18.7185845854458	-427.093916603746	-440.705691194514	-0.448822882884484	3896.28958147325	93.3675515798689	164.164817624266	1.37973919970838	-3915.00816605869	333.726365023886	277.207709480989	-0.929777837178299
1.11699999999999	-1379.88122145225	-363.307785401778	-397.525433496035	-0.846348316380518	2970.39878876326	-46.9409230754966	21.2102622717996	1.40094946198018	-1590.51756731101	410.248708477281	356.046457306136	-0.573731379872162
1.11799999999999	-3472.37064935376	-263.958556850521	-304.988979140085	-1.1513372955206	2630.02617239136	-182.654493123567	-117.347782263272	1.2836016797169	842.344476962401	446.613049974093	416.113235680143	-0.157618144192019
1.11899999999999	-5260.61997217779	-138.771225647315	-187.048165716849	-1.33838546123745	2993.04201968663	-300.488568756044	-244.882790753139	1.03871888896377	2267.57795249116	439.259794403361	441.84095836142	0.284222814169401
1.11999999999999	-5685.74549603084	-1.76751768776739E-09	-64.2084320908227	-1.40259389332827	3247.46749562916	-388.908729651715	-351.183125461646	0.687535763502119	2438.27800040169	388.908729653482	417.9421760476	0.702164990217001
1.12099999999999	-4528.54157934016	138.771225643928	61.797625107064	-1.34079626822121	2363.39722732676	-439.259794402621	-418.010524994048	0.269525238508071	2165.14435201339	300.48856875869	346.500041645354	1.04866503186236
1.12199999999999	-2563.89026463998	263.95855684764	193.707212738787	-1.14708905548242	98.3773136488182	-446.613049974466	-433.371893375634	-0.163846654867563	2465.51295099117	182.65449312682	242.576858422664	1.29124189028502
1.12299999999999	-1050.16084573468	363.3077853997	315.012834630462	-0.832076220851962	-2570.71044977084	-410.248708478719	-409.476074557289	-0.573322729424852	3620.87129550552	46.9409230790123	113.857017358851	1.40509890764387
1.12399999999999	-479.541193361132	427.093916602646	400.252744958911	-0.431823475893051	-4348.82922681887	-333.726365026269	-360.09179978891	-0.933414529213763	4828.37042018001	-93.3675515763861	-29.724164169086	1.37537474347478
1.12499999999999	-442.497631027196	449.073119510249	439.926600862494	0.00810312496944312	-4648.86013919037	-224.536559756728	-282.246517441092	-1.21566104665485	5091.35777021757	-224.53655975353	-168.430158874273	1.20694458460051
1.12599999999999	-20.3242090554488	427.093916603795	440.768187307501	0.448871312276944	-3890.39762604375	-93.3675515800234	-164.086646960806	-1.37974769361566	3910.7218350992	-333.72636502378	-277.119838551127	0.929824746049386
1.12699999999999	1376.84911296873	363.30778540187	397.554421182077	0.846425733459021	-2967.77824479358	46.9409230753395	-21.1722613360115	-1.40091995495167	1590.92913182484	-410.248708477217	-356.057288835397	0.573767457213988
1.12799999999999	3470.74381131693	263.958556850628	304.91891035004	1.15134464380906	-2626.41435216178	182.654493123446	117.277966320867	-1.2836419886308	-844.329459155148	-446.613049974079	-416.159379214962	0.157608077999027
1.12899999999999	5260.33994074124	138.771225647465	187.084037945839	1.3384286817549	-2984.86559047899	300.488568755926	244.894778729585	-1.03874720990122	-2275.47435026225	-439.259794403394	-441.756319193924	-0.284148241194897
1.12999999999999	5682.94929981005	1.9254997596363E-09	64.1558346363589	1.40258451639126	-3243.34319195206	388.908729651636	351.137044738602	-0.687610165162618	-2439.60610785799	-388.908729653561	-418.052215909219	-0.702200457104116
1.13099999999999	4532.69967779671	-138.771225643802	-61.7760213082905	1.34080849508297	-2371.17205020599	439.259794402593	418.155302775895	-0.269454862386723	-2161.52762759072	-300.488568758788	-346.465635141188	-1.0486660922453
1.13199999999999	2564.49469281742	-263.958556847512	-193.70646836418	1.14710202671879	-101.929345747974	446.613049974482	433.325878857647	0.163871016470924	-2462.56534706945	-182.654493126964	-242.595190162958	-1.29126128240826
1.13299999999999	1056.23011872639	-363.307785399607	-315.067855002265	0.832034171716524	2565.06522028039	410.248708478784	409.473522038294	0.573344538509218	-3621.29533900678	-46.9409230791694	-113.853905424628	-1.40511518783289
1.13399999999999	486.527041406678	-427.093916602597	-400.261316148305	0.431772855568218	4339.09612597032	333.726365026374	360.121964300019	0.933466502809237	-4825.623167377	93.3675515762316	29.7033877573216	-1.37541180007557
1.13499999999999	444.893809681891	-449.073119510249	-439.914153809616	-0.0081412982413981	4648.52885794139	224.536559756865	282.172717752151	1.21563922056139	-5093.42266762328	224.536559753393	168.445985161357	-1.20696581491421
1.13599999999999	22.6663391304078	-427.093916603836	-440.745207516777	-0.448886505758175	3892.16256706967	93.3675515801531	164.09644242631	1.3797356629877	-3914.82890620008	333.726365023692	277.158121017821	-0.92980769389639
1.13699999999999	-1380.6623743114	-363.307785401963	-397.459763195938	-0.846346268954114	2969.8150974291	-46.9409230751824	21.2241338485817	1.40095979683628	-1589.15272311771	410.248708477153	356.07419885051	-0.57373349504588
1.13799999999999	-3472.02548362837	-263.958556850756	-304.987956324222	-1.15133422527834	2627.54841413882	-182.654493123302	-117.326620363827	1.28363317647245	844.477069489554	446.613049974063	416.115703234275	-0.157617791811605
1.13899999999999	-5256.54690141665	-138.771225647591	-187.086007236198	-1.33842023251453	2988.78459678382	-300.488568755828	-244.882490557444	1.03875068591501	2267.76230463283	439.259794403421	441.840332467267	0.284222540655662
1.13999999999999	-5684.09302123149	-2.08349604235991E-09	-64.1964498343974	-1.40261668234893	3244.64890834139	-388.908729651557	-351.19327604431	0.687557409870699	2439.4441128901	388.90872965364	417.933106557231	0.702155647212893
1.14099999999999	-4531.49440041364	138.771225643652	61.802160676554	-1.34081452167238	2368.52495412786	-439.259794402561	-418.088052870542	0.269469357000158	2162.96944628577	300.488568758906	346.496327315692	1.04865197452858
1.14199999999999	-2561.96185300202	263.958556847385	193.702130678415	-1.14711239099396	98.215856029467	-446.613049974499	-433.312467397118	-0.16384311039696	2463.74599697255	182.654493127109	242.601386552457	1.29125336108104
1.14299999999998	-1057.21774361547	363.307785399514	315.091624156926	-0.832020766837036	-2565.57764907603	-410.248708478848	-409.491981762302	-0.573335092159263	3622.7953926915	46.9409230793265	113.852562242125	1.40510592332317
1.14399999999998	-482.14251528788	427.093916602556	400.175485505004	-0.431845281332033	-4346.04188438241	-333.726365026463	-360.128947103537	-0.933464039262799	4828.18439967029	-93.367551576102	-29.7614572786205	1.37534446604455
1.14499999999998	-438.45048384237	449.073119510249	439.940577494587	0.00809529616255413	-4650.35273562105	-224.536559757002	-282.161756731664	-1.21562579599446	5088.80321946341	-224.536559753256	-168.356873253892	1.20698759279065
1.14599999999998	-16.2904327085414	427.093916603885	440.713468785488	0.448808764948042	-3895.58254691675	-93.3675515803076	-164.114258759763	-1.37974005475423	3911.87297962529	-333.726365023586	-277.196520498092	0.929791072292562
1.14699999999998	1378.27880159917	363.307785402056	397.582521524467	0.846391286472509	-2970.49037289586	46.9409230750252	-21.1740510109728	-1.4009141057652	1592.21157129669	-410.248708477089	-356.04622206404	0.573744850228522
1.14799999999998	3473.73080006835	263.958556850883	304.960677563541	1.15135196403605	-2627.3318985749	182.654493123158	117.319990665732	-1.28359411509947	-846.398901493451	-446.613049974046	-416.084670261521	0.157660179967001
1.14899999999998	5258.8431010959	138.771225647765	187.052383472338	1.33840434750839	-2989.51570401259	300.488568755692	244.859833571276	-1.03873428152819	-2269.3273970833	-439.25979440346	-441.870771438586	-0.284210591471585
1.14999999999998	5680.08430709667	2.24150653593824E-09	64.1943452211582	1.40259869272955	-3240.60476493706	388.908729651478	351.118318509949	-0.687615963018242	-2439.47954215961	-388.908729653719	-417.985957105438	-0.702196548577023
1.15099999999998	4528.72926949934	-138.771225643502	-61.7663747948387	1.34083231793471	-2369.63142864921	439.259794402528	418.163070342696	-0.269452892675546	-2159.09784085013	-300.488568759023	-346.480149248548	-1.04867669782557
1.15199999999998	2562.51804764597	-263.958556847257	-193.721517675798	1.14711080025891	-102.71252135529	446.613049974515	433.337287157085	0.163884394481539	-2459.80552629069	-182.654493127253	-242.601950536897	-1.29127864836247
1.15299999999998	1052.11810137468	-363.307785399421	-315.02124704882	0.83208955321009	2567.11672397219	410.248708478912	409.486314274372	0.57337070875591	-3619.23482534687	-46.9409230794837	-113.819025831042	-1.40509767419351
1.15399999999998	474.452344699165	-427.0939166025	-400.244409748998	0.431845143461092	4348.14615841217	333.726365026586	360.035930251914	0.933406639007824	-4822.59850311133	93.3675515759225	29.6577610795969	-1.37543991311391
1.15499999999998	438.588534999516	-449.07311951025	-439.962341472858	-0.00811719801176639	4655.49120164632	224.536559757139	282.167731924926	1.21557437093275	-5094.07973664584	224.53655975312	168.454360174771	-1.20698555293914
1.15599999999998	18.7187200902456	-427.093916603942	-440.705516791888	-0.448822714803655	3896.28876106138	93.367551580487	164.165001431858	1.37973937236461	-3915.00748115162	333.726365023463	277.207878593716	-0.929777674345426
1.15699999999998	-1379.88115455739	-363.307785402149	-397.525402786626	-0.846348117590281	2970.39792834175	-46.9409230748681	21.210293216686	1.40094966558129	-1590.51677378436	410.248708477025	356.046486583715	-0.573731187761711
1.15799999999998	-3472.36990639115	-263.958556851032	-304.989111490122	-1.1513372290804	2630.02568581265	-182.65449312299	-117.347912174954	1.28360175340634	842.344220578505	446.613049974027	416.113114565139	-0.157618073196572
1.15899999999998	-5260.61898306378	-138.771225647916	-187.048357265582	-1.33838558634599	2993.04183466263	-300.488568755574	-244.882982123744	1.0387187712826	2267.57714840115	439.259794403492	441.840772575086	0.284222699378514
1.15999999999998	-5685.74491987154	-2.39953124037129E-09	-64.2085126670267	-1.40259409901301	3247.4671328149	-388.908729651399	-351.183207088335	0.68753556419426	2438.27778705664	388.908729653798	417.942089549912	0.702164788928426
1.16099999999998	-4528.54034542936	138.771225643327	61.7976949612613	-1.34079640405175	2363.39615214266	-439.259794402489	-418.010445544982	0.269525118649278	2165.14419328669	300.488568759159	346.500115891544	1.04866490481997
1.16199999999998	-2563.88972513134	263.958556847129	193.707399251453	-1.1470890048003	98.3772349036234	-446.613049974532	-433.371717156448	-0.163846598507171	2465.51249022772	182.654493127397	242.577042929558	1.29124194774953
1.16299999999998	-1050.16085973763	363.307785399328	315.012967437567	-0.832076037362731	-2570.70941369897	-410.248708478976	-409.475952646885	-0.573322551154055	3620.8702734366	46.9409230796409	113.857150665069	1.4050990984146
1.16399999999998	-479.540889948489	427.093916602451	400.252722951981	-0.431823314410749	-4348.82900497843	-333.726365026691	-360.091814685475	-0.93341436583953	4828.36989492692	-93.3675515757679	-29.7241869271829	1.37537491148741
1.16499999999998	-442.4974880029	449.073119510249	439.926445250234	0.0081031308394842	-4648.86049677372	-224.536559757276	-282.246670211162	-1.21566103605069	5091.35798477662	-224.536559752983	-168.430320144988	1.20694459134243
1.16599999999998	-20.3243510664036	427.093916603991	440.768026998212	0.448871157837696	-3890.39688119761	-93.3675515806416	-164.086816339302	-1.37974785238999	3910.72123226402	-333.726365023358	-277.11999532678	0.929824596015646
1.16699999999998	1376.84903701004	363.307785402242	397.554392114579	0.846425549952275	-2967.77747065288	46.940923074711	-21.1722905535716	-1.40092014294357	1590.92843364284	-410.24870847696	-356.057316616561	0.573767279399085
1.16799999999998	3470.74309473671	263.958556851139	304.919032855459	1.15134458280773	-2626.41388611995	182.654493122869	117.278086219448	-1.28364205672412	-844.329208616762	-446.613049974013	-416.159267076077	0.157608012323008
1.16899999999998	5260.33907016411	138.771225648066	187.084214029068	1.3384287968368	-2984.8654188562	300.488568755457	244.894955224916	-1.0387471014992	-2275.47365130791	-439.259794403525	-441.756147576673	-0.284148135253664
1.16999999999998	5682.94877493025	2.5575275230949E-09	64.1559094329613	1.40258470626976	-3243.34289235591	388.90872965132	351.137120527703	-0.687609980971499	-2439.60588257434	-388.908729653877	-418.052136325877	-0.702200271579542
1.17099999999998	4532.69852714121	-138.771225643201	-61.7760857054277	1.34080862056433	-2371.17104533815	439.259794402462	418.15522909657	-0.269454751874929	-2161.52748180306	-300.488568759258	-346.465703532078	-1.04866597511162
1.17199999999998	2564.49417715893	-263.958556847001	-193.706640045369	1.14710198051897	-101.929248996727	446.613049974548	433.325716549074	0.163870964674145	-2462.5649281622	-182.654493127542	-242.595359999676	-1.2912613351113
1.17299999999998	1056.23013401497	-363.307785399236	-315.067977489457	0.832034003029509	2565.06424056447	410.24870847904	409.47341004247	0.573344374716615	-3621.29437457945	-46.940923079798	-113.85402842704	-1.40511536353834
1.17399999999998	486.526781554154	-427.093916602402	-400.261296639814	0.431772706389695	4339.09588844307	333.726365026797	360.121977439167	0.933466352155782	-4825.62266999722	93.3675515756134	29.7034081269938	-1.37541195541134
1.17499999999998	444.893707325848	-449.073119510249	-439.914010292875	-0.00814130390318022	4648.52922511879	224.536559757413	282.172858264444	1.21563921042023	-5093.42293244464	224.536559752846	168.44613449897	-1.20696582091237
1.17599999999998	22.6665027901475	-427.093916604031	-440.745059447028	-0.448886363350208	3892.16185887274	93.3675515807712	164.096599270561	1.37973580969079	-3914.82836166288	333.726365023269	277.158265520905	-0.929807555391468
1.17699999999998	-1380.66231512591	-363.307785402335	-397.459736219222	-0.84634609956943	2969.81437550376	-46.9409230745538	21.22416060709	1.40095997029788	-1589.15206037785	410.248708476896	356.074224166165	-0.573733331225303
1.17799999999998	-3472.02485302873	-263.958556851267	-304.988068775306	-1.15133416834474	2627.54799448744	-182.654493122724	-117.326730663286	1.28363323963459	844.476858541293	446.613049973997	416.115600192093	-0.15761773103321
1.17899999999998	-5256.54608487252	-138.771225648192	-187.086170044348	-1.33842033838908	2988.78445241127	-300.488568755358	-244.882653494621	1.03875058613997	2267.76163246125	439.259794403553	441.840174368815	0.284222443335605
1.17999999999998	-5684.09250557712	-2.71553801667324E-09	-64.1965186471485	-1.40261685703623	3244.64856147278	-388.908729651241	-351.193345086652	0.687557241053317	2439.44394410434	388.908729653956	417.933033022785	0.702155476358391
1.18099999999998	-4531.49335265099	138.771225643051	61.8022195586041	-1.34081463747763	2368.52403204163	-439.259794402429	-418.087986187572	0.269469254865745	2162.96932060936	300.488568759375	346.496389778603	1.04865186613699
1.18199999999998	-2561.96134996553	263.958556846873	193.70228872447	-1.14711234875316	98.2157612426078	-446.613049974564	-433.312317660692	-0.163843062794946	2463.74558872292	182.654493127686	242.601543367048	1.29125340950404
1.18299999999998	-1057.21775186264	363.307785399142	315.091737679932	-0.832020611073225	-2565.57677500912	-410.248708479105	-409.491877884811	-0.573334940679757	3622.79452687176	46.9409230799551	113.852675812676	1.40510608531672
1.18399999999998	-482.142255136648	427.093916602361	400.175467227738	-0.431845143845488	-4346.04168271496	-333.726365026886	-360.128959473754	-0.933463900153511	4828.18393785161	-93.3675515754838	-29.7614760808282	1.37534460923589
1.18499999999998	-438.450395123827	449.073119510249	439.940444733759	0.00809530088827178	-4650.35298435899	-224.536559757549	-282.161887598573	-1.21562578775208	5088.80337948282	-224.536559752709	-168.357011004643	1.20698759823125
1.18599999999998	-16.2905597260685	427.09391660408	440.713332528397	0.448808633416669	-3895.5819056708	-93.3675515809258	-164.114402271976	-1.37974019002406	3911.87246539687	-333.726365023163	-277.196653715982	0.929790944515265
1.18699999999998	1378.27871386356	363.307785402413	397.582497406781	0.84639113082345	-2970.48974150758	46.9409230744221	-21.1740751429434	-1.400914265167	1592.21102764402	-410.248708476842	-356.046245548959	0.573744698966305
1.18799999999998	3473.73015635152	263.958556851395	304.960781797505	1.15135191262096	-2627.33150749876	182.65449312258	117.320092464104	-1.2835941727029	-846.398648852763	-446.61304997398	-416.084574880613	0.157660124085692
1.18899999999998	5258.8423727429	138.771225648342	187.052532368348	1.3384044449893	-2989.51554528251	300.488568755241	244.859982994137	-1.03873418970876	-2269.32682746039	-439.259794403586	-441.870625632295	-0.284210501546603
1.18999999999998	5680.08381704153	2.87356272110628E-09	64.194409244567	1.40259885423387	-3240.60443552834	388.908729651162	351.11838258981	-0.687615807118952	-2439.4793815132	-388.908729654035	-417.985889326699	-0.702196390873302
1.19099999999998	4528.72828460276	-138.771225642901	-61.7664292499649	1.34083242498391	-2369.63057295405	439.259794402396	418.163008683096	-0.269452798435856	-2159.09771164872	-300.488568759493	-346.480207098044	-1.04867659797135
1.19199999999998	2562.51761347244	-263.958556846766	-193.721664013118	1.14711076097079	-102.712435846507	446.613049974578	433.337148844714	0.163884350408857	-2459.80517762593	-182.654493127807	-242.602095153464	-1.29127869312481
1.19299999999998	1052.11811196232	-363.30778539905	-315.021351220177	0.832089409750611	2567.11589781473	410.248708479169	409.486218954905	0.573370569363763	-3619.23400977706	-46.9409230801123	-113.819130500651	-1.40509782362546
1.19399999999998	474.452107025645	-427.093916602312	-400.244393007017	0.431845016743594	4348.14598038542	333.726365026992	360.035941363908	0.933406510727671	-4822.59808741107	93.3675515753292	29.6577784771848	-1.37544004514828
1.19499999999998	438.588485379333	-449.073119510249	-439.962219569046	-0.00811720282545236	4655.49147952156	224.536559757664	282.167852008783	1.21557436273645	-5094.07996490089	224.536559752594	168.454487358536	-1.20698555778974
1.19599999999998	18.7188166644473	-427.093916604129	-440.705390539716	-0.448822593365169	3896.28815996337	93.3675515810802	164.165134404146	1.3797394971406	-3915.00697662782	333.726365023057	277.208000996843	-0.929777556792897
1.19699999999998	-1379.88110827161	-363.307785402505	-397.525380446982	-0.846347973812151	2970.39730615477	-46.9409230742649	21.2103156726464	1.40094981281325	-1590.51619788316	410.248708476778	356.046507926686	-0.573731048866211
1.19799999999998	-3472.36937831346	-263.958556851523	-304.989206896368	-1.15133718070852	2630.02533508239	-182.654493122436	-117.348005873636	1.28360180693961	842.344043231069	446.613049973964	416.113027193987	-0.157618021672224
1.19899999999998	-5260.61825285068	-138.771225648492	-187.04849605561	-1.33838567676413	2993.04168894405	-300.488568755123	-244.883120540267	1.03871868639934	2267.57656390663	439.259794403619	441.840638180346	0.284222616508122
1.19999999999998	-5685.74448256042	-3.00599367619725E-09	-64.2085710372609	-1.40259424780139	3247.4668581547	-388.908729651095	-351.183266165172	0.687535420234171	2438.27762440571	388.908729654101	417.942026979957	0.702164643488079
1.20099999999998	-4528.53944678623	138.77122564275	61.7977452632155	-1.34079650253817	2363.39537748491	-439.259794402363	-418.01038848693	0.26952503174724	2165.14406930132	300.48856875961	346.500169292491	1.04866481278057
1.20199999999998	-2563.88934406517	263.958556846638	193.707534320151	-1.14708896821802	98.3771858528155	-446.613049974595	-433.371589666754	-0.163846557919513	2465.51215821236	182.654493127951	242.577176382132	1.2912419891627
1.20299999999998	-1050.16086645002	363.307785398972	315.013063447017	-0.832075904771006	-2570.70866826053	-410.248708479223	-409.475864362923	-0.573322422282436	3620.86953471054	46.940923080244	113.85724712017	1.40509923628287
1.20399999999998	-479.540663668046	427.093916602263	400.25270714465	-0.431823197626357	-4348.82884319251	-333.726365027097	-360.091825359163	-0.933414247641599	4828.36950686055	-93.3675515751747	-29.7242031953404	1.37537503308753
1.20499999999998	-442.49737462249	449.073119510249	439.926332959526	0.0081031353331696	-4648.8607423924	-224.536559757801	-282.246780501245	-1.21566102814284	5091.35811701489	-224.536559752457	-168.430436401681	1.20694459668585
1.20599999999998	-20.3244550970033	427.093916604178	440.767911014906	0.448871046348076	-3890.39633953867	-93.3675515812348	-164.086938891509	-1.37974796703435	3910.72079463567	-333.726365022952	-277.120108957766	0.929824487728085
1.20699999999998	1376.84898082446	363.307785402598	397.55437084101	0.846425417189085	-2967.77691349966	46.9409230741078	-21.1723118991813	-1.40092027893353	1590.9279326752	-410.248708476714	-356.057336996793	0.573767150731292
1.20799999999998	3470.74258176984	263.95855685163	304.919121213004	1.15134453840209	-2626.41354763158	182.654493122315	117.278172707953	-1.28364210622558	-844.329034138262	-446.61304997395	-416.159186102917	0.157607964628375
1.20899999999998	5260.33843306116	138.771225648643	187.084341564951	1.33842887996704	-2984.86528484751	300.488568755006	244.895082918321	-1.03874702330726	-2275.47314821365	-439.259794403651	-441.756023379774	-0.284148058751399
1.20999999999998	5682.94837439169	3.16403259148501E-09	64.1559637343883	1.40258484370143	-3243.34266986145	388.908729651017	351.137175476095	-0.687609847831165	-2439.60570453024	-388.908729654181	-418.052078772442	-0.702200137523841
1.21099999999998	4532.69768767905	-138.7712256426	-61.7761321340489	1.34080871156738	-2371.17031933232	439.259794402331	418.155176078067	-0.269454671753098	-2161.52736834673	-300.488568759728	-346.465752726451	-1.04866589025029
1.21199999999998	2564.49380847531	-263.95855684651	-193.706764294626	1.14710194727275	-101.929180916022	446.613049974611	433.325599160224	0.163870927407127	-2462.56462755929	-182.654493128096	-242.595482775292	-1.29126137302558
1.21299999999998	1056.2301424394	-363.307785398879	-315.068066064271	0.832033881208483	2565.06353166458	410.248708479287	409.473329001469	0.573344256408596	-3621.29367410398	-46.9409230804011	-113.854117453651	-1.40511549047923
1.21399999999998	486.526590538069	-427.093916602215	-400.261282762619	0.431772598445864	4339.09571146864	333.726365027203	360.121986738303	0.933466243146899	-4825.62230200671	93.3675515750201	29.7034225857786	-1.37541206789346
1.21499999999998	444.893628162253	-449.073119510249	-439.91390668994	-0.00814130824407696	4648.52948286451	224.536559757938	282.172959699294	1.21563920284619	-5093.42311102676	224.536559752321	168.446242261451	-1.206965825632
1.21599999999998	22.666629192768	-427.093916604227	-440.744952305016	-0.448886260549093	3892.16133966525	93.3675515813894	164.096712842885	1.37973591568908	-3914.82796885802	333.726365022846	277.158370256987	-0.929807455375017
1.21699999999998	-1380.66227049259	-363.307785402691	-397.459716480478	-0.846345977029571	2969.81385387482	-46.9409230739507	21.2241801031439	1.40096009579222	-1589.15158338223	410.248708476649	356.074242674694	-0.573733212700324
1.21799999999998	-3472.02440567206	-263.958556851778	-304.988149790496	-1.15133412682007	2627.54769107785	-182.654493122147	-117.326810189457	1.28363328560276	844.476714594211	446.613049973931	416.115525839805	-0.157617686860519
1.21899999999998	-5256.54548919678	-138.771225648793	-187.086287976609	-1.33842041479668	2988.78434232987	-300.488568754889	-244.882771392565	1.0387505142102	2267.76114686691	439.259794403684	441.840059981951	0.284222373121432
1.21999999999998	-5684.0921077719	-3.34753735842241E-09	-64.1965686219312	-1.40261698341861	3244.64829152586	-388.908729650925	-351.193395000382	0.687557119209818	2439.44381624604	388.908729654272	417.932979809967	0.702155352931398
1.22099999999998	-4531.49258922967	138.77122564245	61.8022619113712	-1.34081472150724	2368.52336586718	-439.259794402298	-418.087938434349	0.269469180775469	2162.96922336249	300.488568759845	346.496434610182	1.04865178754158
1.22199999999998	-2561.96098501488	263.958556846383	193.702403085596	-1.14711231842164	98.2156931112823	-446.613049974628	-433.312209335255	-0.163843028559786	2463.7452919036	182.65449312824	242.601656780912	1.29125344432249
1.22299999999998	-1057.21775482988	363.307785398771	315.091819863676	-0.832020498557964	-2565.57614656286	-410.248708479362	-409.491802636517	-0.573334831196302	3622.79390139274	46.9409230805836	113.852758029545	1.40510620235204
1.22399999999998	-482.142060432552	427.093916602166	400.175454180223	-0.431845044377741	-4346.04153421998	-333.726365027309	-360.12896826483	-0.933463799461132	4828.18359465253	-93.3675515748656	-29.7614894165579	1.37534471293548
1.22499999999998	-438.450329585788	449.073119510249	439.94034881631	0.00809530443856925	-4650.35314015387	-224.536559758096	-282.16198232302	-1.21562578178415	5088.80346973966	-224.536559752162	-168.357110449467	1.20698760248601
1.22599999999998	-16.2906546096976	427.093916604276	440.713233970127	0.448808538408696	-3895.58143714763	-93.3675515815439	-164.114505987571	-1.37974028777172	3911.87209175733	-333.72636502274	-277.196750252551	0.929790852233462
1.22699999999998	1378.27864500657	363.307785402784	397.582479890908	0.846391018299605	-2970.48929255235	46.9409230737935	-21.1740926055264	-1.40091438037725	1592.21064754578	-410.248708476585	-356.046262722971	0.573744589510492
1.22799999999998	3473.72968777056	263.958556851906	304.960857006981	1.15135187530659	-2627.33122387332	182.654493122003	117.320165872007	-1.28359421450524	-846.398463897237	-446.613049973914	-416.084505993672	0.157660083516819
1.22899999999998	5258.84184233448	138.771225648943	187.052640024166	1.33840451533075	-2989.51541944062	300.488568754771	244.860090956177	-1.03873412354907	-2269.32642289385	-439.259794403717	-441.870520153138	-0.284210436636319
1.22999999999998	5680.08343627602	3.50553364114603E-09	64.1944558046852	1.40259897113544	-3240.60417688263	388.908729650846	351.11842896916	-0.687615694579905	-2439.4792593934	-388.908729654351	-417.985840290541	-0.70219627692686
1.23099999999998	4528.72756552446	-138.7712256423	-61.7664684734014	1.34083250266203	-2369.62995558944	439.259794402265	418.162964505872	-0.269452730074033	-2159.09760993502	-300.488568759962	-346.480248675639	-1.0486765256025
1.23199999999998	2562.51730435739	-263.958556846255	-193.721769985969	1.14711073267607	-102.712375664201	446.613049974645	433.337048752397	0.163884318678364	-2459.80492869319	-182.654493128384	-242.602199733708	-1.29127872533621
1.23299999999998	1052.11811619027	-363.307785398678	-315.021426525586	0.83208930615048	2567.11530226748	410.248708479426	409.486149974336	0.5733704686527	-3619.23341845775	-46.9409230807408	-113.819206250402	-1.40509793158661
1.23399999999997	474.45193017135	-427.093916602117	-400.244381046681	0.431844925103799	4348.14585311569	333.726365027414	360.035949242973	0.933406417895672	-4822.59778328704	93.367551574711	29.6577908855342	-1.37544014070107
1.23499999999997	438.588453049355	-449.073119510249	-439.962131602216	-0.00811720649841748	4655.49166529975	224.536559758211	282.167938825323	1.215574356721	-5094.0801183491	224.536559752047	168.454579142437	-1.20698556155864
1.23599999999997	18.7188850212994	-427.093916604324	-440.705299121248	-0.448822505619665	3896.28771769528	93.3675515816985	164.16523060631	1.37973958732731	-3915.00660271658	333.726365022634	277.208089611544	-0.929777471947093
1.23699999999997	-1379.88107666153	-363.307785402877	-397.525364194921	-0.846347869814586	2970.39685614939	-46.9409230736364	21.2103319589563	1.40094991928626	-1590.51577948786	410.248708476521	356.046523498501	-0.573730948448593
1.23799999999997	-3472.36900429897	-263.958556852034	-304.98927564199	-1.15133714545658	2630.02508237183	-182.654493121858	-117.348073431746	1.28360184585452	842.34392192714	446.613049973898	416.112964183568	-0.157617984265025
1.23899999999997	-5260.61771124136	-138.771225649094	-187.048596672569	-1.33838574212915	2993.04157249375	-300.488568754654	-244.883220666931	1.03871862518758	2267.57613874761	439.25979440375	441.840540942001	0.284222556676976
1.23999999999997	-5685.74414114281	-3.63799301794643E-09	-64.2086134136819	-1.40259435554283	3247.46664476473	-388.90872965078	-351.183308938711	0.687535316248873	2438.27749637808	388.908729654417	417.941981704812	0.702164538381789
1.24099999999997	-4528.53879093857	138.771225642149	61.7977815550526	-1.34079657398777	2363.39481979601	-439.259794402232	-418.010347535565	0.269524968713308	2165.14397114256	300.48856876008	346.500207700221	1.04866474608201
1.24199999999997	-2563.88907704459	263.958556846127	193.707632189942	-1.14708894179783	98.3771579644572	-446.613049974661	-433.371497407362	-0.163846528694054	2465.51191908013	182.654493128529	242.577272929273	1.29124201901128
1.24299999999997	-1050.1608683185	363.3077853986	315.013132837411	-0.832075808960421	-2570.70813246842	-410.24870847948	-409.475800416392	-0.573322329110446	3620.86900078692	46.9409230808725	113.857316910697	1.40509933592198
1.24399999999997	-479.540493945027	427.093916602068	400.252695786269	-0.431823113174152	-4348.82872507084	-333.72636502752	-360.091833011055	-0.933414162121501	4828.36921901587	-93.3675515745565	-29.7242148144818	1.3753751211075
1.24499999999997	-442.497283501438	449.073119510249	439.926251961169	0.00810313878701768	-4648.86090822477	-224.536559758348	-282.246860101778	-1.21566102222328	5091.3581917262	-224.53655975191	-168.430520149764	1.20694460095773
1.24599999999997	-20.3245312818665	427.093916604373	440.76782708836	0.448870965875378	-3890.39594497939	-93.367551581853	-164.087027577499	-1.37974804980078	3910.72047626125	-333.726365022529	-277.120191364591	0.929824409593142
1.24699999999997	1376.84893892334	363.30778540297	397.554355246673	0.84642532112205	-2967.77651290087	46.9409230734793	-21.1723275151197	-1.4009203773159	1590.92757397753	-410.248708476456	-356.057351983486	0.573767057609657
1.24799999999997	3470.74221567989	263.958556852141	304.919184909217	1.15134450603127	-2626.41330110031	182.654493121737	117.278235066596	-1.2836421422493	-844.328914579578	-446.613049973884	-416.15912763964	0.157607929970017
1.24899999999997	5260.33796544703	138.771225649244	187.084433991955	1.33842894002322	-2984.8651789096	300.488568754536	244.895175332756	-1.03874696691655	-2275.47278653743	-439.259794403783	-441.755933471183	-0.284148003501167
1.24999999999997	5682.94806537724	3.79603193323419E-09	64.1560031836861	1.40258494320691	-3243.34250335697	388.908729650701	351.137215325226	-0.687609751591319	-2439.60556202027	-388.908729654497	-418.052037163801	-0.702200040664968
1.25099999999997	4532.69707361468	-138.771225642023	-61.776165605345	1.34080877760156	-2371.16979471745	439.259794402204	418.155137952873	-0.269454613638446	-2161.52727889722	-300.488568760178	-346.465788087566	-1.04866582875253
1.25199999999997	2564.49354544311	-263.958556845999	-193.706854246818	1.14710192335475	-101.929133307166	446.613049974678	433.325514245135	0.16387090060669	-2462.56441213594	-182.654493128673	-242.59557153498	-1.29126140028751
1.25299999999997	1056.23014613327	-363.307785398507	-315.068130110853	0.832033793243892	2565.06301870156	410.248708479544	409.47327035644	0.57334417096313	-3621.29316483483	-46.9409230810297	-113.854181896173	-1.40511558218369
1.25399999999997	486.526449363253	-427.093916602019	-400.261272913058	0.431772520330834	4339.09557943099	333.726365027626	360.121993297045	0.933466164260175	-4825.62202879425	93.3675515744019	29.7034328197725	-1.37541214936391
1.25499999999997	444.893565780851	-449.07311951025	-439.913831916142	-0.00814131158530843	4648.52966196989	224.536559758485	282.173032913401	1.21563919717358	-5093.42322775074	224.536559751773	168.446319988873	-1.20696582937504
1.25599999999997	22.6667277335459	-427.093916604414	-440.744874767845	-0.448886186353154	3892.16095766609	93.3675515819826	164.096795108383	1.37973599228196	-3914.82768539964	333.72636502244	277.158446215711	-0.929807383159331
1.25699999999997	-1380.6622362288	-363.307785403063	-397.459702019383	-0.846345888372537	2969.8134769967	-46.9409230733221	21.2241943145666	1.40096018659653	-1589.1512407679	410.248708476392	356.074256226696	-0.573733126932635
1.25799999999997	-3472.02408988846	-263.958556852269	-304.988208118995	-1.15133409649153	2627.54747181939	-182.654493121593	-117.326867503893	1.28363331909263	844.476618069063	446.613049973867	416.115472200298	-0.157617654732337
1.25899999999997	-5256.5450545184	-138.77122564937	-187.086373436302	-1.33842046992783	2988.78425779726	-300.488568754438	-244.882856718738	1.03875046237389	2267.76079672113	439.25979440381	441.839977201298	0.284222322468962
1.25999999999997	-5684.09179729403	-3.95399979424838E-09	-64.1966049513161	-1.40261707487915	3244.64807851326	-388.908729650622	-351.193431068652	0.687557031305242	2439.44371878078	388.908729654576	417.932941307343	0.702155263776305
1.26099999999997	-4531.49203165628	138.771225641873	61.8022923514601	-1.34081478252769	2368.52288445795	-439.259794402172	-418.087904307924	0.269469126997318	2162.96914719833	300.488568760296	346.4964667452	1.04865173052151
1.26199999999997	-2561.96071987663	263.958556845871	193.702485864342	-1.14711229666335	98.2156442526723	-446.613049974694	-433.31213094795	-0.163843003950632	2463.74507562396	182.654493128817	242.60173882312	1.29125346934463
1.26299999999997	-1057.21775333885	363.307785398415	315.091879342832	-0.832020417320517	-2565.57569703579	-410.248708479609	-409.491748120361	-0.573334752070993	3622.79345037464	46.9409230811868	113.852817530705	1.40510628687533
1.26399999999997	-482.141913654762	427.093916601978	400.175444907673	-0.431844972412844	-4346.04142467007	-333.726365027715	-360.12897448739	-0.933463726558383	4828.18333832483	-93.3675515742724	-29.7614988173729	1.37534478805796
1.26499999999997	-438.4502810082	449.073119510249	439.940279518183	0.0080953071053391	-4650.35323041183	-224.536559758622	-282.162050924498	-1.21562577748288	5088.80351142003	-224.536559751637	-168.357182220578	1.20698760583738
1.26599999999997	-16.2907259206236	427.093916604463	440.713162676764	0.448808469782103	-3895.58109372659	-93.3675515821373	-164.114580926872	-1.37974035840975	3911.87181964721	-333.726365022334	-277.196820243926	0.929790785593453
1.26699999999997	1378.27859018403	363.307785403141	397.582467174714	0.846390936956817	-2970.48897487503	46.9409230731904	-21.174105224641	-1.40091446363439	1592.210384691	-410.248708476338	-356.046275301168	0.573744510292285
1.26799999999997	3473.7293458103	263.958556852397	304.96091126268	1.1513518482195	-2627.33101798803	182.654493121449	117.320218786386	-1.28359424484801	-846.398327822274	-446.613049973851	-416.084456240014	0.157660054052271
1.26899999999997	5258.84145534573	138.77122564952	187.052717859673	1.33840456607917	-2989.51531818424	300.488568754321	244.860168945576	-1.03873407590243	-2269.32613716149	-439.259794403843	-441.870443835065	-0.284210389782794
1.26999999999997	5680.08313651901	4.11203870953614E-09	64.1944897032418	1.40259905578241	-3240.60397059685	388.908729650542	351.118462529917	-0.687615613372515	-2439.47916592216	-388.908729654654	-417.985804820934	-0.702196194603728
1.27099999999997	4528.72703895774	-138.771225641723	-61.7664967147282	1.34083255906768	-2369.62951025963	439.259794402139	418.162932918409	-0.269452680454106	-2159.09752869811	-300.488568760413	-346.480278530202	-1.04867647313393
1.27199999999997	2562.51708503057	-263.958556845764	-193.721846768537	1.14711071229915	-102.712333621783	446.613049974708	433.336976294346	0.16388429584024	-2459.80475140878	-182.654493128938	-242.602275373921	-1.29127874850785
1.27299999999997	1052.11811599909	-363.307785398322	-315.021480952274	0.832089231346872	2567.11487361005	410.248708479673	409.486100050619	0.573370395890859	-3619.23298960914	-46.9409230813439	-113.819261072016	-1.40509800957987
1.27399999999997	474.451797815557	-427.093916601929	-400.2443725094	0.431844858837473	4348.14576292565	333.72636502782	360.035954819533	0.933406350710393	-4822.59756074121	93.3675515741178	29.6577997271863	-1.37544020985268
1.27499999999997	438.588432657589	-449.073119510249	-439.962068147564	-0.00811720931009119	4655.4917853377	224.536559758737	282.168001603501	1.21557435231389	-5094.08021799529	224.536559751522	168.454645345719	-1.20698556450696
1.27599999999997	18.7189328939169	-427.093916604512	-440.705232904397	-0.448822442214488	3896.2873906907	93.3675515822917	164.165300212161	1.37973965252606	-3915.00632358462	333.726365022229	277.208153783875	-0.929777410723087
1.27699999999997	-1379.88105565611	-363.307785403233	-397.525352370066	-0.846347794584554	2970.39653079944	-46.9409230730332	21.2103437607853	1.40094999628684	-1590.51547514333	410.248708476274	356.04653487145	-0.573730875851637
1.27799999999997	-3472.36874068135	-263.958556852525	-304.989325154144	-1.1513371197387	2630.02490070699	-182.654493121304	-117.348122126001	1.28360187416084	842.343839974359	446.613049973834	416.112918757108	-0.157617957094529
1.27899999999997	-5260.61730749891	-138.77122564967	-187.048669661179	-1.33838578939988	2993.04147815245	-300.488568754203	-244.883293102413	1.03871858105843	2267.57582934645	439.259794403876	441.840470569585	0.284222513475056
1.27999999999997	-5685.7438772137	-4.27000657055032E-09	-64.2086441150758	-1.40259443351495	3247.46648002027	-388.908729650463	-351.183339881935	0.687535241176491	2438.27739719344	388.908729654734	417.941948978013	0.702164462453069
1.28099999999997	-4528.53831056867	138.771225641572	61.7978076557939	-1.34079662585916	2363.3944185476	-439.259794402106	-418.010318209589	0.269524922966902	2165.14389202106	300.488568760531	346.500235278951	1.04866469773202
1.28199999999997	-2563.88889164896	263.958556845616	193.707703157824	-1.14708892270133	98.3771449561233	-446.613049974727	-433.371430621322	-0.16384650765442	2465.51174669284	182.654493129106	242.577342796781	1.2912420405288
1.28299999999997	-1050.16086651423	363.307785398229	315.013182961684	-0.83207573973965	-2570.70774870984	-410.248708479737	-409.475754089982	-0.573322261744402	3620.86861522407	46.9409230815011	113.857367393629	1.40509940792243
1.28399999999997	-479.540365588548	427.093916601881	400.252687632696	-0.431823052106954	-4348.82863862867	-333.726365027926	-360.091838496344	-0.933414100240746	4828.36900421722	-93.3675515739633	-29.724223090587	1.37537518483184
1.28499999999997	-442.497209057128	449.073119510249	439.926193564647	0.00810314145769323	-4648.86101740937	-224.536559758896	-282.246917530961	-1.21566101777171	5091.3582264665	-224.536559751363	-168.430580424804	1.20694460440704
1.28599999999997	-20.3245869233704	427.09391660456	440.767766345636	0.448870907803329	-3890.39565690427	-93.3675515824463	-164.087091770623	-1.37974810954233	3910.72024382764	-333.726365022123	-277.120251171166	0.929824353235872
1.28699999999997	1376.84890734155	363.307785403327	397.554343792219	0.846425251595549	-2967.77622503332	46.9409230728761	-21.1723389611431	-1.40092044850347	1590.92731769178	-410.24870847621	-356.057363038224	0.573766990197648
1.28799999999997	3470.74195508509	263.958556852652	304.919230811449	1.151344482407	-2626.41312134646	182.65449312116	117.278280015728	-1.28364216848774	-844.32883373863	-446.613049973818	-416.159085428891	0.157607904768757
1.28899999999997	5260.33762101178	138.771225649845	187.084501011648	1.33842898341865	-2984.8650940842	300.488568754067	244.895242229376	-1.03874692625837	-2275.47252692758	-439.259794403914	-441.755868362913	-0.284147963594156
1.28999999999997	5682.94782402321	4.42804548583808E-09	64.1560318686836	1.40258501528733	-3243.34237759946	388.908729650384	351.137244234113	-0.687609682024256	-2439.60544642376	-388.908729654812	-418.052007094106	-0.702199970688262
1.29099999999997	4532.69662298173	-138.771225641422	-61.7761897340081	1.34080882555332	-2371.16941560716	439.259794402073	418.155110561537	-0.26945457146272	-2161.52720737456	-300.488568760648	-346.46581348272	-1.04866578417098
1.29199999999997	2564.49335835922	-263.958556845508	-193.706919397463	1.14710190615586	-101.92910044041	446.613049974741	433.325452807742	0.163870881345022	-2462.56425791881	-182.654493129227	-242.595635708302	-1.29126141987928
1.29299999999997	1056.2301467639	-363.307785398136	-315.068176418622	0.832033729737236	2565.06264727877	410.248708479801	409.473227914914	0.573344109259936	-3621.29279404267	-46.9409230816582	-113.854228550409	-1.40511564842969
1.29399999999997	486.526344499234	-427.093916601824	-400.261265941921	0.431772463795315	4339.09548059265	333.726365028049	360.121997902134	0.93346610716207	-4825.62182509188	93.3675515737837	29.7034400374951	-1.3754122083922
1.29499999999997	444.893515688263	-449.073119510249	-439.913777963193	-0.00814131416787855	4648.52978450271	224.536559759032	282.173085748342	1.21563919291041	-5093.42330019097	224.536559751226	168.446376019704	-1.20696583237249
1.29599999999997	22.6668054910518	-427.093916604609	-440.74481864624	-0.448886132814119	3892.160675231	93.3675515826008	164.096854721942	1.37973604763235	-3914.82748072205	333.726365022017	277.15850134726	-0.929807331025234
1.29699999999997	-1380.66220908965	-363.307785403419	-397.459691408877	-0.846345824222995	2969.81320452066	-46.9409230727189	21.224204680903	1.40096025231326	-1589.15099543101	410.248708476146	356.074266169293	-0.57373306485594
1.29799999999997	-3472.02386815202	-263.958556852801	-304.988250078302	-1.1513340743013	2627.54731332285	-182.654493120992	-117.326908788706	1.28363334352455	844.476554829173	446.613049973799	416.115433513703	-0.157617631342237
1.29899999999997	-5256.54473705929	-138.771225649995	-187.086435395705	-1.338420509697	2988.78419231652	-300.488568753949	-244.882918489436	1.03875042503512	2267.76054474276	439.259794403947	441.839917274511	0.284222285932274
1.29999999999997	-5684.09155157103	-4.58599913599755E-09	-64.1966313961206	-1.40261714109312	3244.64790779295	-388.908729650306	-351.193457117416	0.6875569679177	2439.44364377808	388.908729654891	417.932913451586	0.70215519938386
1.30099999999997	-4531.49162294848	138.771225641272	61.8023142087172	-1.34081482688441	2368.52253631452	-439.25979440204	-418.087879984562	0.269469087933138	2162.96908663396	300.488568760765	346.496489741194	1.04865168912505
1.30199999999997	-2561.96052676481	263.958556845381	193.702545809657	-1.14711228107475	98.2156093031947	-446.613049974757	-433.312074205884	-0.163842986272747	2463.74491746162	182.654493129371	242.601798188535	1.29125348731359
1.30299999999997	-1057.21774859973	363.307785398058	315.091922387525	-0.832020358687223	-2565.5753768446	-410.248708479855	-409.491708613561	-0.573334694886308	3622.79312544433	46.94092308179	113.852860588348	1.40510634790194
1.30399999999997	-482.141801985147	427.093916601775	400.175438345243	-0.431844920341981	-4346.04134365513	-333.726365028154	-360.128978872661	-0.933463673758969	4828.18314564028	-93.3675515736292	-29.7615054014688	1.37534484250047
1.30499999999997	-438.45024480719	449.07311951025	439.940229451941	0.00809530910996028	-4650.35327482633	-224.536559759169	-282.16210064287	-1.21562577440184	5088.80351963352	-224.536559751089	-168.357234001285	1.20698760849918
1.30599999999997	-16.2907797792524	427.093916604658	440.713111101479	0.448808420211439	-3895.58084098002	-93.3675515827553	-164.114635060048	-1.37974040946189	3911.87162075927	-333.726365021911	-277.196871022549	0.929790737476634
1.30699999999997	1378.27854591909	363.307785403512	397.582457947828	0.846390878159268	-2970.48875151013	46.9409230725618	-21.1741143281383	-1.40091452379002	1592.21020559104	-410.248708476081	-356.046284531619	0.573744452945015
1.30799999999997	3473.72909539333	263.958556852887	304.960950393111	1.15135182855238	-2627.33086837409	182.654493120895	117.320256909799	-1.28359426688023	-846.398227019244	-446.613049973787	-416.084420304806	0.157660032640209
1.30899999999997	5258.84117244032	138.771225650145	187.052774131653	1.33840460268403	-2989.51523557186	300.488568753832	244.860225269279	-1.03873404161095	-2269.32593686846	-439.25979440398	-441.870388604076	-0.284210355963868
1.30999999999997	5680.08289716736	4.74403805128532E-09	64.1945144206546	1.40259911710469	-3240.6038033881	388.908729650227	351.118486808524	-0.687615554802422	-2439.47909377926	-388.908729654971	-417.985779169877	-0.702196135133744
1.31099999999997	4528.72665197848	-138.771225641122	-61.766517039435	1.34083260006525	-2369.62918910289	439.259794402007	418.162910392054	-0.269452644410368	-2159.09746287559	-300.488568760883	-346.480299941055	-1.0486764350748
1.31199999999997	2562.5169301346	-263.958556845253	-193.721902439269	1.14711069762598	-102.712304636087	446.613049974774	433.336923818209	0.163884279407841	-2459.80462549851	-182.654493129516	-242.602330095792	-1.29127876517059
1.31299999999997	1052.11811286772	-363.307785397965	-315.021520279658	0.832089177346324	2567.11456551838	410.24870847992	409.486063914683	0.573370343322524	-3619.2326783861	-46.9409230819472	-113.819300750333	-1.40509806592092
1.31399999999997	474.451697986079	-427.093916601726	-400.244366420522	0.431844810925802	4348.1457000457	333.72636502826	360.035958754682	0.933406302077206	-4822.59739803178	93.3675515734746	29.6578060220294	-1.37544025989889
1.31499999999997	438.588420516648	-449.073119510249	-439.962022395616	-0.00811721146981384	4655.49185860611	224.536559759306	282.168047014841	1.21557434909205	-5094.08027912276	224.536559750952	168.454693066194	-1.2069855668327
1.31599999999997	18.7189659782643	-427.093916604707	-440.705184921663	-0.448822396391477	3896.28714735716	93.3675515829099	164.165350580588	1.37973969967264	-3915.00611333543	333.726365021806	277.208200273565	-0.929777366559135
1.31699999999997	-1379.88104216777	-363.307785403605	-397.52534376512	-0.846347740156598	2970.39629559649	-46.9409230724047	21.2103523042191	1.40095005197685	-1590.51525342872	410.248708476017	356.04654318935	-0.573730823369785
1.31799999999997	-3472.36855595836	-263.958556853015	-304.989360792463	-1.15133710094906	2630.02477039111	-182.65449312075	-117.348157208047	1.28360189476881	842.343785567242	446.613049973771	416.112886022154	-0.15761793734763
1.31899999999997	-5260.61700458022	-138.771225650247	-187.048722652175	-1.33838582360123	2993.04140058406	-300.488568753753	-244.883345513591	1.03871854925522	2267.57560399617	439.259794404002	441.840419622097	0.284222482274466
1.31999999999997	-5685.74366459919	-4.90199170144479E-09	-64.2086664487682	-1.40259449005	3247.4663479348	-388.908729650148	-351.183362284673	0.687535186970544	2438.27731666439	388.90872965505	417.941925306038	0.702164407580505
1.32099999999997	-4528.53795761805	138.771225640971	61.7978264982344	-1.34079666355177	2363.39413027692	-439.259794401975	-418.010297226918	0.269524889743626	2165.14382734114	300.488568761	346.500255086715	1.04866466266722
1.32199999999997	-2563.88876497727	263.958556845125	193.7077546679	-1.14708890888387	98.3771424042379	-446.613049974791	-433.371382253637	-0.163846492510011	2465.51162257303	182.65449312966	242.577393376758	1.29124205604398
1.32299999999997	-1050.16086261861	363.307785397872	315.013219156753	-0.832075689727116	-2570.70747406498	-410.248708479984	-409.475720515591	-0.573322213025602	3620.86833668359	46.9409230821042	113.857403913461	1.40509945995744
1.32399999999996	-479.540267817701	427.093916601693	400.25268177256	-0.431823007954556	-4348.82857532069	-333.726365028332	-360.09184243326	-0.933414055458863	4828.36884313839	-93.36755157337	-29.7242289818682	1.37537523097557
1.32499999999996	-442.497147341062	449.073119510249	439.926151490391	0.00810314353583552	-4648.86108673319	-224.536559759443	-282.24695894347	-1.21566101440233	5091.35823407425	-224.536559750816	-168.430623754148	1.20694460722142
1.32599999999996	-20.3246274931799	427.093916604756	440.767722369587	0.448870865905423	-3890.39544606963	-93.3675515830644	-164.0871382501	-1.37974815265243	3910.72007356281	-333.7263650217	-277.120294616525	0.929824312604897
1.32699999999996	1376.84888320389	363.307785403698	397.554335356956	0.846425201262379	-2967.77601835627	46.9409230722475	-21.172347371464	-1.4009205000239	1590.92713515238	-410.248708475953	-356.057371223378	0.573766941381519
1.32799999999996	3470.74177035336	263.958556853143	304.919263872109	1.15134446513449	-2626.41299003555	182.654493120606	117.278312401691	-1.28364218762221	-844.32878031781	-446.613049973754	-416.159054953576	0.157607886427943
1.32899999999996	5260.33736625909	138.771225650397	187.084549646767	1.33842901478125	-2984.86502527482	300.488568753635	244.895290672172	-1.03874689695003	-2275.47234098427	-439.259794404035	-441.755821190951	-0.284147934763008
1.32999999999996	5682.94763298483	5.06003061673255E-09	64.1560527508107	1.40258506753207	-3243.34228154591	388.908729650069	351.137265215223	-0.68760963173481	-2439.60535143892	-388.908729655128	-418.051985373447	-0.702199920136455
1.33099999999996	4532.69629096309	-138.771225640821	-61.7762071270667	1.340808860405	-2371.16914154776	439.259794401941	418.155090903493	-0.269454540831317	-2161.52714941533	-300.488568761118	-346.46583170042	-1.04866575183688
1.33199999999996	2564.4932257549	-263.958556844997	-193.706966611397	1.1471018937936	-101.929077994955	446.613049974807	433.325408343579	0.163870867512262	-2462.56414775995	-182.654493129804	-242.595682111192	-1.29126143394807
1.33299999999996	1056.23014540302	-363.307785397779	-315.068209898705	0.832033683894897	2565.06237832111	410.248708480048	409.473197195864	0.573344064708126	-3621.29252372413	-46.9409230822614	-113.854262333318	-1.40511569628139
1.33399999999996	486.526265969141	-427.093916601644	-400.261261024789	0.431772422870109	4339.09540662638	333.726365028438	360.122001115981	0.933466065824108	-4825.62167259552	93.3675515732155	29.7034451048581	-1.37541225117653
1.33499999999996	444.893474503042	-449.073119510249	-439.913739045902	-0.0081413161757935	4648.52986672031	224.536559759536	282.173123868144	1.21563918969225	-5093.42334122335	224.536559750723	168.446416379453	-1.20696583479707
1.33599999999996	22.6668675352831	-427.093916604805	-440.744778016265	-0.448886094192058	3892.1604653203	93.3675515832191	164.096897945231	1.37973608763748	-3914.82733285558	333.726365021594	277.158541403077	-0.929807293393997
1.33699999999996	-1380.66218710248	-363.307785403791	-397.45968360904	-0.846345777801099	2969.81300758154	-46.9409230720904	21.2242122476811	1.40096029988516	-1589.15082047906	410.248708475888	356.074273481183	-0.573733019912814
1.33799999999996	-3472.02371380778	-263.958556853271	-304.988280228591	-1.15133405802969	2627.54719889346	-182.654493120462	-117.32693850662	1.28363336137854	844.476514914321	446.613049973738	416.115405620798	-0.157617614292015
1.33899999999996	-5256.54450535213	-138.771225650548	-187.086480345043	-1.33842053837473	2988.78414126067	-300.488568753518	-244.882963224192	1.03875039815435	2267.76036409146	439.259794404068	441.839873872941	0.284222259580926
1.33999999999996	-5684.09135446766	-5.19246157182351E-09	-64.196650679182	-1.40261718905391	3244.64776883102	-388.908729650002	-351.19347591646	0.687556922237891	2439.44358563664	388.908729655195	417.932893301013	0.702155152881939
1.34099999999996	-4531.49132224437	138.771225640671	61.8023298839472	-1.34081485916997	2368.52228440128	-439.259794401909	-418.087862708462	0.269469059529429	2162.96903784309	300.488568761235	346.4965061624	1.04865165904434
1.34199999999996	-2561.96038586825	263.958556844869	193.702589245623	-1.14711226992435	98.2155844052066	-446.613049974823	-433.312033113548	-0.163842973584119	2463.74480146304	182.654493129949	242.60184116116	1.2912535002055
1.34299999999996	-1057.21774271636	363.307785397687	315.091953561753	-0.832020316362592	-2565.57514840414	-410.248708480112	-409.4916799659	-0.573334653550019	3622.7928911205	46.9409230824185	113.852891766339	1.40510639197184
1.34399999999996	-482.141716176456	427.093916601596	400.175433701182	-0.43184488266141	-4346.04128372001	-333.726365028543	-360.128981952278	-0.933463635502297	4828.18299989647	-93.3675515730609	-29.7615099955026	1.37534488197634
1.34499999999996	-438.450217667	449.073119510249	439.940193278956	0.00809531061754671	-4650.35328771868	-224.536559759694	-282.162136709894	-1.21562577221219	5088.80350538568	-224.536559750564	-168.357271343871	1.20698761063247
1.34599999999996	-16.2908207128916	427.093916604854	440.71307378635	0.448808384403897	-3895.58065415648	-93.3675515833735	-164.114674151371	-1.37974044636356	3911.87147486938	-333.726365021489	-277.196907893132	0.929790702739334
1.34699999999996	1378.278509649	363.307785403883	397.582451257184	0.846390835661081	-2970.48859587067	46.9409230719333	-21.1741208810743	-1.40091456724464	1592.21008622167	-410.248708475824	-356.046291321799	0.573744411417535
1.34799999999996	3473.72891134511	263.958556853399	304.960978606206	1.15135181426729	-2627.33075961259	182.654493120317	117.320284360618	-1.28359428288402	-846.398151732529	-446.613049973721	-416.084394348175	0.157660017069359
1.34899999999996	5258.84096531203	138.771225650722	187.052814810797	1.33840462907808	-2989.51516738486	300.488568753381	244.860265933973	-1.03873401695004	-2269.32579792717	-439.259794404106	-441.870348621973	-0.284210331552614
1.34999999999996	5680.08270321122	5.35052890882071E-09	64.1945324789415	1.40259916155703	-3240.60366554565	388.908729649923	351.118504364809	-0.687615512585236	-2439.47903766557	-388.908729655274	-417.9857606238	-0.702196092176414
1.35099999999996	4528.72636631029	-138.771225640545	-61.7665316585152	1.34083262989851	-2369.62895756944	439.259794401881	418.162894382612	-0.269452618202625	-2159.09740874086	-300.488568761333	-346.48031527355	-1.04867640744996
1.35199999999996	2562.51682143028	-263.958556844742	-193.721942839128	1.14711068705938	-102.712284993323	446.61304997484	433.336885791345	0.163884267588721	-2459.80453643696	-182.654493130093	-242.60236969696	-1.29127877714692
1.35299999999996	1052.11810777344	-363.307785397594	-315.021548687706	0.832089138371677	2567.11434460387	410.248708480176	409.486037753987	0.573370305342708	-3619.23245237731	-46.9409230825757	-113.819329470809	-1.40509810661773
1.35399999999996	474.451622013504	-427.093916601539	-400.244362081267	0.431844776290409	4348.14565724792	333.726365028666	360.035961522708	0.933406266865416	-4822.59727926143	93.3675515728814	29.6578105008913	-1.37544029611684
1.35499999999996	438.588413889044	-449.073119510249	-439.961989426529	-0.00811721313612008	4655.49189890652	224.536559759831	282.168079877432	1.21557434674285	-5094.08031279556	224.536559750427	168.454727433073	-1.20698556868377
1.35599999999996	18.7189883343611	-427.093916604894	-440.705150133114	-0.448822363269234	3896.28696492716	93.3675515835032	164.165387034606	1.37973973377745	-3915.00595326152	333.7263650214	277.208233970383	-0.929777334713387
1.35699999999996	-1379.88103409349	-363.307785403977	-397.525337502021	-0.846347700771255	2970.39612565353	-46.9409230717761	21.2103584802124	1.40095009225767	-1590.51509156004	410.24870847576	356.046549283347	-0.57373078543004
1.35799999999996	-3472.36842766294	-263.958556853547	-304.989386425163	-1.15133708719642	2630.02467725419	-182.65449312015	-117.348182469638	1.28360190978803	842.34375040875	446.613049973702	416.112862445742	-0.157617922984298
1.35899999999996	-5260.61677574411	-138.771225650872	-187.048761165302	-1.33838584836172	2993.04133589301	-300.488568753264	-244.883383444161	1.03871852634387	2267.5754398511	439.259794404139	441.840382719509	0.284222459735211
1.35999999999996	-5685.74349298349	-5.50852519154432E-09	-64.2086826855144	-1.40259453104723	3247.46624151323	-388.908729649844	-351.183378493293	0.687535147850575	2438.27725147026	388.908729655353	417.941908199455	0.702164367934666
1.36099999999996	-4528.53769694397	138.771225640395	61.7978400736894	-1.34079669097354	2363.39392333876	-439.259794401848	-418.010282257089	0.269524865593486	2165.1437736052	300.488568761451	346.500269288467	1.04866463722313
1.36199999999996	-2563.88868002303	263.958556844614	193.707792102531	-1.14708889887101	98.3771466937067	-446.613049974857	-433.371347201284	-0.163846481607797	2465.51153332932	182.654493130237	242.577430013695	1.29124206723683
1.36299999999996	-1050.16085747447	363.307785397486	315.013245281021	-0.832075653589992	-2570.7072777646	-410.248708480252	-409.475696175445	-0.573322177783243	3620.86813523907	46.9409230827582	113.857430333303	1.40509949757013
1.36399999999996	-479.5401925818	427.09391660149	400.252677554591	-0.431822976035401	-4348.82852894273	-333.726365028772	-360.091845263086	-0.933414023046329	4828.36872152453	-93.3675515727269	-29.7242331720891	1.37537526439804
1.36499999999996	-442.4970953312	449.073119510249	439.926121201684	0.00810314516628372	-4648.86112827147	-224.536559759968	-282.246988786471	-1.2156610118328	5091.35822360267	-224.53655975029	-168.430654854296	1.20694460954375
1.36599999999996	-20.3246568734912	427.093916604943	440.767690519039	0.448870835685323	-3890.3952913402	-93.3675515836576	-164.087171919099	-1.3797481837519	3910.71994821369	-333.726365021294	-277.120326214554	0.929824283329192
1.36699999999996	1376.84886452351	363.307785404054	397.554329125694	0.846425164811016	-2967.77587018788	46.9409230716444	-21.1723535701536	-1.40092053732205	1590.92700566437	-410.248708475706	-356.057377312429	0.573766906016763
1.36799999999996	3470.74164028212	263.958556853675	304.919287663489	1.1513444524745	-2626.41289383695	182.654493120005	117.278335719747	-1.28364220160231	-844.328746445178	-446.613049973686	-416.159032953051	0.157607873063712
1.36899999999996	5260.33717692106	138.771225651023	187.0845849803	1.33842903745481	-2984.86496878192	300.488568753146	244.895325772805	-1.0387468758295	-2275.47220813914	-439.259794404172	-441.75578699077	-0.284147913927059
1.36999999999996	5682.9474796147	5.66652147426794E-09	64.1560679753159	1.40258510543012	-3243.34220730412	388.908729649765	351.137280451183	-0.687609595378318	-2439.60527231059	-388.908729655432	-418.051969692761	-0.70219988361982
1.37099999999996	4532.69604511902	-138.771225640244	-61.7762196647855	1.34080888576534	-2371.16894339637	439.259794401815	418.15507681434	-0.269454518563978	-2161.52710172265	-300.488568761568	-346.465844751603	-1.04866572837142
1.37199999999996	2564.49313225589	-263.958556844506	-193.707000852026	1.14710188491331	-101.929063001286	446.61304997487	433.325376151241	0.163870857587262	-2462.56406925461	-182.654493130358	-242.595715669914	-1.29126144404134
1.37299999999996	1056.23014286834	-363.307785397393	-315.068234103459	0.83203365080985	2565.06218338097	410.248708480315	409.473174957524	0.573344032544786	-3621.29232624931	-46.9409230829154	-113.854286803391	-1.40511573084473
1.37399999999996	486.526206679091	-427.093916601441	-400.261257571419	0.431772393238431	4339.09535118287	333.726365028877	360.122003340898	0.933466035885684	-4825.62155786196	93.3675515725723	29.7034486422147	-1.37541228220251
1.37499999999996	444.893439891798	-449.073119510249	-439.913710984619	-0.00814131774618872	4648.52992017622	224.536559760105	282.173151364073	1.21563918724976	-5093.42336006802	224.536559750153	168.446445422332	-1.20696583678018
1.37599999999996	22.6669176706318	-427.093916604992	-440.744748593181	-0.44888606633937	3892.1603082186	93.3675515838122	164.096929307385	1.37973611655714	-3914.82722588923	333.726365021189	277.158570543722	-0.92980726623646
1.37699999999996	-1380.66216869292	-363.307785404147	-397.459677862726	-0.846345744202096	2969.81286508816	-46.9409230714872	21.224217777033	1.40096033433418	-1589.15069639524	410.248708475642	356.074278875005	-0.573732987361455
1.37799999999996	-3472.02360757686	-263.958556853803	-304.988301862574	-1.15133404606467	2627.54711633384	-182.654493119861	-117.326959881027	1.28363337445315	844.476491243014	446.613049973669	416.115385517631	-0.157617601843824
1.37899999999996	-5256.54433633626	-138.771225651173	-187.086512980252	-1.33842055904492	2988.78410113426	-300.488568753029	-244.882995637904	1.03875037881524	2267.76023520201	439.259794404205	441.839842421299	0.284222240577475
1.37999999999996	-5684.09119395446	-5.8245603895557E-09	-64.1966647726704	-1.40261722381759	3244.64765379548	-388.908729649686	-351.193489471032	0.687556889344212	2439.44354015898	388.908729655511	417.932878725588	0.702155119303063
1.38099999999996	-4531.49109978616	138.771225640094	61.8023411085449	-1.34081488270905	2368.52210181365	-439.259794401783	-418.087850492931	0.269469038851282	2162.96899797251	300.488568761686	346.49651785717	1.04865163716023
1.38199999999996	-2561.96028270428	263.958556844379	193.702620744278	-1.14711226196477	98.2155667186992	-446.613049974887	-433.312003336947	-0.163842964485665	2463.74471598558	182.654493130503	242.601872284403	1.29125350944464
1.38299999999996	-1057.21773626243	363.30778539733	315.091976146589	-0.832020285818181	-2565.5749859861	-410.248708480359	-409.4916591807	-0.573334623666365	3622.79272224853	46.9409230830217	113.852914347144	1.40510642379178
1.38399999999996	-482.141649486496	427.093916601392	400.175430428382	-0.431844855389799	-4346.04123933706	-333.726365028983	-360.128984100794	-0.933463607767158	4828.18288882355	-93.3675515724178	-29.7615131729483	1.37534491061883
1.38499999999996	-438.450197164383	449.073119510249	439.940167142565	0.00809531175276629	-4650.35327925128	-224.536559760242	-282.162162905507	-1.21562577067267	5088.80347641566	-224.536559750017	-168.35729825951	1.20698761235932
1.38599999999996	-16.2908520000071	427.093916605041	440.713046783502	0.448808358536269	-3895.58051527738	-93.3675515839669	-164.114702369692	-1.37974047304236	3911.87136727739	-333.726365021083	-277.196934693858	0.929790677665463
1.38699999999996	1378.27847954735	363.30778540424	397.582446410236	0.846390804946505	-2970.4884887815	46.9409230713301	-21.1741255840019	-1.40091459862636	1592.21000923415	-410.248708475578	-356.046296331689	0.573744381333774
1.38799999999996	3473.72877550798	263.95855685389	304.960998939034	1.15135180388554	-2627.3306804948	182.654493119763	117.320304110469	-1.28359429451589	-846.398095013182	-446.613049973658	-416.084375598243	0.157660005735531
1.38899999999996	5258.84081334642	138.771225651323	187.052844216767	1.33840464810231	-2989.51511041128	300.488568752911	244.860295283364	-1.03873399923253	-2269.32570293513	-439.259794404238	-441.870319666722	-0.284210313931192
1.38999999999996	5680.08254365282	5.98251403971517E-09	64.1945457049429	1.40259919380725	-3240.60355001335	388.908729649607	351.118517053688	-0.687615482178838	-2439.47899363947	-388.90872965559	-417.985747218232	-0.702196061149423
1.39099999999996	4528.7261542768	-138.771225639944	-61.7665421666627	1.34083265164059	-2369.62879070969	439.25979440175	418.162883055877	-0.269452599122962	-2159.09736356711	-300.488568761803	-346.480326232531	-1.04867638738195
1.39199999999996	2562.51674581231	-263.958556844251	-193.72197219097	1.14711067944962	-102.712272033598	446.613049974903	433.336858214224	0.163884259091263	-2459.80447377871	-182.654493130647	-242.602398368074	-1.29127878575003
1.39299999999996	1052.11810147227	-363.307785397237	-315.021569200344	0.832089110249271	2567.11418669262	410.248708480424	409.486018810089	0.573370277901351	-3619.2322881649	-46.9409230831788	-113.81935026203	-1.40509813601206
1.39399999999996	474.451563659912	-427.093916601343	-400.244358991295	0.431844751257977	4348.1456291592	333.726365029089	360.035963462323	0.933406241363675	-4822.59719281911	93.3675515722632	29.6578136861683	-1.37544032232589
1.39499999999996	438.588410926741	-449.073119510249	-439.961965686155	-0.00811721442817852	4655.49191610484	224.536559760378	282.168103672355	1.21557434503603	-5094.08032703158	224.53655974988	168.45475215342	-1.20698557017247
1.39599999999996	18.7190029605379	-427.09391660509	-440.7051248925	-0.448822339320679	3896.28682686415	93.3675515841214	164.165413424451	1.37973975846048	-3915.00582982469	333.726365020977	277.208258411458	-0.929777311761013
1.39699999999996	-1379.88102986172	-363.307785404333	-397.525332942529	-0.846347672263207	2970.39600292564	-46.940923071173	21.2103629362967	1.40095012139678	-1590.51497306392	410.248708475513	356.046553757761	-0.573730758003251
1.39799999999996	-3472.36833956291	-263.958556854017	-304.989404844577	-1.15133707710778	2630.02461098834	-182.654493119619	-117.348200647866	1.28360192074891	842.343728574568	446.613049973641	416.112845477104	-0.157617912526147
1.39899999999996	-5260.61660145982	-138.771225651425	-187.048789194003	-1.33838586630179	2993.0412812153	-300.488568752832	-244.8834109034	1.03871850984551	2267.57532024452	439.25979440426	441.840355972342	0.284222443446194
1.39999999999996	-5685.74335246993	-6.14056716585765E-09	-64.2086945044071	-1.40259456080619	3247.46615444679	-388.908729649528	-351.183390218403	0.687535119627108	2438.27719802314	388.908729655669	417.941895843155	0.70216433928935
1.40099999999996	-4528.53750317916	138.771225639793	61.7978498525187	-1.34079671095368	2363.39377493293	-439.259794401717	-418.010271608642	0.269524848018466	2165.14372824622	300.488568761921	346.500279457141	1.04866461874649
1.40199999999996	-2563.88862489216	263.958556844123	193.707819353075	-1.1470888916006	98.3771557379587	-446.61304997492	-433.371321780508	-0.163846473762042	2465.5114691542	182.654493130792	242.577456569423	1.29124207531591
1.40299999999996	-1050.1608512481	363.307785397144	315.01326412082	-0.832075627479781	-2570.70713792489	-410.248708480488	-409.475678518245	-0.573322152280286	3620.86798917299	46.940923083336	113.857449448247	1.40509952476416
1.40399999999996	-479.540134070363	427.09391660131	400.252674516754	-0.431822952963028	-4348.82849498662	-333.72636502916	-360.091847301306	-0.933413999581592	4828.36862905698	-93.3675515721586	-29.7242361499268	1.37537528861423
1.40499999999996	-442.497050834471	449.073119510249	439.926099421164	0.00810314645813629	-4648.86115062451	-224.536559760516	-282.247010273197	-1.21566100985479	5091.35820145898	-224.536559749743	-168.430677131633	1.2069446114826
1.40599999999996	-20.3246779654815	427.093916605138	440.767667437464	0.4488708138956	-3890.39517739694	-93.3675515842759	-164.087196323507	-1.3797482061783	3910.71985536242	-333.726365020871	-277.120349231783	0.929824262250819
1.40699999999996	1376.8488498416	363.307785404426	397.554324504414	0.846425138400015	-2967.77576411713	46.9409230710158	-21.1723581568164	-1.40092056433511	1590.92691427553	-410.248708475449	-356.057381868535	0.573766880382283
1.40799999999996	3470.74154944967	263.958556854145	304.919304767844	1.15134444316786	-2626.41282310629	182.654493119474	117.278352495919	-1.28364221183919	-844.328726343378	-446.613049973625	-416.159017071394	0.157607863310889
1.40899999999996	5260.3370354227	138.7712256516	187.084610685605	1.33842905385346	-2984.86492187879	300.488568752696	244.895351225265	-1.03874686061393	-2275.47211354391	-439.259794404298	-441.755762173685	-0.284147898862796
1.40999999999996	5682.94735468704	6.2985066051624E-09	64.1560790962859	1.40258513294975	-3243.34214911831	388.908729649449	351.137291522566	-0.687609569091363	-2439.60520556873	-388.908729655748	-418.051958380378	-0.702199857243174
1.41099999999996	4532.69586203658	-138.771225639643	-61.7762287031287	1.34080890424662	-2371.16880008127	439.259794401684	418.155066734043	-0.26945450235732	-2161.52706195531	-300.488568762038	-346.465854085128	-1.0486657113283
1.41199999999996	2564.49306676026	-263.958556843995	-193.707025707606	1.14710187853901	-101.929053306693	446.613049974937	433.325352831897	0.163870850474577	-2462.56401345357	-182.654493130936	-242.595739945794	-1.2912614512741
1.41299999999996	1056.2301397119	-363.307785397051	-315.068251602595	0.832033626936419	2565.06204196154	410.248708480552	409.47315885406	0.573344009328637	-3621.29218167344	-46.9409230834931	-113.854304534685	-1.40511575580878
1.41399999999996	486.526161448153	-427.093916601254	-400.261255159322	0.431772371777097	4339.09530965287	333.726365029284	360.122004863967	0.933466014192604	-4825.62147110102	93.3675515719791	29.7034510929544	-1.37541230471583
1.41499999999995	444.893410183829	-449.073119510249	-439.913690760515	-0.0081413189834183	4648.52995323292	224.53655976063	282.17317119138	1.21563918538398	-5093.42336341675	224.536559749628	168.446466294325	-1.2069658384215
1.41599999999995	22.6669587014362	-427.093916605187	-440.744727277629	-0.448886046261047	3892.16018971555	93.3675515844304	164.096952084297	1.37973613746828	-3914.82714841699	333.726365020766	277.158591779643	-0.929807246641859
1.41699999999995	-1380.66215280703	-363.307785404519	-397.459673617895	-0.846345719878942	2969.81276190289	-46.9409230708587	21.224221822878	1.40096035929116	-1589.15060909586	410.248708475385	356.074282869335	-0.573732963772524
1.41799999999995	-3472.02353561791	-263.958556854294	-304.988317356815	-1.15133403723576	2627.54705684622	-182.654493119307	-117.326975238295	1.28363338405286	844.476478771696	446.613049973606	416.115371035497	-0.157617592737027
1.41899999999995	-5256.54421325605	-138.77122565175	-187.086536698642	-1.3384205739344	2988.78406933181	-300.488568752578	-244.883019139662	1.0387503649132	2267.76014392423	439.259794404331	441.839819611249	0.284222226874222
1.41999999999995	-5684.09106125434	-6.43103703623638E-09	-64.1966751045124	-1.40261724903891	3244.64755701245	-388.908729649383	-351.193499233223	0.687556865679979	2439.44350424189	388.908729655814	417.932868183827	0.702155095058049
1.42099999999995	-4531.49093411784	138.771225639493	61.8023491307458	-1.34081489990817	2368.52196920127	-439.259794401651	-418.087841906902	0.269469023773077	2162.96896491657	300.488568762155	346.496526157129	1.04865162121518
1.42199999999995	-2561.96020685831	263.958556843867	193.70264361032	-1.14711225629784	98.2155541918073	-446.613049974953	-433.311981743098	-0.163842957970022	2463.74465266651	182.65449313108	242.601894841218	1.29125351605639
1.42299999999995	-1057.21772959866	363.307785396943	315.091992516192	-0.832020263781653	-2565.57487103791	-410.248708480626	-409.491644088419	-0.573334602058441	3622.79260063656	46.9409230836756	113.852930706873	1.40510644676327
1.42399999999995	-482.141597061173	427.093916601205	400.175428134544	-0.43184483564711	-4346.04120632445	-333.726365029389	-360.128985587788	-0.933463587646229	4828.18280338563	-93.3675515718245	-29.761515344487	1.37534493141878
1.42499999999995	-438.450181567703	449.073119510249	439.940148256687	0.00809531260957762	-4650.3532566405	-224.536559760767	-282.1621819601	-1.21562576960633	5088.8034382082	-224.536559749491	-168.357317646181	1.2069876137726
1.42599999999995	-16.2908760852553	427.093916605236	440.71302723778	0.448808339847358	-3895.58041133429	-93.3675515845849	-164.114722729675	-1.379740492336	3911.87128741955	-333.72636502066	-277.196954202006	0.929790659570594
1.42699999999995	1378.27845424099	363.307785404627	397.582442903459	0.846390782750817	-2970.48841648807	46.9409230706762	-21.1741289449479	-1.40091462128095	1592.20996224708	-410.24870847531	-356.046300041861	0.573744359528733
1.42799999999995	3473.72867465554	263.958556854421	304.961013586273	1.15135179633709	-2627.33062295415	182.654493119162	117.320318306061	-1.28359430297489	-846.398051701386	-446.613049973589	-416.084362052254	0.157659997476479
1.42899999999995	5258.84070160644	138.7712256519	187.052865470742	1.33840466180783	-2989.51506223975	300.488568752461	244.860316455524	-1.03873398651937	-2269.32563936669	-439.259794404364	-441.870298686145	-0.284210301209666
1.42999999999995	5680.08241042237	6.58899068639585E-09	64.1945554225125	1.40259921723034	-3240.60345163688	388.908729649304	351.118526218779	-0.687615460300588	-2439.47895878549	-388.908729655893	-417.985737531313	-0.702196038740979
1.43099999999995	4528.72599585273	-138.771225639367	-61.7665497133872	1.34083266751696	-2369.62867053736	439.259794401624	418.162875090352	-0.269452585210237	-2159.09732531537	-300.488568762254	-346.480334046706	-1.04867637278769
1.43199999999995	2562.51669385873	-263.958556843719	-193.721993548496	1.14711067396846	-102.712263879049	446.613049974972	433.336838195127	0.163884252984891	-2459.80442997968	-182.654493131248	-242.602419138452	-1.29127879192614
1.43299999999995	1052.11809449796	-363.307785396851	-315.021584004975	0.832089089963485	2567.11407424728	410.248708480691	409.486005087255	0.573370258072146	-3619.23216874524	-46.9409230838327	-113.819365315553	-1.40509815724169
1.43399999999995	474.45151835309	-427.093916601156	-400.244356792198	0.431844733171288	4348.14561183476	333.726365029495	360.035964814771	0.933406222886917	-4822.59713018786	93.36755157167	29.657815951643	-1.37544034129005
1.43499999999995	438.588410340723	-449.07311951025	-439.961948607288	-0.00811721543599987	4655.4919172984	224.536559760904	282.168120914634	1.21557434380155	-5094.08032763912	224.536559749355	168.454769906448	-1.2069855713836
1.43599999999995	18.7190120676874	-427.093916605277	-440.705106562444	-0.448822321998444	3896.28672119717	93.3675515847146	164.165432534971	1.37973977633652	-3915.00573326485	333.726365020571	277.208276155312	-0.929777295228288
1.43699999999995	-1379.88102834153	-363.307785404719	-397.525329621973	-0.846347651620417	2970.39591437958	-46.940923070519	21.210366143505	1.40095014248003	-1590.51488603805	410.248708475246	356.046557052314	-0.573730738175973
1.43799999999995	-3472.36828001332	-263.958556854549	-304.989418065621	-1.15133706968604	2630.02456418342	-182.654493119018	-117.34821371867	1.28360192876136	842.343715829903	446.613049973573	416.112833274987	-0.157617904900986
1.43899999999995	-5260.61646746702	-138.77122565205	-187.048809627863	-1.3383858793139	2993.04123437054	-300.488568752343	-244.883430790002	1.03871849797136	2267.57523309648	439.259794404396	441.840336568081	0.284222431667095
1.43999999999995	-5685.74323533018	-6.74701539082889E-09	-64.2087031241596	-1.40259458243806	3247.46608186549	-388.908729649225	-351.183398696995	0.687535099274361	2438.2771534647	388.908729655972	417.941886924781	0.702164318591876
1.44099999999995	-4528.53735806145	138.771225639217	61.7978568977868	-1.34079672554027	2363.39366865666	-439.259794401591	-418.010264064908	0.269524835209453	2165.14368940479	300.488568762371	346.500286724626	1.0486646053165
1.44199999999995	-2563.88859098271	263.958556843591	193.707839232464	-1.14708888630781	98.3771679483487	-446.613049974989	-433.371303326675	-0.163846468117222	2465.51142303436	182.654493131392	242.577475835946	1.29124208115245
1.44299999999995	-1050.16084460661	363.307785396758	315.013277696046	-0.832075608611764	-2570.70703864947	-410.248708480755	-409.475665698747	-0.573322133815969	3620.86788325608	46.9409230839899	113.857463278001	1.40509954443045
1.44399999999995	-479.540088008506	427.093916601107	400.25267232364	-0.431822936288124	-4348.82847015263	-333.726365029601	-360.091848773243	-0.933413982589212	4828.36855816114	-93.3675515715154	-29.72423826252	1.37537530616793
1.44499999999995	-442.497012208941	449.073119510249	439.926083780897	0.00810314749277283	-4648.86115992766	-224.536559761041	-282.2470257256	-1.21566100831481	5091.3581721366	-224.536559749218	-168.430693047264	1.20694461312067
1.44599999999995	-20.3246929037476	427.093916605326	440.767650697748	0.448870798190521	-3890.39509313569	-93.3675515848691	-164.087214027875	-1.37974822234269	3910.71978603944	-333.726365020466	-277.120366031635	0.92982424708903
1.44699999999995	1376.84883810191	363.307785404782	397.554321060737	0.846425119251258	-2967.77568833991	46.9409230704127	-21.1723615674297	-1.40092058391012	1590.926850238	-410.248708475202	-356.057385301884	0.573766861787146
1.44799999999995	3470.74148754877	263.958556854677	304.919317018891	1.15134443627015	-2626.41276985519	182.654493118874	117.278364521875	-1.28364221938824	-844.328717693577	-446.613049973556	-416.159005620006	0.157607856167139
1.44899999999995	5260.33692894579	138.771225652201	187.084629448863	1.33842906571901	-2984.86488251247	300.488568752226	244.895369730609	-1.03874684965763	-2275.47204643332	-439.259794404429	-441.75574413247	-0.284147887965331
1.44999999999995	5682.9472513875	6.90501167355251E-09	64.1560872407345	1.40258515295975	-3243.34210286583	388.908729649146	351.137299576189	-0.687609550081443	-2439.60514852167	-388.908729656051	-418.051950225446	-0.702199838190776
1.45099999999995	4532.69572469686	-138.771225639066	-61.7762352191034	1.34080891774064	-2371.16869643145	439.259794401558	418.155059538177	-0.269454490543267	-2161.52702826541	-300.488568762489	-346.465860745184	-1.04866569893596
1.45199999999995	2564.49302128876	-263.958556843505	-193.707043772817	1.14710187396783	-101.929047399292	446.613049975	433.32533592847	0.163870845385204	-2462.56397388947	-182.65449313149	-242.59575751244	-1.2912614564484
1.45299999999995	1056.23013632407	-363.307785396665	-315.068264254758	0.832033609713068	2565.06193917865	410.24870848082	409.473147188437	0.573343992573641	-3621.29207550272	-46.940923084147	-113.854317389992	-1.40511577383839
1.45399999999995	486.526126544787	-427.093916601059	-400.261253486955	0.431772356226113	4339.09527853559	333.726365029706	360.122005889701	0.933465998463342	-4825.62140508038	93.3675515713609	29.7034527734288	-1.37541232106496
1.45499999999995	444.893384128894	-449.073119510249	-439.91367619278	-0.00814131996666729	4648.52997190609	224.536559761178	282.173185483622	1.21563918394696	-5093.42335603499	224.536559749081	168.446481268365	-1.2069658397966
1.45599999999995	22.6669927042918	-427.093916605375	-440.74471182744	-0.448886031794107	3892.16009942495	93.3675515850237	164.096968647182	1.37973615259415	-3914.82709212924	333.72636502036	277.158607289204	-0.929807232507393
1.45699999999995	-1380.66213876038	-363.307785404875	-397.459670472111	-0.846345702266218	2969.81268709532	-46.9409230702555	21.2242247876531	1.4009603773818	-1589.15054833494	410.248708475138	356.074285841532	-0.573732946665862
1.45799999999995	-3472.02348800288	-263.958556854805	-304.988328426571	-1.15133403069279	2627.54701405853	-182.654493118729	-117.326986257022	1.28363339112478	844.476473944353	446.61304997354	416.115360609239	-0.157617586056622
1.45899999999995	-5256.54412393098	-138.771225652351	-187.086553958182	-1.33842058465097	2988.78404397518	-300.488568752108	-244.883036195267	1.03875035492951	2267.7600799558	439.259794404462	441.83980305104	0.284222216994418
1.45999999999995	-5684.09094993842	-7.06302216713084E-09	-64.1966827086562	-1.40261726735963	3244.64747429906	-388.908729649067	-351.193506253887	0.687556848675623	2439.44347563936	388.90872965613	417.932860559258	0.702155077553676
1.46099999999995	-4531.4908087586	138.771225638916	61.8023548523601	-1.34081491250727	2368.52186758941	-439.259794401525	-418.087835877412	0.269469012798211	2162.96894116919	300.488568762606	346.49653200358	1.04865160955726
1.46199999999995	-2561.96015088779	263.958556843377	193.702660230349	-1.14711225227692	98.2155456563163	-446.613049975016	-433.311966109309	-0.163842953311098	2463.74460523147	182.654493131634	242.601911222749	1.29125352078001
1.46299999999995	-1057.21772302736	363.307785396602	315.092004387966	-0.832020247888951	-2565.57479012563	-410.248708480863	-409.491633117446	-0.573334586428544	3622.79251315299	46.9409230842534	113.852942563178	1.40510646334318
1.46399999999995	-482.14155520983	427.093916601009	400.175426538187	-0.431844821350764	-4346.04118186275	-333.726365029812	-360.128986603027	-0.933463573031571	4828.18273707258	-93.3675515712063	-29.7615168035477	1.37534494653964
1.46499999999995	-438.450169505117	449.073119510249	439.940134607081	0.00809531325631748	-4650.35322500708	-224.536559761314	-282.162195849848	-1.21562576888142	5088.80339451219	-224.536559748944	-168.357331597864	1.20698761494177
1.46599999999995	-16.290894700435	427.093916605424	440.713013084451	0.448808326340768	-3895.58033285307	-93.3675515851782	-164.114737411539	-1.37974050629296	3911.8712275535	-333.726365020254	-277.196968427277	0.929790646514494
1.46699999999995	1378.27843271593	363.307785404968	397.582440370811	0.846390766711579	-2970.4883688778	46.9409230700984	-21.174131334543	-1.4009146376275	1592.20993616187	-410.248708475074	-356.046302801778	0.573744343712716
1.46799999999995	3473.72859928955	263.958556854891	304.961024132336	1.15135179084392	-2627.33058102789	182.654493118632	117.320328497752	-1.28359430912975	-846.398018261657	-446.613049973528	-416.084352263635	0.157659991449081
1.46899999999995	5258.8406192318	138.771225652501	187.052880831391	1.33840467167531	-2989.51502096991	300.488568751991	244.860331720254	-1.0387339774095	-2269.32559826189	-439.259794404495	-441.870283472861	-0.28421029202378
1.46999999999995	5680.08229752306	7.22100423899974E-09	64.1945625905989	1.40259923426591	-3240.60336647581	388.908729648988	351.118532832465	-0.68761544457703	-2439.47893104725	-388.908729656209	-417.985730533949	-0.702196022557729
1.47099999999995	4528.72587645865	-138.771225638766	-61.7665551278017	1.3408326791381	-2369.62858385933	439.259794401492	418.162869533213	-0.269452575043817	-2159.09729259932	-300.488568762724	-346.480339601585	-1.04867636215931
1.47199999999995	2562.51665878152	-263.958556843249	-193.72200912094	1.14711067001716	-102.712258992926	446.613049975033	433.336823642641	0.163884248598824	-2459.80439978859	-182.654493131779	-242.602434198223	-1.29127879635754
1.47299999999995	1052.11808707973	-363.307785396509	-315.021594682377	0.832089075334787	2567.11399483442	410.248708480927	409.485995141524	0.573370243740348	-3619.23208191414	-46.9409230844105	-113.819376217187	-1.40509817257472
1.47399999999995	474.451482713077	-427.093916600961	-400.244355227693	0.431844720107094	4348.14560253887	333.726365029918	360.035965752861	0.933406209493209	-4822.59708525195	93.3675515710518	29.6578175647852	-1.37544035500994
1.47499999999995	438.588411150375	-449.073119510249	-439.961936334628	-0.0081172162275338	4655.49190773136	224.536559761451	282.168133421828	1.21557434291504	-5094.08031888174	224.536559748807	168.45478262894	-1.206985572381
1.47599999999995	18.7190171321978	-427.093916605472	-440.705093234322	-0.448822309461856	3896.28663938723	93.3675515853328	164.165446380644	1.37973978929568	-3915.00565651943	333.726365020148	277.20828905272	-0.929777283328279
1.47699999999995	-1379.88102877763	-363.307785405061	-397.525327203218	-0.846347636665074	2970.39585065434	-46.9409230699413	21.210368443956	1.40095015773964	-1590.51482187671	410.248708475009	356.0465594865	-0.573730723841779
1.47799999999995	-3472.36824074766	-263.95855685504	-304.989427542246	-1.15133706420732	2630.02453151042	-182.654493118464	-117.348223108105	1.28360193463153	842.343709237236	446.613049973509	416.112824509555	-0.157617899332224
1.47899999999995	-5260.61636348296	-138.771225652627	-187.048824557733	-1.33838588876505	2993.04119385096	-300.488568751893	-244.883445200755	1.03871848943078	2267.575169632	439.259794404522	441.840322473522	0.284222423141298
1.47999999999995	-5685.74313662354	-7.37902894343279E-09	-64.2087094230912	-1.40259459818814	3247.46602063367	-388.908729648909	-351.183404827211	0.687535084603567	2438.27711598986	388.908729656288	417.94188049188	0.702164303633178
1.48099999999995	-4528.53724834413	138.771225638616	61.7978619716675	-1.34079673621648	2363.39359269357	-439.25979440146	-418.010258746526	0.269524825857041	2165.14365565056	300.488568762841	346.500291909011	1.04866459554219
1.48199999999995	-2563.88857205146	263.958556843121	193.707853775114	-1.14708888244136	98.3771821433832	-446.613049975049	-433.371289912447	-0.163846464055406	2465.51138990808	182.654493131923	242.57748983141	1.2912420853736
1.48299999999995	-1050.16083780254	363.307785396401	315.013287463842	-0.832075594977521	-2570.70696866128	-410.248708481002	-409.475656383412	-0.573322120438818	3620.86780646382	46.9409230845931	113.857473281268	1.40509955865487
1.48399999999995	-479.540051297678	427.09391660092	400.252670738423	-0.431822924239098	-4348.82845197138	-333.726365030006	-360.091849839459	-0.933413970278277	4828.36850326906	-93.3675515709222	-29.7242397559399	1.37537531889893
1.48499999999995	-442.496978241333	449.073119510249	439.9260725704	0.00810314833130187	-4648.86116045697	-224.536559761588	-282.247036821269	-1.21566100709955	5091.35813869831	-224.53655974867	-168.430704378341	1.20694461452059
1.48599999999995	-20.3247032426447	427.093916605521	440.767638544184	0.448870786875485	-3890.39503046008	-93.3675515854873	-164.087226886711	-1.37974823398626	3910.71973370273	-333.726365020043	-277.120378324933	0.929824236195653
1.48699999999995	1376.84882855675	363.307785405169	397.554318479717	0.846425105355203	-2967.77563423494	46.9409230697587	-21.1723641191648	-1.40092059810542	1590.92680567819	-410.248708474935	-356.057387910896	0.573766848284757
1.48799999999995	3470.74144576736	263.958556855168	304.91932579617	1.15134443115137	-2626.41273021964	182.65449311832	117.278373150742	-1.28364222495468	-844.328715547721	-446.613049973493	-416.158997356067	0.15760785092869
1.48899999999995	5260.33684821515	138.771225652777	187.084643160366	1.33842907431174	-2984.86484902843	300.488568751775	244.89538318509	-1.03874684176959	-2275.47199918672	-439.259794404555	-441.755731004015	-0.284147880075325
1.48999999999995	5682.94716470838	7.53701101530169E-09	64.1560932238081	1.40258516753555	-3243.34206540471	388.90872964883	351.13730544082	-0.68760953632877	-2439.60509930366	-388.908729656367	-418.051944353342	-0.702199824428667
1.49099999999995	4532.69562077009	-138.771225638465	-61.776239918514	1.34080892761703	-2371.16862131515	439.259794401427	418.155054414939	-0.269454481913831	-2161.52699945494	-300.488568762958	-346.465865484984	-1.04866568991365
1.49199999999995	2564.49299005011	-263.958556842973	-193.707056923739	1.14710187069329	-101.929043990866	446.613049975068	433.325323664169	0.163870841750338	-2462.56394605924	-182.654493132091	-242.595770230232	-1.29126146014388
1.49299999999995	1056.23013273615	-363.307785396308	-315.068273401384	0.83203359729191	2565.06186464879	410.248708481066	409.473138733208	0.573343980483546	-3621.29199738494	-46.9409230847502	-113.854326715558	-1.40511578685944
1.49399999999995	486.526099219446	-427.093916600871	-400.261252340383	0.431772344951527	4339.09525541933	333.726365030112	360.12200656468	0.933465987048226	-4825.62135463877	93.3675515707676	29.7034539090435	-1.3754123329504
1.49499999999995	444.89336087121	-449.073119510249	-439.913665706113	-0.00814132075458604	4648.52998061697	224.536559761703	282.173195782917	1.21563918283114	-5093.42334148818	224.536559748556	168.446491987269	-1.20696584096313
1.49599999999995	22.6670212679704	-427.093916605578	-440.74470062095	-0.448886021375536	3892.16002991963	93.3675515856668	164.096980710925	1.37973616354207	-3914.8270511876	333.72636501992	277.158618648746	-0.929807222314383
1.49699999999995	-1380.6621260298	-363.307785405262	-397.459668132213	-0.846345689507749	2969.81263280385	-46.9409230696016	21.2242269642282	1.4009603905063	-1589.15050677406	410.248708474871	356.074288065676	-0.573732934248707
1.49799999999995	-3472.02345758951	-263.958556855296	-304.988336310122	-1.15133402581787	2627.54698338186	-182.654493118175	-117.326994149411	1.28363339635689	844.476474207652	446.613049973476	416.11535310809	-0.157617581140617
1.49899999999995	-5256.54405942471	-138.771225652928	-187.086566538348	-1.33842059235622	2988.7840236331	-300.488568751658	-244.883048587957	1.03875034776893	2267.76003579162	439.259794404588	441.839791010776	0.284222209870159
1.49999999999995	-5684.09085519729	-7.66949881381151E-09	-64.1966883337657	-1.40261728068998	3244.64740259919	-388.908729648764	-351.193511293697	0.687556836475231	2439.4434525981	388.908729656433	417.932855044495	0.702155064914654
1.50099999999995	-4531.4907120155	138.771225638291	61.8023589233032	-1.34081492176668	2368.52178466056	-439.259794401388	-418.087831642787	0.269469004832443	2162.96892735494	300.488568763095	346.496536079704	1.04865160099436
1.50199999999995	-2561.96010936146	263.958556842845	193.702672330704	-1.14711224943598	98.2155402457767	-446.613049975085	-433.311954817206	-0.163842949984762	2463.74456911568	182.654493132235	242.601923153003	1.29125352414736
1.50299999999995	-1057.21771668737	363.307785396216	315.092013004752	-0.832020236431225	-2565.57473349556	-410.24870848113	-409.491625130581	-0.573334575115343	3622.79245018293	46.9409230849074	113.852951159786	1.40510647530715
1.50399999999995	-482.141521242948	427.093916600822	400.175425436741	-0.431844810994484	-4346.04116369107	-333.726365030218	-360.128987284387	-0.93346356239973	4828.18268493402	-93.3675515706131	-29.7615177606678	1.37534495754648
1.50499999999995	-438.450160002003	449.073119510249	439.940124738594	0.00809531374410919	-4650.35318783748	-224.53655976184	-282.16220600276	-1.21562576840249	5088.80334783949	-224.536559748419	-168.35734162769	1.20698761591879
1.50599999999994	-16.2909091333437	427.093916605627	440.713002830286	0.448808316574395	-3895.58027287425	-93.3675515858215	-164.1147479918	-1.37974051639429	3911.87118200759	-333.726365019814	-277.196978823838	0.929790637094952
1.50699999999994	1378.27841422447	363.307785405355	397.582438546772	0.846390755121167	-2970.4883386461	46.9409230694445	-21.1741330206008	-1.40091464941489	1592.20992442163	-410.248708474806	-356.046304865464	0.573744332229487
1.50799999999994	3473.72854252842	263.958556855423	304.961031721331	1.1513517868425	-2627.33055031751	182.654493118031	117.320335804525	-1.28359431361037	-846.397992210914	-446.61304997346	-416.084345187288	0.157659987042199
1.50899999999994	5258.84055837433	138.771225653078	187.052891931858	1.33840467877436	-2989.51498510887	300.48856875154	244.860342718664	-1.0387339708917	-2269.32557326546	-439.259794404621	-441.870272430303	-0.284210285388104
1.50999999999994	5680.08220054185	7.8274666748257E-09	64.1945679043296	1.40259924667869	-3240.60329158684	388.908729648685	351.118537598744	-0.687615433292959	-2439.478908955	-388.908729656512	-417.985725481837	-0.702196010869941
1.51099999999994	4528.72578557479	-138.771225638189	-61.7665590080843	1.3408326876706	-2369.62852115089	439.259794401366	418.162865697841	-0.269452567595118	-2159.0972644239	-300.488568763174	-346.480343535912	-1.04867635440585
1.51199999999994	2562.51663551602	-263.958556842717	-193.722020503343	1.14711066716726	-102.712256173995	446.613049975101	433.336813045106	0.163884245449989	-2459.80437934202	-182.654493132379	-242.602445130153	-1.29127879953601
1.51299999999994	1052.11807952299	-363.307785396123	-315.021602379355	0.832089064787903	2567.11393939838	410.248708481195	409.48598792797	0.573370233377958	-3619.23201892137	-46.9409230850645	-113.819384114392	-1.4050981836504
1.51399999999994	474.451454262841	-427.093916600773	-400.244354112912	0.431844710674991	4348.14559926057	333.726365030324	360.035966399827	0.933406199777786	-4822.59705352341	93.3675515704586	29.6578187166889	-1.37544036493371
1.51499999999994	438.588412698932	-449.073119510249	-439.961927527954	-0.00811721685296243	4655.49189116121	224.536559761977	282.168142507603	1.21557434228539	-5094.08030386014	224.536559748282	168.454791720858	-1.20698557321285
1.51599999999994	18.7190193042206	-427.09391660566	-440.705083527908	-0.448822300380871	3896.28657526047	93.3675515859259	164.165456418508	1.3797397987039	-3915.00559456469	333.726365019743	277.208298442588	-0.929777274770263
1.51699999999994	-1379.88103059808	-363.307785405447	-397.525325441156	-0.846347625822027	2970.39580500163	-46.9409230692873	21.2103700859936	1.40095016878989	-1590.51477440354	410.248708474742	356.046561292102	-0.57373071347816
1.51799999999994	-3472.36821578835	-263.958556855551	-304.989434324127	-1.15133706014615	2630.02450912695	-182.654493117887	-117.348229845925	1.28360193894396	842.343706661404	446.613049973443	416.112818220485	-0.157617895257676
1.51899999999994	-5260.61628190117	-138.771225653228	-187.048835496832	-1.33838589564299	2993.04115846124	-300.488568751423	-244.88345565141	1.03871848329255	2267.57512343992	439.259794404654	441.840312218551	0.284222416960876
1.51999999999994	-5685.74305177637	-7.98550559011346E-09	-64.2087140426417	-1.40259460968563	3247.46596797862	-388.908729648606	-351.183409256065	0.68753507403649	2438.27708379776	388.908729656591	417.941875858282	0.702164292819157
1.52099999999994	-4528.53716450539	138.771225638039	61.7978656300522	-1.34079674405558	2363.39353856096	-439.259794401334	-418.01025502286	0.26952481901363	2165.14362594442	300.488568763292	346.500295597187	1.04866458841634
1.52199999999994	-2563.88856365448	263.958556842589	193.707864452028	-1.14708887960355	98.3771975417285	-446.613049975118	-433.371280144301	-0.163846461130671	2465.51136611275	182.654493132524	242.577500015219	1.29124208843156
1.52299999999994	-1050.16083109253	363.30778539603	315.013294481126	-0.832075585122422	-2570.70691957099	-410.248708481259	-409.4756496059	-0.573322110736571	3620.86775066352	46.9409230852216	113.857480516955	1.40509956894852
1.52399999999994	-479.540021643788	427.093916600725	400.252669586727	-0.431822915535696	-4348.82843871312	-333.726365030429	-360.091850616486	-0.933413961353058	4828.36846035691	-93.367551570304	-29.7242408115475	1.37537532813697
1.52499999999994	-442.496947942092	449.073119510249	439.926064554524	0.00810314901882835	-4648.86115520178	-224.536559762113	-282.247044772296	-1.21566100612535	5091.35810314387	-224.536559748145	-168.430712406162	1.20694461573081
1.52599999999994	-20.3247100913824	427.093916605708	440.767629707261	0.44887077872609	-3890.39498351436	-93.3675515860806	-164.087236241128	-1.37974824236648	3910.71969360574	-333.726365019637	-277.120387350463	0.929824228380345
1.52699999999994	1376.84882066204	363.30778540551	397.554316532597	0.846425095258687	-2967.77559560628	46.940923069181	-21.1723660424872	-1.40092060840897	1590.92677494424	-410.248708474698	-356.057389912845	0.573766838467501
1.52799999999994	3470.74141837288	263.958556855679	304.919332070675	1.15134442732936	-2626.41270047451	182.654493117742	117.278379332399	-1.28364222907657	-844.328717898374	-446.613049973427	-416.158991392322	0.157607847075179
1.52899999999994	5260.33678648553	138.771225653378	187.084653211346	1.33842908054071	-2984.86482017891	300.488568751306	244.895392985612	-1.03874683609096	-2275.47196630662	-439.259794404687	-441.755721430643	-0.284147874355464
1.52999999999994	5682.94709091936	8.14348766198236E-09	64.1560976365669	1.40258517817728	-3243.34203444199	388.908729648527	351.137309717351	-0.687609526373606	-2439.60505647736	-388.90872965667	-418.051940130904	-0.702199814486368
1.53099999999994	4532.69554127266	-138.771225637889	-61.7762433100939	1.34080893486718	-2371.16856667888	439.259794401301	418.15505077905	-0.269454475594556	-2161.52697459378	-300.488568763409	-346.465868847488	-1.04866568333386
1.53199999999994	2564.4929688674	-263.958556842502	-193.707066517264	1.14710186834992	-101.929042196625	446.613049975129	433.325314754656	0.1638708391601	-2462.56392667077	-182.654493132621	-242.595779444191	-1.29126146277805
1.53299999999994	1056.23012921766	-363.307785395937	-315.068280016381	0.832033588333537	2565.06181057419	410.248708481323	409.47313260013	0.57334397176023	-3621.29193979185	-46.9409230853787	-113.854333487251	-1.4051157962653
1.53399999999994	486.526077469215	-427.093916600676	-400.261251562797	0.43177233677074	4339.09523846726	333.726365030535	360.122006994154	0.933465978754385	-4825.62131593648	93.3675515701494	29.7034546629233	-1.37541234160237
1.53499999999994	444.893339727736	-449.073119510249	-439.913658162505	-0.00814132139176485	4648.52998254122	224.53655976225	282.173203202401	1.21563918195679	-5093.42332226896	224.536559748008	168.446499637835	-1.20696584196454
1.53599999999994	22.6670454669851	-427.093916605758	-440.744692484615	-0.44888601387638	3892.15997580961	93.3675515862351	164.09698951657	1.37973617147335	-3914.82702127659	333.726365019531	277.158626998746	-0.929807214965793
1.53699999999994	-1380.66211429746	-363.307785405603	-397.459666385005	-0.846345680261385	2969.81259336984	-46.9409230690238	21.224228565488	1.40096040003884	-1589.15047907238	410.248708474634	356.074289741589	-0.573732925224204
1.53799999999994	-3472.02343931482	-263.958556855807	-304.98834190124	-1.15133402216263	2627.54696153725	-182.654493117598	-117.326999790644	1.2836334002482	844.47647777757	446.61304997341	416.115347715557	-0.157617577508647
1.53899999999994	-5256.5440132512	-138.771225653529	-187.086575726799	-1.33842059788942	2988.78400727381	-300.488568751188	-244.883057607419	1.03875034264078	2267.76000597739	439.25979440472	441.839782239831	0.284222204731184
1.53999999999994	-5684.09077349554	-8.30148394470598E-09	-64.1966925215118	-1.40261729041094	3244.64733966072	-388.908729648448	-351.193514902769	0.68755682773801	2439.44343383483	388.908729656749	417.932851055324	0.702155055786508
1.54099999999994	-4531.49063739196	138.771225637738	61.8023618067192	-1.34081492860422	2368.5217212329	-439.259794401267	-418.087828738177	0.269468998999833	2162.96891615907	300.488568763527	346.496538910842	1.04865159469735
1.54199999999994	-2561.96007826695	263.958556842375	193.70268116338	-1.14711224744084	98.2155366980444	-446.613049975146	-433.311946614913	-0.16384294761508	2463.74454156891	182.654493132766	242.601931843017	1.29125352654037
1.54299999999994	-1057.21771064998	363.307785395859	315.092019265802	-0.832020228175035	-2565.57469427994	-410.248708481377	-409.491619307992	-0.573334566923072	3622.79240492992	46.9409230855105	113.852957398805	1.40510648393917
1.54399999999994	-482.141493282896	427.093916600627	400.175424687604	-0.431844803487432	-4346.04115030256	-333.726365030641	-360.128987728588	-0.93346355465166	4828.18264358545	-93.3675515699949	-29.7615183654352	1.37534496557374
1.54499999999994	-438.450152455769	449.073119510249	439.940117601463	0.00809531411403119	-4650.35314775861	-224.536559762387	-282.162213449212	-1.21562576810087	5088.80330021438	-224.536559747871	-168.35734882797	1.20698761674577
1.54599999999994	-16.2909204141495	427.093916605806	440.712995395357	0.448808309509389	-3895.58022657869	-93.3675515863896	-164.114755609605	-1.37974052371048	3911.87114699284	-333.726365019425	-277.196986444326	0.929790630301441
1.54699999999994	1378.27839814425	363.307785405711	397.582437236732	0.846390746746121	-2970.48832078606	46.9409230688413	-21.1741341989315	-1.40091465790941	1592.20992264181	-410.24870847456	-356.04630641958	0.57374432388186
1.54799999999994	3473.72849934987	263.958556855914	304.961037178179	1.1513517839243	-2627.33052788996	182.654493117477	117.320341033118	-1.28359431687629	-846.397971459911	-446.613049973396	-416.084340069459	0.157659983812401
1.54899999999994	5258.84051327055	138.771225653679	187.052899952211	1.33840468387651	-2989.51495376246	300.488568751071	244.860350636153	-1.03873396624014	-2269.32555950809	-439.259794404753	-441.87026440505	-0.284210280592649
1.54999999999994	5680.08211616227	8.45953707084846E-09	64.1945718683301	1.40259925574484	-3240.60322505763	388.908729648369	351.118541029044	-0.687615425211094	-2439.47889110464	-388.908729656828	-417.985721835327	-0.702196002427976
1.55099999999994	4528.72571560398	-138.771225637588	-61.7665617841632	1.34083269396068	-2369.62847505328	439.259794401235	418.162863087003	-0.26945256212409	-2159.0972405507	-300.488568763644	-346.480346302376	-1.04867634873035
1.55199999999994	2562.51662065137	-263.958556842226	-193.722028850163	1.14711066511051	-102.712254808219	446.613049975165	433.336805314555	0.163884243190465	-2459.80436584315	-182.654493132933	-242.602453081385	-1.29127880181174
1.55299999999994	1052.11807203252	-363.307785395766	-315.021607923616	0.832089057186899	2567.11390110218	410.248708481441	409.485982691188	0.573370225881653	-3619.2319731347	-46.9409230856676	-113.819389839195	-1.40509819165093
1.55399999999994	474.451431267962	-427.093916600578	-400.244353317841	0.431844703869058	4348.14560022867	333.726365030747	360.035966841905	0.933406192723558	-4822.59703149663	93.3675515698404	29.65781954238	-1.37544037210855
1.55499999999994	438.588414647287	-449.073119510249	-439.961921220809	-0.00811721735175142	4655.49186998584	224.536559762524	282.168149119775	1.21557434184333	-5094.08028463313	224.536559747735	168.454798193065	-1.20698557391549
1.55599999999994	18.7190194334323	-427.093916605863	-440.70507644421	-0.448822293795961	3896.28652410822	93.3675515865692	164.165463701746	1.37973980554508	-3915.00554354166	333.726365019302	277.208305293091	-0.929777268622396
1.55699999999994	-1379.88103336269	-363.307785405804	-397.525324156644	-0.846347617952605	2970.39577237548	-46.9409230686842	21.2103712507954	1.40095017679587	-1590.51473901278	410.248708474495	356.046562639182	-0.573730705983213
1.55799999999994	-3472.36820084368	-263.958556856042	-304.98943916732	-1.15133705711993	2630.02449411667	-182.654493117333	-117.348234674121	1.28360194212175	842.34370672701	446.61304997338	416.112813715734	-0.157617892267479
1.55899999999994	-5260.61621713059	-138.771225653805	-187.048843540129	-1.33838590066005	2993.041127214	-300.488568750972	-244.883463237806	1.03871847888395	2267.57508991659	439.25979440478	441.840304741124	0.284222412473645
1.55999999999994	-5685.74297842068	-8.61751914271736E-09	-64.2087174407786	-1.40259461810083	3247.46592229787	-388.90872964829	-351.18341245627	0.687535066427678	2438.27705612281	388.908729656907	417.941872523102	0.702164284996747
1.56099999999994	-4528.53709954596	138.771225637413	61.7978682657505	-1.34079674983508	2363.39349999231	-439.259794401197	-418.010252437148	0.26952481399053	2165.14359955364	300.48856876378	346.500298214065	1.04866458321081
1.56199999999994	-2563.88856251791	263.958556842098	193.707872326383	-1.1470888775087	98.3772134505627	-446.613049975182	-433.371273015466	-0.163846459024936	2465.51134906735	182.654493133078	242.577507441345	1.29124209065216
1.56299999999994	-1050.16082462963	363.307785395673	315.013299513709	-0.83207557799499	-2570.70688540004	-410.248708481506	-409.475644666246	-0.573322103691182	3620.86771002967	46.9409230858248	113.857485752337	1.40509957640449
1.56399999999994	-479.539997358018	427.093916600537	400.252668745139	-0.431822909249852	-4348.82842911518	-333.726365030835	-360.09185118657	-0.933413954877752	4828.3684264732	-93.3675515697108	-29.7242415570382	1.37537533484746
1.56499999999994	-442.496920696127	449.073119510249	439.926058840771	0.00810314959091907	-4648.86114642056	-224.536559762683	-282.247050454616	-1.21566100533237	5091.35806711669	-224.536559747576	-168.430718059092	1.20694461678836
1.56599999999994	-20.3247143748512	427.093916605912	440.767623269504	0.448870772860423	-3890.39494813987	-93.3675515867237	-164.087243060558	-1.37974824839293	3910.71966251472	-333.726365019197	-277.120394003845	0.92982422278452
1.56699999999994	1376.84881402465	363.307785405897	397.554315050907	0.84642508791133	-2967.77556813583	46.940923068527	-21.1723675055671	-1.40092061589849	1590.92675411118	-410.248708474431	-356.057391466994	0.573766831317526
1.56799999999994	3470.74140121015	263.95855685617	304.919336543217	1.15134442445455	-2626.41267804697	182.654493117188	117.278383751925	-1.28364223214657	-844.328723163185	-446.613049973363	-416.158987088489	0.157607844229037
1.56899999999994	5260.33673881241	138.771225653955	187.084660607929	1.33842908506248	-2984.86479517767	300.488568750855	244.895400141848	-1.03874683200472	-2275.47194363474	-439.259794404813	-441.755714431396	-0.284147870202359
1.56999999999994	5682.94702728909	8.8010665422189E-09	64.1561009077927	1.40258518597027	-3243.34200849206	388.908729648198	351.137312841904	-0.687609519162815	-2439.60501879703	-388.908729656999	-418.051937099292	-0.702199807301651
1.57099999999994	4532.69547977493	-138.771225637263	-61.7762457596886	1.34080894021058	-2371.16852694597	439.259794401164	418.155048210691	-0.269454470952124	-2161.52695282897	-300.488568763898	-346.465871222353	-1.048665678524
1.57199999999994	2564.49295485419	-263.958556841971	-193.707073534414	1.14710186667617	-101.929041597061	446.613049975198	433.325308271882	0.163870837319758	-2462.56391325712	-182.654493133222	-242.595786125578	-1.29126146464958
1.57299999999994	1056.23012593017	-363.30778539558	-315.068284803118	0.832033581873049	2565.06177114661	410.24870848157	409.473128146468	0.573343965466226	-3621.29189707677	-46.9409230859819	-113.854338411713	-1.40511580306129
1.57399999999994	486.526059902791	-427.093916600489	-400.261251044171	0.431772330828879	4339.09522612871	333.726365030941	360.122007251914	0.93346597271814	-4825.6212860315	93.3675515695562	29.70345515025	-1.37541234791104
1.57499999999994	444.89332031278	-449.073119510249	-439.913652741199	-0.00814132191232079	4648.5299797869	224.536559762775	282.173208545221	1.21563918126336	-5093.42330009968	224.536559747483	168.446505076693	-1.20696584283435
1.57599999999994	22.6670662799788	-427.093916605961	-440.744686570381	-0.448886008482702	3892.15993303307	93.3675515868783	164.096995961461	1.37973617722482	-3914.82699931305	333.726365019091	277.158633164845	-0.929807209669506
1.57699999999994	-1380.66210328767	-363.30778540599	-397.459665073237	-0.84634567355594	2969.81256459505	-46.9409230683699	21.2242297470684	1.40096040697189	-1589.15046130738	410.248708474367	356.074291015257	-0.573732918654249
1.57799999999994	-3472.02342944135	-263.958556856298	-304.988345845048	-1.15133401940099	2627.54694602667	-182.654493117044	-117.327003812143	1.28363340315975	844.47648341468	446.613049973347	416.11534384262	-0.157617574811629
1.57899999999994	-5256.5439805665	-138.771225654105	-187.086582454652	-1.33842060185564	2988.78399399079	-300.488568750737	-244.883064184979	1.03875033897477	2267.75998657572	439.259794404846	441.839775834929	0.2842222010233
1.57999999999994	-5684.09070213047	-8.90798901309608E-09	-64.1966956645943	-1.40261729752023	3244.64728372842	-388.908729648144	-351.193517479644	0.687556821495124	2439.44341840205	388.908729657053	417.932848168801	0.7021550491921
1.58099999999994	-4531.49057893252	138.771225637113	61.8023638382179	-1.34081493368202	2368.52167198527	-439.259794401131	-418.087826780311	0.269468994714813	2162.96890694725	300.488568764015	346.496540853927	1.04865159004603
1.58199999999994	-2561.96005472466	263.958556841843	193.702687631006	-1.14711224605101	98.215534441275	-446.613049975214	-433.311940647231	-0.163842945932418	2463.74452028339	182.654493133366	242.601938188874	1.2912535282349
1.58299999999994	-1057.21770498643	363.307785395487	315.092023822182	-0.832020222228828	-2565.5746675263	-410.248708481634	-409.491615053849	-0.573334560986267	3622.79237251273	46.940923086139	113.852961931	1.4051064901659
1.58399999999994	-482.141469902304	427.093916600439	400.175424187972	-0.431844798040856	-4346.04114056272	-333.726365031047	-360.128988005094	-0.933463548991361	4828.18261046502	-93.3675515694017	-29.7615187237812	1.37534497144212
1.58499999999994	-438.450146368603	449.073119510249	439.940112436746	0.00809531439589002	-4650.35310655358	-224.536559762912	-282.162218934783	-1.21562576792614	5088.80325292218	-224.536559747346	-168.357353987686	1.20698761745443
1.58599999999994	-16.2909293116095	427.09391660601	440.71298999904	0.44880830439493	-3895.58019040035	-93.3675515870328	-164.114761088951	-1.37974052901509	3911.87111971195	-333.726365018985	-277.196992050825	0.929790625403609
1.58699999999994	1378.2783839895	363.307785406082	397.582436299628	0.846390740694558	-2970.4883116168	46.9409230682127	-21.1741350113459	-1.40091466402644	1592.2099276273	-410.248708474303	-356.046307599726	0.573744317803883
1.58799999999994	3473.72846613667	263.958556856425	304.961041098128	1.15135178179269	-2627.33051154952	182.6544931169	117.320344766006	-1.28359431926043	-846.397954587152	-446.61304997333	-416.084336365553	0.15765998143833
1.58899999999994	5258.84047973245	138.771225654256	187.052905746275	1.33840468753896	-2989.51492617948	300.48856875062	244.860356329617	-1.03873396293082	-2269.32555355297	-439.259794404879	-441.870258562941	-0.284210277124612
1.58999999999994	5680.08204191838	9.06599950667442E-09	64.1945748482817	1.40259926238724	-3240.60316536067	388.908729648066	351.118543493063	-0.687615419437754	-2439.47887655771	-388.908729657132	-417.985719203971	-0.702195996328582
1.59099999999994	4528.72566103135	-138.771225637011	-61.7665637665441	1.3408326986207	-2369.62844155916	439.259794401109	418.162861351279	-0.269452558086475	-2159.09721947219	-300.488568764095	-346.48034823736	-1.04867634456594
1.59199999999994	2562.51661168752	-263.958556841715	-193.722034995798	1.1471106636249	-102.712254567894	446.613049975231	433.336799657228	0.163884241570753	-2459.80435711962	-182.654493133511	-242.602458873609	-1.29127880343955
1.59299999999994	1052.11806478774	-363.307785395395	-315.021611913724	0.832089051711177	2567.11387508888	410.248708481698	409.485978884034	0.573370220454787	-3619.23193987662	-46.9409230862962	-113.819393990991	-1.40509819743054
1.59399999999994	474.451412428426	-427.093916600391	-400.244352749532	0.431844698961645	4348.14560419801	333.726365031152	360.035967140198	0.933406187594985	-4822.59701662644	93.3675515692471	29.6578201372453	-1.3754403772933
1.59499999999994	438.588416720315	-449.073119510249	-439.9619167148	-0.00811721775315475	4655.49184600937	224.536559763049	282.168153943209	1.21557434153819	-5094.08026272969	224.536559747209	168.454802776307	-1.20698557451699
1.59599999999994	18.7190181811572	-427.093916606043	-440.705071260978	-0.448822289014133	3896.28648257162	93.3675515871375	164.165468992602	1.3797398105308	-3915.00550075278	333.726365018914	277.208310304957	-0.929777264212034
1.59699999999993	-1379.88103671292	-363.307785406176	-397.525323219466	-0.846347612233599	2970.39574913577	-46.9409230680556	21.2103720702712	1.40095018260107	-1590.51471242285	410.248708474238	356.046563651106	-0.573730700560928
1.59799999999993	-3472.36819279304	-263.958556856553	-304.989442617077	-1.15133705485068	2630.02448437931	-182.654493116755	-117.348238128071	1.283601944473	842.343708413727	446.613049973314	416.112810496022	-0.157617890064906
1.59899999999993	-5260.61616502752	-138.771225654406	-187.048849479963	-1.33838590433064	2993.04109934946	-300.488568750503	-244.883468752297	1.0387184757207	2267.57506567807	439.259794404911	441.84029927331	0.284222409208404
1.59999999999993	-5685.74291383343	-9.22399578939803E-09	-64.2087199552952	-1.40259462428593	3247.46588194315	-388.908729647986	-351.183414766873	0.687535060953828	2438.27703189028	388.90872965721	417.941870127027	0.702164279335432
1.60099999999993	-4528.53704845805	138.771225636861	61.7978701678195	-1.34079675411811	2363.39347256857	-439.259794401076	-418.010250664446	0.269524810289382	2165.14357588948	300.488568764212	346.500300062541	1.04866457939797
1.60199999999993	-2563.88856635428	263.958556841587	193.707878167116	-1.147088875951	98.3772294774816	-446.613049975247	-433.371267797945	-0.163846457508563	2465.5113368768	182.654493133655	242.577512871835	1.29124209226981
1.60299999999993	-1050.1608184815	363.307785395302	315.013303113649	-0.832075572837349	-2570.70686188732	-410.248708481762	-409.475641058157	-0.57332209856672	3620.86768036882	46.9409230864533	113.857489540877	1.40509958181068
1.60399999999993	-479.539977197402	427.093916600342	400.252668126245	-0.431822904711103	-4348.82842222379	-333.726365031258	-360.091851608101	-0.933413950174821	4828.36839942119	-93.3675515690926	-29.724242082755	1.37537533972793
1.60499999999993	-442.496895995349	449.073119510249	439.926054784931	0.008103150073828	-4648.86113560464	-224.536559763186	-282.247054500811	-1.21566100467563	5091.35803159999	-224.536559747073	-168.430722006106	1.20694461772182
1.60599999999993	-20.3247167350036	427.093916606091	440.767618567334	0.448870768641162	-3890.39492125995	-93.367551587292	-164.087248046028	-1.37974825272166	3910.71963799495	-333.726365018808	-277.12039893365	0.929824218788173
1.60699999999993	1376.84880829915	363.307785406253	397.554313912754	0.846425082553916	-2967.77554863796	46.9409230679239	-21.1723686307719	-1.40092062135243	1590.92674033881	-410.248708474184	-356.057392689721	0.573766826098452
1.60799999999993	3470.74139127534	263.958556856681	304.91933971869	1.15134442227261	-2626.41266101179	182.654493116611	117.278386903483	-1.28364223444895	-844.328730263548	-446.613049973297	-416.158983982564	0.157607842115888
1.60899999999993	5260.33670156127	138.771225654556	187.084666078041	1.33842908835065	-2984.86477330293	300.488568750385	244.895405383594	-1.03874682906535	-2275.47192825834	-439.259794404944	-441.755709296551	-0.284147867180662
1.60999999999993	5682.94697173897	9.38200628297636E-09	64.1561033482441	1.40258519169889	-3243.34198637928	388.908729647908	351.137315130876	-0.687609513934478	-2439.60498535969	-388.908729657289	-418.051934926613	-0.702199802107275
1.61099999999993	4532.69543155563	-138.771225636711	-61.7762475310621	1.34080894416783	-2371.16849796408	439.259794401043	418.155046406939	-0.269454467527539	-2161.52693359155	-300.48856876433	-346.465872890226	-1.0486656749975
1.61199999999993	2564.49294586419	-263.95855684148	-193.707078684026	1.1471018654838	-101.929041776749	446.613049975261	433.325303545265	0.163870836017726	-2462.56390408744	-182.654493133776	-242.59579097622	-1.29126146597372
1.61299999999993	1056.23012285136	-363.307785395209	-315.06828826901	0.832033577214792	2565.06174235777	410.248708481827	409.473124907569	0.573343960925295	-3621.29186520913	-46.9409230866105	-113.854341999088	-1.40511580797281
1.61399999999993	486.526045473373	-427.093916600293	-400.261250707838	0.431772326506954	4339.09521730665	333.726365031364	360.12200739003	0.933465968315325	-4825.62126278002	93.367551568938	29.7034554518489	-1.37541235252096
1.61499999999993	444.893302287935	-449.073119510249	-439.913648849417	-0.00814132234246326	4648.52997393764	224.536559763323	282.173212390892	1.21563918070622	-5093.42327622558	224.536559746936	168.446508922774	-1.20696584359819
1.61599999999993	22.6670843498235	-427.093916606148	-440.744682264356	-0.44888600460682	3892.15989870401	93.3675515874714	164.097000695197	1.37973618140141	-3914.82698305383	333.726365018685	277.158637744518	-0.929807205853668
1.61699999999993	-1380.66209286816	-363.307785406346	-397.459664082412	-0.846345668689232	2969.81254352109	-46.9409230677667	21.2242306221613	1.40096041202358	-1589.15045065293	410.24870847412	356.074291993132	-0.573732913860536
1.61799999999993	-3472.02342537124	-263.958556856809	-304.988348606099	-1.15133401729533	2627.54693513624	-182.654493116467	-117.327006668814	1.28363340535476	844.476490234994	446.613049973281	416.115341064904	-0.157617572795631
1.61899999999993	-5256.54395786669	-138.771225654707	-187.086587396269	-1.3384206046916	2988.78398316214	-300.488568750268	-244.883068994533	1.03875033636023	2267.75997470455	439.259794404977	441.839771142593	0.284222198346961
1.61999999999993	-5684.09063910649	-9.53998835484526E-09	-64.1966980473636	-1.40261730273896	3244.64723348817	-388.908729647829	-351.193519312508	0.68755681704772	2439.44340561832	388.908729657369	417.932846078414	0.702155044425375
1.62099999999993	-4531.49053241405	138.771225636536	61.8023652597972	-1.34081493747917	2368.5216330832	-439.259794401005	-418.087825493896	0.269468991553824	2162.96889933085	300.488568764466	346.496542165131	1.04865158659051
1.62199999999993	-2561.96003671164	263.958556841352	193.702692385501	-1.14711224509367	98.215533064546	-446.613049975278	-433.311936296262	-0.163842944742437	2463.7445036471	182.65449313392	242.601942838105	1.29125352942861
1.62299999999993	-1057.21769974751	363.307785395131	315.09202714468	-0.832020217948986	-2565.57464962086	-410.24870848188	-409.491611937103	-0.573334556679541	3622.79234936837	46.9409230867422	113.852965228034	1.40510649465665
1.62399999999993	-482.141450082873	427.093916600244	400.175423864501	-0.431844794084485	-4346.04113357001	-333.726365031469	-360.128988163545	-0.933463544843086	4828.18258365288	-93.3675515687835	-29.7615189115175	1.37534497574513
1.62499999999993	-438.450141375226	449.073119510249	439.940108696444	0.00809531461195898	-4650.35306540758	-224.536559763482	-282.162222997751	-1.21562576784084	5088.8032067828	-224.536559746755	-168.357357676401	1.20698761806873
1.62599999999993	-16.2909363676444	427.093916606197	440.7129860768	0.448808300688759	-3895.58016174285	-93.3675515876261	-164.114765025027	-1.37974053286586	3911.87109811049	-333.726365018562	-277.196996194914	0.929790621873813
1.62699999999993	1378.27837144216	363.307785406439	397.582435632743	0.846390736321502	-2970.48830850533	46.9409230676096	-21.1741355607591	-1.40091466842662	1592.20993706317	-410.248708474046	-356.046308504679	0.573744313369134
1.62799999999993	3473.72844024067	263.958556856916	304.961043910786	1.15135178023229	-2627.3304996633	182.654493116346	117.320347422421	-1.2835943210042	-846.39794057737	-446.613049973264	-416.084333683015	0.157659979686118
1.62899999999993	5258.84045470642	138.771225654857	187.05290993132	1.33840469016361	-2989.51490173243	300.48856875015	244.860360418391	-1.03873396058581	-2269.32555297399	-439.25979440501	-441.870254300534	-0.284210274614416
1.62999999999993	5680.08197593413	9.72353575434681E-09	64.1945771093997	1.40259926727301	-3240.60311132801	388.908729647737	351.118545258728	-0.687615415327082	-2439.47886460612	-388.908729657473	-417.985717305536	-0.702195991919951
1.63099999999993	4528.7256178554	-138.771225636386	-61.7665651786732	1.34083270209433	-2369.62841714769	439.259794400972	418.162860235984	-0.269452555091098	-2159.09720070771	-300.488568764602	-346.480349578069	-1.04867634149802
1.63199999999993	2562.51660682259	-263.958556841224	-193.722039543924	1.14711066255041	-102.712255098226	446.613049975294	433.336795501973	0.163884240410876	-2459.80435172437	-182.654493134088	-242.602463104363	-1.29127880460238
1.63299999999993	1052.11805783722	-363.307785395038	-315.021614782126	0.832089047768285	2567.11385787758	410.248708481945	409.485976111158	0.573370216522034	-3619.2319157148	-46.9409230869247	-113.819397004698	-1.40509820160708
1.63399999999993	474.451396795344	-427.093916600188	-400.244352341752	0.431844695426533	4348.14561029822	333.726365031592	360.035967338349	0.933406183860383	-4822.59700709356	93.367551568579	29.6578205700384	-1.37544038103704
1.63499999999993	438.588418772529	-449.073119510249	-439.961913506021	-0.0081172180794876	4655.49182051146	224.536559763619	282.168157472705	1.21557434133309	-5094.08023928399	224.536559746618	168.454805998473	-1.20698557503857
1.63599999999993	18.7190159874747	-427.093916606246	-440.705067455331	-0.448822285534819	3896.28644823828	93.3675515877807	164.1654728419	1.37973981417499	-3915.00546422576	333.726365018457	277.208313984651	-0.929777261053919
1.63699999999993	-1379.88104042439	-363.307785406532	-397.52532253492	-0.846347608069739	2970.39573271313	-46.9409230674779	21.210372639922	1.40095018681491	-1590.51469228875	410.248708473981	356.046564417936	-0.573730696635983
1.63799999999993	-3472.3681894762	-263.958556857044	-304.989445066157	-1.1513370531359	2630.02447843428	-182.654493116225	-117.348240593554	1.28360194622136	842.343711041922	446.613049973248	416.112808200896	-0.157617888435087
1.63899999999993	-5260.61612256288	-138.771225654983	-187.048853890589	-1.33838590702649	2993.0410743421	-300.488568750071	-244.883472767897	1.03871847345346	2267.57504822078	439.259794405043	441.840295260262	0.284222406825175
1.63999999999993	-5685.7428564257	-9.88153203707043E-09	-64.2087218276959	-1.40259462885418	3247.46584594043	-388.908729647671	-351.183416434569	0.68753505701889	2438.27701048527	388.908729657552	417.941868408636	0.702164275233811
1.64099999999993	-4528.53700757657	138.771225636236	61.7978715414729	-1.34079675731271	2363.39345310863	-439.259794400944	-418.010249469839	0.269524807549052	2165.14355446794	300.48856876472	346.500301361721	1.04866457659553
1.64199999999993	-2563.88857351298	263.958556841097	193.707882530519	-1.14708887478219	98.3772453259868	-446.613049975308	-433.371263965229	-0.163846456416178	2465.51132818699	182.654493134232	242.577516857137	1.29124209345267
1.64299999999993	-1050.16081267731	363.307785394946	315.013305680396	-0.832075569101794	-2570.70684595502	-410.248708481999	-409.475638415125	-0.573322094831303	3620.86765863232	46.9409230870819	113.85749228357	1.40509958573624
1.64399999999993	-479.539960234849	427.093916600154	400.252667667105	-0.431822901434689	-4348.82841734713	-333.726365031647	-360.091851923034	-0.933413946754338	4828.36837758198	-93.3675515684744	-29.7242424532604	1.37537534328298
1.64499999999993	-442.496873443047	449.073119510249	439.926051922223	0.00810315048753424	-4648.8611237867	-224.536559763733	-282.247057367526	-1.21566100412186	5091.35799722975	-224.536559746481	-168.430724729509	1.20694461855347
1.64599999999993	-20.3247176850299	427.093916606295	440.767615121183	0.448870765608717	-3890.39490064112	-93.3675515879102	-164.08725170433	-1.37974825582619	3910.71961832615	-333.726365018351	-277.120402609891	0.929824215943577
1.64699999999993	1376.84880330895	363.307785406625	397.554313028056	0.846425078636773	-2967.77553483752	46.9409230673207	-21.1723695073767	-1.40092062533357	1590.92673152856	-410.248708473917	-356.057393665781	0.573766822277796
1.64799999999993	3470.74138644033	263.958556857172	304.919341961831	1.1513444205986	-2626.41264795535	182.65449311608	117.278389143239	-1.28364223619033	-844.328738484986	-446.613049973231	-416.158981740899	0.157607840536898
1.64899999999993	5260.33667208967	138.771225655133	187.084670148878	1.33842909074748	-2984.86475402195	300.488568749953	244.895409238711	-1.03874682695162	-2275.47191806772	-439.259794405076	-441.755705513093	-0.284147864976196
1.64999999999993	5682.94692273267	1.00395425306488E-08	64.1561051829671	1.40258519593045	-3243.3419672629	388.908729647592	351.137316813189	-0.68760951013843	-2439.60495546977	-388.908729657631	-418.051933373137	-0.702199798349333
1.65099999999993	4532.69539320948	-138.771225636085	-61.7762488141267	1.34080894711632	-2371.16847677183	439.259794400912	418.155045150152	-0.269454464988279	-2161.52691643764	-300.488568764837	-346.465874052817	-1.04866567240215
1.65199999999993	2564.49294040684	-263.958556840969	-193.707082479283	1.14710186463704	-101.929042494806	446.613049975325	433.32530008986	0.163870835101581	-2462.56389791203	-182.654493134377	-242.595794503552	-1.2912614669057
1.65299999999993	1056.23012011085	-363.307785394852	-315.068290782112	0.832033573854926	2565.06172121163	410.248708482063	409.473122547059	0.57334395764864	-3621.29184132249	-46.940923087239	-113.854344618875	-1.40511581152458
1.65399999999993	486.526033426138	-427.093916600106	-400.261250497182	0.431772323357744	4339.09521118223	333.726365031753	360.12200744601	0.93346596509465	-4825.62124460837	93.3675515683198	29.7034556256393	-1.37541235589894
1.65499999999993	444.893285449634	-449.073119510249	-439.913646059536	-0.00814132270179215	4648.52996609015	224.536559763826	282.173215157946	1.2156391802526	-5093.42325153978	224.536559746388	168.446511622791	-1.20696584427615
1.65599999999993	22.6671002117048	-427.093916606344	-440.744679122656	-0.448886001824448	3892.15987071805	93.3675515880647	164.097004187407	1.37973618444	-3914.82697092975	333.726365018245	277.158641170409	-0.929807203105737
1.65699999999993	-1380.66208288596	-363.307785406718	-397.459663328754	-0.846345665153202	2969.8125279981	-46.9409230671636	21.2242312734165	1.40096041571342	-1589.15044511214	410.248708473853	356.074292753097	-0.57373291035264
1.65799999999993	-3472.02342527627	-263.958556857299	-304.988350517685	-1.15133401567089	2627.54692752605	-182.654493115936	-117.327008687204	1.28363340702622	844.476497750215	446.613049973215	416.115339076139	-0.157617571276502
1.65899999999993	-5256.54394254034	-138.771225655283	-187.086591041724	-1.33842060671261	2988.78397429362	-300.488568749836	-244.883072525095	1.03875033450112	2267.75996824672	439.259794405108	441.839767689982	0.28422219641348
1.65999999999993	-5684.09058288302	-1.01464507906712E-08	-64.1966998756967	-1.40261730658831	3244.64718799446	-388.908729647538	-351.193520609855	0.687556813891266	2439.44339488856	388.908729657685	417.932844563175	0.702155040976655
1.66099999999993	-4531.49049473127	138.771225635935	61.802366245489	-1.34081494034282	2368.52160180145	-439.259794400879	-418.087824681327	0.269468989209939	2162.96889292982	300.488568764955	346.496543028597	1.04865158400525
1.66199999999993	-2561.96002273389	263.958556840841	193.702695898349	-1.14711224444447	98.2155323189184	-446.613049975342	-433.311933115329	-0.16384294390539	2463.74449041497	182.654493134521	242.601946258711	1.29125353026396
1.66299999999993	-1057.2176949045	363.30778539476	315.0920295736	-0.83202021487087	-2565.57463799394	-410.248708482127	-409.491609645357	-0.573334553550746	3622.79233289844	46.9409230873962	113.852967630676	1.40510649789464
1.66399999999993	-482.141433016748	427.093916600057	400.175423664756	-0.431844791206114	-4346.04112867004	-333.726365031858	-360.128988239448	-0.933463541790195	4828.18256168678	-93.3675515681653	-29.7615189821889	1.37534497891245
1.66499999999993	-438.450137216956	449.073119510249	439.94010598504	0.0080953147789264	-4650.3530250999	-224.536559763963	-282.162226027681	-1.21562576781788	5088.80316231685	-224.536559746252	-168.35736030543	1.20698761860702
1.66599999999993	-16.2909420131558	427.093916606392	440.712983220431	0.448808297999357	-3895.58013867793	-93.3675515882193	-164.114767848385	-1.37974053566626	3911.87108069108	-333.72636501814	-277.196999275963	0.929790619331058
1.66699999999993	1378.27836020334	363.307785406811	397.582435161815	0.846390733161172	-2970.48830953193	46.9409230670064	-21.1741359215003	-1.40091467158776	1592.20994932859	-410.248708473788	-356.046309206559	0.573744310124499
1.66799999999993	3473.72841976167	263.958556857427	304.961045925781	1.15135177908695	-2627.33049103029	182.654493115792	117.320349305311	-1.28359432228245	-846.397928731383	-446.613049973198	-416.084331737828	0.15765997838667
1.66899999999993	5258.84043598586	138.771225655434	187.052912953396	1.33840469204035	-2989.51487991975	300.488568749719	244.860363349883	-1.03873395893257	-2269.32555606612	-439.259794405141	-441.870251181677	-0.284210272795007
1.66999999999993	5680.08191677234	1.03044754951043E-08	64.1945788443763	1.40259927088473	-3240.60306205461	388.908729647459	351.118546519862	-0.687615412412706	-2439.47885471773	-388.908729657763	-417.985715936174	-0.702195988731181
1.67099999999993	4528.72558315946	-138.771225635833	-61.766566181374	1.34083270470335	-2369.62839929682	439.259794400857	418.162859558315	-0.26945255285439	-2159.09718386264	-300.488568765034	-346.480350495399	-1.04867633922658
1.67199999999993	2562.51660479665	-263.958556840713	-193.722042931421	1.14711066177193	-102.712256129914	446.613049975358	433.336792435698	0.163884239581307	-2459.80434866674	-182.654493134665	-242.60246620481	-1.29127880543139
1.67299999999993	1052.11805125096	-363.307785394667	-315.021616841742	0.832089044930189	2567.1138469591	410.248708482191	409.485974086483	0.57337021366779	-3619.23189821006	-46.9409230875533	-113.819399194925	-1.40509820462631
1.67399999999993	474.451382913626	-427.093916600008	-400.244352052048	0.431844692878141	4348.14561720808	333.726365031964	360.035967461776	0.933406181129566	-4822.5970001217	93.3675515680108	29.6578208697682	-1.37544038375655
1.67499999999993	438.588420583664	-449.073119510249	-439.961911226785	-0.00811721834864351	4655.49179450682	224.536559764099	282.168160068595	1.21557434119816	-5094.08021509048	224.536559746115	168.454808257431	-1.20698557549912
1.67599999999993	18.7190131579402	-427.093916606425	-440.705064648157	-0.4488222829968	3896.28641945244	93.3675515883238	164.165475649737	1.3797398168479	-3915.00543261038	333.726365018068	277.208316700642	-0.929777258798474
1.67699999999993	-1379.8810443866	-363.307785406903	-397.525322033898	-0.846347605030698	2970.39572127521	-46.9409230668493	21.210373029674	1.40095018987757	-1590.51467688861	410.248708473724	356.046565004555	-0.573730693793919
1.67799999999993	-3472.3681893846	-263.958556857555	-304.989446796318	-1.15133705182702	2630.0244752307	-182.654493115647	-117.34824234732	1.28360194753025	842.3437141539	446.613049973182	416.112806571826	-0.157617887222093
1.67899999999993	-5260.61608752223	-138.771225655584	-187.048857187769	-1.33838590901479	2993.04105176489	-300.488568749601	-244.883475698723	1.03871847183153	2267.57503575733	439.259794405174	441.840292300686	0.284222405078593
1.67999999999993	-5685.74280495722	-1.0462514410392E-08	-64.2087232333059	-1.40259463224809	3247.46581351007	-388.90872964738	-351.183417637388	0.68753505419414	2438.27699144715	388.908729657843	417.941867179168	0.702164272257762
1.68099999999993	-4528.53697430165	138.771225635683	61.7978725338963	-1.3407967597142	2363.3934393129	-439.259794400824	-418.010248685736	0.269524805508403	2165.14353498876	300.488568765151	346.500302267786	1.04866457452555
1.68199999999993	-2563.88858278646	263.958556840585	193.707885818032	-1.14708887389616	98.3772607766404	-446.613049975374	-433.371261136936	-0.163846455628533	2465.51132200982	182.65449313481	242.577519795236	1.29124209432078
1.68299999999993	-1050.16080720925	363.307785394574	315.013307502537	-0.832075566393627	-2570.70683542424	-410.248708482256	-409.475636472052	-0.573322092100585	3620.86764263349	46.9409230877104	113.857494269892	1.40509958859068
1.68399999999993	-479.539945747711	427.093916599959	400.252667323325	-0.431822899070302	-4348.82841398826	-333.72636503207	-360.091852160703	-0.933413944261288	4828.36835973597	-93.3675515678562	-29.7242427137951	1.37537534587688
1.68499999999993	-442.496852657257	449.073119510249	439.926049917871	0.00810315084756883	-4648.86111165959	-224.536559764236	-282.247059383846	-1.21566100364513	5091.35796431685	-224.536559745978	-168.430726575673	1.20694461930121
1.68599999999993	-20.3247174952223	427.093916606474	440.767612583838	0.448870763431407	-3890.39488468629	-93.3675515884785	-164.087254402129	-1.37974825804726	3910.71960218151	-333.726365017962	-277.120405373106	0.929824213928102
1.68699999999993	1376.84879894979	363.307785406966	397.554312331688	0.846425075763094	-2967.77552509181	46.9409230667429	-21.1723702005719	-1.40092062824784	1590.92672614201	-410.248708473681	-356.057394457322	0.57376681947078
1.68799999999992	3470.74138522616	263.958556857683	304.919343534377	1.15134441929747	-2626.41263785247	182.654493115503	117.278390727114	-1.28364223752072	-844.328747373683	-446.613049973165	-416.158980123661	0.157607839347119
1.68899999999992	5260.33664852554	138.771225655734	187.08467320156	1.33842909249903	-2984.86473689525	300.488568749484	244.895412088538	-1.03874682543218	-2275.47191163029	-439.259794405207	-441.755702709898	-0.28414786336278
1.68999999999992	5682.94687915028	1.06204680605515E-08	64.1561065752081	1.40258519907424	-3243.341950486	388.908729647301	351.137318054554	-0.687609507377628	-2439.60492866429	-388.908729657921	-418.051932265582	-0.702199795628362
1.69099999999992	4532.69536226012	-138.771225635533	-61.7762497445917	1.34080894932965	-2371.16846118512	439.259794400791	418.155044284507	-0.269454463093121	-2161.526901075	-300.488568765269	-346.465874854444	-1.04866567048281
1.69199999999992	2564.4929373885	-263.958556840499	-193.70708529065	1.147101864039	-101.929043479712	446.613049975386	433.32529755518	0.163870834462059	-2462.56389390879	-182.654493134908	-242.595797073536	-1.29126146755634
1.69299999999992	1056.23011769031	-363.307785394481	-315.068292607741	0.832033571431257	2565.0617056643	410.24870848232	409.473120821767	0.573343955283826	-3621.29182335462	-46.9409230878676	-113.854346538209	-1.40511581409455
1.69399999999992	486.526023196526	-427.09391659991	-400.261250373625	0.431772321057632	4339.09520718301	333.726365032175	360.122007445845	0.93346596272967	-4825.62123037954	93.3675515677016	29.7034557119367	-1.37541235838261
1.69499999999992	444.893269594306	-449.07311951025	-439.913644063616	-0.0081413230059841	4648.52995708889	224.536559764373	282.173217147307	1.21563917987698	-5093.4232266832	224.536559745841	168.446513498274	-1.20696584488434
1.69599999999992	22.6671142271184	-427.093916606523	-440.744676823744	-0.448885999829728	3892.15984757187	93.367551588633	164.097006778717	1.37973618665569	-3914.82696179899	333.726365017857	277.158643756138	-0.929807201128202
1.69699999999992	-1380.66207333536	-363.307785407059	-397.459662750908	-0.846345662580635	2969.8125165135	-46.9409230665858	21.2242317607538	1.40096041841645	-1589.15044317814	410.248708473616	356.074293351358	-0.573732907776844
1.69799999999992	-3472.02342834859	-263.958556857811	-304.988351803804	-1.15133401438444	2627.54692178119	-182.654493115358	-117.327010085864	1.28363340833058	844.476506567404	446.613049973149	416.115337663069	-0.157617570113776
1.69899999999992	-5256.54393271393	-138.771225655884	-187.08659376044	-1.33842060814488	2988.78396704984	-300.488568749366	-244.883075145105	1.03875033318548	2267.75996566409	439.25979440524	441.839765129289	0.284222195015513
1.69999999999992	-5684.0905323216	-1.07784785541298E-08	-64.1967012988707	-1.40261730944375	3244.64714652131	-388.908729647222	-351.193521522455	0.687556811663025	2439.44338580029	388.908729658001	417.932843462678	0.702155038478191
1.70099999999992	-4531.49046362523	138.771225635383	61.8023669191043	-1.34081494252465	2368.52157613007	-439.259794400758	-418.087824201947	0.269468987461078	2162.96888749515	300.488568765386	346.496543575068	1.04865158205326
1.70199999999992	-2561.96001168872	263.958556840371	193.70269850959	-1.14711224401506	98.2155319848421	-446.613049975402	-433.311930782207	-0.16384294332113	2463.74447970388	182.654493135052	242.601948788323	1.29125353084158
1.70299999999992	-1057.21769046572	363.307785394418	315.09203135589	-0.832020212659166	-2565.57463077828	-410.248708482364	-409.491607952516	-0.573334551273646	3622.79232124399	46.9409230879739	113.852969385795	1.40510650022738
1.70399999999992	-482.141418121002	427.093916599861	400.175423552031	-0.431844789107135	-4346.04112534872	-333.726365032281	-360.12898825736	-0.933463539531006	4828.18254346973	-93.3675515675471	-29.7615189728455	1.37534498125453
1.70499999999992	-438.450133640086	449.073119510249	439.940104017141	0.00809531491000612	-4650.35298611388	-224.53655976451	-282.162228305425	-1.21562576783643	5088.80311975396	-224.536559745704	-168.357362170694	1.20698761908384
1.70599999999992	-16.2909464756756	427.093916606572	440.712981134662	0.448808296044669	-3895.58011983121	-93.3675515887876	-164.114769869538	-1.37974053770597	3911.87106630688	-333.726365017751	-277.19700158335	0.929790617500487
1.70699999999992	1378.27835015541	363.307785407152	397.582434832134	0.846390730876803	-2970.48831334216	46.9409230664287	-21.1741361481601	-1.40091467385413	1592.20996318674	-410.248708473552	-356.046309758299	0.573744307742188
1.70799999999992	3473.72840341337	263.958556857939	304.961047365092	1.15135177824189	-2627.33048478087	182.654493115214	117.320350631221	-1.28359432322291	-846.397918632499	-446.613049973132	-416.084330326478	0.15765997741571
1.70899999999992	5258.84042199229	138.771225656035	187.052915135647	1.33840469337754	-2989.51486034405	300.488568749249	244.860365447582	-1.03873395777533	-2269.32556164824	-439.259794405273	-441.870248890979	-0.284210271475268
1.70999999999992	5680.08186339827	1.09364890477082E-08	64.1945801927506	1.40259927357029	-3240.60301682902	388.908729647143	351.118547416835	-0.687615410358492	-2439.47884656925	-388.90872965808	-417.985714948009	-0.702195986423277
1.71099999999992	4528.72555482304	-138.771225635232	-61.7665668891754	1.34083270668112	-2369.62838611397	439.259794400725	418.162859188042	-0.26945255117045	-2159.09716870908	-300.488568765504	-346.480351110798	-1.04867633753408
1.71199999999992	2562.51660467823	-263.958556840243	-193.722045473659	1.14711066120746	-102.712257426558	446.613049975418	433.336790160297	0.163884238989847	-2459.80434725167	-182.654493135196	-242.602468486551	-1.29127880602063
1.71299999999992	1052.11804503354	-363.307785394295	-315.021618318635	0.832089042888823	2567.11384058173	410.248708482449	409.48597260301	0.573370211592857	-3619.23188561527	-46.9409230881818	-113.819400789271	-1.4050982068099
1.71399999999992	474.451371032711	-427.093916599813	-400.244351842413	0.43184469104641	4348.14562522766	333.726365032387	360.035967537199	0.933406179130056	-4822.59699626037	93.3675515673925	29.6578210906568	-1.37544038571924
1.71499999999992	438.58842219554	-449.073119510249	-439.961909619451	-0.00811721857304087	4655.49176855039	224.536559764647	282.168161985311	1.21557434111537	-5094.08019074593	224.536559745567	168.454809810303	-1.20698557590894
1.71599999999992	18.7190099356668	-427.09391660662	-440.705062566456	-0.448822281139497	3896.28639487285	93.367551588942	164.165477702768	1.37973981881814	-3915.00540480851	333.726365017645	277.208318716324	-0.929777257192614
1.71699999999992	-1379.88104845009	-363.307785407275	-397.525321666286	-0.846347602805783	2970.39571343688	-46.9409230662208	21.2103732898994	1.40095019210803	-1590.51466498679	410.248708473467	356.046565459132	-0.573730691733483
1.71799999999992	-3472.36819139565	-263.958556858067	-304.98944801182	-1.1513370508176	2630.02447397908	-182.65449311507	-117.348243590448	1.28360194851759	842.343717416575	446.613049973116	416.112805421092	-0.157617886312391
1.71899999999992	-5260.61605821788	-138.771225656185	-187.048859672506	-1.33838591049011	2993.04103126193	-300.488568749132	-244.883477844067	1.03871847067352	2267.57502695595	439.259794405306	441.840290104702	0.284222403792312
1.71999999999992	-5685.74275841964	-1.10944569087223E-08	-64.2087242992704	-1.40259463478938	3247.46578407065	-388.908729647064	-351.18341850496	0.68753505216856	2438.27697434898	388.908729658159	417.941866301936	0.702164270094248
1.72099999999992	-4528.53694669627	138.771225635082	61.7978732524727	-1.34079676153691	2363.39342956126	-439.259794400692	-418.010248191143	0.269524803977416	2165.14351713501	300.488568765621	346.500302893942	1.04866457298819
1.72199999999992	-2563.88859334875	263.958556840074	193.707888320858	-1.14708887321605	98.3772757161723	-446.613049975441	-433.371259037866	-0.163846455060449	2465.51131763258	182.654493135387	242.577521973479	1.29124209496167
1.72299999999992	-1050.16080208307	363.307785394202	315.013308788896	-0.832075564427153	-2570.70682868168	-410.248708482513	-409.475635036822	-0.573322090097272	3620.86763076475	46.9409230883389	113.857495709776	1.40509959067144
1.72399999999992	-479.539933240359	427.093916599764	400.252667062837	-0.431822897364316	-4348.82841173433	-333.726365032493	-360.091852342477	-0.933413942439749	4828.36834497469	-93.367551567238	-29.7242428969791	1.37537534777447
1.72499999999992	-442.496833447731	449.073119510249	439.926048529587	0.00810315116527114	-4648.86109965283	-224.536559764784	-282.247060788382	-1.21566100322813	5091.35793310056	-224.536559745431	-168.430727796039	1.20694461997843
1.72599999999992	-20.3247164970712	427.093916606685	440.767610704939	0.448870761870211	-3890.39487219008	-93.3675515891466	-164.087256403686	-1.37974825963182	3910.71958868715	-333.726365017505	-277.120407469805	0.929824212508622
1.72699999999992	1376.84879508373	363.307785407368	397.554311775263	0.846425073645473	-2967.77551821622	46.9409230660636	-21.1723707578983	-1.40092063038972	1590.92672313249	-410.248708473403	-356.057395110024	0.573766817398597
1.72799999999992	3470.74138648244	263.958556858194	304.919344626227	1.1513444182717	-2626.4126299396	182.654493114926	117.278391840477	-1.28364223854924	-844.328756542843	-446.613049973099	-416.158978956919	0.157607838441678
1.72899999999992	5260.33662945649	138.771225656335	187.084675511729	1.33842909378343	-2984.86472163154	300.488568749014	244.895414209306	-1.03874682433993	-2275.47190782495	-439.259794405339	-441.755700618685	-0.284147862177007
1.72999999999992	5682.94684004605	1.12524816131554E-08	64.1561076440036	1.40258520142743	-3243.34193558227	388.908729646985	351.137318975259	-0.687609505364674	-2439.60490446378	-388.908729658237	-418.051931478591	-0.702199793655598
1.73099999999992	4532.69533687425	-138.771225634883	-61.7762504212247	1.34080895100621	-2371.16844965277	439.259794400649	418.155043697465	-0.269454461667209	-2161.52688722148	-300.488568765777	-346.465875399075	-1.04866566905467
1.73199999999992	2564.49293603946	-263.958556839946	-193.707087386777	1.14710186361943	-101.929044611956	446.613049975457	433.325295687832	0.163870834020623	-2462.56389142751	-182.654493135531	-242.595798951028	-1.2912614680057
1.73299999999992	1056.23011559066	-363.30778539411	-315.068293937578	0.832033569681853	2565.06169414766	410.248708482577	409.473119556068	0.573343953576691	-3621.29180973831	-46.9409230884961	-113.854347950403	-1.4051158159561
1.73399999999992	486.526014387834	-427.093916599715	-400.261250309604	0.431772319372249	4339.09520480406	333.726365032598	360.122007407997	0.933465960984688	-4825.6212191919	93.3675515670835	29.7034557393703	-1.37541236021673
1.73499999999992	444.893254622424	-449.073119510249	-439.913642638872	-0.0081413232666229	4648.52994747263	224.536559764921	282.17321857677	1.21563917956146	-5093.42320209506	224.536559745294	168.446514782398	-1.20696584543434
1.73599999999992	22.6671266317761	-427.093916606734	-440.744675134608	-0.448885998401231	3892.15982818232	93.3675515893011	164.097008714886	1.37973618827634	-3914.8269548141	333.7263650174	277.158645728503	-0.929807199705833
1.73699999999992	-1380.66206412137	-363.30778540746	-397.459662304601	-0.846345660705831	2969.81250792913	-46.9409230659065	21.2242321283489	1.40096042040469	-1589.15044380777	410.248708473339	356.074293829655	-0.573732905876178
1.73799999999992	-3472.02343311801	-263.958556858322	-304.988352655725	-1.15133401336156	2627.54691775171	-182.654493114781	-117.327011053028	1.28363340935167	844.476515366301	446.613049973083	416.115336659008	-0.15761756921717
1.73899999999992	-5256.54392694569	-138.771225656485	-187.086595792168	-1.33842060915372	2988.78396110295	-300.488568748897	-244.883077092657	1.03875033225901	2267.75996584274	439.259794405371	441.839763220404	0.284222194003234
1.73999999999992	-5684.09048652354	-1.14105347392979E-08	-64.1967024246617	-1.40261731157839	3244.64710847782	-388.908729646906	-351.193522158984	0.687556810100024	2439.44337804572	388.908729658316	417.93284266143	0.702155036664664
1.74099999999992	-4531.49043748552	138.771225634733	61.802367371059	-1.34081494420733	2368.52155465222	-439.259794400616	-418.087823954429	0.269468986145595	2162.96888283331	300.488568765894	346.496543899467	1.04865158056413
1.74199999999992	-2561.96000281365	263.958556839818	193.702700465968	-1.14711224374136	98.2155319317837	-446.613049975473	-433.311929063151	-0.163842942917556	2463.74447088186	182.654493135676	242.601950671679	1.29125353123581
1.74299999999992	-1057.21768638912	363.307785394017	315.092032669405	-0.832020211071953	-2565.57462665436	-410.248708482641	-409.49160669487	-0.573334549612426	3622.79231304348	46.9409230886532	113.85297067187	1.40510650190768
1.74399999999992	-482.14140497843	427.093916599666	400.175423499664	-0.431844787572289	-4346.04112323895	-333.726365032704	-360.128988235602	-0.933463537848028	4828.18252821738	-93.3675515669289	-29.7615189108791	1.3753449829968
1.74499999999992	-438.450130548973	449.073119510249	439.940102586385	0.00809531501409624	-4650.35294875932	-224.536559765057	-282.162230034996	-1.21562576788302	5088.8030793083	-224.536559745157	-168.357363486699	1.2069876195101
1.74599999999992	-16.2909500478794	427.093916606783	440.712979606412	0.448808294620508	-3895.58010418906	-93.3675515894557	-164.114771312969	-1.37974053919599	3911.87105423694	-333.726365017294	-277.19700332646	0.929790616183642
1.74699999999992	1378.27834107786	363.307785407554	397.582434604282	0.84639072922479	-2970.48831895828	46.9409230657493	-21.1741362799316	-1.40091467547593	1592.20997788042	-410.248708473274	-356.046310198412	0.573744305985231
1.74799999999992	3473.72839025434	263.95855685845	304.961048386329	1.15135177761112	-2627.33048014009	182.654493114637	117.320351553924	-1.283594323922	-846.397910114251	-446.613049973066	-416.084329302074	0.157659976683157
1.74899999999992	5258.8404114846	138.771225656636	187.052916715231	1.33840469432635	-2989.51484269816	300.488568748779	244.86036694889	-1.03873395697311	-2269.32556878644	-439.259794405404	-441.870247199002	-0.284210270515845
1.74999999999992	5680.08181490455	1.15684883894573E-08	64.1945812563334	1.40259927558268	-3240.60297513354	388.908729646827	351.118548051402	-0.68761540892171	-2439.47883977101	-388.908729658396	-417.985714234496	-0.702195984750341
1.75099999999992	4528.72553129476	-138.771225634631	-61.7665673859256	1.34083270819676	-2369.6283763509	439.259794400594	418.162859031278	-0.269452549890432	-2159.09715494387	-300.488568765973	-346.480351512681	-1.04867633626302
1.75199999999992	2562.51660584858	-263.95855683969	-193.722047399892	1.14711066079687	-102.712258918666	446.61304997549	433.336788459452	0.16388423856902	-2459.80434692991	-182.65449313582	-242.602470174979	-1.291278806438
1.75299999999992	1052.11803918491	-363.307785393924	-315.021619375691	0.832089041421174	2567.11383739997	410.248708482706	409.485971511189	0.57337021008021	-3619.23187658488	-46.9409230888104	-113.819401952251	-1.40509820839025
1.75399999999992	474.451360748589	-427.093916599617	-400.244351689135	0.431844689732039	4348.14563392338	333.72636503281	360.035967580096	0.933406177660305	-4822.59699467197	93.3675515667743	29.6578212565965	-1.37544038713366
1.75499999999992	438.588423589322	-449.073119510249	-439.961908494459	-0.00811721876241982	4655.49174301276	224.536559765194	282.168163409694	1.21557434107	-5094.08016660208	224.53655974502	168.454810856468	-1.20698557627719
1.75599999999992	18.7190064812689	-427.093916606816	-440.705061012106	-0.448822279774526	3896.28637353639	93.3675515895602	164.165479209211	1.37973982027921	-3915.00538001766	333.726365017222	277.20832022334	-0.929777256053849
1.75699999999992	-1379.88105250943	-363.307785407646	-397.525321395618	-0.846347601170143	2970.39570815859	-46.9409230655922	21.2103734578666	1.40095019373708	-1590.51465564916	410.24870847321	356.04656581659	-0.573730690237258
1.75799999999992	-3472.36819473971	-263.958556858578	-304.989448859538	-1.15133705002968	2630.02447409644	-182.654493114492	-117.348244467995	1.28360194926908	842.343720643266	446.61304997305	416.112804613374	-0.157617885623884
1.75899999999992	-5260.61603342855	-138.771225656786	-187.048861562933	-1.33838591159261	2993.04101256917	-300.488568748662	-244.883479420657	1.03871846984842	2267.57502085939	439.259794405437	441.840288462738	0.284222402838854
1.75999999999992	-5685.74271604618	-1.17265130938904E-08	-64.2087251180876	-1.4025946367107	3247.4657571565	-388.908729646748	-351.183419130558	0.687535050717866	2438.27695888968	388.908729658474	417.9418656782	0.702164268517054
1.76099999999992	-4528.53692338637	138.771225634481	61.797873774353	-1.34079676293635	2363.39342267396	-439.259794400561	-418.010247899313	0.269524802818554	2165.14350071242	300.488568766091	346.500303321406	1.04866457183846
1.76199999999992	-2563.8886046512	263.958556839563	193.707890250119	-1.14708887268623	98.3772901081696	-446.613049975507	-433.371257468847	-0.163846454650293	2465.51131454303	182.654493135964	242.577523600461	1.29124209543892
1.76299999999992	-1050.16079732816	363.307785393831	315.013309690073	-0.832075562996156	-2570.70682457121	-410.24870848277	-409.475633970447	-0.57332208862074	3620.86762189936	46.9409230889675	113.857496754481	1.4050995921934
1.76399999999992	-479.53992235135	427.093916599569	400.252666862372	-0.431822896133784	-4348.8284103026	-333.726365032915	-360.091852483688	-0.933413941104428	4828.36833265395	-93.3675515666198	-29.7242430263112	1.37537534916709
1.76499999999992	-442.496815634816	449.073119510249	439.926047582503	0.00810315144871889	-4648.86108805495	-224.536559765331	-282.247061753358	-1.21566100285779	5091.35790368976	-224.536559744883	-168.430728571269	1.20694462059582
1.76599999999992	-20.3247149249771	427.093916606865	440.767609303447	0.448870760752166	-3890.39486226673	-93.3675515897148	-164.087257900641	-1.37974826075843	3910.7195771917	-333.726365017117	-277.120409078595	0.929824211517227
1.76699999999992	1376.84879155863	363.307785407709	397.554311324088	0.846425072076254	-2967.77551336579	46.9409230654858	-21.1723712138765	-1.4009206319723	1590.92672180717	-410.248708473167	-356.057395657558	0.573766815859669
1.76799999999992	3470.74138938583	263.958556858706	304.919345373917	1.15134441745017	-2626.41262368908	182.654493114348	117.278392617131	-1.28364223935517	-844.328765696747	-446.613049973033	-416.158978114996	0.157607837744672
1.76899999999992	5260.33661379714	138.771225656936	187.084677279352	1.33842909472952	-2984.86470795542	300.488568748545	244.895415800394	-1.03874682355478	-2275.47190584172	-439.25979440547	-441.755699045127	-0.284147861300455
1.76999999999992	5682.94680467503	1.18845235874687E-08	64.1561084756459	1.40258520320517	-3243.34192220558	388.908729646669	351.137319662889	-0.687609503891889	-2439.60488246945	-388.908729658554	-418.051930921612	-0.702199792222067
1.77099999999992	4532.69531570091	-138.771225634331	-61.7762509154158	1.34080895228975	-2371.16844106667	439.259794400528	418.155043307857	-0.269454460584031	-2161.52687463423	-300.488568766208	-346.465875761776	-1.04866566798384
1.77199999999992	2564.49293580857	-263.958556839476	-193.707088962204	1.14710186332755	-101.929045838724	446.613049975518	433.325294304506	0.163870833720475	-2462.56388996984	-182.654493136062	-242.595800327819	-1.29126146831166
1.77299999999992	1056.23011378283	-363.307785393738	-315.068294909864	0.832033568417685	2565.06168554458	410.248708482834	409.473118622804	0.573343952343278	-3621.29179932741	-46.9409230891246	-113.854348994933	-1.4051158173066
1.77399999999992	486.526006676758	-427.09391659952	-400.261250285536	0.431772318132149	4339.09520365669	333.726365033021	360.122007345683	0.933465959688961	-4825.62121033345	93.3675515664652	29.7034557280089	-1.37541236157859
1.77499999999992	444.893240439648	-449.073119510249	-439.913641624648	-0.00814132349249928	4648.52993758529	224.536559765468	282.173219603617	1.21563917929258	-5093.42317802494	224.536559744746	168.446515643393	-1.20696584593519
1.77599999999992	22.6671377523781	-427.093916606914	-440.744673888335	-0.448885997380834	3892.15981163355	93.3675515898694	164.097010174	1.37973618946658	-3914.82694938593	333.726365017011	277.158647251629	-0.929807198683564
1.77699999999992	-1380.66205523696	-363.307785407802	-397.459661955664	-0.846345659336499	2969.81250144121	-46.9409230653287	21.2242324081815	1.40096042187476	-1589.15044620425	410.248708473102	356.074294218496	-0.573732904465069
1.77799999999991	-3472.02343890765	-263.958556858833	-304.988353200664	-1.15133401253716	2627.54691503702	-182.654493114204	-117.327011713595	1.28363341016116	844.476523870631	446.613049973017	416.11533594811	-0.157617568516959
1.77899999999991	-5256.54392420263	-138.771225657087	-187.086597320924	-1.33842060985809	2988.78395622894	-300.488568748427	-244.883078550178	1.03875033161099	2267.75996797369	439.259794405503	441.839761785651	0.284222193268692
1.77999999999991	-5684.09044478973	-1.20425198701923E-08	-64.1967033313178	-1.4026173131894	3244.64707340543	-388.90872964659	-351.193522597873	0.687556809013114	2439.4433713843	388.908729658633	417.932842075894	0.702155035344586
1.78099999999991	-4531.49041513914	138.77122563418	61.8023676660944	-1.34081494552331	2368.52153632462	-439.259794400495	-418.087823866278	0.269468985146836	2162.96887881453	300.488568766326	346.496544069566	1.04865157941415
1.78199999999991	-2561.95999558217	263.958556839348	193.702701945839	-1.14711224357747	98.2155320701312	-446.613049975534	-433.311927789443	-0.163842942642606	2463.74446351204	182.654493136207	242.601952085616	1.29125353149977
1.78299999999991	-1057.2176826892	363.307785393675	315.092033643087	-0.832020209934384	-2565.57462465238	-410.248708482878	-409.491605753873	-0.573334548396479	3622.79230734157	46.940923089231	113.852971618298	1.40510650311807
1.78399999999991	-482.141393287069	427.093916599471	400.175423488507	-0.431844786445878	-4346.04112204157	-333.726365033127	-360.12898818715	-0.93346353658363	4828.18251532864	-93.3675515663107	-29.7615188153562	1.37534498430271
1.78499999999991	-438.450127857875	449.073119510249	439.940101543549	0.00809531509767142	-4650.35291320218	-224.536559765605	-282.162231363925	-1.21562576794755	5088.80304106005	-224.53655974461	-168.357364408339	1.20698761989437
1.78599999999991	-16.2909529423633	427.093916606962	440.712978481638	0.448808293579309	-3895.58009098146	-93.367551590024	-164.114772340815	-1.37974054028837	3911.87104392383	-333.726365016905	-277.197004657074	0.929790615237296
1.78699999999991	1378.27833281264	363.307785407895	397.582434449898	0.846390728029207	-2970.48832570888	46.9409230651716	-21.1741363447164	-1.40091467663309	1592.20999289625	-410.248708473038	-356.046310555021	0.573744304682275
1.78799999999991	3473.72837936502	263.95855685892	304.961049110826	1.15135177714003	-2627.33047680899	182.654493114106	117.320352191594	-1.28359432444149	-846.397902556036	-446.613049973005	-416.084328555869	0.157659976126406
1.78899999999991	5258.84040357557	138.771225657237	187.052917855909	1.33840469499594	-2989.5148267201	300.488568748309	244.860368017314	-1.03873395642418	-2269.32557685547	-439.259794405536	-441.870245942578	-0.284210269816172
1.78999999999991	5680.08177059165	1.22004877312065E-08	64.1945821089773	1.40259927710492	-3240.60293652218	388.908729646511	351.118548497013	-0.687615407927165	-2439.47883406946	-388.908729658712	-417.985713718642	-0.702195983534815
1.79099999999991	4528.72551142042	-138.77122563403	-61.7665677319295	1.34083270937299	-2369.62836904058	439.259794400462	418.162859020739	-0.269452548906426	-2159.09714237984	-300.488568766443	-346.480351764298	-1.04867633529911
1.79199999999991	2562.51660781236	-263.95855683922	-193.722048875621	1.14711066049737	-102.712260502742	446.613049975551	433.336787176821	0.163884238270395	-2459.80434730962	-182.654493136351	-242.602471433335	-1.29127880673245
1.79299999999991	1052.11803371823	-363.307785393582	-315.021620131143	0.832089040366226	2567.11383644477	410.248708482942	409.485970703067	0.573370208973462	-3619.23187016299	-46.9409230893881	-113.819402803021	-1.40509820953547
1.79399999999991	474.45135174559	-427.093916599422	-400.244351575062	0.431844688791164	4348.14564302736	333.726365033232	360.035967601171	0.933406176574633	-4822.59699477295	93.3675515661561	29.6578213843746	-1.37544038815109
1.79499999999991	438.588424754003	-449.073119510249	-439.961907714975	-0.00811721892381039	4655.49171818094	224.536559765741	282.168164476854	1.21557434105149	-5094.08014293495	224.536559744473	168.454811540215	-1.20698557661088
1.79599999999991	18.7190029265572	-427.093916607011	-440.705059841869	-0.44882227876568	3896.28635473852	93.3675515901784	164.165480319711	1.3797398213712	-3915.00535766508	333.726365016799	277.208321360353	-0.929777255250526
1.79699999999991	-1379.88105652504	-363.307785407988	-397.525321195552	-0.846347599961232	2970.39570476904	-46.9409230650144	21.2103735593703	1.40095019493057	-1590.514648244	410.248708472974	356.046566102064	-0.573730689148462
1.79799999999991	-3472.36819889071	-263.958556859048	-304.989449445055	-1.15133704940629	2630.02447517605	-182.654493113962	-117.348245083485	1.28360194984708	842.343723714654	446.613049972989	416.112804051189	-0.157617885097273
1.79899999999991	-5260.61601220129	-138.771225657339	-187.048863017859	-1.33838591242415	2993.04099546897	-300.48856874823	-244.883480585029	1.03871846926205	2267.57501673231	439.259794405558	441.840287223398	0.284222402126125
1.79999999999991	-5685.74267723942	-1.23585266464943E-08	-64.2087257560802	-1.40259463818023	3247.46573238167	-388.908729646432	-351.183419581321	0.687535049680734	2438.27694485775	388.908729658791	417.941865236418	0.702164267362543
1.80099999999991	-4528.5369033447	138.77122563388	61.7978741548877	-1.34079676402534	2363.39341778452	-439.259794400429	-418.010247748425	0.269524801932308	2165.14348556018	300.488568766561	346.500303608345	1.04866457097089
1.80199999999991	-2563.88861627871	263.958556839093	193.707891758776	-1.14708887226656	98.3773039034697	-446.613049975567	-433.371256285694	-0.163846454353385	2465.51131237524	182.654493136495	242.577524826859	1.29124209579775
1.80299999999991	-1050.16079290457	363.30778539349	315.013310314538	-0.832075561952024	-2570.7068222971	-410.248708483006	-409.47563317236	-0.573322087525745	3620.86761520167	46.9409230895453	113.8574975137	1.40509959331145
1.80399999999991	-479.539912785787	427.093916599389	400.252666705509	-0.431822895246514	-4348.82840947692	-333.726365033304	-360.09185259552	-0.933413940121265	4828.36832226271	-93.3675515660515	-29.724243118054	1.37537535019339
1.80499999999991	-442.496799091679	449.073119510249	439.926046950678	0.00810315170416431	-4648.86107702931	-224.536559765878	-282.247062403256	-1.21566100252452	5091.35787612099	-224.536559744336	-168.430729031746	1.20694462116165
1.80599999999991	-20.324712933817	427.09391660706	440.767608248261	0.448870759952425	-3890.39485429211	-93.3675515903331	-164.08725903108	-1.3797482615556	3910.71956722593	-333.726365016694	-277.12041032906	0.929824210832588
1.80699999999991	1376.84878833679	363.307785408081	397.554310952446	0.846425070904871	-2967.77550995128	46.9409230648573	-21.1723715934726	-1.40092063314907	1590.92672161449	-410.24870847291	-356.057396124173	0.573766814708415
1.80799999999991	3470.74139337556	263.958556859176	304.919345876226	1.1513444167811	-2626.41261867089	182.654493113818	117.278393152896	-1.28364223999618	-844.328774704671	-446.613049972972	-416.158977507016	0.157607837201398
1.80899999999991	5260.33660078317	138.771225657489	187.084678649336	1.33842909543043	-2984.8646956709	300.488568748113	244.895417006203	-1.03874682298998	-2275.47190511226	-439.259794405591	-441.755697849076	-0.284147860647678
1.80999999999991	5682.94677250741	1.25165087183632E-08	64.1561091325489	1.40258520456298	-3243.34191010154	388.908729646353	351.137320180351	-0.687609502809625	-2439.60486240587	-388.908729658869	-418.051930529499	-0.702199791177177
1.81099999999991	4532.69529775161	-138.77122563373	-61.7762512780975	1.34080895328488	-2371.16843461059	439.259794400397	418.155043057631	-0.269454459751993	-2161.52686314103	-300.488568766678	-346.465875996154	-1.04866566717333
1.81199999999991	2564.49293631598	-263.958556838965	-193.707090157883	1.147101863127	-101.929047096937	446.613049975584	433.325293272619	0.163870833520626	-2462.56388921905	-182.65449313664	-242.59580134217	-1.2912614685155
1.81299999999991	1056.23011225994	-363.307785393397	-315.068295624493	0.832033567502507	2565.061679039	410.248708483071	409.473117930221	0.573343951450847	-3621.29179129895	-46.9409230897024	-113.854349773062	-1.40511581828856
1.81399999999991	486.525999848864	-427.09391659934	-400.261250287592	0.431772317214915	4339.09520345647	333.72636503341	360.122007268153	0.933465958719	-4825.62120330533	93.367551565897	29.7034556918725	-1.37541236259669
1.81499999999991	444.893226980571	-449.073119510249	-439.913640904943	-0.00814132369002791	4648.52992770817	224.536559765971	282.173220341188	1.21563917906019	-5093.42315468874	224.536559744243	168.446516202558	-1.20696584639413
1.81599999999991	22.6671477943228	-427.093916607109	-440.744672963349	-0.448885996653376	3892.15979729708	93.3675515904877	164.097011285326	1.37973619034551	-3914.8269450914	333.726365016588	277.158648444722	-0.92980719794941
1.81699999999991	-1380.66204666603	-363.307785408174	-397.45966167989	-0.846345658333266	2969.81249647543	-46.9409230647002	21.224232623136	1.40096042296865	-1589.1504498094	410.248708472845	356.074294539827	-0.573732903409583
1.81799999999991	-3472.02344523888	-263.958556859303	-304.988353528737	-1.151334011862	2627.54691324764	-182.654493113673	-117.327012155645	1.283633410813	844.476531991239	446.613049972956	416.115335447426	-0.157617567962157
1.81899999999991	-5256.54392368932	-138.771225657639	-187.08659848163	-1.33842061034363	2988.78395222333	-300.488568747995	-244.883079651049	1.03875033116196	2267.75997146599	439.259794405623	441.839760695981	0.284222192733823
1.81999999999991	-5684.09040654083	-1.26234738218045E-08	-64.1967040756288	-1.40261731441926	3244.64704094516	-388.9087296463	-351.193522895881	0.687556808266075	2439.44336559566	388.908729658923	417.93284164597	0.702155034379793
1.82099999999991	-4531.49039569855	138.771225633579	61.802367850651	-1.34081494656861	2368.52152038848	-439.259794400364	-418.087823885969	0.269468984380106	2162.96887531007	300.488568766795	346.496544133524	1.04865157851332
1.82199999999991	-2561.95998955533	263.958556838837	193.702703078255	-1.14711224349036	98.2155323279619	-446.6130499756	-433.311926838941	-0.163842942458835	2463.74445722737	182.654493136784	242.601953158137	1.29125353167145
1.82299999999991	-1057.2176793245	363.307785393304	315.092034370169	-0.832020209120186	-2565.57462410111	-410.248708483135	-409.491605043726	-0.573334547502561	3622.79230342561	46.9409230898595	113.852972318243	1.4051065039897
1.82399999999991	-482.141382775672	427.093916599291	400.175423505035	-0.431844785615151	-4346.04112154869	-333.726365033516	-360.128988121176	-0.933463535623737	4828.18250432436	-93.3675515657424	-29.7615186992615	1.37534498529044
1.82499999999991	-438.450125467682	449.073119510249	439.940100780759	0.00809531516560799	-4650.35287950778	-224.536559766108	-282.162232399376	-1.21562576802311	5088.80300497546	-224.536559744106	-168.357365047275	1.20698762024316
1.82599999999991	-16.2909552754245	427.093916607158	440.712977648966	0.448808292814574	-3895.58007965762	-93.3675515906421	-164.114773069945	-1.37974054109306	3911.87103493305	-333.726365016482	-277.197005685278	0.929790614557882
1.82699999999991	1378.27832525289	363.307785408266	397.582434348307	0.846390727162881	-2970.48833308505	46.940923064543	-21.1741363630837	-1.40091467745614	1592.21000783215	-410.248708472781	-356.046310848823	0.573744303709059
1.82799999999991	3473.72837021379	263.958556859431	304.961049622613	1.15135177678549	-2627.33047445347	182.654493113529	117.320352626416	-1.28359432482973	-846.397895760316	-446.613049972939	-416.084328010536	0.157659975698523
1.82899999999991	5258.84039761786	138.771225657789	187.052918679467	1.33840469546496	-2989.51481219691	300.488568747878	244.86036877455	-1.03873395605518	-2269.32558542095	-439.259794405657	-441.870245002467	-0.284210269303944
1.82999999999991	5680.08172991574	1.27814558936734E-08	64.1945828042258	1.40259927826919	-3240.60290063116	388.90872964622	351.11854880651	-0.687615407248667	-2439.47882928458	-388.908729659002	-417.985713344993	-0.702195982648937
1.83099999999991	4528.72549435016	-138.771225633478	-61.7665679702342	1.34083271029895	-2369.62836349742	439.259794400341	418.162859108774	-0.269452548139892	-2159.09713085274	-300.488568766875	-346.480351910956	-1.04867633455989
1.83199999999991	2562.51661026307	-263.958556838709	-193.722050021143	1.14711066027781	-102.712262103041	446.613049975617	433.336786199193	0.163884238059301	-2459.80434816003	-182.654493136928	-242.602472379071	-1.29127880693896
1.83299999999991	1052.11802857899	-363.307785393211	-315.021620669626	0.832089039608184	2567.11383706994	410.2487084832	409.485970100371	0.573370208159671	-3619.23186564893	-46.9409230900167	-113.819403427849	-1.40509821036681
1.83399999999991	474.451343765785	-427.093916599242	-400.24435148847	0.431844688119714	4348.14565236544	333.726365033621	360.035967607874	0.933406175767545	-4822.59699613123	93.3675515655879	29.6578214861225	-1.37544038888069
1.83499999999991	438.588425684502	-449.073119510249	-439.961907182735	-0.0081172190630208	4655.49169422928	224.536559766245	282.168165284376	1.21557434105192	-5094.08011991379	224.53655974397	168.454811965221	-1.20698557691547
1.83599999999991	18.7189993295282	-427.093916607191	-440.705058951614	-0.448822278014635	3896.28633796543	93.3675515907467	164.16548114335	1.37973982219527	-3915.00533729496	333.726365016411	277.208322227799	-0.92977725468767
1.83699999999991	-1379.88106044954	-363.307785408359	-397.525321046886	-0.846347599061521	2970.39570268579	-46.9409230643859	21.2103736142555	1.40095019580953	-1590.51464223624	410.248708472717	356.046566333977	-0.573730688353694
1.83799999999991	-3472.36820348632	-263.958556859559	-304.989449844184	-1.15133704890571	2630.0244769048	-182.654493113384	-117.348245512482	1.28360195029705	842.343726581517	446.613049972923	416.112803664435	-0.157617884689259
1.83899999999991	-5260.61599383249	-138.77122565794	-187.048864152191	-1.3383859130579	2993.04097972293	-300.488568747761	-244.883481450364	1.03871846884668	2267.57501410956	439.259794405689	441.840286276838	0.284222401587579
1.83999999999991	-5685.7426413135	-1.29394805981065E-08	-64.2087262631204	-1.40259463932102	3247.46570922734	-388.908729646141	-351.183419904943	0.687535048941738	2438.27693208616	388.908729659081	417.941864925127	0.702164266512706
1.84099999999991	-4528.53688585947	138.771225633327	61.797874435753	-1.34079676488526	2363.39341427718	-439.259794400309	-418.010247695444	0.269524801246294	2165.1434715823	300.488568766992	346.500303796523	1.04866457030923
1.84199999999991	-2563.88862794323	263.958556838581	193.707892957343	-1.14708887192792	98.3773170698923	-446.613049975633	-433.371255384045	-0.163846454137751	2465.51131087334	182.654493137073	242.577525761786	1.29124209607101
1.84299999999991	-1050.16078880572	363.307785393118	315.013310741137	-0.832075561186784	-2570.70682128091	-410.248708483263	-409.475632569636	-0.573322086707387	3620.86761008663	46.9409230901738	113.857498066501	1.40509959413752
1.84399999999991	-479.539904279611	427.093916599194	400.252666579918	-0.431822894606867	-4348.82840913687	-333.726365033727	-360.091852685749	-0.933413939393136	4828.36831341648	-93.3675515654333	-29.7242431841977	1.37537535095332
1.84499999999991	-442.496783649136	449.073119510249	439.926046543311	0.00810315193644427	-4648.86106667848	-224.536559766381	-282.247062827934	-1.21566100222107	5091.35785032762	-224.536559743833	-168.430729270797	1.20694462168252
1.84599999999991	-20.3247106329121	427.093916607255	440.767607444853	0.448870759381297	-3890.39484778465	-93.3675515909513	-164.087259895175	-1.37974826211625	3910.71955841756	-333.726365016271	-277.120411315452	0.929824210367069
1.84699999999991	1376.84878538428	363.307785408452	397.554310641352	0.846425070022649	-2967.77550753341	46.9409230642287	-21.1723719151566	-1.4009206340314	1590.92672214914	-410.248708472652	-356.057396528009	0.573766813839059
1.84799999999991	3470.74139804249	263.958556859687	304.919346204104	1.15134441622675	-2626.4126145954	182.65449311324	117.278393517333	-1.28364224051407	-844.328783447089	-446.613049972906	-416.158977067799	0.15760783677126
1.84899999999991	5260.33658982568	138.77122565809	187.084679726709	1.33842909595346	-2984.86468453572	300.488568747643	244.895417930925	-1.03874682258314	-2275.47190528996	-439.259794405722	-441.755696928263	-0.284147860157002
1.84999999999991	5682.94674307861	1.30974626699754E-08	64.1561096600709	1.40258520561353	-3243.3418990182	388.908729646062	351.137320573732	-0.687609502009412	-2439.6048440604	-388.90872965916	-418.051930255312	-0.702199790412315
1.85099999999991	4532.6952822899	-138.771225633128	-61.7762515463471	1.34080895406719	-2371.16842967604	439.259794400265	418.155042905184	-0.269454459104228	-2161.52685261386	-300.488568767148	-346.465876140829	-1.04866566655314
1.85199999999991	2564.49293727957	-263.958556838453	-193.707091075817	1.14710186299137	-101.929048313183	446.61304997565	433.325292496188	0.163870833391959	-2462.56388896639	-182.654493137217	-242.595802093972	-1.29126146864712
1.85299999999991	1056.23011095157	-363.307785393025	-315.068296153093	0.832033566838276	2565.06167410012	410.248708483328	409.473117412024	0.573343950803983	-3621.29178505169	-46.9409230903309	-113.854350357764	-1.40511581900488
1.85399999999991	486.525993723419	-427.093916599145	-400.261250306454	0.431772316531822	4339.09520401002	333.726365033833	360.122007181922	0.933465957985905	-4825.62119773344	93.3675515652788	29.7034556410636	-1.37541236336382
1.85499999999991	444.893214155309	-449.073119510249	-439.913640396273	-0.00814132386445109	4648.52991803134	224.536559766563	282.173220870887	1.21563917885679	-5093.42313218665	224.536559743652	168.446516547131	-1.20696584681668
1.85599999999991	22.667156896508	-427.093916607304	-440.744672272003	-0.448885996136454	3892.15978473088	93.3675515911058	164.097012142148	1.37973619099894	-3914.82694162739	333.726365016165	277.158649394268	-0.929807197422416
1.85699999999991	-1380.6620384073	-363.307785408545	-397.459661459263	-0.846345657595717	2969.81249260413	-46.9409230640716	21.2242327904626	1.4009604237894	-1589.15045419684	410.248708472588	356.074294809842	-0.573732902612574
1.85799999999991	-3472.02345183594	-263.958556859815	-304.988353704427	-1.15133401130014	2627.54691216991	-182.654493113096	-117.327012443061	1.28363341134634	844.476539666033	446.61304997289	416.115335097391	-0.157617567515183
1.85899999999991	-5256.54392482937	-138.77122565824	-187.086599372304	-1.33842061067245	2988.78394893617	-300.488568747526	-244.883080491842	1.0387503308545	2267.75997589319	439.259794405755	441.839759857782	0.284222192342598
1.85999999999991	-5684.09037135292	-1.33065611862548E-08	-64.1967046985201	-1.40261731537097	3244.6470107802	-388.908729645958	-351.193523093591	0.687556807760907	2439.44336057272	388.908729659265	417.932841327953	0.702155033670551
1.86099999999991	-4531.49037853014	138.771225632978	61.8023679578148	-1.34081494741315	2368.52150627019	-439.259794400232	-418.087823976963	0.269468983783944	2162.96887225995	300.488568767265	346.496544125741	1.04865157779629
1.86199999999991	-2561.95998445008	263.958556838326	193.702703956649	-1.1471122434565	98.2155326553444	-446.613049975666	-433.31192612353	-0.163842942339585	2463.74445179473	182.654493137361	242.601953981806	1.2912535317781
1.86299999999991	-1057.21767628579	363.307785392932	315.09203491819	-0.832020208538314	-2565.57462452175	-410.248708483392	-409.491604502123	-0.573334546841708	3622.79230080754	46.9409230904881	113.852972839331	1.40510650461743
1.86399999999991	-482.141373254313	427.09391659908	400.175423539647	-0.431844784998667	-4346.04112158974	-333.726365033973	-360.128988044206	-0.933463534885914	4828.18249484406	-93.3675515650743	-29.7615185719207	1.37534498604551
1.86499999999991	-438.450123328948	449.073119510249	439.940100220457	0.00809531522179046	-4650.35284769134	-224.536559766699	-282.162233218558	-1.21562576810447	5088.80297102029	-224.536559743515	-168.357365484007	1.2069876205615
1.86599999999991	-16.2909571467104	427.093916607353	440.712977027781	0.448808292249572	-3895.58006982453	-93.3675515912603	-164.114773584629	-1.3797405416891	3911.87102697124	-333.726365016059	-277.197006490942	0.92979061407056
1.86699999999991	1378.2783183229	363.307785408638	397.582434284487	0.846390726534059	-2970.488340762	46.9409230639145	-21.1741363496538	-1.40091467803875	1592.2100224391	-410.248708472524	-356.046311094889	0.573744302975671
1.86799999999991	3473.72836240545	263.958556859942	304.961049982076	1.15135177651613	-2627.33047280884	182.654493112951	117.320352916845	-1.28359432512191	-846.397889596608	-446.613049972873	-416.084327610293	0.157659975365377
1.8689999999999	5258.8403931332	138.771225658439	187.052919274018	1.33840469579015	-2989.51479893241	300.48856874737	244.860369308322	-1.03873395581359	-2269.32559420079	-439.259794405798	-441.870244292362	-0.284210268926984
1.8699999999999	5680.0816924226	1.34645148364143E-08	64.1945833813538	1.40259927917151	-3240.60286719052	388.908729645879	351.118549018615	-0.687615406794972	-2439.47882523208	-388.908729659343	-417.985713073725	-0.702195982000709
1.8709999999999	4528.7254794583	-138.771225632828	-61.7665681321611	1.34083271103934	-2369.62835917648	439.2597944002	418.16285926082	-0.269452547534153	-2159.09712028182	-300.488568767382	-346.480351984632	-1.04867633398534
1.8719999999999	2562.5166129843	-263.958556838198	-193.722050923743	1.1471106601156	-102.712263673823	446.613049975683	433.336785444842	0.163884237910689	-2459.80434931048	-182.654493137506	-242.602473097667	-1.29127880708301
1.8729999999999	1052.11802378302	-363.307785392839	-315.021621052607	0.832089039062994	2567.11383875848	410.248708483456	409.48596964685	0.57337020755754	-3619.2318625415	-46.9409230906453	-113.819403889016	-1.40509821097202
1.8739999999999	474.451336642695	-427.093916599032	-400.244351420685	0.431844687642309	4348.14566177638	333.726365034078	360.035967605526	0.933406175163066	-4822.59699841908	93.3675515649197	29.6578215700187	-1.37544038940201
1.8749999999999	438.588426397035	-449.073119510249	-439.961906826636	-0.00811721918432646	4655.49167127824	224.536559766836	282.168165902663	1.21557434106573	-5094.08009767527	224.536559743378	168.45481220675	-1.20698557719526
1.8759999999999	18.7189957606446	-427.093916607402	-440.705058266194	-0.44882227745052	3896.28632284052	93.3675515914149	164.165481758871	1.3797398228246	-3915.00531860116	333.726365015954	277.208322898333	-0.929777254296922
1.8769999999999	-1379.88106427731	-363.307785408731	-397.525320935714	-0.846347598386235	2970.39570159104	-46.9409230637573	21.2103736357303	1.40095019646033	-1590.51463731373	410.24870847246	356.046566525665	-0.573730687771257
1.8779999999999	-3472.3682082745	-263.958556860071	-304.989450111489	-1.15133704849772	2630.02447908728	-182.654493112807	-117.348245808331	1.283601950652	842.343729187212	446.613049972857	416.112803402597	-0.15761788436866
1.8789999999999	-5260.61597763653	-138.771225658541	-187.048865049637	-1.33838591354736	2993.04096528255	-300.488568747291	-244.883482097971	1.03871846855403	2267.57501235398	439.259794405821	441.840285546431	0.284222401177771
1.8799999999999	-5685.74260852006	-1.36225537517021E-08	-64.2087266693856	-1.40259464021675	3247.46568799805	-388.9087296458	-351.183420139995	0.687535048414033	2438.27692052202	388.908729659422	417.941864704484	0.702164265882255
1.8809999999999	-4528.53687034306	138.771225632678	61.7978746410683	-1.34079676557568	2363.39341174707	-439.259794400167	-418.010247706192	0.269524800707841	2165.14345859599	300.4885687675	346.500303916373	1.04866456979863
1.8819999999999	-2563.88863944154	263.95855683807	193.707893926194	-1.14708887164948	98.3773295947237	-446.613049975699	-433.371254688339	-0.163846453980498	2465.51130984682	182.65449313765	242.577526483338	1.29124209628197
1.8829999999999	-1050.16078500417	363.307785392746	315.01331102632	-0.832075560623164	-2570.70682110314	-410.24870848352	-409.475632109728	-0.573322086090226	3620.8676061073	46.9409230908024	113.857498470311	1.40509959475228
1.8839999999999	-479.539896704952	427.093916598998	400.252666477442	-0.431822894145721	-4348.8284091355	-333.72636503415	-360.091852760218	-0.933413938850444	4828.36830584046	-93.3675515648151	-29.7242432329294	1.37537535151935
1.8849999999999	-442.496769228617	449.073119510249	439.926046295033	0.00810315214931113	-4648.86105702108	-224.536559766973	-282.247063092049	-1.21566100194249	5091.3578262497	-224.536559743241	-168.43072935528	1.20694462216407
1.8859999999999	-20.3247081299135	427.093916607451	440.76760682492	0.448870758974231	-3890.39484240226	-93.3675515915694	-164.087260564796	-1.37974826250729	3910.71955053217	-333.726365015848	-277.120412106111	0.929824210057955
1.8869999999999	1376.84878262283	363.307785408824	397.554310377044	0.846425069351275	-2967.77550579578	46.9409230636002	-21.1723721924393	-1.40092063469973	1590.92672317295	-410.248708472396	-356.057396882552	0.573766813175403
1.8879999999999	3470.74140311034	263.958556860198	304.919346408128	1.1513444157594	-2626.41261124827	182.654493112663	117.278393759947	-1.28364224093978	-844.328791862064	-446.61304997284	-416.158976750101	0.157607836425302
1.8889999999999	5260.33658048431	138.771225658691	187.08468058806	1.33842909634746	-2984.86467445158	300.488568747174	244.895418650336	-1.03874682228945	-2275.47190603274	-439.259794405853	-441.75569620938	-0.284147859784078
1.8899999999999	5682.94671604502	1.37805216127163E-08	64.1561100911734	1.40258520643864	-3243.34188886762	388.908729645721	351.137320876225	-0.687609501413221	-2439.60482717741	-388.908729659502	-418.051930065415	-0.702199789849492
1.8909999999999	4532.69526879852	-138.771225632527	-61.776251746763	1.34080895469187	-2371.16842588788	439.259794400134	418.155042820714	-0.269454458592507	-2161.52684291065	-300.488568767617	-346.465876222981	-1.04866566607247
1.8919999999999	2564.49293850069	-263.958556837942	-193.707091789765	1.14710186290211	-101.929049484928	446.613049975715	433.325291905733	0.163870833313226	-2462.56388901576	-182.654493137794	-242.595802655426	-1.2912614687279
1.8929999999999	1056.23010987633	-363.307785392654	-315.068296547956	0.832033566354153	2565.06167025934	410.248708483585	409.473117020442	0.573343950333667	-3621.29178013567	-46.9409230909595	-113.854350801747	-1.40511581952965
1.8939999999999	486.525988174117	-427.09391659895	-400.261250335144	0.431772316019008	4339.09520511417	333.726365034256	360.122007091444	0.933465957425111	-4825.62119328829	93.3675515646606	29.7034555819782	-1.37541236394767
1.8949999999999	444.893201969845	-449.073119510249	-439.913640038737	-0.00814132401972898	4648.52990862979	224.536559767066	282.173221251762	1.21563917867687	-5093.42311059963	224.536559743149	168.446516740285	-1.20696584720738
1.8959999999999	22.6671651992951	-427.0939166075	-440.744671750443	-0.448885995770172	3892.15977355845	93.367551591724	164.097012812167	1.37973619148904	-3914.82693875775	333.726365015742	277.158650162967	-0.929807197044416
1.8969999999999	-1380.66203045378	-363.307785408917	-397.459661280676	-0.846345657050848	2969.81248952739	-46.9409230634431	21.2242329220202	1.40096042441106	-1589.15045907361	410.248708472331	356.074295040336	-0.573732902004079
1.8979999999999	-3472.0234584444	-263.958556860326	-304.988353774264	-1.15133401082511	2627.54691156848	-182.654493112518	-117.32701262111	1.28363341178995	844.476546875915	446.613049972824	416.115334855067	-0.157617567149013
1.8989999999999	-5256.54392716156	-138.771225658841	-187.086600064027	-1.33842061088914	2988.78394623306	-300.488568747056	-244.883081142436	1.03875033064751	2267.7599809285	439.259794405886	441.839759203698	0.284222192054686
1.8999999999999	-5684.09033885002	-1.38874867161576E-08	-64.1967052298333	-1.40261731611897	3244.64698268438	-388.908729645668	-351.193523220382	0.687556807427133	2439.44335616564	388.908729659555	417.932841090724	0.702155033145409
1.9009999999999	-4531.49036317043	138.771225632377	61.8023680114523	-1.34081494810752	2368.52149360923	-439.259794400101	-418.087824113697	0.269468983313436	2162.9688695612	300.488568767735	346.496544070532	1.04865157721594
1.9019999999999	-2561.95998003737	263.958556837814	193.702704648451	-1.14711224345907	98.2155330217269	-446.613049975732	-433.311925579248	-0.163842942265812	2463.74444701564	182.654493137939	242.60195462328	1.29125353183922
1.9029999999999	-1057.21767349157	363.307785392561	315.09203533563	-0.832020208123438	-2565.57462558481	-410.248708483649	-409.491604083885	-0.573334546349697	3622.79229907638	46.9409230911166	113.852973230582	1.4051065050698
1.9039999999999	-482.141364582892	427.093916598901	400.175423585942	-0.431844784537496	-4346.04112203963	-333.726365034361	-360.128987960996	-0.933463534310694	4828.18248662252	-93.367551564506	-29.7615184398601	1.37534498662994
1.9049999999999	-438.450121407109	449.073119510249	439.940099806533	0.00809531526903695	-4650.35281770925	-224.536559767203	-282.162233877809	-1.2156257681885	5088.80293911636	-224.536559743012	-168.357365776317	1.20698762085363
1.9059999999999	-16.2909586583754	427.093916607548	440.712976560042	0.448808291829079	-3895.5800611838	-93.3675515918785	-164.114773945639	-1.37974054213414	3911.87101984218	-333.726365015636	-277.197007132118	0.929790613721509
1.9069999999999	1378.27831194197	363.307785409009	397.582434247632	0.846390726076711	-2970.48834851273	46.9409230632859	-21.1741363147144	-1.40091467844886	1592.21003657076	-410.248708472267	-356.046311304176	0.573744302417332
1.9079999999999	3473.72835578094	263.958556860454	304.961050227273	1.15135177630398	-2627.33047151635	182.654493112374	117.320353099487	-1.28359432534937	-846.397884264585	-446.613049972807	-416.084327317204	0.157659975100128
1.9089999999999	5258.84038975022	138.771225658992	187.052919708346	1.33840469601233	-2989.51478679543	300.488568746939	244.860369687116	-1.03873395566225	-2269.32560295479	-439.259794405919	-441.870243747913	-0.284210268647785
1.9099999999999	5680.08165777648	1.40454545771718E-08	64.1945838688567	1.40259927988119	-3240.60283596036	388.908729645589	351.118549160951	-0.687615406501302	-2439.47882181612	-388.908729659634	-417.985712875542	-0.702195981523326
1.9109999999999	4528.7254663224	-138.771225632275	-61.7665682396042	1.34083271164158	-2369.62835583738	439.259794400079	418.162859453993	-0.26945254704731	-2159.09711048502	-300.488568767814	-346.480352008747	-1.04867633353207
1.9119999999999	2562.5166158253	-263.958556837686	-193.722051646485	1.1471106599951	-102.712265233662	446.613049975749	433.336784854007	0.163884237806697	-2459.80435059163	-182.654493138083	-242.602473650458	-1.29127880718253
1.9129999999999	1052.11801928047	-363.307785392468	-315.021621324038	0.83208903867106	2567.11384116233	410.248708483714	409.485969301397	0.573370207108094	-3619.2318604428	-46.9409230912738	-113.81940423139	-1.40509821141392
1.9139999999999	474.451330239267	-427.093916598852	-400.244351366161	0.431844687304898	4348.14567112496	333.726365034467	360.035967597791	0.933406174705886	-4822.59700136422	93.3675515643515	29.6578216417229	-1.3754403897722
1.9149999999999	438.588426917083	-449.073119510249	-439.961906595842	-0.0081172192909433	4655.4916493486	224.536559767339	282.168166382662	1.21557434108855	-5094.08007626568	224.536559742875	168.454812318583	-1.20698557745362
1.9159999999999	18.718992249888	-427.093916607581	-440.70505773122	-0.448822277022163	3896.28630908772	93.3675515919832	164.165482222785	1.37973982331133	-3915.0053013376	333.726365015565	277.208323424376	-0.92977725402924
1.9169999999999	-1379.88106797681	-363.307785409102	-397.525320851724	-0.846347597873887	2970.39570117279	-46.9409230631288	21.2103736346427	1.40095019694597	-1590.51463319599	410.248708472202	356.046566687113	-0.573730687342126
1.9179999999999	-3472.3682130833	-263.958556860582	-304.989450285733	-1.15133704815962	2630.02448154471	-182.65449311223	-117.348246009661	1.28360195093631	842.343731538596	446.613049972791	416.112803229554	-0.157617884112572
1.9189999999999	-5260.61596326477	-138.771225659142	-187.048865771076	-1.3383859139307	2993.04095196774	-300.488568746821	-244.883482587485	1.03871846834883	2267.57501129702	439.259794405952	441.840284973667	0.284222400861095
1.9199999999999	-5685.7425778949	-1.42035077033142E-08	-64.208727004589	-1.40259464093528	3247.46566814668	-388.90872964551	-351.183420309216	0.687535048039612	2438.27690974822	388.908729659713	417.941864550927	0.702164265412022
1.9209999999999	-4528.53685643102	138.771225632125	61.7978747955865	-1.3407967661397	2363.39340989029	-439.259794400046	-418.010247760756	0.269524800278856	2165.14344654072	300.488568767932	346.500303987026	1.04866456939905
1.9219999999999	-2563.88865067911	263.958556837559	193.707894723519	-1.14708887141618	98.3773415288138	-446.613049975766	-433.371254144169	-0.163846453865313	2465.51130915029	182.654493138227	242.577527048835	1.29124209644788
1.9229999999999	-1050.16078151401	363.307785392375	315.013311211052	-0.832075560205127	-2570.70682146852	-410.248708483778	-409.475631754048	-0.573322085619361	3620.86760298253	46.9409230914309	113.857498766291	1.40509959521417
1.9239999999999	-479.53988988619	427.093916598803	400.252666391537	-0.43182289381359	-4348.82840939425	-333.726365034573	-360.091852822881	-0.933413938442242	4828.36829928044	-93.3675515641969	-29.7242432696716	1.3753753519445
1.9249999999999	-442.496755751914	449.073119510249	439.926046159082	0.00810315234549195	-4648.86104808571	-224.536559767476	-282.247063242219	-1.21566100168446	5091.35780383763	-224.536559742738	-168.430729333829	1.20694462261067
1.9259999999999	-20.3247055134191	427.09391660763	440.767606338963	0.448870758684455	-3890.39483789081	-93.3675515921377	-164.087261092528	-1.37974826277699	3910.71954340423	-333.726365015459	-277.120412750766	0.929824209859908
1.9269999999999	1376.84878003038	363.307785409165	397.554310149062	0.846425068833517	-2967.77550454007	46.9409230630224	-21.1723724353345	-1.40092063521232	1590.92672450969	-410.248708472159	-356.057397197699	0.573766812662209
1.9279999999999	3470.74140835098	263.95855686071	304.919346525213	1.15134441535873	-2626.41260847075	182.654493112085	117.278393916524	-1.2836422412958	-844.328799880228	-446.613049972774	-416.158976519948	0.157607836142261
1.9289999999999	5260.33657242544	138.771225659292	187.084681288532	1.33842909664726	-2984.86466530712	300.488568746704	244.895419219109	-1.03874682207669	-2275.47190711832	-439.259794405985	-441.755695639082	-0.284147859496821
1.9299999999999	5682.94669112459	1.43615324077473E-08	64.1561104497912	1.40258520709705	-3243.34187949549	388.90872964543	351.137321111708	-0.687609500964982	-2439.6048116291	-388.908729659792	-418.051929935069	-0.70219978943189
1.9309999999999	4532.69525686049	-138.771225631975	-61.7762518979783	1.34080895519908	-2371.1684228889	439.259794400013	418.155042782983	-0.269454458181999	-2161.52683397159	-300.488568768049	-346.465876262055	-1.04866566569395
1.9319999999999	2564.49293988522	-263.958556837472	-193.70709235355	1.14710186284553	-101.92905062236	446.613049975777	433.325291451569	0.163870833269569	-2462.56388926286	-182.654493138325	-242.59580307896	-1.29126146877291
1.9329999999999	1056.2301090005	-363.307785392282	-315.068296846121	0.832033565999405	2565.0616672227	410.248708483842	409.473116720694	0.573343949990264	-3621.2917762232	-46.940923091588	-113.854351143242	-1.40511581991615
1.9339999999999	486.525983120526	-427.093916598754	-400.26125036929	0.431772315630115	4339.09520663595	333.726365034679	360.122006999818	0.933465956990082	-4825.62118975647	93.3675515640424	29.7034555193534	-1.37541236439679
1.9349999999999	444.893190367818	-449.073119510249	-439.913639789153	-0.00814132415903764	4648.52989958254	224.536559767613	282.173221525733	1.21563917851582	-5093.42308995036	224.536559742601	168.44651682687	-1.20696584756992
1.9359999999999	22.6671727903703	-427.093916607679	-440.744671352672	-0.448885995511709	3892.15976354522	93.3675515922923	164.097013344551	1.37973619186037	-3914.82693633559	333.726365015353	277.15865079654	-0.929807196773384
1.9369999999999	-1380.66202279755	-363.307785409258	-397.459661134263	-0.846345656645972	2969.81248703541	-46.9409230628653	21.2242330273402	1.40096042488771	-1589.15046423786	410.248708472095	356.074295240231	-0.573732901533153
1.9379999999999	-3472.02346496106	-263.958556860837	-304.988353771269	-1.15133401041724	2627.54691133538	-182.654493111941	-117.327012722491	1.28363341216521	844.476553625681	446.613049972758	416.115334689385	-0.157617566843768
1.9389999999999	-5256.54393020985	-138.771225659442	-187.086600608803	-1.33842061102604	2988.78394409332	-300.488568746586	-244.883081652921	1.03875033051229	2267.75998611652	439.259794406018	441.83975868729	0.284222191843523
1.9399999999999	-5684.09030872726	-1.45194860579068E-08	-64.1967056910053	-1.40261731671705	3244.64695649002	-388.908729645352	-351.193523297708	0.687556807214585	2439.44335223724	388.908729659871	417.932840909924	0.702155032753446
1.9409999999999	-4531.49034927836	138.771225631825	61.8023680280706	-1.34081494868898	2368.52148209567	-439.25979439998	-418.087824278139	0.269468982936446	2162.96886718269	300.488568768166	346.496543984272	1.04865157673772
1.9419999999999	-2561.95997620256	263.958556837344	193.702705202753	-1.14711224348623	98.2155334066532	-446.613049975793	-433.311925160004	-0.163842942223558	2463.7444427959	182.654493138469	242.601955131001	1.29125353186872
1.9429999999999	-1057.21767101502	363.307785392219	315.092035657946	-0.832020207828279	-2565.57462701313	-410.248708483886	-409.491603756679	-0.573334545980236	3622.79229802815	46.9409230916944	113.852973527297	1.40510650539602
1.9439999999999	-482.141356671926	427.093916598706	400.175423638861	-0.431844784189418	-4346.04112278217	-333.726365034784	-360.128987874596	-0.933463533854832	4828.1824794541	-93.3675515638878	-29.7615183070774	1.37534498708894
1.9449999999999	-438.450119662815	449.073119510249	439.940099498332	0.00809531530891346	-4650.35278952573	-224.53655976775	-282.162234417559	-1.21562576827239	5088.80290918855	-224.536559742464	-168.357365965988	1.20698762112295
1.9459999999999	-16.2909599056923	427.093916607728	440.71297620394	0.448808291512853	-3895.5800534776	-93.3675515924468	-164.114774197116	-1.37974054246951	3911.87101338329	-333.726365015248	-277.197007650918	0.929790613472032
1.9469999999999	1378.27830602268	363.307785409351	397.582434229952	0.846390725742806	-2970.48835617794	46.9409230627082	-21.1741362657261	-1.40091467873523	1592.21005015527	-410.248708472031	-356.046311484986	0.573744301987046
1.9479999999999	3473.72834998439	263.958556860924	304.961050394235	1.15135177613704	-2627.33047061978	182.654493111843	117.32035320957	-1.28359432552566	-846.397879364605	-446.613049972746	-416.084327100261	0.157659974886785
1.9489999999999	5258.84038718701	138.771225659593	187.052920023919	1.33840469616096	-2989.51477565677	300.488568746469	244.860369951676	-1.03873395557399	-2269.32561153024	-439.259794406051	-441.870243325809	-0.284210268439024
1.9499999999999	5680.08162564737	1.46775249731945E-08	64.1945842875009	1.40259928044846	-3240.60280677259	388.908729645273	351.118549253592	-0.687615406320395	-2439.47881887477	-388.90872965995	-417.985712730193	-0.702195981169217
1.9509999999999	4528.72545457027	-138.771225631674	-61.7665683086306	1.34083271213983	-2369.62835314235	439.259794399948	418.162859670665	-0.26945254664973	-2159.09710142791	-300.488568768284	-346.480351998923	-1.04867633316814
1.9519999999999	2562.51661865182	-263.958556837216	-193.722052235006	1.14711065990482	-102.712266712951	446.613049975809	433.336784383988	0.163884237734258	-2459.80435193887	-182.654493138614	-242.60247408213	-1.29127880725027
1.9529999999999	1052.11801509	-363.307785392126	-315.021621516102	0.832089038388722	2567.11384400448	410.248708483949	409.485969035014	0.573370206769272	-3619.23185909448	-46.9409230918516	-113.819404487783	-1.40509821173805
1.9539999999999	474.451324702307	-427.093916598657	-400.244351319202	0.43184468706952	4348.1456805472	333.72636503489	360.03596758859	0.933406174357861	-4822.59700524951	93.3675515637333	29.6578217113297	-1.37544039002672
1.9549999999999	438.588427280773	-449.073119510249	-439.961906454693	-0.00811721938517383	4655.49162843096	224.536559767887	282.168166760231	1.21557434111809	-5094.08005571173	224.536559742328	168.454812334154	-1.20698557769257
1.9559999999999	18.7189888377253	-427.093916607777	-440.705057307369	-0.448822276692543	3896.28629644665	93.3675515926013	164.165482576097	1.37973982369419	-3915.00528528438	333.726365015142	277.208323843687	-0.929777253848883
1.9569999999999	-1379.88107151749	-363.307785409444	-397.525320787823	-0.846347597480366	2970.3957012097	-46.940923062551	21.2103736178857	1.40095019731207	-1590.51462969221	410.248708471966	356.046566825453	-0.573730687023429
1.9579999999999	-3472.36821793549	-263.958556861052	-304.989450390078	-1.15133704787044	2630.0244840008	-182.654493111699	-117.348246139528	1.28360195117255	842.34373393469	446.61304997273	416.112803120988	-0.157617883902441
1.9589999999999	-5260.6159504867	-138.771225659694	-187.04886636539	-1.33838591423583	2993.04093965099	-300.488568746389	-244.883482966964	1.03871846820558	2267.57501083571	439.259794406073	441.840284513923	0.284222400611481
1.95999999999989	-5685.74254940294	-1.4835478623354E-08	-64.2087272861145	-1.40259464152195	3247.4656496441	-388.908729645193	-351.183420431875	0.687535047773707	2438.27689975884	388.908729660029	417.941864445194	0.702164265056676
1.96099999999989	-4528.53684381338	138.771225631524	61.7978749130865	-1.34079676660886	2363.39340854893	-439.259794399914	-418.010247842691	0.269524799931017	2165.14343526445	300.488568768401	346.500304025011	1.04866456908169
1.96199999999989	-2563.8886615542	263.958556837089	193.707895392026	-1.14708887121684	98.3773528719025	-446.613049975826	-433.371253711118	-0.163846453780101	2465.5113086823	182.654493138758	242.577527499377	1.29124209658106
1.96299999999989	-1050.16077828599	363.307785392034	315.013311324405	-0.83207555989243	-2570.70682218082	-410.248708484014	-409.475631475134	-0.573322085255235	3620.86760046681	46.9409230920087	113.857498984224	1.40509959556529
1.96399999999989	-479.539883758301	427.093916598624	400.252666318487	-0.431822893573943	-4348.82840981506	-333.726365034961	-360.091852876765	-0.933413938132	4828.36829357336	-93.3675515636287	-29.7242432984492	1.37537535226684
1.96499999999989	-442.496743155218	449.073119510249	439.926046101085	0.00810315252714192	-4648.8610398363	-224.536559768023	-282.247063312432	-1.21566100144443	5091.35778299152	-224.536559742191	-168.430729241161	1.20694462302568
1.96599999999989	-20.324702826451	427.093916607825	440.767605951368	0.44887075847851	-3890.39483406094	-93.367551592756	-164.087261515637	-1.37974826296007	3910.71953688739	-333.726365015036	-277.120413285384	0.929824209740293
1.96699999999989	1376.84877756651	363.307785409537	397.554309949895	0.846425068428405	-2967.7755035964	46.9409230623939	-21.1723726510207	-1.40092063561109	1590.9267260299	-410.248708471902	-356.057397481027	0.573766812259266
1.96799999999989	3470.7414136269	263.95855686118	304.919346581536	1.15134441500994	-2626.41260612762	182.654493111555	117.278394012732	-1.28364224159836	-844.328807499274	-446.613049972713	-416.158976352645	0.157607835906621
1.96899999999989	5260.33656538637	138.771225659845	187.084681868533	1.33842909687847	-2984.86465695566	300.488568746272	244.89541967661	-1.03874682192175	-2275.47190843071	-439.259794406106	-441.755695178641	-0.28414785927202
1.96999999999989	5682.94666806146	1.49935317494965E-08	64.1561107536075	1.40258520763208	-3243.34187080655	388.908729645115	351.137321298073	-0.687609500623675	-2439.60479725491	-388.908729660108	-418.051929847014	-0.702199789119034
1.97099999999989	4532.69524618039	-138.771225631374	-61.776252014043	1.34080895561804	-2371.16842052255	439.259794399882	418.155042777187	-0.269454457846488	-2161.52682565784	-300.488568768519	-346.465876272315	-1.04866566539135
1.97199999999989	2564.49294131273	-263.958556836961	-193.707092806097	1.14710186281194	-101.92905168084	446.613049975842	433.325291096669	0.163870833250181	-2462.56388963188	-182.654493138902	-242.595803401749	-1.2912614687931
1.97299999999989	1056.23010825892	-363.307785391941	-315.068297074473	0.832033565737468	2565.06166479745	410.248708484078	409.473116487823	0.573343949738004	-3621.29177305637	-46.9409230921658	-113.854351409964	-1.40511582020306
1.97399999999989	486.525978466798	-427.093916598575	-400.261250406068	0.4317723153314	4339.09520846398	333.726365035067	360.122006909166	0.93346595664717	-4825.62118693077	93.3675515634741	29.7034554559985	-1.37541236474706
1.97499999999989	444.893179327087	-449.073119510249	-439.913639616282	-0.00814132428488203	4648.52989092641	224.53655976816	282.17322172354	1.21563917837071	-5093.4230702535	224.536559742054	168.44651683996	-1.2069658479071
1.97599999999989	22.6671797551064	-427.093916607874	-440.744671045416	-0.448885995330298	3892.15975447421	93.3675515929104	164.097013774736	1.37973619214545	-3914.82693422931	333.726365014931	277.158651328114	-0.929807196578991
1.97699999999989	-1380.66201542247	-363.307785409629	-397.459661012724	-0.846345656343021	2969.81248495709	-46.9409230622367	21.2242331127901	1.40096042525824	-1589.15046953462	410.248708471838	356.074295416209	-0.573732901162782
1.97799999999989	-3472.02347127325	-263.958556861307	-304.988353719253	-1.15133401006227	2627.54691134727	-182.65449311141	-117.32701277095	1.28363341248729	844.476559925973	446.613049972697	416.115334577985	-0.157617566584797
1.97899999999989	-5256.54393384239	-138.771225659995	-187.086601044075	-1.33842061110635	2988.78394238496	-300.488568746155	-244.883082060452	1.03875033042683	2267.75999145743	439.259794406139	441.839758271364	0.284222191686567
1.97999999999989	-5684.09028073851	-1.51514711888012E-08	-64.1967060980839	-1.40261731720443	3244.64693200177	-388.908729645035	-351.193523340302	0.687556807086532	2439.44334873673	388.908729660187	417.932840770671	0.702155032457238
1.98099999999989	-4531.49033659323	138.771225631224	61.8023680201205	-1.34081494918431	2368.52147152363	-439.259794399849	-418.08782445753	0.269468982629002	2162.9688650696	300.488568768636	346.496543879599	1.04865157633684
1.98199999999989	-2561.95997280222	263.958556836833	193.70270565509	-1.14711224352922	98.2155338150212	-446.613049975859	-433.311924832466	-0.163842942203464	2463.7444389872	182.654493139047	242.601955540117	1.29125353187695
1.98299999999989	-1057.21766875632	363.307785391848	315.092035910473	-0.83202020761875	-2565.57462868378	-410.248708484142	-409.491603496281	-0.573334545699746	3622.7922974401	46.9409230923229	113.852973754796	1.40510650563175
1.98399999999989	-482.14134937317	427.09391659851	400.175423695248	-0.431844783923502	-4346.04112376942	-333.726365035207	-360.128987787336	-0.933463533487082	4828.18247314259	-93.3675515632696	-29.7615181764204	1.37534498745533
1.98499999999989	-438.450118083276	449.073119510249	439.940099266904	0.00809531534340203	-4650.35276303366	-224.536559768297	-282.162234868013	-1.21562576835509	5088.80288111693	-224.536559741917	-168.357366083238	1.20698762137209
1.98599999999989	-16.2909609170768	427.093916607923	440.712975928904	0.448808291272306	-3895.58004656322	-93.367551593065	-164.114774370185	-1.37974054272528	3911.87100748029	-333.726365014825	-277.197008078152	0.929790613293938
1.98699999999989	1378.27830052333	363.307785409722	397.582434225698	0.846390725498005	-2970.4883636485	46.9409230620796	-21.1741362080768	-1.40091467893336	1592.21006312517	-410.248708471773	-356.046311643452	0.573744301650487
1.98799999999989	3473.7283448202	263.958556861435	304.961050506393	1.1513517760044	-2627.33047001859	182.654493111266	117.320353269823	-1.28359432566353	-846.397874801611	-446.61304997268	-416.084326938053	0.157659974712434
1.98899999999989	5258.84038527865	138.771225660194	187.052920252941	1.33840469625734	-2989.51476542481	300.488568745999	244.860370134343	-1.03873395552919	-2269.32561985384	-439.259794406182	-441.870242993615	-0.284210268281181
1.98999999999989	5680.0815957878	1.53095385257984E-08	64.1945846530445	1.40259928091038	-3240.60277942441	388.908729644957	351.118549310892	-0.687615406218299	-2439.47881636339	-388.908729660266	-417.985712622387	-0.702195980903568
1.99099999999989	4528.72544395562	-138.771225631073	-61.7665683510586	1.34083271255933	-2369.62835094328	439.259794399816	418.162859899187	-0.269452546319112	-2159.09709301234	-300.488568768753	-346.480351967462	-1.04867633287103
1.99199999999989	2562.51662144044	-263.958556836705	-193.722052723434	1.14711065983589	-102.71226815936	446.613049975876	433.336784003473	0.163884237684362	-2459.80435328108	-182.654493139191	-242.602474424937	-1.29127880729597
1.99299999999989	1052.11801117928	-363.307785391725	-315.021621651406	0.832089038184485	2567.11384710215	410.248708484228	409.485968826046	0.573370206510407	-3619.23185828143	-46.9409230925309	-113.819404681513	-1.40509821197748
1.99399999999989	474.451319756198	-427.093916598461	-400.244351277426	0.431844686907059	4348.14568986952	333.726365035313	360.035967578674	0.933406174089081	-4822.59700962572	93.3675515631151	29.657821777973	-1.37544039019951
1.99499999999989	438.588427495264	-449.073119510249	-439.961906376381	-0.00811721946932238	4655.49160853798	224.536559768434	282.168167062785	1.21557434115187	-5094.08003603324	224.53655974178	168.454812284994	-1.20698557791451
1.99599999999989	18.718985551006	-427.093916607972	-440.705056965769	-0.448822276435091	3896.28628475919	93.3675515932195	164.165482848952	1.37973982400082	-3915.00527031019	333.726365014719	277.208324184277	-0.929777253730236
1.99699999999989	-1379.8810749	-363.307785409815	-397.525320738517	-0.846347597173608	2970.39570156988	-46.9409230619225	21.2103735904561	1.40095019759127	-1590.51462666988	410.248708471709	356.046566945965	-0.573730686784271
1.99799999999989	-3472.36822284478	-263.958556861604	-304.989450441964	-1.15133704761557	2630.0244863132	-182.654493111075	-117.348246215409	1.28360195137586	842.343736531589	446.613049972659	416.11280305913	-0.157617883725141
1.99899999999989	-5260.61593904237	-138.771225660344	-187.048866867401	-1.33838591448297	2993.0409282249	-300.488568745882	-244.883483269664	1.0387184681062	2267.57501081747	439.259794406215	441.840284136147	0.284222400411006
2	-5685.74235594321	1.74793512996985E-12	-64.2087271730156	-1.40259464166301	3247.46533421971	-388.908729652612	-351.183417064882	0.687535051002913	2438.2770217235	388.90872965261	417.941864956241	0.702164265412952
