"Time [s]"	"Current(Phase_A) [mA]"	"InputVoltage(Phase_A) [V]"	"InducedVoltage(Phase_A) [V]"	"FluxLinkage(Phase_A) [Wb]"	"Current(Phase_B) [mA]"	"InputVoltage(Phase_B) [V]"	"InducedVoltage(Phase_B) [V]"	"FluxLinkage(Phase_B) [Wb]"	"Current(Phase_C) [mA]"	"InputVoltage(Phase_C) [V]"	"InducedVoltage(Phase_C) [V]"	"FluxLinkage(Phase_C) [Wb]"
0	0	0	-55.8848216894115	-0	0	-487.903679018718	-306.654956138174	-0	0	487.903679018718	440.829127117628	-0
0.001	10564.1408032261	174.094810355438	42.3110578956946	0.0423110578956946	-36865.5844016751	-551.07137843285	-254.154169746215	-0.254154169746215	26301.443598449	376.976568077412	286.618622709092	0.286618622709092
0.002	30619.5780121291	331.148007683416	140.506937480801	0.182817995376495	-84764.2703046481	-560.296371785911	-201.653383354256	-0.455807553100472	54144.692292519	229.148364102494	132.408118300555	0.419026741009647
0.003	57373.2770920612	455.786130775503	205.594330034015	0.38841232541051	-127970.861794959	-514.675652454194	-217.017714336513	-0.672825267436985	70597.5847028982	58.8895216786914	11.5337795193379	0.430560520528985
0.004	89443.2032354707	535.808731738579	257.391491018827	0.645803816429337	-161057.41305284	-418.674894304133	-198.119438158567	-0.870944705595552	71614.2098173689	-117.133837434446	-72.0062729855423	0.358554247543442
0.005	125724.534993648	563.382640840131	257.377838208782	0.903181654638119	-181478.593763901	-281.691320420065	-162.22986581094	-1.03317457140649	55754.0587702535	-281.691320420065	-143.835591122588	0.214718656420854
0.006	164775.383638041	535.808731738579	218.824558562392	1.12200621320051	-188566.491014087	-117.133837434446	-93.6027337792551	-1.12677730518575	23791.1073760454	-418.674894304132	-185.4119575075	0.0293066989133546
0.007	199887.340742321	455.786130775503	182.486632668049	1.30449284586856	-182527.970008563	58.8895216786913	3.22320003122734	-1.12355410515452	-17359.3707337577	-514.675652454194	-218.422214468528	-0.189115515555173
0.008	224488.495345194	331.148007683416	129.240947507953	1.43373379337651	-167626.553074466	229.148364102494	112.099006959129	-1.01145509819539	-56861.9422707275	-560.29637178591	-287.187337664109	-0.476302853219282
0.009	236403.457937548	174.094810355438	68.1944747932919	1.5019282681698	-146682.710587899	376.976568077412	233.580500970674	-0.777874597224717	-89720.7473496485	-551.07137843285	-324.933628189883	-0.801236481409165
0.01	233202.072561129	-4.12114786740858E-13	0.97916109567997	1.50290742926548	-117415.689823222	487.903679018718	303.997694044396	-0.473876903180321	-115786.382737906	-487.903679018717	-314.631017165607	-1.11586749857477
0.011	215760.032665409	-174.094810355438	-74.5455262806707	1.42836190298481	-81742.229003708	551.07137843285	340.127218867033	-0.133749684313289	-134017.803661701	-376.976568077411	-263.399119852492	-1.37926661842726
0.012	189053.6295105	-331.148007683417	-155.60271304075	1.27275918994406	-41568.1456350338	560.296371785911	347.497585794571	0.213747901481283	-147485.483875466	-229.148364102494	-139.420428646206	-1.51868704707347
0.013	154805.819631412	-455.786130775504	-238.228904526224	1.03453028541784	-487.056864264702	514.675652454194	302.658868500445	0.516406769981728	-154318.762767148	-58.8895216786906	-19.2537138443722	-1.53794076091784
0.014	120103.091931975	-535.808731738579	-328.01339368917	0.70651689172867	31546.9540636346	418.674894304132	268.750290165084	0.785157060146812	-151650.045995609	117.133837434447	90.9672352462771	-1.44697352567157
0.015	88999.9142035705	-563.382640840131	-389.620852699583	0.316896039029087	47467.8965863181	281.691320420064	245.932848866852	1.03108990901366	-136467.810789889	281.691320420066	179.888197289913	-1.26708532838165
0.016	59504.6009108784	-535.808731738578	-389.626745866188	-0.0727307068371008	52160.5601077165	117.133837434445	158.278380809469	1.18936828982313	-111665.161018595	418.674894304133	258.24201788277	-1.00884331049888
0.017	33791.0175039136	-455.786130775502	-350.733193998516	-0.423463900835617	46518.9438021881	-58.8895216786927	49.5839583450204	1.23895224816815	-80309.9613061017	514.675652454195	317.852399527961	-0.690990910970922
0.018	12641.075370661	-331.148007683415	-295.281401754731	-0.718745302590348	35770.0330324062	-229.148364102495	-118.051472314486	1.12090077585367	-48411.1084030672	560.296371785911	342.875131352924	-0.348115779617998
0.019	-4087.53696524306	-174.094810355436	-165.886085362509	-0.884631387952857	25470.5599052594	-376.976568077413	-270.320444831246	0.850580331022421	-21383.0229400164	551.071378432849	386.675736859314	0.0385599572413162
0.02	-10138.3113587886	1.37845290737459E-12	-38.8156320467214	-0.923447019999579	12380.4437372739	-487.903679018718	-354.547452212904	0.496032878809516	-2242.13237848523	487.903679018717	414.284066822504	0.452844024063821
0.021	-6425.00462930731	174.094810355439	65.01750759498	-0.858429512404599	-3580.78318683804	-551.07137843285	-427.357868456294	0.0686750103532221	10005.7878161454	376.976568077411	354.040833322878	0.806884857386699
0.022	4704.0168309595	331.148007683418	200.649884907667	-0.657779627496932	-25609.0946263921	-560.296371785911	-396.94878545497	-0.328273775101748	20905.0777954326	229.148364102493	245.93431429367	1.05281917168037
0.023	16931.5634537836	455.786130775504	329.675459323903	-0.328104168173029	-48558.0373132486	-514.675652454194	-363.798270650625	-0.692072045752373	31626.4738594649	58.8895216786898	79.9829495779005	1.13280212125827
0.024	31399.3251213386	535.808731738579	388.332722502091	0.0602285543290622	-67835.0906775647	-418.674894304131	-330.961681018568	-1.02303372677094	36435.7655562261	-117.133837434447	-84.9987412613273	1.04780337999694
0.025	47232.2289734043	563.382640840131	425.648350155692	0.485876904484754	-79211.6470125522	-281.691320420064	-258.895598999222	-1.28192932577016	31979.4180391479	-281.691320420068	-199.067059645112	0.84873632035183
0.026	63529.211926091	535.808731738578	420.389982559931	0.906266887044684	-80857.7906375984	-117.133837434443	-161.431060812774	-1.44336038658294	17328.5787115074	-418.674894304134	-276.552638714601	0.572183681637229
0.027	83269.4668512959	455.786130775502	325.683648192962	1.23195053523765	-76744.9165186819	58.8895216786944	-36.7656820849163	-1.48012606866785	-6524.55033261402	-514.675652454196	-336.254130071792	0.235929551565437
0.028	103217.411011589	331.148007683414	217.202622598483	1.44915315783613	-75551.0800175234	229.148364102497	161.563542987059	-1.31856252568079	-27666.3309940654	-560.29637178591	-410.157976718272	-0.174228425152836
0.029	114327.185888715	174.094810355435	127.840392011374	1.5769935498475	-70267.8461431643	376.976568077414	297.614001122122	-1.02094852455867	-44059.3397455509	-551.071378432849	-448.01810206433	-0.622246527217166
0.03	115159.984386785	-2.75690581474919E-12	30.776171363359	1.60776972121086	-57726.0655021876	487.903679018719	384.342226130183	-0.636606298428488	-57433.9188845972	-487.903679018717	-417.575264560385	-1.03982179177755
0.031	105968.28571872	-174.09481035544	-72.8360662958953	1.53493365491497	-40187.538383796	551.07137843285	439.31304368731	-0.197293254741178	-65780.7473349242	-376.97656807741	-351.2601196646	-1.39108191144215
0.032	89305.0253299533	-331.148007683419	-176.472620101593	1.35846103481337	-18989.3489300557	560.29637178591	453.50295035374	0.256209695612562	-70315.6763998976	-229.148364102492	-232.20875701473	-1.62329066845688
0.033	72996.3917114842	-455.786130775505	-314.309260936195	1.04415177387718	5979.47855270164	514.675652454193	400.090014358733	0.656299709971295	-78975.8702641858	-58.8895216786878	-41.8229327573449	-1.66511360121423
0.034	58558.4300706776	-535.80873173858	-437.521787482457	0.606629986394721	23885.473836082	418.674894304129	350.217420506578	1.00651713047787	-82443.9039067596	117.133837434449	88.2170318607587	-1.57689656935347
0.035	43616.521103273	-563.382640840131	-475.376574688415	0.131253411706307	32498.6088905882	281.691320420062	293.328360761774	1.29984549123965	-76115.1299938612	281.691320420068	203.371762843196	-1.37352480651027
0.036	28530.6510814863	-535.808731738577	-467.600711791672	-0.336347300085365	34152.021181503	117.133837434442	183.599099835896	1.48344459107554	-62682.6722629892	418.674894304135	305.779868873306	-1.06774493763697
0.037	14688.4271883238	-455.786130775501	-422.692271039474	-0.759039571124839	29911.2494946711	-58.8895216786953	41.9652538506381	1.52540984492618	-44599.6766829949	514.675652454196	378.636471008906	-0.689108466628059
0.038	2057.05923500097	-331.148007683413	-335.957051796718	-1.09499662292156	24714.431155032	-229.148364102498	-139.973083646007	1.38543676128017	-26771.490390033	560.29637178591	429.044178738222	-0.260064287889837
0.039	-9106.56236686686	-174.094810355433	-187.168818902206	-1.28216544182376	21007.2736208161	-376.976568077415	-298.272824734622	1.08716393654555	-11900.7112539492	551.071378432849	469.713387029789	0.209649099139952
0.04	-13591.3846368934	4.77484718430787E-12	-50.9744425553664	-1.33313988437913	14715.4211935855	-487.90367901872	-401.994037463028	0.685169899082523	-1124.0365566921	487.903679018716	462.162377408244	0.671811476548196
0.041	-11247.2679155383	174.094810355443	72.6832594110425	-1.26045662496809	5558.1912174501	-551.071378432851	-477.006773064129	0.208163126018394	5689.07669808823	376.976568077408	386.895900570221	1.05870737711842
0.042	-4326.49551241822	331.14800768342	214.334946570757	-1.04612167839733	-7419.23755433722	-560.29637178591	-478.281357830565	-0.270118231812171	11745.7330667554	229.14836410249	263.642415820842	1.32234979293926
0.043	3315.4364604916	455.786130775506	359.772198518342	-0.686349479878989	-21386.1248889234	-514.675652454192	-436.695528588834	-0.706813760401005	18070.6884284318	58.8895216786859	108.870243033551	1.43122003597281
0.044	10267.4678329959	535.80873173858	455.193182003334	-0.231156297875654	-32490.5499458539	-418.674894304129	-387.344827026804	-1.09415858742781	22223.082112858	-117.13383743445	-64.0978195555177	1.36712221641729
0.045	17868.963262071	563.382640840131	493.137161457048	0.261980863581394	-38904.3093736207	-281.69132042006	-304.940326311188	-1.399098913739	21035.3461115497	-281.69132042007	-211.676427080778	1.15544578933651
0.046	26241.7859353998	535.808731738577	491.421648605729	0.753402512187123	-39206.318563805	-117.13383743444	-183.522843788203	-1.5826217575272	12964.5326284052	-418.674894304137	-310.863651346584	0.844582137989931
0.047	36298.1947558867	455.786130775499	420.267633630511	1.17367014581763	-35858.4713037122	58.8895216786983	-37.0960069888584	-1.61971776451606	-439.723452174533	-514.675652454197	-391.17141767098	0.453410720318951
0.048	50838.8694669526	331.148007683412	271.9637866289	1.44563393244653	-36901.5492346144	229.1483641025	155.931583669903	-1.46378618084615	-13937.3202323383	-560.296371785911	-466.449797015503	-0.0130390766965523
0.049	60483.2162592493	174.094810355431	157.286967848475	1.60292090029501	-36978.1023531717	376.976568077417	312.565701298029	-1.15122047954813	-23505.1139060776	-551.071378432848	-503.559585079851	-0.516598661776403
0.05	62301.5477599357	-5.6417093219352E-12	47.9956545733906	1.6509165548684	-31724.9715961151	487.903679018721	418.133774240213	-0.733086705307912	-30576.5761638206	-487.903679018715	-469.129149002604	-0.985727810779008
0.051	56561.2436849516	-174.094810355444	-68.2330309430401	1.58268352392536	-22339.1451601276	551.071378432851	486.476236071357	-0.246610469236555	-34222.098524824	-376.976568077406	-390.560078390022	-1.37628788916903
0.052	45158.805178882	-331.148007683421	-186.883353371167	1.39580017055419	-8660.52156916174	560.29637178591	498.702249806121	0.252091780569566	-36498.2836097202	-229.148364102488	-258.604641203632	-1.63489253037266
0.053	36466.913246267	-455.786130775507	-353.783422404134	1.04201674815006	6749.78182918199	514.675652454192	451.354499512207	0.703446280081773	-43216.695075449	-58.889521678684	-78.0441858922234	-1.71293671626489
0.054	29155.9390084684	-535.80873173858	-471.328360874316	0.570688387275742	18102.0184505813	418.674894304128	391.402886658698	1.09484916674047	-47257.9574590497	117.133837434452	73.7557852568098	-1.63918093100808
0.055	21965.2488962575	-563.382640840131	-516.955027650997	0.0537333596247454	23503.8351200811	281.691320420059	314.636538515005	1.40948570525548	-45469.0840163386	281.691320420072	215.315567953594	-1.42386536305448
0.056	13731.7336133036	-535.808731738577	-510.897713745354	-0.457164354120608	24365.620873273	117.133837434438	185.851264489095	1.59533696974457	-38097.3544865767	418.674894304138	325.648971916393	-1.09821639113809
0.057	5179.43671612652	-455.786130775498	-458.472478928467	-0.915636833049075	21576.0594405274	-58.8895216787002	29.6581160509246	1.6249950857955	-26755.4961566539	514.675652454198	405.871489791955	-0.692344901346133
0.058	-3238.11560745883	-331.14800768341	-348.146310908629	-1.2637831439577	18226.2270927098	-229.148364102501	-136.83522527978	1.48815986051572	-14988.111485251	560.296371785911	473.470192847746	-0.218874708498387
0.059	-10896.5733423201	-174.09481035543	-197.858153241181	-1.46164129719889	16192.1184740785	-376.976568077418	-296.160960471738	1.19199890004398	-5295.54513175837	551.071378432848	509.562817901848	0.290688109403461
0.06	-14093.8808228938	7.60280727263307E-12	-60.6470467710789	-1.52228834396996	13077.6330954423	-487.903679018721	-422.974290353165	0.769024609690812	1016.24772745148	487.903679018714	487.270703162562	0.777958812566023
0.061	-12273.2290751973	174.094810355446	75.0743820975019	-1.44721396187246	7315.07621904109	-551.071378432851	-500.348828405311	0.268675781285501	4958.15285615621	376.976568077405	403.831538040706	1.18179035060673
0.062	-7163.37211293022	331.148007683422	219.970209215661	-1.2272437526568	-1704.54896301368	-560.29637178591	-512.51882609521	-0.243843044809709	8867.92107594391	229.148364102487	271.396130798933	1.45318648140566
0.063	-1714.90212772948	455.786130775507	368.928525486869	-0.858315227169931	-11747.468484561	-514.675652454192	-472.318548639489	-0.716161593449198	13462.3706122905	58.8895216786841	114.944463830254	1.56813094523592
0.064	2684.84121763216	535.80873173858	478.772480073162	-0.37954274709677	-19293.3862658771	-418.674894304129	-411.227228829789	-1.12738882227899	16608.5450482449	-117.133837434452	-51.0604395434189	1.5170705056925
0.065	6840.26945888184	563.382640840131	525.478028282591	0.145935281185821	-23039.8518402136	-281.69132042006	-322.802167648827	-1.45019098992781	16199.5823813317	-281.691320420072	-208.505982968553	1.30856452272394
0.066	11832.5320926007	535.808731738577	523.777384753644	0.669712665939465	-23056.2534458672	-117.133837434439	-187.706273080551	-1.63789726300837	11223.7213532665	-418.674894304138	-324.633953952548	0.983930568771397
0.067	19577.0552226937	455.786130775498	450.463505845778	1.12017617178524	-22184.8434118199	58.8895216786991	-19.4196669720417	-1.65731692998041	2607.78818912619	-514.675652454198	-414.171481699059	0.569759087072337
0.068	28705.432906371	331.14800768341	313.35435854891	1.43353053033415	-21456.1704544265	229.1483641025	135.663427171361	-1.52165350280905	-7249.26245194456	-560.296371785911	-494.496529052071	0.0752625580202668
0.069	35875.2429580154	174.09481035543	181.441895668712	1.61497242600286	-21853.3690085152	376.976568077418	305.545938944403	-1.21610756386464	-14021.8739495002	-551.071378432848	-527.542121191598	-0.452279563171332
0.07	37558.6515967063	-7.47490958019625E-12	59.5039998029898	1.67447642580585	-19657.2070999542	487.903679018721	431.500196370577	-0.784607367494066	-17901.444496752	-487.903679018714	-495.095833378028	-0.94737539654936
0.071	33594.8935390204	-174.094810355446	-71.1621100735627	1.60331431573229	-13991.0643444396	551.071378432851	503.94665514377	-0.280660712350296	-19603.8291945808	-376.976568077405	-411.283510213754	-1.35865890676311
0.0720000000000001	26570.9398736032	-331.148007683422	-205.284422699008	1.39802989303328	-4173.61367306236	560.29637178591	521.522922395757	0.240862210045461	-22397.3262005408	-229.148364102487	-260.972212182587	-1.6196311189457
0.0730000000000001	20009.6891506204	-455.786130775508	-359.058958861948	1.03897093417133	6791.0466916074	514.675652454191	479.834070066519	0.720696280111981	-26800.7358422278	-58.8895216786822	-99.1250754536346	-1.71875619439934
0.0740000000000001	15651.743575594	-535.808731738581	-487.857791696278	0.551113142475057	14544.0979482858	418.674894304128	411.398680916433	1.13209496102841	-30195.8415238798	117.133837434454	58.0222607910426	-1.66073393360829
0.0750000000000001	11085.1191754161	-563.382640840131	-531.588361682806	0.0195247807922514	17786.2193588994	281.691320420059	327.605930497962	1.45970089152638	-28871.3385343155	281.691320420073	207.740431624182	-1.45299350198411
0.0760000000000001	6118.59820307132	-535.808731738576	-533.103374092012	-0.51357859329976	18560.323817162	117.133837434439	183.810258821797	1.64351115034817	-24678.9220202333	418.674894304138	334.365342649153	-1.11862815933496
0.0770000000000001	626.254326980392	-455.786130775498	-476.843364535541	-0.990421957835302	16666.4286745661	-58.8895216786991	24.975330313475	1.66848648066165	-17292.6830015465	514.675652454198	425.108300471914	-0.693519858863044
0.0780000000000001	-6033.81777043537	-331.148007683408	-352.941607416427	-1.34336356525173	14342.2590550322	-229.148364102502	-136.570758989916	1.53191572167173	-8308.44128459681	560.296371785912	492.835325289808	-0.200684533573236
0.0790000000000001	-11720.7851628733	-174.094810355428	-204.211641036	-1.54757520628773	12951.2285665607	-376.976568077419	-293.133173720457	1.23878254795127	-1230.44340368739	551.071378432847	529.69797252641	0.329013438953174
0.0800000000000001	-13968.1406139132	9.47864009503974E-12	-67.6316339810981	-1.61520684026883	11180.8202500734	-487.903679018723	-431.521067729788	0.807261480221487	2787.32036383979	487.903679018713	499.831241493231	0.828844680446405
0.0810000000000001	-12449.5418643125	174.094810355446	77.673649023501	-1.53753319124533	7171.41473530911	-551.071378432851	-510.611445024816	0.296650035196671	5278.12712900338	376.976568077405	413.392410702352	1.24223709114876
0.0820000000000001	-8095.92549606521	331.148007683425	222.990579125665	-1.31454261211966	-47.1429596491202	-560.29637178591	-526.638944965756	-0.229988909769085	8143.06845571433	229.148364102483	276.127907823389	1.51836499897215
0.0830000000000001	-3724.07989046416	455.786130775509	374.265441065312	-0.940277171054349	-8069.5550863328	-514.675652454191	-488.877140169568	-0.718866049938653	11793.634976797	58.8895216786802	119.299848506772	1.63766484747892
0.0840000000000001	-289.355215577316	535.808731738582	487.092261680184	-0.453184909374164	-13774.9870954001	-418.674894304127	-424.230482368144	-1.1430965323068	14064.3423109774	-117.133837434456	-43.4921209492842	1.59417272652963
0.0850000000000001	2398.05921480301	563.382640840131	538.933704772157	0.085748795397993	-16160.309332519	-281.691320420059	-332.078450716847	-1.47517498302364	13762.250117716	-281.691320420073	-205.788751802974	1.38838397472666
0.0860000000000001	6246.31875437942	535.808731738575	536.878085674405	0.622626881072398	-16813.1296050333	-117.133837434436	-183.051352196466	-1.65822633522011	10566.8108506539	-418.674894304141	-332.011371854732	1.05637260287193
0.0870000000000001	12140.7634570796	455.786130775497	465.662149544957	1.08828903061735	-16079.3336010423	58.889521678701	-20.9619667471361	-1.67918830196725	3938.57014396267	-514.675652454199	-426.871040661466	0.629501562210461
0.0880000000000001	18958.0244642811	331.148007683408	337.140931829245	1.4254299624466	-15180.5375858552	229.148364102502	136.797362116217	-1.54239093985103	-3777.4868784259	-560.296371785911	-504.432951593022	0.125068610617439
0.0890000000000001	24094.3064647751	174.094810355428	197.182258171792	1.62261222061839	-14723.9223185582	376.976568077419	294.808066053249	-1.24758287379778	-9370.38414621694	-551.071378432847	-539.212712216311	-0.414144101598872
0.0900000000000001	25260.7953065661	-1.1397105481592E-11	68.4171139544014	1.69102933457279	-13549.1879617873	487.903679018723	435.362814242034	-0.812220059555747	-11711.6073447789	-487.903679018712	-507.271145736081	-0.921415247334953
0.0910000000000001	23090.3659228447	-174.094810355448	-77.8556593054101	1.61317367526738	-9720.69131650876	551.071378432852	513.365001631779	-0.298855057923967	-13369.6746063359	-376.976568077403	-414.504880118635	-1.33592012745359
0.0920000000000001	17704.1831228767	-331.148007683425	-215.014476148385	1.398159199119	-1948.49165910589	560.29637178591	529.871787488707	0.23101672956474	-15755.6914637708	-229.148364102483	-269.924280862608	-1.6058444083162
0.0930000000000001	12684.6882197918	-455.786130775509	-367.464325376485	1.03069487374251	6585.05643925711	514.675652454191	493.090351802227	0.724107081366967	-19269.7446590489	-58.8895216786803	-110.074124970543	-1.71591853328674
0.0940000000000001	8908.28906037302	-535.808731738583	-489.063637996335	0.541631235746178	12347.0551655959	418.674894304124	424.247942368825	1.14835502373579	-21255.3442259689	117.13383743446	44.6497741838852	-1.67126875910285
0.0950000000000001	6004.9929547891	-563.382640840131	-541.301019036538	0.000330216709640063	14660.3097771303	281.691320420056	333.226323813234	1.48158134754903	-20665.3027319194	281.691320420077	207.094472677728	-1.46417428642513
0.0960000000000001	2642.67437357564	-535.808731738575	-544.223963688962	-0.543893746979322	15308.6297572084	117.133837434436	183.404076966081	1.66498542451511	-17951.3041307841	418.674894304139	337.96645651473	-1.1262078299104
0.0970000000000001	-2000.30975936814	-455.786130775497	-479.658659566486	-1.02355240654581	13808.0085896422	-58.8895216787009	25.1144297476356	1.69009985426274	-11807.698830274	514.675652454199	431.754666570503	-0.694453163339893
0.0980000000000001	-7604.07001381658	-331.148007683405	-357.61193501647	-1.38116434156228	12024.8383023905	-229.148364102506	-137.68676323765	1.55241309102509	-4420.76828857397	560.296371785912	502.320298629047	-0.192132864710846
0.0990000000000001	-12201.0702620316	-174.094810355426	-209.001571716088	-1.59016591327837	10931.5755809395	-376.97656807742	-292.284813004764	1.26012827802033	1269.49468109205	551.071378432847	539.068050610436	0.34693518589959
0.1	-13823.937390201	1.13402620627312E-11	-71.8822891506781	-1.66204820242904	9772.99232116664	-487.903679018723	-435.000760934147	0.825127517086183	4050.94506903434	487.903679018713	506.713710561194	0.853648896460784
0.101	-12395.0243939914	174.094810355448	79.4013266756897	-1.58264687575335	6585.04718697316	-551.071378432851	-514.293783316121	0.310833733770062	5809.97720701824	376.976568077403	418.921096867234	1.27256999332802
0.102	-8337.62607119198	331.148007683427	224.529275289592	-1.35811760046376	241.210558879731	-560.296371785909	-532.656196288167	-0.221822462518104	8096.41551231225	229.148364102483	279.34426078023	1.55191425410825
0.103	-4537.64744879665	455.786130775512	377.17570533076	-0.980941895133002	-6724.43042363787	-514.675652454189	-497.109904122252	-0.718932366640356	11262.0778724345	58.8895216786783	121.540794374946	1.67345504848319
0.104	-1546.05376939143	535.808731738582	490.721677659881	-0.490220217473121	-11505.0149424256	-418.674894304126	-430.724442577652	-1.14965680921801	13051.0687118171	-117.133837434456	-39.7300066134647	1.63372504186973
0.105	621.154043460062	563.382640840131	543.992824566216	0.0537726070930955	-13286.3549927714	-281.691320420055	-336.119844419668	-1.48577665363768	12665.2009493113	-281.691320420075	-203.760853979178	1.42996418789055
0.106	3716.6443046737	535.808731738575	543.158891645498	0.596931498738593	-13906.8888316017	-117.133837434434	-184.101028721225	-1.6698776823589	10190.244526928	-418.67489430414	-335.899768451904	1.09406441943865
0.107	8555.47247793696	455.786130775495	473.975408158157	1.07090690689675	-13077.2445577953	58.8895216787048	-22.782911807379	-1.69266059416628	4521.7720798583	-514.6756524542	-433.014258709011	0.661050160729635
0.108	14186.593970841	331.148007683407	349.980729309966	1.42088763620672	-12064.5898687344	229.148364102504	137.994994658597	-1.55466559950768	-2122.00410210661	-560.296371785911	-508.575543603399	0.152474617126237
0.109	18478.2990965512	174.094810355426	206.022078843781	1.6269097150505	-11461.0708364377	376.976568077422	293.492359494969	-1.26117324001271	-7017.22826011343	-551.071378432847	-543.565856453601	-0.391091239327365
0.11	19470.6166423306	-1.32729383039987E-11	72.3928159585918	1.69930253100909	-10580.6036913771	487.903679018725	436.185119264069	-0.824988120748645	-8890.01295095342	-487.903679018712	-511.151086599754	-0.902242325927119
0.111	17700.7229650771	-174.094810355451	-79.63304288205	1.61966948812704	-7444.71510905542	551.071378432852	515.004118101244	-0.309984002647401	-10256.0078560217	-376.976568077402	-419.394511523137	-1.32163683745026
0.112	13094.4755763481	-331.148007683428	-220.453195793889	1.39921629233315	-787.842667890896	560.296371785909	533.70850367437	0.22372450102697	-12306.6329084572	-229.148364102481	-276.176219379675	-1.59781305682993
0.113	8946.36584649347	-455.78613077551	-373.155063846163	1.02606122848699	6465.61964760103	514.675652454189	499.235634894191	0.72296013592116	-15411.9854940945	-58.8895216786804	-116.258443988902	-1.71407150081883
0.114	5704.58943637996	-535.808731738584	-491.216453915871	0.534844774571116	11261.4065732129	418.67489430412	430.532923602035	1.1534930595232	-16965.9960095929	117.133837434462	39.8010831533304	-1.6742704176655
0.115	3468.44631089472	-563.382640840131	-545.155579628894	-0.0103108050577772	12936.489600567	281.691320420052	337.16923931754	1.49066229884074	-16404.9359114617	281.691320420077	204.561875559418	-1.46970854210609
0.116	698.98150241823	-535.808731738574	-547.150003095414	-0.557460808153192	13500.8193487974	117.13383743443	184.648502561191	1.67531080140193	-14199.8008512156	418.674894304142	339.388807764466	-1.13031973434162
0.117	-3523.16187295886	-455.786130775496	-480.865020566076	-1.03832582871927	12211.1219815924	-58.8895216787047	25.2532850216827	1.70056408642361	-8687.96010863354	514.675652454199	435.058879515309	-0.695260854826311
0.118	-8523.02562905984	-331.148007683402	-360.559581599779	-1.39888541031905	10693.7632771831	-229.148364102511	-138.337302259945	1.56222678416366	-2170.73764812322	560.296371785912	507.171787512246	-0.188089067314065
0.119	-12531.4705553764	-174.094810355424	-212.373254357972	-1.61125866467702	9745.37801817211	-376.976568077423	-292.501548928324	1.26972523523534	2786.09253720426	551.071378432847	543.136993609892	0.355047926295827
0.12	-13767.3730839178	1.52482471094117E-11	-74.1141492879314	-1.68537281396495	8865.95029244525	-487.903679018726	-436.12917575267	0.833596059482671	4901.42279147258	487.903679018711	510.710930739462	0.865758857035289
0.121	-12309.3769855232	174.094810355453	80.0299385868555	-1.60534287537809	6019.35748719309	-551.071378432853	-515.326876883325	0.318269182599346	6290.01949833012	376.976568077401	421.871349589693	1.28763020662498
0.122	-8364.4314294358	331.14800768343	225.387312397289	-1.37995556298081	110.221499539623	-560.296371785909	-535.172042070635	-0.216902859471289	8254.20992989618	229.14836410248	281.431468821744	1.56906167544673
0.123	-4832.01321437155	455.786130775512	378.338650697916	-1.00161691228289	-6318.74888668163	-514.675652454188	-501.286342537164	-0.718189202008453	11150.7621010532	58.8895216786786	122.631834909015	1.69169351035574
0.124	-2047.67706099493	535.808731738583	492.727418405476	-0.508889493877413	-10589.2874716281	-418.674894304121	-433.834421930883	-1.15202362393934	12636.964532623	-117.13383743446	-37.1661016092084	1.65452740874653
0.125	-162.970851837175	563.382640840131	546.075121291112	0.0371856274136991	-11995.0334468217	-281.691320420051	-339.076492403671	-1.49110011634301	12158.0042986588	-281.691320420078	-202.986014508556	1.45154139423797
0.126	2564.76627400174	535.808731738575	545.848018721306	0.583033646135005	-12541.4217760987	-117.133837434432	-185.296344603636	-1.67639646094664	9976.65550209692	-418.67489430414	-337.763119952081	1.11377827428589
0.127	6864.27416021655	455.786130775495	478.152994827964	1.06118664096297	-11616.8085954068	58.8895216787067	-23.9751526142975	-1.70037161356094	4752.53443519028	-514.6756524542	-435.842416649499	0.677935857636394
0.128	11854.8137108492	331.148007683407	356.852708050833	1.4180393490138	-10509.9117081879	229.148364102505	138.541149372389	-1.56183046418855	-1344.90200266124	-560.296371785911	-510.508908252188	0.167426949384206
0.129	15686.0359231202	174.094810355422	211.276077256159	1.62931542626996	-9804.37994010502	376.976568077425	293.247053187383	-1.26858341100117	-5881.65598301522	-551.071378432847	-545.182025651177	-0.377755076266972
0.13	16575.2108933185	-1.31024080474162E-11	74.3256386151003	1.70364106488506	-9064.65057213647	487.903679018725	436.386634943412	-0.832196776057757	-7510.56032118202	-487.903679018712	-513.293021364544	-0.891048097631516
0.131	14931.4163713133	-174.094810355451	-80.0844820366862	1.62355658284838	-6233.02032283667	551.071378432852	515.468403793122	-0.316728372264635	-8698.39604847658	-376.976568077402	-422.100064746023	-1.31314816237754
0.132	10704.0146684199	-331.148007683428	-223.456825172236	1.40009975767614	-144.24695424986	560.296371785909	535.271939434793	0.218543567170158	-10559.7677141701	-229.148364102482	-279.838856238258	-1.5929870186158
0.133	6995.4938998389	-455.786130775513	-376.253511389405	1.02384624628673	6432.80675979862	514.675652454187	502.258466648472	0.720802033818631	-13428.3006596375	-58.8895216786766	-119.843145466307	-1.7128301640821
0.134	4065.72034274565	-535.808731738584	-492.757234278906	0.531089012007828	10693.8292730879	418.674894304121	433.807869618571	1.1546099034372	-14759.5496158336	117.133837434461	37.1041499215745	-1.67572601416053
0.135	2160.9223459471	-563.382640840131	-546.59828486725	-0.0155092728594214	12019.458443901	281.691320420052	339.808232124842	1.49441813556204	-14180.3807898481	281.691320420077	203.502859791455	-1.47222315436907
0.136	-392.970960589892	-535.808731738574	-547.768467769172	-0.563277740628593	12516.887130906	117.13383743443	185.747658897772	1.68016579445982	-12123.9161703161	418.674894304142	339.635231539001	-1.13258792283007
0.137	-4391.98746392611	-455.786130775494	-481.502835263269	-1.04478057589186	11331.1452525438	-58.8895216787086	25.3653954772799	1.7055311899371	-6939.15778861772	514.6756524542	436.693707420471	-0.695894215409602
0.138	-9061.00910594602	-331.148007683402	-362.272934122356	-1.40705351001422	9938.06740291994	-229.148364102511	-138.662372391525	1.56686881754557	-877.058296973926	560.296371785912	509.555151831834	-0.186339063577769
0.139	-12729.0119287755	-174.094810355424	-214.69503112858	-1.6217485411428	9040.45246917281	-376.976568077423	-292.786391163212	1.27408242638236	3688.55945960271	551.071378432847	544.898559590322	0.358559496012554
0.14	-13739.1842754913	1.50492951433989E-11	-75.253573416677	-1.69700211455947	8288.76163388744	-487.903679018726	-436.386191082976	0.837696235299384	5450.42264160389	487.903679018711	512.959991969976	0.871519487982529
0.141	-12235.4767847437	174.094810355453	80.130764130776	-1.6168713504287	5601.41050556317	-551.071378432853	-515.716506835089	0.321979728464295	6634.06627918054	376.976568077401	423.418693684411	1.29493818166694
0.142	-8321.81555623669	331.14800768343	225.997787015408	-1.39087356341329	-106.462837706079	-560.296371785909	-535.899666057894	-0.213919937593599	8428.27839394277	229.14836410248	282.850342564017	1.57778852423096
0.143	-4928.05155955768	455.786130775512	378.988506483157	-1.01188505693013	-6252.6457656163	-514.675652454188	-503.343242280611	-0.71726317987421	11180.697325174	58.8895216786787	123.259789257867	1.70104831348882
0.144	-2224.32043025288	535.808731738583	493.587126241773	-0.518297930688361	-10252.7224082317	-418.674894304121	-435.398033437588	-1.1526612133118	12477.0428384845	-117.133837434459	-35.6309005663056	1.66541741292252
0.145	-471.891045945559	563.382640840131	546.804969835671	0.0285070391473104	-11440.8056144239	-281.691320420051	-340.918897935317	-1.49358011124711	11912.6966603694	-281.691320420078	-202.577641157645	1.46283977176487
0.146	2064.46508415113	535.808731738574	546.886312635893	0.575393351783204	-11918.7127614279	-117.133837434428	-186.383050975955	-1.67996316222307	9854.24767727673	-418.674894304143	-338.857875350807	1.12398189641407
0.147	6088.05139117816	455.786130775493	480.290645030416	1.05568399681362	-10919.9034088005	58.8895216787105	-24.6827626241857	-1.70464592484726	4831.85201762235	-514.675652454201	-437.07194374368	0.686909952670387
0.148	10743.57904182	331.148007683404	360.539743948249	1.41622374076187	-9738.36565709072	229.148364102509	138.828165907754	-1.5658177589395	-1005.2133847293	-560.296371785911	-511.190417214137	0.17571953545625
0.149	14311.8946461548	174.094810355419	214.317178718097	1.63054091947996	-8973.30082092038	376.976568077427	293.289590527769	-1.27252816841173	-5338.59382523441	-551.071378432846	-545.91027171353	-0.37019073625728
0.15	15124.2818495388	-1.69961822393816E-11	75.4121751541874	1.70595309463415	-8278.40521289022	487.903679018727	436.276225025243	-0.836251943386491	-6845.87663664858	-487.90367901871	-514.389778392075	-0.884580514649355
0.151	13510.9794899375	-174.094810355455	-80.1068262763298	1.62584626835782	-5582.57287050072	551.071378432853	515.562482787129	-0.320689460599361	-7928.40661943675	-376.976568077399	-423.56643830593	-1.30814695295528
0.152	9458.36407537665	-331.148007683428	-225.126740426578	1.40071952793124	216.239649407367	560.296371785909	535.791294817023	0.215101834217662	-9674.60372478402	-229.148364102482	-282.08592070572	-1.590232873661
0.153	5966.10737158171	-455.786130775515	-377.836737697503	1.02288279023374	6445.6600336295	514.675652454186	503.735662782844	0.718837497000506	-12411.7674052112	-58.8895216786727	-121.807632458109	-1.71204050611911
0.154	3172.64624001611	-535.808731738584	-493.518413548996	0.529364376684745	10441.9715513065	418.67489430412	435.267720179965	1.15410521718047	-13614.6177913226	117.133837434461	35.4840203513509	-1.67655648576776
0.155	1437.9628190506	-563.382640840131	-547.079305113826	-0.0177149284290803	11562.4337617419	281.691320420049	341.554604084027	1.4956598212645	-13000.3965807925	281.69132042008	203.017911400472	-1.47353857436729
0.156	-1008.14234161987	-535.808731738573	-547.767017414265	-0.565481945843346	11996.593683946	117.133837434426	186.776115677318	1.68243593694182	-10988.4513423262	418.674894304144	339.808445973091	-1.1337301283942
0.157	-4883.66443770251	-455.786130775491	-481.9449955273	-1.04742694137065	10853.966178754	-58.8895216787124	25.4192381765606	1.70785517511838	-5970.30174105151	514.675652454202	437.41399907317	-0.696316129321029
0.158	-9371.28303625898	-331.148007683399	-363.306441135567	-1.41073338250621	9514.34382176359	-229.148364102515	-138.845494833827	1.56900968028455	-143.060785504608	560.296371785912	510.658272447675	-0.185657856873354
0.159	-12856.9395501026	-174.094810355421	-216.17669408177	-1.62691007658798	8639.31426077814	-376.976568077426	-293.147588408721	1.27586209187583	4217.6252893245	551.071378432846	545.544969659278	0.359887112785924
0.16	-13729.2512042512	1.89430693353643E-11	-75.85664074985	-1.70276671733783	7943.04771926986	-487.903679018728	-436.315412488396	0.839546679387433	5786.20348498129	487.903679018709	514.281712703815	0.874168825489738
0.161	-12168.2022714224	174.094810355457	80.0378246352009	-1.62272889270263	5302.3113852414	-551.071378432854	-515.579085382227	0.323967594005206	6865.890886181	376.976568077398	424.260698811141	1.29842952430088
0.162	-8266.98154143782	331.14800768343	226.448587601525	-1.39628030510111	-300.579652810448	-560.296371785909	-536.071922192935	-0.21210432818773	8567.56119424827	229.14836410248	283.76422385655	1.58219374815743
0.163	-4920.45596105296	455.786130775514	379.152804462926	-1.01712750063818	-6309.415164039	-514.675652454186	-504.304122482042	-0.716408450669772	11229.871125092	58.8895216786748	123.673543345696	1.70586729150313
0.164	-2255.84513720912	535.808731738586	494.081106827751	-0.523046393810431	-10160.4470955306	-418.674894304116	-436.135477614375	-1.15254392828415	12416.2922327397	-117.133837434467	-34.6812878849703	1.67118600361815
0.165	-595.65390254996	563.382640840131	547.006330543018	0.0239599367325876	-11204.2721719163	-281.691320420051	-342.356502377462	-1.49490043066161	11799.9260744662	-281.691320420078	-202.63258875801	1.46855341486015
0.166	1853.19372314982	535.808731738572	547.291201727631	0.571251138460218	-11628.7949696843	-117.133837434424	-187.082300104951	-1.68198273076656	9775.6012465345	-418.674894304146	-339.272442874435	1.12928097198571
0.167	5741.88205975885	455.78613077549	481.358011145252	1.05260914960547	-10583.6845062414	58.8895216787143	-25.0522614833566	-1.70703499224992	4841.8024464825	-514.675652454203	-437.56040750433	0.691720564481379
0.168	10214.2846343307	331.148007683401	362.501679740134	1.4151108293456	-9355.18260656915	229.148364102513	138.94505859415	-1.56808993365577	-859.102027761576	-560.296371785912	-511.525431987993	0.180195132493386
0.169	13638.6908216851	174.094810355419	216.162776403481	1.63127360574909	-8537.12709688814	376.976568077427	293.409848125468	-1.2746800855303	-5101.56372479691	-551.071378432846	-545.938340762505	-0.365743208269118
0.17	14405.3961353168	-1.688249540166E-11	75.8860683074076	1.70715967405649	-7872.97016672083	487.903679018727	436.155551628575	-0.838524533901724	-6532.425968596	-487.90367901871	-515.139315999423	-0.880882524268542
0.171	12789.3255892339	-174.094810355459	-79.9928547659003	1.62716681929059	-5235.37011640956	551.071378432854	515.546734924855	-0.322977798976868	-7553.9554728243	-376.976568077396	-424.339670251461	-1.30522219452
0.172	8813.57189217734	-331.148007683435	-226.097522515407	1.40106929677519	423.806823265064	560.296371785908	535.793932706302	0.212816133729434	-9237.3787154424	-229.148364102474	-283.450936263945	-1.58867313078395
0.173	5426.31834153979	-455.786130775515	-378.6688239962	1.02240047277899	6469.18082030341	514.675652454186	504.45937019593	0.717275503925364	-11895.4991618432	-58.8895216786729	-122.948167150169	-1.71162129793412
0.174	2720.51618571534	-535.808731738585	-493.994595438948	0.528405877340038	10305.44370434	418.674894304117	436.199311810573	1.15347481573594	-13025.9598900554	117.133837434465	34.6393679797694	-1.67698192995435
0.175	1060.39280862307	-563.382640840131	-547.023272601661	-0.0186173952616227	11315.7201527188	281.691320420042	342.707176908927	1.49618199264486	-12376.1129613419	281.691320420087	202.870760826668	-1.47411116912768
0.176	-1342.29543808919	-535.808731738573	-547.664129773501	-0.566281525035123	11714.0605091637	117.133837434426	187.351311015619	1.68353330366048	-10371.7650710745	418.674894304144	339.806402760345	-1.13430476636734
0.177	-5162.11475589956	-455.786130775489	-482.11464761373	-1.04839617264885	10591.5470139066	-58.8895216787163	25.4649100335909	1.70899821369407	-5429.43225800705	514.675652454204	437.701288001373	-0.696603478365963
0.178	-9548.86666341975	-331.148007683399	-363.973006926565	-1.41236917957542	9272.98049037638	-229.148364102514	-138.984724193002	1.57001348950107	275.886173043374	560.296371785912	511.118491285937	-0.185484987080026
0.179	-12919.665945431	-174.094810355417	-217.195982684419	-1.62956516225984	8395.35899620787	-376.976568077429	-293.351907203615	1.27666158229746	4524.30694922309	551.071378432845	545.780791355379	0.360295804275353
0.18	-13714.745756387	2.27657892537536E-11	-76.154256420095	-1.70571941867993	7722.64588234708	-487.90367901873	-436.172770356126	0.84048881194133	5992.09987403996	487.903679018707	515.011592818486	0.875307397093839
0.181	-12121.7416997205	174.094810355457	79.9521364518747	-1.62576728222806	5115.80305882013	-551.071378432854	-515.573047096997	0.324915764844333	7005.93864090032	376.976568077398	424.744678128295	1.30005207522213
0.182	-8213.79818060943	331.148007683433	226.786468254596	-1.39898081397346	-445.864762816294	-560.296371785908	-535.86124252269	-0.210945477678357	8659.66294342572	229.148364102477	284.426498235574	1.58447857345771
0.183	-4904.22172150175	455.786130775518	379.388123179724	-1.01959269079374	-6374.24965355217	-514.675652454184	-504.766548090885	-0.715712025769241	11278.4713750539	58.889521678667	123.93539493929	1.708413968397
0.184	-2248.20040393893	535.808731738585	494.165737561666	-0.525426953232071	-10146.4435296814	-418.674894304116	-436.600201465861	-1.1523122272351	12394.6439336203	-117.133837434467	-34.1981619849108	1.67421580641209
0.185	-619.148471656398	563.382640840131	546.941325411118	0.0215143721790473	-11114.4967635484	-281.691320420044	-343.140310889932	-1.49545253812503	11733.6452352048	-281.691320420085	-202.594174486266	1.47162163192582
0.186	1777.64692108984	535.808731738572	547.35556622418	0.568869938403227	-11503.0979407128	-117.133837434424	-187.657573169439	-1.68311011129447	9725.451019623	-418.674894304145	-339.645617811002	1.13197601411482
0.187	5595.28795252329	455.78613077549	481.927795274505	1.05079773367773	-10425.5939318038	58.8895216787142	-25.2649086983008	-1.70837501999277	4830.30597928052	-514.675652454203	-437.736596343246	0.694239417771572
0.188	9973.1147430634	331.148007683394	363.639799835032	1.41443753351276	-9162.51127477845	229.14836410252	139.082425233423	-1.56929259475935	-810.603468284944	-560.296371785913	-511.482669430331	0.182756748341241
0.189	13309.9360271333	174.094810355419	217.229551439772	1.63166708495254	-8319.36427455335	376.976568077427	293.528664714171	-1.27576393004518	-4990.57175257999	-551.071378432846	-546.005736047612	-0.36324898770637
0.19	14040.8790248106	-2.46842546403059E-11	76.2121096875103	1.70787919464005	-7654.46223473928	487.903679018731	435.993503119469	-0.839770426925711	-6386.4167900713	-487.903679018706	-515.483287910973	-0.878732275617343
0.191	12413.7130685977	-174.094810355462	-79.9200379272016	1.62795915671285	-5042.17762252613	551.071378432856	515.454903720918	-0.324315523204793	-7371.53544607152	-376.976568077393	-424.812558173151	-1.30354483379049
0.192	8471.82188503022	-331.148007683434	-226.659606264771	1.40129955044807	541.829971784807	560.296371785908	535.708480929262	0.211392957724469	-9013.65185681503	-229.148364102475	-284.311611000733	-1.58785644479123
0.193	5133.79591735162	-455.786130775517	-379.064120665322	1.02223542978275	6495.27972143853	514.675652454184	504.80440831961	0.716197366044079	-11629.0756387902	-58.8895216786691	-123.551782828835	-1.71140822762006
0.194	2449.3363549861	-535.808731738585	-494.122728469371	0.528112701313382	10264.4929397638	418.674894304118	436.521107115791	1.15271847315987	-12713.8292947499	117.133837434465	34.09892487374	-1.67730930274632
0.195	837.372256527466	-563.382640840131	-546.972099469764	-0.0188593981563822	11202.6617550058	281.691320420042	343.461138435459	1.49617961159533	-12040.0340115333	281.691320420087	202.824066344238	-1.47448523640208
0.196	-1533.75701864866	-535.80873173857	-547.508253806849	-0.566367651963232	11568.4659351746	117.133837434419	187.887408697968	1.6840670202933	-10034.708916526	418.67489430415	339.917867532884	-1.1345673688692
0.197	-5318.02959369319	-455.786130775489	-482.297715264436	-1.04866536722767	10449.2617017084	-58.8895216787162	25.4772875276708	1.70954430782097	-5131.23210801516	514.675652454203	437.780903655062	-0.696786465214138
0.198	-9647.96800997215	-331.148007683396	-364.417433074431	-1.4130828003021	9138.79237026279	-229.148364102518	-139.108979319169	1.5704353285018	509.175639709357	560.296371785913	511.286817707265	-0.185499647506874
0.199	-12962.6362534929	-174.094810355413	-217.791451440874	-1.63087425174297	8261.92102400642	-376.976568077432	-293.560858297936	1.27687447020386	4700.71522948649	551.071378432844	545.793989792379	0.360294342285506
0.2	-13708.1698749737	2.2652102416032E-11	-76.327869442546	-1.70720212118552	7598.65735533709	-487.90367901873	-436.037536029763	0.8408369341741	6109.51251963662	487.903679018707	515.467083409609	0.875761425695115
0.201	-12081.9290003767	174.094810355464	79.8869796800776	-1.62731514150544	4986.79806922583	-551.071378432856	-515.32382921639	0.325513104957709	7095.13093115086	376.976568077389	425.041687076871	1.30080311277199
0.202	-8174.35839442301	331.148007683433	227.024218714543	-1.4002909227909	-545.926507321726	-560.296371785908	-535.744569480376	-0.210231464522666	8720.28490174473	229.148364102473	284.831072409071	1.58563418518106
0.203	-4865.7382180661	455.786130775518	379.360644817388	-1.02093027797351	-6440.05453955967	-514.675652454184	-504.96766252618	-0.715199127048846	11305.7927576258	58.8895216786671	124.115080045022	1.70974926522608
0.204	-2219.46993541155	535.808731738587	494.29395733229	-0.52663632064122	-10165.5395723763	-418.674894304114	-436.803613495367	-1.15200274054421	12385.0095077878	-117.133837434471	-33.8827936385351	1.67586647158754
0.205	-628.126591984542	563.382640840131	546.858280928631	0.0202219602874104	-11075.9880526789	-281.69132042004	-343.840337315667	-1.49584307785988	11704.1146446635	-281.691320420088	-202.779405515646	1.4730870660719
0.206	1750.61972184988	535.80873173857	547.376719974013	0.567598680261423	-11440.3944892317	-117.133837434417	-187.940487154738	-1.68378356501462	9689.77476738181	-418.674894304151	-339.695018524446	1.13339204754745
0.207	5535.55623542084	455.786130775486	482.207063218037	1.04980574347946	-10345.4404664383	58.8895216787221	-25.3615151840894	-1.70914508019871	4809.8842310175	-514.675652454206	-437.774648036926	0.695617399510527
0.208	9857.97500703984	331.148007683398	364.246733016547	1.41405247649601	-9065.07984078102	229.148364102516	139.140238094291	-1.57000484210442	-792.895166258812	-560.296371785913	-511.519669650137	0.18409772986039
0.209	13149.0528615372	174.094810355415	217.913981339382	1.63196645783539	-8194.91253462185	376.97656807743	293.631054573859	-1.27637378753056	-4954.14032691535	-551.071378432845	-545.81224532893	-0.361714515468541
0.21	13862.1273246489	-2.45989895120147E-11	76.2995068633121	1.7082659646987	-7541.55742630082	487.90367901873	435.911380222275	-0.840462407308284	-6320.56989834805	-487.903679018706	-515.800496084428	-0.877515011552969
0.211	12224.4732098051	-174.094810355462	-79.8600764262554	1.62840588827245	-4939.03759592516	551.071378432856	515.380017896432	-0.325082389411851	-7285.43561387994	-376.976568077394	-425.067492892589	-1.30258250444556
0.212	8295.51309366552	-331.148007683438	-227.005769069827	1.40140011920262	612.531989784921	560.296371785908	535.535823075085	0.210453433663234	-8908.04508345044	-229.148364102471	-284.824541427004	-1.58740704587256
0.213	4981.92288233274	-455.786130775519	-379.291808158813	1.02210831104381	6513.5995953934	514.675652454183	504.981056970138	0.715434490633372	-11495.5224777261	-58.8895216786651	-123.928641573638	-1.7113356874462
0.214	2327.08745282454	-535.808731738588	-494.251425689268	0.527856885354537	10227.2846874043	418.674894304113	436.886800886706	1.15232129152008	-12554.3721402289	117.133837434473	33.8679150348082	-1.67746777241139
0.215	731.239683084824	-563.382640840131	-546.781236615044	-0.0189243512605077	11131.0962691514	281.691320420039	343.952109662457	1.49627340118254	-11862.3359522362	281.69132042009	202.875133552346	-1.47459263885905
0.216	-1633.90421320424	-535.808731738572	-547.417114875073	-0.56634146613558	11484.5491110723	117.133837434423	188.085938127875	1.68435933931041	-9850.64489786807	418.674894304147	339.879943104185	-1.13471269575486
0.217	-5406.56809376327	-455.786130775485	-482.332777620962	-1.04867424375654	10368.7148132034	-58.889521678724	25.4901644625767	1.70984950377299	-4962.14671944012	514.675652454207	437.797208588922	-0.696915487165939
0.218	-9703.99655011066	-331.148007683396	-364.712621748233	-1.41338686550477	9059.61592258626	-229.148364102518	-139.19919316681	1.57065031060618	644.380627524404	560.296371785913	511.321402727596	-0.185594084438343
0.219	-12975.4699014132	-174.094810355414	-218.232733172363	-1.63161959867714	8173.8998849603	-376.976568077432	-293.643320263352	1.27700699034283	4801.5700164529	551.071378432844	545.786776278026	0.360192691839683
0.22	-13696.3279229777	2.65174548985669E-11	-76.3944997002732	-1.70801409837741	7514.46826688031	-487.903679018732	-435.931065878635	0.84107592446419	6181.8596560974	487.903679018705	515.705938463632	0.875898630303314
0.221	-12059.3302289193	174.094810355464	79.866809892627	-1.62814728848478	4916.04843241455	-551.071378432855	-515.319159340665	0.325756765123525	7143.2817965047	376.976568077392	425.22862367068	1.30112725397399
0.222	-8142.69487727143	331.148007683439	227.191476167598	-1.40095581231719	-611.417010282024	-560.296371785907	-535.510217257212	-0.209753452133687	8754.11188755346	229.14836410247	285.143570626022	1.58627082460002
0.223	-4850.51667774252	455.786130775521	379.501427080963	-1.02145438523622	-6478.16853420001	-514.675652454182	-505.077021100268	-0.714830473233955	11328.6852119425	58.8895216786633	124.218015372424	1.71048883997244
0.224	-2200.95974790575	535.808731738588	494.21877845026	-0.527235606785963	-10179.9951556783	-418.674894304112	-436.991432059541	-1.1518219052935	12380.9549035841	-117.133837434475	-33.7589074586817	1.67672993251376
0.225	-610.937973597747	563.382640840131	546.722974604147	0.0194873678181836	-11067.6320128783	-281.691320420037	-344.122566092718	-1.49594447138621	11678.569986476	-281.691320420092	-202.769588285648	1.47396034422811
0.226	1750.32358655173	535.808731738571	547.311022097748	0.566798389915932	-11417.3644848718	-117.133837434421	-188.217610438715	-1.68416208182493	9667.04089832004	-418.674894304148	-339.877584883526	1.13408275934458
0.227	5515.41424848647	455.786130775488	482.380984760353	1.04917937467628	-10309.325845807	58.8895216787179	-25.4185217761973	-1.70958060360113	4793.91159732049	-514.675652454204	-437.768909041973	0.696313850302611
0.228	9810.86259780265	331.148007683388	364.651270614349	1.41383064529063	-9013.93923771289	229.148364102527	139.238455819089	-1.57034214778204	-796.923360089755	-560.296371785914	-511.377597892713	0.184936252409898
0.229	13070.2981530763	174.094810355412	218.290236801105	1.63212088209174	-8137.21943502308	376.976568077433	293.707729529152	-1.27663441825288	-4933.07871805326	-551.071378432844	-545.835121182545	-0.360898868772647
0.23	13767.0363723712	-2.84359202851192E-11	76.4178783927165	1.70853876048446	-7475.7054614393	487.903679018733	435.804891183862	-0.840829527069022	-6291.33091093186	-487.903679018704	-515.890780983088	-0.876789649755735
0.231	12120.8968032461	-174.094810355466	-79.8482563203202	1.62869050416414	-4877.3987353227	551.071378432856	515.291487975543	-0.32553803909348	-7243.49806792337	-376.976568077391	-425.252957986956	-1.30204260774269
0.232	8197.51284471833	-331.148007683441	-227.20792159122	1.40148258257292	652.313433141652	560.296371785907	535.443746316972	0.209905707223492	-8849.82627785998	-229.148364102468	-285.163245909604	-1.5872058536523
0.233	4894.30106209606	-455.786130775522	-379.378022436413	1.0221045601365	6529.60190612824	514.675652454182	505.062176295096	0.714967883518588	-11423.9029682243	-58.8895216786614	-124.104728687212	-1.71131058233951
0.234	2233.21165372784	-535.808731738586	-494.213450451196	0.527891109685306	10231.8839721707	418.674894304115	436.913069153444	1.15188095267203	-12465.0956258986	117.133837434469	33.674781526819	-1.67763580081269
0.235	656.250584685467	-563.382640840131	-546.733562470583	-0.0188424527852765	11107.4886890485	281.691320420036	344.271268549429	1.49615222122146	-11763.739273734	281.691320420093	202.905235142637	-1.47473056567005
0.236	-1695.80460249808	-535.808731738568	-547.317948433501	-0.566160401218777	11444.7331579228	117.133837434411	188.358400235841	1.6845106214573	-9748.92855542476	418.674894304155	339.96849672367	-1.13476206894638
0.237	-5455.39711942838	-455.786130775487	-482.440072620125	-1.0486004738389	10325.7302538578	-58.8895216787198	25.4817823549138	1.70999240381222	-4870.33313442938	514.675652454205	437.770837545435	-0.696991231400945
0.238	-9734.25323978329	-331.148007683393	-364.909320518481	-1.41350979435738	9016.90899308901	-229.148364102521	-139.275979959462	1.57071642385275	717.344246694284	560.296371785913	511.312625844978	-0.185678605555967
0.239	-12990.3885572491	-174.094810355402	-218.459269738376	-1.63196906409576	8131.2891463897	-376.97656807744	-293.762234767833	1.27695418908492	4859.09941085937	551.071378432842	545.720307806392	0.360041702250424
0.24	-13692.7027813835	3.04254399452475E-11	-76.4457890167762	-1.70841485311254	7473.40242466375	-487.903679018733	-435.856172461584	0.841098016623336	6219.30035671975	487.903679018703	515.881072547264	0.875922774797689
0.241	-12038.3231151951	174.094810355468	79.8531389183992	-1.62856171419414	4862.7469153022	-551.071378432856	-515.114564513264	0.325983452110072	7175.57619989292	376.976568077389	425.350748420349	1.30127352321804
0.242	-8123.42297749149	331.148007683442	227.307610547947	-1.40125410364619	-652.94382074638	-560.296371785907	-535.451434597706	-0.209467982487634	8776.36679823787	229.148364102466	285.310286404036	1.58658380962207
0.243	-4822.75895062073	455.786130775523	379.420980529316	-1.02183312311687	-6513.36972160864	-514.675652454181	-505.115900648632	-0.714583883136266	11336.1286722294	58.8895216786594	124.292257786296	1.71087606740837
0.244	-2178.44542582895	535.808731738589	494.283206589819	-0.527549916527055	-10199.0143124893	-418.674894304109	-437.042423761312	-1.15162630689758	12377.4597383183	-117.133837434478	-33.6472843421012	1.67722878306627
0.245	-609.607621134551	563.382640840131	546.655125215279	0.0191052086882236	-11060.9578340012	-281.69132042004	-344.485833110334	-1.49611214000791	11670.5654551358	-281.691320420088	-202.937511694952	1.47429127137132
0.246	1751.05882583595	535.80873173857	547.303827044114	0.566409035732337	-11401.1000688088	-117.133837434417	-188.295397317329	-1.68440753732524	9650.04124297286	-418.674894304151	-339.824365307602	1.13446690606371
0.247	5509.05439048837	455.786130775481	482.457758825826	1.04886679455816	-10287.5377636176	58.8895216787297	-25.4331757808102	-1.70984071310605	4778.48337312923	-514.675652454209	-437.742268354208	0.696724637709507
0.248	9785.68419340474	331.148007683392	364.84712182764	1.4137139163858	-8987.57245111077	229.148364102523	139.265072251021	-1.57057564085503	-798.111742293973	-560.296371785913	-511.399091952377	0.18532554575713
0.249	13031.401667658	174.094810355408	218.561008816723	1.63227492520253	-8096.19670929229	376.976568077436	293.765508944199	-1.27681013191083	-4935.20495836571	-551.071378432843	-545.660629845986	-0.360335084088856
0.25	13722.9475896966	-3.23154836223694E-11	76.3978674382921	1.70867279264082	-7443.56646105359	487.903679018735	435.773978018217	-0.841036153892614	-6279.38112864296	-487.903679018702	-516.056219151554	-0.87639130324041
0.251	12071.3693877366	-174.094810355462	-79.8346052481624	1.62883818739266	-4846.24032175619	551.071378432855	515.241306364603	-0.325794847528011	-7225.12906598037	-376.976568077394	-425.343695925516	-1.30173499916593
0.252	8148.92241813578	-331.148007683437	-227.34237524176	1.4014958121509	677.70643358253	560.296371785908	535.318212814743	0.209523365286732	-8826.62885171831	-229.148364102471	-285.354024107365	-1.58708902327329
0.253	4851.81721852132	-455.786130775519	-379.449098250012	1.02204671390088	6538.08425194651	514.675652454183	505.112266332057	0.714635631618789	-11389.9014704678	-58.8895216786655	-124.239261642923	-1.71132828491621
0.254	2207.37601582249	-535.808731738588	-494.267653058063	0.52777906084282	10214.8005763647	418.674894304113	437.118849782159	1.15175448140095	-12422.1765921872	117.133837434472	33.6382575584628	-1.67769002735775
0.255	631.080053100637	-563.382640840131	-546.585421579527	-0.0188063607367071	11081.6726434171	281.691320420039	344.478443675492	1.49623292507644	-11712.7526965177	281.69132042009	202.973156239167	-1.47471687111858
0.256	-1724.31580175649	-535.808731738572	-547.283580469702	-0.566089941206409	11417.3296676176	117.133837434423	188.381314841679	1.68461423991812	-9693.01386586114	418.674894304146	339.913543553708	-1.13480332756488
0.257	-5483.80698830953	-455.786130775485	-482.430077276644	-1.04852001848305	10299.7577532408	-58.8895216787237	25.4823794056513	1.71009661932377	-4815.9507649313	514.675652454207	437.754141221915	-0.697049186342961
0.258	-9751.66802351564	-331.14800768339	-365.040719510972	-1.41356073799403	8989.55669085378	-229.148364102525	-139.325592497415	1.57077102682635	762.111332661861	560.296371785913	511.282347798516	-0.185766838544445
0.259	-12988.4324810028	-174.094810355414	-218.661594414016	-1.63222233240804	8096.75701727499	-376.976568077432	-293.782323655029	1.27698870317133	4891.67546372777	551.071378432844	545.70163177074	0.359934793226295
0.26	-13684.2203414409	2.62332378042629E-11	-76.4468032261971	-1.70866913563424	7439.35492516582	-487.903679018732	-435.800461769674	0.841188241401652	6244.86541627513	487.903679018706	515.957067577252	0.875891860803547
0.261	-12029.7175669704	174.094810355471	79.8637992706255	-1.62880533636361	4839.95248903272	-551.071378432857	-515.159482685452	0.326028758716199	7189.76507793768	376.976568077387	425.430803502212	1.30132266430576
0.262	-8107.68474639735	331.148007683439	227.38628057084	-1.40141905579277	-678.771316173648	-560.296371785907	-535.290689729693	-0.209261931013494	8786.456062571	229.14836410247	285.461688833803	1.58678435313956
0.263	-4819.23965105475	455.78613077552	379.533301721373	-1.0218857540714	-6526.69441807634	-514.675652454182	-505.150609923387	-0.714412540936881	11345.9340691311	58.8895216786636	124.327169492683	1.71111152263224
0.264	-2169.93722943025	535.808731738588	494.187055301387	-0.527698698770014	-10205.6961119677	-418.674894304111	-437.142143614824	-1.15155468455171	12375.6333413979	-117.133837434474	-33.6349311533029	1.67747659147894
0.265	-593.187760163518	563.382640840131	546.559502069429	0.0188608032994151	-11064.1799157987	-281.691320420037	-344.544871401336	-1.49609955595304	11657.3676759622	-281.691320420091	-202.899392429746	1.4745771990492
0.266	1758.7777313733	535.808731738569	547.245025339956	0.566105828639371	-11398.9188893419	-117.133837434413	-188.439897789825	-1.68453945374287	9640.14115796863	-418.674894304153	-339.950318524195	1.134626880525
0.267	5509.9492171874	455.786130775489	482.525592934114	1.04863142157349	-10279.7861002038	58.8895216787177	-25.4458779410973	-1.70998533168396	4769.83688301641	-514.675652454204	-437.720675809038	0.696906204715962
0.268	9779.5462499596	331.148007683389	365.016299721979	1.41364772129546	-8972.61804836073	229.148364102527	139.335860561657	-1.57064947112231	-806.928201598872	-560.296371785914	-511.271620330251	0.185634584385711
0.269	13012.1286455168	174.094810355404	218.687931450673	1.63233565274614	-8082.65826919514	376.976568077439	293.804548593572	-1.27684492252873	-4929.47037632167	-551.071378432842	-545.71792336667	-0.360083338980959
0.27	13695.6554685209	-2.81374923361E-11	76.4595343524117	1.70879518709855	-7421.13631499341	487.903679018732	435.707770253701	-0.841137152275033	-6274.51915352752	-487.903679018704	-516.053558185688	-0.876136897166647
0.271	12040.0795613455	-174.094810355466	-79.8485871084944	1.62894659999005	-4824.43291517669	551.071378432856	515.18255962707	-0.325954592647963	-7215.64664616881	-376.976568077391	-425.429724698131	-1.30156662186478
0.272	8118.3797584011	-331.148007683441	-227.418180373252	1.4015284196168	691.010404412946	560.296371785907	535.280690113992	0.209326097466029	-8809.39016281405	-229.148364102468	-285.494942039236	-1.58706156390401
0.273	4822.88364836196	-455.786130775521	-379.454852783457	1.02207356683335	6546.33310378921	514.675652454182	505.131596874803	0.714457694340832	-11369.2167521512	-58.8895216786616	-124.278615964056	-1.71134017986807
0.274	2166.37911644224	-535.808731738589	-494.201745609732	0.527871821223614	10227.9498000098	418.67489430411	437.054580002945	1.15151227434378	-12394.328916452	117.133837434476	33.5532923965125	-1.67778688747156
0.275	600.564212699149	-563.382640840131	-546.584958474294	-0.0187131372506804	11081.6367691507	281.691320420036	344.61326063275	1.49612553497653	-11682.2009818499	281.691320420093	202.995014179755	-1.4747918732918
0.276	-1746.41882901668	-535.808731738568	-547.229018242056	-0.565942155492736	11407.9488343897	117.133837434411	188.541212247017	1.68466674722354	-9661.53000537301	418.674894304155	339.99098251284	-1.13480089077896
0.277	-5498.88315855992	-455.786130775483	-482.507916088184	-1.04845007158092	10286.9639696389	-58.8895216787275	25.4687837342271	1.71013553095777	-4788.08081107903	514.675652454208	437.723676297921	-0.697077214481042
0.278	-9760.44673090722	-331.148007683393	-365.128749489525	-1.41357882107044	8976.47675597499	-229.148364102521	-139.370550283317	1.57076498067446	783.969974932229	560.296371785913	511.257605156652	-0.18581960932439
0.279	-12995.7766883231	-174.094810355403	-218.734386219412	-1.63231320728986	8085.48898885444	-376.97656807744	-293.855725669119	1.27690925500534	4910.2876994687	551.071378432842	545.646531050358	0.359826921725968
0.28	-13683.6339432436	3.00985902867978E-11	-76.4650830652001	-1.70877829035506	7428.49437057374	-487.903679018734	-435.766611243236	0.8411426437621	6255.13957266983	487.903679018703	516.036167021995	0.875863088747963
0.281	-12018.6498302787	174.094810355467	79.8663370321841	-1.62891195332287	4816.51468727908	-551.071378432856	-514.997422433893	0.326145221328208	7202.13514299961	376.97656807739	425.485179093959	1.30134826784192
0.282	-8100.11345552628	331.148007683442	227.440880860463	-1.40147107246241	-694.508890102716	-560.296371785907	-535.295691499833	-0.209150470171625	8794.622345629	229.148364102466	285.520445555111	1.58686871339703
0.283	-4801.18339387412	455.786130775523	379.436350414252	-1.02203472204816	-6544.25385757888	-514.675652454181	-505.154754404107	-0.714305224575732	11345.437251453	58.8895216786596	124.358184902437	1.71122689829947
0.284	-2156.64201027506	535.808731738589	494.249242104921	-0.527785479943238	-10216.7037123224	-418.674894304109	-437.139842227893	-1.15144506680362	12373.3457225975	-117.133837434478	-33.5843657635668	1.6776425325359
0.285	-595.731911078934	563.382640840131	546.532093974421	0.0187466140311832	-11061.1073449735	-281.691320420034	-344.761813743511	-1.49620688054714	11656.8392560524	-281.691320420095	-203.037709787169	1.47460482274873
0.286	1760.14967446633	535.80873173857	547.253611121754	0.566000225152937	-11392.1777387601	-117.133837434417	-188.432158037222	-1.68463903858436	9632.02806429376	-418.67489430415	-339.86561220001	1.13473921054872
0.287	5510.83911895509	455.786130775481	482.544672491123	1.04854489764406	-10271.9909374384	58.8895216787295	-25.4394783902985	-1.71007851697466	4761.15181848327	-514.675652454209	-437.696766146228	0.697042444402497
0.288	9772.68017914062	331.148007683392	365.073679593439	1.4136185772375	-8965.03789698014	229.148364102523	139.339661718907	-1.57073885525575	-807.642282160477	-560.296371785913	-511.315293743246	0.185727150659251
0.289	13002.3506276028	174.094810355408	218.807154681425	1.63242573191892	-8065.44039641738	376.976568077436	293.833289189408	-1.27690556606634	-4936.9102311854	-551.071378432843	-545.575901656295	-0.359848750997044
0.29	13685.8639451472	-3.19886339639197E-11	76.4116298358544	1.70883736175478	-7412.68049074943	487.903679018735	435.706420359024	-0.841199145707317	-6273.18345439778	-487.903679018703	-516.161364017765	-0.876010115014809
0.291	12028.2340315259	-174.094810355469	-79.8478134916491	1.62898954826313	-4815.67459576314	551.071378432857	515.159418509231	-0.326039727198086	-7212.55943576277	-376.976568077388	-425.459395949742	-1.30146951096455
0.292	8105.74803423692	-331.148007683444	-227.475507359214	1.40151404090392	700.803631082151	560.296371785907	535.201983505386	0.2091622563073	-8806.55166531907	-229.148364102464	-285.562524582871	-1.58703203554742
0.293	4812.27100765959	-455.786130775524	-379.485843275736	1.02202819762818	6549.13751188142	514.67565245418	505.150935345873	0.714313191653173	-11361.408519541	-58.8895216786578	-124.336262254637	-1.71136829780206
0.294	2169.71716523751	-535.80873173859	-494.246864523021	0.527781333105158	10214.1831008216	418.674894304108	437.207880781361	1.15152107243453	-12383.9002660591	117.13383743448	33.5758398092112	-1.67779245799285
0.295	599.948907172671	-563.382640840131	-546.477525944536	-0.0186961928393778	11068.0026765477	281.691320420032	344.700954323768	1.4962220267583	-11667.9515837204	281.691320420096	203.047224069854	-1.47474523392299
0.296	-1752.80184852844	-535.80873173857	-547.226269664419	-0.565922462503797	11397.02270242	117.133837434415	188.493003410515	1.68471503016882	-9644.22085389158	418.674894304152	339.92798898252	-1.13481724494047
0.297	-5508.36250955257	-455.786130775485	-482.478108994807	-1.0484005714986	10277.8097280522	-58.8895216787234	25.4680140731505	1.71018304424197	-4769.44721849966	514.675652454207	437.713317546926	-0.697103927393548
0.298	-9765.98999440929	-331.148007683384	-365.187965134506	-1.41358853663311	8966.08945417128	-229.148364102532	-139.395293782855	1.57078775045911	799.900540238008	560.296371785914	511.230319671837	-0.185873607721711
0.299	-12990.2279109438	-174.094810355406	-218.837817006059	-1.63242635363917	8069.54006212668	-376.976568077437	-293.845470001899	1.27694228045721	4920.68784881717	551.071378432843	545.644846789408	0.359771239067696
0.3	-13677.7035229423	3.3978153624048E-11	-76.4495264187135	-1.70887588005788	7412.51729138141	-487.903679018736	-435.738727867706	0.841203552589508	6265.18623156091	487.903679018701	516.054484303425	0.875825723371121
0.301	-12016.8822083458	174.094810355471	79.8827490523364	-1.62899313100555	4812.02269615255	-551.071378432857	-515.076037073282	0.326127515516226	7204.85951219324	376.976568077387	425.520915013753	1.30134663838487
0.302	-8092.46214144083	331.148007683445	227.476590070248	-1.4015165409353	-704.112870871612	-560.296371785906	-535.183555585998	-0.209056040069771	8796.57501231245	229.148364102462	285.600298552211	1.58694693693709
0.303	-4804.85436361663	455.786130775525	379.540057975884	-1.02197648295941	-6545.85397916283	-514.675652454179	-505.172779945906	-0.714228820015678	11350.7083427795	58.8895216786559	124.366385800858	1.71131332273794
0.304	-2155.21509190071	535.808731738588	494.1570988777	-0.527819384081714	-10217.1616659203	-418.674894304112	-437.206417610144	-1.15143523762582	12372.376757821	-117.133837434474	-33.604566197355	1.67770875654059
0.305	-583.310552059043	563.382640840131	546.470650728265	0.0186512666465507	-11065.1014222803	-281.691320420031	-344.725107668267	-1.49616034529409	11648.4119743393	-281.691320420098	-202.974509553964	1.47473424698662
0.306	1766.17267052117	535.808731738567	547.209793259269	0.56586105990582	-11394.3589757982	-117.133837434406	-188.523648163501	-1.68468399345759	9628.18630527699	-418.674894304158	-339.973694536445	1.13476055245018
0.307	5513.47234503755	455.786130775484	482.579974147278	1.0484410340531	-10271.3336612294	58.8895216787253	-25.4422297214842	-1.71012622317907	4757.86131619184	-514.675652454207	-437.683459879111	0.697077092571068
0.308	9774.48648229058	331.148007683389	365.159569685761	1.41360060373886	-8960.03671067169	229.148364102526	139.391804225044	-1.57073441895403	-814.449771618889	-560.296371785914	-511.208748224039	0.185868344347029
0.309	12997.3995704829	174.094810355397	218.841358860514	1.63244196259937	-8064.99307239588	376.976568077445	293.851312763268	-1.27688310619076	-4932.40649808707	-551.071378432841	-545.658860739061	-0.359790516392032
0.31	13676.1264612638	-3.58397755917395E-11	76.4599735222491	1.70890193612162	-7403.40278232021	487.903679018736	435.661167889797	-0.841221938300965	-6272.7236789436	-487.903679018701	-516.122206921482	-0.875912723313514
0.311	12016.7864603857	-174.094810355473	-79.8659845702283	1.62903595155139	-4806.58164738082	551.071378432858	515.122556695708	-0.326099381605257	-7210.20481300489	-376.976568077385	-425.506254097575	-1.30141897741109
0.312	8094.54968002185	-331.148007683447	-227.503635730145	1.40153231582125	704.862001579063	560.296371785906	535.200084238633	0.209100702633376	-8799.41168160091	-229.148364102461	-285.627183066282	-1.58704616047737
0.313	4800.73624494258	-455.786130775526	-379.471322538926	1.02206099328232	6553.50002366027	514.675652454178	505.154365877837	0.714255068511213	-11354.2362686028	-58.8895216786539	-124.332384618361	-1.71137854509573
0.314	2144.97251853812	-535.808731738591	-494.181011848586	0.527879981433736	10228.4605613077	418.674894304105	437.111783632264	1.15136685214348	-12373.4330798458	117.133837434484	33.5228235516676	-1.67785572154406
0.315	583.058935877396	-563.382640840131	-546.508525205327	-0.0186285437715907	11074.3314937788	281.691320420036	344.758393965164	1.49612524610864	-11657.3904296562	281.691320420093	203.052501860453	-1.47480321968361
0.316	-1762.52902665701	-535.808731738566	-547.192861491437	-0.565821405263028	11396.6475024494	117.133837434404	188.608926131587	1.68473417224023	-9634.11847579234	418.67489430416	340.000201674106	-1.13480301800951
0.317	-5512.79742863983	-455.786130775478	-482.541963982693	-1.04836336924572	10274.4448511628	-58.8895216787352	25.4554535020846	1.71018962574231	-4761.64742252301	514.675652454211	437.691485322401	-0.697111532687104
0.318	-9768.24472455998	-331.148007683387	-365.227776188802	-1.41359114543452	8962.79963693149	-229.148364102528	-139.421484041166	1.57076814170115	805.445087628494	560.296371785914	511.214758620799	-0.185896774066305
0.319	-12995.9667328978	-174.094810355403	-218.847354082336	-1.63243849951686	8069.22371335297	-376.97656807744	-293.897791077022	1.27687035062412	4926.74301954479	551.071378432842	545.605081214195	0.35970830714789
0.32	-13679.0682294028	3.78008735424373E-11	-76.4608127843864	-1.70889931230125	7412.47280724232	-487.903679018737	-435.724959045946	0.841145391578179	6266.59542216046	487.903679018699	516.098347203097	0.875806654350987
0.321	-12010.3783568497	174.094810355475	79.8859343067486	-1.6290133779945	4799.7219635068	-551.071378432858	-514.938667278708	0.326206724299472	7210.65639334287	376.976568077384	425.54617471379	1.30135282906478
0.322	-8090.33579251611	331.148007683448	227.50202398647	-1.40151135400803	-709.804911431128	-560.296371785906	-535.223312724534	-0.209016588425063	8800.14070394724	229.148364102459	285.611674034838	1.58696450309962
0.323	-4791.80712418725	455.786130775527	379.438426117023	-1.022072927891	-6555.92569149177	-514.675652454177	-505.168461108836	-0.714185049533899	11347.732815679	58.889521678652	124.381053674292	1.71134555677391
0.324	-2146.98078222741	535.808731738589	494.225280312911	-0.527847647578092	-10223.8582729894	-418.674894304109	-437.182765259443	-1.15136781479334	12370.8390552169	-117.133837434478	-33.5711032017554	1.67777445357215
0.325	-589.055662675159	563.382640840131	546.469130954146	0.0186214833760539	-11061.9065159273	-281.691320420034	-344.879832442212	-1.49624764723555	11650.9621786025	-281.691320420094	-203.092667916056	1.4746817856561
0.326	1765.54468597003	535.808731738568	547.230130860583	0.565851614236637	-11389.7240218535	-117.13383743441	-188.482670604752	-1.68473031784031	9624.17933588347	-418.674894304156	-339.878873335253	1.13480291232084
0.327	5514.14024479086	455.786130775482	482.579780122449	1.04843139435909	-10267.2265872596	58.8895216787292	-25.4325561540483	-1.71016287399435	4753.08634246874	-514.675652454209	-437.668326181516	0.697134586139327
0.328	9770.92657471442	331.148007683379	365.165715578576	1.41359710993766	-8957.84150961358	229.148364102537	139.380907651231	-1.57078196634312	-813.085065100847	-560.296371785915	-511.269605840022	0.185864980299306
0.329	12994.73032805	174.094810355393	218.903450328884	1.63250056026655	-8055.10169123436	376.976568077447	293.865263367024	-1.2769167029761	-4939.62863681567	-551.07137843284	-545.535494805752	-0.359670514506446
0.33	13675.3918087585	-3.17328385790461E-11	76.4066678005717	1.70890722806712	-7402.34893352611	487.903679018734	435.674402793181	-0.841242300182918	-6273.04287523236	-487.903679018703	-516.206755597503	-0.875877270103949
0.331	12015.4881746039	-174.094810355477	-79.8652210658588	1.62904200700126	-4805.15673846717	551.071378432858	515.116263482476	-0.326126036700442	-7210.33143613672	-376.976568077382	-425.510739987452	-1.3013880100914
0.332	8092.43901924774	-331.14800768345	-227.530849426355	1.4015111575749	709.142295553843	560.296371785906	535.147094229187	0.209021057528745	-8801.58131480158	-229.148364102457	-285.646677628285	-1.58703468771969
0.333	4799.74892624744	-455.786130775528	-379.492538795729	1.02201861877917	6553.70252031581	514.675652454177	505.165132220458	0.714186189749203	-11353.4514465632	-58.8895216786501	-124.365837297701	-1.71140052501739
0.334	2157.4281212204	-535.808731738592	-494.228951880967	0.527789666898208	10214.915066323	418.674894304102	437.245406995632	1.15143159674483	-12372.3431875434	117.133837434487	33.5620759579398	-1.67783844905945
0.335	590.04860736592	-563.382640840131	-546.424220639249	-0.0186345537410415	11064.0374526045	281.691320420033	344.795909151566	1.4962275058964	-11654.0860599704	281.691320420096	203.090437955509	-1.47474801110394
0.336	-1761.97174215611	-535.808731738567	-547.203849272456	-0.565838403013498	11390.6685579473	117.133837434408	188.533667996736	1.68476117389314	-9628.69681579119	418.674894304157	339.933600585594	-1.13481441051834
0.337	-5516.28421973087	-455.78613077548	-482.502314581946	-1.04834071759544	10270.6126754577	-58.8895216787311	25.4565571419549	1.71021773103509	-4754.32845572683	514.67565245421	437.689177868984	-0.697125232649361
0.338	-9770.21615070267	-331.148007683384	-365.254704040662	-1.41359542163611	8958.06619343729	-229.148364102532	-139.432074089611	1.57078565694548	812.149957265374	560.296371785914	511.197274920525	-0.185927957728836
0.339	-12989.8093247026	-174.094810355391	-218.910265468524	-1.63250568710463	8059.78986001333	-376.976568077449	-293.87355566642	1.27691210127906	4930.01946468926	551.071378432839	545.615699802975	0.359687742074139
0.34	-13674.5785612827	3.36797256750287E-11	-76.4427024811789	-1.70894838958581	7402.93438865748	-487.903679018736	-435.710367457166	0.841201733821894	6271.64417262522	487.903679018701	516.094704163581	0.875782446237719
0.341	-12011.6119492338	174.094810355471	79.9002271356137	-1.6290481624502	4801.94211321018	-551.071378432857	-515.035194934492	0.326166538887402	7209.66983602367	376.976568077387	425.562308074301	1.30134475431202
0.342	-8086.24052597008	331.148007683451	227.517729993891	-1.40153043245631	-713.295856744169	-560.296371785906	-535.135213159582	-0.20896867427218	8799.53638271425	229.148364102455	285.660396770636	1.58700515108266
0.343	-4798.83506304716	455.786130775529	379.539910040355	-1.02199052241595	-6552.87963180062	-514.675652454176	-505.181863668206	-0.714150537940386	11351.7146948478	58.8895216786482	124.379428696851	1.71138457977951
0.344	-2148.97492315642	535.808731738593	494.138698247145	-0.527851824168805	-10221.5171837836	-418.674894304101	-437.235405979339	-1.15138594391973	12370.49210694	-117.133837434489	-33.5998925902679	1.67778468718924
0.345	-578.948313433463	563.382640840131	546.426831527565	0.0185750073587602	-11065.6236742842	-281.691320420024	-344.802451028833	-1.49618839494856	11644.5719877177	-281.691320420105	-203.014188822946	1.47477049836629
0.346	1769.87030167907	535.808731738566	547.194599100285	0.565769606459045	-11392.9380886662	-117.133837434406	-188.554128824145	-1.6847425237727	9623.06778698713	-418.674894304158	-339.981121270985	1.13478937709531
0.347	5516.02658035766	455.786130775479	482.603263395098	1.04837286985414	-10268.5611926358	58.889521678733	-25.4346341520271	-1.71017715792473	4752.53461227815	-514.67565245421	-437.662503892926	0.697126873202384
0.348	9774.02743309137	331.148007683382	365.219473074126	1.41359234292827	-8955.83385556776	229.148364102533	139.421851694319	-1.57075530623041	-818.19357752361	-560.296371785915	-511.176111977808	0.185950761224576
0.349	12993.3452981314	174.094810355397	218.902173200832	1.6324945161291	-8058.84340841232	376.976568077445	293.872934892453	-1.27688237133796	-4934.50188971905	-551.071378432841	-545.631698158226	-0.35968093693365
0.35	13670.4075171324	-5.16138243256137E-11	76.4533635268128	1.70894787965591	-7397.31002318621	487.903679018744	435.639242601369	-0.841243128736589	-6273.09749394622	-487.903679018693	-516.152367300707	-0.875833304234357
0.351	12009.7198641411	-174.094810355473	-79.8812646314582	1.62906661502446	-4800.32047673948	551.071378432858	515.091858819698	-0.326151269916891	-7209.39938740166	-376.976568077385	-425.540838944025	-1.30137414317838
0.352	8087.02244775837	-331.148007683447	-227.539824444164	1.40152679058029	709.899925033298	560.296371785906	535.163061906214	0.209011791989323	-8796.92237279167	-229.148364102461	-285.681242200818	-1.5870553853792
0.353	4793.57048542996	-455.786130775531	-379.473274541772	1.02205351603852	6556.38260841574	514.675652454175	505.163667816996	0.71417545980632	-11349.9530938457	-58.8895216786463	-124.348393931235	-1.71140377931043
0.354	2137.85336841805	-535.808731738594	-494.166853766441	0.527886662272078	10229.1153159022	418.6748943041	437.136694369231	1.15131215417555	-12366.9686843203	117.133837434491	33.5175831918215	-1.67788619611861
0.355	577.423906549523	-563.382640840131	-546.471683918726	-0.0185850216466481	11072.1491452859	281.691320420022	344.820708743832	1.49613286291938	-11649.5730518354	281.691320420106	203.084166633606	-1.47480202948501
0.356	-1767.77979377072	-535.808731738566	-547.179104859551	-0.565764126506199	11393.0414481449	117.133837434404	188.633251474677	1.68476611439406	-9625.26165437417	418.674894304159	340.003574371884	-1.13479845511312
0.357	-5517.33075732761	-455.786130775478	-482.559113259579	-1.04832323976578	10270.2728006003	-58.889521678735	25.4461660935961	1.71021228048766	-4752.94204327266	514.675652454211	437.673866500897	-0.697124588612226
0.358	-9770.52644628443	-331.148007683381	-365.272807184591	-1.41359604695037	8958.06996434872	-229.148364102535	-139.447863059221	1.57076441742843	812.456481935715	560.296371785915	511.190249680861	-0.185934338931365
0.359	-12995.3883290837	-174.094810355395	-218.893961617643	-1.63249000856801	8063.34254696394	-376.976568077446	-293.916442208661	1.27684797521977	4932.04578211974	551.07137843284	545.58492769422	0.359650588762855
0.36	-13676.955871567	4.55600002169376E-11	-76.453862115192	-1.7089438706832	7406.73550189606	-487.903679018741	-435.705819829532	0.841142155390242	6270.22036967098	487.903679018696	516.124700805291	0.875775289568147
0.361	-12007.0410826637	174.094810355482	79.9005024144459	-1.62904336826876	4793.67889961324	-551.071378432859	-514.9103495463	0.326231805843942	7213.36218305045	376.976568077378	425.574427164687	1.30134971673283
0.362	-8086.41045433289	331.148007683448	227.52972603584	-1.40151364223292	-715.29323596447	-560.296371785906	-535.191206312839	-0.208959400468897	8801.70369029736	229.148364102459	285.651248938848	1.58700096567168
0.363	-4787.98378344677	455.786130775527	379.437272571248	-1.02207636966167	-6560.11539204697	-514.675652454177	-505.174798374489	-0.714134198843386	11348.0991754937	58.8895216786523	124.388283701248	1.71138924937293
0.364	-2143.00425095857	535.808731738591	494.211638868694	-0.527864730792976	-10226.459842325	-418.674894304104	-437.202444567882	-1.15133664341127	12369.4640932836	-117.133837434485	-33.5705164473958	1.67781873292553
0.365	-586.265566305126	563.382640840131	546.438792652032	0.0185740618590559	-11062.1863846652	-281.69132042002	-344.930732114857	-1.49626737552613	11648.4519509703	-281.691320420108	-203.120963516575	1.47469776940896
0.366	1767.99562268281	535.808731738563	547.220556523552	0.565794618382608	-11388.8632808097	-117.133837434394	-188.500786344643	-1.68476816187077	9620.86765812692	-418.674894304166	-339.882989211218	1.13481478019774
0.367	5515.95183980879	455.786130775482	482.59549500749	1.0483901133901	-10265.5624704772	58.8895216787289	-25.4257941321727	-1.71019395600294	4749.61063066836	-514.675652454209	-437.653225737613	0.697161554460128
0.368	9770.91712771333	331.148007683379	365.205126929215	1.41359524031931	-8955.33640512372	229.148364102537	139.402557497837	-1.57079139850511	-815.580722589612	-560.296371785915	-511.246596275847	0.185914958184281
0.369	12992.5055397936	174.094810355394	218.942111990444	1.63253735230976	-8051.38463690467	376.976568077447	293.879852102991	-1.27691154640211	-4941.12090288889	-551.07137843284	-545.517280343536	-0.359602322159256
0.37	13672.1978196505	-4.74784656034899E-11	76.4002301427782	1.70893758245254	-7398.71131016854	487.903679018742	435.659357953953	-0.841252188448162	-6273.48650948194	-487.903679018695	-516.227032913132	-0.875829355072387
0.371	12011.5124013879	-174.094810355484	-79.8778076174962	1.62905977483504	-4801.40420165818	551.07137843286	515.09462674968	-0.326157561698482	-7210.10819972976	-376.976568077377	-425.534253920741	-1.30136360899313
0.372	8088.12874609361	-331.14800768345	-227.554634182012	1.40150514065303	712.195641896976	560.296371785906	535.122306938105	0.208964745239623	-8800.32438799058	-229.148364102458	-285.68149662999	-1.58704510562312
0.373	4795.60775663747	-455.786130775528	-379.492450715409	1.02201268993762	6555.5026973106	514.675652454176	505.171462803802	0.714136208043426	-11351.1104539481	-58.8895216786504	-124.374358115448	-1.71141946373857
0.374	2153.26135590321	-535.808731738592	-494.218132656583	0.527794557281035	10215.4088420646	418.674894304103	437.262155299904	1.15139836334333	-12368.6701979678	117.133837434487	33.5609142150004	-1.67785854952357
0.375	586.821916499139	-563.382640840131	-546.398908318607	-0.0186043510375723	11062.8088799657	281.691320420026	344.836973956196	1.49623533729953	-11649.6307964649	281.691320420103	203.11331255185	-1.47474523697172
0.376	-1765.00046321724	-535.808731738562	-547.195527033548	-0.565799878071121	11388.5980145675	117.133837434392	188.548063930916	1.68478340123044	-9623.59755135021	418.674894304167	339.935511662021	-1.13480972530969
0.377	-5518.89398945723	-455.786130775471	-482.514452781768	-1.04831433085289	10268.1727058943	-58.8895216787468	25.4492714980665	1.71023267272851	-4749.27871643709	514.675652454216	437.676554022456	-0.697133171287238
0.378	-9771.4399474865	-331.148007683384	-365.285142503231	-1.41359947335612	8955.25700224377	-229.148364102531	-139.4508339462	1.57078183878231	816.182945242734	560.296371785914	511.179513016908	-0.18595365827033
0.379	-12989.2631514099	-174.094810355392	-218.940306523219	-1.63253977987934	8056.22563315148	-376.976568077449	-293.885980436883	1.27689585834543	4933.03751825838	551.07137843284	545.601965705116	0.359648307434786
0.38	-13673.1710349461	4.94253526994726E-11	-76.4364733100229	-1.70897625318936	7399.48798341684	-487.903679018743	-435.697326790252	0.841198531555173	6273.68305152926	487.903679018694	516.112157275622	0.875760464710408
0.381	-12009.5129637093	174.094810355486	79.9117525322262	-1.62906450065713	4798.31521751981	-551.07137843286	-515.015666621563	0.32618286493361	7211.19774618947	376.976568077375	425.581604543579	1.30134206925399
0.382	-8083.77351940651	331.148007683458	227.536314056129	-1.401528186601	-716.571061588617	-560.296371785905	-535.113967482031	-0.208931102548421	8800.34458099512	229.148364102448	285.686519779366	1.58702858903335
0.383	-4796.42238387165	455.786130775529	379.538451292731	-1.02198973530827	-6555.36455219507	-514.675652454176	-505.186419129946	-0.714117521678368	11351.7869360667	58.8895216786485	124.383274125086	1.71141186315844
0.384	-2146.45564297292	535.808731738593	494.12872388388	-0.527861011424393	-10223.0516444416	-418.674894304101	-437.248848490534	-1.1513663701689	12369.5072874146	-117.133837434489	-33.6010308466186	1.67781083231182
0.385	-577.193246735708	563.382640840131	546.406018435695	0.0185450070113012	-11065.7478677736	-281.691320420024	-344.836019399272	-1.49620238956817	11642.9411145093	-281.691320420104	-203.034231297102	1.47477660101472
0.386	1771.45396113033	535.808731738564	547.188655931233	0.565733662942534	-11392.3866437179	-117.133837434398	-188.564906878323	-1.6847672964465	9620.93268258757	-418.674894304163	-339.983326315749	1.13479327469897
0.387	5517.24931585055	455.78613077547	482.614024780149	1.04834768772268	-10267.5384787583	58.8895216787487	-25.4289857471339	-1.71019628219363	4750.2891629077	-514.675652454217	-437.651762998533	0.697141511700437
0.388	9774.13679106665	331.148007683383	365.245632560641	1.41359332028332	-8954.3150859058	229.148364102533	139.437322188593	-1.57075896000504	-819.821705160841	-560.296371785915	-511.159996833558	0.185981514866879
0.389	12992.075531727	174.094810355398	218.926869296522	1.63252018957985	-8056.56772103768	376.976568077444	293.882697981662	-1.27687626202338	-4935.50781068934	-551.071378432841	-545.619630229977	-0.359638115363098
0.39	13668.5855138011	-5.135802894074E-11	76.44778761732	1.70896797719717	-7395.11672148486	487.903679018744	435.62893981316	-0.841247322210216	-6273.4687923162	-487.903679018693	-516.166009049011	-0.875804124412109
0.391	12007.4527474093	-174.094810355488	-79.8911542127081	1.62907682298446	-4798.05086215973	551.071378432861	515.076687537471	-0.326170634672744	-7209.40188524953	-376.976568077374	-425.556825830285	-1.30136095024239
0.392	8084.52230464242	-331.148007683459	-227.55555847083	1.40152126451363	711.756044924007	560.296371785905	535.146514247951	0.208975879575206	-8796.27834956642	-229.148364102447	-285.703875865089	-1.58706482610748
0.393	4791.14770034811	-455.786130775535	-379.472355963746	1.02204890854988	6557.50240098531	514.675652454172	505.168093771443	0.714143973346649	-11348.6501013334	-58.8895216786386	-124.352771803187	-1.71141759791067
0.394	2135.39177713485	-535.808731738593	-494.1588599243	0.527890048625583	10229.4626621709	418.6748943041	437.148022228018	1.15129199557467	-12364.8544393058	117.133837434491	33.5182235815576	-1.67789937432911
0.395	575.564562229944	-563.382640840131	-546.454357957766	-0.0185643093321828	11071.4455772373	281.691320420022	344.847853638997	1.49613984921366	-11647.0101394672	281.691320420106	203.10048146248	-1.47479889286663
0.396	-1769.53903007544	-535.808731738564	-547.174102822779	-0.565738412154962	11391.8399052355	117.133837434396	188.641743613153	1.68478159282682	-9622.30087516005	418.674894304164	340.004611182687	-1.13479428168394
0.397	-5518.84298072712	-455.786130775474	-482.567672695662	-1.04830608485062	10268.8323686891	-58.8895216787426	25.4406120884114	1.71022220491523	-4749.98938796195	514.675652454214	437.664911780644	-0.697129369903301
0.398	-9771.17890159598	-331.148007683375	-365.293414862801	-1.41359949971343	8956.39178858778	-229.148364102542	-139.461152853715	1.57076105206151	814.787113008197	560.296371785916	511.177575183713	-0.185951794719588
0.399	-12994.9342733216	-174.094810355396	-218.913384844025	-1.63251288455745	8061.16667033959	-376.976568077445	-293.9246650473	1.27683638701421	4933.76760298201	551.071378432841	545.575662053799	0.359623867334211
0.4	-13676.0210224448	4.52899939773488E-11	-76.4487469208519	-1.7089616314783	7404.6584886979	-487.903679018742	-435.696974637761	0.841139412376454	6271.36253374687	487.903679018696	516.136352592417	0.875760219926628
0.401	-12005.7234456742	174.094810355482	79.9093734795231	-1.62905225799878	4791.49949711551	-551.071378432859	-514.896886810056	0.326242525566397	7214.22394855871	376.976568077378	425.587647088037	1.30134786701466
0.402	-8084.86580184129	331.148007683461	227.542210004501	-1.40151004799428	-717.245690192106	-560.296371785904	-535.177163123554	-0.208934637557157	8802.1114920334	229.148364102445	285.66849653068	1.58701636354535
0.403	-4786.46823113114	455.786130775536	379.435835428146	-1.02207421256613	-6561.58224957847	-514.675652454171	-505.178123570258	-0.714112761127415	11348.0504807096	58.8895216786287	124.39021551157	1.71140657905692
0.404	-2141.41802554641	535.808731738591	494.204467274532	-0.5278697452916	-10227.3545581584	-418.674894304104	-437.211645047815	-1.15132440617523	12368.7725837048	-117.133837434485	-33.5722126653788	1.67783436639154
0.405	-585.172032051693	563.382640840131	546.424514809365	0.0185547695177646	-11062.2201220576	-281.691320420021	-344.952969438873	-1.4962773756141	11647.3921541093	-281.691320420108	-203.135059197035	1.4746993071945
0.406	1769.00568064032	535.808731738563	547.216942286004	0.565771711803769	-11388.5037215559	-117.133837434395	-188.507090993864	-1.68478446660797	9619.49804091563	-418.674894304171	-339.884127828475	1.13481517936603
0.407	5516.75288171574	455.786130775473	482.602914727174	1.04837462653094	-10264.9205815841	58.8895216787446	-25.4213749325993	-1.71020584154057	4748.16769986838	-514.675652454215	-437.64565408194	0.697169525284088
0.408	9771.02927077256	331.148007683373	365.222611957562	1.4135972384885	-8954.40183165905	229.148364102544	139.413539940072	-1.57079230160049	-816.627439113512	-560.296371785917	-511.235377870042	0.185934147414045
0.409	12991.7552272471	174.094810355379	218.957991769647	1.63255523025815	-8049.97314258607	376.976568077459	293.886395675118	-1.27690590592538	-4941.78208466099	-551.071378432835	-545.509241631254	-0.359575094217208
0.41	13671.1330249336	-5.51807488591294E-11	76.3956995358812	1.70895092979403	-7397.37522709502	487.903679018746	435.652262718715	-0.841253643206661	-6273.75779783859	-487.903679018687	-516.236320354007	-0.875811414571216
0.411	12010.1999184674	-174.094810355484	-79.8853697401805	1.62906556005385	-4800.024329726	551.07137843286	515.084042478593	-0.326169600728068	-7210.17558874136	-376.976568077371	-425.545193959627	-1.30135660853084
0.412	8086.6605592036	-331.148007683462	-227.565068665077	1.40150049138878	713.327623353432	560.296371785904	535.111289724949	0.208941688996881	-8799.98818255703	-229.148364102436	-285.696231644493	-1.58705284017534
0.413	4794.17638212016	-455.786130775533	-379.491344026469	1.02200914736231	6556.19400051236	514.675652454174	505.174608181701	0.714116297178581	-11350.3703826325	-58.8895216786347	-124.376513822372	-1.71142935399771
0.414	2151.79230069946	-535.808731738597	-494.212301114979	0.527796846247328	10215.639569622	418.674894304093	437.269872747569	1.15138616992615	-12367.4318703215	117.13383743451	33.5621887610491	-1.67786716523666
0.415	585.743545064211	-563.382640840131	-546.387068476878	-0.0185902222295507	11062.3945999436	281.691320420026	344.854992016966	1.49624116194312	-11648.1381450078	281.691320420116	203.124858788337	-1.47474230644832
0.416	-1766.03025621059	-535.808731738565	-547.192566888931	-0.565782789118481	11387.8914827509	117.133837434408	188.553010555881	1.684794172499	-9621.86122654035	418.674894304167	339.936019275554	-1.13480628717277
0.417	-5519.77619646935	-455.786130775472	-482.520480027038	-1.04830326914552	10267.31398594	-58.8895216787385	25.4451077077233	1.71023928020672	-4747.53778947066	514.675652454219	437.670251350533	-0.697136035822234
0.418	-9771.7836418252	-331.148007683378	-365.299115743221	-1.41360238488874	8954.24599628965	-229.148364102531	-139.46019147314	1.57077908873358	817.537645535554	560.296371785916	511.170563391339	-0.185965472430895
0.419	-12988.9125646696	-174.094810355384	-218.952901039669	-1.63255528592841	8054.88905589174	-376.976568077448	-293.891447696957	1.27688764103662	4934.02350877785	551.071378432836	545.595732847414	0.359630260416519
0.42	-13672.5563522512	4.91269247504533E-11	-76.4324086932524	-1.70898769462166	7398.23050941695	-487.903679018739	-435.691271266778	0.841196369769847	6274.32584283421	487.90367901869	516.120005638374	0.875750266054893
0.421	-12008.6888105264	174.094810355478	79.9184017079115	-1.62906929291375	4797.00117545873	-551.071378432857	-515.006401327793	0.326189968442054	7211.68763506767	376.976568077375	425.590667950864	1.30134093400576
0.422	-8082.80638542795	331.148007683457	227.544680837709	-1.40152461207604	-717.736444528306	-560.296371785906	-535.104685648263	-0.208914717206209	8800.54282995625	229.148364102441	285.697946150063	1.58703888015582
0.423	-4795.47175411491	455.786130775539	379.537181766985	-1.02198743030906	-6556.22915609369	-514.675652454173	-505.18886290927	-0.714103580115479	11351.7009102086	58.8895216786248	124.384140544406	1.71142302070023
0.424	-2145.45749204493	535.808731738595	494.12359689197	-0.527863833417085	-10223.5697599737	-418.674894304102	-437.255168501717	-1.1513587486172	12369.0272520187	-117.133837434505	-33.6027388902294	1.67782028181
0.425	-576.518364630875	563.382640840131	546.396276753651	0.0185324433365655	-11065.7375871697	-281.691320420018	-344.850788701909	-1.49620953731911	11642.2559518006	-281.691320420125	-203.044105269562	1.47477617654043
0.426	1772.09064189509	535.808731738561	547.186475967359	0.565718919303925	-11392.145123074	-117.133837434399	-188.568595013973	-1.68477813233308	9620.0544811789	-418.674894304174	-339.983863129107	1.13479231341133
0.427	5517.76392902321	455.786130775475	482.619178214795	1.04833809751872	-10267.130031144	58.8895216787325	-25.425591530005	-1.71020372386308	4749.36610212076	-514.675652454217	-437.646451372927	0.697145862038401
0.428	9774.22061820488	331.14800768337	365.257386878407	1.41359548439713	-8953.73289264882	229.14836410254	139.445075364466	-1.57075864849862	-820.487725556052	-560.296371785917	-511.152207964439	0.185993654073962
0.429	12991.6138458749	174.09481035539	218.937114169448	1.63253259856658	-8055.68339388307	376.976568077444	293.887044140134	-1.27687160435848	-4935.93045199182	-551.071378432838	-545.61433422003	-0.359620680146068
0.43	13667.9505648573	-5.90603121963795E-11	76.4442510245742	1.70897684959115	-7394.29633226602	487.903679018744	435.624071113273	-0.841247533245212	-6273.65423259129	-487.903679018685	-516.172311866317	-0.875792992012385
0.431	12006.6833645366	-174.094810355487	-79.8967995694726	1.62908005002168	-4797.20474891698	551.071378432859	515.069320922862	-0.32617821232235	-7209.47861561957	-376.976568077368	-425.56429985129	-1.30135729186367
0.432	8083.64933411099	-331.148007683453	-227.562511482878	1.4015175385388	712.448303016055	560.296371785906	535.139177779045	0.208960965456695	-8796.09763712704	-229.148364102447	-285.713555390614	-1.58707084725429
0.433	4790.29175381875	-455.786130775535	-379.471294384953	1.02204624415385	6557.92888551183	514.675652454175	505.170351521018	0.714131316977713	-11348.2206393306	-58.8895216786308	-124.353731726719	-1.71142457898101
0.434	2134.50662280696	-535.808731738598	-494.154671819812	0.527891572334034	10229.612527984	418.674894304095	437.153295578005	1.15128461255572	-12364.1191507909	117.133837434514	33.5195950500993	-1.67790498393091
0.435	574.935464732805	-563.382640840131	-546.446282254253	-0.018554709920219	11071.1971060027	281.691320420023	344.859850376975	1.49614446293269	-11646.1325707355	281.69132042012	203.108596815902	-1.47479638711501
0.436	-1770.14669905967	-535.808731738564	-547.172363017728	-0.565727072937947	11391.419762414	117.133837434405	188.64460692224	1.68478906985493	-9621.27306335428	418.67489430417	340.00481675323	-1.13479157036178
0.437	-5519.36166952442	-455.786130775469	-482.571904079752	-1.0482989770177	10268.3151973809	-58.8895216787424	25.4375427904883	1.71022661264542	-4748.95352785652	514.675652454221	437.660493386888	-0.697131076974889
0.438	-9771.35775569993	-331.148007683375	-365.302904414024	-1.41360188143172	8955.77849726092	-229.148364102535	-139.467723553574	1.57075888909185	815.579258439012	560.296371785916	511.171300656419	-0.18595977631847
0.439	-12994.6726323082	-174.094810355381	-218.921580309896	-1.63252346174162	8060.33918757697	-376.976568077452	-293.928282522804	1.27683060656904	4934.33344473124	551.071378432836	545.571499232937	0.359611722914467
0.44	-13675.6155482643	5.29354338141275E-11	-76.4456407765666	-1.70896910251819	7403.89326802862	-487.903679018741	-435.692836757373	0.84113776981167	6271.72228023569	487.903679018688	516.141666564018	0.875753389478486
0.441	-12005.2073031366	174.094810355497	79.9142901664893	-1.6290548123517	4790.70472234315	-551.071378432861	-514.890509247335	0.326247260564335	7214.50258079346	376.976568077361	425.593868499015	1.3013472579775
0.442	-8084.26060571693	331.148007683461	227.547828501178	-1.40150698385052	-717.942235296718	-560.296371785905	-535.171021749545	-0.208923761185209	8802.20284101365	229.148364102438	285.676071484368	1.58702332946187
0.443	-4785.87245823613	455.786130775532	379.43478177218	-1.02207220207834	-6562.09093609007	-514.675652454178	-505.179918156889	-0.714103679342098	11347.9633943262	58.8895216786369	124.390522748435	1.7114138522103
0.444	-2140.79082219861	535.808731738596	494.200834139996	-0.527871367938342	-10227.6521591927	-418.674894304099	-437.215989005209	-1.15131966834731	12368.4429813913	-117.133837434508	-33.5737068415938	1.67784014536871
0.445	-584.756612789572	563.382640840131	546.417853578005	0.0185464856396628	-11062.1918382614	-281.691320420014	-344.962819141514	-1.49628248748882	11646.9484510509	-281.691320420128	-203.14194811353	1.47469819725518
0.446	1769.40525049969	535.80873173856	547.215660852862	0.565762146492524	-11388.3417905407	-117.133837434395	-188.509201023225	-1.68479168851205	9618.93654004099	-418.674894304177	-339.884343582161	1.13481385367302
0.447	5517.07934861595	455.786130775473	482.606497934136	1.04836864442666	-10264.6573454638	58.8895216787363	-25.4188537869342	-1.71021054229898	4747.57799684783	-514.675652454218	-437.641943181784	0.697171910491235
0.448	9771.08365980536	331.148007683367	365.230547912981	1.41359919233964	-8954.03535274611	229.148364102544	139.418990610007	-1.57079155168897	-817.04830705925	-560.296371785917	-511.229986273376	0.185941924217859
0.449	12991.4635198509	174.094810355386	218.964644645173	1.63256383698481	-8049.41343610983	376.976568077447	293.889297662312	-1.27690225402666	-4942.05008374103	-551.071378432837	-545.505718415514	-0.359563794197656
0.45	13670.7457355655	-6.29114538241993E-11	76.3930051924158	1.70895684217723	-7396.86707430505	487.903679018746	435.648894014734	-0.841253360011928	-6273.87866126043	-487.903679018683	-516.240650711274	-0.87580444490893
0.451	12009.7422027642	-174.094810355491	-79.8895242824356	1.62906731789479	-4799.50329317746	551.07137843286	515.078930885902	-0.326174429126026	-7210.23890958674	-376.976568077365	-425.550324248486	-1.30135476915742
0.452	8086.13534871961	-331.148007683456	-227.56970569539	1.4014976121994	713.752624466442	560.296371785906	535.106407558377	0.20893197843235	-8799.88797318605	-229.148364102443	-285.702591614501	-1.58705736077192
0.453	4793.65976683978	-455.786130775537	-379.490444613088	1.02200716758632	6556.4556003319	514.675652454174	505.176235884269	0.71410821431662	-11350.1153671717	-58.889521678627	-124.376872337491	-1.71143423310941
0.454	2151.25390384856	-535.808731738595	-494.209313682284	0.527797853904034	10215.7336390079	418.674894304103	437.27348935843	1.15138170367505	-12366.9875428564	117.133837434502	33.5634185828972	-1.67787081452651
0.455	585.373838528114	-563.382640840131	-546.381556568825	-0.018583702664792	11062.2413093793	281.691320420019	344.863008239998	1.49624471191505	-11647.6151479074	281.691320420123	203.130535512756	-1.47474027901375
0.456	-1766.39158041432	-535.808731738558	-547.191566577448	-0.56577526924224	11387.6380987318	117.133837434385	188.554640849281	1.68479935276433	-9621.24651831746	418.674894304183	339.93606363206	-1.13480421538169
0.457	-5520.08335591467	-455.786130775467	-482.523446540153	-1.04829871578239	10266.9993142055	-58.8895216787462	25.44286625044	1.71024221901477	-4746.91595829083	514.675652454222	437.667164813091	-0.697137050568603
0.458	-9771.87453903471	-331.148007683372	-365.305568265458	-1.41360428404785	8953.87065574152	-229.148364102538	-139.464786078329	1.57077743293644	818.003883293196	560.296371785917	511.166187046183	-0.185970863522421
0.459	-12988.7227972495	-174.094810355377	-218.958248448578	-1.63256253249643	8054.37281484654	-376.976568077454	-293.893845155396	1.27688358778104	4934.34998240294	551.071378432835	545.592952653809	0.359622089131389
0.46	-13672.2910152201	5.68860514249536E-11	-76.4300640395927	-1.70899259653602	7397.76227241126	-487.903679018743	-435.688427314136	0.841195160466908	6274.52874280889	487.903679018686	516.123622991188	0.875745712122576
0.461	-12008.3660078817	174.0948103555	79.9219779012137	-1.62907061863481	4796.51797471627	-551.071378432862	-515.002013101955	0.326193147364952	7211.8480331654	376.976568077358	425.59494144318	1.30134065356576
0.462	-8082.42664750671	331.148007683464	227.548447328551	-1.40152217130626	-718.154315578307	-560.296371785905	-535.100616105716	-0.208907468740763	8800.58096308501	229.148364102434	285.702985110087	1.58704363867584
0.463	-4795.09768636911	455.786130775534	379.536339091361	-1.0219858322149	-6556.52882673438	-514.675652454176	-505.190179602665	-0.714097648343428	11351.6265131035	58.889521678633	124.384165762567	1.71142780443841
0.464	-2145.06258486607	535.808731738598	494.121030782147	-0.527864801432749	-10223.7401061472	-418.674894304096	-437.258160808499	-1.15135580915193	12368.8026910133	-117.133837434512	-33.6039599159139	1.6778238445225
0.465	-576.264430161041	563.382640840131	546.39173934529	0.0185269379125407	-11065.7051883203	-281.691320420025	-344.857375983846	-1.49621318513577	11641.9696184814	-281.691320420118	-203.048896950162	1.47477494757233
0.466	1772.34036214397	535.808731738559	547.185723106991	0.565712661019532	-11392.0349695929	-117.133837434391	-188.569798061009	-1.68478298319678	9619.6946074489	-418.674894304179	-339.983910902696	1.13479103666964
0.467	5517.96953123564	455.786130775461	482.621680378491	1.04833434139802	-10266.9592470813	58.8895216787561	-25.4237286426611	-1.71020671183944	4748.98971584567	-514.675652454226	-437.643862358931	0.697147174310708
0.468	9774.25249586315	331.148007683377	365.262766572032	1.41359710797006	-8953.5000960945	229.148364102533	139.448891879875	-1.57075781995957	-820.752399768647	-560.296371785916	-511.148480384392	0.185998693926316
0.469	12991.4237704559	174.094810355383	218.941443047239	1.63253855101729	-8055.32625524801	376.97656807745	293.888964370073	-1.2768688555895	-4936.0975152079	-551.071378432836	-545.612013233139	-0.359613319306823
0.47	13667.7105447106	-6.67910171614494E-11	76.4422408186787	1.70898079183597	-7393.97953489874	487.903679018748	435.621752679191	-0.841247102910305	-6273.73100981191	-487.903679018681	-516.175271435196	-0.875788590742019
0.471	12006.4082136982	-174.094810355495	-79.8998154243249	1.62908097641165	-4796.88120168949	551.071378432861	515.065776403986	-0.32618132650632	-7209.52701200875	-376.976568077362	-425.567813797817	-1.30135640453984
0.472	8083.32979029582	-331.148007683472	-227.565616678086	1.40151535973356	712.709954904653	560.296371785904	535.135922931026	0.208954596424706	-8796.03974520047	-229.148364102425	-285.717770750926	-1.58707417529076
0.473	4789.97626696338	-455.78613077554	-379.470562447669	1.02204479728589	6558.08971583343	514.675652454172	505.17152675297	0.714126123177677	-11348.0659827968	-58.8895216786231	-124.353788877782	-1.71142796416854
0.474	2134.17585457903	-535.808731738595	-494.152555415573	0.52789224187032	10229.6713173438	418.6748943041	437.155780685471	1.15128190386315	-12363.8471719228	117.133837434506	33.5206138641477	-1.6779073503044
0.475	574.717234025121	-563.382640840131	-546.442526343483	-0.0185502844731631	11071.100944561	281.691320420016	344.865223978242	1.49614712784139	-11645.8181785861	281.691320420126	203.112553670412	-1.47479479663398
0.476	-1770.36356020346	-535.808731738561	-547.171793712521	-0.565722078185684	11391.2652182029	117.133837434397	188.645521969312	1.6847926498107	-9620.90165799941	418.674894304175	340.004776009441	-1.13479002062454
0.477	-5519.5452717059	-455.786130775465	-482.573980048407	-1.04829605823409	10268.1217411742	-58.8895216787501	25.4359223635161	1.71022857217422	-4748.57646946828	514.675652454224	437.658340077374	-0.697131680547168
0.478	-9771.40258924662	-331.148007683356	-365.307300150046	-1.41360335838414	8955.54702072853	-229.148364102556	-139.47093096633	1.57075764120789	815.855568518089	560.296371785919	511.168259023039	-0.185963421524129
0.479	-12994.5371051355	-174.094810355389	-218.925083709072	-1.63252844209321	8060.01478897	-376.976568077445	-293.92987259104	1.27682776861685	4934.52231616552	551.071378432837	545.569646102125	0.359606224577997
0.48	-13675.4408010117	6.0708771343343E-11	-76.4439090835767	-1.70897235117678	7403.60515483647	-487.903679018745	-435.690880404034	0.841136888212815	6271.83564617524	487.903679018684	516.144142780469	0.875750367358465
0.481	-12005.0046686331	174.094810355504	79.9168749248726	-1.62905547625191	4790.40954693457	-551.071378432863	-514.887484121874	0.32624940409094	7214.59512169854	376.976568077355	425.596806836832	1.3013471741953
0.482	-8084.0219968688	331.148007683467	227.550360411104	-1.40150511584081	-718.193656877396	-560.296371785904	-535.16832004393	-0.20891891595299	8802.21565374619	229.148364102431	285.679427311018	1.58702660150631
0.483	-4785.63723408472	455.786130775545	379.43412614491	-1.0220709896959	-6562.26758744471	-514.675652454168	-505.180878750585	-0.714099794703575	11347.9048215294	58.8895216786133	124.390423159613	1.71141702466593
0.484	-2140.54149142504	535.808731738599	494.199028442234	-0.527871961253663	-10227.749009387	-418.674894304094	-437.218051060721	-1.1513178457643	12368.290500812	-117.133837434516	-33.574658224945	1.67784236644098
0.485	-584.600868403979	563.382640840131	546.414753328148	0.0185427920744847	-11062.1622253639	-281.691320420021	-344.967238725271	-1.49628508448957	11646.7630937679	-281.691320420121	-203.145275824268	1.47469709061671
0.486	1769.56123405613	535.808731738558	547.215237893329	0.565758029967814	-11388.2674465315	-117.133837434387	-188.509865717208	-1.68479495020678	9618.70621247538	-418.674894304182	-339.884311737654	1.13481277887906
0.487	5517.20817864467	455.786130775468	482.608242004238	1.04836627197205	-10264.5456749466	58.889521678744	-25.4175051405945	-1.71021245534737	4747.33749630196	-514.675652454221	-437.640140633714	0.697172638245347
0.488	9771.10089318594	331.148007683361	365.234202360004	1.41360047433206	-8953.88646942533	229.148364102551	139.421656149598	-1.57079079919777	-817.21442376061	-560.296371785918	-511.227412686315	0.185945225559032
0.489	12991.3379198448	174.094810355379	218.967481316997	1.63256795564905	-8049.18375251285	376.976568077453	293.89057800912	-1.27690022118865	-4942.15416733197	-551.071378432835	-545.504171979515	-0.359558946420483
0.49	13670.5940970197	-5.46833689440973E-11	76.3915208595718	1.70895947650862	-7396.66803587681	487.903679018742	435.64728216774	-0.841252939020913	-6273.9260611429	-487.903679018687	-516.24269861417	-0.875801645034653
0.491	12009.5744514792	-174.094810355498	-79.8916943963273	1.6290677821123	-4799.30164969395	551.071378432861	515.076479110814	-0.326176459910098	-7210.27280178525	-376.976568077359	-425.552739189541	-1.30135438422419
0.492	8085.93876405171	-331.148007683462	-227.571784594986	1.40149599751731	713.914523720343	560.296371785905	535.1042370732	0.208927777163101	-8799.85328777206	-229.148364102436	-285.705382528221	-1.58705976675241
0.493	4793.46552644426	-455.786130775542	-379.489877464503	1.02200612005281	6556.55397096967	514.67565245417	505.177084383749	0.71410486154685	-11350.0194974139	-58.8895216786193	-124.376802318987	-1.7114365690714
0.494	2151.04912871157	-535.808731738602	-494.207823582291	0.527798296470518	10215.7692504063	418.674894304087	437.275198770148	1.151380060317	-12366.8183791179	117.133837434526	33.5642179799669	-1.67787235109144
0.495	585.243717359863	-563.382640840131	-546.378990063258	-0.0185806935927396	11062.1795906594	281.691320420027	344.86661934905	1.49624667966605	-11647.4233080192	281.691320420116	203.133283427022	-1.47473906766441
0.496	-1766.52260544727	-535.80873173856	-547.191255425691	-0.565771949018431	11387.5425446375	117.133837434393	188.555142049043	1.68480182171509	-9621.01993919024	418.674894304178	339.935992576023	-1.13480307508839
0.497	-5520.19386219729	-455.786130775462	-482.52489675097	-1.0482968457694	10266.8791728526	-58.8895216787539	25.4417022974087	1.7102435240125	-4746.68531065526	514.675652454225	437.665665368768	-0.697137409719622
0.498	-9771.89549213948	-331.148007683366	-365.30856398846	-1.41360540975786	8953.72662840001	-229.148364102545	-139.467017820369	1.57077650619213	818.168863739473	560.296371785917	511.164078746336	-0.185973330973287
0.499	-12988.6269012995	-174.09481035537	-218.9605483459	-1.63256595810376	8054.16698257504	-376.97656807746	-293.894893772828	1.2768816124193	4934.45991872446	551.071378432833	545.591721023069	0.359618390049782
0.5	-13672.1765592	6.46309672447387E-11	-76.4287925080955	-1.70899475061186	7397.58349223802	-487.903679018747	-435.687078160212	0.84119453425909	6274.59306696193	487.903679018682	516.125318016855	0.875743708066637
0.501	-12008.2387777053	174.094810355493	79.9238236259443	-1.62907092698591	4796.3364927884	-551.07137843286	-514.999933030121	0.326194601228969	7211.90228491685	376.976568077364	425.596962513886	1.30134067058052
0.502	-8082.2759760016	331.148007683457	227.550145977887	-1.40152078100802	-718.306531882146	-560.296371785905	-535.09881885554	-0.208904217626571	8800.58250788375	229.148364102442	285.705226243212	1.58704589682373
0.503	-4794.94912806446	455.786130775538	379.535838555522	-1.0219849424525	-6556.63330242441	-514.675652454173	-505.190878993331	-0.714095096619902	11351.5824304889	58.8895216786253	124.384023107028	1.71142991993076
0.504	-2144.90480168358	535.808731738595	494.119765389247	-0.527865177063256	-10223.7950968875	-418.674894304102	-437.259583030106	-1.15135467965001	12368.6998985711	-117.133837434504	-33.6046844918141	1.67782523543895
0.505	-576.169654945095	563.382640840131	546.389627131646	0.0185244500683899	-11065.6801536048	-281.691320420018	-344.860351230473	-1.49621503088048	11641.8498085499	-281.691320420124	-203.051201006633	1.47477403443231
0.506	1772.4380255681	535.808731738562	547.185482231054	0.565709932299444	-11391.9844785665	-117.133837434399	-188.570158986219	-1.6847851898667	9619.54645299842	-418.674894304174	-339.983846968258	1.13479018746406
0.507	5518.0502666928	455.786130775475	482.62290040321	1.04833283270265	-10266.8860490545	58.889521678732	-25.4227530211448	-1.71020794288784	4748.83578236168	-514.675652454217	-437.642607426203	0.697147580037854
0.508	9774.26057633953	331.14800768337	365.26525862389	1.41359809132654	-8953.40415432234	229.14836410254	139.450748419571	-1.57075719446827	-820.856422017188	-560.296371785917	-511.146704540008	0.186000875497845
0.509	12991.3390348123	174.094810355391	218.943300775193	1.63254139210174	-8055.17743962724	376.976568077444	293.889807269394	-1.27686738719888	-4936.16159518502	-551.071378432838	-545.610994600898	-0.359610119103053
0.51	13667.6137262525	-5.85345105719171E-11	76.4411609186395	1.70898255302038	-7393.85377627724	487.903679018744	435.620642168578	-0.841246745030301	-6273.7599499753	-487.903679018685	-516.176676785644	-0.875786795888697
0.511	12006.3051899945	-174.094810355502	-79.9013647038169	1.62908118831656	-4796.75441439193	551.071378432862	515.064079468433	-0.326182665561868	-7209.55077560255	-376.976568077357	-425.569469555798	-1.3013562654445
0.512	8083.20773772925	-331.148007683452	-227.567014041823	1.40151417427474	712.810404528456	560.296371785906	535.134472077424	0.208951806515556	-8796.01814225771	-229.148364102447	-285.719634691038	-1.58707590013553
0.513	4789.85525876702	-455.786130775535	-379.470126422677	1.02204404785206	6558.15023209228	514.675652454175	505.172138022005	0.714123944537561	-11348.0054908593	-58.8895216786314	-124.353670325947	-1.71142957046148
0.514	2134.04759789061	-535.808731738598	-494.151506192911	0.527892541659149	10229.693190064	418.674894304095	437.156959243659	1.15128090378122	-12363.7407879546	117.133837434514	33.5212263102953	-1.67790834415118
0.515	574.63963945621	-563.382640840131	-546.440778480917	-0.0185482368217678	11071.0607617336	281.691320420023	344.867659776596	1.49614856355782	-11645.7004011898	281.691320420119	203.114459921184	-1.47479388423
0.516	-1770.44363009465	-535.808731738559	-547.171626780623	-0.565719863602391	11391.2054887401	117.133837434389	188.645786549487	1.6847943501073	-9620.7618586454	418.67489430418	340.004691801379	-1.13478919242862
0.517	-5519.61256366777	-455.786130775469	-482.574992659639	-1.04829485626203	10268.0464069875	-58.8895216787418	25.4350907603622	1.71022944086767	-4748.43384331978	514.675652454221	437.657296102987	-0.697131896325635
0.518	-9771.4115162382	-331.148007683375	-365.309346574733	-1.41360420283676	8955.45668782395	-229.148364102534	-139.472482499912	1.57075695836775	815.954828414253	560.296371785916	511.166800309233	-0.185965096016402
0.519	-12994.4700469947	-174.094810355381	-218.92660132046	-1.63253080415722	8059.88355940197	-376.976568077451	-293.930571175525	1.27682638719223	4934.58648759277	551.071378432836	545.568824111885	0.359603728095483
0.52	-13675.3650041674	5.2480686463241E-11	-76.4429880679196	-1.70897379222514	7403.49341979978	-487.903679018741	-435.689943033901	0.841136444158327	6271.87158436763	487.903679018688	516.145312678742	0.875749040774226
0.521	-12004.9243914884	174.094810355496	79.9181912161304	-1.62905560100901	4790.29735282728	-551.071378432861	-514.886051161864	0.326250392996463	7214.62703866107	376.976568077361	425.598197828263	1.30134723860249
0.522	-8083.92668570878	331.148007683473	227.551504979032	-1.40150409602998	-718.286094916735	-560.296371785903	-535.167121306818	-0.208916728310355	8802.21278062552	229.148364102424	285.680927099987	1.58702816570248
0.523	-4785.54317031025	455.786130775531	379.433748903802	-1.02207034712618	-6562.32957884771	-514.675652454178	-505.1813845548	-0.714098112865155	11347.872749158	58.8895216786375	124.390276872895	1.71141844257537
0.524	-2140.44089725471	535.808731738596	494.198140729268	-0.527872206396909	-10227.7800171851	-418.674894304099	-437.219032973377	-1.15131714583853	12368.2209144398	-117.133837434508	-33.5751947548322	1.67784324782054
0.525	-584.542565175213	563.382640840131	546.413309701489	0.0185411033045795	-11062.1427865074	-281.691320420015	-344.969244742384	-1.49628639058092	11646.6853516826	-281.691320420128	-203.146872193513	1.47469637562702
0.526	1769.62232653367	535.808731738561	547.215113243388	0.565756216547968	-11388.2333171168	-117.133837434395	-188.51005274516	-1.68479644332608	9618.61099058317	-418.674894304176	-339.884240007717	1.13481213561931
0.527	5517.25868418686	455.786130775464	482.609092292026	1.04836530883999	-10264.497425631	58.8895216787517	-25.4168082925079	-1.71021325161858	4747.23874144417	-514.675652454225	-437.639267909812	0.697172867709496
0.528	9771.10411932297	331.148007683367	365.235901258802	1.4136012100988	-8953.82440930232	229.148364102543	139.422946941486	-1.5707903046771	-817.27971002065	-560.296371785917	-511.226188014272	0.185946679695224
0.529	12991.2805839134	174.094810355387	218.968709422035	1.63256991952083	-8049.08679568594	376.976568077446	293.891140615454	-1.27689916406164	-4942.19378822743	-551.071378432837	-545.503490788822	-0.359556811093598
0.53	13670.5312960256	-6.23714413450216E-11	76.3907368103482	1.70896065633118	-7396.58803173498	487.903679018745	435.646506275077	-0.841252657786568	-6273.94326429057	-487.903679018684	-516.243677286967	-0.875800488380564
0.531	12009.5102900544	-174.09481035549	-79.8927933956066	1.62906786293557	-4799.22169638754	551.07137843286	515.075307687388	-0.32617735009918	-7210.28859366685	-376.976568077365	-425.553877075284	-1.30135436545585
0.532	8085.86218045422	-331.148007683468	-227.572723086258	1.40149513984932	713.977277919064	560.296371785904	535.103266334682	0.208925916235502	-8799.83945837328	-229.148364102429	-285.706624138877	-1.58706098959472
0.533	4793.38969336148	-455.786130775546	-379.48955264389	1.02200558720543	6556.59098862833	514.675652454167	505.177524476049	0.714103440711551	-11349.9806819898	-58.8895216786116	-124.376680100849	-1.71143766969557
0.534	2150.96849791897	-535.808731738594	-494.207091793171	0.527798495412254	10215.7820905668	418.674894304104	437.27601004091	1.15137945075246	-12366.7505884858	117.133837434502	33.5646724931618	-1.67787299720241
0.535	585.196649197307	-563.382640840131	-546.377792330629	-0.0185792969183753	11062.1531012647	281.69132042002	344.868263566703	1.49624771431916	-11647.349750462	281.691320420123	203.13460114624	-1.47473839605617
0.536	-1766.57171305643	-535.808731738558	-547.191174222244	-0.565770471140619	11387.5047796685	117.133837434386	188.555275932762	1.68480299025193	-9620.9330666121	418.674894304183	339.935917185045	-1.13480247887113
0.537	-5520.23505796685	-455.786130775467	-482.525601920276	-1.0482960730609	10266.8315091477	-58.8895216787457	25.4411113471811	1.71024410159911	-4746.59645118081	514.675652454222	437.66493926617	-0.697137539604957
0.538	-9771.89858362367	-331.148007683359	-365.309960883207	-1.4136060339441	8953.66952767333	-229.148364102552	-139.46809345462	1.57077600814449	818.229055950343	560.296371785918	511.163071040491	-0.185974468564466
0.539	-12988.5799733477	-174.094810355378	-218.961550518722	-1.63256758446282	8054.08225470622	-376.976568077454	-293.895351883305	1.27688065626118	4934.49771864152	551.071378432835	545.591175573397	0.359616707008931
0.54	-13672.1269126106	5.63318280910607E-11	-76.4281272479825	-1.70899571171081	7397.51331218073	-487.903679018743	-435.686433434191	0.841194222826991	6274.61360042988	487.903679018686	516.126121183001	0.875742828191931
0.541	-12008.1880068339	174.0948103555	79.9247522195872	-1.62907095949122	4796.26657400334	-551.071378432861	-514.998945245508	0.326195277581483	7211.92143283053	376.976568077358	425.597920892421	1.30134074908435
0.542	-8082.21522966419	331.148007683463	227.550914569799	-1.40152004492142	-718.363224099317	-560.296371785905	-535.098018239585	-0.208902740658102	8800.5784537635	229.148364102435	285.706231115838	1.58704698020019
0.543	-4794.88917530735	455.786130775543	379.53555837035	-1.02198448655107	-6556.670254233	-514.67565245417	-505.191244344694	-0.714093985002796	11351.5594295404	58.8895216786177	124.383893375785	1.71143087357598
0.544	-2144.84067582136	535.808731738597	494.119147051266	-0.527865339499804	-10223.8125982042	-418.674894304097	-437.260260484368	-1.15135424548716	12368.6532740255	-117.133837434512	-33.6050797034142	1.67782579387256
0.545	-576.134283128976	563.382640840131	546.388642653895	0.0185233031540904	-11065.6650324496	-281.691320420025	-344.86171035368	-1.49621595584084	11641.7993155785	-281.691320420117	-203.052302774027	1.47477349109853
0.546	1772.47667278988	535.808731738559	547.18541392563	0.56570871707972	-11391.9614554657	-117.133837434392	-188.570249248415	-1.68478620508926	9619.48478267579	-418.674894304179	-339.983780212214	1.13478971088632
0.547	5518.08207832178	455.786130775462	482.623495786359	1.04833221286608	-10266.8542628045	58.8895216787556	-25.4222551362862	-1.71020846022555	4748.77218448271	-514.675652454226	-437.642000195948	0.697147710690373
0.548	9774.26100201913	331.148007683364	365.266422705177	1.41359863557126	-8953.36369380212	229.148364102547	139.451644234464	-1.57075681599108	-820.897308217011	-560.296371785917	-511.145860215151	0.186001850475222
0.549	12991.2996526684	174.094810355383	218.944108502015	1.63254274407327	-8055.11376368997	376.976568077449	293.890175093263	-1.27686664089782	-4936.18588897839	-551.071378432836	-545.610546164171	-0.359608695688949
0.55	13667.5727680186	-6.62936372464173E-11	76.4405997794679	1.70898334385274	-7393.80261222598	487.903679018748	435.620108327813	-0.841246532570006	-6273.77015579265	-487.903679018681	-516.177349550344	-0.875786045239293
0.551	12006.2651069016	-174.094810355494	-79.9021414028149	1.62908120244992	-4796.70349677186	551.071378432861	515.063269217848	-0.326183263352158	-7209.56161012979	-376.976568077363	-425.570249891311	-1.3013562951306
0.552	8083.15939365214	-331.148007683471	-227.567647128555	1.40151355532137	712.849679911546	560.296371785903	535.133821071818	0.20895055771966	-8796.00907356369	-229.148364102426	-285.720469426762	-1.58707676455737
0.553	4789.8071358185	-455.786130775539	-379.469883160481	1.02204367216089	6558.17311193598	514.675652454173	505.1724535082	0.71412301122786	-11347.9802477545	-58.8895216786238	-124.353559491835	-1.7114303240492
0.554	2133.99610538483	-535.8087317386	-494.150991436648	0.52789268072424	10229.7010997032	418.67489430409	437.157520039049	1.15128053126691	-12363.697205088	117.133837434521	33.5215629801127	-1.67790876106909
0.555	574.611386251272	-563.382640840131	-546.439963612667	-0.0185472828884274	11071.0430160161	281.691320420017	344.868775607605	1.49614930687451	-11645.6544022674	281.691320420126	203.115371860922	-1.47479338920817
0.556	-1770.47420907871	-535.808731738561	-547.171589344105	-0.565718872232533	11391.1813268886	117.133837434398	188.645846694922	1.68479515356944	-9620.70711780992	418.674894304175	340.004622021972	-1.13478876718619
0.557	-5519.6381842133	-455.786130775465	-482.575484508649	-1.04829435674118	10268.0159996206	-58.8895216787495	25.4346710823119	1.71022982465175	-4748.37781540726	514.675652454224	437.656790810113	-0.697131976376081
0.558	-9771.41192467131	-331.148007683356	-365.310303304542	-1.41360466004572	8955.42028381149	-229.148364102556	-139.47322809537	1.57075659655638	815.991640859817	560.296371785919	511.166104710728	-0.185965871665353
0.559	-12994.4375984339	-174.094810355374	-218.92726775454	-1.63253192780026	8059.82884985806	-376.976568077457	-293.930878936662	1.27682571761971	4934.60874857586	551.071378432834	545.568458574773	0.35960258690942
0.56	-13675.3318516148	6.01545480094501E-11	-76.4425118137271	-1.70897443961399	7403.44885230462	-487.903679018745	-435.689491135223	0.841136226484492	6271.88299931019	487.903679018684	516.145870822883	0.875748457732303
0.561	-12004.8921307935	174.094810355504	79.9188483978737	-1.62905559121612	4790.25356293258	-551.071378432862	-514.885370517326	0.326250855967166	7214.63856786089	376.976568077355	425.598857961504	1.30134731569381
0.562	-8083.88797589563	331.148007683466	227.552025023591	-1.40150356619253	-718.320888792972	-560.296371785904	-535.166584419695	-0.208915728452529	8802.2088646886	229.148364102431	285.681603008185	1.58702891870199
0.563	-4785.50487073967	455.786130775545	379.433541236255	-1.02207002495627	-6562.35176693241	-514.675652454168	-505.181646625378	-0.714097375077906	11347.8566376721	58.8895216786138	124.390167129883	1.71141908583187
0.564	-2140.39941922611	535.808731738599	494.197706810501	-0.52787231814577	-10227.789820947	-418.674894304094	-437.219501580763	-1.15131687665867	12368.1892401731	-117.133837434515	-33.5754789129397	1.67784360691893
0.565	-584.52058007207	563.382640840131	546.41263643206	0.0185403182862895	-11062.1318761978	-281.691320420008	-344.970164414102	-1.49628704107277	11646.6524562699	-281.691320420135	-203.147635219603	1.47469597169933
0.566	1769.64658916637	535.808731738558	547.215084709268	0.565755402995557	-11388.2176956386	-117.133837434388	-188.510092640517	-1.68479713371329	9618.57110647224	-418.674894304181	-339.884182024776	1.13481178967455
0.567	5517.27868314131	455.786130775469	482.609506729087	1.04836490972464	-10264.4763785321	58.8895216787435	-25.4164548916127	-1.7102135886049	4747.1976953908	-514.675652454221	-437.638845651877	0.697172944022678
0.568	9771.10353180922	331.148007683361	365.236696186959	1.4136016059116	-8953.79803343015	229.14836410255	139.423567851705	-1.5707900207532	-817.30549837907	-560.296371785918	-511.225605919259	0.185947338103419
0.569	12991.2536471778	174.09481035538	218.969248461763	1.63257085437337	-8049.04486398357	376.976568077452	293.891387004263	-1.27689863374893	-4942.20878319428	-551.071378432835	-545.50318925495	-0.359555851151532
0.57	13670.5041992526	-7.01021463100915E-11	76.3903330650313	1.7089611874384	-7396.55512525643	487.90367901875	435.646131201268	-0.841252502547665	-6273.94907399617	-487.903679018679	-516.244148939355	-0.875800000090887
0.571	12009.4848597876	-174.094810355498	-79.893338958102	1.6290678484803	-4799.18920958095	551.071378432861	515.074749349916	-0.326177753197749	-7210.2956502067	-376.97656807736	-425.554412616007	-1.30135441270689
0.572	8085.8313265155	-331.148007683462	-227.573149645508	1.40149469883479	714.002105516215	560.296371785905	535.102828930568	0.208925075732819	-8799.83343203171	-229.148364102437	-285.707182823815	-1.58706159553071
0.573	4793.35907456105	-455.786130775542	-379.489375406438	1.02200532342835	6556.60501157232	514.675652454171	505.177750825952	0.714102826558771	-11349.9640861334	-58.8895216786199	-124.376588510301	-1.71143818404101
0.574	2150.9357493892	-535.808731738602	-494.206736082008	0.527798587346341	10215.7865580797	418.674894304087	437.276395582348	1.15137922214112	-12366.7223074689	117.133837434525	33.5649146424903	-1.67787326939852
0.575	585.179112971182	-563.382640840131	-546.37723136082	-0.0185786440144783	11062.1412430359	281.691320420013	344.869019153725	1.49624824129484	-11647.3203560071	281.691320420129	203.135229330867	-1.47473804006765
0.576	-1766.5906932061	-535.80873173856	-547.191163109838	-0.565769807124316	11387.4892165731	117.133837434394	188.555299655466	1.68480354095031	-9620.89852336699	418.674894304177	339.935863228088	-1.13480217683957
0.577	-5520.25100858522	-455.786130775463	-482.525943267039	-1.04829575039135	10266.8119673269	-58.8895216787533	25.4408154105807	1.71024435636089	-4746.56095874163	514.675652454225	437.664587993619	-0.697137588845947
0.578	-9771.89794709135	-331.148007683366	-365.310614372778	-1.41360636476413	8953.64619243885	-229.148364102545	-139.468608857643	1.57077574750325	818.251754652505	560.296371785917	511.162591380392	-0.185974997465555
0.579	-12988.5572925002	-174.09481035537	-218.961992772123	-1.63256835753626	8054.04628255438	-376.97656807746	-293.895551196176	1.27688019630707	4934.51100994584	551.071378432833	545.590934113722	0.359615936648167
0.58	-13672.10517288	6.40483222014154E-11	-76.4277872021861	-1.70899614473844	7397.48495082086	-487.903679018747	-435.686124515362	0.841194071791709	6274.6202220591	487.903679018682	516.126503777435	0.875742440425603
0.581	-12008.167399856	174.094810355492	79.9252117471618	-1.62907093299128	4796.23885321679	-551.07137843286	-514.998475261595	0.326195596530115	7211.92854663922	376.976568077364	425.598376276779	1.30134081670238
0.582	-8082.19028409366	331.14800768347	227.551264016852	-1.40151966897443	-718.384921629392	-560.296371785904	-535.097658532899	-0.208902062002784	8800.57520572306	229.148364102428	285.706685024097	1.58704750172648
0.583	-4794.86449143428	455.786130775538	379.535407046167	-1.02198426192826	-6556.68363800864	-514.675652454173	-505.19143230678	-0.714093494309564	11351.5481294429	58.889521678626	124.383806789565	1.71143130851604
0.584	-2144.81404920825	535.8087317386	494.118846740674	-0.527865415187586	-10223.8181182879	-418.674894304092	-437.260583478472	-1.15135407778804	12368.6321674962	-117.133837434519	-33.6052852919402	1.6778260232241
0.585	-576.121035817099	563.382640840131	546.388182912976	0.0185227677253893	-11065.6567462257	-281.691320420005	-344.862337823754	-1.49621641561179	11641.7777820428	-281.691320420138	-203.052827978094	1.47477319524601
0.586	1772.49231865471	535.808731738557	547.185398630962	0.565708166356351	-11391.9510225898	-117.133837434384	-188.570260644775	-1.68478667625657	9619.45870393513	-418.674894304184	-339.983733502296	1.13478946174371
0.587	5518.09484214708	455.786130775466	482.623786479795	1.04833195283615	-10266.840374237	58.8895216787473	-25.4220045620976	-1.71020868081866	4748.74553208987	-514.675652454223	-437.64170636313	0.697147755380583
0.588	9774.25981129235	331.148007683358	365.266969951244	1.41359892278739	-8953.34632456594	229.148364102554	139.45207421799	-1.57075660660067	-820.913486726412	-560.296371785918	-511.145458993509	0.186002296387075
0.589	12991.2809852082	174.094810355376	218.944463600244	1.63254338638763	-8055.08587585487	376.976568077455	293.890334437732	-1.27686627216294	-4936.1951093533	-551.071378432835	-545.610348022192	-0.359608051635117
0.59	13667.5548290665	-7.3939077083196E-11	76.4403144473045	1.70898370083494	-7393.78133231135	487.903679018751	435.619851375139	-0.841246420787802	-6273.77349675517	-487.903679018677	-516.17767358833	-0.875785725223447
0.591	12006.2490181477	-174.094810355501	-79.902524664444	1.62908117617049	-4796.68252692222	551.071378432862	515.062882941816	-0.326183537845986	-7209.56649122547	-376.976568077357	-425.570616955231	-1.30135634217868
0.592	8083.13968459371	-331.148007683465	-227.567936183354	1.40151323998714	712.865362448881	560.296371785904	535.133526662241	0.208949988816255	-8796.00504704259	-229.148364102433	-285.720847374991	-1.58707718955367
0.593	4789.78736788465	-455.786130775544	-379.469752062766	1.02204348792437	6558.18186353074	514.675652454169	505.172614851753	0.714122603668008	-11347.9692314154	-58.8895216786161	-124.353486178085	-1.71143067573175
0.594	2133.9747493468	-535.808731738598	-494.150740267675	0.5278927476567	10229.7039663095	418.674894304096	437.157787271358	1.15128039093937	-12363.6787156563	117.133837434513	33.5217397457415	-1.67790893598601
0.595	574.600881108215	-563.382640840131	-546.439582954509	-0.0185468352978092	11071.0348775663	281.69132042001	344.86929183502	1.49614968277439	-11645.6357586745	281.691320420133	203.115806392882	-1.47479312959313
0.596	-1770.48626613616	-535.808731738554	-547.171588596921	-0.565718423894731	11391.17114285	117.133837434374	188.645849693234	1.68479553246762	-9620.68487671383	418.674894304191	340.004575291475	-1.13478855430166
0.597	-5519.64835778852	-455.78613077546	-482.575722620952	-1.04829414651568	10268.0033708115	-58.8895216787572	25.4344611208201	1.71022999358844	-4748.35501302297	514.675652454227	437.6565462643	-0.697132008037356
0.598	-9771.41094795105	-331.148007683363	-365.310752073827	-1.41360489858951	8955.40518158829	-229.148364102548	-139.473584534193	1.57075640905425	816.005766362763	560.296371785918	511.165774022567	-0.185966234014788
0.599	-12994.4220450496	-174.094810355367	-218.927564603303	-1.63253246319281	8059.80541198263	-376.976568077463	-293.931015177832	1.27682539387641	4934.61663306698	551.071378432832	545.568295278129	0.359602061263341
0.6	-13675.3171554846	6.78710421198048E-11	-76.4422700988983	-1.70897473329171	7403.4305254597	-487.903679018749	-435.689272009183	0.841136121867232	6271.88663002489	487.903679018681	516.146138702092	0.875748199965432
0.601	-12004.8789428306	174.094810355511	79.9191725331838	-1.62905556075853	4790.23599923782	-551.071378432865	-514.885046873061	0.326251074994171	7214.64294359279	376.976568077349	425.599171939835	1.30134737190527
0.602	-8083.87199902571	331.148007683473	227.552263181127	-1.4015032975774	-718.334330206792	-560.296371785903	-535.16634148434	-0.20891526649017	8802.20632923251	229.148364102424	285.681910053855	1.58702928195912
0.603	-4785.48895910312	455.78613077554	379.433429865732	-1.02206986771167	-6562.35995060019	-514.675652454172	-505.181780530249	-0.714097047020419	11347.8489097033	58.8895216786221	124.390098347704	1.71141938030683
0.604	-2140.38185349625	535.808731738601	494.197495219434	-0.527872372492234	-10227.7928888142	-418.674894304089	-437.21972561416	-1.15131677263458	12368.1747423105	-117.133837434523	-33.575623552665	1.67784375675416
0.605	-584.512175536183	563.382640840131	546.41232186139	0.0185399493691554	-11062.1261916605	-281.691320420015	-344.970589752421	-1.496287362387	11646.6383671967	-281.691320420127	-203.147999587077	1.47469575716708
0.606	1769.65641465502	535.808731738556	547.215083210942	0.565755032580097	-11388.2105377042	-117.13383743438	-188.510093277648	-1.68479745566465	9618.55412304917	-418.674894304186	-339.884144597815	1.13481161256927
0.607	5517.28677583816	455.786130775455	482.609708678393	1.04836474125849	-10264.4671672698	58.8895216787671	-25.4162771083757	-1.71021373277302	4747.1803914316	-514.675652454231	-437.638641210444	0.697172971358824
0.608	9771.1024548453	331.148007683368	365.237069833522	1.41360181109201	-8953.7866562418	229.148364102543	139.423865086852	-1.57078986768617	-817.315798603501	-560.296371785917	-511.225329263353	0.185947642095472
0.609	12991.2408140805	174.094810355372	218.969488225952	1.63257129931796	-8049.02633238341	376.976568077458	293.891494575872	-1.2768983731103	-4942.21448169705	-551.071378432834	-545.503054925851	-0.359555412830379
0.61	13670.4921327812	-7.78612729845918E-11	76.3901285116795	1.70896142782964	-7396.54131436262	487.903679018753	435.645949415328	-0.841252423694972	-6273.95081841853	-487.903679018676	-516.244378018806	-0.875799790849185
0.611	12009.4744772659	-174.094810355505	-79.8936061683664	1.62906782166128	-4799.17567760957	551.071378432863	515.074483750144	-0.326177939944827	-7210.29879965633	-376.976568077354	-425.554663740785	-1.30135445458997
0.612	8085.81856853038	-331.148007683481	-227.573345168626	1.40149447649265	714.01216407374	560.296371785902	535.102630100632	0.208924690155804	-8799.83073260412	-229.148364102415	-285.707436648249	-1.58706189123822
0.613	4793.34634971416	-455.786130775546	-379.489281357911	1.02200519513474	6556.61038993656	514.675652454168	505.177866268756	0.714102556424561	-11349.9567396507	-58.8895216786122	-124.376532250505	-1.71143842348872
0.614	2150.92209606329	-535.808731738599	-494.206564601747	0.527798630532993	10215.7880744526	418.674894304093	437.276578638605	1.15137913506317	-12366.7101705159	117.133837434517	33.5650388771673	-1.67787338461156
0.615	585.172359198588	-563.382640840131	-546.3769672858	-0.0185783367528069	11062.1358012433	281.691320420006	344.869369270207	1.49624850433337	-11647.3081604418	281.691320420136	203.135527722959	-1.4747378568886
0.616	-1766.59821475265	-535.808731738558	-547.191169437612	-0.565769506190419	11387.4825640408	117.133837434386	188.555295709375	1.68480380004275	-9620.88434928813	418.674894304182	339.935830062325	-1.13480202682627
0.617	-5520.25743743517	-455.786130775458	-482.526107772104	-1.04829561396252	10266.8037556232	-58.889521678761	25.4406682773622	1.71024446832011	-4746.54631818799	514.675652454229	437.664418011666	-0.697137608814608
0.618	-9771.89702737383	-331.148007683347	-365.310920625107	-1.41360653458763	8953.63640751293	-229.148364102567	-139.468854567346	1.57077561375276	818.260619860896	560.29637178592	511.162363625584	-0.185975245189024
0.619	-12988.5463558623	-174.094810355378	-218.962190508124	-1.63256872509575	8054.03055889171	-376.976568077453	-293.895637307891	1.27687997644487	4934.51579697057	551.071378432835	545.590827229037	0.359615582040014
0.62	-13672.0955506192	7.17363946023397E-11	-76.4276162378514	-1.70899634133361	7397.47315993015	-487.90367901875	-435.685976806907	0.841193999637965	6274.6223906891	487.903679018678	516.126686215707	0.875742268255721
0.621	-12008.1588674445	174.094810355515	79.9254366869213	-1.62907090464668	4796.22753501515	-551.071378432865	-514.998251241248	0.326195748396717	7211.93133242939	376.976568077347	425.598593107306	1.30134086136303
0.622	-8082.17986284349	331.148007683476	227.551424043408	-1.40151948060328	-718.39348521692	-560.296371785903	-535.097495456097	-0.20890174705938	8800.57334806041	229.148364102421	285.706891358007	1.58704775272103
0.623	-4794.85410999378	455.786130775552	379.535327149132	-1.02198415345414	-6556.68865362618	-514.675652454163	-505.191527768381	-0.714093274827761	11351.54276362	58.8895216786024	124.383755592778	1.71143150831381
0.624	-2144.80273311124	535.808731738602	494.118701583861	-0.527865451870284	-10223.8198518895	-418.674894304086	-437.260737492141	-1.1513540123199	12368.6225850007	-117.133837434527	-33.6053889318506	1.67782611938196
0.625	-576.116074419426	563.382640840131	546.387967768546	0.0185225158982625	-11065.6523788633	-281.691320420011	-344.862630565237	-1.49621664288514	11641.7684532827	-281.691320420131	-203.05307806295	1.47477304131901
0.626	1772.49885590974	535.808731738555	547.185396904751	0.565707912803013	-11391.9463178863	-117.133837434376	-188.570253812021	-1.68478689669716	9619.44746197653	-418.674894304189	-339.9837054931	1.13478933582591
0.627	5518.10012040092	455.786130775462	482.623928688036	1.04833184149105	-10266.8343131305	58.889521678755	-25.4218790520255	-1.71020877574919	4748.73419272963	-514.675652454226	-437.641564009054	0.697147771816858
0.628	9774.25870781678	331.148007683352	365.267228644165	1.41359907013521	-8953.33875722662	229.148364102561	139.452279737368	-1.57075649601182	-820.919950590164	-560.29637178592	-511.145268281524	0.186002503535334
0.629	12991.2720391141	174.094810355353	218.94462113993	1.63254369127514	-8055.07338466688	376.976568077473	293.890402617288	-1.27686609339453	-4936.19865444726	-551.07137843283	-545.610260160651	-0.359607756625317
0.63	13667.546752679	-6.56967813483789E-11	76.4401716481671	1.70898386292331	-7393.7723100922	487.903679018747	435.61972807606	-0.84124636531847	-6273.77444258681	-487.903679018682	-516.177830377493	-0.87578558700281
0.631	12006.2423986866	-174.094810355509	-79.9027118183158	1.629081151105	-4796.67366315125	551.071378432864	515.062698984355	-0.326183666334115	-7209.56873553535	-376.976568077351	-425.570788834908	-1.30135637583772
0.632	8083.13149341257	-331.148007683484	-227.56806957162	1.40151308153338	712.871769796203	560.296371785902	535.133392297229	0.208949725963114	-8796.00326320878	-229.148364102412	-285.721020214918	-1.58707739605264
0.633	4789.77901494395	-455.786130775548	-379.469682742526	1.02204339879085	6558.18527238676	514.675652454166	505.172696662032	0.714122422625146	-11347.9642873307	-58.8895216786084	-124.353443551175	-1.71143083960381
0.634	2133.96562146527	-535.808731738605	-494.150617937809	0.52789278085304	10229.7050570938	418.674894304079	437.157914692656	1.1512803373178	-12363.6706785591	117.133837434536	33.5218302454652	-1.67790900935835
0.635	574.596919313129	-563.382640840131	-546.439404817701	-0.0185466239646604	11071.0310410863	281.691320420003	344.869533010713	1.49614987032852	-11645.6279603994	281.691320420139	203.116013074502	-1.47479299628384
0.636	-1770.49115649676	-535.808731738557	-547.171595212656	-0.565718219177316	11391.1666841527	117.133837434382	188.645840970064	1.68479571129858	-9620.67552765592	418.674894304185	340.004546829958	-1.13478844945389
0.637	-5519.6525931161	-455.786130775456	-482.575837563698	-1.04829405674101	10267.9980277502	-58.8895216787649	25.4343562947783	1.71023006759336	-4748.34543463409	514.67565245423	437.656427825343	-0.697132021628543
0.638	-9771.41015523615	-331.148007683357	-365.310963080291	-1.41360501982131	8955.39876527794	-229.148364102555	-139.473754187385	1.57075631340597	816.011389958203	560.296371785919	511.165617015578	-0.185966404612965
0.639	-12994.414562715	-174.094810355359	-218.927698787532	-1.63253271860884	8059.79512879329	-376.976568077468	-293.931075453329	1.27682523795264	4934.6194339217	551.071378432831	545.568222643522	0.359601818030557
0.64	-13675.3105119506	7.56870122131659E-11	-76.4421491574268	-1.70897486776627	7403.42274227856	-487.903679018752	-435.689165508478	0.841136072444167	6271.88776967202	487.903679018677	516.146267237804	0.875748085268361
0.641	-12004.8734525363	174.094810355518	79.9193312270081	-1.62905553653926	4790.22877215749	-551.071378432866	-514.884893195898	0.326251179248269	7214.64468037882	376.976568077344	425.599321364909	1.30134740663327
0.642	-8083.86533557511	331.148007683479	227.552373622131	-1.40150316291713	-718.339656832521	-560.296371785903	-535.166230245319	-0.20891505099705	8802.20499240763	229.148364102417	285.68205060794	1.58702945724121
0.643	-4785.48221364159	455.786130775545	379.433370998423	-1.0220697919187	-6562.36308780713	-514.675652454168	-505.181848166119	-0.714096899163169	11347.8453014487	58.8895216786144	124.390058807087	1.7114195160483
0.644	-2140.37417956899	535.808731738603	494.197391975166	-0.527872399943537	-10227.7938365313	-418.674894304084	-437.219832898231	-1.1513167320614	12368.1680161003	-117.13383743453	-33.5756950835333	1.67784382096476
0.645	-584.508902946678	563.382640840131	546.412174645657	0.0185397747021207	-11062.1233465982	-281.691320420008	-344.970787999993	-1.49628752006139	11646.6322495449	-281.691320420134	-203.148173934677	1.47469564703009
0.646	1769.6604718465	535.808731738554	547.215087048925	0.565754861751046	-11388.2072298037	-117.133837434373	-188.51008709429	-1.68479760715568	9618.54675795715	-418.674894304192	-339.88412296593	1.13481152406416
0.647	5517.29015002502	455.786130775459	482.609807150978	1.04836466890202	-10264.4631540074	58.8895216787589	-25.4161875995031	-1.71021379475519	4747.17300398234	-514.675652454227	-437.638542070751	0.697172981993405
0.648	9771.10166740646	331.148007683362	365.237246033641	1.41360191493567	-8953.78169786543	229.14836410255	139.424006803023	-1.57078978795216	-817.319969541021	-560.296371785918	-511.225197676692	0.185947784316713
0.649	12991.2346452473	174.094810355365	218.969596404941	1.63257151134061	-8049.01797811499	376.976568077464	293.891541413447	-1.27689824653872	-4942.21666713229	-551.071378432832	-545.502994573785	-0.359555210257072
0.65	13670.4866024384	-6.96189772497746E-11	76.3900259858441	1.70896153732645	-7396.53542123093	487.903679018749	435.645861173719	-0.841252385364997	-6273.95118120749	-487.90367901868	-516.244490250343	-0.875799700507415
0.651	12009.4701221597	-174.094810355512	-79.8937357906282	1.62906780153582	-4799.16987307233	551.071378432865	515.074357499719	-0.326178027865278	-7210.30024908732	-376.976568077348	-425.554780518904	-1.30135448102632
0.652	8085.81320220611	-331.148007683474	-227.573435896351	1.40149436563947	714.01634671617	560.296371785903	535.102538933955	0.208924511068677	-8799.82954892228	-229.148364102423	-285.707553076747	-1.58706203410307
0.653	4793.34093353342	-455.786130775541	-379.489232289987	1.02200513334948	6556.61249501645	514.675652454171	505.177924659601	0.714102435728278	-11349.9534285499	-58.8895216786204	-124.376500683048	-1.71143853478611
0.654	2150.91628726487	-535.808731738601	-494.206482647755	0.52779865070173	10215.7886036102	418.674894304088	437.276665164495	1.15137910089277	-12366.7048908751	117.133837434524	33.565101128725	-1.67787343365739
0.655	585.169650433506	-563.382640840131	-546.376842084753	-0.0185781913830232	11062.1332719303	281.691320420014	344.869532888816	1.49624863378159	-11647.3029223639	281.691320420129	203.135669020267	-1.47473776463712
0.656	-1766.60123795164	-535.80873173855	-547.191177491296	-0.565769368874319	11387.4796208733	117.133837434363	188.555288241486	1.68480392202308	-9620.87838292162	418.674894304198	339.935811483469	-1.13480195315365
0.657	-5520.26014391692	-455.786130775463	-482.526186637359	-1.04829555551168	10266.8002568177	-58.8895216787528	25.4405952184631	1.71024451724154	-4746.54011290079	514.675652454225	437.664335660394	-0.697137617493258
0.658	-9771.89644052024	-331.14800768334	-365.311064113191	-1.41360661962487	8953.63222375168	-229.148364102574	-139.46897106021	1.57077554618133	818.264216768554	560.296371785921	511.162255688129	-0.185975361805129
0.659	-12988.5410557406	-174.094810355355	-218.962280208518	-1.63256889983339	8054.02349056615	-376.976568077471	-293.895674000233	1.2768798721811	4934.51756517445	551.07137843283	545.590779997598	0.359615418192469
0.66	-13672.0912453304	6.34940988675226E-11	-76.427531434812	-1.7089964312682	7397.46812637091	-487.903679018746	-435.685906779565	0.841193965401531	6274.62311895949	487.903679018683	516.126772895091	0.87574219108756
0.661	-12008.1552546304	174.094810355522	79.9255459786361	-1.62907088528956	4796.22277529899	-551.071378432866	-514.99814425814	0.326195821143392	7211.93247933137	376.976568077341	425.598696552508	1.30134088764007
0.662	-8082.1754573127	331.148007683482	227.551498140368	-1.4015193871492	-718.396981027748	-560.296371785902	-535.097420782659	-0.208901599639267	8800.57243834045	229.148364102414	285.706985635734	1.5870478732758
0.663	-4794.84965466477	455.786130775556	379.535285553378	-1.02198410159582	-6556.69062667416	-514.67565245416	-505.191575706432	-0.714093175345699	11351.5402813389	58.8895216785946	124.38372723094	1.71143160050674
0.664	-2144.79781143649	535.808731738605	494.118631759007	-0.52786546983681	-10223.8204032545	-418.674894304081	-437.260810849368	-1.15135398619507	12368.618214691	-117.133837434534	-33.6054398974266	1.67782616060932
0.665	-576.114246055115	563.382640840131	546.387866883594	0.0185223970467833	-11065.6500885726	-281.691320420005	-344.862768756272	-1.49621675495134	11641.7643346278	-281.691320420137	-203.053197206873	1.47477296340244
0.666	1772.50169811084	535.808731738552	547.185397095254	0.565707794142037	-11391.9442068398	-117.133837434369	-188.570245837515	-1.68478700078885	9619.44250872897	-418.674894304194	-339.983690273097	1.13478927312935
0.667	5518.10239517281	455.786130775457	482.623998579815	1.04833179272185	-10266.8317010778	58.8895216787627	-25.4218159894868	-1.71020881677834	4748.72930590498	-514.675652454229	-437.64149488735	0.697147778241996
0.668	9774.25797618844	331.148007683345	365.267351631215	1.41359914435307	-8953.33542401175	229.148364102568	139.452377611126	-1.57075643916721	-820.922552176685	-560.29637178592	-511.145177539622	0.186002600702374
0.669	12991.26771195	174.094810355361	218.944691557823	1.63254383591089	-8055.06766155104	376.976568077466	293.890431139668	-1.27686600802755	-4936.20005039894	-551.071378432831	-545.610221062024	-0.35960762035965
0.67	13667.5430204083	-7.34132754587336E-11	76.440101134434	1.70898393704532	-7393.76842553282	487.903679018751	435.61966937903	-0.841246338648516	-6273.77459487551	-487.903679018678	-516.177906542467	-0.875785526902117
0.671	12006.2396220734	-174.094810355516	-79.9028025543818	1.62908113449094	-4796.66981232265	551.071378432865	515.062611478946	-0.32618372716957	-7209.56980975077	-376.976568077345	-425.570868592813	-1.30135639549493
0.672	8083.12806807878	-331.148007683477	-227.568132137041	1.4015130023539	712.874450583241	560.296371785903	535.133330268898	0.208949603099328	-8796.00251866202	-229.148364102419	-285.721100063572	-1.5870774955585
0.673	4789.77539860941	-455.786130775553	-379.469646412372	1.02204335594153	6558.18663431596	514.675652454163	505.172737823559	0.714122340922887	-11347.9620329254	-58.8895216786007	-124.353420470073	-1.71143091602857
0.674	2133.96160530124	-535.808731738603	-494.150558254933	0.527892797686597	10229.7055308878	418.674894304085	437.157975426634	1.15128031634952	-12363.6671361891	117.133837434528	33.5218760085831	-1.67790904001999
0.675	574.595428260189	-563.382640840131	-546.43932137183	-0.0185465236852334	11071.0291829696	281.69132042001	344.869646982008	1.49614996333153	-11645.6246112298	281.691320420132	203.116111355407	-1.47479292866458
0.676	-1770.49318217815	-535.808731738554	-547.171601127983	-0.565718124813217	11391.1646496532	117.133837434375	188.645832819224	1.68479579615075	-9620.67146747505	418.67489430419	340.004530415283	-1.1347883982493
0.677	-5519.65445730291	-455.786130775461	-482.575892935889	-1.04829401774911	10267.9957577958	-58.8895216787566	25.4343035848492	1.7102300997356	-4748.34130049287	514.675652454227	437.656370326645	-0.697132027922656
0.678	-9771.40970757736	-331.148007683337	-365.311062408216	-1.41360508015732	8955.39599003559	-229.148364102577	-139.473834468532	1.57075626526707	816.013717541776	560.296371785921	511.165542594319	-0.185966485328337
0.679	-12994.4109656367	-174.094810355367	-218.927760734735	-1.63253284089206	8059.79053365904	-376.976568077462	-293.931102685163	1.27682516258191	4934.62043197764	551.071378432832	545.568189853251	0.359601704524914
0.68	-13675.3074443197	6.73736622047727E-11	-76.4420892497566	-1.70897493014181	7403.41933077258	-487.903679018748	-435.689113421451	0.841136049160457	6271.88811354707	487.903679018681	516.146329139272	0.875748033664186
0.681	-12004.8711229799	174.094810355526	79.9194087413575	-1.62905552140046	4790.22573179636	-551.071378432868	-514.884820221832	0.326251228938625	7214.64539118349	376.976568077338	425.599392693277	1.30134742635746
0.682	-8083.86256032064	331.148007683472	227.552425896863	-1.40150309550359	-718.341812691756	-560.296371785903	-535.1661785156	-0.208914949576975	8802.2043730124	229.148364102425	285.682115497164	1.58702954185463
0.683	-4785.47930602144	455.786130775559	379.433340018577	-1.02206975548502	-6562.36436508984	-514.675652454159	-505.181881945248	-0.714096831522223	11347.8436711113	58.8895216785908	124.390036996927	1.71141957885156
0.684	-2140.37070158156	535.808731738606	494.197341381042	-0.527872414103975	-10227.7941336965	-418.674894304079	-437.219884371013	-1.15131671589324	12368.1648352781	-117.133837434538	-33.5757294518648	1.67784384939969
0.685	-584.5075982909	563.382640840131	546.412105679814	0.0185396915758387	-11062.1219581245	-281.691320419988	-344.970881126075	-1.49628759701931	11646.6295564154	-281.691320420155	-203.14825775296	1.47469559164673
0.686	1769.66217022882	535.808731738551	547.215090429098	0.565754782004937	-11388.205672219	-117.133837434365	-188.510082247248	-1.68479767926656	9618.54350199022	-418.674894304197	-339.884111397816	1.13481148024892
0.687	5517.29161070178	455.786130775455	482.609855272652	1.04836463727759	-10264.4614379849	58.8895216787665	-25.4161420679551	-1.71021382133451	4747.1698272831	-514.675652454231	-437.638493863453	0.697172986385462
0.688000000000001	9771.10121130223	331.148007683342	365.237329301808	1.4136019665794	-8953.77952858078	229.148364102571	139.424074085511	-1.570789747249	-817.321682721457	-560.296371785921	-511.225134978858	0.185947851406603
0.689000000000001	12991.2316508928	174.094810355357	218.96964610199	1.63257161268139	-8049.0141385808	376.976568077469	293.891561756532	-1.27689818549247	-4942.21751231201	-551.07137843283	-545.502967127582	-0.359555115720978
0.690000000000001	13670.4839855359	-9.33226829147316E-11	76.3899749428529	1.70896158762424	-7396.53287861825	487.903679018761	435.645818297676	-0.841252367194795	-6273.95110691766	-487.903679018668	-516.244545881089	-0.875799661602067
0.691000000000001	12009.4682488095	-174.09481035552	-79.8937981920942	1.62906778943215	-4799.16730038229	551.071378432866	515.074297576481	-0.326178069618314	-7210.30094842724	-376.976568077343	-425.554833959601	-1.30135449556167
0.692000000000001	8085.81093634581	-331.14800768348	-227.573478806683	1.40149431062546	714.018137285571	560.296371785902	535.102496651028	0.208924427032715	-8799.82907363138	-229.148364102416	-285.707607005266	-1.58706210256693
0.693000000000001	4793.33858811438	-455.786130775555	-379.489206933596	1.02200510369187	6556.61334249039	514.675652454161	505.177953990865	0.714102381023579	-11349.9519306048	-58.8895216785969	-124.376483929872	-1.71143858649681
0.694000000000001	2150.91378819037	-535.808731738604	-494.2064439361	0.527798659755767	10215.7888111996	418.674894304083	437.276705709158	1.15137908673274	-12366.70259939	117.133837434532	33.5651317839911	-1.67787345471281
0.695000000000001	585.168507366585	-563.382640840131	-546.376782090113	-0.0185781223343462	11062.1320889021	281.691320419993	344.869610070742	1.49624869680348	-11647.3005962686	281.691320420149	203.135735728809	-1.47473771898401
0.696000000000001	-1766.60244485471	-535.808731738553	-547.191183599419	-0.565769305933766	11387.4782710575	117.133837434371	188.555282840632	1.68480397964411	-9620.87582620277	418.674894304193	339.935801857035	-1.13480191712697
0.697000000000001	-5520.26133894819	-455.786130775459	-482.526224180839	-1.0482955301146	10266.7987680856	-58.8895216787605	25.4405587484565	1.71024453839257	-4746.5374291374	514.675652454228	437.664295668024	-0.697137621458946
0.698000000000001	-9771.89615125668	-331.148007683347	-365.311131157791	-1.4136066612724	8953.63041373503	-229.148364102566	-139.46902588217	1.5707755125104	818.265737521657	560.29637178592	511.162204643226	-0.18597541681572
0.699000000000001	-12988.538451422	-174.094810355363	-218.962321630314	-1.63256898290271	8054.02021932421	-376.976568077465	-293.895689197053	1.27687982331335	4934.51823209782	551.071378432832	545.590759248473	0.359615342432753
0.700000000000001	-13672.0892970254	1.03227648651227E-10	-76.4274898954846	-1.70899647279819	7397.46592624991	-487.903679018766	-435.68587418766	0.841193949125686	6274.62337077549	487.903679018663	516.126813684664	0.875742156117417
0.701000000000001	-12008.153683715	174.094810355514	79.9255987903174	-1.62907087400788	4796.22071051761	-551.071378432865	-514.998093031007	0.326195856094679	7211.93297319738	376.976568077347	425.59874597209	1.30134090208951
0.702000000000001	-8082.17359222169	331.148007683475	227.551533066382	-1.40151934094149	-718.398461410292	-560.296371785903	-535.097386179674	-0.208901530084994	8800.57205363198	229.148364102421	285.707028895542	1.58704793098505
0.703000000000001	-4794.84770804534	455.786130775561	379.535264050646	-1.02198407689085	-6556.69145745523	-514.675652454158	-505.191599522264	-0.714093129607258	11351.5391655006	58.889521678587	124.383712173278	1.71143164315833
0.704000000000001	-2144.79562381402	535.808731738602	494.11859838845	-0.527865478502398	-10223.8205908244	-418.674894304086	-437.26084567546	-1.15135397528272	12368.6162146385	-117.133837434526	-33.6054643674883	1.67782617879084
0.705000000000001	-576.113613271007	563.382640840131	546.387819489914	0.018522340987516	-11065.6488597288	-281.691320419984	-344.862834989289	-1.49621681027201	11641.7624729999	-281.691320420158	-203.053254073491	1.47477292471735
0.706000000000001	1772.50299675297	535.80873173855	547.185396518611	0.565707737506127	-11391.9432661811	-117.133837434361	-188.570240290744	-1.68478705056275	9619.44026942816	-418.674894304199	-339.983682749507	1.13478924196784
0.707000000000001	5518.10343014074	455.786130775462	482.624033240501	1.04833177074663	-10266.8306134673	58.8895216787544	-25.421783919106	-1.71020883448186	4748.72718332656	-514.675652454226	-437.641461197128	0.697147780770713
0.708000000000001	9774.25754467924	331.148007683339	365.267410513045	1.41359918125967	-8953.33394688432	229.148364102575	139.452424040172	-1.57075641044168	-820.923597794918	-560.296371785921	-511.145134283389	0.186002646487324
0.709000000000001	12991.2655934793	174.094810355354	218.944723223927	1.6325439044836	-8055.06497201476	376.976568077472	293.890442538352	-1.27686596790333	-4936.2006214645	-551.07137843283	-545.610203597537	-0.359607557110212
0.710000000000001	13667.5412442221	-9.71596136878361E-11	76.4400667850149	1.70898397126862	-7393.76673611997	487.903679018763	435.61964187639	-0.841246326026942	-6273.77450810209	-487.903679018666	-516.177943694867	-0.875785500805079
0.711000000000001	12006.2384408801	-174.094810355524	-79.9028463141591	1.62908112495446	-4796.66808768376	551.071378432867	515.06256992311	-0.326183756103832	-7209.57035319633	-376.97656807734	-425.570904977894	-1.30135640578297
0.712000000000001	8083.12665826216	-331.148007683483	-227.56816225693	1.40151296269753	712.875599520473	560.296371785902	535.133301178117	0.208949545074284	-8796.00225778263	-229.148364102412	-285.721137385201	-1.58707754316817
0.713000000000001	4789.77380085247	-455.786130775557	-379.469627369974	1.02204333532755	6558.18719744695	514.67565245416	505.172758389868	0.714122303464152	-11347.9609982994	-58.889521678593	-124.353408612666	-1.71143095178084
0.714000000000001	2133.95978545462	-535.808731738605	-494.15052895127	0.527892806376282	10229.7057863544	418.67489430408	437.158004340185	1.15128030780434	-12363.665571809	117.133837434536	33.5218991039099	-1.67790905267693
0.715000000000001	574.594891149317	-563.382640840131	-546.439282299416	-0.0185464759231343	11071.0282509802	281.69132041999	344.869701671907	1.49615000947624	-11645.6231421295	281.691320420153	203.1161581477	-1.47479289452923
0.716000000000001	-1770.4940313011	-535.808731738552	-547.171604952289	-0.565718080875423	11391.1636738935	117.133837434367	188.645827374562	1.68479583685081	-9620.66964259242	418.674894304195	340.0045212246	-1.13478837330463
0.717000000000001	-5519.65533588786	-455.786130775456	-482.575919576502	-1.04829400045192	10267.9948116338	-58.8895216787643	25.4342766051299	1.71023011345594	-4748.33947574595	514.67565245423	437.656342297726	-0.697132031006905
0.718000000000001	-9771.40950162876	-331.148007683344	-365.311109164587	-1.41360510961651	8955.39477747429	-229.148364102569	-139.473872147757	1.57075624130818	816.014724154472	560.29637178592	511.165507374867	-0.185966523632039
0.719000000000001	-12994.4092247673	-174.09481035536	-218.927790137656	-1.63253289975417	8059.78845312538	-376.976568077468	-293.931115363966	1.27682512594421	4934.62077164192	551.071378432831	545.56817483905	0.359601651207012
0.720000000000001	-13675.305982313	9.10915787244448E-11	-76.4420598679538	-1.70897495962212	7403.41778162396	-487.90367901876	-435.689087762399	0.841136038181814	6271.888200689	487.903679018669	516.146358969261	0.875748010176272
0.721000000000001	-12004.8701146295	174.094810355518	79.9194466529509	-1.62905551296917	4790.22443128425	-551.071378432865	-514.884785671197	0.326251252510617	7214.64568334525	376.976568077344	425.599426806651	1.30134743698292
0.722000000000001	-8083.86143478744	331.148007683492	227.552451481213	-1.40150306148796	-718.342695347364	-560.296371785901	-535.166153915701	-0.208914901405084	8802.20413013481	229.148364102403	285.682145768529	1.58702958275145
0.723000000000001	-4785.47803870201	455.786130775554	379.43332361614	-1.02206973787182	-6562.36492943937	-514.675652454162	-505.181898634682	-0.714096800039766	11347.8429681414	58.889521678599	124.390025235157	1.71141960798661
0.724000000000001	-2140.36905289016	535.808731738603	494.197316354255	-0.527872421517563	-10227.7942347844	-418.674894304084	-437.219909129751	-1.15131670916952	12368.1632876745	-117.13383743453	-33.5757453900649	1.67784386259654
0.725000000000001	-584.507062249967	563.382640840131	546.412073375924	0.0185396518583612	-11062.1212934971	-281.691320419995	-344.970925229163	-1.49628763439868	11646.6283557471	-281.691320420148	-203.148298406778	1.47469556418976
0.726000000000001	1769.66287975498	535.808731738554	547.215092431961	0.565754744290322	-11388.2049128294	-117.133837434373	-188.510079774511	-1.68479771417319	9618.54203307447	-418.674894304191	-339.884105662603	1.13481145852716
0.727000000000001	5517.29227227423	455.786130775441	482.60987888897	1.04836462317929	-10264.460738469	58.8895216787901	-25.4161183940256	-1.71021383256722	4747.16846619477	-514.67565245424	-437.638470319359	0.697172988207804
0.728000000000001	9771.10097974886	331.148007683349	365.237368691447	1.41360199187074	-8953.77858524175	229.148364102564	139.424105844264	-1.57078972672295	-817.322394507112	-560.29637178592	-511.225105017066	0.185947883190738
0.729000000000001	12991.2301766267	174.094810355365	218.96966951144	1.63257166138218	-8049.01233856762	376.976568077463	293.891570583027	-1.27689815613993	-4942.21783805908	-551.071378432832	-545.502954411575	-0.359555071220838
0.730000000000001	13670.4826950526	-1.01053387879801E-10	76.3899496256446	1.70896161100782	-7396.53177841797	487.903679018765	435.64579743832	-0.841252358701606	-6273.95091663466	-487.903679018664	-516.244573935239	-0.875799645156077
0.731000000000001	12009.4674226635	-174.094810355512	-79.8938280007762	1.62906778300705	-4799.16612419237	551.071378432864	515.074269302893	-0.326178089398714	-7210.30129847113	-376.976568077349	-425.554857700216	-1.30135450285629
0.732000000000001	8085.80999619123	-331.1480076835	-227.573499728478	1.40149428327857	714.018932314652	560.296371785899	535.10247662581	0.208924387227097	-8799.82892850588	-229.148364102394	-285.707632218836	-1.58706213507513
0.733000000000001	4793.33756366442	-455.78613077556	-379.4891938745	1.02200508940407	6556.61369488993	514.675652454158	505.177968676232	0.714102355903329	-11349.9512585544	-58.8895216785891	-124.376475447779	-1.71143861052291
0.734000000000001	2150.91271664258	-535.808731738601	-494.206425992658	0.527798663411412	10215.788906551	418.674894304088	437.276724444892	1.15137908034822	-12366.7016231935	117.133837434524	33.5651466190414	-1.67787346390387
0.735000000000001	585.167992571984	-563.382640840131	-546.376752861488	-0.0185780894500758	11062.1315325711	281.691320419987	344.869646871948	1.49624872722017	-11647.299525143	281.691320420156	203.135767137448	-1.47473769676642
0.736000000000001	-1766.60290387169	-535.80873173855	-547.191187592609	-0.565769277042685	11387.4776251237	117.133837434363	188.555279839545	1.68480400705971	-9620.87472125202	418.674894304198	339.935797303956	-1.13480189946246
0.737000000000001	-5520.26189644766	-455.786130775445	-482.526241864852	-1.04829551890754	10266.7981515588	-58.8895216787841	25.4405402913147	1.71024454735103	-4746.53625511111	514.675652454238	437.664276164772	-0.697137623297691
0.738000000000001	-9771.89604169431	-331.148007683341	-365.311162260312	-1.41360668116785	8953.62963047723	-229.148364102573	-139.469051374596	1.57077549597643	818.266411217078	560.296371785921	511.162180586762	-0.185975442710928
0.739000000000001	-12988.5371410074	-174.094810355356	-218.962341206585	-1.63256902237443	8054.0186545702	-376.976568077471	-293.895695099894	1.27687980087654	4934.51848643715	551.07137843283	545.590750271027	0.359615307560098
0.740000000000001	-13672.0884035015	9.4900087788119E-11	-76.4274698674068	-1.70899649224184	7397.46494551326	-487.903679018762	-435.685859580935	0.841193941295604	6274.62345798822	487.903679018667	516.126832510847	0.875742140070946
0.741000000000001	-12008.15297702	174.094810355521	79.9256241874129	-1.62907086805443	4796.21978264684	-551.071378432866	-514.998068403685	0.326195872891919	7211.93319437318	376.976568077341	425.598769580285	1.30134090965123
0.742000000000001	-8082.17281711849	331.148007683495	227.551550012058	-1.40151931804237	-718.399114471978	-560.2963717859	-535.09736988764	-0.208901496995721	8800.57193159047	229.1483641024	285.707048814244	1.58704795846547
0.743000000000001	-4794.8468452561	455.786130775556	379.535252935864	-1.02198406510651	-6556.69184001989	-514.675652454161	-505.191611224712	-0.714093108220433	11351.538685276	58.8895216785952	124.383704444325	1.7114316629098
0.744000000000001	-2144.79463162871	535.808731738604	494.118582611557	-0.527865482494949	-10223.8206693448	-418.674894304082	-437.260862066838	-1.15135397028727	12368.6153009735	-117.133837434534	-33.6054757765669	1.67782618713323
0.745000000000001	-576.113439178134	563.382640840131	546.387797187364	0.0185223146924149	-11065.6481643491	-281.691320419991	-344.86286747594	-1.49621683776321	11641.7616035273	-281.691320420151	-203.053281301123	1.47477290583211
0.746000000000001	1772.50362849754	535.808731738552	547.185395039922	0.565707709732337	-11391.9428511242	-117.13383743437	-188.57023705969	-1.6847870748229	9619.43922262664	-418.674894304194	-339.983679510656	1.13478922632145
0.747000000000001	5518.10393553652	455.786130775448	482.624050706708	1.04833176043904	-10266.8301977348	58.8895216787781	-25.4217672069683	-1.71020884202987	4748.72626219824	-514.675652454235	-437.64144467048	0.697147781650975
0.748000000000001	9774.25730035819	331.148007683346	365.26743899829	1.41359919943733	-8953.33329161302	229.148364102567	139.452445940465	-1.5707563960894	-820.92400874517	-560.29637178592	-511.145113599629	0.186002668051346
0.749000000000001	12991.2645382539	174.094810355331	218.944737509528	1.63254393694686	-8055.06366915315	376.97656807749	293.890446655676	-1.27686594943373	-4936.20086910071	-551.071378432825	-545.610195761844	-0.359607527710498
0.750000000000001	13667.5403658621	-8.88888962435885E-11	76.4400503476708	1.70898398729453	-7393.7659991936	487.903679018759	435.619629362398	-0.84124632007133	-6273.77436666851	-487.90367901867	-516.177961913276	-0.875785489623774
0.751000000000001	12006.2379328876	-174.094810355516	-79.9028673258579	1.62908111996867	-4796.66728579782	551.071378432865	515.062550236719	-0.32618376983461	-7209.57064708977	-376.976568077346	-425.570921048496	-1.30135641067227
0.752000000000001	8083.12611122552	-331.148007683503	-227.568177365403	1.40151294260327	712.876104708119	560.296371785899	535.133287211259	0.208949517376648	-8796.00221593364	-229.14836410239	-285.721155098984	-1.58707756577125
0.753000000000001	4789.77308267884	-455.786130775553	-379.469617287953	1.02204332531532	6558.18744191335	514.675652454163	505.172768602805	0.714122285979453	-11347.9605245922	-58.8895216786013	-124.353402831301	-1.71143096860255
0.754000000000001	2133.95893300433	-535.808731738612	-494.150514368727	0.527892810946592	10229.7059585573	418.674894304064	437.158018078341	1.15128030405779	-12363.6648915616	117.133837434559	33.5219108728031	-1.67790905772975
0.755000000000001	574.594728080435	-563.382640840131	-546.439264062081	-0.0185464531154892	11071.0277589777	281.691320419983	344.869728517288	1.49615003257508	-11645.6224870582	281.691320420159	203.116180487156	-1.4747928772426
0.756000000000001	-1770.49438755014	-535.808731738554	-547.171607034411	-0.5657180601499	11391.1631743961	117.133837434375	188.645824195529	1.68479585677061	-9620.66878684596	418.67489430419	340.004516140219	-1.13478836110238
0.757000000000001	-5519.65578706192	-455.786130775442	-482.575932402044	-1.04829399255194	10267.9944427247	-58.8895216787879	25.4342623331967	1.71023011910381	-4748.3386556628	514.67565245424	437.656328535084	-0.697132032567293
0.758000000000001	-9771.40943073716	-331.148007683338	-365.311131142803	-1.41360512369475	8955.39424814298	-229.148364102577	-139.47388959213	1.57075622951168	816.015182594185	560.296371785921	511.165490748074	-0.185966541819219
0.759000000000001	-12994.4083725396	-174.094810355337	-218.927804654922	-1.63253292834967	8059.78750524809	-376.976568077485	-293.93112157829	1.27682510793339	4934.62086729156	551.071378432826	545.568167811064	0.359601625991846
0.760000000000001	-13675.3052519039	9.88507053989451E-11	-76.4420456245787	-1.70897497397425	7403.41704764988	-487.903679018764	-435.689074964938	0.841136032968449	6271.88820425403	487.903679018665	516.146373350739	0.875747999342584
0.761000000000001	-12004.869668192	174.094810355525	79.9194653069835	-1.62905550866726	4790.22386992324	-551.071378432868	-514.884769422144	0.326251263546305	7214.6457982688	376.976568077338	425.59944313716	1.30134744247974
0.762000000000001	-8083.8610154248	331.148007683498	227.55246467013	-1.40150304399713	-718.343053840604	-560.2963717859	-535.166141817456	-0.208914878271151	8802.2040692654	229.148364102396	285.68216010117	1.58702960258091
0.763000000000001	-4785.47748379409	455.786130775558	379.433314750371	-1.02206972924676	-6562.36520569919	-514.675652454159	-505.181906796706	-0.714096785067857	11347.8426894933	58.8895216785913	124.390018949599	1.71141962153051
0.764000000000001	-2140.36822442783	535.808731738611	494.197303748958	-0.527872425497806	-10227.7942768793	-418.674894304068	-437.219921100779	-1.15131670616864	12368.1625013071	-117.133837434553	-33.5757523917213	1.67784386913879
0.765000000000001	-584.506832629055	563.382640840131	546.412058306886	0.0185396328090794	-11062.1209821417	-281.691320419988	-344.970946287536	-1.49628765245617	11646.6278147707	-281.691320420154	-203.148318409722	1.47469555072907
0.766000000000001	1769.66316522899	535.808731738552	547.215093360959	0.565754726170038	-11388.2045201794	-117.133837434366	-188.510079052295	-1.68479773150847	9618.54135495045	-418.674894304197	-339.884103097637	1.13481144763143
0.767000000000001	5517.29258881188	455.786130775446	482.609890560625	1.04836461673066	-10264.4604855465	58.8895216787819	-25.4161056263937	-1.71021383713486	4747.16789673467	-514.675652454237	-437.63845873787	0.697172988893564
0.768000000000001	9771.10087596708	331.148007683343	365.237387316661	1.41360200404732	-8953.77818439516	229.148364102571	139.424120692377	-1.57078971644248	-817.322691571915	-560.29637178592	-511.225090635942	0.185947898257622
0.769000000000001	12991.22943573	174.094810355343	218.969680938054	1.63257168498538	-8049.01147657462	376.976568077481	293.891574429787	-1.2768981420127	-4942.21795915536	-551.071378432827	-545.502948343924	-0.359555050086302
0.770000000000001	13670.4820222741	-9.27116161619779E-11	76.3899370873065	1.70896162207268	-7396.53130717	487.903679018761	435.645787258438	-0.841252354754259	-6273.95071510412	-487.903679018668	-516.244588454268	-0.87579963854057
0.771000000000001	12009.4670452894	-174.094810355519	-79.8938420975477	1.62906777997514	-4799.16556192745	551.071378432866	515.074256064969	-0.326178098689291	-7210.30148336194	-376.976568077343	-425.554867620574	-1.30135450616114
0.772000000000001	8085.80962807341	-331.148007683493	-227.573510418628	1.40149426955651	714.019302247532	560.296371785901	535.102466866825	0.208924368177534	-8799.82893032095	-229.148364102402	-285.707644158848	-1.58706215031999
0.773000000000001	4793.33711733711	-455.786130775555	-379.489187127322	1.02200508242919	6556.61384964622	514.675652454162	505.177976011682	0.714102344189216	-11349.9509669833	-58.8895216785974	-124.376471352411	-1.7114386216724
0.774000000000001	2150.91227008836	-535.808731738613	-494.206417965156	0.52779866446403	10215.7889646601	418.674894304062	437.276732850178	1.15137907703939	-12366.7012347485	117.133837434563	33.5651536673702	-1.67787346800503
0.775000000000001	585.167739823411	-563.382640840131	-546.376738238823	-0.0185780737747922	11062.1312705433	281.691320419994	344.869664711473	1.49624874175087	-11647.2990103667	281.691320420149	203.135781839779	-1.47473768616525
0.776000000000001	-1766.60305385955	-535.808731738553	-547.19119003325	-0.565769263808042	11387.4772983515	117.133837434372	188.55527852477	1.68480402027564	-9620.87424449197	418.674894304192	339.935795463976	-1.13480189070128
0.777000000000001	-5520.26217469487	-455.78613077544	-482.526250059947	-1.04829551386799	10266.7979158734	-58.8895216787918	25.4405307060801	1.71024455098172	-4746.53574117854	514.675652454241	437.664266582442	-0.697137624118836
0.778000000000001	-9771.8960268852	-331.148007683347	-365.311176445638	-1.41360669031363	8953.62929826042	-229.148364102565	-139.469062969865	1.57077548801185	818.266728624777	560.29637178592	511.162169326988	-0.185975454791848
0.779000000000001	-12988.5364607299	-174.094810355333	-218.962350742424	-1.63256904105605	8054.01787628848	-376.976568077488	-293.89569703728	1.27687979097457	4934.51858444146	551.071378432825	545.590746526166	0.359615291734318
0.780000000000001	-13672.0879869116	1.02673425317334E-10	-76.427460474676	-1.70899650153073	7397.46450179599	-487.903679018766	-435.685853544487	0.841193937430084	6274.62348511562	487.903679018663	516.12684087189	0.875742132606208
0.781000000000001	-12008.1526436653	174.094810355514	79.9256363212752	-1.62907086520945	4796.21934529921	-551.071378432865	-514.998056486457	0.326195880943627	7211.93329836607	376.976568077348	425.598780815532	1.30134091342174
0.782000000000001	-8082.17251390971	331.148007683501	227.55155861493	-1.40151930659452	-718.399418149671	-560.296371785899	-535.097362038293	-0.208901481094666	8800.57193205938	229.148364102392	285.707058010739	1.58704797143248
0.783000000000001	-4794.84645880488	455.786130775561	379.535247141079	-1.02198405945344	-6556.69203747436	-514.675652454158	-505.191616902883	-0.714093097997548	11351.5384962792	58.8895216785875	124.383700610761	1.71143167204324
0.784000000000001	-2144.79417481517	535.808731738612	494.11857530263	-0.527865484150811	-10223.820714464	-418.674894304065	-437.260869664456	-1.151353967662	12368.6148892792	-117.133837434557	-33.6054808664006	1.67782619117684
0.785000000000001	-576.11343725594	563.382640840131	546.387786681062	0.0185223025302503	-11065.6477418502	-281.691320419985	-344.862883936422	-1.49621685159843	11641.7611791061	-281.691320420157	-203.053294381412	1.47477289679543
0.786000000000001	1772.50396140066	535.808731738545	547.185393046851	0.565707695577101	-11391.9426721863	-117.133837434346	-188.570235392572	-1.684787086991	9619.43871078566	-418.67489430421	-339.983678511734	1.13478921828369
0.787000000000001	5518.10420481388	455.786130775444	482.624059739965	1.04833175531707	-10266.8300735684	58.8895216787858	-25.4217581643876	-1.71020884515539	4748.72586875448	-514.675652454239	-437.641436479668	0.697147781804026
0.788000000000001	9774.25716334655	331.14800768334	365.267452987811	1.41359920830488	-8953.33300398283	229.148364102574	139.452456179151	-1.57075638897623	-820.924159363713	-560.296371785921	-511.145103661724	0.186002678142301
0.789000000000001	12991.2639993543	174.094810355339	218.944743953536	1.63254395225841	-8055.06301279978	376.976568077484	293.890447749714	-1.27686594122652	-4936.20098655455	-551.071378432827	-545.610192225266	-0.359607514082965
0.790000000000001	13667.5399089817	-9.66480229180888E-11	76.4400427003902	1.7089839949588	-7393.76568060629	487.903679018763	435.619623993574	-0.841246317232947	-6273.77422837539	-487.903679018666	-516.177970911858	-0.875785484994823
0.791000000000001	12006.2377124936	-174.094810355538	-79.9028773648269	1.62908111759398	-4796.66689407534	551.07137843287	515.062540946022	-0.326183776286925	-7209.5708184183	-376.976568077328	-425.57092769556	-1.30135641269038
0.792000000000001	8083.12593362382	-331.148007683496	-227.56818541751	1.40151293217647	712.876333558755	560.2963717859	535.133280263606	0.208949503976681	-8796.00226718257	-229.148364102398	-285.721163690559	-1.58707757638094
0.793000000000001	4789.77275484466	-455.786130775557	-379.469611828161	1.02204332034831	6558.18755591653	514.67565245416	505.172773644465	0.714122277621146	-11347.9603107612	-58.8895216785936	-124.353400209079	-1.71143097659002
0.794000000000001	2133.95851675149	-535.80873173861	-494.150506932306	0.527892813416	10229.7060931251	418.67489430407	437.158024587977	1.15128030220912	-12363.6646098766	117.133837434551	33.5219170212433	-1.67790905956878
0.795000000000001	574.594711651374	-563.382640840131	-546.439255623722	-0.0185464422077217	11071.0274798384	281.69132041999	344.869742158234	1.49615004436736	-11645.6221914897	281.691320420152	203.116191198993	-1.47479286836979
0.796000000000001	-1770.49453556119	-535.808731738547	-547.171607967954	-0.565718050175676	11391.1628962576	117.133837434352	188.645822491191	1.68479586685855	-9620.66836069637	418.674894304206	340.004513311943	-1.13478835505784
0.797000000000001	-5519.65604407518	-455.786130775447	-482.575938606317	-1.04829398878199	10267.9943254836	-58.8895216787797	25.4342543794592	1.71023012123801	-4748.33828140847	514.675652454236	437.656321692447	-0.697132033365395
0.798000000000001	-9771.40943204734	-331.148007683344	-365.311141458863	-1.41360513024086	8955.39402650706	-229.148364102569	-139.473897559012	1.570756223679	816.015405540275	560.29637178592	511.16548287632	-0.185966550489075
0.799000000000001	-12994.4079427895	-174.094810355345	-218.927812186636	-1.63253294242749	8059.78707090993	-376.976568077479	-293.931124700616	1.27682509897838	4934.62087187953	551.071378432828	545.568164528449	0.359601614039374
0.800000000000001	-13675.3048615449	9.05799879546976E-11	-76.4420388538352	-1.70897498128133	7403.4166803332	-487.90367901876	-435.689068521655	0.841136030456725	6271.88818121167	487.903679018669	516.146380232245	0.87574799427162
0.801000000000001	-12004.8694646098	174.094810355548	79.9194745917369	-1.62905550668959	4790.2236273911	-551.071378432872	-514.884761886157	0.326251268570568	7214.64583721871	376.976568077321	425.599450940201	1.30134744521182
0.802000000000001	-8083.86089566082	331.148007683491	227.552471951395	-1.40150303473819	-718.343192551636	-560.296371785901	-535.166135593937	-0.208914867023369	8802.20408821246	229.148364102403	285.682167028442	1.58702961224026
0.803000000000001	-4785.47723691532	455.786130775554	379.433309699233	-1.02206972503896	-6562.36535762791	-514.675652454162	-505.181910792858	-0.714096777816227	11347.8425945432	58.8895216785996	124.390015557382	1.71141962779764
0.804000000000001	-2140.36776917898	535.808731738613	494.197297136209	-0.527872427902753	-10227.7942957541	-418.674894304063	-437.219927031386	-1.15131670484761	12368.1620649331	-117.133837434561	-33.5757551702269	1.67784387262742
0.805000000000001	-584.506728078021	563.382640840131	546.41205152837	0.0185396236256162	-11062.1208419064	-281.691320419996	-344.970956268823	-1.49628766111644	11646.6275699844	-281.691320420147	-203.148328422426	1.47469554420499
0.806000000000001	1769.66326555578	535.808731738544	547.215093658992	0.565754717284608	-11388.2042991458	-117.133837434343	-188.510079339543	-1.68479774045598	9618.54103359007	-418.674894304213	-339.884102159374	1.13481144204562
0.807000000000001	5517.29275031222	455.786130775441	482.609896389909	1.04836461367452	-10264.4604253891	58.8895216787896	-25.4160983638683	-1.71021383881985	4747.16767507686	-514.67565245424	-437.638452978651	0.697172989066967
0.808000000000001	9771.10083871408	331.148007683349	365.237396089501	1.41360200976402	-8953.77802442072	229.148364102563	139.424127510939	-1.57078971130891	-817.322814293363	-560.29637178592	-511.225083685888	0.185947905381078
0.809000000000001	12991.2290513496	174.094810355336	218.969686816701	1.63257169658072	-8049.01105390479	376.976568077487	293.891576136639	-1.27689813517227	-4942.21799744479	-551.071378432829	-545.502945317265	-0.359555039936186
0.810000000000001	13670.4816445004	-1.00484953691193E-10	76.3899308689793	1.7089616274497	-7396.53111246649	487.903679018764	435.645782251297	-0.841252352920971	-6273.95053203396	-487.903679018672	-516.244596265026	-0.875799636201212
0.811000000000001	12009.466863259	-174.094810355542	-79.893848659552	1.62906777879015	-4799.16527672783	551.071378432871	515.074249952603	-0.326178102968368	-7210.30158653117	-376.976568077325	-425.554871204812	-1.30135450740602
0.812000000000001	8085.80950589329	-331.148007683499	-227.573516255376	1.40149426253477	714.019485698111	560.296371785899	535.102461904029	0.20892435893566	-8799.8289915914	-229.148364102395	-285.707649910511	-1.58706215731653
0.813000000000001	4793.33692668417	-455.786130775569	-379.489183598905	1.02200507893587	6556.61392361786	514.675652454152	505.177979678484	0.714102338614145	-11349.950850302	-58.8895216785897	-124.376469501397	-1.71143862681793
0.814000000000001	2150.9120990785	-535.808731738611	-494.206414628236	0.52779866430763	10215.7890089769	418.674894304067	437.276736399288	1.15137907501343	-12366.7011080554	117.133837434539	33.5651569317759	-1.67787346988616
0.815000000000001	585.167601681644	-563.382640840131	-546.376730621442	-0.0185780663138111	11062.1311469514	281.691320420001	344.869673577422	1.49624874859085	-11647.298748633	281.691320420142	203.135788640248	-1.47473768124591
0.816000000000001	-1766.60307850322	-535.808731738546	-547.191191481515	-0.565769257795326	11387.4771202777	117.133837434348	188.555278194968	1.68480402678582	-9620.87404177445	418.674894304208	339.935794992773	-1.13480188625313
0.817000000000001	-5520.26232617996	-455.786130775445	-482.526253746441	-1.04829551154177	10266.7978452323	-58.8895216787835	25.4405255190837	1.71024455230491	-4746.53551905233	514.675652454238	437.664261815184	-0.697137624437951
0.818000000000001	-9771.89605532197	-331.148007683315	-365.311182716526	-1.41360669425829	8953.62916539569	-229.148364102602	-139.469068036119	1.57077548426879	818.266889926278	560.296371785924	511.162164120918	-0.185975460317033
0.819000000000001	-12988.5360913579	-174.094810355326	-218.962355566206	-1.6325690498245	8054.01746868603	-376.976568077494	-293.895697310572	1.27687978695822	4934.51862267183	551.071378432824	545.59074510606	0.359615284789027
0.820000000000001	-13672.0877880807	1.1044676284655E-10	-76.4274562807958	-1.70899650610529	7397.46429940002	-487.90367901877	-435.685851520618	0.841193935437597	6274.6234886807	487.90367901866	516.126844303421	0.875742129092448
0.821000000000001	-12008.1524758165	174.094810355536	79.9256420619909	-1.6290708640433	4796.219123491	-551.07137843287	-514.998050644371	0.326195884793226	7211.93335232552	376.97656807733	425.598786098332	1.30134091519078
0.822000000000001	-8082.17241497961	331.148007683494	227.551563268344	-1.40151930077496	-718.399570160285	-560.2963717859	-535.097358140147	-0.208901473346921	8800.57198513989	229.1483641024	285.707062259282	1.58704797745006
0.823000000000001	-4794.84628488301	455.786130775575	379.535244056612	-1.02198405671835	-6556.69215341476	-514.675652454148	-505.191619614855	-0.714093092961776	11351.5384382978	58.8895216785639	124.383698792671	1.71143167624273
0.824000000000001	-2144.79396321561	535.808731738614	494.118572054516	-0.527865484663832	-10223.8207484696	-418.674894304061	-437.26087307975	-1.15135396604153	12368.6147116852	-117.133837434564	-33.6054829578092	1.67782619328492
0.825000000000001	-576.113495647626	563.382640840131	546.387781731373	0.0185222970675406	-11065.6474634586	-281.691320419978	-344.862892676805	-1.49621685871833	11641.7609591062	-281.691320420164	-203.05330068174	1.47477289260318
0.826000000000001	1772.50415432648	535.808731738548	547.185390891132	0.565707687958673	-11391.9425990469	-117.133837434354	-188.570234640838	-1.68478709335917	9619.43844472041	-418.674894304204	-339.983678603883	1.1347892139993
0.827000000000001	5518.10436330744	455.786130775448	482.624064600565	1.04833175255924	-10266.8300717378	58.8895216787775	-25.421753003452	-1.71020884636262	4748.72570843036	-514.675652454235	-437.6414323532	0.6971477816461
0.828000000000001	9774.25708715767	331.14800768332	365.267460027539	1.41359921258678	-8953.3328836877	229.148364102596	139.452460923747	-1.57075638543887	-820.92420346997	-560.296371785923	-511.14509882981	0.18600268281629
0.829000000000001	12991.2637082	174.094810355332	218.944746811769	1.63254395939855	-8055.06266064811	376.97656807749	293.890447528078	-1.2768659379108	-4936.20104755191	-551.071378432825	-545.6101907078	-0.35960750789151
0.830000000000001	13667.5396550976	-1.04378727883159E-10	76.4400393385067	1.70898399873705	-7393.76554700002	487.903679018767	435.619622058172	-0.841246315852624	-6273.77410809756	-487.903679018662	-516.177975340655	-0.875785483232166
0.831000000000001	12006.2376156654	-174.09481035553	-79.9028821221224	1.62908111661493	-4796.6666895703	551.071378432868	515.062536592975	-0.326183779259649	-7209.57092609508	-376.976568077334	-425.570930041289	-1.30135641327345
0.832000000000001	8083.12591093006	-331.148007683489	-227.568190066852	1.40151292654808	712.876441283447	560.296371785901	535.133276624527	0.208949497364879	-8796.00235221351	-229.148364102406	-285.721167990269	-1.58707758126372
0.833000000000001	4789.77260286638	-455.786130775571	-379.469608755932	1.02204331779215	6558.18761480865	514.67565245415	505.172776119781	0.71412227348466	-11347.960217675	-58.8895216785699	-124.353399167698	-1.71143098043142
0.834000000000001	2133.95830194187	-535.808731738612	-494.15050298312	0.527892814809026	10229.7062058112	418.674894304064	437.158027662149	1.15128030114681	-12363.664507753	117.133837434559	33.5219203799104	-1.67790906005151
0.835000000000001	574.594750705881	-563.382640840131	-546.439251798995	-0.0185464369899695	11071.0273062795	281.691320419984	344.869749453996	1.4961500506008	-11645.6220569854	281.691320420159	203.116196365737	-1.47479286368578
0.836000000000001	-1770.49459631746	-535.80873173855	-547.171608221908	-0.565718045211877	11391.1627252374	117.13383743436	188.645821646574	1.68479587224738	-9620.6681289199	418.6748943042	340.004511695608	-1.13478835199017
0.837000000000001	-5519.65620787933	-455.786130775452	-482.575941649466	-1.04829398686134	10267.9943156523	-58.8895216787715	25.4342496159128	1.71023012186329	-4748.338107773	514.675652454233	437.656318218169	-0.697132033771998
0.838000000000001	-9771.40946186076	-331.148007683325	-365.311146267703	-1.41360513312905	8955.39393828929	-229.148364102591	-139.473901014207	1.57075622084908	816.01552357147	560.296371785922	511.165479186761	-0.185966554585236
0.839000000000001	-12994.4077237579	-174.094810355338	-218.927816389326	-1.63253294951837	8059.78687764458	-376.976568077485	-293.931126507287	1.2768250943418	4934.6208461133	551.071378432826	545.568162889344	0.359601608304107
0.840000000000001	-13675.3046338477	9.83106929197675E-11	-76.4420357285609	-1.70897498524693	7403.41648281677	-487.903679018763	-435.689065126165	0.841136029215633	6271.88815103096	487.903679018665	516.146383554177	0.875747991858285
0.841000000000001	-12004.8693676739	174.094810355555	79.9194793021742	-1.62905550594476	4790.22352338001	-551.071378432874	-514.884758488082	0.326251270727551	7214.64584429393	376.976568077315	425.599454640381	1.30134744649867
0.842000000000001	-8083.860901251	331.148007683484	227.552476381232	-1.40150302956353	-718.343239628656	-560.296371785902	-535.166132142421	-0.208914861414871	8802.20414087965	229.148364102411	285.682170506398	1.58702961700506
0.843000000000001	-4785.47713062805	455.786130775567	379.433306690186	-1.02206972287334	-6562.36545254345	-514.675652454153	-505.181912713808	-0.714096774128678	11347.8425831715	58.8895216785759	124.39001370047	1.71141963070553
0.844000000000001	-2140.36749979663	535.80873173861	494.197293529809	-0.52787242934353	-10227.7943115051	-418.674894304069	-437.219929986027	-1.15131670411471	12368.1618113017	-117.133837434553	-33.5757560095615	1.67784387469597
0.845000000000001	-584.506674729873	563.382640840131	546.412048514269	0.0185396191707383	-11062.1207850528	-281.691320419989	-344.970961088784	-1.49628766520349	11646.6274597827	-281.691320420154	-203.148333610703	1.47469554108527
0.846000000000001	1769.66328592858	535.808731738542	547.215093634802	0.56575471280554	-11388.2041612927	-117.133837434335	-188.510080128567	-1.68479774533206	9618.54087536411	-418.674894304217	-339.884102009889	1.13481143907538
0.847000000000001	5517.29284019078	455.786130775437	482.609899345001	1.04836461215054	-10264.4604445215	58.8895216787973	-25.4160939443464	-1.7102138392764	4747.16760433075	-514.675652454243	-437.638450064317	0.697172989011063
0.848000000000001	9771.10083449505	331.14800768333	365.237400186293	1.41360201233683	-8953.77797025216	229.148364102585	139.424130535266	-1.57078970874114	-817.322864242891	-560.296371785922	-511.225080286935	0.185947908724127
0.849000000000001	12991.2288436321	174.094810355343	218.969690069706	1.63257170240654	-8049.01084094056	376.976568077481	293.891576937371	-1.27689813180377	-4942.21800269157	-551.071378432827	-545.502943706049	-0.359555034981922
0.850000000000001	13670.4814137784	-1.24202870210866E-10	76.3899277658226	1.70896163017236	-7396.53103926139	487.903679018777	435.645779742549	-0.841252352061217	-6273.95037451697	-487.903679018652	-516.244600702461	-0.875799635684383
0.851000000000001	12009.4667683388	-174.094810355549	-79.893851629635	1.62906777854273	-4799.16512007661	551.071378432872	515.074247197676	-0.326178104863541	-7210.30164826224	-376.976568077319	-425.554871970218	-1.3013545076546
0.852000000000001	8085.80948741855	-331.148007683505	-227.573519722791	1.40149425881994	714.019585331723	560.2963717859	535.102459218296	0.208924354354755	-8799.82907275027	-229.148364102387	-285.707652750603	-1.5870621604052
0.853000000000001	4793.33684994931	-455.786130775564	-379.489181709485	1.02200507711045	6556.61396422043	514.675652454155	505.177981520423	0.714102335875178	-11349.9508141697	-58.889521678582	-124.376468759674	-1.71143862916488
0.854000000000001	2150.91204930719	-535.808731738609	-494.206413471514	0.527798663638939	10215.7890473039	418.674894304073	437.276737699517	1.15137907357469	-12366.7010966111	117.133837434547	33.5651583840941	-1.67787347078078
0.855000000000001	585.167517130175	-563.382640840131	-546.376726412978	-0.0185780627740395	11062.1310890254	281.691320419966	344.869678158298	1.49624875173299	-11647.2986061555	281.691320420176	203.135791711009	-1.47473767906977
0.856000000000001	-1766.60305546553	-535.808731738543	-547.191192329608	-0.565769255103648	11387.4770143743	117.133837434341	188.555278376809	1.6848040301098	-9620.87395890873	418.674894304214	339.935795163206	-1.13480188390657
0.857000000000001	-5520.26241718389	-455.78613077544	-482.526255317409	-1.04829551042106	10266.7978441667	-58.8895216787912	25.4405225397309	1.71024455264953	-4746.53542698283	514.675652454241	437.664259392196	-0.697137624514371
0.858000000000001	-9771.89610021988	-331.148007683335	-365.311185304958	-1.41360669572602	8953.62912005458	-229.14836410258	-139.469070059387	1.57077548259015	818.266980165307	560.296371785921	511.162161771903	-0.185975462742469
0.859000000000001	-12988.5358788443	-174.094810355349	-218.962358132423	-1.63256905385844	8054.01724087443	-376.976568077476	-293.895696930722	1.27687978565942	4934.51863796988	551.071378432829	545.590744705349	0.359615281962881
0.860000000000001	-13672.0876893636	1.18134835247474E-10	-76.4274546010262	-1.70899650845946	7397.46420732168	-487.903679018773	-435.685851315652	0.841193934343772	6274.62348204194	487.903679018655	516.12684545592	0.875742127418801
0.861000000000001	-12008.1523829943	174.094810355543	79.9256447214256	-1.62907086373804	4796.21899853747	-551.071378432871	-514.998047719224	0.326195886624548	7211.93338445683	376.976568077324	425.598788505593	1.30134091592439
0.862000000000001	-8082.17240204753	331.148007683501	227.551566009068	-1.40151929772897	-718.399654394728	-560.2963717859	-535.097356110091	-0.208901469485543	8800.57205644226	229.148364102393	285.707064229653	1.58704798015405
0.863000000000001	-4794.84620607625	455.786130775579	379.535242353394	-1.02198405537558	-6556.69223058169	-514.675652454145	-505.191620880942	-0.714093090366485	11351.5384366579	58.8895216785562	124.383697993059	1.71143167814711
0.864000000000001	-2144.79386580212	535.808731738606	494.118570738812	-0.527865484636765	-10223.8207777896	-418.674894304077	-437.260874521751	-1.15135396488824	12368.6146435917	-117.133837434541	-33.6054836680317	1.67782619447908
0.865000000000001	-576.113570608028	563.382640840131	546.387779395035	0.0185222947582696	-11065.6472637215	-281.691320419972	-344.862897644973	-1.49621686253321	11641.7608343296	-281.691320420171	-203.053303719076	1.47477289076
0.866000000000001	1772.50427868471	535.808731738545	547.185388796005	0.565707683554275	-11391.9425730205	-117.133837434347	-188.570234360272	-1.68478709689348	9619.43829433582	-418.674894304209	-339.983679170504	1.1347892115895
0.867000000000001	5518.10446710062	455.786130775444	482.624067365346	1.04833175091962	-10266.8301170944	58.8895216787852	-25.4217498544609	-1.71020884674794	4748.72564999375	-514.675652454238	-437.641430219446	0.697147781370049
0.868000000000001	9774.25704307788	331.148007683314	365.267463697788	1.41359921461741	-8953.33283722893	229.148364102603	139.452463055333	-1.57075638369261	-820.924205848947	-560.296371785924	-511.145096452942	0.186002684917108
0.869000000000001	12991.2635454702	174.094810355325	218.944748051449	1.63254396266886	-8055.06246045889	376.976568077495	293.890446903318	-1.27686593678929	-4936.20108501128	-551.071378432823	-545.610190046354	-0.359607505129246
0.870000000000001	13667.5395033113	-1.12095221993513E-10	76.4400380191346	1.70898400068799	-7393.76549509361	487.903679018771	435.61962164331	-0.841246315145981	-6273.77400821772	-487.903679018659	-516.177977562352	-0.875785482691599
0.871000000000001	12006.2375720432	-174.094810355538	-79.9028843473812	1.62908111634061	-4796.66657303637	551.07137843287	515.06253456849	-0.326183780577491	-7209.57099900679	-376.976568077329	-425.570930497191	-1.30135641318879
0.872000000000001	8083.12594930761	-331.148007683496	-227.568193011549	1.40151292332906	712.876495187279	560.296371785901	535.13327457705	0.208949493999559	-8796.00244449488	-229.148364102398	-285.721170242981	-1.58707758343177
0.873000000000001	4789.7725310554	-455.786130775576	-379.469606930199	1.02204331639886	6558.18764970103	514.675652454147	505.172777327998	0.714122271327557	-11347.9601807564	-58.8895216785622	-124.353398886865	-1.71143098231864
0.874000000000001	2133.95818274305	-535.808731738615	-494.150500751998	0.527892815646865	10229.7063030449	418.674894304059	437.158029110863	1.15128030043842	-12363.664485788	117.133837434566	33.5219223453695	-1.67790905997327
0.875000000000001	574.594808196509	-563.382640840131	-546.439250142572	-0.0185464344957066	11071.0271875316	281.691320419977	344.869753643622	1.49615005408204	-11645.6219957281	281.691320420166	203.116198879336	-1.47479286109393
0.876000000000001	-1770.49462163471	-535.808731738547	-547.171608101144	-0.565718042596851	11391.1626092743	117.133837434353	188.645821272715	1.68479587535476	-9620.66798763956	418.674894304205	340.004510724225	-1.13478835036971
0.877000000000001	-5519.65632360553	-455.786130775429	-482.575943190514	-1.04829398578736	10267.9943491558	-58.889521678811	25.4342465088013	1.71023012186356	-4748.33802555025	514.675652454249	437.656316392908	-0.697132033976798
0.878000000000001	-9771.40950137176	-331.148007683319	-365.311148490719	-1.41360513427808	8955.39390877656	-229.148364102598	-139.473902371338	1.57075621949222	816.015592595194	560.296371785923	511.165477474307	-0.185966556502491
0.879000000000001	-12994.407609633	-174.09481035533	-218.927818932964	-1.63253295321105	8059.78679725304	-376.976568077491	-293.931127685849	1.27682509180637	4934.62081237999	551.071378432824	545.568162014312	0.359601605511821
0.880000000000001	-13675.3044866462	1.06012976175407E-10	-76.4420343745102	-1.70897498758556	7403.41636659776	-487.903679018768	-435.689063223932	0.84113602858244	6271.88812004846	487.903679018661	516.146385177252	0.875747990689073
0.881000000000001	-12004.8693182619	174.094810355532	79.9194817656101	-1.62905550581995	4790.22347943944	-551.071378432868	-514.884757046111	0.326251271536328	7214.64583882244	376.976568077333	425.599456357558	1.30134744704663
0.882000000000001	-8083.86095489346	331.148007683517	227.552479355358	-1.40150302646459	-718.343249059325	-560.296371785898	-535.166130047944	-0.208914858511616	8802.20420395278	229.148364102375	285.682172355796	1.58702961940243
0.883000000000001	-4785.47708695673	455.786130775572	379.433304764408	-1.02206972170018	-6562.36551845463	-514.675652454149	-505.181913629365	-0.714096772140981	11347.8426054114	58.8895216785683	124.390012647802	1.71141963205023
0.884000000000001	-2140.36732541501	535.808731738613	494.197291431566	-0.527872430268616	-10227.7943269462	-418.674894304064	-437.219931498062	-1.15131670363904	12368.1616523613	-117.13383743456	-33.5757560096202	1.67784387604061
0.885000000000001	-584.506642866317	563.382640840131	546.412047252005	0.0185396169833885	-11062.1207685869	-281.691320419954	-344.970963434538	-1.49628766707358	11646.6274114532	-281.691320420188	-203.14833641957	1.47469553962104
0.886000000000001	1769.66327256567	535.808731738549	547.215093478821	0.56575471046221	-11388.2040656992	-117.133837434359	-188.510081110486	-1.68479774818407	9618.54079313355	-418.674894304201	-339.884102205956	1.13481143741508
0.887000000000001	5517.29289533698	455.786130775432	482.609900872858	1.04836461133507	-10264.4604926217	58.889521678805	-25.4160910439558	-1.71021383922802	4747.16759728473	-514.675652454246	-437.63844855047	0.697172988864612
0.888000000000001	9771.10084551604	331.148007683324	365.237402062644	1.41360201339771	-8953.77796143268	229.148364102592	139.42413178097	-1.57078970744705	-817.322884083358	-560.296371785923	-511.225078592674	0.185947910271939
0.889000000000001	12991.2287254711	174.094810355336	218.969692037647	1.63257170543536	-8049.01073039247	376.976568077486	293.891577359984	-1.27689813008707	-4942.21799507861	-551.071378432826	-545.502942773286	-0.359555032501347
0.890000000000001	13670.4812601593	-1.31961996885366E-10	76.3899261986458	1.708961631634	-7396.5310186302	487.90367901878	435.645778438141	-0.841252351648928	-6273.95024152908	-487.903679018648	-516.244603402769	-0.875799635904115
0.891000000000001	12009.4667130964	-174.094810355557	-79.8938529008864	1.62906777873312	-4799.16502525955	551.071378432874	515.074246010771	-0.326178105638157	-7210.30168783681	-376.976568077314	-425.554871554758	-1.30135450745887
0.892000000000001	8085.80950990666	-331.148007683512	-227.57352198098	1.40149425675214	714.019646020681	560.296371785899	535.102457642304	0.208924352004147	-8799.82915592734	-229.14836410238	-285.707654203268	-1.58706216166214
0.893000000000001	4793.33682364084	-455.786130775568	-379.48918065836	1.02200507609378	6556.61399069948	514.675652454152	505.177982456834	0.714102334460981	-11349.9508143403	-58.8895216785743	-124.376468544103	-1.71143863020624
0.894000000000001	2150.9120515509	-535.808731738611	-494.206413297508	0.527798662796271	10215.7890819742	418.674894304067	437.276737986346	1.15137907244733	-12366.7011335251	117.133837434554	33.5651589837787	-1.67787347122247
0.895000000000001	585.167459656415	-563.382640840131	-546.376723902923	-0.018578061106652	11062.1310623487	281.69132041996	344.869680664804	1.49624875311213	-11647.2985220051	281.691320420183	203.135793027855	-1.47473767819461
0.896000000000001	-1766.60301772899	-535.808731738541	-547.191192823238	-0.56576925392989	11387.4769453241	117.133837434333	188.55527879082	1.68480403190295	-9620.87392759511	418.674894304219	339.935795597904	-1.13480188259671
0.897000000000001	-5520.26247768878	-455.786130775436	-482.526255915624	-1.04829550984551	10266.7978702135	-58.8895216787989	25.4405206943848	1.71024455259734	-4746.53539252472	514.675652454244	437.664258117875	-0.697137624478832
0.898000000000001	-9771.89614884693	-331.148007683329	-365.311186200582	-1.4136066960461	8953.62911213666	-229.148364102587	-139.469070686539	1.5707754819108	818.267036710269	560.296371785922	511.162160765594	-0.185975463713238
0.899000000000001	-12988.5357478591	-174.094810355342	-218.962359586162	-1.63256905563226	8054.01710368334	-376.976568077482	-293.895696334113	1.27687978557668	4934.51864417572	551.071378432827	545.590744744649	0.359615281031411
0.900000000000001	-13672.0876374982	1.25893961921975E-10	-76.4274541121188	-1.70899650974438	7397.46416656908	-487.903679018777	-435.685851882918	0.841193933693766	6274.6234709291	487.903679018652	516.126845586556	0.875742126617967
0.901000000000001	-12008.15232542	174.094810355551	79.9256458928139	-1.62907086385156	4796.21891847699	-551.071378432873	-514.998046205081	0.326195887488684	7211.93340694303	376.976568077319	425.598789518272	1.30134091613624
0.902000000000001	-8082.17242217962	331.148007683507	227.551567760847	-1.40151929609072	-718.399706829588	-560.296371785899	-535.097355002337	-0.208901467513652	8800.57212900921	229.148364102386	285.707065141339	1.58704798127758
0.903000000000001	-4794.84616663821	455.786130775565	379.535241310499	-1.02198405478022	-6556.69228651439	-514.675652454155	-505.191621487074	-0.714093089000726	11351.5384531526	58.8895216785804	124.383697683317	1.7114316789609
0.904000000000001	-2144.7938178869	535.808731738609	494.118570283101	-0.527865484497117	-10223.8208006853	-418.674894304072	-437.260875099419	-1.15135396410015	12368.6146185722	-117.133837434548	-33.6054837787314	1.67782619518216
0.905000000000001	-576.113645213197	563.382640840131	546.387778415689	0.0185222939185719	-11065.6471116459	-281.691320419965	-344.862900585014	-1.49621686468516	11641.7607568591	-281.691320420178	-203.053305135172	1.47477289004699
0.906000000000001	1772.50436653344	535.808731738543	547.185386868117	0.565707680786689	-11391.9425672936	-117.133837434339	-188.570234321187	-1.68478709900635	9619.43820076019	-418.674894304215	-339.983679901333	1.13478921014566
0.907000000000001	5518.1045412765	455.786130775439	482.624069050968	1.04833174983766	-10266.8301768297	58.8895216787929	-25.4217477853937	-1.71020884679174	4748.72563555315	-514.675652454241	-437.641429074476	0.697147781071183
0.908000000000001	9774.25701646572	331.148007683334	365.26746570958	1.41359921554724	-8953.33282356604	229.148364102581	139.452463960268	-1.57075638283147	-820.924192899679	-560.296371785922	-511.145095260047	0.186002685811136
0.909000000000001	12991.2634494718	174.094810355348	218.944748552448	1.63254396409969	-8055.06233825099	376.976568077477	293.890446194804	-1.27686593663667	-4936.20111122078	-551.071378432829	-545.61018976541	-0.359607503954275
0.910000000000001	13667.5394050756	-1.19825926958583E-10	76.4400376574192	1.7089840017571	-7393.76547882193	487.903679018775	435.619621878797	-0.841246314757872	-6273.77392625372	-487.903679018655	-516.177978694576	-0.87578548264885
0.911000000000001	12006.2375508423	-174.094810355545	-79.9028853598436	1.62908111639726	-4796.66649964071	551.071378432871	515.06253363834	-0.326183781119532	-7209.57105120157	-376.976568077323	-425.570930175629	-1.30135641282448
0.912000000000001	8083.12600769144	-331.148007683528	-227.56819505077	1.40151292134649	712.876524583244	560.296371785897	535.133273323299	0.208949492203768	-8796.00253227469	-229.148364102362	-285.721171497099	-1.58707758432158
0.913000000000001	4789.77249593906	-455.786130775561	-379.469605768476	1.02204331557801	6558.18767340342	514.675652454157	505.172777914617	0.714122270118385	-11347.9601693425	-58.8895216785863	-124.353398950426	-1.711430983272
0.914000000000001	2133.95811041507	-535.808731738617	-494.150499385122	0.527892816192892	10229.7063876868	418.674894304054	437.158029794216	1.1512802999126	-12363.6644981019	117.133837434574	33.521923601219	-1.67790905967079
0.915000000000001	574.594868838884	-563.382640840131	-546.439249502512	-0.01854643330962	11071.0270989605	281.69132041997	344.869756264174	1.49615005617678	-11645.6219677994	281.691320420172	203.116200113639	-1.47479285955715
0.916000000000001	-1770.49463398816	-535.808731738545	-547.171607790934	-0.565718041100554	11391.1625238549	117.133837434345	188.645821139449	1.68479587731622	-9620.66788986672	418.67489430421	340.004510092461	-1.13478834946468
0.917000000000001	-5519.65641245899	-455.786130775424	-482.57594401851	-1.04829398511906	10267.994397437	-58.8895216788187	25.434244305679	1.7102301216219	-4748.33798497803	514.675652454252	437.65631538658	-0.697132034078105
0.918000000000001	-9771.40954230836	-331.148007683313	-365.311149505633	-1.4136051346247	8955.39390443944	-229.148364102605	-139.473902774124	1.57075621884778	816.01563786892	560.296371785924	511.165476691105	-0.185966557387
0.919000000000001	-12994.4075469823	-174.094810355323	-218.92782059186	-1.63253295521656	8059.78676969087	-376.976568077496	-293.931128511772	1.27682509033601	4934.62077729143	551.071378432823	545.568161548897	0.359601604161897
0.920000000000001	-13675.3043816358	1.13686837721616E-10	-76.4420338715785	-1.70897498908814	7403.41629098371	-487.903679018771	-435.689062075324	0.841136028260682	6271.8880906521	487.903679018658	516.146385969303	0.875747990131201
0.921000000000001	-12004.8692907198	174.094810355539	79.9194830995287	-1.62905550598861	4790.22346116962	-551.07137843287	-514.884756534562	0.326251271726121	7214.64582955013	376.976568077327	425.599457097754	1.30134744722895
0.922000000000001	-8083.8610232928	331.148007683523	227.55248153182	-1.40150302445679	-718.343243948866	-560.296371785897	-535.166128650145	-0.208914856924024	8802.20426724167	229.148364102368	285.682173420216	1.58702962064917
0.923000000000001	-4785.4770711791	455.786130775577	379.433303432196	-1.02206972102459	-6562.36556799508	-514.675652454147	-505.181914064632	-0.714096770988656	11347.8426391742	58.8895216785606	124.390012018332	1.7114196326675
0.924000000000001	-2140.36720320103	535.808731738615	494.197290111794	-0.527872430912797	-10227.7943425264	-418.674894304058	-437.219932303362	-1.15131670329202	12368.1615457275	-117.133837434568	-33.5757556843628	1.67784387698314
0.925000000000001	-584.506620553793	563.382640840131	546.412046798401	0.0185396158856032	-11062.1207716319	-281.691320419975	-344.970964579703	-1.49628766787172	11646.6273921857	-281.691320420167	-203.148338025251	1.47469553895789
0.926000000000001	1769.66324593083	535.808731738547	547.21509329151	0.565754709177114	-11388.203993381	-117.133837434351	-188.510082118945	-1.68479774999067	9618.54074745013	-418.674894304206	-339.884102525646	1.13481143643224
0.927000000000001	5517.29293235075	455.786130775428	482.609901681465	1.04836461085858	-10264.4605479054	58.8895216788126	-25.4160889986637	-1.71021383898933	4747.16761555468	-514.67565245425	-437.638447735414	0.697172988696829
0.928000000000001	9771.10086249178	331.148007683318	365.237402885977	1.41360201374456	-8953.77797095219	229.148364102599	139.424132204786	-1.57078970678454	-817.32289153959	-560.296371785923	-511.22507772289	0.185947910973939
0.929000000000001	12991.2286540462	174.094810355329	218.969693342468	1.63257170708702	-8049.01067135261	376.976568077492	293.891577625492	-1.27689812915905	-4942.21798269359	-551.071378432824	-545.502942182441	-0.359555031208503
0.930000000000001	13670.4811496158	-1.07647224467655E-10	76.3899253909375	1.70896163247796	-7396.53101987607	487.903679018769	435.645777713994	-0.841252351445057	-6273.95012973978	-487.90367901866	-516.244605175527	-0.87579963638403
0.931000000000001	12009.4666763906	-174.094810355534	-79.8938533758204	1.62906777910214	-4799.16496161646	551.071378432869	515.074245547057	-0.326178105898001	-7210.30171477414	-376.976568077332	-425.554870705273	-1.3013545070893
0.932000000000001	8085.80954571326	-331.148007683518	-227.573523581425	1.40149425552072	714.01968767835	560.296371785898	535.102456629971	0.20892435073197	-8799.82923339161	-229.148364102373	-285.707654984078	-1.58706216207338
0.933000000000001	4793.33681895065	-455.786130775573	-379.489180041214	1.0220050754795	6556.61401087791	514.675652454149	505.177982944017	0.714102333675987	-11349.9508298286	-58.8895216785666	-124.376468562707	-1.71143863063609
0.934000000000001	2150.91207446731	-535.808731738623	-494.206413539679	0.527798661939823	10215.7891137496	418.674894304041	437.276737840303	1.15137907151629	-12366.7011882169	117.133837434593	33.5651591938531	-1.67787347144224
0.935000000000001	585.167417119717	-563.382640840131	-546.376722274003	-0.0185780603341799	11062.1310505637	281.691320419981	344.869682143161	1.49624875365945	-11647.2984676834	281.691320420162	203.135793523	-1.47473767791924
0.936000000000001	-1766.602978967	-535.808731738548	-547.191193108537	-0.565769253442717	11387.4768963506	117.133837434357	188.5552792853	1.68480403294475	-9620.8739173836	418.674894304202	339.935796109285	-1.13480188180995
0.937000000000001	-5520.26252182976	-455.786130775431	-482.52625608061	-1.04829550952333	10266.7979046133	-58.8895216788066	25.4405194549676	1.71024455239972	-4746.53538278358	514.675652454247	437.664257413573	-0.697137624396377
0.938000000000001	-9771.89619556882	-331.148007683323	-365.311186342284	-1.41360669586561	8953.62911938907	-229.148364102594	-139.469070698746	1.57077548170097	818.267076179752	560.296371785923	511.162160383503	-0.185975464012874
0.939000000000001	-12988.5356617147	-174.094810355304	-218.962360461373	-1.63256905632698	8054.01701441184	-376.976568077511	-293.895695697204	1.27687978600377	4934.51864730285	551.071378432819	545.590744964173	0.3596152809513
0.940000000000001	-13672.0876080803	1.33653088596475E-10	-76.4274541704286	-1.70899651049741	7397.46415001777	-487.903679018782	-435.685852729935	0.841193933273835	6274.62345806254	487.903679018648	516.126845292458	0.875742126243758
0.941000000000001	-12008.1522855914	174.094810355558	79.9256463490192	-1.62907086414839	4796.21886013242	-551.071378432875	-514.998045378795	0.326195887895039	7211.93342545896	376.976568077313	425.59878985287	1.30134091609663
0.942000000000001	-8082.17245359416	331.148007683513	227.551568990865	-1.40151929515753	-718.399743951952	-560.296371785899	-535.097354347792	-0.208901466452753	8800.57219754611	229.148364102379	285.707065568754	1.58704798166538
0.943000000000001	-4794.84614603481	455.786130775569	379.535240628709	-1.02198405452882	-6556.69233011364	-514.675652454151	-505.191621774604	-0.714093088227356	11351.5384761484	58.8895216785726	124.383697610253	1.71143167927564
0.944000000000001	-2144.79379556833	535.808731738621	494.118570236713	-0.527865484292106	-10223.8208210377	-418.674894304045	-437.260875261387	-1.15135396348874	12368.614616606	-117.133837434587	-33.6054836475499	1.67782619562809
0.945000000000001	-576.113713278735	563.382640840131	546.387778039972	0.0185222937478651	-11065.6469906715	-281.691320419958	-344.862902493442	-1.49621686598219	11641.7607039502	-281.691320420184	-203.053305764202	1.47477288986388
0.946000000000001	1772.50443365194	535.808731738541	547.185385146621	0.565707678894486	-11391.9425699937	-117.133837434332	-188.570234393397	-1.68478710037558	9619.43813634172	-418.67489430422	-339.983680647206	1.13478920921668
0.947000000000001	5518.10459827088	455.786130775435	482.624070160558	1.04833174905504	-10266.8302370645	58.8895216788006	-25.4217463272177	-1.7102088467028	4748.72563879365	-514.675652454245	-437.641428427153	0.697147780789525
0.948000000000001	9774.25699982735	331.148007683328	365.267466889396	1.41359921594444	-8953.33282387439	229.148364102588	139.452464297981	-1.57075638240482	-820.924175952965	-560.296371785922	-511.145094641153	0.186002686148372
0.949000000000001	12991.2633897118	174.09481035531	218.944748717373	1.63254396466181	-8055.06225794287	376.976568077507	293.890445523799	-1.27686593688102	-4936.20113176895	-551.07137843282	-545.610189653134	-0.359607503504761
0.950000000000001	13667.5393370054	-1.27513999359508E-10	76.4400377257843	1.7089840023876	-7393.76547749466	487.903679018778	435.619622358014	-0.841246314523006	-6273.77385951071	-487.903679018651	-516.177979283904	-0.875785482788665
0.951000000000001	12006.2375390456	-174.094810355552	-79.9028857944122	1.62908111659319	-4796.6664485373	551.071378432873	515.062533216362	-0.326183781306644	-7209.5710905083	-376.976568077317	-425.57092958322	-1.30135641237188
0.952000000000001	8083.12606882347	-331.148007683508	-227.568196571153	1.40151292002203	712.87654271852	560.296371785899	535.13327248403	0.208949491177386	-8796.00261154199	-229.148364102384	-285.721172249259	-1.58707758462114
0.953000000000001	4789.77247781544	-455.786130775566	-379.469604972653	1.02204331504938	6558.1876916612	514.675652454154	505.172778198023	0.714122269375409	-11347.9601694766	-58.8895216785787	-124.353399152716	-1.71143098377386
0.954000000000001	2133.95806226018	-535.808731738619	-494.150498467008	0.527892816582371	10229.706461777	418.674894304049	437.158030121093	1.1512802994965	-12363.6645240372	117.133837434581	33.5219244829916	-1.67790905929087
0.955000000000001	574.594926537375	-563.382640840131	-546.439249331858	-0.0185464327494875	11071.0270287008	281.691320419963	344.869758055911	1.49615005755241	-11645.6219552382	281.691320420179	203.116200725484	-1.47479285856538
0.956000000000001	-1770.49464257338	-535.808731738532	-547.171607394625	-0.565718040144113	11391.1624571246	117.133837434306	188.645821125257	1.68479587867767	-9620.66781455118	418.674894304237	340.004509644744	-1.13478834892064
0.957000000000001	-5519.65648466953	-455.786130775438	-482.57594450983	-1.04829398465394	10267.9944482439	-58.8895216787945	25.4342426270886	1.71023012130476	-4748.33796357437	514.675652454242	437.65631479281	-0.697132034127832
0.958000000000001	-9771.40957943772	-331.148007683332	-365.311149981353	-1.4136051346353	8955.39390973033	-229.148364102583	-139.47390276494	1.57075621853982	816.015669707394	560.296371785921	511.165476338708	-0.185966557789123
0.959000000000001	-12994.4075092095	-174.094810355316	-218.927821762581	-1.63253295639788	8059.78676576428	-376.976568077502	-293.931129138076	1.27682508940174	4934.62074344522	551.071378432821	545.568161288918	0.359601603499794
0.960000000000001	-13675.3043002546	1.21474386105547E-10	-76.4420337460401	-1.70897499014392	7403.41623692684	-487.903679018775	-435.689061303461	0.841136028098282	6271.88806332778	487.903679018654	516.146386375114	0.875747989874909
0.961000000000001	-12004.8692735233	174.094810355577	79.9194838633268	-1.62905550628059	4790.22345345927	-551.071378432879	-514.88475645061	0.326251271647672	7214.64582006407	376.976568077298	425.599457360706	1.30134744723561
0.962000000000001	-8083.86109221133	331.148007683529	227.552483231959	-1.40150302304863	-718.34323410989	-560.296371785897	-535.16612763314	-0.208914855985467	8802.20432632122	229.148364102361	285.682174096358	1.58702962133197
0.963000000000001	-4785.47706746083	455.786130775562	379.433302441492	-1.02206972060714	-6562.3656071608	-514.675652454157	-505.18191427583	-0.714096770261297	11347.8426746216	58.8895216785847	124.390011615259	1.71141963294723
0.964000000000001	-2140.36711190195	535.808731738617	494.197289210469	-0.527872431396669	-10227.7943579073	-418.674894304053	-437.219932758343	-1.15131670301964	12368.1614698093	-117.133837434575	-33.5757552675342	1.6778438776797
0.965000000000001	-584.506602723569	563.382640840131	546.412046708901	0.0185396153122316	-11062.1207837743	-281.691320419969	-344.970965135342	-1.49628766815498	11646.6273864979	-281.691320420174	-203.148339002551	1.47469553867715
0.966000000000001	1769.66321534442	535.808731738535	547.215093118674	0.565754708430906	-11388.2039350837	-117.133837434312	-188.51008307438	-1.68479775122936	9618.54071973926	-418.674894304233	-339.884102864764	1.13481143581238
0.967000000000001	5517.29295926563	455.786130775423	482.609902121056	1.04836461055196	-10264.4606012659	58.8895216788203	-25.4160874658422	-1.71021383869521	4747.16764200028	-514.675652454253	-437.638447274701	0.697172988537682
0.968000000000001	9771.10088103176	331.148007683311	365.237403213141	1.4136020137651	-8953.77798671591	229.148364102606	139.424132259872	-1.57078970643533	-817.32289431585	-560.296371785924	-511.225077255909	0.185947911281772
0.969000000000001	12991.2286081445	174.094810355321	218.96969428216	1.63257170804726	-8049.01063899143	376.976568077498	293.891577826589	-1.27689812860874	-4942.21796915308	-551.071378432823	-545.502941774099	-0.359555030492327
0.970000000000001	13670.4810651999	-1.15406351142155E-10	76.3899249600326	1.70896163300729	-7396.53102931914	487.903679018772	435.645777270252	-0.841252351338492	-6273.95003588072	-487.903679018657	-516.24460642873	-0.875799636921058
0.971000000000001	12009.4666488396	-174.094810355571	-79.8938534861768	1.62906777952112	-4799.1649147393	551.071378432877	515.074245406938	-0.326178105931554	-7210.30173410033	-376.976568077302	-425.554869756282	-1.30135450667734
0.972000000000001	8085.80958317566	-331.148007683524	-227.573524794544	1.40149425472657	714.019719457079	560.296371785897	535.102455920179	0.208924349988625	-8799.82930263274	-229.148364102366	-285.707655431192	-1.58706216210853
0.973000000000001	4793.33682297231	-455.786130775577	-379.489179653559	1.02200507507301	6556.61402803667	514.675652454146	505.177983208172	0.714102333196798	-11349.950851009	-58.8895216785589	-124.376468673272	-1.7114386307818
0.974000000000001	2150.91210407025	-535.808731738616	-494.206413934142	0.527798661138872	10215.7891428908	418.674894304057	437.276737531055	1.15137907072785	-12366.701246961	117.133837434569	33.5651592334605	-1.67787347154834
0.975000000000001	585.167383719677	-563.382640840131	-546.37672112597	-0.0185780599870978	11062.1310459364	281.691320419974	344.869683095635	1.49624875382349	-11647.2984296561	281.691320420168	203.135793640398	-1.47473767790795
0.976000000000001	-1766.60294418765	-535.808731738536	-547.191193270825	-0.565769253257923	11387.4768592966	117.133837434318	188.555279783922	1.68480403360741	-9620.87391510899	418.674894304229	339.935796611179	-1.13480188129677
0.977000000000001	-5520.26255640125	-455.786130775427	-482.526256065034	-1.04829550932296	10266.7979395193	-58.8895216788143	25.4405185562119	1.71024455216362	-4746.53538311801	514.67565245425	437.664256996681	-0.697137624300086
0.978000000000001	-9771.89623811332	-331.148007683316	-365.311186168659	-1.41360669549162	8953.62913192294	-229.148364102601	-139.469070459727	1.57077548170389	818.267106190377	560.296371785924	511.162160285237	-0.185975464014849
0.979000000000001	-12988.5356020873	-174.094810355327	-218.962361017517	-1.63256905650913	8054.01695189716	-376.976568077493	-293.895695091033	1.27687978661286	4934.5186501901	551.071378432824	545.590745241587	0.359615281226738
0.980000000000001	-13672.0875894821	1.09324105324049E-10	-76.4274544666066	-1.70899651097574	7397.46414496795	-487.903679018769	-435.68585363128	0.841193932981581	6274.62344451412	487.90367901866	516.126844856866	0.875742126083605
0.981000000000001	-12008.1522554176	174.094810355566	79.9256464665377	-1.6290708645092	4796.21881316932	-551.071378432876	-514.998044892542	0.326195888089039	7211.93344224829	376.976568077307	425.598789859052	1.30134091594266
0.982000000000001	-8082.17248688725	331.148007683519	227.551569923829	-1.40151929458537	-718.399773124009	-560.296371785898	-535.097353924627	-0.208901465835588	8800.57226001126	229.148364102372	285.707065776757	1.58704798171941
0.983000000000001	-4794.84613464263	455.786130775593	379.535240152815	-1.02198405443256	-6556.69236570285	-514.675652454135	-505.191621910112	-0.7140930877457	11351.5385003455	58.8895216785331	124.383697647189	1.7114316793666
0.984000000000001	-2144.79378692488	535.808731738614	494.118570379133	-0.527865484053425	-10223.8208401785	-418.674894304061	-437.260875226583	-1.15135396297228	12368.6146271033	-117.133837434563	-33.6054834375135	1.67782619592909
0.985000000000001	-576.113773125007	563.382640840131	546.387777919869	0.018522293866444	-11065.6468914885	-281.691320419979	-344.862903852217	-1.4962168668245	11641.7606646135	-281.691320420163	-203.05330601007	1.47477288991902
0.986000000000001	1772.50448782831	535.808731738538	547.185383635364	0.565707677501808	-11391.9425757177	-117.133837434324	-188.570234509386	-1.68478710133389	9619.43808788938	-418.674894304225	-339.983681342971	1.13478920857605
0.987000000000001	5518.10464432349	455.78613077543	482.624070946647	1.04833174844845	-10266.830292328	58.8895216788083	-25.4217452370693	-1.71020884657096	4748.72564800452	-514.675652454248	-437.64142803589	0.697147780540158
0.988000000000001	9774.25698913403	331.148007683296	365.267467638736	1.41359921608719	-8953.3328295898	229.148364102624	139.452464380658	-1.5707563821903	-820.924159544231	-560.296371785927	-511.145094303608	0.18600268623655
0.989000000000001	12991.263350673	174.094810355302	218.944748732018	1.63254396481921	-8055.06220153874	376.976568077513	293.890444930407	-1.27686593725989	-4936.20114913422	-551.071378432818	-545.610189614209	-0.359607503377659
0.990000000000001	13667.5392872118	-1.03256070360658E-10	76.440037970956	1.70898400279016	-7393.76548181661	487.903679018766	435.619622895308	-0.841246314364583	-6273.77380539515	-487.903679018663	-516.177979599101	-0.87578548297676
0.991000000000001	12006.2375310918	-174.09481035556	-79.9028859563058	1.62908111683386	-4796.66640978842	551.071378432875	515.062533025965	-0.326183781338618	-7209.57112130334	-376.976568077311	-425.570928942593	-1.30135641191935
0.992000000000001	8083.1261258259	-331.148007683514	-227.568197767361	1.4015129190665	712.876555582033	560.296371785898	535.13327187537	0.208949490536753	-8796.00268140794	-229.148364102377	-285.721172738615	-1.58707758465797
0.993000000000001	4789.77246761443	-455.786130775589	-379.469604388802	1.0220433146777	6558.18770700655	514.675652454138	505.172778334882	0.714122268871635	-11347.960174621	-58.8895216785392	-124.353399395781	-1.71143098405375
0.994000000000001	2133.95802736504	-535.808731738622	-494.150497793559	0.527892816884137	10229.7065267919	418.674894304044	437.158030285154	1.15128029915679	-12363.6645541569	117.133837434589	33.5219251560843	-1.67790905889766
0.995000000000001	574.594979068222	-563.382640840131	-546.439249374025	-0.0185464324898884	11071.0269706946	281.691320419957	344.869759378539	1.49615005853533	-11645.6219497629	281.691320420186	203.116201028299	-1.47479285786937
0.996000000000001	-1770.49465065053	-535.80873173854	-547.171606969124	-0.565718039459013	11391.1624028603	117.13383743433	188.645821169114	1.68479587970444	-9620.6677522098	418.674894304221	340.004509304496	-1.13478834856487
0.997000000000001	-5519.65654531258	-455.786130775434	-482.575944840926	-1.04829398429994	10267.9944964267	-58.8895216788022	25.4342412784712	1.71023012098291	-4748.33795111407	514.675652454245	437.656314412348	-0.697132034152522
0.998000000000001	-9771.40961271297	-331.1480076833	-365.311150202213	-1.41360513450215	8955.39391858054	-229.148364102619	-139.473902587643	1.57075621839527	816.015694132428	560.296371785926	511.165476188411	-0.18596655796411
0.999000000000001	-12994.4074872233	-174.094810355308	-218.927822634413	-1.63253295713657	8059.78677330435	-376.976568077508	-293.931129649843	1.27682508874543	4934.62071391893	551.07137843282	545.568161122745	0.359601603158634
1	-13675.304234099	1.29247723634762E-10	-76.442033802125	-1.70897499093869	7403.41619554472	-487.903679018779	-435.689060729699	0.841136028015728	6271.88803855432	487.90367901865	516.146386605944	0.875747989764578
1.001	-12004.8692613513	174.094810355524	79.9194843295179	-1.62905550660917	4790.22344967753	-551.071378432867	-514.884756549778	0.32625127146595	7214.64581167379	376.97656807734	425.599457396225	1.3013474471608
1.002	-8083.86115592207	331.148007683483	227.552484618728	-1.40150302199044	-718.343223699353	-560.296371785902	-535.166126842425	-0.208914855376475	8802.20437962143	229.148364102412	285.682174571085	1.58702962173189
1.003	-4785.47706851835	455.786130775548	379.433301661526	-1.02206972032892	-6562.36563922255	-514.675652454166	-505.181914384797	-0.714096769761272	11347.8427077409	58.8895216786089	124.390011337964	1.71141963306985
1.004	-2140.36704036165	535.80873173859	494.19728854741	-0.527872431781507	-10227.7943728875	-418.674894304112	-437.2199330358	-1.15131670279707	12368.1614132492	-117.133837434489	-33.575754858945	1.67784387821091
1.005	-584.506587157376	563.382640840131	546.412046775811	0.0185396149943038	-11062.1207999404	-281.691320420045	-344.970965396832	-1.4962876681939	11646.6273870978	-281.691320420097	-203.148339636094	1.47469553857481
1.006	1769.66318507797	535.808731738582	547.215092976907	0.56575470797121	-11388.2038862967	-117.133837434461	-188.510083944048	-1.68479775213795	9618.54070121875	-418.674894304131	-339.884103178665	1.13481143539615
1.007	5517.2929802584	455.786130775513	482.609902365854	1.04836461033706	-10264.4606494816	58.8895216786688	-25.4160862636166	-1.71021383840157	4747.16766922317	-514.675652454191	-437.638446998187	0.697172988397961
1.008	9771.10089935941	331.148007683435	365.237403308943	1.41360201364601	-8953.77800363599	229.148364102467	139.424132158841	-1.57078970624273	-817.322895723421	-560.296371785909	-511.225076989067	0.185947911408894
1.009	12991.2285772276	174.094810355497	218.969695002894	1.6325717086489	-8049.01062115511	376.976568077361	293.891578000176	-1.27689812824255	-4942.21795607254	-551.071378432861	-545.50294147155	-0.359555030062656
1.01	13670.480998262	6.90221213517361E-11	76.3899247185444	1.70896163336745	-7396.53104113687	487.90367901868	435.645776964092	-0.841252351278459	-6273.94995712516	-487.903679018749	-516.24460737112	-0.875799637433776
1.011	12009.4666265398	-174.094810355335	-79.8938534382014	1.62906777992924	-4799.16487792976	551.071378432825	515.074245403338	-0.326178105875121	-7210.30174861001	-376.976568077487	-425.55486885008	-1.30135450628386
1.012	8085.80961801166	-331.148007683323	-227.573525757245	1.401494254172	714.019745464801	560.296371785923	535.102455385872	0.208924349510751	-8799.82936347646	-229.148364102593	-285.707655704866	-1.58706216198872
1.013	4793.33683011905	-455.786130775432	-379.489179390157	1.02200507478184	6556.61404348815	514.675652454247	505.177983360656	0.714102332871407	-11349.9508736072	-58.8895216788061	-124.376468809198	-1.71143863079792
1.014	2150.9121345173	-535.808731738529	-494.206414363232	0.52779866041861	10215.789169403	418.674894304245	437.276737180254	1.15137907005166	-12366.7013039203	117.133837434295	33.5651592033694	-1.67787347159455
1.015	585.167356638814	-563.382640840131	-546.376720258091	-0.0185780598394812	11062.1310447796	281.691320420217	344.869683765485	1.49624875381715	-11647.2984014184	281.691320419926	203.135793591124	-1.47473767800343
1.016	-1766.60291469473	-535.808731738642	-547.191193358738	-0.565769253198219	11387.4768300397	117.133837434655	188.555280251876	1.68480403406902	-9620.87391534493	418.674894303998	339.935797067949	-1.13480188093548
1.017	-5520.26258467559	-455.786130775629	-482.526255984832	-1.04829550918305	10266.7979718706	-58.8895216784717	25.4405178636594	1.71024455193268	-4746.53538719499	514.67565245411	437.664256728964	-0.697137624206513
1.018	-9771.89627579026	-331.148007683621	-365.311185881282	-1.41360669506433	8953.62914552499	-229.148364102257	-139.46907013615	1.57077548179653	818.267130265273	560.296371785884	511.162160310499	-0.185975463896014
1.019	-12988.5355588894	-174.094810355685	-218.962361387494	-1.63256905645183	8054.01690555476	-376.976568077213	-293.895694540169	1.27687978725636	4934.51865333462	551.071378432902	545.590745526216	0.359615281630202
1.02	-13672.0875764007	-2.99280600302154E-10	-76.4274548502901	-1.70899651130212	7397.46414542748	-487.903679018565	-435.685854489508	0.841193932766855	6274.62343097322	487.903679018864	516.126844401634	0.875742126031836
1.021	-12008.1522310628	174.094810355147	79.9256464260796	-1.62907086487604	4796.21877302712	-551.071378432785	-514.998044579376	0.326195888187478	7211.93345803569	376.976568077634	425.598789710266	1.3013409157421
1.022	-8082.17251813448	331.148007683163	227.551570667888	-1.40151929420815	-718.399797573916	-560.296371785944	-535.097353628851	-0.208901465441373	8800.5723157084	229.148364102774	285.707065885771	1.58704798162787
1.023	-4794.84612752062	455.786130775296	379.535239795097	-1.02198405441305	-6556.69239546148	-514.675652454341	-505.191621978124	-0.714093087419497	11351.5385229821	58.8895216790351	124.383697729922	1.7114316793578
1.024	-2144.79378534185	535.808731738468	494.118570596485	-0.527865483816569	-10223.8208580024	-418.674894304378	-437.260875109856	-1.15135396252935	12368.6146433442	-117.133837434101	-33.605483220603	1.67782619613719
1.025	-576.113824909871	563.382640840131	546.3877779123	0.0185222940957318	-11065.646808643	-281.691320420416	-344.862904883036	-1.49621686741239	11641.7606335529	-281.691320419726	-203.053306064219	1.47477289007297
1.026	1772.50453308756	535.808731738704	547.185382321635	0.565707676417367	-11391.942582208	-117.133837434849	-188.570234635553	-1.68478710204794	9619.43804912047	-418.674894303866	-339.983681964091	1.13478920810888
1.027	5518.10468272263	455.786130775746	482.6240715385	1.04833174795587	-10266.8303410816	58.8895216782745	-25.4217443858338	-1.71020884643378	4748.725658359	-514.67565245403	-437.641427781442	0.69714778032744
1.028	9774.25698215996	331.148007683781	365.267468154278	1.41359921611014	-8953.33283701337	229.148364102076	139.452464353405	-1.57075638208037	-820.924145146587	-560.296371785864	-511.145094106772	0.186002686220668
1.029	12991.263324215	174.094810355874	218.944748682145	1.63254396479229	-8055.06215987415	376.976568077066	293.890444420479	-1.27686593765989	-4936.20116434089	-551.071378432943	-545.610189606399	-0.35960750338573
1.03	13667.5392494013	4.97507812724507E-10	76.4400382746648	1.70898400306695	-7393.76548790385	487.903679018466	435.61962341144	-0.841246314248452	-6273.77376149749	-487.903679018963	-516.177979773057	-0.875785483158787
1.031	12006.2375247733	-174.094810354958	-79.9028859909612	1.62908111707599	-4796.66637871824	551.071378432743	515.062532938375	-0.326183781310077	-7209.57114605511	-376.976568077782	-425.570928344053	-1.30135641150284
1.032	8083.12617657586	-331.148007683002	-227.568198741772	1.40151291833422	712.876565686962	560.296371785965	535.133271406275	0.208949490096198	-8796.00274226282	-229.148364102955	-285.721173081954	-1.58707758458479
1.033	4789.77246130306	-455.78613077518	-379.469603935722	1.0220433143985	6558.18772040326	514.675652454421	505.172778401607	0.714122268497805	-11347.9601817063	-58.8895216792321	-124.353399636284	-1.71143098422108
1.034	2133.95800030382	-535.808731738407	-494.150497258865	0.527892817139634	10229.7065836769	418.674894304511	437.15803038093	1.15128029887873	-12363.6645839807	117.133837433907	33.5219257034254	-1.67790905851765
1.035	574.59502623031	-563.382640840131	-546.43924950994	-0.018546432370306	11071.0269215406	281.69132042056	344.869760412831	1.49615005929157	-11645.621947771	281.691320419582	203.11620117685	-1.4747928573408
1.036	-1770.49465912306	-535.808731738765	-547.171606548563	-0.565718038918869	11391.1623576834	117.133837435043	188.645821234185	1.68479588052575	-9620.66769856038	418.674894303733	340.004509026221	-1.13478834831458
1.037	-5519.65659708601	-455.786130775862	-482.575945092737	-1.04829398401161	10267.9945401146	-58.8895216780774	25.434240158986	1.71023012068474	-4748.33794302854	514.675652453949	437.656314147935	-0.697132034166646
1.038	-9771.40964195925	-331.148007683942	-365.311150307874	-1.41360513431948	8955.39392824492	-229.148364101894	-139.473902355867	1.57075621832887	816.015713714322	560.296371785843	511.16547613028	-0.185966558036366
1.039	-12994.4074743033	-174.094810356062	-218.927823311023	-1.6325329576305	8059.78678572999	-376.976568076919	-293.931130078543	1.27682508825033	4934.62068857336	551.071378432984	545.568161008368	0.359601602972002
1.04	-13675.3041787411	-6.63703758618794E-10	-76.4420339341372	-1.70897499156464	7403.41616237281	-487.903679018383	-435.689060270638	0.841136027979689	6271.8880163683	487.903679019046	516.146386755104	0.875747989727106
1.041	-12004.8692518761	174.094810354769	79.9194846302502	-1.62905550693439	4790.22344718653	-551.071378432702	-514.884756721213	0.326251271258475	7214.64580468955	376.976568077929	425.599457323779	1.30134744705089
1.042	-8083.86121273469	331.148007682842	227.552485780756	-1.40150302115363	-718.343214151099	-560.296371785985	-535.166126198865	-0.208914854940389	8802.20442688579	229.148364103137	285.682174934603	1.58702962198549
1.043	-4785.47707124599	455.786130775082	379.43330102074	-1.02206972013289	-6562.36566592213	-514.675652454489	-505.181914449861	-0.71409676939025	11347.8427371681	58.8895216793974	124.390011133763	1.71141963311925
1.044	-2140.36698246902	535.808731738345	494.197288031531	-0.527872432101364	-10227.7943869936	-418.674894304643	-437.21993321944	-1.15131670260969	12368.1613694626	-117.133837433713	-33.5757544917386	1.67784387862751
1.045	-584.50657305887	563.382640840131	546.412046901989	0.0185396148006255	-11062.1208174656	-281.691320420732	-344.97096550944	-1.49628766811913	11646.6273905245	-281.691320419411	-203.148340073189	1.47469553855432
1.046	1769.66315683412	535.808731738827	547.215092868961	0.565754707669586	-11388.2038445574	-117.133837435237	-188.510084719209	-1.68479775283834	9618.54068772328	-418.674894303601	-339.884103451603	1.13481143510272
1.047	5517.29299735385	455.786130775979	482.609902504414	1.048364610174	-10264.4606917578	58.8895216778802	-25.4160852911294	-1.71021383812947	4747.16769440395	-514.675652453868	-437.638446821508	0.697172988281213
1.048	9771.10091657069	331.148007684076	365.237403300248	1.41360201347425	-8953.77801957442	229.148364101743	139.424131999679	-1.57078970612979	-817.322896996272	-560.296371785826	-511.225076823786	0.185947911457427
1.049	12991.2285555306	174.094810356251	218.969695580652	1.6325717090549	-8049.01061148288	376.976568076771	293.891578159318	-1.27689812797047	-4942.21794404769	-551.071378433026	-545.502941235891	-0.359555029778463
1.05	13670.4809437349	8.61874127622286E-10	76.3899245746031	1.7089616336295	-7396.53105278544	487.903679018283	435.645776727814	-0.841252351242658	-6273.94989094948	-487.903679019145	-516.244608113662	-0.875799637892125
1.051	12009.4666075359	-174.094810354611	-79.8938533273954	1.62906778030211	-4799.16484767653	551.071378432668	515.074245451246	-0.326178105791411	-7210.30175985934	-376.976568078052	-425.554868037956	-1.30135450593008
1.05199999999999	8085.80964870876	-331.148007682682	-227.573526544202	1.40149425375791	714.01976773657	560.296371786006	535.102454962497	0.208924349171086	-8799.82941644533	-229.148364103318	-285.707655884425	-1.58706216181451
1.05299999999999	4793.33683784294	-455.786130774966	-379.489179197576	1.02200507456033	6556.61405776279	514.675652454569	505.17798345635	0.714102332627435	-11349.9508956057	-58.8895216795946	-124.376468941901	-1.71143863075641
1.05399999999999	2150.91216322302	-535.808731738284	-494.206414775303	0.527798659785027	10215.7891934733	418.674894304775	437.276736840248	1.15137906946768	-12366.7013566963	117.133837433519	33.5651591500765	-1.67787347160633
1.05499999999999	585.167334126948	-563.382640840131	-546.376719568313	-0.0185780597832858	11062.1310453328	281.691320420904	344.869684272313	1.49624875374	-11647.2983794598	281.691320419239	203.135793472871	-1.47473767813346
1.05599999999999	-1766.60289042311	-535.808731738878	-547.191193401354	-0.56576925318464	11387.4768062616	117.133837435399	188.555280676055	1.68480403441605	-9620.87391583849	418.674894303489	339.935797468698	-1.13480188066476
1.05699999999999	-5520.26260849984	-455.786130776095	-482.5262558906	-1.04829550907524	10266.7980006615	-58.8895216776831	25.4405173063286	1.71024455172238	-4746.53539216165	514.675652453788	437.664256542027	-0.697137624122735
1.05799999999999	-9771.8963087335	-331.148007684237	-365.311185570346	-1.41360669464559	8953.629158407	-229.148364101562	-139.469069801872	1.57077548192051	818.267150326498	560.296371785805	511.162160384711	-0.185975463738025
1.05899999999999	-12988.535526543	-174.094810356409	-218.962361641967	-1.63256905628755	8054.01686967475	-376.976568076648	-293.895694049969	1.27687978787054	4934.51865686826	551.071378433061	545.590745796749	0.359615282058725
1.05999999999999	-13672.0875663344	-1.06011555089935E-09	-76.4274552504476	-1.708996511538	7397.46414844204	-487.903679018184	-435.685855267647	0.841193932602892	6274.62341789235	487.903679019244	516.126843977448	0.875742126036172
1.06099999999999	-12008.1522105664	174.094810354423	79.92564631552	-1.62907086522248	4796.21873749267	-551.071378432626	-514.998044357759	0.326195888245133	7211.9334730737	376.9765680782	425.598789492798	1.30134091552897
1.06199999999999	-8082.17254586616	331.148007682521	227.551571279996	-1.40151929394248	-718.399818928958	-560.296371786026	-535.097353408985	-0.208901465163852	8800.57236479512	229.148364103499	285.707065950629	1.5870479814796
1.06299999999999	-4794.84612232455	455.786130774849	379.535239510846	-1.02198405443164	-6556.69242078397	-514.67565245465	-505.191622017798	-0.714093087181649	11351.5385431085	58.8895216797917	124.383697827154	1.71143167930675
1.06399999999999	-2144.7937873323	535.808731738233	494.118570834937	-0.5278654835967	-10223.8208745074	-418.674894304887	-437.260874965045	-1.15135396214669	12368.6146618397	-117.133837433357	-33.6054830249053	1.67782619628185
1.06499999999999	-576.11386933306	563.382640840131	546.387777951291	0.0185222943545907	-11065.6467386188	-281.691320421075	-344.86290570167	-1.49621686784836	11641.7606079519	-281.691320419067	-203.053306022422	1.47477289025943
1.06599999999999	1772.50457173648	535.808731738939	547.185381185544	0.565707675540134	-11391.9425884605	-117.133837435593	-188.570234756351	-1.68478710260471	9619.43801672405	-418.674894303357	-339.98368250627	1.13478920775316
1.06699999999999	5518.10471542166	455.786130776193	482.624072004368	1.0483317475445	-10266.830383213	58.8895216775178	-25.4217437006226	-1.71020884630534	4748.72566779135	-514.67565245372	-437.641427603806	0.697147780149351
1.06799999999999	9774.25697767788	331.148007684397	365.267468534204	1.41359921607871	-8953.33284448368	229.148364101381	139.452464284288	-1.57075638202105	-820.9241331942	-560.296371785784	-511.145093982686	0.186002686166665
1.06899999999999	12991.2633058239	174.094810356597	218.944748606954	1.63254396468566	-8055.06212781702	376.976568076501	293.890443987451	-1.2768659380336	-4936.20117800687	-551.071378433101	-545.610189611217	-0.359607503444553
1.06999999999999	13667.5392198823	1.25837118503114E-09	76.4400385828325	1.70898400326849	-7393.76549393901	487.903679018085	435.619623876472	-0.841246314157127	-6273.77372594331	-487.903679019343	-516.177979872157	-0.87578548331671
1.07099999999999	12006.2375191056	-174.094810354234	-79.9028859684883	1.6290811173	-4796.66635272516	551.071378432585	515.062532894592	-0.326183781262535	-7209.57116638042	-376.976568078347	-425.570927817876	-1.30135641113459
1.07199999999999	8083.12622062746	-331.148007682387	-227.568199552902	1.4015129177471	712.876574391611	560.296371786044	535.133271029058	0.208949489766524	-8796.00279501907	-229.14836410365	-285.721173337713	-1.5870775844723
1.07299999999999	4789.77245680676	-455.786130774732	-379.469603569885	1.02204331417722	6558.18773250588	514.67565245473	505.172778434966	0.71412226820149	-11347.9601893126	-58.8895216799889	-124.353399856107	-1.71143098432841
1.07399999999999	2133.95797838424	-535.808731738171	-494.15049681797	0.527892817359247	10229.7066336962	418.674894305019	437.158030443895	1.15128029864538	-12363.6646120805	117.133837433163	33.5219261651656	-1.67790905816324
1.07499999999999	574.59506803732	-563.382640840131	-546.439249676963	-0.0185464323177157	11071.026879335	281.691320421219	344.869761258602	1.49615005990399	-11645.6219473723	281.691320418923	203.116201247675	-1.47479285691557
1.07599999999999	-1770.4946683331	-535.808731739	-547.17160614698	-0.565718038464696	11391.1623195021	117.133837435787	188.645821305445	1.68479588120943	-9620.66765116904	418.674894303224	340.004508789432	-1.13478834812613
1.07699999999999	-5519.6566420027	-455.786130776309	-482.575945302361	-1.04829398376706	10267.9945790336	-58.8895216773207	25.4342392079252	1.71023012041736	-4748.3379370309	514.675652453639	437.656313951098	-0.697132034175036
1.07799999999999	-9771.40966736618	-331.148007684557	-365.311150365523	-1.41360513413258	8955.39393740603	-229.1483641012	-139.473902119671	1.57075621829769	816.015729960142	560.296371785764	511.165476112301	-0.185966558062735
1.07899999999999	-12994.4074670148	-174.094810356786	-218.92782384921	-1.63253295798179	8059.78679997143	-376.976568076353	-293.931130445885	1.2768250878518	4934.6206670434	551.071378433143	545.568160924275	0.35960160286154
1.07999999999999	-13675.3041314059	-1.45661260830821E-09	-76.442034092596	-1.70897499207438	7403.41613481355	-487.903679017986	-435.689059882853	0.841136027968947	6271.88799659237	487.903679019443	516.146386866948	0.875747989728488
1.08099999999999	-12004.869243936	174.094810354046	79.9194848368461	-1.62905550723754	4790.22344476652	-551.071378432544	-514.884756912386	0.326251271056561	7214.64579916945	376.976568078494	425.599457202233	1.30134744693072
1.08199999999999	-8083.86126235309	331.148007682226	227.552486769303	-1.40150302046824	-718.343206107939	-560.296371786064	-535.16612566051	-0.208914854603949	8802.20446846103	229.148364103832	285.682175229614	1.58702962216034
1.08299999999999	-4785.47707419634	455.786130774616	379.433300481682	-1.02206971998655	-6562.36568854859	-514.675652454811	-505.181914496347	-0.714096769100296	11347.8427627449	58.889521680186	124.390010975055	1.71141963313539
1.08399999999999	-2140.36693461073	535.80873173811	494.197287612823	-0.527872432373731	-10227.7944003442	-418.674894305152	-437.219933351309	-1.1513167024516	12368.1613349549	-117.133837432969	-33.5757541794264	1.67784387895596
1.08499999999999	-584.506560006348	563.382640840131	546.412047044533	0.0185396146708025	-11062.1208350865	-281.691320421418	-344.970965544598	-1.4962876679962	11646.6273950929	-281.691320418724	-203.148340387845	1.47469553856812
1.08599999999999	1769.66313131073	535.808731739062	547.215092791669	0.565754707462471	-11388.2038084322	-117.133837435981	-188.510085401965	-1.68479775339817	9618.54067712145	-418.674894303092	-339.884103681367	1.13481143488675
1.08699999999999	5517.29301177002	455.786130776445	482.6099025827	1.04836461004517	-10264.4607282551	58.8895216770917	-25.4160844876152	-1.71021383788578	4747.16771648504	-514.675652453546	-437.638446701207	0.697172988185545
1.08799999999999	9771.10093242698	331.148007684718	365.237403246642	1.41360201329181	-8953.77803381277	229.148364101018	139.424131828022	-1.57078970605776	-817.322898614217	-560.296371785743	-511.22507671281	0.185947911472735
1.08899999999999	12991.2285399271	174.094810357005	218.969696056424	1.63257170934824	-8049.01060660944	376.976568076182	293.891578308461	-1.2768981277493	-4942.21793331762	-551.07137843319	-545.502941046449	-0.359555029573715
1.08999999999999	13670.4808986166	1.6547829773117E-09	76.3899244821744	1.70896163383041	-7396.5310633103	487.903679017887	435.645776530439	-0.841252351218861	-6273.94983530626	-487.903679019542	-516.244608717328	-0.875799638291043
1.09099999999999	12009.4665909455	-174.094810353857	-79.8938531985245	1.62906778063189	-4799.16482209517	551.071378432502	515.074245512881	-0.326178105705979	-7210.3017688503	-376.976568078642	-425.554867331386	-1.30135450562243
1.09199999999999	8085.80967510749	-331.14800768204	-227.573527200007	1.40149425343188	714.019787282028	560.296371786089	535.102454615464	0.208924348909485	-8799.82946238952	-229.148364104042	-285.707656009626	-1.58706216163206
1.09299999999999	4793.33684513026	-455.7861307745	-379.489179048587	1.02200507438329	6556.61407105148	514.675652454892	505.177983521947	0.714102332431432	-11349.9509161817	-58.8895216803831	-124.37646905987	-1.71143863069193
1.09399999999999	2150.91218925255	-535.808731738039	-494.206415150391	0.527798659232903	10215.7892152533	418.674894305306	437.276736531203	1.15137906896263	-12366.7014045059	117.133837432744	33.5651590941448	-1.67787347159778
1.09499999999999	585.167315159508	-563.382640840131	-546.376719001469	-0.0185780597685655	11062.1310467154	281.69132042159	344.869684676805	1.49624875363944	-11647.2983618749	281.691320418552	203.135793332489	-1.47473767826529
1.09599999999999	-1766.60287075933	-535.808731739123	-547.191193415999	-0.565769253184565	11387.4767865888	117.133837436175	188.555281052914	1.68480403469235	-9620.87391582947	418.674894302959	339.935797813675	-1.13480188045162
1.09699999999999	-5520.26262891518	-455.786130776561	-482.52625580261	-1.04829550898717	10266.7980257659	-58.8895216768946	25.4405168446847	1.71024455153704	-4746.53539685069	514.675652453465	437.664256401768	-0.697137624049848
1.09799999999999	-9771.89633735694	-331.148007684878	-365.311185273775	-1.41360669426095	8953.62916993698	-229.148364100837	-139.469069488326	1.57077548204871	818.26716741996	560.296371785722	511.162160473786	-0.185975463576061
1.09899999999999	-12988.5355017664	-174.094810357163	-218.962361820187	-1.63256905608114	8054.01684104602	-376.976568076059	-293.895693618163	1.27687978843055	4934.51866072039	551.071378433225	545.590746045185	0.359615282469123
1.09999999999999	-13672.0875580641	-1.85306703315291E-09	-76.4274556350588	-1.7089965117162	7397.46415253156	-487.903679017788	-435.685855956822	0.841193932473727	6274.62340553256	487.903679019641	516.126843601259	0.875742126070383
1.10099999999999	-12008.1521929189	174.094810353669	79.9256461780684	-1.62907086553813	4796.21870557734	-551.071378432461	-514.998044188367	0.326195888285361	7211.93348734151	376.976568078789	425.598789250296	1.30134091532068
1.10199999999999	-8082.1725699312	331.14800768188	227.551571794356	-1.40151929374377	-718.399837946578	-560.29637178611	-535.097353237501	-0.20890146495214	8800.57240787778	229.148364104223	285.707065995556	1.58704798131623
1.10299999999999	-4794.84611807771	455.786130774383	379.53523927595	-1.02198405446782	-6556.69244253938	-514.675652454973	-505.191622046657	-0.714093086998797	11351.5385606171	58.8895216805803	124.383697924517	1.71143167924075
1.10399999999999	-2144.79379112554	535.808731737988	494.118571069456	-0.527865483398365	-10223.8208896817	-418.674894305417	-437.260874816926	-1.15135396181572	12368.6146808072	-117.133837432581	-33.6054828587626	1.67782619638199
1.10499999999999	-576.113907324906	563.382640840131	546.387778006209	0.0185222946078441	-11065.6466790235	-281.691320421762	-344.862906371935	-1.49621686818766	11641.7605863484	-281.691320418381	-203.053305934074	1.47477289044792
1.10599999999999	1772.50460515134	535.808731739184	547.185380205282	0.565707674813126	-11391.9425941662	-117.133837436369	-188.57023486546	-1.68478710305312	9619.43798901484	-418.674894302826	-339.983682974254	1.13478920747366
1.10699999999999	5518.10474357626	455.786130776659	482.624072382718	1.04833174719584	-10266.8304193299	58.8895216767293	-25.4217431375516	-1.71020884619067	4748.72567575368	-514.675652453397	-437.641427472251	0.697147780001411
1.10799999999999	9774.25697487658	331.148007685038	365.267468829262	1.41359921602511	-8953.33285137712	229.148364100656	139.452464203658	-1.57075638198701	-820.924123499457	-560.296371785701	-511.145093897895	0.186002686103516
1.10899999999999	12991.2632928534	174.094810357351	218.944748524696	1.6325439645498	-8055.06210250983	376.976568075911	293.890443621895	-1.27686593836512	-4936.20119034357	-551.071378433266	-545.610189620354	-0.359607503516838
1.10999999999999	13667.539196448	2.05122319130169E-09	76.4400388721951	1.708984003422	-7393.76549937347	487.903679017689	435.619624283286	-0.841246314081832	-6273.7736970745	-487.90367901974	-516.17797993017	-0.875785483447008
1.11099999999999	12006.2375137901	-174.09481035348	-79.902885922426	1.62908111749957	-4796.66633051241	551.07137843242	515.062532867757	-0.326183781214075	-7209.57118327767	-376.976568078936	-425.570927368582	-1.30135641081559
1.11199999999999	8083.12625848388	-331.148007681745	-227.568200237357	1.40151291726221	712.876582132125	560.296371786127	535.133270717617	0.208949489503543	-8796.002840616	-229.148364104375	-285.721173537064	-1.58707758435265
1.11299999999999	4789.77245328527	-455.786130774267	-379.469603266406	1.02204331399581	6558.18774346185	514.675652455053	505.172778452895	0.714122267956437	-11347.9601967471	-58.8895216807774	-124.353400049371	-1.71143098440202
1.11399999999999	2133.95796016094	-535.808731737926	-494.150496443935	0.527892817551872	10229.7066776299	418.67489430555	437.158030492244	1.15128029844868	-12363.6646377908	117.133837432387	33.5219265637257	-1.6779090578383
1.11499999999999	574.595104926992	-563.382640840131	-546.439249848255	-0.0185464322963827	11071.026842792	281.691320421906	344.869761968117	1.4961500604168	-11645.621947719	281.691320418237	203.116201278082	-1.47479285656022
1.11599999999999	-1770.49467800304	-535.808731739245	-547.171605772534	-0.565718038068917	11391.1622869274	117.133837436563	188.645821375109	1.68479588179191	-9620.66760892431	418.674894302693	340.004508582949	-1.13478834797727
1.11699999999999	-5519.65668110688	-455.786130776775	-482.575945487733	-1.04829398355665	10267.9946132288	-58.8895216765322	25.4342383896464	1.71023012018155	-4748.33793212195	514.675652453317	437.656313795431	-0.697132034181837
1.11799999999999	-9771.40968927553	-331.148007685199	-365.31115040322	-1.41360513395987	8955.3939455599	-229.148364100475	-139.473901899166	1.57075621828239	816.015743715625	560.296371785681	511.165476111249	-0.185966558070588
1.11899999999999	-12994.407463219	-174.09481035754	-218.927824284546	-1.63253295824442	8059.78681447544	-376.976568075764	-293.931130763632	1.27682508751876	4934.62064874352	551.071378433308	545.568160860601	0.359601602790013
1.11999999999999	-13675.3040904569	-2.21743334805069E-09	-76.4420342538992	-1.70897499249832	7403.4161114661	-487.903679017606	-435.689059545353	0.841136027973403	6271.8879789908	487.903679019823	516.146386960697	0.875747989750711
1.12099999999999	-12004.8692370551	174.094810353292	79.9194849860798	-1.62905550751224	4790.22344215559	-551.071378432379	-514.884757100442	0.326251270872961	7214.64579489953	376.976568079084	425.599457061415	1.30134744681213
1.12199999999999	-8083.86130537027	331.148007681585	227.552487617943	-1.40150301989429	-718.343199482012	-560.296371786148	-535.166125202913	-0.208914854329952	8802.20450485228	229.148364104556	285.682175478133	1.58702962229026
1.12299999999999	-4785.47707686237	455.786130774169	379.433300020508	-1.02206971987378	-6562.3657078492	-514.675652455121	-505.181914535455	-0.714096768865407	11347.8427847116	58.8895216809427	124.390010846582	1.71141963313684
1.12399999999999	-2140.36689458521	535.808731737865	494.197287264354	-0.52787243260943	-10227.7944128014	-418.674894305682	-437.21993345236	-1.15131670231777	12368.1613073866	-117.133837432194	-33.5757539200898	1.67784387921675
1.12499999999999	-584.506547962078	563.382640840131	546.412047184252	0.0185396145748222	-11062.1208520456	-281.691320422078	-344.970965539195	-1.49628766785696	11646.6274000077	-281.691320418065	-203.148340622089	1.47469553859466
1.12599999999999	1769.6631085475	535.808731739307	547.21509273986	0.565754707314682	-11388.2037769698	-117.133837436757	-188.510085999042	-1.684797753856	9618.54066842231	-418.674894302561	-339.884103871449	1.13481143472321
1.12699999999999	5517.29302407698	455.786130776892	482.609902625643	1.04836460994033	-10264.4607595474	58.889521676335	-25.4160838148763	-1.71021383767088	4747.1677354704	-514.675652453236	-437.638446615004	0.697172988108208
1.12799999999999	9771.10094677602	331.148007685333	365.237403176367	1.41360201311669	-8953.77804620654	229.148364100323	139.424131663023	-1.57078970600786	-817.322900569482	-560.296371785663	-511.225076632493	0.185947911475715
1.12899999999999	12991.2285284794	174.094810357728	218.969696454993	1.63257170957169	-8049.01060464918	376.976568075617	293.89157844875	-1.27689812755911	-4942.21792383017	-551.071378433349	-545.502940890718	-0.359555029415004
1.12999999999999	13670.4808608497	2.41566056047304E-09	76.3899244182149	1.7089616339899	-7396.53107246885	487.903679017506	435.645776357477	-0.841252351201631	-6273.94978838086	-487.903679019922	-516.244609218617	-0.875799638633621
1.13099999999999	12009.4665762355	-174.094810353134	-79.8938530708884	1.62906778091901	-4799.16480011173	551.071378432344	515.074245572596	-0.326178105629035	-7210.30177612376	-376.976568079207	-425.55486672536	-1.30135450535898
1.13199999999999	8085.80969753337	-331.148007681425	-227.573527753214	1.4014942531658	714.019804618884	560.296371786168	535.102454324992	0.208924348695957	-8799.82950215226	-229.148364104737	-285.707656101194	-1.58706216146018
1.13299999999999	4793.33685162742	-455.786130774052	-379.489178928541	1.02200507423726	6556.61408334973	514.675652455201	505.177983570995	0.714102332266952	-11349.9509349772	-58.8895216811398	-124.376469160461	-1.71143863062064
1.13399999999999	2150.91221241939	-535.808731737804	-494.206415483207	0.52779865875405	10215.7892348688	418.674894305815	437.2767362585	1.15137906852545	-12366.7014472882	117.133837432	33.5651590437647	-1.67787347157687
1.13499999999999	585.16729903839	-563.382640840131	-546.376718525856	-0.0185780597718058	11062.1310484564	281.691320422249	344.869685011068	1.49624875353652	-11647.2983474948	281.691320417893	203.135793190757	-1.47473767838611
1.13599999999999	-1766.60285497727	-535.808731739358	-547.19119341314	-0.565769253184946	11387.4767701153	117.133837436919	188.555281384274	1.68480403492079	-9620.873915138	418.67489430245	339.935798107789	-1.13480188027833
1.13699999999999	-5520.26264659496	-455.786130777008	-482.526255727721	-1.04829550891267	10266.7980474868	-58.8895216761379	25.44051645523	1.71024455137602	-4746.53540089184	514.675652453156	437.664256290916	-0.697137623987409
1.13799999999999	-9771.89636217612	-331.148007685494	-365.311185005712	-1.41360669391838	8953.6291800174	-229.148364100142	-139.469069206409	1.57077548216961	818.267182158721	560.296371785642	511.162160562534	-0.185975463424875
1.13899999999999	-12988.535482497	-174.094810357887	-218.962361946159	-1.63256905586454	8054.01681777408	-376.976568075493	-293.895693239765	1.27687978892985	4934.51866472293	551.071378433383	545.590746269454	0.359615282844579
1.13999999999999	-13672.0875510441	-2.61390198375011E-09	-76.4274559904279	-1.70899651185497	7397.46415700638	-487.903679017408	-435.685856559843	0.841193932370007	6274.62339403773	487.903679020021	516.126843275474	0.875742126120053
1.14099999999999	-12008.1521775664	174.094810352945	79.9256460346329	-1.62907086582033	4796.21867678288	-551.071378432303	-514.998044051044	0.326195888318963	7211.93350078349	376.976568079354	425.598789005144	1.3013409151252
1.14199999999999	-8082.17259058442	331.148007681264	227.551572231702	-1.40151929358863	-718.399854966808	-560.296371786189	-535.097353099733	-0.20890146478077	8800.57244555123	229.148364104918	285.70706603167	1.58704798115687
1.14299999999998	-4794.84611437162	455.786130773936	379.535239076892	-1.02198405451174	-6556.69246131096	-514.675652455282	-505.191622072131	-0.714093086852901	11351.5385756826	58.8895216813369	124.383698015269	1.71143167917214
1.14399999999998	-2144.7937957927	535.808731737752	494.118571289306	-0.527865483222434	-10223.8209035317	-418.674894305926	-437.260874676161	-1.15135396152906	12368.6146993244	-117.133837431837	-33.6054827220606	1.67782619645008
1.14499999999998	-576.1139398047	563.382640840131	546.387778063509	0.018522294841075	-11065.6466280526	-281.691320422421	-344.862906931366	-1.49621686846043	11641.7605678573	-281.691320417722	-203.053305824693	1.47477289062538
1.14599999999998	1772.50463419903	535.808731739419	547.185379360284	0.565707674201359	-11391.9425992133	-117.133837437113	-188.570234961301	-1.68478710342173	9619.43796501422	-418.674894302317	-339.983683376079	1.1347892072493
1.14699999999998	5518.10476795536	455.786130777125	482.624072696258	1.04833174689762	-10266.8304501743	58.8895216759408	-25.4217426684284	-1.71020884609016	4748.72568221894	-514.675652453075	-437.641427370291	0.697147779879014
1.14799999999998	9774.25697320639	331.148007685654	365.267469066991	1.41359921596461	-8953.33285748538	229.148364099961	139.45246412463	-1.57075638196553	-820.92411572101	-560.296371785622	-511.145093835761	0.186002686043253
1.14899999999998	12991.2632836439	174.094810358106	218.944748443574	1.63254396440818	-8055.06208216848	376.976568075322	293.890443313814	-1.27686593865171	-4936.20120147543	-551.071378433431	-545.610189630259	-0.359607503587006
1.14999999999998	13667.5391776121	2.8120723527536E-09	76.4400391342224	1.7089840035424	-7393.76550401973	487.903679017308	435.619624633733	-0.841246314017981	-6273.77367359236	-487.90367902012	-516.177979964624	-0.87578548355163
1.15099999999998	12006.2375087397	-174.094810352757	-79.9028858687096	1.62908111767369	-4796.66631130098	551.071378432262	515.062532846674	-0.326183781171308	-7209.57119743873	-376.976568079502	-425.570926990542	-1.30135641054217
1.15199999999998	8083.12629085115	-331.148007681104	-227.568200819502	1.40151291685419	712.876589139832	560.29637178621	535.133270456216	0.208949489284909	-8796.00287999098	-229.148364105099	-285.721173697087	-1.58707758423926
1.15299999999998	4789.7724503247	-455.786130773819	-379.469603010394	1.0220433138438	6558.18775340996	514.675652455363	505.172778463578	0.714122267748486	-11347.9602037347	-58.8895216815341	-124.353400216186	-1.71143098445545
1.15399999999998	2133.95794474256	-535.808731737681	-494.150496121217	0.52789281772258	10229.7067162118	418.67489430608	437.158030534093	1.15128029828258	-12363.6646609544	117.133837431612	33.5219269119844	-1.67790905754346
1.15499999999998	574.595137382614	-563.382640840131	-546.439250011984	-0.0185464322894043	11071.0268110127	281.691320422592	344.869762572615	1.49615006085519	-11645.6219483953	281.69132041755	203.116201286952	-1.47479285625651
1.15599999999998	-1770.49468785264	-535.80873173949	-547.171605428264	-0.565718037717668	11391.1622590193	117.133837437338	188.645821439601	1.6847958822948	-9620.66757116662	418.674894302163	340.004508400816	-1.13478834785569
1.15699999999998	-5519.65671526629	-455.786130777241	-482.575945655912	-1.04829398337358	10267.9946431282	-58.8895216757436	25.4342376807455	1.71023011997554	-4748.33792786188	514.675652452995	437.656313667486	-0.697132034188207
1.15799999999998	-9771.40970813177	-331.14800768584	-365.311150433778	-1.41360513380736	8955.39395266404	-229.148364099751	-139.473901701817	1.57075621827372	816.01575546773	560.296371785598	511.165476116232	-0.185966558071976
1.15899999999998	-12994.4074616685	-174.094810358294	-218.927824640547	-1.6325329584479	8059.7868284852	-376.976568075175	-293.931131039418	1.27682508723431	4934.62063318334	551.071378433473	545.568160811268	0.359601602739293
1.15999999999998	-13675.3040549732	-3.01029956517596E-09	-76.4420344064103	-1.70897499285431	7403.41609155045	-487.90367901721	-435.689059247691	0.841136027986616	6271.88796342278	487.903679020219	516.146387044178	0.875747989783471
1.16099999999998	-12004.869230986	174.094810352538	79.9194850969092	-1.62905550775741	4790.22343933286	-551.071378432214	-514.884757275352	0.326251270711264	7214.64579165316	376.976568079673	425.599456916729	1.3013474467002
1.16199999999998	-8083.861342506	331.148007680944	227.552488350176	-1.40150301940723	-718.343194126783	-560.29637178623	-535.166124810072	-0.208914854098807	8802.20453663279	229.14836410528	285.682175691982	1.58702962239218
1.16299999999998	-4785.47707910742	455.786130773703	379.433299622499	-1.02206971978473	-6562.365724381	-514.675652455443	-505.181914571813	-0.714096768670621	11347.8428034884	58.8895216817312	124.390010739923	1.71141963313211
1.16399999999998	-2140.36686084146	535.80873173762	494.197286969438	-0.527872432815292	-10227.7944243012	-418.674894306213	-437.219933533668	-1.15131670220429	12368.1612851427	-117.133837431418	-33.5757537074963	1.67784387942461
1.16499999999998	-584.506536886459	563.382640840131	546.412047313499	0.0185396144982072	-11062.1208679915	-281.691320422764	-344.970965512304	-1.49628766771659	11646.6274048779	-281.691320417378	-203.148340800408	1.4746955386242
1.16599999999998	1769.66308838621	535.808731739552	547.215092708156	0.565754707206364	-11388.2037494706	-117.133837437532	-188.510086519704	-1.6847977542363	9618.54066108435	-418.67489430203	-339.884104027335	1.13481143459687
1.16699999999998	5517.29303469624	455.786130777358	482.609902646864	1.04836460985323	-10264.4607863078	58.8895216755465	-25.4160832465495	-1.71021383748285	4747.1677516116	-514.675652452914	-437.638446550528	0.697172988046339
1.16799999999998	9771.10095965035	331.148007685975	365.237403102925	1.41360201295615	-8953.77805687797	229.148364099599	139.424131512273	-1.57078970597057	-817.322902772386	-560.29637178558	-511.2250765708	0.185947911475539
1.16899999999998	12991.2285199766	174.094810358483	218.969696792434	1.63257170974859	-8049.0106045075	376.976568075028	293.891578579685	-1.27689812739089	-4942.2179154691	-551.071378433514	-545.502940761243	-0.359555029285704
1.16999999999998	13670.48082902	3.20852677759831E-09	76.3899243709061	1.70896163411949	-7396.5310803184	487.90367901711	435.645776202332	-0.841252351188556	-6273.94974870158	-487.903679020319	-516.244609640461	-0.875799638926165
1.17099999999998	12009.4665631638	-174.09481035238	-79.8938529526114	1.62906778116688	-4799.16478108957	551.07137843218	515.074245624778	-0.326178105563778	-7210.30178207418	-376.976568079796	-425.55486620905	-1.30135450513521
1.17199999999998	8085.80971650239	-331.148007680783	-227.57352822295	1.40149425294393	714.019820041861	560.296371786251	535.102454078882	0.208924348515104	-8799.82953654425	-229.148364105461	-285.70765617043	-1.58706216130564
1.17299999999998	4793.33685728188	-455.786130773586	-379.489178829051	1.02200507411488	6556.61409466971	514.675652455524	505.177983610025	0.714102332125129	-11349.9509519516	-58.8895216819284	-124.376469244317	-1.71143863054996
1.17399999999998	2150.91223283887	-535.808731737559	-494.206415774619	0.527798658340261	10215.7892524709	418.674894306346	437.276736021445	1.15137906814657	-12366.7014853097	117.133837431224	33.5651590011119	-1.67787347154885
1.17499999999998	585.16728529277	-563.382640840131	-546.376718121888	-0.0185780597816266	11062.1310503088	281.691320422936	344.869685293458	1.49624875344003	-11647.2983356016	281.691320417207	203.135793056842	-1.47473767849201
1.17599999999998	-1766.60284232269	-535.808731739603	-547.19119339969	-0.565769253181317	11387.4767562183	117.133837437695	188.555281673905	1.68480403511394	-9620.87391389559	418.674894301919	339.935798357442	-1.13480188013456
1.17699999999998	-5520.26266194748	-455.786130777475	-482.526255666811	-1.04829550884813	10266.7980661813	-58.8895216753493	25.4405161232611	1.7102445512372	-4746.53540423379	514.675652452833	437.664256199987	-0.697137623934577
1.17799999999998	-9771.89638362403	-331.148007686135	-365.311184769631	-1.41360669361776	8953.6291887007	-229.148364099418	-139.469068957955	1.57077548227924	818.267194923336	560.29637178556	511.162160644931	-0.185975463289647
1.17899999999998	-12988.5354673287	-174.094810358641	-218.962362035054	-1.63256905565281	8054.01679856481	-376.976568074904	-293.895692908716	1.27687978937053	4934.51866876391	551.071378433548	545.590746469691	0.359615283180045
1.17999999999998	-13672.0875449237	-3.40673977916595E-09	-76.427456312437	-1.70899651196525	7397.46416150472	-487.903679017011	-435.685857084608	0.84119393228592	6274.62338341896	487.903679020418	516.126842997071	0.875742126177115
1.18099999999998	-12008.1521641349	174.094810352191	79.9256458951456	-1.62907086607011	4796.21865082504	-551.071378432139	-514.998043935819	0.326195888350101	7211.93351330989	376.976568079944	425.598788768361	1.30134091494548
1.18199999999998	-8082.17260822635	331.148007680623	227.551572606132	-1.40151929346397	-718.399870227294	-560.296371786272	-535.09735298673	-0.208901464636629	8800.57247845364	229.148364105642	285.707066063326	1.5870479810088
1.18299999999998	-4794.84611102214	455.78613077347	379.535238905773	-1.0219840545582	-6556.69247754619	-514.675652455605	-505.191622096851	-0.71409308673348	11351.5385885683	58.8895216821255	124.383698097575	1.71143167910638
1.18399999999998	-2144.79380078742	535.808731737508	494.118571490166	-0.527865483068034	-10223.8209160883	-418.674894306457	-437.260874547158	-1.15135396128064	12368.6147168757	-117.133837431061	-33.6054826114252	1.67782619649495
1.18499999999998	-576.113967604748	563.382640840131	546.387778117712	0.0185222950496773	-11065.646584302	-281.691320423107	-344.862907404089	-1.49621686868473	11641.7605519067	-281.691320417035	-203.053305708044	1.47477289078691
1.18599999999998	1772.50465951699	535.808731739664	547.185378632038	0.565707673681715	-11391.9426036145	-117.133837437889	-188.570235044118	-1.68478710372884	9619.43794409747	-418.674894301786	-339.983683720133	1.13478920706678
1.18699999999998	5518.10478911877	455.786130777572	482.624072959348	1.04833174664106	-10266.8304764685	58.889521675184	-25.4217422744505	-1.7102088460033	4748.72568734973	-514.675652452766	-437.641427288777	0.697147779777999
1.18799999999998	9774.25697234346	331.148007686295	365.26746926318	1.41359921590424	-8953.33286282578	229.148364099237	139.452464052815	-1.57075638195048	-820.924109517681	-560.296371785539	-511.145093787473	0.186002685990525
1.18899999999998	12991.2632771107	174.094810358829	218.944748367247	1.63254396427149	-8055.06206559174	376.976568074757	293.890443053362	-1.27686593889712	-4936.20121151891	-551.07137843359	-545.610189639652	-0.359607503649127
1.18999999999998	13667.5391623328	3.60493856987887E-09	76.4400393673559	1.70898400363885	-7393.76550790099	487.903679016912	435.619624933767	-0.841246313963352	-6273.77365443184	-487.903679020517	-516.177979985097	-0.875785483634224
1.19099999999998	12006.237503951	-174.094810352003	-79.902885814503	1.62908111782434	-4796.66629459408	551.071378432097	515.06253282711	-0.326183781136242	-7209.57120935697	-376.976568080091	-425.570926674587	-1.30135641030881
1.19199999999998	8083.12631849759	-331.148007680488	-227.56820131743	1.40151291650691	712.876595502902	560.296371786289	535.133270234475	0.208949489098232	-8796.00291400049	-229.148364105794	-285.721173827996	-1.58707758413681
1.19299999999998	4789.77244774349	-455.786130773353	-379.469602792241	1.02204331371467	6558.18776236926	514.675652455685	505.17277847106	0.714122267569292	-11347.9602101127	-58.8895216823226	-124.353400359298	-1.71143098449611
1.19399999999998	2133.95793155696	-535.808731737446	-494.150495840028	0.527892817874643	10229.7067500573	418.67489430659	437.158030572532	1.15128029814182	-12363.6646816142	117.133837430868	33.521927218386	-1.67790905727772
1.19499999999998	574.595165888142	-563.382640840131	-546.439250163367	-0.0185464322887238	11071.0267832937	281.691320423251	344.869763092231	1.49615006123406	-11645.6219491819	281.691320416891	203.116201284184	-1.47479285599354
1.19599999999998	-1770.49469759434	-535.808731739725	-547.171605115056	-0.56571803740378	11391.1622349956	117.133837438083	188.645821497855	1.68479588273191	-9620.66753740128	418.674894301654	340.004508239065	-1.13478834775447
1.19699999999998	-5519.65674515554	-455.786130777689	-482.575945809709	-1.04829398321349	10267.9946692029	-58.8895216749869	25.4342370639886	1.7102301197959	-4748.3379240474	514.675652452685	437.656313559881	-0.697132034194589
1.19799999999998	-9771.40972435815	-331.148007686456	-365.311150461884	-1.41360513367537	8955.39395876881	-229.148364099056	-139.473901528357	1.57075621826754	816.01576558934	560.296371785518	511.165476122704	-0.185966558071886
1.19899999999998	-12994.4074615797	-174.094810359018	-218.927824933857	-1.63253295860923	8059.78684158799	-376.976568074609	-293.93113127897	1.27682508698857	4934.62061999174	551.071378433631	545.568160772324	0.359601602700439
1.19999999999998	-13675.3040277173	-3.77116293748259E-09	-76.4420344962356	-1.70897499310547	7403.41607636511	-487.903679016829	-435.689058970713	0.841136028017859	6271.88795135216	487.9036790206	516.146387135726	0.875747989836165
1.20099999999998	-12004.8692253824	174.094810351814	79.9194851315206	-1.62905550797395	4790.22343624559	-551.071378432056	-514.884757446774	0.326251270571085	7214.64578913684	376.976568080238	425.599456761162	1.30134744659733
1.20199999999998	-8083.8613743045	331.148007680328	227.552488983711	-1.40150301899023	-718.343189885852	-560.29637178631	-535.166124471497	-0.208914853900412	8802.20456419035	229.148364105975	285.682175878577	1.5870296224759
1.20299999999998	-4785.47708078336	455.786130773255	379.433299277703	-1.02206971971253	-6562.36573859013	-514.675652455752	-505.181914607052	-0.714096768507465	11347.8428193735	58.8895216824879	124.390010649834	1.71141963312574
1.20399999999998	-2140.36683208035	535.808731737385	494.197286717615	-0.527872432994916	-10227.7944348131	-418.674894306722	-437.219933600896	-1.15131670210836	12368.1612668935	-117.133837430674	-33.5757535336125	1.67784387959213
1.20499999999998	-584.506526674489	563.382640840131	546.412047429622	0.0185396144347064	-11062.1208827198	-281.691320423423	-344.970965475134	-1.49628766758349	11646.6274093943	-281.69132041672	-203.148340939179	1.47469553865295
1.20599999999998	1769.66307068863	535.808731739787	547.215092691708	0.565754707126415	-11388.2037253781	-117.133837438276	-188.510086972748	-1.68479775455624	9618.54065468948	-418.674894301521	-339.884104154607	1.13481143449834
1.20699999999998	5517.29304393004	455.786130777805	482.609902654533	1.04836460978095	-10264.4608091648	58.8895216747898	-25.4160827638425	-1.71021383732008	4747.16776523481	-514.675652452604	-437.638446501532	0.697172987996808
1.20799999999998	9771.10097115831	331.14800768659	365.237403032295	1.41360201281324	-8953.77806602778	229.148364098904	139.424131378107	-1.57078970594198	-817.322905130529	-560.296371785501	-511.225076521473	0.185947911475335
1.20899999999998	12991.2285136291	174.094810359206	218.969697080035	1.63257170989328	-8049.01060547242	376.976568074462	293.891578700848	-1.27689812724113	-4942.21790815671	-551.071378433672	-545.502940652485	-0.35955502917715
1.20999999999998	13670.480802057	3.96937593905022E-09	76.3899243345816	1.70896163422786	-7396.53108698582	487.90367901673	435.6457760625	-0.841252351178629	-6273.94971507113	-487.903679020699	-516.244609998209	-0.875799639175359
1.21099999999998	12009.4665515479	-174.094810351626	-79.8938528465947	1.62906778138126	-4799.16476458543	551.071378432015	515.074245668335	-0.326178105510294	-7210.3017869625	-376.976568080386	-425.554865770533	-1.30135450494589
1.21199999999998	8085.8097325472	-331.148007680168	-227.573528624219	1.40149425275705	714.01983368782	560.296371786331	535.102453868737	0.208924348358443	-8799.82956623502	-229.148364106156	-285.707656224677	-1.58706216117057
1.21299999999998	4793.33686219114	-455.786130773139	-379.489178745315	1.02200507401173	6556.61410491204	514.675652455833	505.177983642704	0.714102332001146	-11349.9509671032	-58.8895216826851	-124.376469313414	-1.71143863048398
1.21399999999998	2150.91225081782	-535.808731737324	-494.206416028572	0.527798657983159	10215.7892680775	418.674894306855	437.276735816787	1.15137906781793	-12366.7015188954	117.13383743048	33.5651589659289	-1.67787347151805
1.21499999999998	585.167273558544	-563.382640840131	-546.376717775559	-0.0185780597923999	11062.1310520539	281.691320423595	344.869685535163	1.4962487533531	-11647.2983256124	281.691320416548	203.135792934522	-1.47473767858353
1.21599999999998	-1766.60283213095	-535.808731739848	-547.19119338009	-0.56576925317249	11387.476744322	117.13383743847	188.555281926549	1.68480403527964	-9620.87391219108	418.674894301389	339.935798569191	-1.13480188001434
1.21699999999998	-5520.26267522229	-455.786130777922	-482.526255618859	-1.04829550879135	10266.7980821655	-58.8895216745926	25.4405158383435	1.71024455111799	-4746.53540694325	514.675652452524	437.664256124054	-0.697137623890289
1.21799999999998	-9771.89640204921	-331.148007686777	-365.311184564622	-1.41360669335597	8953.62919605779	-229.148364098693	-139.469068741424	1.57077548237656	818.267205991418	560.296371785476	511.162160718815	-0.185975463171474
1.21899999999998	-12988.5354551599	-174.094810359395	-218.962362097515	-1.63256905545349	8054.01678253113	-376.976568074315	-293.895692619769	1.2768797897568	4934.51867262882	551.071378433713	545.590746647957	0.359615283476482
1.21999999999998	-13672.0875394177	-4.19964862885536E-09	-76.4274566011165	-1.7089965120546	7397.4641657581	-487.903679016615	-435.685857539966	0.841193932216829	6274.62337365957	487.903679020814	516.126842759738	0.87574212623622
1.22099999999998	-12008.1521522385	174.094810351437	79.9256457644002	-1.6290708662902	4796.21862739323	-551.071378431974	-514.998043836735	0.326195888380094	7211.93352484525	376.976568080533	425.598788545896	1.30134091478212
1.22199999999998	-8082.17262317473	331.148007680007	227.551572928447	-1.40151929336175	-718.399883916497	-560.296371786351	-535.097352892945	-0.208901464512851	8800.57250709123	229.148364106337	285.707066092862	1.58704798087498
1.22299999999998	-4794.8461078805	455.786130773003	379.535238757578	-1.02198405460418	-6556.69249161547	-514.675652455927	-505.191622121557	-0.714093086634408	11351.538599496	58.8895216829141	124.383698171028	1.71143167904601
1.22399999999998	-2144.79380578094	535.808731737262	494.118571671717	-0.52786548293246	-10223.8209273977	-418.674894306988	-437.260874430969	-1.15135396106538	12368.6147331786	-117.133837430286	-33.6054825226702	1.67782619652334
1.22499999999998	-576.113991395317	563.382640840131	546.387778166545	0.0185222952340845	-11065.6465466457	-281.691320423794	-344.862907806713	-1.49621686887209	11641.760538041	-281.691320416348	-203.053305591721	1.47477289093162
1.22599999999998	1772.50468168085	535.808731739909	547.185378003717	0.565707673237801	-11391.9426074258	-117.133837438664	-188.570235115236	-1.68478710398733	9619.437925745	-418.674894301256	-339.983684014587	1.13478920691703
1.22699999999998	5518.10480755366	455.786130778038	482.624073182108	1.04833174641991	-10266.830498897	58.8895216743955	-25.4217419415639	-1.71020884592889	4748.72569134333	-514.675652452443	-437.641427222507	0.697147779694521
1.22799999999998	9774.25697200791	331.148007686937	365.267469427858	1.41359921584777	-8953.33286743101	229.148364098513	139.452463989316	-1.57075638193957	-820.924104576903	-560.296371785456	-511.145093748763	0.186002685945758
1.22899999999998	12991.2632725279	174.094810359583	218.944748297113	1.63254396414488	-8055.062052007	376.976568074168	293.890442833504	-1.27686593910607	-4936.2012205209	-551.071378433754	-545.610189647952	-0.359607503702194
1.22999999999998	13667.539149869	4.39787584127771E-09	76.4400395730058	1.70898400371788	-7393.76551114309	487.903679016516	435.619625189942	-0.841246313916127	-6273.77363872594	-487.903679020913	-516.177979996792	-0.875785483698986
1.23099999999998	12006.2374994713	-174.094810351249	-79.9028857633239	1.62908111795456	-4796.66628001876	551.071378431932	515.062532807261	-0.326183781108865	-7209.57121945256	-376.97656808068	-425.570926410985	-1.30135641010997
1.23199999999998	8083.12634211557	-331.148007679847	-227.56820174472	1.40151291620984	712.876601236475	560.296371786372	535.133270045321	0.208949488936455	-8796.00294335205	-229.148364106518	-285.721173937037	-1.58707758404701
1.23299999999998	4789.77244547045	-455.786130772887	-379.469602605043	1.0220433136048	6558.1877704013	514.675652456008	505.17277847708	0.714122267413536	-11347.9602158718	-58.8895216831112	-124.353400481251	-1.71143098452826
1.23399999999997	2133.95792026262	-535.808731737201	-494.150495594261	0.527892818010536	10229.7067796845	418.67489430712	437.158030608743	1.15128029802228	-12363.6646999471	117.133837430092	33.5219274883505	-1.67790905703991
1.23499999999997	574.595190941148	-563.382640840131	-546.439250300626	-0.0185464322900894	11071.0267590377	281.691320423938	344.869763541489	1.49615006156377	-11645.6219499788	281.691320416204	203.116201275175	-1.47479285576473
1.23599999999997	-1770.49470698962	-535.808731739971	-547.171604831961	-0.565718037122051	11391.1622142349	117.133837438858	188.645821549686	1.68479588311345	-9620.66750724523	418.674894301123	340.004508095207	-1.13478834766953
1.23699999999997	-5519.65677125134	-455.786130778155	-482.575945950635	-1.04829398307269	10267.9946918574	-58.8895216741984	25.4342365266949	1.71023011964015	-4748.33792060607	514.675652452362	437.656313468311	-0.697132034201215
1.23799999999997	-9771.4097382365	-331.148007687097	-365.311150489667	-1.41360513356235	8955.39396394708	-229.148364098331	-139.47390137769	1.57075621826246	816.015774289421	560.296371785435	511.165476128715	-0.1859665580725
1.23899999999997	-12994.4074623357	-174.094810359772	-218.927825177329	-1.63253295873968	8059.78685362767	-376.97656807402	-293.931131487638	1.27682508677482	4934.62060870801	551.071378433796	545.568160741237	0.359601602668737
1.23999999999997	-13675.3040005147	-4.56404336546257E-09	-76.4420346233317	-1.70897499336301	7403.41606144374	-487.903679016433	-435.689058734444	0.841136028040375	6271.88793907098	487.903679020996	516.146387208302	0.875747989877039
1.24099999999997	-12004.8692205152	174.09481035106	79.9194851979046	-1.62905550816511	4790.22343320356	-551.071378431891	-514.884757589715	0.32625127045066	7214.64578731164	376.976568080828	425.599456626789	1.30134744650383
1.24199999999997	-8083.86140186574	331.148007679687	227.552489533563	-1.40150301863155	-718.343186453898	-560.296371786393	-535.166124177899	-0.208914853727239	8802.20458831964	229.1483641067	285.682176041797	1.58702962254562
1.24299999999997	-4785.47708219631	455.786130772789	379.433298977173	-1.02206971965437	-6562.36575080473	-514.675652456075	-505.181914641145	-0.714096768368385	11347.842833001	58.8895216832765	124.390010573034	1.71141963311866
1.24399999999997	-2140.36680766704	535.80873173714	494.19728650082	-0.527872433153554	-10227.7944443823	-418.674894307253	-437.219933657712	-1.1513167020261	12368.1612520494	-117.133837429898	-33.575753392342	1.67784387972632
1.24499999999997	-584.506517452751	563.382640840131	546.412047532666	0.0185396143791127	-11062.1208962431	-281.69132042411	-344.970965432687	-1.49628766745878	11646.6274136959	-281.691320416033	-203.148341047721	1.47469553867859
1.24599999999997	1769.66305506336	535.808731740032	547.215092686281	0.565754707065393	-11388.2037042845	-117.133837439052	-188.510087367124	-1.68479775482591	9618.54064922113	-418.674894300991	-339.884104258318	1.13481143442028
1.24699999999997	5517.29305192636	455.786130778271	482.609902653663	1.04836460971906	-10264.4608287124	58.8895216740012	-25.4160823518723	-1.71021383717778	4747.16777678601	-514.675652452282	-437.638446462644	0.697172987957632
1.24799999999997	9771.1009813568	331.148007687232	365.237402966832	1.41360201268589	-8953.77807383202	229.14836409818	139.424131259703	-1.57078970591808	-817.322907524776	-560.296371785418	-511.225076480737	0.185947911476895
1.24899999999997	12991.2285088775	174.09481035996	218.969697326212	1.6325717100121	-8049.01060713331	376.976568073873	293.891578812358	-1.27689812710572	-4942.2179017442	-551.071378433837	-545.502940560571	-0.359555029083676
1.24999999999997	13670.4807791284	4.7622563670302E-09	76.3899243051946	1.70896163431729	-7396.53109262243	487.903679016333	435.645775935357	-0.841252351170362	-6273.94968650594	-487.903679021096	-516.244610303714	-0.87579963938739
1.25099999999997	12009.4665412032	-174.094810350902	-79.8938527526381	1.62906778156466	-4799.16475017996	551.071378431857	515.074245703561	-0.326178105466801	-7210.30179102324	-376.976568080951	-425.554865398053	-1.30135450478544
1.25199999999997	8085.80974608502	-331.148007679526	-227.573528967731	1.40149425259693	714.019845878127	560.296371786413	535.102453688217	0.208924348221416	-8799.82959196314	-229.148364106881	-285.707656267322	-1.58706216105276
1.25299999999997	4793.3368663532	-455.786130772673	-379.489178673681	1.02200507392324	6556.61411429717	514.675652456156	505.177983670584	0.714102331892001	-11349.9509806504	-58.8895216834736	-124.376469369962	-1.71143863042273
1.25399999999997	2150.91226650076	-535.808731737079	-494.206416248662	0.527798657674582	10215.7892820674	418.674894307385	437.276735640756	1.15137906753276	-12366.7015485682	117.133837429704	33.5651589377719	-1.67787347148496
1.25499999999997	585.167263453502	-563.382640840131	-546.376717477894	-0.0185780598033119	11062.1310538041	281.691320424281	344.869685743341	1.4962487532761	-11647.2983172576	281.691320415861	203.135792824175	-1.47473767866078
1.25599999999997	-1766.60282401474	-535.808731740083	-547.191193356843	-0.565769253160155	11387.4767342599	117.133837439215	188.555282146476	1.68480403542257	-9620.87391024516	418.674894300879	339.935798748678	-1.1348018799121
1.25699999999997	-5520.26268686599	-455.786130778388	-482.526255581485	-1.04829550874164	10266.7980959652	-58.8895216738041	25.4405155927977	1.71024455101537	-4746.5354090992	514.675652452201	437.664256059253	-0.697137623852849
1.25799999999997	-9771.89641806788	-331.148007687392	-365.311184387164	-1.4136066931288	8953.62920240577	-229.148364097999	-139.46906855338	1.57077548246199	818.267215662113	560.296371785397	511.1621607839	-0.185975463068949
1.25899999999997	-12988.5354455381	-174.094810360118	-218.962362140386	-1.63256905526919	8054.01676915875	-376.976568073749	-293.895692367517	1.27687979009448	4934.51867637934	551.071378433871	545.590746805709	0.35961528373676
1.25999999999997	-13672.0875346403	-4.96049779030727E-09	-76.4274568579251	-1.70899651212711	7397.46416978978	-487.903679016234	-435.685857934238	0.841193932160238	6274.62336485054	487.903679021195	516.126842558282	0.875742126295041
1.26099999999997	-12008.1521418632	174.094810350713	79.9256456439186	-1.6290708664832	4796.21860641492	-551.071378431815	-514.998043750886	0.326195888409351	7211.9335354483	376.976568081098	425.598788340187	1.30134091463523
1.26199999999997	-8082.17263596003	331.148007679366	227.551573206068	-1.40151929327713	-718.399896147595	-560.296371786434	-535.09735281431	-0.208901464404959	8800.57253210763	229.148364107062	285.707066120073	1.5870479807553
1.26299999999997	-4794.84610504076	455.786130772556	379.535238628457	-1.02198405464867	-6556.69250383957	-514.675652456236	-505.191622145996	-0.714093086550955	11351.5386088803	58.8895216836707	124.383698235648	1.71143167899095
1.26399999999997	-2144.79381065061	535.808731737027	494.118571834078	-0.527865482814593	-10223.8209375623	-418.674894307497	-437.260874327387	-1.15135396087834	12368.6147482129	-117.133837429542	-33.605482451583	1.67782619653937
1.26499999999997	-576.114011804036	563.382640840131	546.387778209641	0.0185222953950481	-11065.6465141995	-281.691320424453	-344.862908151163	-1.49621686902951	11641.7605260036	-281.691320415689	-203.053305479401	1.47477289105997
1.26599999999997	1772.50470101949	535.808731740144	547.185377461599	0.565707672856647	-11391.9426107152	-117.133837439409	-188.570235176247	-1.68478710420575	9619.43790969569	-418.674894300747	-339.983684266915	1.13478920679305
1.26699999999997	5518.10482360194	455.786130778485	482.624073371741	1.04833174622839	-10266.8305180658	58.8895216736388	-25.42174165864	-1.71020884586439	4748.72569446384	-514.675652452133	-437.64142716744	0.69714777962561
1.26799999999997	9774.25697204571	331.148007687552	365.267469567097	1.41359921579549	-8953.33287137947	229.148364097817	139.452463933831	-1.57075638193056	-820.924100666242	-560.296371785376	-511.14509371661	0.186002685909
1.26899999999997	12991.2632693527	174.094810360307	218.944748233547	1.63254396402903	-8055.06204076298	376.976568073602	293.890442647141	-1.27686593928342	-4936.2012285897	-551.071378433912	-545.610189655256	-0.359607503746256
1.26999999999997	13667.5391396436	5.15875342443906E-09	76.4400397531744	1.70898400378221	-7393.76551378232	487.903679016135	435.619625408221	-0.841246313875199	-6273.7736258613	-487.903679021294	-516.177980002862	-0.875785483749118
1.27099999999997	12006.2374952849	-174.094810350525	-79.9028857161239	1.62908111806608	-4796.66626726817	551.071378431774	515.062532787429	-0.32618378108777	-7209.57122801672	-376.976568081246	-425.570926191367	-1.30135640994048
1.27199999999997	8083.12636230321	-331.148007679231	-227.568202112374	1.40151291595371	712.876606450999	560.296371786452	535.1332698831	0.20894948879533	-8796.00296875421	-229.148364107214	-285.721174028055	-1.58707758396854
1.27299999999997	4789.77244339933	-455.78613077244	-379.469602443427	1.02204331351028	6558.18777764655	514.675652456317	505.172778482379	0.714122267277709	-11347.9602210459	-58.8895216838679	-124.353400585065	-1.7114309845536
1.27399999999997	2133.95791048456	-535.808731736966	-494.150495378837	0.527892818131445	10229.7068056902	418.674894307629	437.158030642836	1.15128029792054	-12363.6647161748	117.133837429348	33.5219277264636	-1.67790905682714
1.27499999999997	574.595212857122	-563.382640840131	-546.439250423891	-0.0185464322924457	11071.0267379028	281.691320424597	344.869763930688	1.49615006185123	-11645.6219507599	281.691320415546	203.116201262762	-1.47479285556438
1.27599999999997	-1770.49471594003	-535.808731740206	-547.171604577702	-0.565718036870148	11391.1621963317	117.133837439602	188.645821595615	1.68479588344685	-9620.66748039162	418.674894300614	340.004507967337	-1.13478834759704
1.27699999999997	-5519.65679412455	-455.786130778602	-482.575946079194	-1.04829398294934	10267.9947116078	-58.8895216734417	25.4342360578317	1.71023011950468	-4748.33791748324	514.675652452053	437.656313389411	-0.697132034207631
1.27799999999997	-9771.40975023404	-331.148007687713	-365.3111505167	-1.41360513346604	8955.39396839718	-229.148364097636	-139.473901247154	1.57075621825753	816.01578183686	560.296371785356	511.165476133633	-0.185966558073998
1.27899999999997	-12994.4074637567	-174.094810360495	-218.92782538017	-1.63253295884621	8059.78686464993	-376.976568073455	-293.931131669672	1.27682508658785	4934.62059910674	551.071378433954	545.568160716078	0.35960160264208
1.27999999999997	-13675.3039805744	-5.35690958258783E-09	-76.442034685622	-1.70897499353183	7403.41605055377	-487.903679016036	-435.689058511257	0.841136028076596	6271.88793002061	487.903679021393	516.146387290047	0.875747989932127
1.28099999999997	-12004.8692160261	174.094810350336	79.919485199367	-1.62905550833247	4790.2234300923	-551.071378431733	-514.884757729014	0.326251270347583	7214.64578593381	376.976568081393	425.599456487594	1.30134744641972
1.28199999999997	-8083.86142546221	331.148007679045	227.552490010526	-1.40150301832194	-718.343183767779	-560.296371786476	-535.16612392374	-0.208914853576158	8802.20460922999	229.148364107424	285.682176185343	1.58702962260506
1.28299999999997	-4785.47708316839	455.786130772323	379.433298715561	-1.02206971960638	-6562.36576135353	-514.675652456398	-505.181914673972	-0.71409676825013	11347.8428445219	58.8895216840651	124.390010507303	1.71141963311237
1.28399999999997	-2140.36678671281	535.808731736905	494.197286314068	-0.527872433292314	-10227.7944530122	-418.674894307762	-437.219933706279	-1.15131670195641	12368.161239725	-117.133837429154	-33.5757532770318	1.67784387983534
1.28499999999997	-584.506509045784	563.382640840131	546.41204762323	0.0185396143309163	-11062.1209084995	-281.691320424796	-344.970965389169	-1.49628766734558	11646.6274175452	-281.691320415346	-203.148341133803	1.47469553870153
1.28599999999997	1769.66304142648	535.808731740267	547.215092688622	0.565754707019538	-11388.2036858095	-117.133837439796	-188.510087709862	-1.68479775505544	9618.54064438306	-418.674894300482	-339.884104342896	1.13481143435864
1.28699999999997	5517.29305891465	455.786130778719	482.609902647573	1.04836460966711	-10264.460845448	58.8895216732445	-25.4160819994571	-1.7102138370549	4747.16778653335	-514.675652451972	-437.638446432137	0.697172987926501
1.28799999999997	9771.10099041198	331.148007687873	365.23740290755	1.41360201257466	-8953.77808051707	229.148364097455	139.424131156198	-1.5707897058987	-817.322909894909	-560.296371785335	-511.225076446615	0.185947911479886
1.28899999999997	12991.2285053209	174.094810360714	218.969697537607	1.63257171011227	-8049.01060920703	376.976568073284	293.891578914118	-1.27689812698458	-4942.21789611384	-551.071378434002	-545.502940482835	-0.359555029002949
1.28999999999997	13670.480759569	5.5551510058649E-09	76.3899242813117	1.70896163439358	-7396.5310974086	487.903679015937	435.645775820579	-0.841252351164003	-6273.94966216036	-487.903679021492	-516.244610565221	-0.875799639568171
1.29099999999997	12009.4665320267	-174.094810350148	-79.8938526702824	1.6290677817233	-4799.16473761994	551.071378431692	515.074245731636	-0.326178105432366	-7210.30179440675	-376.97656808154	-425.554865081314	-1.30135450464948
1.29199999999997	8085.80975756979	-331.148007678911	-227.573529262998	1.4014942524603	714.019856622823	560.296371786493	535.102453533033	0.208924348100667	-8799.82961419261	-229.148364107576	-285.707656301972	-1.58706216095146
1.29299999999997	4793.33686994656	-455.786130772207	-379.489178612217	1.02200507384808	6556.6141226874	514.675652456478	505.17798369494	0.714102331795608	-11349.950992634	-58.8895216842621	-124.376469416264	-1.71143863036772
1.29399999999997	2150.91228027122	-535.808731736833	-494.206416439772	0.527798657408311	10215.7892943953	418.674894307916	437.276735489364	1.15137906728497	-12366.7015746665	117.133837428929	33.5651589151347	-1.67787347145259
1.29499999999997	585.167254806549	-563.382640840131	-546.376717220661	-0.0185780598123499	11062.1310553619	281.691320424968	344.869685923692	1.49624875320866	-11647.2983101685	281.691320415175	203.135792725976	-1.47473767872661
1.29599999999997	-1766.60281745842	-535.808731740328	-547.191193331995	-0.565769253144345	11387.4767255767	117.13383743999	188.555282338033	1.6848040355467	-9620.87390811829	418.674894300349	339.935798901064	-1.13480187982555
1.29699999999997	-5520.26269693298	-455.786130778835	-482.526255553166	-1.04829550869751	10266.7981077501	-58.8895216730474	25.4405153807098	1.71024455092741	-4746.53541081708	514.675652451892	437.664256003891	-0.697137623821654
1.29799999999997	-9771.89643182731	-331.148007688059	-365.311184234329	-1.41360669293184	8953.62920777036	-229.148364097245	-139.46906839069	1.57077548253672	818.26722405695	560.296371785311	511.162160840916	-0.185975462980738
1.29899999999997	-12988.5354377008	-174.094810360903	-218.96236216931	-1.63256905510115	8054.01675783931	-376.976568073136	-293.895692147232	1.27687979038948	4934.51867986147	551.071378434043	545.590746945189	0.359615283964451
1.29999999999997	-13672.0875303091	-5.75336400743254E-09	-76.4274570857077	-1.70899651218686	7397.4641734627	-487.903679015838	-435.685858276134	0.84119393211335	6274.62335684644	487.903679021591	516.126842386903	0.875742126351354
1.30099999999997	-12008.1521326506	174.094810349959	79.9256455343944	-1.62907086665246	4796.21858758326	-551.07137843165	-514.99804367569	0.32619588843766	7211.93354506736	376.976568081687	425.598788152065	1.30134091450342
1.30199999999997	-8082.17264681386	331.14800767875	227.551573446405	-1.40151929320606	-718.399907063866	-560.296371786514	-535.09735274809	-0.20890146431043	8800.57255387772	229.148364107757	285.707066145897	1.58704798064932
1.30299999999997	-4794.84610239227	455.786130772109	379.535238515743	-1.02198405469032	-6556.69251444117	-514.675652456546	-505.191622170007	-0.714093086480437	11351.5386168334	58.8895216844274	124.383698292676	1.71143167894199
1.30399999999997	-2144.79381523658	535.808731736772	494.118571978676	-0.527865482711639	-10223.8209466474	-418.674894308048	-437.260874235554	-1.15135396071599	12368.6147618839	-117.133837428735	-33.6054823949379	1.67782619654705
1.30499999999997	-576.114029312103	563.382640840131	546.387778247256	0.018522295535617	-11065.6464861783	-281.691320425139	-344.862908447058	-1.49621686916305	11641.7605154904	-281.691320415003	-203.053305373674	1.47477289117338
1.30599999999997	1772.50471797048	535.808731740389	547.185376993042	0.565707672528659	-11391.9426135643	-117.133837440184	-188.570235228419	-1.68478710439147	9619.43789559378	-418.674894300216	-339.983684483316	1.13478920669006
1.30699999999997	5518.10483759904	455.786130778952	482.62407353391	1.04833174606257	-10266.8305344443	58.8895216728503	-25.4217414180191	-1.71020884580949	4748.72569684523	-514.675652451811	-437.641427121522	0.697147779568541
1.30799999999997	9774.25697232731	331.148007688168	365.267469685995	1.41359921574856	-8953.33287478192	229.148364097122	139.452463886197	-1.57075638192329	-820.92409754538	-560.296371785297	-511.145093689691	0.18600268587885
1.30899999999997	12991.2632672096	174.094810361091	218.944748176437	1.632543963925	-8055.0620314165	376.976568072989	293.890442488681	-1.27686593943461	-4936.20123579308	-551.071378434084	-545.610189661482	-0.359607503782632
1.30999999999997	13667.5391312163	5.95159121985489E-09	76.4400399109446	1.70898400383595	-7393.76551597529	487.903679015739	435.619625594777	-0.841246313839831	-6273.77361524105	-487.90367902169	-516.177980005354	-0.875785483787986
1.31099999999997	12006.2374905651	-174.094810349771	-79.9028856761277	1.62908111815982	-4796.66625242131	551.07137843161	515.062532734337	-0.326183781105494	-7209.57123814378	-376.976568081835	-425.57092599732	-1.30135640978531
1.31199999999997	8083.12637942445	-331.14800767859	-227.568202428026	1.40151291573179	712.876610445022	560.296371786534	535.133269776895	0.208949488671401	-8796.00298986947	-229.148364107938	-285.721174122873	-1.58707758390818
1.31299999999997	4789.77244134233	-455.786130771993	-379.469602304773	1.02204331342702	6558.18778505828	514.675652456626	505.172778475194	0.714122267146595	-11347.9602264006	-58.8895216846245	-124.353400664726	-1.71143098457291
1.31399999999997	2133.95790174931	-535.808731736711	-494.150495189798	0.52789281823722	10229.7068316763	418.674894308181	437.158030658611	1.15128029780521	-12363.6647334256	117.133837428541	33.5219279507613	-1.67790905662214
1.31499999999997	574.595231802715	-563.382640840131	-546.439250533759	-0.0185464322965388	11071.0267199777	281.691320425311	344.869764285276	1.49615006209048	-11645.6219517804	281.691320414831	203.116201232507	-1.47479285538964
1.31599999999997	-1770.4947243434	-535.808731740451	-547.171604346757	-0.565718036643296	11391.1621806022	117.133837440378	188.645821645971	1.68479588373645	-9620.66745625884	418.674894300084	340.004507855108	-1.13478834753453
1.31699999999997	-5519.65681420732	-455.786130779068	-482.575946195826	-1.04829398283912	10267.9947286468	-58.8895216726531	25.4342356479993	1.71023011938445	-4748.33791443953	514.67565245173	437.656313321218	-0.697132034213311
1.31799999999997	-9771.40976067224	-331.148007688328	-365.311150542177	-1.4136051333813	8955.39397204956	-229.148364096941	-139.473901133563	1.57075621825089	816.015788622682	560.296371785276	511.165476137746	-0.185966558075565
1.31899999999997	-12994.4074656111	-174.094810361219	-218.927825549796	-1.6325329589311	8059.78687449401	-376.976568072889	-293.931131828188	1.2768250864227	4934.62059111712	551.071378434112	545.568160695955	0.359601602620389
1.31999999999997	-13675.3039599898	-6.14981843227724E-09	-76.4420347860508	-1.70897499371715	7403.41603921713	-487.90367901564	-435.689058323499	0.841136028099203	6271.88792077269	487.903679021789	516.146387352118	0.875747989972508
1.32099999999997	-12004.86921219	174.094810349582	79.9194852387106	-1.62905550847844	4790.22342696756	-551.071378431568	-514.88475784158	0.326251270257622	7214.64578522245	376.976568081982	425.599456372129	1.30134744634464
1.32199999999997	-8083.86144592556	331.14800767843	227.552490424492	-1.40150301805394	-718.343181892205	-560.296371786555	-535.166123702166	-0.208914853444543	8802.20462781777	229.148364108119	285.682176310682	1.58702962265532
1.32299999999997	-4785.47708396494	455.786130771876	379.433298487319	-1.02206971956663	-6562.36577080294	-514.675652456707	-505.181914704269	-0.714096768148812	11347.8428547679	58.8895216848217	124.390010450553	1.71141963310587
1.32399999999996	-2140.3667687858	535.80873173667	494.197286152143	-0.527872433414482	-10227.7944611447	-418.674894308271	-437.219933747847	-1.15131670189666	12368.1612299305	-117.13383742841	-33.5757531831284	1.67784387992274
1.32499999999996	-584.506501439615	563.382640840131	546.412047703116	0.0185396142886336	-11062.1209199432	-281.691320425483	-344.970965345087	-1.49628766724175	11646.6274213828	-281.69132041466	-203.148341201141	1.4746955387216
1.32599999999996	1769.66302951628	535.808731740512	547.215092695957	0.56575470698459	-11388.2036699389	-117.133837440572	-188.510088008484	-1.68479775525023	9618.54064042267	-418.674894299951	-339.884104411888	1.13481143430971
1.32699999999996	5517.29306513356	455.786130779185	482.609902637278	1.04836460962187	-10264.4608600636	58.889521672456	-25.4160816976747	-1.7102138369479	4747.16779493008	-514.67565245165	-437.638446407253	0.697172987902461
1.32799999999996	9771.10099858801	331.148007688489	365.237402853388	1.41360201247526	-8953.7780864401	229.14836409676	139.424131064892	-1.57078970588301	-817.322912147912	-560.296371785255	-511.22507641768	0.185947911484781
1.32899999999996	12991.2285028602	174.094810361408	218.969697719166	1.63257171019442	-8049.0106116726	376.976568072742	293.891579006203	-1.27689812687681	-4942.21789118755	-551.071378434153	-545.502940416689	-0.359555028931908
1.32999999999996	13670.480743011	6.34808827726374E-09	76.3899242619606	1.70896163445638	-7396.53110159013	487.903679015541	435.645775717032	-0.841252351159777	-6273.94964142088	-487.903679021888	-516.244610789237	-0.875799639721145
1.33099999999996	12009.4665240013	-174.094810349394	-79.8938525975101	1.62906778185887	-4799.16472676587	551.071378431527	515.074245754311	-0.326178105405466	-7210.30179723541	-376.976568082129	-425.554864811432	-1.30135450453258
1.33199999999996	8085.80976735953	-331.148007678269	-227.573529516227	1.40149425234265	714.019866113759	560.296371786576	535.10245339914	0.208924347993674	-8799.82963347329	-229.1483641083	-285.707656329289	-1.58706216086187
1.33299999999996	4793.33687301732	-455.786130771759	-379.489178559163	1.02200507378348	6556.61413025656	514.675652456788	505.177983715678	0.714102331709352	-11349.9510032739	-58.8895216850188	-124.376469454327	-1.71143863031619
1.33399999999996	2150.91229225937	-535.808731736608	-494.206416605279	0.527798657178205	10215.7893053603	418.674894308403	437.276735358899	1.15137906706825	-12366.7015976197	117.133837428216	33.5651588967631	-1.67787347141943
1.33499999999996	585.167247288011	-563.382640840131	-546.376716998679	-0.0185780598204746	11062.1310568588	281.691320425599	344.869686079391	1.49624875314764	-11647.2983041468	281.691320414543	203.13579263799	-1.47473767878144
1.33599999999996	-1766.60281225407	-535.808731740573	-547.191193306749	-0.565769253127224	11387.4767181619	117.133837440766	188.555282504972	1.68480403565261	-9620.87390590784	418.674894299818	339.935799030527	-1.13480187975091
1.33699999999996	-5520.26270584154	-455.786130779301	-482.52625553091	-1.04829550865813	10266.7981179123	-58.8895216722589	25.4405151974311	1.71024455085005	-4746.53541207074	514.675652451569	437.664255956107	-0.697137623794807
1.33799999999996	-9771.89644390149	-331.148007688649	-365.311184101726	-1.41360669275986	8953.62921235844	-229.148364096579	-139.469068249235	1.57077548260081	818.267231543047	560.296371785235	511.162160890709	-0.185975462904099
1.33899999999996	-12988.5354315434	-174.094810361596	-218.96236218751	-1.63256905494737	8054.01674828055	-376.976568072595	-293.895691954658	1.27687979064615	4934.5186832628	551.071378434194	545.590747068462	0.359615284164363
1.33999999999996	-13672.0875266106	-6.51421316888445E-09	-76.4274572874559	-1.70899651223483	7397.46417680678	-487.903679015457	-435.68585857247	0.841193932073683	6274.62334980381	487.903679021971	516.126842240926	0.875742126405289
1.34099999999996	-12008.1521246511	174.094810349205	79.9256454348389	-1.62907086679999	4796.21857071805	-551.071378431486	-514.998043609882	0.326195888463801	7211.933553933	376.976568082277	425.598787980843	1.30134091438613
1.34199999999996	-8082.17265613418	331.148007678109	227.55157365372	-1.40151929314627	-718.399916913611	-560.296371786597	-535.097352691971	-0.20890146422817	8800.57257304779	229.148364108481	285.707066169091	1.58704798055522
1.34299999999996	-4794.84609999381	455.786130771643	379.535238417229	-1.02198405472904	-6556.69252383825	-514.675652456869	-505.1916221925	-0.71409308642067	11351.5386238321	58.8895216852159	124.383698342725	1.71143167889795
1.34399999999996	-2144.79381953242	535.808731736547	494.118572107033	-0.527865482622004	-10223.8209549361	-418.674894308536	-437.260874154263	-1.15135396057493	12368.6147744685	-117.133837428022	-33.6054823497209	1.67782619654823
1.34499999999996	-576.114044343917	563.382640840131	546.387778280338	0.018522295658334	-11065.6464621632	-281.691320425799	-344.862908700919	-1.49621686927585	11641.7605065071	-281.691320414344	-203.053305274711	1.47477289127352
1.34599999999996	1772.50473281824	535.808731740634	547.185376587749	0.565707672246083	-11391.9426161879	-117.13383744096	-188.570235273486	-1.68478710454934	9619.43788336963	-418.674894299686	-339.983684669011	1.13478920660451
1.34699999999996	5518.10484986027	455.786130779418	482.624073672412	1.0483317459185	-10266.8305486272	58.8895216720617	-25.4217412126996	-1.71020884576204	4748.72569876691	-514.675652451489	-437.641427082942	0.697147779521564
1.34799999999996	9774.25697285809	331.14800768881	365.267469786915	1.41359921570541	-8953.33287781217	229.148364096398	139.452463844379	-1.57075638191766	-820.924095045922	-560.296371785214	-511.145093666935	0.186002685854629
1.34899999999996	12991.263265939	174.094810361815	218.944748125085	1.6325439638305	-8055.06202374063	376.976568072424	293.890442353789	-1.27686593956387	-4936.20124219841	-551.071378434242	-545.610189666887	-0.359607503812258
1.34999999999996	13667.5391243443	6.71246880301624E-09	76.4400400491501	1.70898400387965	-7393.76551785857	487.903679015358	435.619625754219	-0.84124631380965	-6273.77360648575	-487.903679022071	-516.177980004964	-0.875785483817222
1.35099999999996	12006.2374862255	-174.094810349047	-79.9028856401467	1.6290811182395	-4796.66623892905	551.071378431451	515.062532681022	-0.326183781128628	-7209.57124729642	-376.9765680824	-425.570925832699	-1.30135640964992
1.35199999999996	8083.126394127	-331.148007677948	-227.568202699828	1.40151291553967	712.87661391364	560.296371786617	535.133269691069	0.208949488562441	-8796.00300804064	-229.148364108662	-285.721174205932	-1.58707758385585
1.35299999999996	4789.77243946206	-455.786130771527	-379.469602184657	1.02204331335501	6558.18779178818	514.675652456949	505.172778467082	0.714122267029523	-11347.9602312502	-58.8895216854131	-124.353400731495	-1.71143098458735
1.35399999999996	2133.95789411229	-535.808731736476	-494.150495023947	0.527892818331067	10229.7068549425	418.67489430869	437.158030671402	1.15128029770092	-12363.6647490548	117.133837427797	33.5219281504717	-1.67790905643688
1.35499999999996	574.595248318784	-563.382640840131	-546.439250631854	-0.0185464323007866	11071.0267044329	281.69132042597	344.869764595562	1.49615006229649	-11645.6219527517	281.691320414172	203.116201200695	-1.47479285523618
1.35599999999996	-1770.49473216148	-535.808731740686	-547.171604140175	-0.565718036440961	11391.1621669442	117.133837441122	188.645821692105	1.68479588398859	-9620.66743478276	418.674894299574	340.004507755709	-1.13478834748047
1.35699999999996	-5519.65683184707	-455.786130779534	-482.575946300973	-1.04829398274193	10267.9947434581	-58.8895216718646	25.4342352901313	1.71023011927872	-4748.33791161108	514.675652451408	437.656313262043	-0.69713203421843
1.35799999999996	-9771.40976976275	-331.148007688996	-365.311150566021	-1.41360513330796	8955.39397514538	-229.148364096188	-139.473901034882	1.57075621824384	816.015794617378	560.29637178519	511.165476141172	-0.185966558077257
1.35899999999996	-12994.4074677462	-174.094810362004	-218.927825691787	-1.63253295899974	8059.78688333138	-376.976568072277	-293.931131966172	1.27682508627767	4934.62058441481	551.071378434283	545.568160679567	0.359601602602309
1.35999999999996	-13675.3039418498	-6.91066759372916E-09	-76.4420348769632	-1.70897499387671	7403.41602920717	-487.903679015259	-435.689058156017	0.841136028121651	6271.88791264262	487.90367902217	516.146387409653	0.875747990011962
1.36099999999996	-12004.8692088457	174.094810348859	79.9194852708756	-1.62905550860583	4790.22342395448	-551.07137843141	-514.884757941699	0.326251270179952	7214.64578489122	376.976568082548	425.599456266028	1.30134744627799
1.36199999999996	-8083.86146367072	331.148007677788	227.552490784024	-1.40150301782181	-718.343180518474	-560.296371786638	-535.166123509634	-0.208914853329682	8802.20464418919	229.148364108843	285.68217642019	1.58702962269818
1.36299999999996	-4785.47708460159	455.786130771391	379.433298288056	-1.02206971953375	-6562.36577910885	-514.675652457043	-505.181914732316	-0.714096768061998	11347.8428637104	58.889521685642	124.390010401677	1.71141963309986
1.36399999999996	-2140.36675339807	535.808731736415	494.197286011702	-0.527872433522049	-10227.7944685977	-418.674894308823	-437.219933783336	-1.15131670184533	12368.1612219957	-117.133837427603	-33.5757531063965	1.67784387999346
1.36499999999996	-584.506494609303	563.382640840131	546.412047773428	0.0185396142513788	-11062.1209303759	-281.691320426142	-344.970965302418	-1.49628766714775	11646.6274249852	-281.691320414001	-203.14834125417	1.47469553873929
1.36599999999996	1769.66301910828	535.808731740747	547.215092706585	0.565754706957964	-11388.2036561946	-117.133837441316	-188.510088268413	-1.68479775541617	9618.54063708627	-418.674894299442	-339.884104468283	1.13481143427101
1.36699999999996	5517.29307057153	455.786130779632	482.609902625144	1.04836460958311	-10264.4608727426	58.8895216716993	-25.4160814386983	-1.71021383685486	4747.16780217109	-514.67565245134	-437.638446387185	0.697172987883823
1.36799999999996	9771.1010058666	331.148007689156	365.237402804255	1.41360201238736	-8953.77809163307	229.148364096006	139.424130984757	-1.57078970587011	-817.322914233535	-560.296371785169	-511.225076393168	0.185947911490655
1.36899999999996	12991.2285011477	174.094810362192	218.969697875326	1.63257171026269	-8049.01061427254	376.976568072129	293.891579089025	-1.27689812678108	-4942.21788687519	-551.071378434325	-545.502940360134	-0.359555028869479
1.36999999999996	13670.4807288932	7.10892322786094E-09	76.389924246107	1.7089616345088	-7396.53110520668	487.90367901516	435.645775624076	-0.841252351157006	-6273.94962368649	-487.903679022269	-516.244610981763	-0.875799639851243
1.37099999999996	12009.4665169516	-174.09481034867	-79.8938525335264	1.62906778197527	-4799.16471734131	551.071378431369	515.074245772509	-0.326178105384497	-7210.30179961032	-376.976568082695	-425.554864580964	-1.30135450443221
1.37199999999996	8085.80977571548	-331.148007677654	-227.573529733911	1.40149425224136	714.019874483071	560.296371786656	535.102453283572	0.208924347899075	-8799.82965019855	-229.148364108995	-285.707656351212	-1.58706216078342
1.37299999999996	4793.33687565603	-455.786130771275	-379.489178513214	1.02200507372815	6556.61413702528	514.675652457124	505.177983733682	0.714102331632757	-11349.9510126813	-58.8895216858392	-124.376469485875	-1.71143863026929
1.37399999999996	2150.91230275114	-535.808731736353	-494.206416748924	0.527798656979221	10215.7893150548	418.674894308955	437.276735246482	1.15137906687924	-12366.7016178059	117.133837427409	33.5651588821639	-1.67787347138713
1.37499999999996	585.167240769922	-563.382640840131	-546.376716806524	-0.0185780598273029	11062.1310582476	281.691320426313	344.86968621408	1.49624875309332	-11647.2982990175	281.691320413829	203.135792559537	-1.47473767882759
1.37599999999996	-1766.60280808911	-535.808731740808	-547.191193281991	-0.565769253109294	11387.4767117932	117.13383744151	188.5552826506	1.68480403574392	-9620.87390370407	418.674894299309	339.935799140721	-1.13480187968687
1.37699999999996	-5520.2627136661	-455.786130779748	-482.526255513761	-1.04829550862305	10266.7981266781	-58.8895216715022	25.4405150388262	1.71024455078275	-4746.535413012	514.67565245126	437.66425591482	-0.697137623772052
1.37799999999996	-9771.89645440732	-331.148007689317	-365.311183987113	-1.41360669261017	8953.62921629748	-229.148364095826	-139.469068126272	1.57077548265647	818.267238109842	560.296371785148	511.162160934385	-0.185975462837667
1.37899999999996	-12988.5354266453	-174.094810362381	-218.962362197811	-1.63256905480798	8054.01674019679	-376.976568071982	-293.895691786407	1.27687979087007	4934.5186864485	551.071378434366	545.590747177075	0.359615284339408
1.37999999999996	-13672.0875233874	-7.30712201857386E-09	-76.4274574659529	-1.70899651227393	7397.46417981272	-487.903679015061	-435.685858829426	0.84119393204064	6274.6233435747	487.903679022368	516.126842116052	0.875742126455461
1.38099999999996	-12008.1521176719	174.094810348482	79.9256453452382	-1.62907086692869	4796.21855568519	-551.071378431327	-514.99804355232	0.32619588848832	7211.93356198671	376.976568082842	425.598787826294	1.30134091428175
1.38199999999996	-8082.17266414762	331.148007677493	227.5515738329	-1.40151929309579	-718.399925694893	-560.296371786676	-535.097352644472	-0.208901464156152	8800.57258984251	229.148364109176	285.707066190279	1.58704798047203
1.38299999999996	-4794.84609784307	455.786130771196	379.535238331023	-1.02198405476477	-6556.69253206645	-514.675652457178	-505.191622213645	-0.714093086369797	11351.5386299095	58.8895216859727	124.383698386626	1.71143167885866
1.38399999999996	-2144.79382351237	535.808731736292	494.118572220726	-0.527865482544045	-10223.8209623747	-418.674894309088	-437.260874082357	-1.15135396045215	12368.6147858871	-117.133837427215	-33.605482313497	1.67782619654516
1.38499999999996	-576.114057296685	563.382640840131	546.387778309276	0.0185222957652306	-11065.6464414448	-281.691320426485	-344.862908919566	-1.49621686937172	11641.7604987415	-281.691320413657	-203.053305183425	1.47477289136174
1.38599999999996	1772.50474581281	535.808731740869	547.185376236784	0.565707672002015	-11391.94261852	-117.133837441704	-188.570235312161	-1.68478710468388	9619.43787270714	-418.674894299177	-339.983684828649	1.13478920653309
1.38699999999996	5518.10486058786	455.786130779865	482.624073791128	1.04833174579314	-10266.8305608727	58.889521671305	-25.4217410371445	-1.71020884572103	4748.72570028488	-514.675652451179	-437.641427050362	0.697147779482727
1.38799999999996	9774.25697350065	331.148007689425	365.267469873322	1.41359921566647	-8953.33288048572	229.148364095703	139.452463808065	-1.57075638191296	-820.924093014927	-560.296371785135	-511.145093647749	0.186002685834978
1.38899999999996	12991.2632651835	174.094810362569	218.944748079291	1.63254396374576	-8055.06201737439	376.976568071834	293.890442238251	-1.27686593967471	-4936.20124780908	-551.071378434407	-545.610189672205	-0.359607503837228
1.38999999999996	13667.5391187011	7.50534923099622E-09	76.4400401697447	1.7089840039155	-7393.76551944809	487.903679014962	435.619625890953	-0.841246313783756	-6273.77359925306	-487.903679022467	-516.177980001976	-0.875785483839204
1.39099999999996	12006.2374823125	-174.094810348293	-79.9028856074957	1.62908111830801	-4796.66622712455	551.071378431286	515.062532632732	-0.326183781151024	-7209.57125518791	-376.97656808299	-425.570925694143	-1.30135640953335
1.39199999999996	8083.12640675592	-331.148007677333	-227.568202934456	1.40151291537355	712.876617012578	560.296371786697	535.133269617768	0.208949488466744	-8796.0030237685	-229.148364109357	-285.721174276897	-1.58707758381024
1.39299999999996	4789.77243778572	-455.786130771079	-379.469602080486	1.02204331329306	6558.18779777029	514.675652457259	505.172778460037	0.714122266926781	-11347.960235556	-58.8895216861698	-124.353400788303	-1.71143098459855
1.39399999999996	2133.95788751215	-535.808731736231	-494.150494878717	0.527892818414346	10229.7068753351	418.674894309221	437.158030683813	1.15128029761059	-12363.6647628473	117.133837427021	33.5219283262775	-1.67790905627227
1.39499999999996	574.595262764291	-563.382640840131	-546.439250718785	-0.018546432304439	11071.0266908542	281.691320426657	344.869764865511	1.4961500624761	-11645.6219536185	281.691320413486	203.116201170524	-1.47479285510175
1.39599999999996	-1770.4947393693	-535.808731740931	-547.171603956346	-0.565718036260785	11391.1621551245	117.133837441898	188.645821732466	1.68479588420857	-9620.66741575519	418.674894299044	340.004507667643	-1.1347883474341
1.39699999999996	-5519.6568472928	-455.786130779981	-482.575946395736	-1.04829398265652	10267.994756364	-58.8895216711079	25.4342349777332	1.7102301191863	-4748.33790907116	514.675652451098	437.656313210773	-0.69713203422333
1.39799999999996	-9771.40977765476	-331.148007689585	-365.31115058839	-1.41360513324491	8955.39397779353	-229.148364095522	-139.473900949281	1.57075621823702	816.015799861229	560.296371785114	511.165476143618	-0.185966558079712
1.39899999999996	-12994.4074699595	-174.094810362697	-218.927825811175	-1.63253295905609	8059.78689127252	-376.976568071735	-293.931132086305	1.27682508615072	4934.62057868693	551.071378434435	545.568160666577	0.359601602586865
1.39999999999996	-13675.3039260429	-7.70354802170914E-09	-76.4420349573713	-1.70897499401346	7403.41602050643	-487.903679014863	-435.689058007599	0.841136028143118	6271.88790553644	487.903679022566	516.146387461741	0.875747990048606
1.40099999999996	-12004.8692058991	174.094810348105	79.9194852962974	-1.62905550871716	4790.22342111814	-551.071378431245	-514.884758029769	0.326251270113349	7214.64578478098	376.976568083137	425.599456169864	1.30134744621847
1.40199999999996	-8083.86147900469	331.148007677173	227.552491096566	-1.40150301762059	-718.343179471951	-560.296371786718	-535.166123342245	-0.208914853228896	8802.20465847664	229.148364109538	285.682176516522	1.58702962273499
1.40299999999996	-4785.4770850687	455.786130770963	379.433298113964	-1.02206971950663	-6562.36578635664	-514.675652457339	-505.181914758245	-0.714096767987142	11347.8428714253	58.889521686367	124.390010359286	1.71141963309428
1.40399999999996	-2140.36674018126	535.80873173619	494.19728589003	-0.527872433616599	-10227.7944752836	-418.67489430931	-437.219933814185	-1.15131670180133	12368.1612154649	-117.13383742689	-33.5757530435266	1.67784388005075
1.40499999999996	-584.506488498961	563.382640840131	546.412047835034	0.0185396142184352	-11062.1209397579	-281.691320426829	-344.970965261963	-1.49628766706329	11646.6274282568	-281.691320413314	-203.148341296136	1.47469553875462
1.40599999999996	1769.66300998556	535.808731740992	547.215092719356	0.565754706937791	-11388.2036441894	-117.133837442092	-188.510088494776	-1.68479775555807	9618.54063420388	-418.674894298911	-339.884104514591	1.13481143424002
1.40699999999996	5517.29307534437	455.786130780098	482.609902611839	1.04836460954963	-10264.4608836946	58.8895216709107	-25.4160812156785	-1.71021383677374	4747.16780835021	-514.675652451018	-437.638446370832	0.697172987869192
1.40799999999996	9771.10101230658	331.148007689746	365.237402760634	1.41360201231026	-8953.77809610447	229.148364095341	139.424130914582	-1.57078970585916	-817.322916202108	-560.296371785093	-511.225076372041	0.185947911497152
1.40899999999996	12991.2284999563	174.094810362916	218.969698009962	1.63257171032023	-8049.01061685577	376.976568071563	293.891579163404	-1.27689812669576	-4942.21788310051	-551.071378434483	-545.502940312066	-0.359555028814914
1.40999999999996	13670.4807168218	7.90177523413149E-09	76.3899242327948	1.70896163455302	-7396.5311083112	487.903679014764	435.64577554073	-0.841252351155028	-6273.94960851056	-487.903679022665	-516.244611147569	-0.875799639962483
1.41099999999996	12009.4665107408	-174.094810347916	-79.8938524774728	1.62906778207555	-4799.16470911962	551.071378431204	515.074245786981	-0.326178105368047	-7210.3018016212	-376.976568083284	-425.554864383897	-1.30135450434638
1.41199999999996	8085.80978284781	-331.148007677012	-227.573529921541	1.40149425215401	714.019881867891	560.296371786739	535.10245318375	0.208924347815703	-8799.82966471571	-229.14836410972	-285.707656368924	-1.5870621607153
1.41299999999996	4793.3368779229	-455.786130770846	-379.489178473469	1.02200507368054	6556.61414307279	514.675652457419	505.177983749326	0.714102331565029	-11349.9510209957	-58.8895216865641	-124.37646951193	-1.71143863022724
1.41399999999996	2150.9123118919	-535.808731736118	-494.206416873292	0.527798656807246	10215.7893236459	418.674894309464	437.276735149499	1.15137906671453	-12366.7016355378	117.133837426665	33.5651588704573	-1.67787347135678
1.41499999999995	585.167235147371	-563.382640840131	-546.376716640378	-0.0185780598331329	11062.1310595236	281.691320426973	344.869686331091	1.49624875304562	-11647.298294671	281.69132041317	203.13579249008	-1.4747376788667
1.41599999999995	-1766.60280473552	-535.808731741054	-547.19119325816	-0.565769253091293	11387.4767063278	117.133837442285	188.555282777406	1.68480403582303	-9620.87390159229	418.674894298779	339.935799234732	-1.13480187963196
1.41699999999995	-5520.26272048965	-455.786130780214	-482.526255500902	-1.0482955085922	10266.7981342361	-58.8895216707136	25.4405149013524	1.71024455072438	-4746.5354137464	514.675652450937	437.664255879071	-0.697137623752894
1.41799999999995	-9771.89646353048	-331.148007689932	-365.311183887904	-1.4136066924801	8953.62921966498	-229.14836409513	-139.469068019541	1.57077548270484	818.267243865503	560.296371785069	511.162160972357	-0.185975462780537
1.41899999999995	-12988.5354226958	-174.094810363104	-218.962362202731	-1.63256905468283	8054.01673331678	-376.976568071416	-293.895691639349	1.27687979106549	4934.518689379	551.071378434524	545.590747272734	0.359615284492197
1.41999999999995	-13672.0875205595	-8.06802802344464E-09	-76.427457623266	-1.7089965123061	7397.46418254276	-487.90367901468	-435.685859052505	0.841193932012982	6274.62333801674	487.903679022748	516.126842009596	0.875742126501793
1.42099999999995	-12008.1521115603	174.094810347728	79.9256452649175	-1.62907086704118	4796.2185423352	-551.071378431163	-514.998043501892	0.32619588851109	7211.93356922505	376.976568083431	425.598787687237	1.30134091418903
1.42199999999995	-8082.17267101039	331.148007676852	227.551573988096	-1.40151929305308	-718.399933489959	-560.29637178676	-535.09735260397	-0.20890146409288	8800.57260450035	229.148364109901	285.707066209715	1.58704798039875
1.42299999999995	-4794.84609589303	455.786130770711	379.535238255609	-1.02198405479747	-6556.69253925127	-514.675652457514	-505.191622233366	-0.714093086326246	11351.5386351443	58.889521686793	124.383698425022	1.71143167882377
1.42399999999995	-2144.79382713961	535.808731736057	494.118572321065	-0.527865482476408	-10223.8209690131	-418.674894309597	-437.260874019028	-1.15135396034527	12368.6147961527	-117.133837426471	-33.6054822845102	1.67782619653926
1.42499999999995	-576.114068461698	563.382640840131	546.387778334618	0.0185222958582101	-11065.6464235352	-281.691320427144	-344.862909108242	-1.49621686945352	11641.7604919969	-281.691320412998	-203.053305099973	1.47477289143928
1.42599999999995	1772.50475717425	535.808731741115	547.185375932848	0.565707671791058	-11391.9426205841	-117.133837442479	-188.570235345341	-1.68478710479886	9619.43786340988	-418.674894298646	-339.983684966095	1.13478920647319
1.42699999999995	5518.10486993733	455.78613078035	482.624073893338	1.0483317456844	-10266.8305714215	58.8895216704847	-25.4217408867086	-1.71020884568557	4748.72570148418	-514.675652450844	-437.641427022642	0.697147779450547
1.42799999999995	9774.25697420001	331.148007690092	365.267469947108	1.4135992156315	-8953.33288280167	229.148364094949	139.452463776383	-1.57075638190918	-820.924091398344	-560.296371785048	-511.145093631396	0.186002685819151
1.42899999999995	12991.2632647253	174.094810363293	218.944748039177	1.63254396367068	-8055.06201205625	376.976568071269	293.890442139293	-1.27686593976989	-4936.20125266902	-551.071378434565	-545.610189677823	-0.359607503858672
1.42999999999995	13667.5391140962	8.26624102501228E-09	76.4400402742058	1.70898400394489	-7393.76552079644	487.903679014581	435.619626008383	-0.841246313761508	-6273.77359329978	-487.903679022848	-516.177979996845	-0.875785483855517
1.43099999999995	12006.2374788149	-174.094810347569	-79.9028855777215	1.62908111836716	-4796.66621680176	551.071378431128	515.062532589197	-0.326183781172311	-7209.57126201314	-376.976568083555	-425.570925577421	-1.30135640943294
1.43199999999995	8083.12641763537	-331.148007676666	-227.568203137432	1.40151291522973	712.876619766352	560.296371786783	535.133269554884	0.208949488382574	-8796.00303740172	-229.148364110111	-285.721174337834	-1.58707758377077
1.43299999999995	4789.77243631238	-455.786130770595	-379.469601990015	1.02204331323972	6558.18780304363	514.675652457594	505.17277845419	0.714122266836763	-11347.960239356	-58.8895216869902	-124.353400836759	-1.71143098460753
1.43399999999995	2133.9578817624	-535.808731735996	-494.1504947512	0.527892818488518	10229.7068931851	418.67489430973	437.158030695529	1.15128029753229	-12363.6647749475	117.133837426277	33.5219284806783	-1.67790905612685
1.43499999999995	574.595275417765	-563.382640840131	-546.439250796064	-0.018546432307546	11071.0266789905	281.691320427316	344.869765100455	1.49615006263275	-11645.6219544083	281.691320412827	203.116201142674	-1.47479285498418
1.43599999999995	-1770.49474591675	-535.808731741166	-547.171603793237	-0.565718036100783	11391.1621448606	117.133837442642	188.64582176811	1.68479588440086	-9620.66739894387	418.674894298535	340.004507589778	-1.1347883473944
1.43699999999995	-5519.65686079689	-455.786130780466	-482.575946480612	-1.04829398258139	10267.9947676053	-58.8895216702875	25.4342347051095	1.71023011910597	-4748.3379068084	514.675652450763	437.656313166252	-0.697132034228149
1.43799999999995	-9771.40978447147	-331.148007690253	-365.311150609337	-1.41360513319073	8955.39398007563	-229.148364094768	-139.473900875205	1.57075621823076	816.015804395842	560.296371785028	511.165476145557	-0.185966558082592
1.43899999999995	-12994.4074721301	-174.094810363481	-218.927825912107	-1.63253295910284	8059.78689835878	-376.976568071122	-293.931132191033	1.27682508603973	4934.62057377129	551.071378434607	545.568160655703	0.359601602573111
1.43999999999995	-13675.3039118777	-8.46442560487048E-09	-76.4420350305475	-1.70897499413339	7403.41601276089	-487.903679014482	-435.689057874844	0.841136028164884	6271.88789911676	487.903679022947	516.146387510366	0.875747990083477
1.44099999999995	-12004.8692033362	174.094810347381	79.9194853188891	-1.6290555088145	4790.22341853618	-551.071378431087	-514.884758108575	0.326251270056309	7214.64578480001	376.976568083702	425.599456082153	1.30134744616563
1.44199999999995	-8083.8614923322	331.148007676505	227.55249136843	-1.40150301744607	-718.343178634939	-560.296371786804	-535.166123196628	-0.208914853140319	8802.20467096714	229.148364110292	285.682176601004	1.58702962276663
1.44299999999995	-4785.4770854592	455.786130770478	379.433297961783	-1.02206971948428	-6562.36579262362	-514.675652457675	-505.181914782191	-0.714096767922509	11347.8428780828	58.8895216871874	124.390010322567	1.7114196330892
1.44399999999995	-2140.36672880179	535.808731735935	494.197285784213	-0.527872433700071	-10227.7944812408	-418.674894309863	-437.219933840706	-1.15131670176322	12368.1612100426	-117.133837426083	-33.5757529916598	1.67784388009754
1.44499999999995	-584.506483049746	563.382640840131	546.412047888987	0.0185396141889159	-11062.120948153	-281.691320427488	-344.970965224186	-1.4962876669874	11646.6274312027	-281.691320412655	-203.14834132955	1.47469553876799
1.44599999999995	1769.66300199746	535.808731741227	547.215092733221	0.565754706922137	-11388.2036337002	-117.133837442836	-188.510088692087	-1.68479775567949	9618.54063170273	-418.674894298402	-339.884104552611	1.13481143421538
1.44699999999995	5517.29307949788	455.786130780545	482.609902598522	1.04836460952066	-10264.4608931468	58.8895216701541	-25.416081023576	-1.71021383670306	4747.1678136489	-514.675652450709	-437.638446357441	0.69717298785794
1.44799999999995	9771.10101797209	331.148007690413	365.237402721787	1.41360201224245	-8953.77809997447	229.148364094587	139.424130853268	-1.5707897058498	-817.322917997615	-560.296371785007	-511.225076354108	0.185947911503832
1.44899999999995	12991.2284991242	174.09481036367	218.969698126321	1.63257171036877	-8049.01061932654	376.976568070974	293.891579229815	-1.27689812661998	-4942.21787979764	-551.071378434647	-545.502940270755	-0.359555028766923
1.44999999999995	13670.4807064359	8.66266702814755E-09	76.3899242216763	1.70896163459044	-7396.53111094354	487.903679014383	435.645775466211	-0.841252351153769	-6273.94959549232	-487.903679023046	-516.244611290598	-0.87579964005752
1.45099999999995	12009.4665052581	-174.094810347192	-79.8938524285187	1.62906778216192	-4799.16470194735	551.071378431045	515.074245798543	-0.326178105355226	-7210.30180331078	-376.976568083849	-425.554864215377	-1.3013545042729
1.45199999999995	8085.80978894446	-331.148007676397	-227.573530083588	1.40149425207834	714.019888364563	560.296371786818	535.102453097384	0.208924347742158	-8799.82967730902	-229.148364110415	-285.707656383465	-1.58706216065636
1.45299999999995	4793.33687986716	-455.786130770361	-379.489178438784	1.02200507363955	6556.61414846303	514.675652457755	505.177983763101	0.714102331505259	-11349.9510283302	-58.8895216873845	-124.37646953321	-1.71143863018957
1.45399999999995	2150.91231988729	-535.808731735873	-494.206416981438	0.527798656658114	10215.7893312145	418.674894309995	437.276735065825	1.15137906657108	-12366.7016511018	117.133837425889	33.5651588609813	-1.67787347132859
1.45499999999995	585.167230249009	-563.382640840131	-546.376716495901	-0.0185780598377871	11062.1310606956	281.691320427659	344.869686432715	1.4962487530038	-11647.2982909447	281.691320412483	203.135792428695	-1.4747376788999
1.45599999999995	-1766.60280202701	-535.808731741288	-547.19119323603	-0.565769253073817	11387.4767016257	117.13383744303	188.555282888014	1.68480403589181	-9620.8738995987	418.67489429827	339.935799315054	-1.13480187958484
1.45699999999995	-5520.26272645789	-455.786130780661	-482.526255491179	-1.048295508565	10266.7981407859	-58.8895216699569	25.4405147820724	1.71024455067388	-4746.535414328	514.675652450628	437.664255848181	-0.697137623736661
1.45799999999995	-9771.89647146516	-331.148007690573	-365.311183802127	-1.41360669236712	8953.62922256898	-229.148364094406	-139.469067926772	1.57077548274711	818.267248896176	560.296371784986	511.162161005332	-0.185975462731329
1.45899999999995	-12988.5354195161	-174.094810363858	-218.962362203877	-1.632569054571	8054.01672749003	-376.976568070827	-293.895691511109	1.276879791236	4934.51869202604	551.071378434689	545.590747356922	0.359615284625592
1.45999999999995	-13672.0875180866	-8.86088002971519E-09	-76.4274577617476	-1.70899651233275	7397.46418500599	-487.903679014284	-435.685859245993	0.841193931990011	6274.6233330806	487.903679023145	516.126841918424	0.875742126544016
1.46099999999995	-12008.1521062183	174.094810347004	79.9256451933048	-1.62907086713944	4796.21853050456	-551.071378431004	-514.998043457584	0.326195888532427	7211.93357571378	376.976568083997	425.598787562811	1.30134091410683
1.46199999999995	-8082.17267692896	331.148007676236	227.551574122504	-1.40151929301694	-718.399940379104	-560.296371786839	-535.097352569658	-0.208901464037231	8800.57261730806	229.148364110596	285.707066227259	1.58704798033409
1.46299999999995	-4794.84609415618	455.786130770283	379.535238189544	-1.02198405482739	-6556.69254550593	-514.67565245781	-505.191622251627	-0.714093086288858	11351.5386396621	58.8895216875179	124.383698458716	1.7114316787928
1.46399999999995	-2144.79383047108	535.808731735812	494.118572409799	-0.527865482417595	-10223.8209748882	-418.674894310128	-437.260873963287	-1.15135396025214	12368.6148053592	-117.133837425695	-33.6054822612548	1.67782619653155
1.46499999999995	-576.114078087949	563.382640840131	546.387778356449	0.0185222959388537	-11065.6464080352	-281.691320427831	-344.862909271053	-1.4962168695232	11641.7604861232	-281.691320412312	-203.053305024069	1.47477289150748
1.46599999999995	1772.50476710885	535.80873174135	547.185375669311	0.565707671608165	-11391.9426223642	-117.133837443224	-188.570235374153	-1.68478710489735	9619.43785525533	-418.674894298137	-339.983685084577	1.1347892064229
1.46699999999995	5518.10487809215	455.786130780778	482.62407398135	1.04833174558951	-10266.8305804964	58.8895216697598	-25.4217407576884	-1.71020884565504	4748.72570240425	-514.675652450547	-437.641426999185	0.697147779423716
1.46799999999995	9774.25697488849	331.148007690682	365.26747001094	1.41359921560045	-8953.33288480041	229.148364094284	139.452463749184	-1.57075638190585	-820.924090088087	-560.296371784972	-511.145093617307	0.18600268580641
1.46899999999995	12991.263264561	174.094810364047	218.944748003472	1.63254396360393	-8055.06200761713	376.97656807068	293.890442054586	-1.27686593985127	-4936.20125694382	-551.07137843473	-545.61018968286	-0.359607503876451
1.46999999999995	13667.5391102428	9.05907882042811E-09	76.4400403654883	1.70898400396942	-7393.76552191758	487.903679014184	435.619626108962	-0.841246313742307	-6273.77358832521	-487.903679023244	-516.177979991362	-0.875785483867813
1.47099999999995	12006.2374756787	-174.094810346815	-79.9028855514803	1.62908111841794	-4796.6662077448	551.071378430963	515.062532549881	-0.326183781192426	-7209.57126793388	-376.976568084144	-425.570925478525	-1.30135640934634
1.47199999999995	8083.12642699843	-331.148007676076	-227.568203312883	1.40151291510505	712.876622231088	560.296371786859	535.133269501107	0.208949488308681	-8796.00304922952	-229.148364110777	-285.721174390147	-1.58707758373648
1.47299999999995	4789.77243500309	-455.786130770166	-379.469601911454	1.0220433131936	6558.18780772157	514.67565245789	505.172778449175	0.714122266757857	-11347.9602427247	-58.889521687715	-124.353400878202	-1.71143098461469
1.47399999999995	2133.95787678868	-535.808731735751	-494.150494639536	0.527892818554063	10229.7069088179	418.674894310261	437.158030706688	1.15128029746454	-12363.6647856066	117.133837425501	33.521928616381	-1.67790905599831
1.47499999999995	574.595286493242	-563.382640840131	-546.439250864187	-0.0185464323101239	11071.0266686262	281.691320428002	344.869765305182	1.49615006276973	-11645.6219551195	281.69132041214	203.116201117156	-1.47479285488115
1.47599999999995	-1770.49475187026	-535.808731741411	-547.171603648602	-0.565718035958726	11391.162135959	117.133837443417	188.645821799256	1.68479588456898	-9620.6673840887	418.674894298004	340.004507520929	-1.13478834736022
1.47699999999995	-5519.65687262269	-455.786130780895	-482.575946556652	-1.04829398251538	10267.9947774056	-58.8895216695627	25.4342344669605	1.71023011903594	-4748.3379047829	514.675652450466	437.656313127456	-0.697132034232765
1.47799999999995	-9771.40979037326	-331.148007690868	-365.311150628875	-1.41360513314425	8955.39398202393	-229.148364094073	-139.473900810798	1.57075621822514	816.015808349329	560.296371784948	511.165476146957	-0.185966558085808
1.47899999999995	-12994.4074742249	-174.094810364205	-218.927825997562	-1.63253295914181	8059.78690467358	-376.976568070556	-293.931132282362	1.27682508594278	4934.62056955132	551.071378434765	545.568160646834	0.359601602561026
1.47999999999995	-13675.3038996225	-9.25729182199575E-09	-76.4420350943171	-1.70897499423613	7403.41600608567	-487.903679014086	-435.689057758085	0.841136028184698	6271.88789353679	487.903679023343	516.146387553739	0.875747990114765
1.48099999999995	-12004.8692010638	174.094810346627	79.9194853364558	-1.62905550889968	4790.22341616932	-551.071378430922	-514.88475817726	0.326251270007438	7214.6457848945	376.976568084291	425.599456004037	1.3013474461188
1.48199999999995	-8083.86150386129	331.148007675915	227.552491604971	-1.40150301729471	-718.343177997768	-560.29637178688	-535.166123069844	-0.208914853062406	8802.20468185906	229.148364110958	285.682176675098	1.5870296227939
1.48299999999995	-4785.47708574647	455.786130770031	379.433297828905	-1.0220697194658	-6562.36579806378	-514.675652457984	-505.181914804146	-0.714096767866552	11347.8428838103	58.889521687944	124.390010290895	1.7114196330848
1.48399999999995	-2140.36671898796	535.8087317357	494.197285692225	-0.527872433773575	-10227.7944865355	-418.674894310372	-437.219933863798	-1.15131670173035	12368.1612055235	-117.133837425339	-33.5757529489133	1.67784388013588
1.48499999999995	-584.506478224305	563.382640840131	546.412047936293	0.0185396141627181	-11062.1209556073	-281.691320428174	-344.970965189546	-1.4962876669199	11646.6274338316	-281.691320411968	-203.148341356339	1.47469553877954
1.48599999999995	1769.6629950052	535.808731741472	547.215092747375	0.565754706910093	-11388.2036245214	-117.133837443611	-188.510088863816	-1.68479775578371	9618.54062951623	-418.674894297872	-339.884104583897	1.13481143419565
1.48699999999995	5517.29308311601	455.78613078103	482.609902585422	1.04836460949552	-10264.4609012885	58.8895216693337	-25.4160808579418	-1.71021383664165	4747.1678181725	-514.675652450373	-437.638446346497	0.697172987849149
1.48799999999995	9771.10102295958	331.148007691029	365.237402687548	1.41360201218306	-8953.77810330687	229.148364093892	139.424130799906	-1.57078970584175	-817.322919652717	-560.296371784927	-511.225076338555	0.185947911510595
1.48899999999995	12991.2284985669	174.094810364394	218.969698227064	1.63257171041013	-8049.01062166379	376.976568070409	293.891579289094	-1.27689812655265	-4942.21787690309	-551.071378434806	-545.502940235401	-0.359555028724807
1.48999999999995	13670.4806975115	9.45556166698225E-09	76.3899242122552	1.70896163462238	-7396.53111320334	487.903679013987	435.645775399701	-0.841252351152952	-6273.94958430818	-487.903679023442	-516.244611414217	-0.875799640139024
1.49099999999995	12009.4665004257	-174.094810346438	-79.8938523857455	1.62906778223664	-4799.16469569249	551.071378430881	515.074245807709	-0.326178105345243	-7210.30180473322	-376.976568084439	-425.554864070962	-1.30135450420999
1.49199999999995	8085.80979414871	-331.148007675729	-227.573530223498	1.40149425201314	714.019894103295	560.296371786904	535.102453022483	0.20892434767724	-8799.829688252	-229.148364111168	-285.707656395243	-1.58706216060523
1.49299999999995	4793.33688154424	-455.786130769914	-379.489178408786	1.02200507360435	6556.61415324934	514.675652458065	505.177983775273	0.714102331452513	-11349.9510347936	-58.8895216881412	-124.37646955091	-1.71143863015614
1.49399999999995	2150.91232684855	-535.808731735638	-494.206417075125	0.527798656529229	10215.7893378988	418.674894310505	437.276734993497	1.15137906644601	-12366.7016647473	117.133837425145	33.5651588532517	-1.67787347130289
1.49499999999995	585.167226013185	-563.382640840131	-546.376716370679	-0.0185780598414497	11062.1310617545	281.691320428318	344.869686521261	1.49624875296727	-11647.2982877677	281.691320411824	203.135792374564	-1.47473767892832
1.49599999999995	-1766.60279981731	-535.808731741543	-547.191193215462	-0.565769253056911	11387.4766975739	117.133837443837	188.555282984445	1.68480403595172	-9620.87389775658	418.674894297718	339.935799383946	-1.13480187954438
1.49699999999995	-5520.26273167268	-455.786130781146	-482.526255483913	-1.04829550854082	10266.7981464515	-58.8895216691365	25.4405146784322	1.71024455063015	-4746.53541477883	514.675652450292	437.664255821179	-0.697137623723197
1.49799999999995	-9771.89647834762	-331.148007691189	-365.311183728025	-1.41360669226885	8953.62922506662	-229.148364093711	-139.469067846194	1.57077548278395	818.267253281002	560.296371784907	511.162161034101	-0.185975462689097
1.49899999999995	-12988.5354169166	-174.094810364582	-218.962362202497	-1.63256905447135	8054.01672249643	-376.976568070262	-293.895691398819	1.27687979138514	4934.51869442022	551.071378434847	545.59074743089	0.359615284741793
1.49999999999995	-13672.0875159037	-9.62170076945768E-09	-76.4274578836059	-1.70899651235495	7397.46418719805	-487.903679013904	-435.685859414045	0.84119393197109	6274.62332870568	487.903679023525	516.126841840309	0.875742126582101
1.50099999999995	-12008.1521015415	174.094810346219	79.9256451294528	-1.6290708672255	4796.21852005459	-551.071378430833	-514.998043418965	0.326195888552126	7211.93358148688	376.97656808461	425.598787451956	1.30134091403406
1.50199999999995	-8082.17268201694	331.148007675569	227.551574239237	-1.40151929298626	-718.399946448406	-560.296371786925	-535.097352540201	-0.208901463988075	8800.57262846534	229.148364111349	285.707066243363	1.58704798027742
1.50299999999995	-4794.84609260579	455.786130769798	379.535238131621	-1.02198405485464	-6556.69255095298	-514.675652458145	-505.191622268481	-0.714093086256556	11351.5386435588	58.8895216883383	124.383698487907	1.71143167876533
1.50399999999995	-2144.79383347599	535.808731735577	494.118572487939	-0.527865482366702	-10223.8209800788	-418.674894310637	-437.260873914326	-1.15135396017088	12368.6148135547	-117.133837424951	-33.6054822422545	1.67782619652307
1.50499999999995	-576.114086400268	563.382640840131	546.38777837538	0.0185222960086784	-11065.6463945957	-281.69132042849	-344.862909411968	-1.49621686958285	11641.7604809959	-281.691320411653	-203.053304955555	1.47477289156752
1.50599999999994	1772.50477577964	535.808731741605	547.18537544086	0.565707671449539	-11391.9426239181	-117.133837444031	-188.570235399053	-1.6847871049819	9619.43784813849	-418.674894297585	-339.983685186881	1.13478920638064
1.50699999999994	5518.10488519123	455.786130781263	482.624074057415	1.04833174550695	-10266.8305883297	58.8895216689394	-25.4217406466468	-1.71020884562855	4748.72570313842	-514.675652450212	-437.641426979116	0.697147779401521
1.50799999999994	9774.25697555169	331.148007691349	365.26747006582	1.41359921557277	-8953.33288651912	229.14836409353	139.452463725394	-1.57075638190316	-820.924089032569	-560.296371784886	-511.145093605184	0.186002685796337
1.50899999999994	12991.2632645823	174.09481036477	218.944747971891	1.63254396354467	-8055.06200384244	376.976568070114	293.890441981557	-1.2768659399216	-4936.20126073986	-551.071378434888	-545.610189687203	-0.359607503890865
1.50999999999994	13667.539107026	9.81995640358946E-09	76.4400404453667	1.70898400399003	-7393.76552283939	487.903679013804	435.619626195598	-0.841246313726001	-6273.77358418659	-487.903679023624	-516.177979985719	-0.875785483876585
1.51099999999994	12006.2374728814	-174.094810346092	-79.9028855280979	1.62908111846193	-4796.66619984212	551.071378430805	515.062532514848	-0.326183781211153	-7209.57127303933	-376.97656808471	-425.570925395037	-1.30135640927162
1.51199999999994	8083.12643508244	-331.148007675409	-227.568203464996	1.40151291499694	712.876624399701	560.296371786946	535.133269454776	0.208949488243623	-8796.00305948214	-229.14836411153	-285.721174435208	-1.58707758370683
1.51299999999994	4789.77243384955	-455.786130769681	-379.469601843084	1.02204331315385	6558.18781183512	514.675652458226	505.172778444954	0.714122266688576	-11347.9602456847	-58.8895216885354	-124.353400913634	-1.71143098462046
1.51399999999994	2133.95787246177	-535.808731735516	-494.150494541621	0.527892818612233	10229.7069224975	418.67489431077	437.158030717014	1.15128029740559	-12363.6647949593	117.133837424757	33.5219287355648	-1.6779090558849
1.51499999999994	574.595296159192	-563.382640840131	-546.439250924159	-0.0185464323119266	11071.026659577	281.691320428661	344.869765483607	1.4961500628892	-11645.6219557362	281.691320411481	203.11620109372	-1.47479285479118
1.51599999999994	-1770.49475722062	-535.808731741646	-547.171603521009	-0.565718035832936	11391.1621282222	117.133837444162	188.645821826741	1.68479588471594	-9620.66737100156	418.674894297495	340.004507460258	-1.13478834733092
1.51699999999994	-5519.65688293818	-455.786130781379	-482.57594662454	-1.04829398245748	10267.9947859334	-58.8895216687423	25.4342342590754	1.71023011897501	-4748.33790299524	514.675652450131	437.656313093705	-0.697132034237215
1.51799999999994	-9771.40979547712	-331.14800769151	-365.311150646812	-1.41360513310429	8955.39398368936	-229.148364093349	-139.473900755007	1.57075621822001	816.015811787762	560.296371784865	511.165476147812	-0.185966558089402
1.51899999999994	-12994.4074761944	-174.094810364959	-218.927826070088	-1.63253295917438	8059.7869102862	-376.976568069967	-293.931132362031	1.27682508585798	4934.62056590818	551.071378434929	545.568160639636	0.359601602550233
1.51999999999994	-13675.3038884176	-1.00181694051571E-08	-76.4420351535695	-1.70897499432795	7403.41600001593	-487.903679013706	-435.689057652926	0.841136028205051	6271.88788840168	487.903679023723	516.14638759456	0.875747990144793
1.52099999999994	-12004.8691991011	174.094810345903	79.9194853537419	-1.6290555089742	4790.22341403414	-551.071378430763	-514.884758239443	0.326251269965608	7214.64578506698	376.976568084857	425.599455932454	1.30134744607725
1.52199999999994	-8083.86151390694	331.148007675248	227.552491810968	-1.40150301716323	-718.343177472747	-560.296371786967	-535.166122959506	-0.208914852993899	8802.20469137969	229.148364111711	285.682176740243	1.58702962281749
1.52299999999994	-4785.4770859746	455.786130769565	379.433297712494	-1.02206971945074	-6562.36580279205	-514.675652458306	-505.181914824005	-0.714096767817904	11347.8428887666	58.8895216887325	124.390010263347	1.71141963308084
1.52399999999994	-2140.36671053119	535.808731735454	494.197285612287	-0.527872433838454	-10227.7944912341	-418.674894310902	-437.219933883837	-1.15131670170174	12368.1612017653	-117.133837424563	-33.5757529135363	1.6778438801673
1.52499999999994	-584.506473940921	563.382640840131	546.412047977483	0.0185396141390286	-11062.1209622316	-281.691320428833	-344.970965158012	-1.49628766685975	11646.6274361725	-281.691320411309	-203.148341377664	1.47469553878964
1.52599999999994	1769.6629888859	535.808731741707	547.215092761439	0.565754706900468	-11388.2036165094	-117.133837444356	-188.510089013443	-1.6847977558732	9618.54062762352	-418.674894297363	-339.884104609794	1.13481143417984
1.52699999999994	5517.29308626387	455.786130781459	482.6099025731	1.04836460947357	-10264.4609083415	58.8895216686089	-25.4160807147636	-1.71021383658796	4747.16782207759	-514.675652450076	-437.638446337392	0.697172987842451
1.52799999999994	9771.10102732321	331.14800769167	365.237402657402	1.41360201213097	-8953.77810618003	229.148364093168	139.424130753186	-1.57078970583477	-817.322921143181	-560.296371784844	-511.22507632511	0.185947911517341
1.52899999999994	12991.2284981979	174.094810365148	218.969698314231	1.6325717104452	-8049.01062381501	376.97656806982	293.891579341643	-1.27689812649313	-4942.21787438293	-551.071378434971	-545.502940204891	-0.35955502868755
1.52999999999994	13670.4806898107	1.02163824067247E-08	76.3899242042314	1.70896163464943	-7396.53111513051	487.903679013607	435.645775340698	-0.841252351152433	-6273.94957468024	-487.903679023822	-516.244611521206	-0.875799640208757
1.53099999999994	12009.4664961644	-174.094810345715	-79.8938523483312	1.6290677823011	-4799.16469019696	551.071378430722	515.074245814802	-0.326178105337632	-7210.30180596743	-376.976568085004	-425.554863946787	-1.30135450415554
1.53199999999994	8085.80979862149	-331.14800767514	-227.573530344723	1.40149425195638	714.01989915004	560.29637178698	535.102452957663	0.208924347620032	-8799.82969777153	-229.148364111834	-285.707656405205	-1.58706216056075
1.53299999999994	4793.33688297893	-455.786130769448	-379.489178382528	1.02200507357385	6556.61415749733	514.675652458388	505.177983785921	0.714102331405953	-11349.9510404763	-58.8895216889296	-124.376469565787	-1.71143863012654
1.53399999999994	2150.91233293982	-535.808731735393	-494.206417156559	0.527798656417292	10215.7893437837	418.674894311035	437.276734931104	1.15137906633706	-12366.7016767235	117.133837424369	33.5651588472237	-1.67787347127931
1.53499999999994	585.167222328404	-563.382640840131	-546.376716261743	-0.0185780598444509	11062.1310627127	281.691320429005	344.869686598269	1.49624875293533	-11647.2982850411	281.691320411138	203.135792326826	-1.47473767895249
1.53599999999994	-1766.6027980544	-535.808731741769	-547.191193196428	-0.565769253040879	11387.4766940966	117.133837444549	188.555283068455	1.68480403600378	-9620.87389604219	418.67489429723	339.935799442896	-1.13480187950959
1.53699999999994	-5520.26273623999	-455.786130781575	-482.526255478601	-1.04829550851948	10266.7981513578	-58.8895216684117	25.4405145886984	1.71024455059248	-4746.53541511783	514.675652449996	437.664255797794	-0.697137623711795
1.53799999999994	-9771.89648434557	-331.14800769183	-365.311183664108	-1.41360669218359	8953.6292272461	-229.148364092987	-139.469067776496	1.57077548281598	818.267257099472	560.296371784824	511.162161059068	-0.185975462652728
1.53899999999994	-12988.5354148195	-174.094810365336	-218.96236219927	-1.63256905438286	8054.01671825254	-376.976568069672	-293.895691300745	1.27687979151524	4934.51869656695	551.071378435012	545.590747495835	0.359615284843107
1.53999999999994	-13672.0875140035	-1.04146238300018E-08	-76.4274579906441	-1.7089965123735	7397.46418916907	-487.903679013507	-435.685859560014	0.841193931955225	6274.62332483439	487.903679023922	516.126841773215	0.875742126616322
1.54099999999994	-12008.1520974533	174.094810345526	79.9256450727905	-1.62907086730071	4796.21851081226	-551.071378430682	-514.998043384847	0.326195888570378	7211.93358664104	376.976568085152	425.598787353357	1.30134091396968
1.54199999999994	-8082.17268641977	331.148007674979	227.551574340503	-1.40151929296021	-718.399951801027	-560.296371787001	-535.097352515155	-0.208901463944777	8800.57263822079	229.148364112015	285.707066257847	1.58704798022752
1.54299999999994	-4794.84609123379	455.786130769351	379.535238080916	-1.02198405487929	-6556.69255568446	-514.675652458455	-505.191622283892	-0.714093086228669	11351.5386469182	58.8895216890951	124.383698513728	1.71143167874125
1.54399999999994	-2144.79383618112	535.808731735332	494.118572556682	-0.52786548232261	-10223.8209846544	-418.674894311167	-437.260873871274	-1.15135396009994	12368.6148208355	-117.133837424175	-33.605482226903	1.67782619651435
1.54499999999994	-576.1140936131	563.382640840131	546.387778391915	0.0185222960693052	-11065.6463829228	-281.691320429176	-344.862909534051	-1.49621686963399	11641.7604765359	-281.691320410966	-203.053304894236	1.47477289162011
1.54599999999994	1772.50478336676	535.80873174183	547.185375242372	0.565707671311677	-11391.9426252742	-117.133837444743	-188.570235420425	-1.68478710505442	9619.4378419074	-418.674894297097	-339.983685275152	1.13478920634496
1.54699999999994	5518.1048913967	455.78613078171	482.624074123046	1.04833174543472	-10266.8305950931	58.8895216681827	-25.4217405512238	-1.71020884560564	4748.72570369637	-514.675652449902	-437.641426961973	0.697147779382989
1.54799999999994	9774.25697618613	331.148007691965	365.267470113453	1.41359921554818	-8953.33288801496	229.148364092835	139.452463704897	-1.57075638190075	-820.924088171177	-560.296371784806	-511.145093594731	0.186002685788258
1.54899999999994	12991.2632647295	174.094810365524	218.944747944057	1.63254396349223	-8055.06200064527	376.976568069525	293.890441918715	-1.27686593998203	-4936.20126408422	-551.071378435053	-545.610189690928	-0.359607503902669
1.54999999999994	13667.5391043274	1.06128368315694E-08	76.440040515009	1.70898400400724	-7393.76552362326	487.903679013408	435.619626270258	-0.841246313711772	-6273.77358070418	-487.903679024021	-516.177979980314	-0.875785483882983
1.55099999999994	12006.2374703751	-174.094810345338	-79.902885507366	1.62908111849988	-4796.66619289999	551.07137843064	515.062532483251	-0.326183781228522	-7209.57127747511	-376.976568085299	-425.570925323968	-1.30135640920695
1.55199999999994	8083.12644204981	-331.148007674793	-227.568203596804	1.40151291490307	712.876626344928	560.296371787025	535.133269414914	0.208949488186392	-8796.00306839474	-229.148364112225	-285.721174474108	-1.58707758368106
1.55299999999994	4789.77243281861	-455.786130769234	-379.469601783559	1.02204331311951	6558.1878154701	514.675652458535	505.172778441483	0.714122266627875	-11347.9602482887	-58.8895216892921	-124.353400944166	-1.71143098462522
1.55399999999994	2133.95786869736	-535.808731735271	-494.150494455868	0.527892818663645	10229.7069344707	418.6748943113	437.158030726613	1.15128029735449	-12363.664803168	117.133837423982	33.5219288400927	-1.67790905578513
1.55499999999994	574.595304629689	-563.382640840131	-546.439250977092	-0.0185464323134477	11071.0266516697	281.691320429348	344.869765639209	1.4961500629937	-11645.6219562994	281.691320410794	203.116201072677	-1.47479285471246
1.55599999999994	-1770.49476204447	-535.808731741901	-547.171603408057	-0.565718035721505	11391.1621215126	117.133837444969	188.64582185077	1.68479588484447	-9620.66735946808	418.674894296943	340.004507406724	-1.13478834730573
1.55699999999994	-5519.65689198398	-455.786130781827	-482.575946684925	-1.04829398240643	10267.9947933933	-58.8895216679856	25.4342340774718	1.71023011892194	-4748.3379014093	514.675652449821	437.656313064304	-0.697132034241427
1.55799999999994	-9771.40979990741	-331.148007692125	-365.311150663421	-1.41360513306985	8955.3939851375	-229.148364092654	-139.473900706484	1.57075621821545	816.015814769911	560.296371784786	511.165476148377	-0.18596655809305
1.55899999999994	-12994.4074780371	-174.094810365683	-218.927826131942	-1.63253295920179	8059.78691527362	-376.976568069401	-293.931132431449	1.27682508578401	4934.62056276345	551.071378435088	545.568160633619	0.359601602540568
1.55999999999994	-13675.3038788551	-1.08110782548465E-08	-76.4420352042883	-1.70897499440608	7403.41599485963	-487.903679013309	-435.689057561149	0.841136028222857	6271.88788399551	487.90367902412	516.14638763027	0.875747990170839
1.56099999999994	-12004.8691973687	174.094810345119	79.9194853666298	-1.62905550903945	4790.22341210167	-551.071378430592	-514.884758292996	0.326251269929861	7214.64578526706	376.97656808547	425.599455869517	1.30134744604036
1.56199999999994	-8083.8615226112	331.148007674633	227.552491990315	-1.40150301704914	-718.34317707239	-560.296371787046	-535.166122863326	-0.208914852933465	8802.20469968359	229.148364112406	285.682176797428	1.58702962283778
1.56299999999994	-4785.47708615744	455.786130769117	379.433297610901	-1.02206971943824	-6562.36580688227	-514.675652458616	-505.181914842158	-0.714096767775623	11347.8428930397	58.8895216894893	124.390010239564	1.71141963307735
1.56399999999994	-2140.36670322478	535.808731735219	494.19728554261	-0.527872433895626	-10227.7944953777	-418.674894311411	-437.219933901337	-1.15131670167696	12368.1611986025	-117.133837423819	-33.5757528840552	1.67784388019329
1.56499999999994	-584.506470154744	563.382640840131	546.412048013533	0.0185396141179077	-11062.1209681113	-281.691320429548	-344.970965129318	-1.49628766680628	11646.627438266	-281.691320410595	-203.148341394824	1.47469553879847
1.56599999999994	1769.6629835168	535.808731741962	547.215092775048	0.565754706892955	-11388.2036094962	-117.133837445163	-188.510089144007	-1.68479775595028	9618.54062597943	-418.674894296811	-339.884104631234	1.13481143416723
1.56699999999994	5517.29308901686	455.786130781943	482.609902561324	1.04836460945428	-10264.4609144431	58.8895216677885	-25.4160805909465	-1.71021383654123	4747.16782542626	-514.675652449741	-437.63844632981	0.697172987837423
1.56799999999994	9771.10103116302	331.148007692285	365.237402631023	1.4136020120853	-8953.77810866774	229.148364092473	139.424130712452	-1.57078970582878	-817.322922495279	-560.296371784765	-511.22507631336	0.185947911524063
1.56899999999994	12991.2284979761	174.094810365871	218.969698389986	1.63257171047529	-8049.01062581589	376.976568069254	293.891579388332	-1.27689812644045	-4942.21787216024	-551.071378435129	-545.502940178738	-0.359555028654675
1.56999999999994	13670.4806831652	1.10413367337969E-08	76.3899241973922	1.70896163467268	-7396.53111678057	487.903679013194	435.645775287943	-0.841252351152503	-6273.9495663846	-487.903679024235	-516.24461161394	-0.875799640268615
1.57099999999994	12009.4664924187	-174.09481034493	-79.8938523156754	1.62906778235701	-4799.16468543154	551.071378430551	515.074245820663	-0.326178105331841	-7210.30180698719	-376.976568085617	-425.554863840214	-1.30135450410883
1.57199999999994	8085.80980244516	-331.148007674472	-227.573530449512	1.40149425190749	714.019903580793	560.296371787067	535.102452901294	0.208924347569453	-8799.82970602596	-229.148364112588	-285.707656413387	-1.58706216052222
1.57299999999994	4793.33688420997	-455.786130769001	-379.489178359599	1.02200507354789	6556.6141612618	514.675652458697	505.177983795309	0.714102331364763	-11349.9510454718	-58.8895216896864	-124.37646957804	-1.71143863010026
1.57399999999994	2150.91233824927	-535.808731735158	-494.206417227309	0.527798656320585	10215.7893489641	418.674894311543	437.276734877127	1.15137906624189	-12366.7016872134	117.133837423625	33.565158842157	-1.6778734712581
1.57499999999994	585.167219143217	-563.382640840131	-546.376716167155	-0.0185780598465695	11062.1310635774	281.691320429663	344.869686665438	1.49624875290733	-11647.2982827207	281.691320410479	203.135792284876	-1.47473767897322
1.57599999999994	-1766.60279658774	-535.808731742023	-547.1911931792	-0.565769253025769	11387.4766910768	117.133837445356	188.555283141875	1.6848040360492	-9620.87389448907	418.674894296678	339.935799493486	-1.13480187947974
1.57699999999994	-5520.26274019905	-455.78613078206	-482.526255474843	-1.04829550850061	10266.7981556013	-58.8895216675913	25.4405145105805	1.71024455055978	-4746.53541540224	514.67565244966	437.664255777416	-0.69713762370232
1.57799999999994	-9771.89648955565	-331.148007692446	-365.311183608507	-1.41360669210912	8953.62922910201	-229.148364092292	-139.469067715665	1.57077548284412	818.267260453649	560.296371784744	511.162161080624	-0.185975462621696
1.57899999999994	-12988.5354130808	-174.09481036606	-218.962362195341	-1.63256905430446	8054.01671459373	-376.976568069107	-293.895691215074	1.27687979162904	4934.51869848711	551.07137843517	545.590747552861	0.359615284931165
1.57999999999994	-13672.0875123277	-1.11754872023084E-08	-76.4274580845663	-1.70899651238903	7397.46419093092	-487.903679013127	-435.685859686919	0.841193931942125	6274.62332139674	487.903679024302	516.126841715781	0.875742126646946
1.58099999999994	-12008.1520938687	174.094810344742	79.9256450225265	-1.6290708673665	4796.21850267908	-551.07137843051	-514.998043355072	0.326195888587053	7211.93359118965	376.976568085764	425.598787265909	1.30134091391286
1.58199999999994	-8082.17269021111	331.148007674312	227.551574428455	-1.40151929293805	-718.399956517624	-560.296371787088	-535.09735249354	-0.208901463906487	8800.57264672873	229.148364112769	285.707066270775	1.58704798018363
1.58299999999994	-4794.84608999558	455.786130768884	379.535238036426	-1.02198405490162	-6556.69255980897	-514.675652458777	-505.191622297916	-0.714093086204403	11351.5386498045	58.8895216898834	124.38369853635	1.71143167871998
1.58399999999994	-2144.79383859904	535.808731735097	494.118572617139	-0.527865482284481	-10223.8209886965	-418.674894311676	-437.260873833544	-1.15135396003795	12368.6148272955	-117.133837423431	-33.6054822144043	1.67782619650558
1.58499999999994	-576.114099858804	563.382640840131	546.387778406361	0.0185222961218798	-11065.6463727891	-281.691320429835	-344.862909639959	-1.49621686967791	11641.7604726479	-281.691320410307	-203.053304839181	1.47477289166639
1.58599999999994	1772.50478998869	535.808731742085	547.185375069881	0.565707671191761	-11391.942626451	-117.13383744555	-188.570235439162	-1.68478710511707	9619.43783646229	-418.674894296545	-339.983685351599	1.1347892063148
1.58699999999994	5518.10489680178	455.786130782176	482.624074179977	1.04833174537174	-10266.8306009412	58.8895216673942	-25.4217404687884	-1.71020884558586	4748.72570413939	-514.67565244958	-437.641426947177	0.697147779367618
1.58799999999994	9774.25697676887	331.148007692606	365.267470154665	1.4135992155264	-8953.33288929252	229.14836409211	139.452463686952	-1.5707563818989	-820.924087476352	-560.296371784724	-511.145093585624	0.186002685781994
1.58899999999994	12991.263264963	174.094810366248	218.94474791954	1.63254396344594	-8055.06199793126	376.97656806896	293.890441864643	-1.27686594003426	-4936.20126703172	-551.071378435211	-545.610189694156	-0.359607503912162
1.58999999999994	13667.5391020648	1.13736575713119E-08	76.4400405758174	1.70898400402176	-7393.7655242836	487.903679013028	435.619626334559	-0.841246313699702	-6273.77357778123	-487.903679024401	-516.177979975186	-0.875785483887348
1.59099999999994	12006.2374681637	-174.094810344614	-79.9028854890054	1.62908111853275	-4796.66618683528	551.071378430481	515.062532455132	-0.32618378124457	-7209.57128132846	-376.976568085864	-425.570925263487	-1.30135640915084
1.59199999999994	8083.12644808576	-331.148007674152	-227.568203711124	1.40151291482163	712.876628055676	560.296371787108	535.13326938058	0.20894948813601	-8796.00307614144	-229.14836411295	-285.7211745077	-1.58707758365854
1.59299999999994	4789.77243189946	-455.786130768768	-379.46960173168	1.02204331308995	6558.18781866064	514.675652458858	505.172778438462	0.714122266574472	-11347.9602505601	-58.8895216900807	-124.353400970663	-1.7114309846292
1.59399999999994	2133.95786540362	-535.808731735036	-494.150494380636	0.527892818709315	10229.7069449547	418.674894311809	437.158030735339	1.15128029730981	-12363.6648103583	117.133837423237	33.521928931866	-1.67790905569733
1.59499999999994	574.595312030069	-563.382640840131	-546.439251023764	-0.0185464323144496	11071.0266447565	281.691320430007	344.86976577501	1.49615006308482	-11645.6219567865	281.691320410135	203.116201053605	-1.47479285464373
1.59599999999994	-1770.4947663479	-535.808731742126	-547.171603308579	-0.565718035623028	11391.1621156661	117.133837445681	188.645821871966	1.68479588495679	-9620.66734931816	418.674894296455	340.004507359611	-1.13478834728412
1.59699999999993	-5519.65689987762	-455.786130782293	-482.575946738559	-1.04829398236159	10267.9947998746	-58.889521667197	25.4342339190725	1.71023011887586	-4748.33789999695	514.675652449499	437.656313038626	-0.69713203424549
1.59799999999993	-9771.40980374922	-331.148007692767	-365.311150678502	-1.41360513304009	8955.39398638295	-229.148364091929	-139.473900664492	1.57075621821137	816.015817366269	560.296371784703	511.165476148695	-0.185966558096794
1.59899999999993	-12994.4074797286	-174.094810366437	-218.92782618464	-1.63253295922473	8059.78691966284	-376.976568068812	-293.931132491809	1.27682508571956	4934.62056006577	551.071378435253	545.568160628587	0.359601602531793
1.59999999999993	-13675.3038702558	-1.1571898994589E-08	-76.4420352504311	-1.70897499447516	7403.41599023183	-487.903679012928	-435.689057479417	0.841136028240142	6271.88788002394	487.9036790245	516.146387663092	0.875747990194885
1.60099999999993	-12004.8691958515	174.094810344426	79.9194853786374	-1.62905550909652	4790.22341036061	-551.071378430441	-514.884758340785	0.326251269899357	7214.64578549091	376.976568086012	425.599455812885	1.30134744600777
1.60199999999993	-8083.86153019002	331.148007673991	227.552492146571	-1.40150301694995	-718.343176737205	-560.296371787128	-535.166122779686	-0.208914852880328	8802.20470692722	229.148364113131	285.682176847707	1.58702962285548
1.60299999999993	-4785.47708630715	455.786130768651	379.433297522013	-1.02206971942794	-6562.36581043675	-514.675652458939	-505.181914858439	-0.714096767738767	11347.8428967439	58.8895216902778	124.390010218786	1.71141963307426
1.60399999999993	-2140.36669688669	535.808731734974	494.197285481769	-0.52787243394617	-10227.794499059	-418.674894311941	-437.219933916424	-1.15131670165519	12368.1611959457	-117.133837423043	-33.5757528594993	1.67784388021476
1.60499999999993	-584.506466803428	563.382640840131	546.412048045106	0.0185396140989361	-11062.1209733064	-281.691320430179	-344.970965103634	-1.49628766675883	11646.6274401098	-281.691320409964	-203.14834140852	1.47469553880624
1.60599999999993	1769.66297882652	535.808731742188	547.215092787941	0.565754706886877	-11388.2036033635	-117.133837445875	-188.510089257883	-1.68479775601671	9618.54062453694	-418.674894296323	-339.884104649026	1.13481143415722
1.60699999999993	5517.29309141052	455.78613078239	482.609902550512	1.04836460943739	-10264.4609197237	58.8895216670318	-25.4160804838637	-1.71021383650057	4747.1678283132	-514.675652449431	-437.638446323549	0.697172987833671
1.60799999999993	9771.10103451162	331.148007692927	365.237402607874	1.41360201204526	-8953.77811080366	229.148364091748	139.42413067684	-1.57078970582373	-817.322923707962	-560.296371784682	-511.225076303209	0.185947911530461
1.60899999999993	12991.228497848	174.094810366625	218.969698455629	1.63257171050089	-8049.01062761162	376.976568068665	293.8915794296	-1.27689812639413	-4942.2178702364	-551.071378435294	-545.502940156042	-0.35955502862558
1.60999999999993	13670.4806774216	1.17701546287208E-08	76.3899241915382	1.70896163469243	-7396.53111819901	487.903679012829	435.645775241467	-0.841252351152665	-6273.94955922258	-487.903679024599	-516.244611694417	-0.875799640319997
1.61099999999993	12009.4664891361	-174.094810344237	-79.8938522871533	1.62906778240528	-4799.16468125701	551.071378430399	515.074245825222	-0.326178105327443	-7210.30180787908	-376.976568086159	-425.554863748304	-1.3013545040683
1.61199999999993	8085.80980573767	-331.148007673857	-227.573530540286	1.40149425186499	714.019907486318	560.296371787146	535.102452852281	0.208924347524838	-8799.82971322399	-229.148364113283	-285.707656420339	-1.58706216048864
1.61299999999993	4793.33688527575	-455.786130768535	-379.489178339686	1.02200507352531	6556.61416458164	514.675652459019	505.177983803634	0.714102331328471	-11349.9510498574	-58.8895216904749	-124.376469588416	-1.71143863007706
1.61399999999993	2150.91234288148	-535.808731734913	-494.206417288759	0.527798656236547	10215.7893535182	418.674894312074	437.276734830358	1.15137906615883	-12366.7016963997	117.13383742285	33.5651588381101	-1.67787347123895
1.61499999999993	585.167216340969	-563.382640840131	-546.376716084695	-0.0185780598481481	11062.1310643563	281.69132043035	344.8696867239	1.49624875288273	-11647.2982806973	281.691320409792	203.135792247813	-1.47473767899113
1.61599999999993	-1766.60279539912	-535.808731742258	-547.191193163704	-0.565769253011853	11387.4766884724	117.133837446101	188.555283206022	1.68480403608875	-9620.87389307327	418.674894296169	339.935799537134	-1.134801879454
1.61699999999993	-5520.2627436925	-455.786130782507	-482.526255471996	-1.04829550848385	10266.7981593059	-58.8895216668346	25.4405144426673	1.71024455053142	-4746.53541561337	514.675652449351	437.66425575963	-0.697137623694368
1.61799999999993	-9771.89649409296	-331.148007693087	-365.311183560628	-1.41360669204448	8953.62923071894	-229.148364091567	-139.469067662679	1.57077548286874	818.267263374021	560.296371784662	511.162161099436	-0.185975462594932
1.61899999999993	-12988.5354116763	-174.094810366814	-218.96236219057	-1.63256905423505	8054.01671147565	-376.976568068518	-293.89569114023	1.27687979172851	4934.51870020065	551.071378435335	545.5907476029	0.359615285007968
1.61999999999993	-13672.087510872	-1.19683960519978E-08	-76.4274581671438	-1.70899651240219	7397.4641924928	-487.90367901273	-435.68585979725	0.841193931931259	6274.62331837919	487.903679024699	516.126841666115	0.875742126674083
1.62099999999993	-12008.1520907468	174.094810344018	79.9256449780688	-1.62907086742412	4796.21849551306	-551.071378430352	-514.998043328947	0.326195888602313	7211.93359523374	376.97656808633	425.598787188538	1.30134091386262
1.62199999999993	-8082.17269350462	331.148007673696	227.551574504912	-1.40151929291921	-718.399960656512	-560.296371787167	-535.097352474983	-0.20890146387267	8800.57265416114	229.148364113464	285.707066282541	1.58704798014516
1.62299999999993	-4794.84608892144	455.786130768437	379.535237997502	-1.02198405492171	-6556.69256339302	-514.675652459087	-505.191622310575	-0.714093086183246	11351.5386523145	58.8895216906403	124.383698556187	1.71143167870135
1.62399999999993	-2144.79384078027	535.808731734852	494.118572670185	-0.527865482251523	-10223.8209922445	-418.674894312207	-437.260873800531	-1.15135395998378	12368.6148330248	-117.133837422656	-33.6054822042537	1.6778261964971
1.62499999999993	-576.11410525476	563.382640840131	546.387778418655	0.0185222961671325	-11065.6463639925	-281.69132043055	-344.862909731729	-1.49621686971551	11641.7604692472	-281.691320409565	-203.053304789972	1.47477289170712
1.62599999999993	1772.50479577495	535.80873174232	547.185374920214	0.565707671087347	-11391.9426274802	-117.133837446295	-188.570235455294	-1.6847871051708	9619.43783170524	-418.674894296015	-339.983685417715	1.13478920628941
1.62699999999993	5518.10490152047	455.786130782624	482.624074229159	1.04833174531651	-10266.8306060106	58.8895216666375	-25.4217403978154	-1.71020884556862	4748.72570449011	-514.675652449257	-437.64142693456	0.697147779354848
1.62799999999993	9774.25697730905	331.148007693222	365.267470190494	1.413599215507	-8953.33289041652	229.148364091415	139.452463671357	-1.57075638189726	-820.924086892529	-560.296371784641	-511.145093577767	0.186002685777081
1.62899999999993	12991.2632652494	174.094810367002	218.944747897995	1.63254396340499	-8055.06199562623	376.976568068371	293.890441817753	-1.27686594007951	-4936.20126962316	-551.071378435376	-545.610189696932	-0.359607503919851
1.62999999999993	13667.5391001453	1.219856926582E-08	76.4400406290959	1.70898400403409	-7393.76552483077	487.903679012615	435.619626390036	-0.841246313689469	-6273.77357531457	-487.90367902483	-516.177979970293	-0.875785483890144
1.63099999999993	12006.2374661929	-174.09481034383	-79.9028854728363	1.62908111856125	-4796.66618153147	551.071378430311	515.06253243018	-0.326183781259289	-7209.57128466144	-376.976568086501	-425.570925211976	-1.30135640910212
1.63199999999993	8083.1264533026	-331.148007673536	-227.56820381035	1.4015129147509	712.876629565853	560.296371787188	535.133269350902	0.208949488091613	-8796.00308286845	-229.148364113674	-285.721174536859	-1.58707758363898
1.63299999999993	4789.77243109525	-455.786130768321	-379.469601686425	1.02204331306448	6558.18782147961	514.675652459168	505.17277843593	0.714122266527543	-11347.9602525749	-58.8895216908692	-124.353400993316	-1.7114309846323
1.63399999999993	2133.95786255328	-535.808731734781	-494.150494314859	0.527892818749621	10229.7069541172	418.674894312361	437.158030743382	1.15128029727093	-12363.6648166705	117.133837422399	33.521929012067	-1.67790905562023
1.63499999999993	574.5953185008	-563.382640840131	-546.439251064596	-0.0185464323149752	11071.0266387182	281.691320430721	344.8697658935	1.49615006316443	-11645.621957219	281.691320409393	203.116201036539	-1.47479285458369
1.63599999999993	-1770.4947701941	-535.808731742381	-547.171603220911	-0.565718035535886	11391.1621105892	117.133837446488	188.645821890473	1.6847958850549	-9620.66734039514	418.674894295882	340.004507318133	-1.13478834726556
1.63699999999993	-5519.65690677765	-455.78613078274	-482.575946786183	-1.04829398232207	10267.9948055442	-58.8895216664722	25.4342337807021	1.7102301188356	-4748.33789876655	514.675652449176	437.656313016285	-0.69713203424927
1.63799999999993	-9771.40980707587	-331.148007693382	-365.311150692252	-1.41360513301432	8955.3939874412	-229.148364091264	-139.473900627736	1.57075621820786	816.015819634674	560.29637178462	511.165476148652	-0.185966558100618
1.63899999999993	-12994.4074812762	-174.09481036716	-218.927826229783	-1.6325329592441	8059.7869235466	-376.976568068271	-293.931132544574	1.27682508566329	4934.62055772955	551.071378435418	545.568160624449	0.35960160252383
1.63999999999993	-13675.3038626062	-1.2396810689097E-08	-76.4420352917192	-1.70897499453582	7403.41598613334	-487.903679012532	-435.689057406921	0.841136028256369	6271.88787647282	487.903679024929	516.146387692875	0.875747990216705
1.64099999999993	-12004.8691945348	174.094810343641	79.9194853894494	-1.62905550914637	4790.22340881579	-551.071378430276	-514.884758383279	0.32625126987309	7214.64578571897	376.976568086648	425.599455762168	1.30134744597887
1.64199999999993	-8083.86153677933	331.148007673376	227.552492282628	-1.40150301686375	-718.343176477907	-560.296371787205	-535.166122706635	-0.208914852833545	8802.20471325724	229.148364113855	285.682176891838	1.58702962287071
1.64299999999993	-4785.47708640431	455.786130768204	379.433297444121	-1.02206971941963	-6562.36581354044	-514.675652459235	-505.18191487302	-0.714096767706564	11347.8428999447	58.8895216910664	124.390010200932	1.71141963307164
1.64399999999993	-2140.36669140825	535.808731734739	494.197285428983	-0.527872433990642	-10227.7945023052	-418.67489431243	-437.219933929629	-1.15131670163619	12368.1611937134	-117.133837422268	-33.5757528388463	1.6778438802328
1.64499999999993	-584.506463852848	563.382640840131	546.412048072566	0.0185396140819244	-11062.120977903	-281.691320430865	-344.970965080601	-1.49628766671679	11646.6274417559	-281.691320409222	-203.148341419702	1.47469553881309
1.64599999999993	1769.66297470921	535.808731742442	547.215092799996	0.565754706881921	-11388.2035980101	-117.133837446651	-188.510089357196	-1.68479775607399	9618.54062330088	-418.67489429575	-339.884104663942	1.13481143414915
1.64699999999993	5517.29309348427	455.786130782857	482.609902540606	1.04836460942253	-10264.460924291	58.8895216662751	-25.4160803912085	-1.7102138364652	4747.16783080675	-514.675652449096	-437.638446318166	0.697172987830985
1.64799999999993	9771.1010374562	331.148007693543	365.237402587481	1.41360201201001	-8953.77811265562	229.148364091082	139.42413064576	-1.57078970581944	-817.322924800582	-560.296371784599	-511.225076294287	0.185947911536698
1.64899999999993	12991.2284977979	174.094810367349	218.969698512739	1.63257171052275	-8049.01062925833	376.976568068123	293.89157946607	-1.27689812635337	-4942.21786853958	-551.071378435459	-545.502940136617	-0.359555028599919
1.64999999999993	13670.4806724449	1.25950947449383E-08	76.3899241866735	1.70896163470942	-7396.53111940287	487.903679012433	435.645775200151	-0.841252351153219	-6273.94955304204	-487.903679025028	-516.244611764112	-0.875799640364031
1.65099999999993	12009.4664862322	-174.094810343452	-79.8938522621424	1.62906778244728	-4799.1646776055	551.071378430234	515.074245828855	-0.326178105324364	-7210.30180862675	-376.976568086796	-425.554863669297	-1.30135450403333
1.65199999999993	8085.80980857372	-331.148007673215	-227.5735306191	1.40149425182818	714.019910901087	560.296371787226	535.102452809822	0.208924347485458	-8799.82971947481	-229.148364114036	-285.707656426216	-1.58706216045954
1.65299999999993	4793.33688619388	-455.786130768088	-379.489178322148	1.02200507350603	6556.61416752259	514.675652459316	505.177983810878	0.714102331296336	-11349.9510537165	-58.8895216912634	-124.376469597048	-1.71143863005659
1.65399999999993	2150.91234691283	-535.808731734678	-494.206417342055	0.527798656163976	10215.789357532	418.674894312562	437.276734789881	1.15137906608622	-12366.7017044449	117.133837422074	33.5651588346451	-1.67787347122195
1.65499999999993	585.167213920746	-563.382640840131	-546.376716013059	-0.0185780598490835	11062.1310650626	281.691320430982	344.869686774932	1.49624875286115	-11647.2982789834	281.691320409106	203.13579221541	-1.47473767900654
1.65599999999993	-1766.60279441631	-535.808731742503	-547.191193149708	-0.565769252998792	11387.4766862246	117.133837446845	188.555283262031	1.68480403612318	-9620.87389180825	418.674894295617	339.935799574564	-1.13480187943197
1.65699999999993	-5520.26274672413	-455.786130782973	-482.526255470114	-1.04829550846891	10266.798162523	-58.8895216660779	25.4405143836312	1.71024455050681	-4746.53541579889	514.675652449015	437.664255744128	-0.697137623687843
1.65799999999993	-9771.89649803173	-331.148007693703	-365.311183519071	-1.41360669198798	8953.62923211614	-229.148364090901	-139.469067616498	1.57077548289031	818.267265915584	560.296371784579	511.162161115734	-0.185975462572109
1.65899999999993	-12988.5354105081	-174.094810367537	-218.962362185644	-1.63256905417362	8054.01670877876	-376.976568067976	-293.895691074777	1.27687979181554	4934.51870172937	551.0713784355	545.590747646639	0.359615285074529
1.65999999999993	-13672.0875095857	-1.27291883700309E-08	-76.4274582395974	-1.70899651241322	7397.46419387107	-487.903679012366	-435.685859893164	0.841193931922372	6274.62331571461	487.903679025095	516.126841623497	0.875742126698026
1.66099999999993	-12008.152088023	174.094810343264	79.9256449388106	-1.62907086747441	4796.21848922724	-551.071378430193	-514.998043306199	0.326195888616173	7211.93359879571	376.976568086943	425.598787120321	1.30134091381835
1.66199999999993	-8082.17269635443	331.148007673055	227.551574571242	-1.40151929290317	-718.399964290626	-560.296371787247	-535.097352458975	-0.208901463842802	8800.57266064505	229.148364114217	285.707066293001	1.58704798011135
1.66299999999993	-4794.84608796973	455.786130767971	379.535237963321	-1.02198405493984	-6556.69256652347	-514.675652459396	-505.191622321952	-0.714093086164754	11351.5386544932	58.8895216914607	124.383698573493	1.71143167868484
1.66399999999993	-2144.79384270219	535.808731734616	494.118572716666	-0.527865482223178	-10223.8209953809	-418.674894312695	-437.260873771485	-1.15135395993624	12368.6148380831	-117.13383742188	-33.6054821957115	1.67782619648913
1.66499999999993	-576.114109948829	563.382640840131	546.387778429504	0.0185222962063256	-11065.6463563465	-281.691320431153	-344.862909811598	-1.49621686974784	11641.7604662953	-281.691320408934	-203.053304746224	1.47477289174291
1.66599999999993	1772.50480080616	535.808731742565	547.185374790095	0.565707670996421	-11391.9426283761	-117.133837447039	-188.570235469453	-1.68478710521729	9619.43782756993	-418.674894295484	-339.983685475018	1.13478920626789
1.66699999999993	5518.10490561417	455.786130783089	482.624074271847	1.04833174526827	-10266.8306103875	58.8895216658808	-25.4217403365682	-1.71020884555386	4748.72570477337	-514.675652448935	-437.641426923583	0.697147779344306
1.66799999999993	9774.25697779731	331.148007693863	365.267470221503	1.41359921548977	-8953.33289138024	229.14836409072	139.452463657896	-1.57075638189596	-820.924086417076	-560.296371784558	-511.145093570822	0.186002685773483
1.66899999999993	12991.263265556	174.094810367726	218.944747879119	1.63254396336889	-8055.0619936465	376.976568067829	293.890441777196	-1.27686594011877	-4936.20127190952	-551.071378435541	-545.610189699307	-0.359607503925824
1.66999999999993	13667.5390985242	1.29274013715985E-08	76.4400406755805	1.70898400404447	-7393.7655252948	487.903679012267	435.619626437918	-0.841246313680848	-6273.77357322936	-487.903679025194	-516.17797996596	-0.875785483891784
1.67099999999993	12006.2374644528	-174.094810343136	-79.9028854583563	1.62908111858611	-4796.66617690507	551.071378430166	515.062532408114	-0.326183781272734	-7209.57128754773	-376.976568087043	-425.570925168038	-1.30135640905982
1.67199999999993	8083.12645782462	-331.148007672895	-227.568203896482	1.40151291468963	712.876630891271	560.296371787267	535.133269325226	0.208949488052493	-8796.00308871589	-229.148364114398	-285.721174562086	-1.58707758362191
1.67299999999993	4789.77243039279	-455.786130767855	-379.469601647006	1.02204331304263	6558.1878239477	514.675652459477	505.172778433766	0.714122266486259	-11347.9602543405	-58.8895216916577	-124.353401012923	-1.71143098463483
1.67399999999993	2133.95786006769	-535.808731734555	-494.150494257211	0.527892818785414	10229.7069621336	418.674894312827	437.158030750579	1.15128029723684	-12363.6648222013	117.133837421686	33.5219290823132	-1.67790905555252
1.67499999999993	574.595324157918	-563.382640840131	-546.43925110056	-0.0185464323151458	11071.0266334573	281.691320431325	344.869765996808	1.49615006323365	-11645.6219576152	281.691320408762	203.116201021144	-1.47479285453137
1.67599999999993	-1770.49477361226	-535.808731742606	-547.17160314374	-0.565718035458886	11391.1621061818	117.13383744717	188.645821906928	1.68479588514057	-9620.66733256949	418.674894295394	340.004507281636	-1.13478834724974
1.67699999999993	-5519.65691280193	-455.786130783206	-482.575946828335	-1.04829398228722	10267.9948104824	-58.8895216656836	25.4342336601012	1.71023011880067	-4748.33789768051	514.675652448854	437.656312996731	-0.697132034253006
1.67799999999993	-9771.40980995413	-331.148007694024	-365.311150704759	-1.41360513299198	8955.39398836117	-229.148364090539	-139.473900595828	1.57075621820485	816.015821592956	560.296371784537	511.165476148556	-0.18596655810445
1.67899999999993	-12994.4074826733	-174.094810367914	-218.927826268488	-1.63253295926047	8059.78692697677	-376.976568067682	-293.931132590492	1.27682508561435	4934.62055569648	551.071378435582	545.568160620984	0.359601602516535
1.67999999999993	-13675.303855794	-1.3125671216585E-08	-76.4420353288819	-1.70897499458935	7403.41598250152	-487.903679012168	-435.689057342576	0.841136028271779	6271.88787329249	487.903679025293	516.146387719808	0.875747990236343
1.68099999999993	-12004.8691934008	174.094810342948	79.9194853992045	-1.62905550919015	4790.22340744958	-551.071378430124	-514.884758420913	0.326251269850865	7214.64578595122	376.97656808719	425.599455716889	1.30134744595323
1.68199999999993	-8083.86154254285	331.148007672734	227.552492401207	-1.40150301678894	-718.34317624473	-560.296371787288	-535.166122643098	-0.208914852792232	8802.20471878758	229.14836411458	285.682176930514	1.58702962288375
1.68299999999993	-4785.47708650911	455.786130767738	379.433297376054	-1.02206971941288	-6562.36581621516	-514.675652459558	-505.181914886037	-0.714096767678269	11347.8429027243	58.8895216918549	124.39001018547	1.71141963306922
1.68399999999993	-2140.36668666533	535.808731734494	494.197285382678	-0.527872434030206	-10227.7945051562	-418.67489431296	-437.219933941215	-1.15131670161948	12368.1611918215	-117.133837421492	-33.5757528215364	1.67784388024768
1.68499999999993	-584.506461262601	563.382640840131	546.412048096761	0.018539614066555	-11062.1209819487	-281.691320431496	-344.970965059929	-1.49628766667941	11646.6274432113	-281.691320408591	-203.148341428521	1.47469553881916
1.68599999999993	1769.66297110861	535.808731742668	547.215092811072	0.565754706877627	-11388.2035933254	-117.133837447364	-188.510089444023	-1.68479775612344	9618.54062221675	-418.674894295262	-339.884104676281	1.13481143414288
1.68699999999993	5517.29309529127	455.786130783285	482.609902531668	1.0483646094093	-10264.4609282647	58.8895216655502	-25.4160803107926	-1.71021383643423	4747.16783297341	-514.675652448799	-437.638446313708	0.69717298782917
1.68799999999992	9771.10104002422	331.148007694184	365.237402569793	1.41360201197909	-8953.77811426017	229.148364090358	139.424130618553	-1.57078970581568	-817.322925764056	-560.296371784517	-511.225076286429	0.18594791154274
1.68899999999992	12991.228497799	174.094810368103	218.96969856235	1.63257171054144	-8049.01063073815	376.976568067534	293.891579498142	-1.27689812631753	-4942.21786706089	-551.071378435624	-545.502940119725	-0.359555028576985
1.68999999999992	13670.4806681344	1.33239126398621E-08	76.3899241825146	1.70896163472395	-7396.53112043322	487.903679012068	435.645775163482	-0.841252351154051	-6273.94954770121	-487.903679025393	-516.244611824737	-0.875799640401722
1.69099999999992	12009.4664836888	-174.094810342759	-79.8938522402686	1.62906778248368	-4799.16467442109	551.071378430083	515.074245831811	-0.32617810532224	-7210.3018092677	-376.976568087337	-425.554863601111	-1.30135450400283
1.69199999999992	8085.80981102734	-331.148007672625	-227.57353068742	1.40149425179626	714.019913895161	560.296371787302	535.10245277294	0.2089243474507	-8799.8297249225	-229.148364114702	-285.707656431102	-1.58706216043393
1.69299999999992	4793.33688698625	-455.786130767622	-379.489178306814	1.02200507348945	6556.61417010726	514.675652459638	505.177983817233	0.714102331267933	-11349.9510570935	-58.889521692052	-124.376469604511	-1.71143863003845
1.69399999999992	2150.91235042116	-535.808731734433	-494.206417388356	0.527798656101094	10215.7893610555	418.674894313093	437.276734754748	1.15137906602268	-12366.7017114766	117.133837421298	33.5651588317083	-1.67787347120674
1.69499999999992	585.167211802865	-563.382640840131	-546.376715950743	-0.0185780598496497	11062.1310656874	281.691320431668	344.869686819475	1.49624875284216	-11647.2982774902	281.691320408419	203.135792186796	-1.47473767901994
1.69599999999992	-1766.60279362089	-535.808731742729	-547.191193137149	-0.565769252986799	11387.4766842871	117.133837447558	188.555283310902	1.68480403615306	-9620.87389066625	418.674894295129	339.935799606884	-1.13480187941306
1.69699999999992	-5520.26274938646	-455.786130783401	-482.526255468833	-1.04829550845563	10266.798165325	-58.8895216653531	25.4405143323853	1.71024455048544	-4746.5354159385	514.675652448719	437.66425573061	-0.697137623682446
1.69799999999992	-9771.89650146858	-331.148007694344	-365.311183483193	-1.41360669193882	8953.62923332676	-229.148364090177	-139.469067576261	1.57077548290918	818.267268141824	560.296371784496	511.162161129811	-0.185975462552636
1.69899999999992	-12988.5354095574	-174.094810368291	-218.962362180632	-1.63256905411946	8054.01670646873	-376.976568067387	-293.895691017505	1.27687979189168	4934.51870308867	551.071378435665	545.590747685066	0.359615285132431
1.69999999999992	-13672.0875084606	-1.35221256414297E-08	-76.4274583031745	-1.70899651242263	7397.46419509818	-487.90367901197	-435.68585997663	0.841193931915047	6274.6233133624	487.903679025492	516.126841586738	0.875742126719168
1.70099999999992	-12008.152085641	174.094810342571	79.9256449041372	-1.62907086751849	4796.21848367378	-551.071378430042	-514.998043286022	0.326195888629025	7211.93360196718	376.976568087485	425.598787059911	1.30134091377908
1.70199999999992	-8082.17269883192	331.148007672465	227.551574628971	-1.40151929288952	-718.399967477502	-560.296371787323	-535.097352445355	-0.20890146381633	8800.57266630942	229.148364114883	285.707066302512	1.58704798008159
1.70299999999992	-4794.84608712502	455.786130767543	379.535237933287	-1.02198405495624	-6556.6925692418	-514.675652459693	-505.191622332207	-0.714093086148537	11351.5386563668	58.8895216921854	124.38369858879	1.71143167867038
1.70399999999992	-2144.79384442005	535.808731734372	494.118572757502	-0.527865482198735	-10223.8209981271	-418.674894313225	-437.260873746106	-1.15135395989464	12368.6148425471	-117.133837421105	-33.6054821886842	1.6778261964817
1.70499999999992	-576.114114018238	563.382640840131	546.387778438888	0.0185222962401534	-11065.6463496881	-281.69132043184	-344.862909880938	-1.49621686977558	11641.7604637064	-281.691320408247	-203.05330470732	1.47477289177438
1.70599999999992	1772.50480522797	535.80873174279	547.185374676744	0.565707670916897	-11391.9426291548	-117.133837447752	-188.570235481714	-1.68478710525729	9619.43782392683	-418.674894294997	-339.983685524654	1.13478920624972
1.70699999999992	5518.10490918758	455.786130783518	482.624074309192	1.04833174522609	-10266.8306141799	58.8895216651559	-25.4217402835526	-1.71020884554085	4748.72570499231	-514.675652448638	-437.641426914115	0.697147779335608
1.70799999999992	9774.25697823637	331.148007694505	365.267470248444	1.41359921547453	-8953.33289221157	229.148364089996	139.452463645971	-1.57075638189488	-820.924086024804	-560.296371784475	-511.145093564894	0.186002685770713
1.70899999999992	12991.2632658647	174.09481036848	218.944747862499	1.63254396333703	-8055.06199194394	376.97656806724	293.890441742037	-1.27686594015284	-4936.2012739208	-551.071378435706	-545.610189701369	-0.359607503930655
1.70999999999992	13667.5390971462	1.37203528538521E-08	76.4400407161916	1.70898400405322	-7393.76552567886	487.90367901187	435.619626479406	-0.841246313673433	-6273.7735714673	-487.903679025591	-516.177979961862	-0.875785483892517
1.71099999999992	12006.2374629016	-174.094810342382	-79.9028854456911	1.62908111860753	-4796.66617282244	551.071378430001	515.062532388289	-0.326183781285144	-7209.57129007917	-376.976568087632	-425.570925130357	-1.30135640902287
1.71199999999992	8083.12646173186	-331.148007672305	-227.568203971238	1.40151291463629	712.876632079023	560.296371787343	535.133269303149	0.208949488018005	-8796.00309381089	-229.148364115064	-285.721174584052	-1.58707758360693
1.71299999999992	4789.77242976302	-455.786130767388	-379.469601612578	1.02204331302372	6558.18782611442	514.675652459799	505.172778432115	0.71412226645012	-11347.9602558774	-58.8895216924463	-124.353401030021	-1.71143098463695
1.71399999999992	2133.9578578889	-535.80873173431	-494.150494206719	0.527892818816996	10229.7069691569	418.674894313358	437.158030756998	1.15128029720712	-12363.6648270458	117.133837420911	33.5219291438358	-1.67790905549311
1.71499999999992	574.595329089732	-563.382640840131	-546.439251132027	-0.0185464323150311	11071.026628849	281.691320432011	344.869766087203	1.49615006329432	-11645.6219579388	281.691320408076	203.116201007413	-1.4747928544857
1.71599999999992	-1770.49477665205	-535.808731742852	-547.171603075969	-0.565718035391001	11391.1621023412	117.133837447946	188.64582192122	1.68479588521554	-9620.66732568918	418.674894294864	340.004507249668	-1.13478834723603
1.71699999999992	-5519.65691807402	-455.786130783672	-482.575946865653	-1.04829398225665	10267.9948147963	-58.8895216648951	25.4342335546431	1.71023011877018	-4748.33789672225	514.675652448532	437.656312979634	-0.697132034256396
1.71799999999992	-9771.40981247475	-331.148007694665	-365.31115071592	-1.41360513297257	8955.39398916769	-229.148364089815	-139.473900568023	1.57075621820216	816.015823307068	560.296371784454	511.165476148338	-0.185966558108057
1.71899999999992	-12994.4074839463	-174.094810368668	-218.927826301808	-1.63253295927438	8059.78692999696	-376.976568067092	-293.931132630387	1.27682508557177	4934.62055394939	551.071378435747	545.568160618062	0.359601602510005
1.71999999999992	-13675.3038497134	-1.39184948011462E-08	-76.4420353623243	-1.70897499463671	7403.41597927154	-487.903679011771	-435.689057285657	0.841136028286116	6271.88787044191	487.90367902569	516.146387744194	0.875747990254199
1.72099999999992	-12004.869192423	174.094810342194	79.9194854084169	-1.62905550922829	4790.22340623947	-551.07137842996	-514.88475845427	0.326251269831847	7214.64578618356	376.976568087779	425.599455676435	1.30134744593063
1.72199999999992	-8083.86154754276	331.148007672093	227.552492504351	-1.40150301672394	-718.343176073814	-560.296371787371	-535.16612258757	-0.208914852755724	8802.20472361658	229.148364115304	285.682176964437	1.58702962289507
1.72299999999992	-4785.47708658505	455.786130767272	379.433297316491	-1.02206971940745	-6562.36581854921	-514.67565245988	-505.181914897796	-0.71409676765352	11347.8429051343	58.8895216926434	124.39001017203	1.7114196330671
1.72399999999992	-2140.36668255087	535.808731734249	494.197285342405	-0.527872434065043	-10227.7945076675	-418.674894313491	-437.219933951306	-1.15131670160483	12368.1611902183	-117.133837420717	-33.5757528068266	1.67784388026027
1.72499999999992	-584.506458974811	563.382640840131	546.412048117748	0.0185396140527055	-11062.1209855207	-281.691320432183	-344.970965041608	-1.49628766664643	11646.6274444955	-281.691320407904	-203.148341435688	1.47469553882459
1.72599999999992	1769.66296796095	535.808731742932	547.2150928213	0.565754706874005	-11388.2035892372	-117.133837448202	-188.510089519674	-1.68479775616611	9618.54062127622	-418.674894294688	-339.884104686657	1.13481143413793
1.72699999999992	5517.29309687456	455.786130783789	482.609902523492	1.0483646093975	-10264.4609317078	58.889521664698	-25.4160802411318	-1.71021383640724	4747.16783483322	-514.675652448451	-437.638446309873	0.697172987828056
1.72799999999992	9771.10104226504	331.148007694826	365.237402554361	1.41360201195186	-8953.77811564116	229.148364089634	139.424130594624	-1.57078970581262	-817.322926623886	-560.296371784433	-511.225076279724	0.185947911548332
1.72899999999992	12991.2284978253	174.094810368857	218.969698605661	1.63257171055752	-8049.01063206279	376.976568066945	293.891579526489	-1.27689812628613	-4942.21786576248	-551.071378435789	-545.502940105066	-0.359555028556734
1.72999999999992	13670.4806644141	1.41167220135685E-08	76.3899241788635	1.70896163473638	-7396.5311213374	487.903679011672	435.645775131249	-0.841252351154877	-6273.94954307672	-487.903679025789	-516.244611877383	-0.875799640434117
1.73099999999992	12009.46648146	-174.094810341944	-79.8938522210617	1.62906778251532	-4799.16467164034	551.071378429905	515.074245834087	-0.32617810532079	-7210.30180981968	-376.976568087974	-425.554863542152	-1.30135450397627
1.73199999999992	8085.80981312858	-331.148007671932	-227.573530746659	1.40149425176866	714.019916536509	560.296371787392	535.102452740712	0.208924347419922	-8799.82972966509	-229.148364115485	-285.707656435284	-1.58706216041155
1.73299999999992	4793.33688765878	-455.786130767156	-379.48917829344	1.02200507347522	6556.61417238436	514.675652459961	505.177983822881	0.714102331242803	-11349.9510600431	-58.8895216928406	-124.376469610988	-1.71143863002254
1.73399999999992	2150.912353493	-535.808731734188	-494.206417428727	0.527798656046494	10215.7893641532	418.674894313623	437.276734724307	1.15137906596711	-12366.7017176462	117.133837420523	33.5651588294323	-1.67787347119311
1.73499999999992	585.167209948443	-563.382640840131	-546.376715896307	-0.0185780598498131	11062.1310662589	281.691320432355	344.869686858317	1.49624875282543	-11647.2982762074	281.691320407732	203.135792161586	-1.47473767903152
1.73599999999992	-1766.60279295606	-535.808731742994	-547.191193126041	-0.565769252975854	11387.4766826018	117.133837448396	188.555283353704	1.68480403617913	-9620.87388964578	418.674894294556	339.935799634768	-1.13480187939675
1.73699999999992	-5520.26275170839	-455.786130783905	-482.526255467939	-1.04829550844379	10266.79816775	-58.8895216645008	25.4405142878611	1.71024455046699	-4746.53541604164	514.67565244837	437.664255718804	-0.69713762367795
1.73799999999992	-9771.8965044682	-331.148007694986	-365.31118345199	-1.41360669189578	8953.62923437701	-229.148364089453	-139.469067541291	1.5707754829257	818.267270091198	560.296371784413	511.162161142066	-0.185975462535884
1.73899999999992	-12988.5354087682	-174.094810369045	-218.962362175894	-1.63256905407168	8054.01670447508	-376.976568066798	-293.895690967436	1.27687979195826	4934.51870429311	551.071378435829	545.590747718708	0.359615285182824
1.73999999999992	-13672.0875074938	-1.4314991858555E-08	-76.4274583588285	-1.70899651243051	7397.46419618312	-487.903679011573	-435.685860049188	0.841193931909076	6274.62331131063	487.903679025888	516.126841554968	0.875742126737792
1.74099999999992	-12008.152083575	174.094810341756	79.9256448735353	-1.62907086755697	4796.21847881274	-551.071378429863	-514.998043268515	0.326195888640562	7211.93360476228	376.976568088121	425.598787006733	1.30134091374453
1.74199999999992	-8082.17270098013	331.148007671772	227.551574679069	-1.4015192928779	-718.399970272404	-560.296371787412	-535.09735243354	-0.208901463792978	8800.57267125254	229.148364115666	285.707066310934	1.58704798005546
1.74299999999992	-4794.84608637243	455.786130767039	379.535237906937	-1.02198405497096	-6556.69257160853	-514.675652460041	-505.191622341383	-0.714093086134361	11351.538657981	58.8895216930377	124.383698602217	1.71143167865768
1.74399999999992	-2144.79384593469	535.808731734127	494.118572793296	-0.527865482177669	-10223.8210005477	-418.674894313756	-437.260873723821	-1.15135395985818	12368.6148464824	-117.133837420329	-33.6054821828544	1.67782619647482
1.74499999999992	-576.114117544768	563.382640840131	546.387778447098	0.0185222962694293	-11065.6463439116	-281.691320432527	-344.862909941184	-1.49621686979937	11641.7604614564	-281.691320407561	-203.053304672726	1.4747728918021
1.74599999999992	1772.50480907835	535.808731743055	547.185374578198	0.565707670847627	-11391.9426298455	-117.13383744859	-188.570235492556	-1.68478710529192	9619.43782076719	-418.674894294423	-339.983685567785	1.13478920623431
1.74699999999992	5518.10491231259	455.786130784022	482.624074341403	1.04833174518903	-10266.8306174959	58.8895216643037	-25.4217402376553	-1.71020884552958	4748.72570518331	-514.67565244829	-437.641426906008	0.697147779328304
1.74799999999992	9774.2569786389	331.148007695146	365.267470271945	1.41359921546097	-8953.3328929357	229.148364089272	139.452463635539	-1.57075638189404	-820.924085703198	-560.296371784392	-511.145093559515	0.186002685768789
1.74899999999992	12991.2632661799	174.094810369234	218.944747847935	1.63254396330891	-8055.06199048949	376.976568066651	293.89044171154	-1.2768659401825	-4936.20127569038	-551.071378435871	-545.610189703167	-0.359607503934378
1.74999999999992	13667.5390959881	1.45132190709774E-08	76.4400407517332	1.70898400406064	-7393.76552601336	487.903679011473	435.61962651527	-0.841246313667229	-6273.77356997469	-487.903679025987	-516.177979958175	-0.875785483892553
1.75099999999992	12006.2374615544	-174.094810341628	-79.9028854344377	1.62908111862621	-4796.66616927369	551.071378429836	515.062532370835	-0.326183781296393	-7209.57129228074	-376.976568088221	-425.570925098094	-1.30135640899065
1.75199999999992	8083.12646514234	-331.148007671612	-227.568204036199	1.40151291459001	712.876633108346	560.296371787432	535.133269284056	0.208949487987663	-8796.00309825068	-229.148364115847	-285.721174603038	-1.58707758359368
1.75299999999992	4789.77242920447	-455.786130766923	-379.469601582469	1.02204331300754	6558.18782802327	514.675652460122	505.172778430488	0.714122266418151	-11347.9602572277	-58.8895216932348	-124.353401044904	-1.71143098463859
1.75399999999992	2133.95785598949	-535.808731734065	-494.15049416259	0.527892818844947	10229.7069752826	418.674894313889	437.158030762873	1.15128029718102	-12363.6648312721	117.133837420135	33.5219291975417	-1.67790905544105
1.75499999999992	574.595333398666	-563.382640840131	-546.439251159666	-0.0185464323147184	11071.02662483	281.691320432698	344.869766165994	1.49615006334702	-11645.6219582287	281.691320407389	203.116200995162	-1.47479285444589
1.75599999999992	-1770.4947793505	-535.808731743096	-547.171603016387	-0.565718035331105	11391.1620990085	117.133837448721	188.645821933849	1.68479588528087	-9620.66731965795	418.674894294333	340.004507221547	-1.13478834722434
1.75699999999992	-5519.65692267921	-455.786130784138	-482.575946898591	-1.0482939822297	10267.9948185542	-58.8895216641066	25.4342334628839	1.71023011874375	-4748.33789587502	514.675652448209	437.656312964679	-0.69713203425966
1.75799999999992	-9771.40981465963	-331.148007695307	-365.311150725974	-1.41360513295567	8955.39398985852	-229.14836408909	-139.473900543833	1.57075621819992	816.015824801117	560.296371784371	511.165476148055	-0.185966558111605
1.75899999999992	-12994.4074850913	-174.094810369422	-218.927826330444	-1.63253295928611	8059.78693265459	-376.976568066503	-293.931132665257	1.27682508553466	4934.62055243668	551.071378435912	545.56816061557	0.359601602503966
1.75999999999992	-13675.3038442706	-1.47114604942544E-08	-76.4420353924957	-1.70897499467861	7403.41597638867	-487.903679011375	-435.689057235017	0.841136028299645	6271.88786788189	487.903679026086	516.146387766386	0.875747990270352
1.76099999999992	-12004.8691915877	174.09481034144	79.9194854168375	-1.62905550926177	4790.22340516102	-551.071378429794	-514.884758484009	0.326251269815636	7214.64578642672	376.976568088369	425.599455640081	1.30134744591043
1.76199999999992	-8083.86155192966	331.148007671451	227.552492594362	-1.40150301666741	-718.343175910881	-560.296371787454	-535.166122539245	-0.208914852723609	8802.20472784054	229.148364116028	285.68217699445	1.58702962290488
1.76299999999992	-4785.47708665976	455.786130766806	379.433297264263	-1.02206971940315	-6562.36582057606	-514.675652460203	-505.18191490818	-0.71409676763179	11347.8429072358	58.889521693432	124.390010160277	1.71141963306516
1.76399999999992	-2140.36667898486	535.808731734004	494.197285307257	-0.52787243409589	-10227.7945098807	-418.674894314021	-437.21993396002	-1.15131670159181	12368.1611888656	-117.133837419941	-33.5757527943747	1.67784388027079
1.76499999999992	-584.506456973191	563.382640840131	546.412048136115	0.0185396140402246	-11062.1209886704	-281.69132043287	-344.970965025364	-1.49628766661717	11646.6274456436	-281.691320407217	-203.148341441487	1.4746955388293
1.76599999999992	1769.66296519974	535.808731743158	547.215092830599	0.565754706870824	-11388.2035856667	-117.133837448915	-188.510089585845	-1.68479775620302	9618.54062046697	-418.674894294201	-339.884104695271	1.13481143413403
1.76699999999992	5517.2930982403	455.786130784217	482.60990251626	1.04836460938708	-10264.4609347143	58.8895216639732	-25.4160801806571	-1.71021383638367	4747.16783647398	-514.675652448154	-437.638446306673	0.697172987827355
1.76799999999992	9771.10104422314	331.148007695467	365.237402540932	1.41360201192802	-8953.77811686483	229.14836408891	139.424130573958	-1.57078970580972	-817.322927358304	-560.296371784351	-511.225076273731	0.185947911553624
1.76899999999992	12991.2284978737	174.094810369611	218.96969864314	1.63257171057116	-8049.01063323818	376.976568066356	293.891579551012	-1.27689812625871	-4942.21786463549	-551.071378435953	-545.502940092326	-0.359555028538702
1.76999999999992	13670.4806611583	1.49096734958221E-08	76.3899241759813	1.70896163474714	-7396.53112209029	487.903679011276	435.645775102773	-0.841252351155932	-6273.94953906805	-487.903679026185	-516.244611923154	-0.875799640461857
1.77099999999992	12009.4664794995	-174.094810341251	-79.8938522043873	1.62906778254275	-4799.16466920961	551.071378429753	515.074245835937	-0.326178105319995	-7210.30181028988	-376.976568088516	-425.554863491325	-1.30135450395318
1.77199999999992	8085.80981494387	-331.148007671343	-227.573530798047	1.4014942517447	714.019918839627	560.296371787467	535.102452712759	0.208924347392764	-8799.8297337835	-229.148364116151	-285.707656438993	-1.58706216039217
1.77299999999992	4793.33688824529	-455.78613076669	-379.48917828169	1.02200507346301	6556.61417439253	514.675652460283	505.177983827834	0.714102331220598	-11349.9510626378	-58.8895216936292	-124.376469616243	-1.71143863000842
1.77399999999992	2150.91235616265	-535.808731733943	-494.206417463786	0.527798655999227	10215.7893668684	418.674894314154	437.276734697896	1.15137906591849	-12366.701723031	117.133837419747	33.5651588273671	-1.67787347118105
1.77499999999992	585.167208334242	-563.382640840131	-546.376715848965	-0.018578059849738	11062.1310667598	281.691320433041	344.869686892228	1.49624875281072	-11647.2982750941	281.691320407046	203.135792139516	-1.47473767904153
1.77599999999992	-1766.60279241077	-535.808731743219	-547.191193116108	-0.565769252965846	11387.4766811433	117.133837449109	188.555283391145	1.68480403620187	-9620.87388873256	418.674894294068	339.935799658798	-1.13480187938274
1.77699999999992	-5520.26275374269	-455.786130784334	-482.526255467501	-1.04829550843335	10266.7981698799	-58.889521663776	25.440514249035	1.7102445504509	-4746.53541613718	514.675652448074	437.664255708487	-0.697137623674249
1.77799999999991	-9771.8965070782	-331.148007695627	-365.311183424979	-1.41360669185833	8953.62923529749	-229.148364088728	-139.46906751056	1.57077548294034	818.267271780704	560.29637178433	511.16216115276	-0.18597546252149
1.77899999999991	-12988.5354081217	-174.094810369799	-218.962362171291	-1.63256905402962	8054.01670275632	-376.976568066208	-293.89569092367	1.27687979201667	4934.51870536539	551.071378435994	545.590747748019	0.359615285226529
1.77999999999991	-13672.0875066546	-1.51078438648256E-08	-76.4274584076814	-1.7089965124373	7397.46419715074	-487.903679011177	-435.685860112407	0.841193931904266	6274.62330950382	487.903679026284	516.126841527562	0.875742126754091
1.78099999999991	-12008.1520817755	174.094810341063	79.9256448464731	-1.62907086759083	4796.21847455079	-551.071378429712	-514.998043253114	0.326195888651152	7211.93360722471	376.976568088663	425.598786959973	1.30134091371406
1.78199999999991	-8082.17270284614	331.148007671182	227.55157472257	-1.40151929286826	-718.399972710156	-560.296371787489	-535.097352423353	-0.208901463772201	8800.5726755563	229.148364116332	285.707066318637	1.5870479800327
1.78299999999991	-4794.8460857402	455.786130766611	379.535237883979	-1.02198405498428	-6556.69257366253	-514.675652460338	-505.19162234957	-0.714093086121771	11351.5386594027	58.8895216937625	124.38369861387	1.71143167864657
1.78399999999991	-2144.79384730075	535.808731733882	494.118572824607	-0.52786548215967	-10223.8210026588	-418.674894314286	-437.260873704375	-1.15135395982615	12368.6148499596	-117.133837419553	-33.6054821779843	1.67782619646859
1.78499999999991	-576.11412062869	563.382640840131	546.387778454143	0.0185222962944729	-11065.6463388781	-281.691320433213	-344.862909993649	-1.4962168698198	11641.7604595068	-281.691320406874	-203.053304642138	1.47477289182645
1.78599999999991	1772.50481243275	535.80873174328	547.185374492387	0.56570767078686	-11391.9426304476	-117.133837449303	-188.570235501992	-1.68478710532179	9619.43781801483	-418.674894293936	-339.983685605114	1.13478920622134
1.78699999999991	5518.10491502338	455.78613078445	482.624074369541	1.0483317451564	-10266.8306203678	58.8895216635789	-25.4217401980172	-1.7102088455198	4748.72570534445	-514.675652447993	-437.6414268989	0.697147779322435
1.78799999999991	9774.25697898862	331.148007695736	365.267470292444	1.41359921544885	-8953.33289356622	229.148364088606	139.452463626378	-1.57075638189343	-820.9240854224	-560.296371784316	-511.145093554846	0.186002685767589
1.78899999999991	12991.2632664674	174.094810369988	218.944747835319	1.63254396328416	-8055.06198924266	376.976568066061	293.890441684895	-1.27686594020853	-4936.20127722474	-551.071378436036	-545.610189704818	-0.35960750393723
1.78999999999991	13667.5390949888	1.53060568663932E-08	76.4400407828321	1.708984004067	-7393.76552629481	487.903679011077	435.619626546272	-0.841246313662259	-6273.77356869397	-487.903679026384	-516.177979954799	-0.875785483892029
1.79099999999991	12006.2374603656	-174.094810340874	-79.9028854245087	1.62908111864249	-4796.66616618152	551.071378429671	515.062532355515	-0.326183781306744	-7209.5712941841	-376.97656808881	-425.570925070408	-1.30135640896244
1.79199999999991	8083.12646809046	-331.148007671022	-227.568204092613	1.40151291454987	712.876633997954	560.296371787509	535.133269267442	0.208949487960698	-8796.00310208841	-229.148364116513	-285.72117461985	-1.58707758358229
1.79299999999991	4789.77242871944	-455.786130766494	-379.469601556129	1.02204331299375	6558.18782967811	514.675652460418	505.172778429277	0.714122266389975	-11347.9602583975	-58.8895216939596	-124.353401057721	-1.71143098464001
1.79399999999991	2133.95785436603	-535.80873173382	-494.150494123991	0.527892818869755	10229.7069806365	418.674894314419	437.158030768198	1.15128029715817	-12363.6648350025	117.13383741936	33.521929244722	-1.67790905539529
1.79499999999991	574.595337173613	-563.382640840131	-546.439251183839	-0.0185464323140844	11071.0266213178	281.691320433385	344.869766234732	1.4961500633929	-11645.6219584914	281.691320406702	203.116200983993	-1.47479285441129
1.79599999999991	-1770.49478172726	-535.808731743341	-547.171602964007	-0.565718035278092	11391.1620961021	117.133837449497	188.645821945088	1.68479588533799	-9620.6673143748	418.674894293803	340.004507196896	-1.1347883472144
1.79699999999991	-5519.65692669998	-455.786130784567	-482.57594692768	-1.04829398220577	10267.9948218462	-58.8895216633817	25.4342333826634	1.71023011872066	-4748.3378951462	514.675652447913	437.656312951599	-0.697132034262798
1.79799999999991	-9771.40981655422	-331.148007695896	-365.311150735178	-1.41360513294095	8955.39399046501	-229.148364088425	-139.473900522639	1.57075621819802	816.015826089215	560.296371784295	511.165476147611	-0.185966558115187
1.79899999999991	-12994.4074861151	-174.094810370116	-218.927826355164	-1.63253295929611	8059.7869350126	-376.976568065961	-293.931132695509	1.27682508550251	4934.62055110254	551.071378436064	545.568160613638	0.359601602498452
1.79999999999991	-13675.3038393869	-1.55042840788155E-08	-76.4420354198834	-1.708974994716	7403.41597381811	-487.903679010978	-435.689057190059	0.841136028312448	6271.88786556882	487.903679026483	516.146387786321	0.875747990284773
1.80099999999991	-12004.8691908695	174.094810340686	79.9194854249485	-1.62905550929105	4790.22340423727	-551.07137842963	-514.884758510436	0.326251269802012	7214.64578663224	376.976568088958	425.599455607917	1.30134744589269
1.80199999999991	-8083.86155575282	331.148007670862	227.552492672553	-1.40150301661849	-718.343175773182	-560.29637178753	-535.166122497097	-0.208914852695085	8802.204731526	229.148364116694	285.682177020522	1.58702962291321
1.80299999999991	-4785.47708673541	455.786130766378	379.433297218658	-1.02206971939984	-6562.36582231929	-514.675652460499	-505.181914917472	-0.714096767612557	11347.8429090547	58.8895216941568	124.390010150362	1.71141963306357
1.80399999999991	-2140.36667591798	535.808731733779	494.197285276603	-0.527872434123234	-10227.7945118074	-418.674894314509	-437.219933967737	-1.15131670158029	12368.1611877254	-117.133837419228	-33.5757527837712	1.6778438802798
1.80499999999991	-584.506455220199	563.382640840131	546.412048152026	0.0185396140287926	-11062.1209914377	-281.691320433556	-344.970965010886	-1.49628766659118	11646.6274466579	-281.691320406531	-203.148341446064	1.47469553883374
1.80599999999991	1769.66296277366	535.808731743403	547.215092838991	0.565754706867783	-11388.2035825402	-117.133837449691	-188.510089643757	-1.68479775623494	9618.5406197665	-418.67489429367	-339.884104702559	1.13481143413118
1.80699999999991	5517.29309942024	455.786130784683	482.609902509831	1.04836460937761	-10264.4609373204	58.8895216631846	-25.4160801281769	-1.71021383636311	4747.16783790013	-514.675652447832	-437.638446303895	0.697172987827284
1.80799999999991	9771.10104592386	331.148007696057	365.237402529254	1.41360201190687	-8953.77811789264	229.148364088244	139.424130555448	-1.57078970580767	-817.322928031222	-560.296371784275	-511.225076268359	0.185947911558925
1.80899999999991	12991.2284979298	174.094810370304	218.969698676023	1.63257171058289	-8049.01063430768	376.976568065814	293.891579572898	-1.27689812623477	-4942.21786362216	-551.071378436105	-545.502940081498	-0.359555028522573
1.80999999999991	13670.4806583596	1.57025255020926E-08	76.3899241734112	1.7089616347563	-7396.5311227624	487.903679010879	435.645775077542	-0.841252351157227	-6273.94953559719	-487.903679026582	-516.244611962883	-0.875799640485456
1.81099999999991	12009.4664777808	-174.094810340497	-79.8938521895391	1.62906778256676	-4799.16466709817	551.071378429589	515.074245837361	-0.326178105319865	-7210.30181068259	-376.976568089105	-425.554863447447	-1.3013545039329
1.81199999999991	8085.80981652537	-331.148007670701	-227.573530842697	1.40149425172407	714.019920847511	560.296371787551	535.102452688449	0.208924347368584	-8799.82973737288	-229.148364116875	-285.707656442094	-1.587062160375
1.81299999999991	4793.33688875533	-455.786130766261	-379.489178271306	1.02200507345276	6556.6141761406	514.675652460579	505.177983832238	0.714102331200822	-11349.9510648959	-58.8895216943539	-124.37646962097	-1.71143862999597
1.81399999999991	2150.91235849681	-535.808731733718	-494.206417494315	0.527798655958446	10215.7893692461	418.674894314641	437.276734674893	1.15137906587571	-12366.7017277429	117.133837419034	33.5651588254779	-1.67787347117049
1.81499999999991	585.167206940659	-563.382640840131	-546.376715807716	-0.0185780598492702	11062.1310672063	281.691320433673	344.86968692196	1.49624875279768	-11647.298274147	281.691320406414	203.135792120111	-1.47473767905038
1.81599999999991	-1766.60279196084	-535.808731743464	-547.191193107183	-0.565769252956453	11387.4766798937	117.133837449884	188.555283423822	1.6848040362215	-9620.87388793284	418.674894293537	339.93579967952	-1.13480187937086
1.81699999999991	-5520.26275550533	-455.7861307848	-482.526255467385	-1.04829550842384	10266.7981717229	-58.8895216629875	25.4405142155258	1.71024455043702	-4746.53541621752	514.675652447751	437.66425569945	-0.697137623671408
1.81799999999991	-9771.89650936716	-331.148007696217	-365.311183401457	-1.4136066918253	8953.62923610132	-229.148364088063	-139.469067483882	1.57077548295314	818.267273265844	560.296371784254	511.16216116188	-0.185975462509528
1.81899999999991	-12988.5354075791	-174.094810370493	-218.962362167255	-1.63256905399255	8054.01670127529	-376.976568065667	-293.895690885264	1.27687979206788	4934.51870630386	551.071378436146	545.590747773809	0.359615285264281
1.81999999999991	-13672.0875059221	-1.5836732814023E-08	-76.4274584504845	-1.70899651244303	7397.46419801897	-487.903679010812	-435.685860167485	0.841193931900392	6274.62330790317	487.903679026649	516.126841503924	0.875742126768204
1.82099999999991	-12008.1520802051	174.094810340309	79.9256448226235	-1.62907086762041	4796.21847082598	-551.071378429547	-514.998043239589	0.326195888660802	7211.93360937914	376.976568089252	425.598786918907	1.30134091368711
1.82199999999991	-8082.17270448158	331.148007670541	227.551574760462	-1.40151929285995	-718.399974846937	-560.296371787572	-535.097352414454	-0.208901463753652	8800.57267932852	229.148364117056	285.707066325341	1.58704798001245
1.82299999999991	-4794.84608517503	455.786130766145	379.535237863659	-1.02198405499629	-6556.6925754551	-514.67565246066	-505.191622356878	-0.71409308611053	11351.5386606301	58.8895216945512	124.383698624245	1.7114316786367
1.82399999999991	-2144.79384850002	535.808731733656	494.118572852038	-0.527865482144253	-10223.8210045168	-418.674894314774	-437.26087368735	-1.15135395979788	12368.6148530168	-117.13383741884	-33.6054821736718	1.67782619646303
1.82499999999991	-576.114123292599	563.382640840131	546.387778460216	0.0185222963159629	-11065.6463345007	-281.691320433844	-344.862910039343	-1.49621686983722	11641.7604577933	-281.691320406243	-203.053304614962	1.47477289184806
1.82599999999991	1772.50481536554	535.808731743525	547.185374417708	0.565707670733671	-11391.9426309737	-117.133837450078	-188.570235510356	-1.68478710534758	9619.43781560813	-418.674894293405	-339.983685637601	1.13478920621046
1.82699999999991	5518.10491739593	455.786130784916	482.624074393973	1.04833174512764	-10266.8306228592	58.8895216627903	-25.4217401637877	-1.71020884551137	4748.72570546329	-514.675652447671	-437.641426892684	0.697147779317779
1.82799999999991	9774.25697929495	331.148007696378	365.267470310455	1.4135992154381	-8953.3328941055	229.148364087881	139.452463618319	-1.57075638189305	-820.92408518945	-560.296371784233	-511.14509355079	0.186002685766989
1.82899999999991	12991.2632667428	174.094810370681	218.944747824205	1.6325439632623	-8055.06198815749	376.976568065519	293.890441661701	-1.27686594023135	-4936.20127858535	-551.071378436187	-545.610189706181	-0.359607503939192
1.82999999999991	13667.539094143	1.60349600264453E-08	76.4400408100323	1.70898400407234	-7393.76552651892	487.903679010713	435.619626573089	-0.841246313658258	-6273.77356762409	-487.903679026748	-516.177979951726	-0.875785483890917
1.83099999999991	12006.237459313	-174.094810340181	-79.9028854156281	1.62908111865671	-4796.66616348294	551.07137842952	515.062532342092	-0.326183781316165	-7209.57129583004	-376.976568089352	-425.570925046864	-1.30135640893778
1.83199999999991	8083.12647065747	-331.148007670381	-227.568204141637	1.40151291451507	712.8766347893	560.296371787592	535.133269253012	0.208949487936847	-8796.00310544677	-229.148364117237	-285.72117463427	-1.58707758357205
1.83299999999991	4789.77242828891	-455.786130766028	-379.469601533074	1.022043312982	6558.18783113514	514.675652460741	505.172778428231	0.714122266365079	-11347.9602594241	-58.8895216947482	-124.353401069043	-1.71143098464109
1.83399999999991	2133.95785290608	-535.808731733595	-494.150494090112	0.527892818891885	10229.7069853272	418.674894314907	437.158030772752	1.15128029713783	-12363.6648382333	117.133837418647	33.5219292856732	-1.67790905535542
1.83499999999991	574.595340458211	-563.382640840131	-546.439251205076	-0.0185464323131914	11071.0266182483	281.691320434016	344.869766294983	1.49615006343281	-11645.6219587065	281.691320406071	203.11620097426	-1.47479285438116
1.83599999999991	-1770.49478383665	-535.808731743566	-547.171602918127	-0.565718035231318	11391.1620935717	117.133837450209	188.645821954941	1.68479588538775	-9620.66730973504	418.674894293315	340.004507175211	-1.13478834720595
1.83699999999991	-5519.65693022415	-455.786130785033	-482.575946953284	-1.0482939821846	10267.9948247215	-58.8895216625932	25.4342333127162	1.71023011870047	-4748.33789449737	514.67565244759	437.656312940161	-0.69713203426579
1.83799999999991	-9771.40981819584	-331.148007696538	-365.311150743427	-1.41360513292803	8955.39399097989	-229.1483640877	-139.473900504106	1.57075621819637	816.015827215947	560.296371784212	511.165476147238	-0.185966558118551
1.83899999999991	-12994.4074870265	-174.09481037087	-218.927826376431	-1.63253295930446	8059.78693704464	-376.976568065372	-293.931132721741	1.27682508547462	4934.62054998188	551.071378436228	545.568160611766	0.359601602493215
1.83999999999991	-13675.3038347201	-1.62331446063035E-08	-76.4420354463045	-1.70897499475077	7403.41597136132	-487.903679010614	-435.689057149094	0.84113602832553	6271.88786335875	487.903679026847	516.146387805714	0.875747990298929
1.84099999999991	-12004.8691902711	174.094810339992	79.9194854341674	-1.6290555093166	4790.22340341064	-551.071378429478	-514.884758535139	0.326251269790392	7214.64578686047	376.976568089499	425.599455577907	1.30134744587684
1.84199999999991	-8083.86155910944	331.14800767022	227.552492740684	-1.40150301657591	-718.34317565636	-560.296371787613	-535.166122460387	-0.208914852669995	8802.2047347658	229.148364117418	285.682177043538	1.58702962292037
1.84299999999991	-4785.47708679055	455.786130765912	379.4332971786	-1.02206971939731	-6562.36582386404	-514.675652460822	-505.181914925519	-0.714096767595514	11347.8429106546	58.8895216949454	124.390010141665	1.71141963306204
1.84399999999991	-2140.36667321818	535.808731733534	494.197285249676	-0.527872434147637	-10227.7945135328	-418.674894315039	-437.219933974405	-1.15131670156992	12368.161186751	-117.133837418453	-33.5757527746843	1.67784388028735
1.84499999999991	-584.506453682924	563.382640840131	546.412048166098	0.0185396140184607	-11062.1209938669	-281.691320434188	-344.970964998368	-1.49628766656829	11646.6274475498	-281.691320405899	-203.148341449841	1.47469553883751
1.84599999999991	1769.66296066364	535.808731743648	547.215092846596	0.565754706865057	-11388.2035798221	-117.133837450466	-188.510089694147	-1.68479775626243	9618.54061915843	-418.67489429314	-339.884104708558	1.13481143412896
1.84699999999991	5517.29310045617	455.786130785149	482.609902504074	1.04836460936913	-10264.460939588	58.8895216623961	-25.4160800827763	-1.71021383634521	4747.16783913179	-514.675652447509	-437.638446301499	0.697172987827456
1.84799999999991	9771.10104742113	331.148007696698	365.237402519082	1.41360201188821	-8953.77811880462	229.148364087519	139.424130539537	-1.57078970580567	-817.322928616509	-560.296371784192	-511.225076263686	0.18594791156377
1.84899999999991	12991.2284979996	174.094810371058	218.969698704622	1.63257171059284	-8049.0106352277	376.976568065225	293.891579591807	-1.27689812621387	-4942.21786277186	-551.07137843627	-545.50294007183	-0.35955502850806
1.84999999999991	13670.480655913	1.64313433970165E-08	76.3899241712651	1.7089616347641	-7396.53112330506	487.903679010515	435.645775055279	-0.841252351158587	-6273.94953260791	-487.903679026946	-516.244611997535	-0.875799640505595
1.85099999999991	12009.4664762836	-174.094810339743	-79.8938521766355	1.62906778258746	-4799.16466523895	551.071378429424	515.07424583862	-0.326178105319967	-7210.3018110447	-376.976568089694	-425.554863409448	-1.30135450391504
1.85199999999991	8085.80981789826	-331.14800767006	-227.573530881492	1.40149425170597	714.019922603939	560.296371787633	535.102452667318	0.20892434734735	-8799.8297405022	-229.148364117599	-285.707656445019	-1.58706216036006
1.85299999999991	4793.33688919887	-455.786130765795	-379.489178262084	1.02200507344389	6556.61417770258	514.675652460902	505.17798383601	0.714102331183361	-11349.9510669015	-58.8895216951425	-124.37646962482	-1.71143862998488
1.85399999999991	2150.91236052366	-535.808731733473	-494.206417520854	0.527798655923035	10215.7893713476	418.674894315172	437.276734654915	1.15137906583828	-12366.7017318713	117.133837418259	33.5651588237902	-1.67787347116109
1.85499999999991	585.167205680919	-563.382640840131	-546.376715771576	-0.0185780598485409	11062.1310676288	281.691320434415	344.869686947754	1.49624875278603	-11647.2982733097	281.691320405672	203.135792102942	-1.47473767905815
1.85599999999991	-1766.60279158965	-535.808731743709	-547.191193099478	-0.565769252948019	11387.4766788065	117.13383745066	188.555283452672	1.6848040362387	-9620.87388721684	418.674894293007	339.935799697532	-1.13480187936062
1.85699999999991	-5520.26275706646	-455.786130785266	-482.526255467403	-1.04829550841542	10266.7981733554	-58.8895216621989	25.4405141861633	1.71024455042487	-4746.53541628892	514.675652447429	437.664255691538	-0.69713762366908
1.85799999999991	-9771.8965113611	-331.148007696858	-365.31118338119	-1.41360669179661	8953.62923680439	-229.148364087338	-139.469067460392	1.57077548296447	818.267274556709	560.296371784171	511.162161169817	-0.185975462499263
1.85899999999991	-12988.5354071481	-174.094810371247	-218.962362163224	-1.63256905395984	8054.0167000018	-376.976568065078	-293.895690851695	1.27687979211278	4934.51870714634	551.071378436311	545.590747796307	0.359615285297044
1.85999999999991	-13672.0875052932	-1.66936189316402E-08	-76.4274584880649	-1.7089965124479	7397.46419877174	-487.903679010384	-435.685860215374	0.841193931897403	6274.6233065215	487.903679027077	516.126841483363	0.875742126780407
1.86099999999991	-12008.1520788479	174.094810339555	79.9256448016217	-1.62907086764628	4796.21846754557	-551.071378429383	-514.998043227689	0.326195888669715	7211.93361130238	376.976568089841	425.598786882829	1.30134091366324
1.86199999999991	-8082.17270590942	331.148007669899	227.551574793264	-1.40151929285302	-718.399976707859	-560.296371787654	-535.097352406998	-0.208901463737284	8800.57268261728	229.14836411778	285.707066331458	1.58704797999469
1.86299999999991	-4794.84608469097	455.786130765679	379.535237845896	-1.02198405500712	-6556.69257700489	-514.675652460983	-505.191622363374	-0.714093086100657	11351.5386616959	58.8895216953396	124.383698633394	1.71143167862809
1.86399999999991	-2144.79384955523	535.808731733392	494.118572875949	-0.527865482131171	-10223.8210061419	-418.674894315347	-437.2608736724	-1.15135395977306	12368.6148556971	-117.133837418002	-33.6054821700789	1.67782619645801
1.86499999999991	-576.114125613187	563.382640840131	546.387778465554	0.018522296334383	-11065.6463306871	-281.691320434586	-344.862910079099	-1.49621686985216	11641.7604563003	-281.691320405501	-203.053304591021	1.47477289186699
1.86599999999991	1772.50481791998	535.80873174377	547.185374352677	0.56570767068706	-11391.9426314266	-117.133837450854	-188.570235517694	-1.68478710536985	9619.43781350666	-418.674894292874	-339.983685665826	1.13478920620116
1.86699999999991	5518.10491945565	455.786130785382	482.624074415369	1.04833174510243	-10266.8306250316	58.8895216620018	-25.421740134002	-1.71020884550385	4748.72570557596	-514.675652447348	-437.641426887283	0.69714777931388
1.86799999999991	9774.25697957047	331.148007697019	365.267470326013	1.41359921542844	-8953.33289457265	229.148364087157	139.452463611068	-1.57075638189278	-820.924084997819	-560.29637178415	-511.145093547196	0.186002685766684
1.8689999999999	12991.2632670022	174.094810371496	218.944747814572	1.63254396324301	-8055.06198722111	376.976568064883	293.890441641629	-1.27686594025116	-4936.20127978111	-551.071378436365	-545.610189707284	-0.3596075039406
1.8699999999999	13667.5390934096	1.68918603549173E-08	76.4400408338981	1.70898400407691	-7393.76552672309	487.903679010284	435.619626596465	-0.84124631365469	-6273.77356668652	-487.903679027176	-516.177979949125	-0.875785483889724
1.8709999999999	12006.237458383	-174.094810339366	-79.902885407946	1.62908111866897	-4796.66616108399	551.071378429341	515.062532329809	-0.326183781324881	-7209.57129729898	-376.976568089989	-425.570925026304	-1.30135640891603
1.8719999999999	8083.12647289316	-331.148007669739	-227.568204184256	1.40151291448471	712.876635488122	560.296371787675	535.133269240746	0.208949487915865	-8796.00310838128	-229.148364117961	-285.721174647005	-1.58707758356303
1.8729999999999	4789.77242792113	-455.786130765562	-379.469601512936	1.02204331297177	6558.18783241092	514.675652461064	505.172778427398	0.714122266343263	-11347.960260332	-58.8895216955369	-124.353401078937	-1.71143098464197
1.8739999999999	2133.95785164959	-535.80873173333	-494.150494060423	0.52789281891135	10229.7069894321	418.67489431548	437.158030776887	1.15128029712015	-12363.6648410817	117.133837417808	33.5219293215012	-1.67790905532047
1.8749999999999	574.595343331022	-563.382640840131	-546.439251223587	-0.0185464323122363	11071.0266155817	281.691320434758	344.869766347541	1.49615006346769	-11645.6219589127	281.691320405329	203.11620096562	-1.47479285435485
1.8759999999999	-1770.49478570232	-535.808731743831	-547.171602877852	-0.565718035190088	11391.1620913823	117.133837451048	188.645821963548	1.68479588543124	-9620.66730567995	418.674894292742	340.00450715614	-1.13478834719871
1.8769999999999	-5519.6569332914	-455.786130785499	-482.575946975942	-1.04829398216603	10267.9948272262	-58.8895216618047	25.4342332517836	1.71023011868302	-4748.33789393476	514.675652447268	437.656312930143	-0.697132034268566
1.8779999999999	-9771.40981964247	-331.148007697179	-365.31115075066	-1.41360513291669	8955.39399144328	-229.148364086976	-139.473900487975	1.57075621819505	816.015828199191	560.29637178413	511.165476146781	-0.185966558121786
1.8789999999999	-12994.4074878421	-174.094810371624	-218.927826395041	-1.63253295931173	8059.78693885012	-376.976568064783	-293.931132744595	1.27682508545045	4934.62054899194	551.071378436393	545.568160610257	0.359601602488471
1.8799999999999	-13675.30383099	-1.70901017781944E-08	-76.4420354673616	-1.70897499477909	7403.41596940481	-487.903679010185	-435.689057114505	0.841136028335947	6271.88786158521	487.903679027275	516.146387821407	0.875747990309878
1.8809999999999	-12004.8691897242	174.094810339177	79.9194854399339	-1.62905550933916	4790.22340267757	-551.0713784293	-514.884758555364	0.326251269780583	7214.64578704658	376.976568090136	425.599455552864	1.30134744586274
1.8819999999999	-8083.86156202428	331.148007669579	227.552492800296	-1.40150301653886	-718.343175561937	-560.296371787696	-535.166122428243	-0.20891485264766	8802.20473758622	229.148364118143	285.682177063745	1.58702962292649
1.8829999999999	-4785.47708684039	455.786130765446	379.433297143533	-1.02206971939533	-6562.36582518041	-514.675652461144	-505.181914932933	-0.714096767580593	11347.8429120208	58.8895216957339	124.3900101343	1.71141963306079
1.8839999999999	-2140.36667090169	535.808731733289	494.197285226285	-0.527872434169046	-10227.7945150183	-418.67489431557	-437.219933980324	-1.15131670156092	12368.16118592	-117.133837417677	-33.5757527669935	1.67784388029379
1.8849999999999	-584.506452328762	563.382640840131	546.412048178216	0.01853961400917	-11062.1209960134	-281.69132043493	-344.970964987065	-1.49628766654798	11646.6274483422	-281.691320405157	-203.148341452774	1.47469553884102
1.8859999999999	1769.66295881019	535.808731743893	547.215092853372	0.565754706862541	-11388.2035774457	-117.133837451242	-188.510089738378	-1.68479775628636	9618.54061863547	-418.674894292609	-339.884104713753	1.13481143412727
1.8869999999999	5517.29310135189	455.786130785615	482.609902499022	1.04836460936156	-10264.4609415592	58.8895216616075	-25.4160800432477	-1.71021383632961	4747.16784020729	-514.675652447187	-437.638446299373	0.697172987827894
1.8879999999999	9771.10104871863	331.14800769734	365.237402510278	1.41360201187184	-8953.77811958936	229.148364086795	139.424130525436	-1.57078970580417	-817.32292912928	-560.296371784109	-511.225076259599	0.185947911568295
1.8889999999999	12991.2284980748	174.094810371812	218.969698729625	1.63257171060147	-8049.0106360505	376.976568064636	293.891579608432	-1.27689812619574	-4942.21786202432	-551.071378436435	-545.502940063397	-0.359555028495102
1.8899999999999	13670.4806537957	1.72883289906167E-08	76.3899241694801	1.70896163477095	-7396.53112381475	487.903679010086	435.645775035828	-0.841252351159912	-6273.94952998097	-487.903679027375	-516.244612027957	-0.875799640523059
1.8909999999999	12009.4664749749	-174.094810338989	-79.8938521652677	1.62906778260568	-4799.16466363519	551.071378429259	515.074245839556	-0.326178105320356	-7210.30181133975	-376.976568090283	-425.554863376385	-1.30135450389944
1.8919999999999	8085.80981908688	-331.148007669418	-227.573530915188	1.40149425169049	714.019924151909	560.296371787716	535.102452648734	0.208924347328378	-8799.82974323879	-229.148364118324	-285.707656447355	-1.5870621603468
1.8929999999999	4793.33688957917	-455.786130765329	-379.489178254018	1.02200507343647	6556.61417905457	514.675652461225	505.177983839462	0.71410233116784	-11349.9510686337	-58.8895216959311	-124.376469628469	-1.71143862997527
1.8939999999999	2150.91236229408	-535.808731733228	-494.206417543897	0.527798655892575	10215.7893731763	418.674894315703	437.276734637626	1.15137906580547	-12366.7017354704	117.133837417483	33.5651588223513	-1.67787347115292
1.8949999999999	585.16720460254	-563.382640840131	-546.376715740233	-0.0185780598476583	11062.1310679976	281.691320435046	344.869686970263	1.49624875277573	-11647.2982726002	281.691320405041	203.135792087877	-1.47473767906504
1.8959999999999	-1766.60279126752	-535.808731743954	-547.191193092584	-0.565769252940243	11387.4766778603	117.133837451436	188.555283477896	1.68480403625362	-9620.87388659279	418.674894292477	339.935799713126	-1.13480187935191
1.8969999999999	-5520.26275841501	-455.786130785732	-482.526255467523	-1.04829550840777	10266.7981747593	-58.8895216614104	25.4405141607366	1.71024455041436	-4746.53541634429	514.675652447106	437.664255684578	-0.697137623667335
1.8979999999999	-9771.89651308202	-331.1480076975	-365.311183363662	-1.41360669177143	8953.62923740081	-229.148364086614	-139.469067439954	1.57077548297441	818.267275681205	560.296371784088	511.162161176697	-0.185975462490638
1.8989999999999	-12988.5354067698	-174.094810372001	-218.962362159629	-1.63256905393106	8054.01669888497	-376.976568064488	-293.895690822233	1.27687979215217	4934.5187078848	551.071378436476	545.590747816023	0.359615285325385
1.8999999999999	-13672.0875047412	-1.74225078808377E-08	-76.4274585209976	-1.70899651245205	7397.46419941307	-487.903679010019	-435.685860256965	0.841193931895209	6274.62330532815	487.903679027442	516.126841465437	0.875742126790822
1.9009999999999	-12008.1520776565	174.0948103388	79.9256447831038	-1.62907086766895	4796.2184646918	-551.071378429218	-514.998043217579	0.32619588867763	7211.9336129647	376.976568090431	425.598786851428	1.30134091364225
1.9019999999999	-8082.17270715653	331.148007669258	227.551574821957	-1.40151929284699	-718.399978332524	-560.296371787737	-535.097352400374	-0.208901463722744	8800.57268548905	229.148364118505	285.707066336776	1.58704797997903
1.9029999999999	-4794.84608424088	455.786130765213	379.535237830065	-1.02198405501693	-6556.69257837126	-514.675652461305	-505.191622369073	-0.714093086091817	11351.5386626121	58.8895216961281	124.383698641414	1.71143167862044
1.9039999999999	-2144.79385048539	535.808731733166	494.118572897007	-0.527865482119922	-10223.8210075717	-418.674894315835	-437.26087365942	-1.15135395975124	12368.6148580571	-117.133837417289	-33.6054821669915	1.67782619645345
1.9049999999999	-576.114127644474	563.382640840131	546.387778470284	0.018522296350362	-11065.6463273567	-281.691320435218	-344.862910113891	-1.49621686986513	11641.7604550012	-281.691320404869	-203.053304569758	1.47477289188369
1.9059999999999	1772.50482015643	535.808731744015	547.185374295858	0.56570767064622	-11391.9426318316	-117.13383745163	-188.570235524174	-1.6847871053893	9619.43781167514	-418.674894292344	-339.983685690333	1.13478920619336
1.9069999999999	5518.10492125264	455.786130785848	482.624074434007	1.04833174508023	-10266.8306269206	58.8895216612132	-25.4217401082455	-1.71020884549755	4748.725705668	-514.675652447026	-437.641426882589	0.697147779310768
1.9079999999999	9774.25697981622	331.14800769766	365.267470339714	1.41359921541994	-8953.33289498858	229.148364086433	139.452463604942	-1.57075638189261	-820.924084827636	-560.296371784067	-511.145093543974	0.186002685766794
1.9089999999999	12991.263267241	174.094810372189	218.944747806158	1.6325439632261	-8055.06198641791	376.976568064341	293.890441623925	-1.27686594026868	-4936.20128082307	-551.071378436517	-545.610189708343	-0.359607503941549
1.9099999999999	13667.5390928012	1.76207208824053E-08	76.4400408547121	1.70898400408081	-7393.76552688215	487.90367900992	435.619626616519	-0.841246313652161	-6273.77356591901	-487.903679027541	-516.177979946596	-0.875785483888146
1.9109999999999	12006.2374575947	-174.094810338673	-79.9028854009574	1.62908111867985	-4796.66615903968	551.07137842919	515.062532319567	-0.326183781332594	-7209.57129855499	-376.97656809053	-425.570925008865	-1.30135640889701
1.9119999999999	8083.12647485009	-331.148007669098	-227.56820422132	1.40151291445853	712.876636073853	560.296371787757	535.133269229883	0.208949487897289	-8796.00311092394	-229.148364118686	-285.721174658126	-1.58707758355514
1.9129999999999	4789.77242758203	-455.786130765096	-379.469601495124	1.02204331296341	6558.18783352648	514.675652461385	505.172778426569	0.714122266323858	-11347.9602611085	-58.8895216963253	-124.353401087541	-1.71143098464268
1.9139999999999	2133.95785055114	-535.808731733105	-494.150494034548	0.527892818928861	10229.7069930141	418.674894315968	437.158030780583	1.15128029710444	-12363.6648435653	117.133837417095	33.5219293527644	-1.67790905528991
1.9149999999999	574.595345841736	-563.382640840131	-546.439251239931	-0.0185464323110702	11071.0266132507	281.691320435389	344.869766393371	1.49615006349781	-11645.6219590924	281.691320404698	203.116200957772	-1.47479285433214
1.9159999999999	-1770.49478733322	-535.808731744057	-547.171602842508	-0.565718035153578	11391.1620894617	117.133837451761	188.645821971429	1.68479588546924	-9620.6673021285	418.674894292254	340.004507139471	-1.13478834719267
1.9169999999999	-5519.65693596769	-455.786130785965	-482.57594699586	-1.04829398214944	10267.9948294209	-58.8895216610161	25.4342331985868	1.71023011866783	-4748.33789345321	514.675652446945	437.656312921401	-0.69713203427127
1.9179999999999	-9771.40982088222	-331.148007697821	-365.311150757293	-1.41360513290673	8955.39399184065	-229.148364086252	-139.473900473796	1.57075621819403	816.015829041569	560.296371784046	511.165476146297	-0.185966558124973
1.9189999999999	-12994.4074885644	-174.094810372378	-218.927826411059	-1.63253295931779	8059.78694043649	-376.976568064194	-293.931132764465	1.27682508542957	4934.62054812792	551.071378436558	545.568160608952	0.359601602483979
1.9199999999999	-13675.3038273724	-1.78189054622635E-08	-76.4420354881659	-1.70897499480596	7403.41596752735	-487.903679009821	-435.689057082801	0.841136028346766	6271.8878598451	487.90367902764	516.14638783666	0.875747990320639
1.9209999999999	-12004.8691892835	174.094810338484	79.9194854471554	-1.6290555093588	4790.22340202529	-551.071378429148	-514.884758574105	0.326251269772661	7214.64578725825	376.976568090678	425.599455529412	1.30134744585005
1.9219999999999	-8083.86156460195	331.148007668937	227.552492852042	-1.40150301650676	-718.343175447224	-560.296371787778	-535.16612240061	-0.208914852627949	8802.20474004917	229.148364118867	285.682177081678	1.58702962293173
1.9229999999999	-4785.47708690919	455.78613076498	379.433297112805	-1.02206971939395	-6562.36582631769	-514.675652461466	-505.181914939323	-0.714096767567272	11347.8429132269	58.8895216965225	124.390010127865	1.71141963305959
1.9239999999999	-2140.36666886066	535.808731733044	494.197285205545	-0.527872434188409	-10227.7945163362	-418.674894316101	-437.219933985325	-1.1513167015526	12368.1611851969	-117.133837416902	-33.5757527601037	1.67784388029949
1.9249999999999	-584.506451150546	563.382640840131	546.412048188984	0.0185396140005747	-11062.1209978936	-281.691320435561	-344.970964977303	-1.4962876665299	11646.6274490441	-281.691320404526	-203.148341455232	1.47469553884426
1.9259999999999	1769.66295718431	535.808731744118	547.215092859436	0.565754706860011	-11388.2035753706	-117.133837451955	-188.510089777078	-1.68479775630698	9618.54061818632	-418.674894292121	-339.884104718051	1.13481143412621
1.9269999999999	5517.29310212355	455.786130786044	482.609902494653	1.04836460935466	-10264.4609432903	58.8895216608827	-25.4160800089678	-1.71021383631595	4747.16784116674	-514.675652446891	-437.638446297566	0.697172987828642
1.9279999999999	9771.10104984783	331.148007697981	365.237402502617	1.41360201185728	-8953.77812027869	229.148364086071	139.424130512982	-1.57078970580296	-817.322929569136	-560.296371784026	-511.225076255933	0.185947911572709
1.9289999999999	12991.2284981404	174.094810372566	218.969698751447	1.63257171060873	-8049.01063679553	376.976568064046	293.891579622944	-1.27689812618002	-4942.21786134483	-551.071378436599	-545.502940056243	-0.359555028483533
1.9299999999999	13670.4806519486	1.80171184638311E-08	76.389924168045	1.70896163477677	-7396.53112423938	487.903679009722	435.645775018522	-0.841252351161498	-6273.94952770922	-487.903679027739	-516.244612054202	-0.875799640537735
1.9309999999999	12009.4664738171	-174.094810338296	-79.8938521552144	1.62906778262156	-4799.16466220514	551.071378429107	515.074245840098	-0.3261781053214	-7210.30181161199	-376.976568090825	-425.554863347803	-1.30135450388554
1.9319999999999	8085.80982013081	-331.148007668829	-227.573530944444	1.40149425167711	714.019925476737	560.296371787793	535.102452632967	0.208924347311567	-8799.82974560755	-229.14836411899	-285.707656449698	-1.58706216033524
1.9329999999999	4793.33688991923	-455.786130764863	-379.489178246883	1.02200507343023	6556.61418022505	514.675652461547	505.177983842435	0.714102331154002	-11349.9510701443	-58.8895216967195	-124.376469631598	-1.71143862996683
1.9339999999999	2150.91236383893	-535.808731732983	-494.206417563866	0.527798655866365	10215.7893747844	418.674894316233	437.276734622494	1.1513790657765	-12366.7017386234	117.133837416708	33.5651588211201	-1.67787347114571
1.9349999999999	585.167203656387	-563.382640840131	-546.376715712802	-0.0185780598464366	11062.1310683131	281.691320435733	344.869686990133	1.49624875276663	-11647.2982719695	281.691320404354	203.135792074518	-1.4747376790712
1.9359999999999	-1766.6027909975	-535.808731744179	-547.191193086664	-0.565769252933101	11387.4766770541	117.133837452148	188.555283499848	1.68480403626648	-9620.87388605657	418.674894291989	339.935799726589	-1.13480187934461
1.9369999999999	-5520.2627595959	-455.78613078616	-482.526255467715	-1.04829550840082	10266.7981759967	-58.8895216606856	25.4405141388652	1.71024455040534	-4746.53541640078	514.67565244681	437.664255678444	-0.697137623666163
1.9379999999999	-9771.89651460034	-331.148007698141	-365.31118334844	-1.41360669174926	8953.62923794552	-229.14836408589	-139.469067421998	1.57077548298334	818.267276654827	560.296371784005	511.162161182646	-0.185975462483517
1.9389999999999	-12988.5354064564	-174.094810372755	-218.962362156571	-1.63256905390583	8054.01669793517	-376.976568063899	-293.895690796446	1.2768797921869	4934.51870852121	551.07137843664	545.590747833243	0.359615285349726
1.9399999999999	-13672.0875042615	-1.82153598871082E-08	-76.4274585498119	-1.70899651245564	7397.46420000143	-487.903679009623	-435.685860293126	0.841193931893773	6274.62330426008	487.903679027838	516.126841450071	0.875742126799797
1.9409999999999	-12008.1520766283	174.094810338107	79.9256447667258	-1.62907086768891	4796.21846218369	-551.071378429066	-514.998043208526	0.326195888685246	7211.93361444457	376.976568090972	425.598786823632	1.30134091362343
1.9419999999999	-8082.17270824139	331.148007668668	227.551574846611	-1.4015192928423	-718.399979756384	-560.296371787813	-535.097352394747	-0.2089014637095	8800.57268799778	229.148364119171	285.707066341669	1.5870479799651
1.9429999999999	-4794.84608389018	455.786130764784	379.535237816448	-1.02198405502585	-6556.6925795227	-514.675652461602	-505.191622374366	-0.714093086083867	11351.5386634129	58.889521696853	124.383698648677	1.71143167861378
1.9439999999999	-2144.79385133033	535.808731732921	494.118572915302	-0.527865482110553	-10223.8210087964	-418.674894316366	-437.260873648049	-1.15135395973192	12368.6148601268	-117.133837416514	-33.6054821642564	1.67782619644952
1.9449999999999	-576.114129391248	563.382640840131	546.387778474119	0.0185222963635664	-11065.6463244742	-281.691320435904	-344.862910143924	-1.49621686987584	11641.7604538654	-281.691320404183	-203.053304550926	1.47477289189859
1.9459999999999	1772.5048220947	535.80873174424	547.185374246629	0.565707670610195	-11391.9426321768	-117.133837452342	-188.570235530036	-1.68478710540588	9619.43781008214	-418.674894291856	-339.983685711605	1.13478920618699
1.9469999999999	5518.10492280418	455.786130786277	482.624074450278	1.04833174506047	-10266.8306285566	58.8895216604884	-25.4217400861467	-1.71020884549202	4748.72570575241	-514.675652446729	-437.641426878488	0.6971477793085
1.9479999999999	9774.25698001781	331.14800769825	365.267470351801	1.41359921541227	-8953.33289534986	229.148364085767	139.452463599434	-1.57075638189259	-820.924084667949	-560.296371783991	-511.145093541164	0.186002685767336
1.9489999999999	12991.2632674549	174.094810372944	218.944747798765	1.63254396321104	-8055.0619857166	376.976568063752	293.890441608383	-1.27686594028421	-4936.20128173828	-551.071378436682	-545.61018970918	-0.359607503941844
1.9499999999999	13667.5390922621	1.84135728886758E-08	76.4400408731207	1.70898400408416	-7393.76552703859	487.903679009524	435.619626634128	-0.841246313650077	-6273.7735652235	-487.903679027937	-516.17797994458	-0.875785483886424
1.9509999999999	12006.2374568766	-174.094810337919	-79.9028853948074	1.62908111868935	-4796.66615722445	551.071378429025	515.06253231008	-0.326183781339996	-7209.57129965212	-376.97656809112	-425.570924993741	-1.30135640888017
1.9519999999999	8083.12647654038	-331.148007668508	-227.568204253398	1.40151291443596	712.876636614947	560.296371787834	535.133269220526	0.208949487880529	-8796.00311315533	-229.148364119352	-285.72117466779	-1.58707758354796
1.9529999999999	4789.77242730377	-455.786130764668	-379.469601479657	1.0220433129563	6558.18783449816	514.675652461682	505.172778426101	0.714122266306631	-11347.9602618019	-58.8895216970501	-124.353401095241	-1.7114309846432
1.9539999999999	2133.95784961521	-535.80873173286	-494.150494011942	0.527892818944356	10229.7069961335	418.674894316498	437.158030783914	1.15128029709054	-12363.6648457487	117.13383741632	33.5219293799776	-1.67790905526322
1.9549999999999	574.595348031956	-563.382640840131	-546.439251253979	-0.0185464323096233	11071.0266112075	281.691320436076	344.869766433515	1.49615006352406	-11645.6219592395	281.691320404011	203.116200950712	-1.47479285431251
1.9559999999999	-1770.49478877368	-535.808731744302	-547.171602811614	-0.565718035121237	11391.1620877991	117.133837452536	188.645821978211	1.68479588550227	-9620.66729902539	418.674894291724	340.004507124829	-1.13478834718768
1.9569999999999	-5519.65693831199	-455.786130786393	-482.575947013475	-1.04829398213471	10267.9948313519	-58.8895216602913	25.4342331521951	1.71023011865446	-4748.3378930399	514.675652446649	437.656312913642	-0.697132034274035
1.9579999999999	-9771.40982195891	-331.14800769841	-365.311150763208	-1.41360513289792	8955.39399218478	-229.148364085586	-139.473900461172	1.57075621819329	816.015829774131	560.29637178397	511.165476145862	-0.185966558128173
1.9589999999999	-12994.4074891982	-174.094810373071	-218.927826425004	-1.63253295932292	8059.78694181507	-376.976568063652	-293.931132781639	1.27682508541165	4934.62054738311	551.071378436709	545.568160607805	0.359601602479632
1.95999999999989	-13675.3038240726	-1.86118569445171E-08	-76.4420355072428	-1.70897499483017	7403.41596581609	-487.903679009425	-435.689057054451	0.841136028357202	6271.88785825655	487.903679028036	516.1463878507	0.875747990330332
1.96099999999989	-12004.8691889095	174.09481033773	79.9194854541152	-1.62905550937605	4790.22340148851	-551.071378428984	-514.884758591306	0.326251269765896	7214.64578742099	376.976568091267	425.599455508507	1.30134744583884
1.96199999999989	-8083.86156684378	331.148007668347	227.552492896967	-1.40150301647908	-718.343175362119	-560.296371787855	-535.16612237621	-0.208914852610315	8802.2047422059	229.148364119533	285.6821770972	1.58702962293604
1.96299999999989	-4785.47708695248	455.786130764551	379.433297085852	-1.02206971939323	-6562.36582731946	-514.675652461763	-505.181914944958	-0.714096767555272	11347.8429142719	58.8895216972473	124.390010122445	1.71141963305849
1.96399999999989	-2140.36666711439	535.808731732819	494.19728518765	-0.527872434205583	-10227.7945174851	-418.674894316588	-437.21993398989	-1.15131670154516	12368.1611845995	-117.133837416189	-33.5757527543461	1.67784388030414
1.96499999999989	-584.50645012719	563.382640840131	546.412048198331	0.0185396139927484	-11062.1209995331	-281.691320436248	-344.970964968716	-1.49628766651388	11646.6274496603	-281.691320403839	-203.148341456944	1.4746955388472
1.96599999999989	1769.6629557645	535.808731744363	547.215092864759	0.565754706857507	-11388.2035735503	-117.13383745273	-188.510089810965	-1.68479775632484	9618.5406177858	-418.674894291591	-339.884104721608	1.13481143412559
1.96699999999989	5517.29310279983	455.786130786509	482.609902490703	1.04836460934821	-10264.4609447836	58.8895216600941	-25.4160799791883	-1.71021383630403	4747.16784198379	-514.675652446568	-437.63844629602	0.697172987829567
1.96799999999989	9771.10105083579	331.148007698571	365.237402496096	1.41360201184431	-8953.77812087062	229.148364085405	139.424130502144	-1.57078970580189	-817.322929965168	-560.296371783949	-511.225076252664	0.185947911576904
1.96899999999989	12991.2284982068	174.09481037326	218.969698770546	1.63257171061485	-8049.01063744305	376.976568063505	293.891579635581	-1.27689812616631	-4942.21786076377	-551.071378436751	-545.502940049988	-0.359555028473084
1.96999999999989	13670.48065035	1.88100699460847E-08	76.3899241668147	1.70896163478167	-7396.53112459606	487.903679009326	435.645775003231	-0.841252351163076	-6273.94952575389	-487.903679028136	-516.244612077085	-0.875799640550169
1.97099999999989	12009.4664728255	-174.094810337542	-79.8938521463937	1.62906778263527	-4799.16466098088	551.071378428942	515.074245840776	-0.3261781053223	-7210.30181184461	-376.976568091414	-425.55486332313	-1.3013545038733
1.97199999999989	8085.80982102053	-331.148007668187	-227.573530969688	1.40149425166558	714.019926668854	560.296371787875	535.102452618864	0.208924347296564	-8799.82974768939	-229.148364119714	-285.707656451555	-1.58706216032485
1.97299999999989	4793.33689018935	-455.786130764435	-379.489178240556	1.02200507342503	6556.6141812921	514.675652461844	505.177983844987	0.714102331141551	-11349.9510714814	-58.8895216974444	-124.376469634305	-1.71143862995916
1.97399999999989	2150.91236517613	-535.808731732757	-494.206417581409	0.52779865584362	10215.7893761967	418.674894316721	437.276734609502	1.15137906575105	-12366.7017413728	117.133837415995	33.565158819747	-1.67787347113941
1.97499999999989	585.167202835483	-563.382640840131	-546.376715688949	-0.0185780598453298	11062.1310686125	281.691320436419	344.869687007441	1.49624875275849	-11647.298271448	281.691320403668	203.135792062967	-1.47473767907645
1.97599999999989	-1766.60279079086	-535.808731744424	-547.191193081202	-0.565769252926531	11387.4766763542	117.133837452924	188.55528351918	1.68480403627767	-9620.87388556333	418.674894291458	339.935799738071	-1.13480187933837
1.97699999999989	-5520.26276063537	-455.786130786626	-482.526255468075	-1.04829550839461	10266.7981770773	-58.889521659897	25.4405141197005	1.71024455039738	-4746.53541644192	514.675652446487	437.664255673124	-0.69713762366525
1.97799999999989	-9771.89651592573	-331.148007698731	-365.311183335224	-1.41360669172983	8953.6292384095	-229.148364085224	-139.469067406295	1.57077548299108	818.267277516233	560.296371783929	511.162161187784	-0.185975462477466
1.97899999999989	-12988.535406204	-174.094810373448	-218.962362153746	-1.63256905388358	8054.01669710079	-376.976568063358	-293.895690773788	1.27687979221729	4934.51870910323	551.071378436792	545.590747848279	0.359615285370813
1.97999999999989	-13672.0875038506	-1.90082403150882E-08	-76.427458575147	-1.70899651245872	7397.46420050922	-487.903679009227	-435.685860324617	0.841193931892675	6274.62330334138	487.903679028235	516.126841436771	0.875742126807584
1.98099999999989	-12008.1520757439	174.094810337353	79.9256447523129	-1.62907086770641	4796.21845998886	-551.071378428901	-514.998043200645	0.32619588869203	7211.93361575501	376.976568091562	425.598786799339	1.30134091360692
1.98199999999989	-8082.17270920848	331.148007668027	227.551574868264	-1.40151929283815	-718.399980984884	-560.296371787896	-535.097352389904	-0.208901463697874	8800.57269019337	229.148364119895	285.707066346061	1.58704797995298
1.98299999999989	-4794.8460835514	455.786130764318	379.535237804044	-1.0219840550341	-6556.69258055932	-514.675652461924	-505.191622378865	-0.714093086076739	11351.5386641107	58.8895216976416	124.383698654859	1.71143167860784
1.98399999999989	-2144.79385204143	535.808731732676	494.118572931356	-0.527865482102747	-10223.8210099055	-418.674894316896	-437.260873637997	-1.15135395971474	12368.6148619469	-117.133837415738	-33.6054821617489	1.67782619644609
1.98499999999989	-576.114130916615	563.382640840131	546.387778477661	0.0185222963749143	-11065.6463219611	-281.691320436591	-344.862910170405	-1.49621686988514	11641.7604528777	-281.691320403496	-203.053304534302	1.47477289191179
1.98599999999989	1772.50482379235	535.808731744485	547.185374203634	0.565707670578548	-11391.9426324963	-117.133837453118	-188.57023553514	-1.68478710542028	9619.43780870392	-418.674894291326	-339.983685730144	1.13478920618165
1.98699999999989	5518.10492416494	455.786130786743	482.624074464468	1.04833174504302	-10266.8306299959	58.8895216596999	-25.421740066877	-1.71020884548716	4748.72570583097	-514.675652446407	-437.641426874875	0.697147779306773
1.98799999999989	9774.2569801935	331.148007698891	365.267470362328	1.41359921540534	-8953.33289566008	229.148364085043	139.452463594498	-1.57075638189266	-820.924084533412	-560.296371783908	-511.145093538702	0.18600268576807
1.98899999999989	12991.2632676402	174.094810373697	218.944747792485	1.63254396319783	-8055.06198510455	376.976568063163	293.890441594833	-1.27686594029783	-4936.2012825356	-551.071378436847	-545.610189709885	-0.359607503941815
1.98999999999989	13667.5390918065	1.92064675275105E-08	76.440040889121	1.70898400408695	-7393.7655271601	487.903679009127	435.619626649276	-0.84124631364855	-6273.77356464642	-487.903679028334	-516.177979942708	-0.875785483884522
1.99099999999989	12006.2374562563	-174.094810337165	-79.9028853893031	1.62908111869765	-4796.66615564664	551.07137842886	515.062532301882	-0.326183781346668	-7209.57130060966	-376.976568091709	-425.570924980803	-1.30135640886533
1.99199999999989	8083.12647801234	-331.148007667866	-227.568204281352	1.40151291441629	712.87663706438	560.296371787917	535.133269212478	0.20894948786581	-8796.00311507672	-229.148364120076	-285.721174676387	-1.58707758354171
1.99299999999989	4789.77242706045	-455.786130764164	-379.46960146618	1.02204331295011	6558.18783533544	514.67565246203	505.172778425618	0.714122266291428	-11347.9602623959	-58.8895216979024	-124.353401101848	-1.71143098464356
1.99399999999989	2133.95784875257	-535.808731732615	-494.150493991839	0.527892818958276	10229.7069988793	418.674894317029	437.158030786676	1.1512802970781	-12363.6648476319	117.133837415544	33.5219294036624	-1.6779090552399
1.99499999999989	574.595349938168	-563.382640840131	-546.439251266494	-0.0185464323082179	11071.0266094266	281.691320436763	344.869766468742	1.49615006354685	-11645.6219593648	281.691320403324	203.116200944562	-1.47479285429534
1.99599999999989	-1770.4947900336	-535.808731744547	-547.171602784646	-0.565718035092864	11391.1620863466	117.133837453312	188.645821984282	1.68479588553113	-9620.66729631305	418.674894291193	340.004507112005	-1.13478834718333
1.99699999999989	-5519.65694035163	-455.786130786859	-482.575947028827	-1.04829398212169	10267.994833013	-58.8895216595027	25.4342331119144	1.71023011864304	-4748.33789266134	514.675652446326	437.656312906861	-0.697132034276471
1.99799999999989	-9771.40982290799	-331.148007699104	-365.311150768495	-1.41360513289019	8955.39399248118	-229.148364084803	-139.473900450444	1.5707562181926	816.015830426812	560.296371783881	511.165476145291	-0.18596655813118
1.99899999999989	-12994.4074897673	-174.094810373886	-218.927826437103	-1.63253295932729	8059.7869430302	-376.976568063015	-293.931132796638	1.27682508539596	4934.62054673708	551.071378436888	545.568160606926	0.359601602475747
2	-13675.3036395079	2.18847162614111E-12	-76.4420356278457	-1.70897499496349	7403.41561470308	-487.903679018732	-435.689053590987	0.841136031757328	6271.88802480486	487.903679018729	516.146387839605	0.875747990371796
