"Time [s]"	"CoreLoss [W]"	"Moving1.Torque [NewtonMeter]"	"Moving1.Speed [rpm]"	"SolidLoss [kW]"
0	0	0	1500	0
0.001	23.398396727834	-13.7796447783726	1500	0.189608721390939
0.002	23.3516456367415	-43.4496899167897	1500	0.735345548628105
0.003	30.519297156627	-11.0238250662084	1500	1.50401957872336
0.004	35.8884198026049	102.290857672877	1500	2.18866870960996
0.005	39.9186167933506	178.808232129378	1500	2.70223348523928
0.006	41.2577153207039	75.7255056889516	1500	3.1987119283
0.007	36.9237251406776	-158.238240250583	1500	3.78533597945762
0.008	42.0281026055346	-283.184570787555	1500	4.31086482991702
0.009	44.9532826102046	-166.434361287345	1500	4.64405300251007
0.01	44.8768686229229	44.6913606203875	1500	4.4913402915965
0.011	47.125630161671	189.822888149159	1500	3.8658656805817
0.012	49.2566205955928	141.391881467633	1500	3.11670899028984
0.013	45.2824341504141	-64.8570583999295	1500	2.4047697057678
0.014	48.446392977603	-189.376451246558	1500	1.94137339715015
0.015	51.4209886861469	-146.573077572314	1500	1.59600917472948
0.016	49.2318822005514	-49.4881984109787	1500	1.19494177907241
0.017	45.2195622377258	9.38451456237751	1500	0.76766924710356
0.018	36.0875777136918	7.4572548179746	1500	0.403653289618162
0.019	33.3590288994765	-9.56429886070942	1500	0.189804334327816
0.02	36.5241306525503	-4.83197693266001	1500	0.0972396580772933
0.021	37.2247169736451	3.61065218111129	1500	0.0853546066185467
0.022	30.9274994598714	-0.313893235846855	1500	0.170441716134188
0.023	34.9166090542093	5.46269523382626	1500	0.335219420546642
0.024	43.972903446668	41.4287180430486	1500	0.484734928951807
0.025	48.97165320313	77.568559393464	1500	0.542544097168311
0.026	48.6198653523925	52.4128051948444	1500	0.541006765333819
0.027	45.9016891851248	-38.7278575874673	1500	0.660539645615796
0.028	48.559471974929	-96.9488242844835	1500	0.972755451314505
0.029	56.9328261292551	-64.9880181573102	1500	1.21737130809394
0.03	58.998751004744	16.3193707785102	1500	1.22734351843977
0.031	58.9425840002431	74.5156386061512	1500	1.02385217754936
0.032	51.9255447723405	53.8781998918493	1500	0.717777737271407
0.033	46.037719907554	-36.0329130228475	1500	0.536590908713688
0.034	50.1243345459435	-92.3777493569906	1500	0.517714836199587
0.035	54.1002647457412	-72.2653301945882	1500	0.506231678838087
0.036	50.5223113905318	-30.2664469809913	1500	0.410477658204509
0.037	45.4196877480236	-4.04315601060204	1500	0.26772636268134
0.038	36.8960180639813	-6.30541724579378	1500	0.137530546093116
0.039	36.2705567102634	-12.8406900896003	1500	0.0651509839029651
0.04	40.0953574184819	-7.28862550055854	1500	0.0335180969078225
0.041	40.200520765348	1.45093250821945	1500	0.0218664998277034
0.042	36.2459510262315	3.11911298053629	1500	0.038486701441144
0.043	36.892243727308	4.75803982384583	1500	0.0867710833574263
0.044	42.8432671304851	17.2963164553082	1500	0.135837053816155
0.045	46.770202749892	32.759575258714	1500	0.150069866524251
0.046	45.7888573388002	26.1723833771755	1500	0.143878964849088
0.047	41.4149868846031	-3.93338843977808	1500	0.175943638181858
0.048	42.4379263597337	-27.9116588000789	1500	0.267611786540598
0.049	49.7212473250447	-21.8693950200654	1500	0.361326149664377
0.05	54.3892206402661	5.40263825252874	1500	0.382297725033561
0.051	53.3791437952871	24.9090721683857	1500	0.315685457873373
0.052	45.5611934560029	14.0139115651797	1500	0.217328596392726
0.053	41.8111798109171	-20.4157724703982	1500	0.16444312611846
0.054	44.7382940267411	-41.7286392778882	1500	0.168895426429764
0.055	49.7255401355425	-34.0402040619432	1500	0.178700443429855
0.056	48.7859186976239	-16.8401339098252	1500	0.151004510132193
0.057	43.6878765317533	-6.76273121820558	1500	0.0969640609177369
0.058	39.150929386438	-8.20347227810572	1500	0.0485885371962187
0.059	39.7704182989087	-10.7312333250929	1500	0.0239704199479605
0.06	43.3242090768782	-6.79201756032649	1500	0.0139652479915245
0.061	43.2537254321163	-0.55616975957061	1500	0.00788072450983893
0.062	40.3718231212439	1.75685754279373	1500	0.00955659725348302
0.063	40.0496938830782	2.71970439052693	1500	0.0240592898986523
0.064	43.5188808926327	7.46249975137111	1500	0.0411098079087882
0.065	46.7348084704022	14.6064717637196	1500	0.0456185183296556
0.066	45.8306787172345	13.774152040312	1500	0.0406904652744623
0.067	42.7803316614657	2.86146400687107	1500	0.0484173952492648
0.068	42.6096467116468	-7.53985753923928	1500	0.0800494590801413
0.069	46.9238632321978	-7.48367667233347	1500	0.115522578810326
0.07	50.1716209134316	2.03438861155618	1500	0.125388949800185
0.071	49.4572864968244	7.81662352488654	1500	0.102595894726762
0.0720000000000001	44.5237716524071	2.63279908056141	1500	0.0677538605021237
0.0730000000000001	42.0543742247696	-11.7982292074036	1500	0.0515535728846763
0.0740000000000001	44.4746612442984	-20.7184484858409	1500	0.0579536052741194
0.0750000000000001	48.1022404552781	-17.8163534721821	1500	0.0655297698985211
0.0760000000000001	47.57134172845	-9.44381663095625	1500	0.0562178183065814
0.0770000000000001	44.155662266084	-5.5506898659244	1500	0.0351887314655083
0.0780000000000001	41.3178013763849	-6.64279166421714	1500	0.01680109823135
0.0790000000000001	42.614060090757	-7.86269073815982	1500	0.00889315239663609
0.0800000000000001	45.3149249849547	-5.20688412022875	1500	0.0064532233718236
0.0810000000000001	45.3310149416264	-1.3184983728101	1500	0.00384412787078453
0.0820000000000001	43.001983868923	0.528291704515638	1500	0.00286673104918131
0.0830000000000001	42.4572444447588	0.992021868223034	1500	0.00723048112240257
0.0840000000000001	44.9877392902984	3.09102963910506	1500	0.0134304958884951
0.0850000000000001	47.489522230942	6.80182097105217	1500	0.0147486850232229
0.0860000000000001	46.7970914054604	7.10133354922076	1500	0.0113588579482318
0.0870000000000001	44.3959994293485	2.78597681746876	1500	0.012503726860439
0.0880000000000001	44.056442205634	-1.98916086673779	1500	0.0237805809904925
0.0890000000000001	46.78445885079	-2.74845278609564	1500	0.0379490789593489
0.0900000000000001	49.4980817653508	0.25008620361261	1500	0.0426322642975664
0.0910000000000001	48.5294084331972	2.59151923410065	1500	0.0340290364678925
0.0920000000000001	45.0376280715341	-0.10592594163074	1500	0.0206877378167609
0.0930000000000001	43.35950689339	-6.66646618076398	1500	0.0155762644508852
0.0940000000000001	45.1580505799212	-10.8624967348498	1500	0.0201688370404267
0.0950000000000001	47.8879213251278	-8.99527845940834	1500	0.0248655876815455
0.0960000000000001	47.4408969707895	-5.7778027901951	1500	0.0215278142240264
0.0970000000000001	44.8532026961243	-3.9522394406789	1500	0.0128423329833225
0.0980000000000001	42.9453225636971	-4.60976926241229	1500	0.00560224942280487
0.0990000000000001	44.4383266620476	-5.26015015932385	1500	0.00335184884998088
0.1	46.5916864840635	-3.79242159553658	1500	0.00326392584794705
0.101	46.5973377855441	-1.32599562269096	1500	0.00228275599676126
0.102	44.6014774722837	-0.116499311817874	1500	0.00124190194575121
0.103	44.0263919547831	0.243202329373841	1500	0.00251911309299817
0.104	46.1643849231769	1.12616934288226	1500	0.00496179024040501
0.105	48.1884620714017	3.07983383018629	1500	0.00534683563831524
0.106	47.863857332089	3.59247948220263	1500	0.00329277534998696
0.107	45.7007076519838	1.78875473983538	1500	0.00290543454641654
0.108	45.1229071844504	-0.395350935359023	1500	0.00715542820265071
0.109	47.3207985151298	-1.25186552118947	1500	0.0131813238466499
0.11	49.4215905420282	0.114174840431291	1500	0.0153657510383886
0.111	48.5632402658829	0.670081211605632	1500	0.0117734753138498
0.112	45.7741777995106	-0.638334877587984	1500	0.00614351658475301
0.113	44.3714843616476	-3.80299249489949	1500	0.00448041539604708
0.114	45.8779513578166	-5.80059549739375	1500	0.00729699573914551
0.115	47.9391742989604	-5.22640490538402	1500	0.0100047687979606
0.116	47.5619308161485	-3.17225475447836	1500	0.00869782734928148
0.117	45.3797236092756	-2.55302813220169	1500	0.00484405700958551
0.118	44.0218553590217	-2.93703693284901	1500	0.00183577458345578
0.119	45.5447071107316	-3.51865377149069	1500	0.00137961711687499
0.12	47.3633232822393	-2.51124143751679	1500	0.00185141961427741
0.121	47.3202937916681	-1.08830451176177	1500	0.00152161679105125
0.122	45.53867829134	-0.310505642334804	1500	0.000789311989267891
0.123	44.9511146242562	-0.211779712351153	1500	0.00113494812469667
0.124	46.8931619703799	0.234567222906606	1500	0.00219041997229438
0.125	48.6803289916523	1.42217546025262	1500	0.00232911504537347
0.126	48.5038886172737	1.86962183180621	1500	0.00114520221725831
0.127	46.5752134231281	0.965360901857041	1500	0.000618574708433856
0.128	45.9053187137524	-0.0958957774286224	1500	0.00230594802541855
0.129	47.7798835912976	-0.572524197100608	1500	0.00504973879061111
0.13	49.5232045413377	-0.310548538778771	1500	0.00611915634866767
0.131	48.7501972456763	0.154400008951384	1500	0.00446691517493548
0.132	46.3335152051501	-0.517660623933068	1500	0.00184969151153386
0.133	45.0546413044713	-2.14226414614742	1500	0.0012670472442998
0.134	46.4147344042486	-3.32685939410888	1500	0.00290485918464706
0.135	48.0618626093514	-2.65776892238467	1500	0.004424908622763
0.136	47.7063058126561	-2.02934315039107	1500	0.00385130393492906
0.137	45.7404735232628	-1.61675993553537	1500	0.00200634083743351
0.138	44.7078798271757	-1.83190573448599	1500	0.000674411733118086
0.139	46.1950320539978	-2.20258024944141	1500	0.000718755429596134
0.14	47.8137123675908	-1.7571055283981	1500	0.00119805872860792
0.141	47.72094759553	-0.784319656233562	1500	0.00112075358039297
0.142	46.0525118203746	-0.337610882198382	1500	0.000640262075426488
0.143	45.5102976937029	-0.213622939784752	1500	0.000690586838783682
0.144	47.3067984936954	-0.0851143295205781	1500	0.00119161846468611
0.145	48.951195943982	0.607557720505805	1500	0.00127545323226013
0.146	48.8607670362668	0.904679578466694	1500	0.000625153819101181
0.147	47.0702684108506	0.484284236806608	1500	0.000234032071291478
0.148	46.342503600079	0.0803199448316158	1500	0.000949099265288626
0.149	48.0785423198993	-0.419088753668159	1500	0.00226482809475991
0.15	49.6008238532973	-0.0921330119850279	1500	0.00280257880637621
0.151	48.915207319757	-0.140109702820497	1500	0.0019944775364306
0.152	46.6995225226611	-0.410481271509316	1500	0.000678839501090313
0.153	45.5069172497774	-1.23964932915004	1500	0.000448851364221045
0.154	46.7523970278299	-1.8320253278152	1500	0.00138282298754468
0.155	48.175715247518	-1.77258736602383	1500	0.00224049133188346
0.156	47.8118500010474	-1.02973983277343	1500	0.00195431146211594
0.157	45.9561743662419	-0.991886518729445	1500	0.00101745639143731
0.158	45.1060355967622	-1.01832023065055	1500	0.000386684855678154
0.159	46.5778114391604	-1.49263704549252	1500	0.000522546496189515
0.16	48.069075380498	-1.08141411627401	1500	0.000886371587499028
0.161	47.9387564827233	-0.549598064798196	1500	0.000886607546993687
0.162	46.3277513883943	-0.261404768393244	1500	0.000578349644362734
0.163	45.7825185826873	-0.305063465017536	1500	0.000551015251980675
0.164	47.503545916981	-0.230307362230334	1500	0.000804911171288128
0.165	49.0607780519288	0.286545253797872	1500	0.000870608650013051
0.166	48.9770504966749	0.54898706865322	1500	0.000514981980953128
0.167	47.2905433865729	0.213599591947646	1500	0.00027226266202755
0.168	46.590785356789	0.0303360392124589	1500	0.00058915282472591
0.169	48.1894589443794	-0.182714241052609	1500	0.00125300890390899
0.17	49.6482282823297	-0.324395821046432	1500	0.00153789773647247
0.171	48.9761538608864	-0.126863628983253	1500	0.00113089767376939
0.172	46.8762845827235	-0.232883884749241	1500	0.000425720102883145
0.173	45.7426926500435	-0.69851589094433	1500	0.000319343086280496
0.174	46.9417881234839	-1.17940774309071	1500	0.000843827217986238
0.175	48.2127723999298	-0.798992436098565	1500	0.00132829204925928
0.176	47.8774804719258	-0.755913092141008	1500	0.00117356725691334
0.177	46.085824769781	-0.616067778693428	1500	0.000677682278245452
0.178	45.3398669590611	-0.617845216086048	1500	0.000362971811606197
0.179	46.78485540742	-0.904133326641984	1500	0.000481628620337151
0.18	48.1922495043682	-0.803252163393679	1500	0.000728529126631393
0.181	48.0109280078699	-0.34890801790825	1500	0.000758684236460588
0.182	46.4321764154641	-0.203606520950389	1500	0.000554200019178479
0.183	45.919142497392	-0.15454147930217	1500	0.000502251898786786
0.184	47.5583819541572	-0.210102821603338	1500	0.000637574183615731
0.185	49.0479527831867	0.120956849470149	1500	0.0006910620043206
0.186	48.9611969197252	0.261408484957915	1500	0.000500783796701073
0.187	47.2886133021346	0.0926995251324971	1500	0.0003619853806992
0.188	46.5648690071203	0.140093913451667	1500	0.000512481480156911
0.189	48.1355111694205	-0.207858846294327	1500	0.00085200929751327
0.19	49.5262816749293	-0.0710718061331213	1500	0.00100739493379577
0.191	48.9470933247404	-0.224163952538492	1500	0.000804910206973911
0.192	46.9469486140735	-0.197123787009446	1500	0.000412270360633701
0.193	45.8691379226952	-0.413051793515679	1500	0.000352313719815005
0.194	47.0451141769068	-0.638579418343492	1500	0.000648864296261662
0.195	48.2692116266194	-0.711251956577169	1500	0.000925466884396898
0.196	47.9175337216922	-0.301695837517067	1500	0.000831359436555679
0.197	46.1630795537918	-0.381130532618627	1500	0.000566171295090285
0.198	45.4728195216694	-0.249087718613445	1500	0.000401680494163042
0.199	46.9045769040096	-0.677580890307569	1500	0.000484406683868568
0.2	48.2529229338912	-0.458920190115006	1500	0.00064447411713444
0.201	48.0467548850194	-0.231842712661075	1500	0.000674913537460793
0.202	46.485270710493	-0.123683168868143	1500	0.000540035167162605
0.203	45.9502112666181	-0.209213593224407	1500	0.000497098946136921
0.204	47.5588504026357	-0.225264344089084	1500	0.000568727573879725
0.205	49.021226043504	0.0917502503083049	1500	0.000609090155702744
0.206	48.9135467481973	0.25353853735959	1500	0.000503455619611369
0.207	47.2604154550674	0.0235538552797519	1500	0.000432123952193479
0.208	46.5805097675033	0.0732805199165283	1500	0.000504217449254539
0.209	48.0483685801293	-0.0474857097512076	1500	0.000684505373089525
0.21	49.3489295635116	-0.27883211792868	1500	0.00077132685335344
0.211	48.7641124030486	-0.144936617885876	1500	0.00067552871182016
0.212	46.8157050337384	-0.0884053032841855	1500	0.000444988608255141
0.213	45.8146262435051	-0.228507045560202	1500	0.000407206983458396
0.214	47.0129558558763	-0.50895365232757	1500	0.000568624370183891
0.215	48.2367137894913	-0.208046276589136	1500	0.000728390421203296
0.216	47.9236113455028	-0.323622878599998	1500	0.000671306633328532
0.217	46.1893698486262	-0.245378122480248	1500	0.000531131778096346
0.218	45.5372664825117	-0.155184556758143	1500	0.000445519996787619
0.219	46.9612047285371	-0.399511410672924	1500	0.000497680951083712
0.22	48.2779077444093	-0.406898986967722	1500	0.000597982935021179
0.221	48.0381336700098	-0.128375159976865	1500	0.000631519689396484
0.222	46.471634423341	-0.0909548364320794	1500	0.000536355761057416
0.223	45.9531842413574	-0.0594443592534482	1500	0.000494782138704601
0.224	47.5069658556576	-0.159788031027184	1500	0.000533797919586194
0.225	48.9056826094894	0.0601591721666465	1500	0.000562650512947809
0.226	48.7614652547236	0.130774957376049	1500	0.000504019064320564
0.227	47.1283331883476	0.00775484668619648	1500	0.000472497046399873
0.228	46.419496965629	0.179386817297771	1500	0.00051323994683906
0.229	47.9471912458409	-0.119210420047059	1500	0.000604546251235894
0.23	49.3359890635179	-0.0326995239983473	1500	0.000654003066250299
0.231	48.8414491029518	-0.217652858452806	1500	0.000616433242582025
0.232	46.9205524378376	-0.106454088596426	1500	0.000477962907003594
0.233	45.9122394709778	-0.140925318390354	1500	0.0004496979584447
0.234	47.1020174660723	-0.255941627730967	1500	0.000540796981770696
0.235	48.2866288130395	-0.366055386747636	1500	0.000632688766963869
0.236	47.9277859782819	-0.0537278880934851	1500	0.000591147358489469
0.237	46.2134808936392	-0.161319470993605	1500	0.000521984951706668
0.238	45.5824981882644	0.0354789496763877	1500	0.00047748656786257
0.239	47.0031355414818	-0.368106883863743	1500	0.000508086729601923
0.24	48.2999358407377	-0.20889079665992	1500	0.000570472609175037
0.241	48.0486020671433	-0.0848963396269691	1500	0.000597675967788492
0.242	46.4914000801987	-0.0400943712151396	1500	0.000531234152418379
0.243	45.9483172021189	-0.135069635419366	1500	0.000504463498745542
0.244	47.5011578173108	-0.171536688235735	1500	0.000523010829882157
0.245	48.9026538827529	0.0837809082668752	1500	0.000541808880388425
0.246	48.76861248694	0.20246733630536	1500	0.000505018419766912
0.247	47.1296491234706	-0.0106399467417618	1500	0.000498256252558796
0.248	46.4548719340097	0.104787872659737	1500	0.000520444332864823
0.249	47.9038112464034	0.0137021448397205	1500	0.000569755431976045
0.25	49.2060030851385	-0.244379342316834	1500	0.000597107109988325
0.251	48.6721744672058	-0.132729261498465	1500	0.000589610217287215
0.252	46.7822455229391	-0.0310049818551162	1500	0.000498471612389278
0.253	45.8308447976797	-0.0722935464847775	1500	0.00047751385002148
0.254	47.044999767854	-0.290115450370689	1500	0.000522456191049112
0.255	48.2369306563077	-0.0127350847400897	1500	0.000577312725059929
0.256	47.9193139187492	-0.175963275560491	1500	0.000549618636179546
0.257	46.2114086858473	-0.114409254327264	1500	0.000520347638285889
0.258	45.5920159764566	0.012699395192472	1500	0.000500542324173418
0.259	47.0104523514166	-0.211264375828825	1500	0.000517026004325921
0.26	48.2974004561242	-0.25167080042057	1500	0.000555026549648135
0.261	48.0309867108476	-0.0323496616910814	1500	0.000583838348655151
0.262	46.4609837344065	-0.0327949118573108	1500	0.000531793123946766
0.263	45.9270097416255	-0.0036806796033529	1500	0.000504884173121515
0.264	47.433283469847	-0.113473219887156	1500	0.000514277348448445
0.265	48.7983666399588	0.0717585790643164	1500	0.000525899253391241
0.266	48.6123112286678	0.114578880742655	1500	0.000502375970766544
0.267	46.9633836265324	-0.00294585711660114	1500	0.000509219027763128
0.268	46.2758585106142	0.204251547368098	1500	0.00052759727732418
0.269	47.7707048177601	-0.0782794768427048	1500	0.000548899231146135
0.27	49.1075615849528	-0.00776599891993897	1500	0.000564450927235714
0.271	48.6941928197116	-0.20515720657801	1500	0.000574395246856074
0.272	46.8192387463539	-0.0714081487881786	1500	0.000513362561005889
0.273	45.8666125379165	-0.0497709889880754	1500	0.000494967294781608
0.274	47.0771615385886	-0.129483508464376	1500	0.000520284752719321
0.275	48.2645023745234	-0.250767854427616	1500	0.000551530568352747
0.276	47.9306418622064	0.0313939081992371	1500	0.000526540747027795
0.277	46.2262624185723	-0.0844381545046601	1500	0.000520886831912578
0.278	45.6119213884631	0.137355007143602	1500	0.000513549173213354
0.279	47.0262284957814	-0.254138752794578	1500	0.000521434117054957
0.28	48.3023154345246	-0.11295769597612	1500	0.000544878505252188
0.281	48.0226630620887	-0.023605046399772	1500	0.000568361782513098
0.282	46.4602733809469	-0.000947720673949419	1500	0.000528652055948636
0.283	45.9058045717237	-0.0972132992170122	1500	0.000513564404421618
0.284	47.4259753941544	-0.137141199733676	1500	0.000515289771542465
0.285	48.7864526078753	0.099021351781963	1500	0.000521163816363124
0.286	48.6082782483778	0.200898972704699	1500	0.000502225096677262
0.287	46.9541790273255	-0.0117462314826428	1500	0.000518085292393469
0.288	46.3040161185526	0.122704325175347	1500	0.000530601473541054
0.289	47.7475033734884	0.0415693883153648	1500	0.000542137476161949
0.29	49.0227863420708	-0.225508644617962	1500	0.000549585805673179
0.291	48.5143943451228	-0.122515690109518	1500	0.000567500868131913
0.292	46.6912544542848	-0.00902030288461308	1500	0.00051964923104018
0.293	45.7980409970933	-0.0196213781309704	1500	0.000504869700455548
0.294	47.0426048247229	-0.217165349665239	1500	0.000512607068280425
0.295	48.2336354845802	0.053006851156002	1500	0.00053254463018351
0.296	47.9173771724093	-0.125086975374237	1500	0.000514236500046758
0.297	46.2142794583729	-0.0689404214522065	1500	0.000521605660882634
0.298	45.6085364212644	0.0721475611650581	1500	0.000523197781844997
0.299	47.0264130666813	-0.142667086391852	1500	0.000525678564864644
0.3	48.3014938262551	-0.193097160744892	1500	0.000539772041554846
0.301	48.0208042094092	0.00644109845992723	1500	0.000565707289928896
0.302	46.4512598585518	-0.00727097947873783	1500	0.000530259575002297
0.303	45.917294647044	0.0222808499414881	1500	0.000511797204636157
0.304	47.404600534038	-0.0887385149775081	1500	0.00051170547820695
0.305	48.7337745641334	0.0855894249180017	1500	0.000514120193870209
0.306	48.5122370845028	0.118076851551126	1500	0.000499436814445492
0.307	46.8488809745805	-0.000563546701666818	1500	0.000519578684740157
0.308	46.1682805357243	0.21696769595609	1500	0.000534166539329764
0.309	47.6411009283805	-0.0599597478539233	1500	0.000535051011561057
0.31	48.8993541464555	0.00507191957287073	1500	0.00053890391448885
0.311	48.4868199169371	-0.197308583650917	1500	0.00056241278172046
0.312	46.6849045612596	-0.0580477255663346	1500	0.00052562537976346
0.313	45.8203448618386	-0.0188933742104419	1500	0.000511230385784418
0.314	47.0664281013501	-0.0870234876906256	1500	0.000515607948472516
0.315	48.2541072193458	-0.211786513187192	1500	0.000526420340749672
0.316	47.9294874956673	0.0609110070673845	1500	0.000506723081092893
0.317	46.2279354312761	-0.0578275812204513	1500	0.000522218347176103
0.318	45.620586517368	0.173150196436358	1500	0.000527327489064464
0.319	47.0320375076458	-0.212916554341872	1500	0.000526826068281986
0.32	48.2984205837614	-0.0772700956084778	1500	0.000535696191221409
0.321	48.0041359570063	0.000539003977813198	1500	0.000557298895578839
0.322	46.4375676941002	0.0154477121955294	1500	0.000527675411401065
0.323	45.8819101861309	-0.0806335287861357	1500	0.000518545033571124
0.324	47.3846906939877	-0.12053313127423	1500	0.000514855777401826
0.325	48.7173569815304	0.109627976521387	1500	0.000514327075850703
0.326	48.5191440843182	0.205407693601297	1500	0.000499764803668726
0.327	46.8498039631586	-0.00872317829652804	1500	0.00052343621400694
0.328	46.2052891434897	0.131268549791528	1500	0.000534734288080066
0.329	47.6419037538439	0.0537847969478128	1500	0.000535232741678334
0.33	48.8548948874874	-0.216537839948953	1500	0.000535683165858293
0.331	48.3864122325901	-0.116883639793038	1500	0.000560767050993815
0.332	46.6185904527944	-0.000628002091533126	1500	0.000526485221256932
0.333	45.7820376251841	-0.00171571309608788	1500	0.00051433950794626
0.334	47.0433691538062	-0.192536055829571	1500	0.000510281065142243
0.335	48.229511342311	0.075322021550058	1500	0.000518315334322527
0.336	47.9136055157722	-0.10738831399822	1500	0.000502999681617255
0.337	46.2141788926329	-0.0532589483211599	1500	0.000522584644736686
0.338	45.6125636462856	0.0928571148130354	1500	0.000531479703714656
0.339	47.0299057608273	-0.117996130384996	1500	0.000529004169078363
0.34	48.2956005145226	-0.171584654941255	1500	0.000534305759815994
0.341	48.0019792621828	0.021416295513879	1500	0.000558952310178331
0.342	46.4274022707361	0.00305867039542145	1500	0.000529628649524111
0.343	45.8925086339477	0.0331245844494572	1500	0.000515167000021012
0.344	47.3638692409628	-0.0775753463534667	1500	0.000512026880161335
0.345	48.6704196054639	0.0932390274203109	1500	0.00051012162900214
0.346	48.4318199715014	0.12213802827083	1500	0.000497545058719668
0.347	46.7564475492982	0.00217661912040656	1500	0.000522253600683995
0.348	46.0994340191206	0.22268100884144	1500	0.000536710144616161
0.349	47.5813472987624	-0.0520631951637165	1500	0.000531646458884447
0.35	48.7936479582722	0.010943681913845	1500	0.00053133215676232
0.351	48.3868778440249	-0.19337060491125	1500	0.000558627100982265
0.352	46.6370299422288	-0.0529668255280618	1500	0.00052940895557018
0.353	45.8085926600579	-0.00838536093691227	1500	0.00051676619295454
0.354	47.0644738242998	-0.0725844295262327	1500	0.000514535720044856
0.355	48.2497120735118	-0.198547811089187	1500	0.00051829774149613
0.356	47.9258363061325	0.071261020889203	1500	0.00050029704990487
0.357	46.2285764258458	-0.048638696721046	1500	0.000522820016995908
0.358	45.6213046903748	0.185552271468366	1500	0.000532225258393213
0.359	47.0354256052024	-0.198128153456677	1500	0.00052885090107547
0.36	48.2959009073297	-0.0643044511614502	1500	0.000532426740263433
0.361	47.9946117345918	0.00970263959911831	1500	0.000553251406113381
0.362	46.4248670349054	0.0219061803710328	1500	0.000527253133868051
0.363	45.8611511518588	-0.0739665889028724	1500	0.000520807104251364
0.364	47.339483062698	-0.113382834798318	1500	0.000515375204447151
0.365	48.6345484774832	0.114804417528986	1500	0.000511941513453089
0.366	48.4009884723981	0.208557545543823	1500	0.000498409991117055
0.367	46.7091558624321	-0.00661280143129124	1500	0.000524751355686836
0.368	46.0453041915209	0.134944332054592	1500	0.000536289900822586
0.369	47.4598539013901	0.058997699825011	1500	0.000533602547781376
0.37	48.6334883092435	-0.212632831036104	1500	0.000531538523262969
0.371	48.1875681068597	-0.114216285437511	1500	0.000558609569290918
0.372	46.507546592104	0.00258536427608171	1500	0.000528524125042942
0.373	45.7460521817349	0.00437186005398224	1500	0.000517548618313784
0.374	47.0438425709528	-0.184112021541076	1500	0.000509782029199022
0.375	48.230642066362	0.0829064065096286	1500	0.000513649238928932
0.376	47.9151494286285	-0.101175773167682	1500	0.000499309089851124
0.377	46.2130292811309	-0.0478550333399506	1500	0.000522927388632216
0.378	45.6120324668967	0.0999573418471984	1500	0.000534368918984424
0.379	47.0311782101991	-0.109144692630599	1500	0.000530243261574915
0.38	48.2948387558745	-0.163860284945941	1500	0.000532378292907979
0.381	48.0003363931388	0.0270163431751447	1500	0.000556533682189426
0.382	46.4264850143326	0.00705101010028155	1500	0.000529346150268053
0.383	45.8902918532273	0.037348378251448	1500	0.000516629922407871
0.384	47.3538711670571	-0.0729061385396013	1500	0.000512508923011466
0.385	48.6414567036534	0.0966693518943392	1500	0.000508686977755711
0.386	48.3810397354544	0.124437241127981	1500	0.000496611888969019
0.387	46.6882530105545	0.00373456171107704	1500	0.000522863477357991
0.388	46.0235583311289	0.225028985995469	1500	0.000537653909320463
0.389	47.4725985579034	-0.0487194556381803	1500	0.000530894428431804
0.39	48.6251883144162	0.013423969291262	1500	0.000529068281642459
0.391	48.2119185641844	-0.191608026041294	1500	0.000557418890436906
0.392	46.5251809531057	-0.0510329710139362	1500	0.000530502774199404
0.393	45.7625451480247	-0.00483044174788679	1500	0.000518647623799194
0.394	47.0608503185753	-0.0675829453932583	1500	0.000514346514290476
0.395	48.2487774180897	-0.194066322183279	1500	0.000515596409247163
0.396	47.92569212804	0.0749320858725445	1500	0.000498175151064307
0.397	46.2279280737896	-0.0454474154599905	1500	0.000522995193638535
0.398	45.6198369171239	0.189783060113526	1500	0.000533911024263718
0.399	47.035583777366	-0.192796938967533	1500	0.000529606298426685
0.4	48.2949067056742	-0.0596912139116317	1500	0.000531282489487723
0.401	47.9925810875067	0.0130844472447731	1500	0.00055184160342402
0.402	46.4225605099717	0.0243631483669102	1500	0.000527060330324096
0.403	45.8605418122986	-0.0714567643797505	1500	0.000521762470975446
0.404	47.3385283637682	-0.110464235830526	1500	0.00051576513686834
0.405	48.6304580560094	0.116974731295147	1500	0.000511051650258819
0.406	48.3958581414924	0.210152891132738	1500	0.000497787756656124
0.407	46.7070361557407	-0.00553857250593166	1500	0.0005250189358025
0.408	46.0455345510939	0.13639397656268	1500	0.000536860873755797
0.409	47.460562784821	0.0612224304394819	1500	0.000533282681347709
0.41	48.6245920618167	-0.211043724462236	1500	0.000530296516166874
0.411	48.1888250173203	-0.113064638721125	1500	0.000557937096410198
0.412	46.5112428792864	0.00383171795061473	1500	0.00052909325407855
0.413	45.753648895036	0.00640852956744249	1500	0.000518650278492269
0.414	47.0559630423325	-0.181164506530104	1500	0.00050972179287036
0.415	48.2310270448621	0.0854649987107729	1500	0.000512069387223143
0.416	47.9146056567003	-0.0989809261376361	1500	0.000498087296955033
0.417	46.2105687476343	-0.0459775112902158	1500	0.000523005162793995
0.418	45.60978946262	0.10233354845043	1500	0.000535354370069545
0.419	47.031827287464	-0.105921530076511	1500	0.000530709914313829
0.42	48.2952770140912	-0.161150134468632	1500	0.000531707760940886
0.421	47.9995045529639	0.0290552574715412	1500	0.000555719748012091
0.422	46.4288553984273	0.00856093610402754	1500	0.000529213344501003
0.423	45.8943378083111	0.0388912448294827	1500	0.000517237684344222
0.424	47.3597806335924	-0.0710045407048661	1500	0.000512794610129335
0.425	48.649989388822	0.0980367619172647	1500	0.000508127940509671
0.426	48.3940033630247	0.125514282160591	1500	0.000496209284607079
0.427	46.6999696978103	0.00448616177062971	1500	0.000522960045121303
0.428	46.0352518788846	0.225916713433746	1500	0.000537998924903083
0.429	47.4828537612335	-0.047283718462976	1500	0.000530776471802476
0.43	48.6274619315264	0.0144032765522194	1500	0.00052838555081616
0.431	48.2112710798584	-0.190884120258364	1500	0.000557059654915019
0.432	46.5319175517245	-0.0502872834202163	1500	0.000530794046858867
0.433	45.7653925308327	-0.00366328148818537	1500	0.000519303672866343
0.434	47.0640597886546	-0.0657840713354008	1500	0.000514351602007526
0.435	48.250050472713	-0.192572431702438	1500	0.000514657750456532
0.436	47.9257706110028	0.0762486327180991	1500	0.000497475990798008
0.437	46.2254902626052	-0.0443127672813913	1500	0.000523019678575305
0.438	45.6171581583945	0.191189079132424	1500	0.000534482814324212
0.439	47.0334472195879	-0.190820034327323	1500	0.000529894883674366
0.44	48.2911736956144	-0.0580870246065969	1500	0.000530882869690164
0.441	47.9888494413493	0.0143003365676614	1500	0.000551389727513324
0.442	46.4209137283997	0.0252879559347929	1500	0.000526967360577036
0.443	45.8612276467118	-0.070583965794783	1500	0.000522158388727247
0.444	47.3397499832527	-0.109283958961655	1500	0.000515969714076939
0.445	48.6321896728637	0.11778793218462	1500	0.000510683407941103
0.446	48.3999641276518	0.21086899158856	1500	0.000497532229587684
0.447	46.7154459360285	-0.00503857321553608	1500	0.000525039749875405
0.448	46.0593044805284	0.136911836279576	1500	0.000537069781536691
0.449	47.4748659189295	0.062210427351745	1500	0.000533256754786872
0.45	48.6443407795959	-0.210438352348233	1500	0.000529917161396763
0.451	48.2183625920377	-0.112605235663296	1500	0.000557754358903405
0.452	46.5389407421498	0.00433498399832323	1500	0.000529234056349294
0.453	45.7672909896925	0.00705169366883713	1500	0.000519043868643762
0.454	47.0673057613318	-0.18008147577534	1500	0.000509745900525794
0.455	48.2311783517301	0.0863082277265933	1500	0.000511500360142675
0.456	47.9152063546436	-0.0982058016619205	1500	0.000497687630330817
0.457	46.2110086361367	-0.0453046661086557	1500	0.000523000804710637
0.458	45.6099751452191	0.103089040984088	1500	0.000535688528251369
0.459	47.0334567896633	-0.104691608596127	1500	0.000530892470427424
0.46	48.2975595848706	-0.160228847544851	1500	0.000531470777390082
0.461	48.0018992886549	0.0297756250715081	1500	0.000555476858623645
0.462	46.4301049052125	0.00913742355137791	1500	0.000529146161999095
0.463	45.898018762749	0.0394031929883882	1500	0.000517490679437021
0.464	47.3645840809944	-0.0702124681674644	1500	0.00051293395676835
0.465	48.6527703899565	0.0985259332255434	1500	0.000507881147758914
0.466	48.3967282504275	0.125975156533974	1500	0.000496053137305393
0.467	46.704101196229	0.00483966540761142	1500	0.00052294587701639
0.468	46.0408242662191	0.226213535262111	1500	0.000538126688290729
0.469	47.4906368005232	-0.0466297336445297	1500	0.000530787456528916
0.47	48.6348264897727	0.0147607724265748	1500	0.000528170717831155
0.471	48.2132389836182	-0.190614321818243	1500	0.000556978390196885
0.472	46.5361972953798	-0.0499858949838767	1500	0.000530857058290632
0.473	45.7695642083189	-0.00331586862937718	1500	0.000519545659387957
0.474	47.0686082604041	-0.0650835185395733	1500	0.000514382199648253
0.475	48.2561802572306	-0.19209453051773	1500	0.00051430185443369
0.476	47.9263447472271	0.0767245874794705	1500	0.000497252170860738
0.477	46.2258236030475	-0.0438824882198803	1500	0.000523002896740078
0.478	45.6169494072123	0.191629325602752	1500	0.000534678088333485
0.479	47.0338221356845	-0.190033695189007	1500	0.000530010935918682
0.48	48.2909714637795	-0.0575406338543223	1500	0.000530736759591341
0.481	47.9885874978933	0.0147229052349681	1500	0.000551270484371357
0.482	46.4204211874002	0.0256456886286793	1500	0.00052691819366224
0.483	45.8603634108977	-0.0703256288621737	1500	0.000522326806860157
0.484	47.3391442283298	-0.108784986708782	1500	0.000516065486621613
0.485	48.6321573860474	0.11805131625077	1500	0.000510507425469061
0.486	48.4022110906875	0.21117150349608	1500	0.000497438772117154
0.487	46.718251953919	-0.00480138260038008	1500	0.000525014201758312
0.488	46.0620632716429	0.137064179596779	1500	0.000537149066511558
0.489	47.4777865275811	0.0626907328488607	1500	0.000533280668006133
0.49	48.6498557597978	-0.210227896793108	1500	0.000529791730779746
0.491	48.21877291097	-0.112439981837934	1500	0.000557728293995275
0.492	46.5399350629671	0.00455819341334261	1500	0.000529256479533203
0.493	45.768710798765	0.00721827160857039	1500	0.000519195702185903
0.494	47.0690801627204	-0.179641436793177	1500	0.000509772943730014
0.495	48.2327628536433	0.0865699486988438	1500	0.000511270306621546
0.496	47.9162352273805	-0.0979371961537449	1500	0.000497563587205928
0.497	46.2114770624837	-0.0450426883352459	1500	0.000522977951166169
0.498	45.6101967051009	0.103297793387002	1500	0.000535804850956593
0.499	47.0341698161741	-0.104173119046585	1500	0.000530969082361339
0.5	48.2980585899937	-0.159933678098345	1500	0.000531379300588598
0.501	48.0022396577338	0.0300179258445849	1500	0.000555426658000716
0.502	46.429980640656	0.00937195072760232	1500	0.000529108106896303
0.503	45.8977970032967	0.0395362293429423	1500	0.000517601168565811
0.504	47.3649295279557	-0.0698527471570043	1500	0.000512997185583859
0.505	48.6527767129483	0.0986727546443185	1500	0.000507753849380187
0.506	48.3979570055203	0.126160745554733	1500	0.000496001353544975
0.507	46.7066401654224	0.00501847313118274	1500	0.00052291676521477
0.508	46.04443141379	0.226285618950377	1500	0.000538177591931722
0.509	47.4945395300036	-0.0462968892166611	1500	0.000530813042966568
0.51	48.6388780479334	0.014874494497193	1500	0.000528093120269482
0.511	48.2168615176542	-0.190530224023278	1500	0.000556982739058296
0.512	46.540645534107	-0.0498497202955099	1500	0.000530859353092278
0.513	45.7710386751744	-0.00324592484831661	1500	0.000519644224087827
0.514	47.0704445350488	-0.0647683807342865	1500	0.000514405116368169
0.515	48.2591457725941	-0.191957788330672	1500	0.000514145696269212
0.516	47.9276689401687	0.0768960752577219	1500	0.000497187550233294
0.517	46.227331480408	-0.0436952852928419	1500	0.000522979611482539
0.518	45.6165665669698	0.191745064408974	1500	0.000534748596979195
0.519	47.0337616651397	-0.189677576449971	1500	0.000530061850873703
0.52	48.2907267886035	-0.0573715240064977	1500	0.000530674924375658
0.521	47.988409533785	0.0148606636018193	1500	0.000551259193239988
0.522	46.4199998431589	0.0257975857244869	1500	0.000526888694662924
0.523	45.8602901281829	-0.0702861331361892	1500	0.000522403958339417
0.524	47.3394595657945	-0.108548401721634	1500	0.000516108594462844
0.525	48.6324041635006	0.118110205190778	1500	0.000510409065804879
0.526	48.4042679424624	0.211294577804801	1500	0.000497411768865843
0.527	46.7216440618857	-0.00467564856949463	1500	0.000524986910898387
0.528	46.0672707648831	0.137082800598457	1500	0.000537183026702997
0.529	47.484020977906	0.0629575017350474	1500	0.000533304178649606
0.53	48.6676050521264	-0.210167781472863	1500	0.000529740712005283
0.531	48.2231865013374	-0.112392591736332	1500	0.00055774753298993
0.532	46.5450768509821	0.00467431747327854	1500	0.000529249191167405
0.533	45.7709174595957	0.00722648859903511	1500	0.000519262027116548
0.534	47.0696136462251	-0.179429979046827	1500	0.00050979049008309
0.535	48.2329931363836	0.0866382909651863	1500	0.000511160148564145
0.536	47.916466212713	-0.0978506449356956	1500	0.000497531799336906
0.537	46.2113954135384	-0.0449222609246796	1500	0.000522954971058479
0.538	45.6099153931382	0.103328179051746	1500	0.000535849488771788
0.539	47.034396555188	-0.103916809984589	1500	0.000531004972080323
0.54	48.2982111956685	-0.159852341564588	1500	0.000531336121768717
0.541	48.0023192567841	0.0300904914566822	1500	0.000555435725102317
0.542	46.4309315415429	0.00948207618508694	1500	0.00052908359724465
0.543	45.8990597433289	0.0395381036601396	1500	0.000517654291481364
0.544	47.3663158410983	-0.0696627242348728	1500	0.000513025275928023
0.545	48.6544410203882	0.0986966927922328	1500	0.000507677680592728
0.546	48.4006296805357	0.126230594254599	1500	0.000495990817547453
0.547	46.7092416441676	0.00512307030916053	1500	0.000522891675159882
0.548	46.0484339615459	0.226278915061632	1500	0.000538201769919114
0.549	47.4993439406339	-0.0461014248416693	1500	0.000530833082634812
0.55	48.6547997376713	0.0148981809863524	1500	0.000528056145404138
0.551	48.2185719185502	-0.190517088288924	1500	0.00055700888137492
0.552	46.5429233199153	-0.0497759181808047	1500	0.000530847851239722
0.553	45.7733970477712	-0.00326527002814856	1500	0.000519690638286128
0.554	47.0723154690054	-0.0645960258576842	1500	0.000514418686516903
0.555	48.2605624913445	-0.191932021022716	1500	0.000514063476594189
0.556	47.9283678949328	0.076955511700571	1500	0.000497175706848049
0.557	46.2277858315931	-0.0435949012414591	1500	0.000522958858448397
0.558	45.6165626277333	0.191755777113022	1500	0.000534778253578314
0.559	47.0339902786599	-0.18948509914355	1500	0.000530087172053269
0.56	48.2905802376664	-0.0573277384268106	1500	0.000530641546921597
0.561	47.9884053975124	0.0148986157113828	1500	0.000551278187965032
0.562	46.4206582322335	0.0258744210136828	1500	0.000526868667958947
0.563	45.8602284797199	-0.0703176796656602	1500	0.00052244370087726
0.564	47.3395201573161	-0.108415101491942	1500	0.000516128020474507
0.565	48.6320788551549	0.118100723815884	1500	0.000510346464358584
0.566	48.4047527351334	0.211342815271081	1500	0.000497410220047912
0.567	46.7222172440851	-0.00459715792423577	1500	0.000524965111954161
0.568	46.0679768730439	0.1370578755219	1500	0.000537201221301659
0.569	47.483547212953	0.0631278078411361	1500	0.000533320987247842
0.57	48.6626699223967	-0.210161217720909	1500	0.000529712272186312
0.571	48.2220815664973	-0.11238927824716	1500	0.000557775640822623
0.572	46.5447914825231	0.00474702329766366	1500	0.000529236378525507
0.573	45.7715942597984	0.007186907424559	1500	0.000519296049867208
0.574	47.0702248625853	-0.179305793089714	1500	0.000509800404685866
0.575	48.233128840861	0.0866452133803852	1500	0.000511097034446437
0.576	47.9162532871187	-0.0978295057258014	1500	0.000497530280785796
0.577	46.211158165022	-0.0448529055011338	1500	0.000522935858557526
0.578	45.609208237368	0.10330512752403	1500	0.000535870596365788
0.579	47.0338658084447	-0.103764795235316	1500	0.000531024332770803
0.58	48.2959492942037	-0.159840980119987	1500	0.000531309692239709
0.581	47.999177328512	0.0301047576159843	1500	0.000555458911304868
0.582	46.4286516213505	0.00954547533182738	1500	0.000529066025497158
0.583	45.8970189104117	0.0395000274066438	1500	0.000517683358727661
0.584	47.3641544019956	-0.0695435397072921	1500	0.000513037885784737
0.585	48.6506073534487	0.0986816262576767	1500	0.000507626836016404
0.586	48.3976243904684	0.126253506314029	1500	0.000495995311600259
0.587	46.7072277858353	0.00519450889881154	1500	0.000522872361735203
0.588	46.046745089514	0.226248894452909	1500	0.000538216489190536
0.589	47.497952549915	-0.0459704484882549	1500	0.00053084697302742
0.59	48.6485195497828	0.0148915197306796	1500	0.000528032256170429
0.591	48.2156504266165	-0.190528364090269	1500	0.000557036700899528
0.592	46.5412020013857	-0.0497273742476025	1500	0.000530834936640495
0.593	45.7717004703918	-0.00330884817727352	1500	0.000519716404130199
0.594	47.0717016244589	-0.0644829757352965	1500	0.00051442619314223
0.595	48.2607279605864	-0.191939639310768	1500	0.000514012539937355
0.596	47.928469611271	0.0769730934942758	1500	0.000497180577440614
0.597	46.2274226663469	-0.043528711605959	1500	0.000522942061687426
0.598	45.615965222907	0.191735756598633	1500	0.000534794341751348
0.599	47.033515257538	-0.18936185061967	1500	0.00053010171639094
0.6	48.2886060353008	-0.0573244689687662	1500	0.000530618750762233
0.601	47.987563313654	0.0149030042178913	1500	0.000551302199426764
0.602	46.4207695720784	0.0259222616421644	1500	0.000526853793623478
0.603	45.8605194623786	-0.0703669454403336	1500	0.000522467093662417
0.604	47.3407882972201	-0.108326118154308	1500	0.000516137042902051
0.605	48.6331206480622	0.118072986554218	1500	0.000510303027064502
0.606	48.4079807437219	0.211360396072337	1500	0.000497417428125162
0.607	46.7259840486228	-0.00454058951513377	1500	0.000524948440107682
0.608	46.071084983427	0.137022736447353	1500	0.000537213605244011
0.609	47.4855023192753	0.0632487823265556	1500	0.000533332616514918
0.61	48.6616503771134	-0.210171574930387	1500	0.000529691853302533
0.611	48.2216670642675	-0.112400598000752	1500	0.000557801782740176
0.612	46.5447846614666	0.00479956243227577	1500	0.000529224132992474
0.613	45.770511145743	0.00713752099068248	1500	0.000519316479112322
0.614	47.0705194310938	-0.179219956293708	1500	0.000509805788103885
0.615	48.234419653975	0.086634811126918	1500	0.000511055540148947
0.616	47.9185216557007	-0.0978313256755431	1500	0.000497537918025413
0.617	46.2131778680059	-0.0448044826333935	1500	0.000522920686494068
0.618	45.6098651216382	0.10327009811839	1500	0.000535883610539057
0.619	47.0336679428241	-0.103660464613054	1500	0.000531036340178291
0.62	48.2953029165587	-0.159850408483448	1500	0.000531290142336229
0.621	47.9987432421801	0.0301003152534235	1500	0.000555482261448423
0.622	46.4282972931182	0.00958930727767972	1500	0.000529052549798377
0.623	45.8962918321002	0.0394543664829137	1500	0.000517701457447286
0.624	47.3635041855666	-0.069458217729202	1500	0.000513043740089933
0.625	48.6491702157498	0.0986575627068743	1500	0.000507590522543343
0.626	48.3963512403231	0.126257960744747	1500	0.00049600440653415
0.627	46.7068616394726	0.00524880386647358	1500	0.000522857621847408
0.628	46.0467502821073	0.22621549567978	1500	0.000538227433029732
0.629	47.4983722863965	-0.0458743320673708	1500	0.000530856693115388
0.63	48.6484993949881	0.0148766035173889	1500	0.000528013822417516
0.631	48.2157522986821	-0.190546070358537	1500	0.000557060758876544
0.632	46.5414140651931	-0.0496908719000853	1500	0.0005308234928726
0.633	45.7715443918053	-0.00335467783368999	1500	0.000519732874106504
0.634	47.071795347343	-0.0643995655082186	1500	0.000514430327622026
0.635	48.2608503750969	-0.191955177999973	1500	0.000513977368361511
0.636	47.928604608597	0.076974960114313	1500	0.000497189921613027
0.637	46.2274846610343	-0.0434789033111979	1500	0.000522928754176345
0.638	45.6157477066414	0.191709590157956	1500	0.00053480546324626
0.639	47.033556199834	-0.189273186296818	1500	0.000530111201766772
0.64	48.2883612850121	-0.0573329048139458	1500	0.000530600974353939
0.641	47.9874373908395	0.0148971368053348	1500	0.000551323929234405
0.642	46.4203399636392	0.0259570798260397	1500	0.000526842169880043
0.643	45.8594046942569	-0.0704156885559738	1500	0.000522482535077948
0.644	47.3393515279289	-0.108259556801268	1500	0.000516141455185468
0.645	48.6308643130686	0.11804398180223	1500	0.000510271318229268
0.646	48.4060579846489	0.211365533842695	1500	0.000497426851227987
0.647	46.7247379565028	-0.00449623918476237	1500	0.000524935603683613
0.648	46.0705176557573	0.136988830555862	1500	0.000537223379772132
0.649	47.4815357263377	0.0633404058253717	1500	0.000533340912118601
0.65	48.6585364375923	-0.210185682084904	1500	0.000529675448880866
0.651	48.2206257713487	-0.112415316418241	1500	0.000557823523946347
0.652	46.5457968267739	0.0048406089738346	1500	0.000529213685367864
0.653	45.7714630960731	0.00709083252285834	1500	0.000519330284566454
0.654	47.0710853017136	-0.179154765200769	1500	0.000509808721041968
0.655	48.2348528443053	0.0866212706355245	1500	0.00051102590177107
0.656	47.9188013306231	-0.0978404519698985	1500	0.000497547500733918
0.657	46.2133564899697	-0.0447668677957612	1500	0.000522908732830433
0.658	45.6097592357761	0.103236157843969	1500	0.000535893339135822
0.659	47.033651263776	-0.10358235896034	1500	0.000531044635277057
0.66	48.2948416859323	-0.15986433148301	1500	0.000531274397111728
0.661	47.9982097929356	0.030090886277013	1500	0.000555502204305417
0.662	46.427752301632	0.00962307429708139	1500	0.000529041856852369
0.663	45.8952070316275	0.0394118467564558	1500	0.000517713907789266
0.664	47.3621228903954	-0.0693924360054698	1500	0.000513046596549809
0.665	48.6472689668496	0.0986342826189812	1500	0.000507563562024448
0.666	48.3948668337742	0.126255528718012	1500	0.000496014115799179
0.667	46.7065600419842	0.00529228149789303	1500	0.000522846224810274
0.668	46.0470185123368	0.226185200694589	1500	0.000538236393279086
0.669	47.498222694974	-0.0458001433533224	1500	0.000530863759883356
0.67	48.6482620878436	0.0148611044717685	1500	0.000527998697200499
0.671	48.2154474643784	-0.190563683910356	1500	0.000557080252073124
0.672	46.5411849027484	-0.049661619837717	1500	0.000530813936175712
0.673	45.7720421000969	-0.00339588661564648	1500	0.000519744448850126
0.674	47.0709483043932	-0.0643343671803116	1500	0.000514432672500248
0.675	48.259181051733	-0.191970773893735	1500	0.00051395157212116
0.676	47.926567267262	0.0769711142232449	1500	0.000497199606910423
0.677	46.2253371261808	-0.0434391180898932	1500	0.000522918223141199
0.678	45.6142523343836	0.191684953268953	1500	0.000534814258926378
0.679	47.0333079827905	-0.18920530508203	1500	0.000530117958685742
0.68	48.2877814563054	-0.0573435899399227	1500	0.000530586434433712
0.681	47.9867573338377	0.0148890306577727	1500	0.000551341834200639
0.682	46.4201102029159	0.0259844966554176	1500	0.000526832867015903
0.683	45.8590868621815	-0.0704584180084255	1500	0.000522493556848021
0.684	47.3387522228873	-0.108206860477812	1500	0.000516143755053548
0.685	48.629395100535	0.118018627999474	1500	0.000510247490994288
0.686	48.4054855114501	0.211365706514597	1500	0.000497436047473874
0.687	46.725182831086	-0.00446021877264655	1500	0.000524925578864251
0.688000000000001	46.0709340666603	0.13695947525242	1500	0.000537231539523956
0.689000000000001	47.4815847861199	0.0634121040745247	1500	0.000533347061106107
0.690000000000001	48.6585485030492	-0.210199180712899	1500	0.000529661874386091
0.691000000000001	48.2216545178751	-0.112429449655997	1500	0.000557840933197657
0.692000000000001	46.5465603275749	0.00487370544982597	1500	0.000529205054975423
0.693000000000001	45.7720081646252	0.00705037627878847	1500	0.000519340317734351
0.694000000000001	47.0713898789314	-0.179103110157133	1500	0.000509810357916109
0.695000000000001	48.2351004990204	0.0866087535178333	1500	0.000511003773325136
0.696000000000001	47.9190172157752	-0.0978510966470717	1500	0.000497556635678473
0.697000000000001	46.2132662420731	-0.0447364192377307	1500	0.00052289928683241
0.698000000000001	45.6093267299116	0.10320683682918	1500	0.000535901256608144
0.699000000000001	47.0332961846717	-0.10352136479387	1500	0.000531050765233516
0.700000000000001	48.2938089956977	-0.159877707556997	1500	0.000531261411271408
0.701000000000001	47.9974250600842	0.0300810876141767	1500	0.000555518352446934
0.702000000000001	46.427700754636	0.0096502941412249	1500	0.000529033248430122
0.703000000000001	45.8954520193771	0.0393753932493166	1500	0.000517723031193973
0.704000000000001	47.3627948338595	-0.0693400298483457	1500	0.00051304806989275
0.705000000000001	48.6476980587869	0.0986143712445914	1500	0.000507543091118499
0.706000000000001	48.3959810851776	0.126250880629683	1500	0.0004960230151762
0.707000000000001	46.7081443734359	0.00532773887428869	1500	0.000522837293998163
0.708000000000001	46.0480858878286	0.226159595617191	1500	0.000538243936476879
0.709000000000001	47.4988220606755	-0.0457414705468435	1500	0.000530869078238518
0.710000000000001	48.6481297840167	0.014847351583957	1500	0.000527986156152791
0.711000000000001	48.214018400911	-0.190579173891631	1500	0.000557095727544235
0.712000000000001	46.540624624393	-0.0496376723702441	1500	0.000530806101700319
0.713000000000001	45.7720670283127	-0.00343087996374381	1500	0.000519753044175392
0.714000000000001	47.0712330580331	-0.0642822124629139	1500	0.000514434066053843
0.715000000000001	48.2592753000654	-0.191984366571144	1500	0.000513932043337443
0.716000000000001	47.926654859165	0.0769654809357854	1500	0.00049720833077938
0.717000000000001	46.2251740696859	-0.0434067128794033	1500	0.000522909861157813
0.718000000000001	45.6139190272017	0.191663846531381	1500	0.000534821546043914
0.719000000000001	47.032996969515	-0.189151840248717	1500	0.000530123027146655
0.720000000000001	48.2873403217781	-0.0573536383394699	1500	0.000530574430805418
0.721000000000001	47.9862960398843	0.0148812804860424	1500	0.000551356143000416
0.722000000000001	46.4197218289632	0.0260067002545434	1500	0.000526825354715089
0.723000000000001	45.8585005306514	-0.0704941392547372	1500	0.000522501799866794
0.724000000000001	47.3382876430753	-0.108164194575139	1500	0.000516145034844916
0.725000000000001	48.6283300992198	0.117997738913191	1500	0.000510229273408483
0.726000000000001	48.4048414845434	0.211364011128094	1500	0.000497444200066978
0.727000000000001	46.7254795623189	-0.00443068579819743	1500	0.000524917662170485
0.728000000000001	46.0714144962113	0.13693511782977	1500	0.000537238421113044
0.729000000000001	47.4819208883528	0.0634690545616922	1500	0.000533351750559133
0.730000000000001	48.6588217875036	-0.210210888107963	1500	0.000529650639753562
0.731000000000001	48.2226311510008	-0.112441775105589	1500	0.000557854667052371
0.732000000000001	46.5472737511847	0.00490061802456097	1500	0.000529198005189975
0.733000000000001	45.7738610086649	0.00701656988755872	1500	0.000519347906140001
0.734000000000001	47.0724005733964	-0.179061535599827	1500	0.00050981130186458
0.735000000000001	48.2362133294436	0.0865981866645176	1500	0.00051098685887292
0.736000000000001	47.9198409646939	-0.0978611719245306	1500	0.000497564628582295
0.737000000000001	46.213522778036	-0.0447115273290207	1500	0.000522891794034367
0.738000000000001	45.6093859398241	0.103182560244296	1500	0.000535907850363677
0.739000000000001	47.0339101915082	-0.103472865734346	1500	0.000531055465039826
0.740000000000001	48.2949717334198	-0.159889237804804	1500	0.000531250694672464
0.741000000000001	47.9999670622282	0.0300723293632336	1500	0.000555531167996244
0.742000000000001	46.4311864891451	0.00967252402070878	1500	0.000529026285193066
0.743000000000001	45.8994825748131	0.0393452203246577	1500	0.000517729961365148
0.744000000000001	47.3678129543079	-0.0692977954121308	1500	0.000513048871061422
0.745000000000001	48.6504104603247	0.0985980443061643	1500	0.0005075273321209
0.746000000000001	48.395461186825	0.126245875502635	1500	0.000496030698756724
0.747000000000001	46.7080908673632	0.00535673421449135	1500	0.000522830233129548
0.748000000000001	46.0481890864941	0.226138590353187	1500	0.000538250284956204
0.749000000000001	47.499013143213	-0.045694574848189	1500	0.000530873174063909
0.750000000000001	48.6482971967158	0.0148358001465414	1500	0.000527975805017547
0.751000000000001	48.2148518098463	-0.190592139210266	1500	0.000557107936260779
0.752000000000001	46.5418160128424	-0.0496180173918284	1500	0.000530799725228467
0.753000000000001	45.7730080116843	-0.00345985090233169	1500	0.000519759620769102
0.754000000000001	47.0727103229534	-0.0642401851617917	1500	0.000514434939222874
0.755000000000001	48.261194038229	-0.191995710702073	1500	0.000513917002600409
0.756000000000001	47.9282746914424	0.0769596281922745	1500	0.000497215775962554
0.757000000000001	46.2260865415679	-0.0433802442546927	1500	0.000522903197761254
0.758000000000001	45.6144710696891	0.191646415246762	1500	0.000534827627926146
0.759000000000001	47.0331579321699	-0.1891092389497	1500	0.0005301269351527
0.760000000000001	48.2873559166638	-0.0573623384016223	1500	0.000530564553587843
0.761000000000001	47.9863483287001	0.0148745963945193	1500	0.000551367456676228
0.762000000000001	46.4197541196305	0.0260247694250649	1500	0.000526819274437523
0.763000000000001	45.8584302054282	-0.0705233511509135	1500	0.000522508127483589
0.764000000000001	47.3382839801626	-0.108129424979306	1500	0.000516145789180582
0.765000000000001	48.6284181074039	0.117980888512781	1500	0.00051021518885178
0.766000000000001	48.4049581621637	0.211361743990486	1500	0.000497451133810342
0.767000000000001	46.7257447427104	-0.00440649889837274	1500	0.000524911369200768
0.768000000000001	46.0716267394141	0.136915285422253	1500	0.000537244191676373
0.769000000000001	47.4820754771417	0.0635145749817621	1500	0.000533355389319588
0.770000000000001	48.658907804524	-0.210220689537248	1500	0.000529641402487696
0.771000000000001	48.2227775877346	-0.112452107209236	1500	0.000557865485546993
0.772000000000001	46.5475568278579	0.00492248732252727	1500	0.000529192277089233
0.773000000000001	45.7741014618034	0.00698881284294699	1500	0.000519353773309549
0.774000000000001	47.0726922645222	-0.179027933722009	1500	0.000509811865031175
0.775000000000001	48.2363702666776	0.0865895231222616	1500	0.000510973754960008
0.776000000000001	47.9199340913882	-0.0978700064018007	1500	0.000497571367272767
0.777000000000001	46.2135216285463	-0.0446912162902954	1500	0.000522885830613836
0.778000000000001	45.6093803652411	0.103162823261694	1500	0.00053591333922666
0.779000000000001	47.0340473420379	-0.103434034956406	1500	0.000531059136639426
0.780000000000001	48.2950478569885	-0.159898812021235	1500	0.00053124189974261
0.781000000000001	48.0005315029328	0.0300649012770512	1500	0.000555541295072344
0.782000000000001	46.4327150470432	0.00969068398625943	1500	0.000529020650929391
0.783000000000001	45.9012764480479	0.0393206767121268	1500	0.000517735332556209
0.784000000000001	47.3702868460928	-0.0692636750729379	1500	0.000513049325374919
0.785000000000001	48.6534654491207	0.098584851480948	1500	0.000507515086575576
0.786000000000001	48.3998010892954	0.126241225442592	1500	0.000496037142105105
0.787000000000001	46.7127206337485	0.00538037387391579	1500	0.000522824620490478
0.788000000000001	46.0516724927652	0.226121598550538	1500	0.000538255584361533
0.789000000000001	47.5020764106025	-0.0456569344884852	1500	0.000530876370730292
0.790000000000001	48.6482571070937	0.0148263055292624	1500	0.000527967321894212
0.791000000000001	48.2147526767258	-0.190602750588032	1500	0.000557117585140407
0.792000000000001	46.5418826631938	-0.0496019474277556	1500	0.000530794556588653
0.793000000000001	45.7729883608474	-0.00348353117682445	1500	0.000519764738049114
0.794000000000001	47.0728704837502	-0.0642062822126881	1500	0.000514435514970323
0.795000000000001	48.2613638585553	-0.192005057356865	1500	0.000513905297702951
0.796000000000001	47.9283647302736	0.0769541702952806	1500	0.000497221969967254
0.797000000000001	46.2261818294091	-0.0433586835177937	1500	0.000522897874574067
0.798000000000001	45.6144534257927	0.191632259303262	1500	0.000534832679564908
0.799000000000001	47.0332528219374	-0.189075154975401	1500	0.000530129988949694
0.800000000000001	48.2874520499531	-0.057369659346066	1500	0.000530556475957013
0.801000000000001	47.9864360770073	0.0148690494280299	1500	0.000551376392197395
0.802000000000001	46.4198361141968	0.0260394212989682	1500	0.000526814356307052
0.803000000000001	45.8583863732826	-0.0705469643091288	1500	0.000522513056736341
0.804000000000001	47.3383184001005	-0.108101081771792	1500	0.000516146255005181
0.805000000000001	48.6284380375414	0.117967388941863	1500	0.000510204213974076
0.806000000000001	48.4049921190003	0.211359447036765	1500	0.000497456904000471
0.807000000000001	46.7258084516334	-0.00438677747679523	1500	0.00052490634784991
0.808000000000001	46.0716558795818	0.136899285331516	1500	0.00053724898621481
0.809000000000001	47.4822756591404	0.0635510458054792	1500	0.000533358239266319
0.810000000000001	48.6590766149251	-0.210228791245103	1500	0.000529633861122126
0.811000000000001	48.2231090682606	-0.112460606758725	1500	0.00055787401736721
0.812000000000001	46.5480247016201	0.00494019473604321	1500	0.000529187638547879
0.813000000000001	45.7760290311699	0.00696623957540774	1500	0.00051935836642538
0.814000000000001	47.0738244604697	-0.179000778647273	1500	0.000509812211453346
0.815000000000001	48.2367665493654	0.086582480059969	1500	0.000510963516519821
0.816000000000001	47.920015356237	-0.0978774771108695	1500	0.000497576941971009
0.817000000000001	46.2135845860067	-0.0446747321889033	1500	0.000522881073087662
0.818000000000001	45.6093476417531	0.103146917245006	1500	0.000535917878412573
0.819000000000001	47.0341223923446	-0.103402877618196	1500	0.000531062032394
0.820000000000001	48.2950854598616	-0.159906655073462	1500	0.000531234727088172
0.821000000000001	48.000582328122	0.0300587308619892	1500	0.000555549307150555
0.822000000000001	46.4327675172711	0.0097054646849091	1500	0.000529016098205218
0.823000000000001	45.9012434969245	0.0393009071159028	1500	0.0005177395453666
0.824000000000001	47.3703088796685	-0.0692361369636838	1500	0.000513049590786308
0.825000000000001	48.6535011871068	0.098574235968507	1500	0.0005075055068653
0.826000000000001	48.3999235778621	0.126237168865134	1500	0.00049604246103816
0.827000000000001	46.7128039819747	0.00539956103752628	1500	0.000522820145682481
0.828000000000001	46.0517063047501	0.226107952540749	1500	0.000538259967924591
0.829000000000001	47.5023278843468	-0.0456266797939085	1500	0.000530878883587327
0.830000000000001	48.6486107509045	0.0148185684024885	1500	0.000527960414682207
0.831000000000001	48.2152517947925	-0.190611323853325	1500	0.000557125197653301
0.832000000000001	46.5423283162407	-0.0495888800934355	1500	0.000530790377317016
0.833000000000001	45.7749757617355	-0.00350275134699924	1500	0.000519768756184807
0.834000000000001	47.0740805827341	-0.0641789642448695	1500	0.000514435912380756
0.835000000000001	48.2618367956592	-0.19201274566605	1500	0.000513896127332358
0.836000000000001	47.9285545314266	0.0769493185477716	1500	0.000497227053168478
0.837000000000001	46.2264052051065	-0.0433411907236513	1500	0.000522893615450673
0.838000000000001	45.6146020905488	0.191620862007014	1500	0.000534836844060048
0.839000000000001	47.0335024517112	-0.189047858682795	1500	0.000530132391568481
0.840000000000001	48.2876155842966	-0.0573757592919046	1500	0.000530549907023514
0.841000000000001	47.9865826425095	0.0148645214177448	1500	0.000551383459567762
0.842000000000001	46.420012946124	0.0260512299665618	1500	0.000526810384148075
0.843000000000001	45.8585024060788	-0.070565919814768	1500	0.000522516929761061
0.844000000000001	47.3388943682597	-0.108078017504437	1500	0.000516146553153027
0.845000000000001	48.6286725746666	0.117956586238288	1500	0.000510195613094437
0.846000000000001	48.4048930455796	0.211357335281962	1500	0.000497461645154896
0.847000000000001	46.725426502979	-0.0043707754495919	1500	0.000524902332173239
0.848000000000001	46.0709085350638	0.136886440090778	1500	0.00053725293593159
0.849000000000001	47.481433877429	0.0635802869029271	1500	0.000533360482292197
0.850000000000001	48.6589695587789	-0.210235463073828	1500	0.000529627739519057
0.851000000000001	48.2232080805867	-0.112467531657101	1500	0.000557880760238804
0.852000000000001	46.5473596718729	0.00495447354724666	1500	0.000529183891999484
0.853000000000001	45.7760093618895	0.00694798598569822	1500	0.00051936198906522
0.854000000000001	47.0741204462956	-0.178978867486127	1500	0.000509812429434191
0.855000000000001	48.2370688660032	0.0865767592417575	1500	0.000510955469928094
0.856000000000001	47.9203788558692	-0.0978836707919296	1500	0.000497581504177903
0.857000000000001	46.2136606073726	-0.0446614318693351	1500	0.000522877271769138
0.858000000000001	45.6093242295507	0.103134158656936	1500	0.000535921604237592
0.859000000000001	47.0341808288648	-0.103377871831692	1500	0.000531064327872604
0.860000000000001	48.2951198097419	-0.159913050638973	1500	0.000531228907749742
0.861000000000001	48.0005561613828	0.0300536539542919	1500	0.000555555650295723
0.862000000000001	46.4327373184344	0.00971744229072029	1500	0.000529012424874245
0.863000000000001	45.9011897521964	0.0392850840748816	1500	0.000517742872284761
0.864000000000001	47.3703607213444	-0.0692139575514904	1500	0.000513049748331992
0.865000000000001	48.6533950528929	0.0985656955078502	1500	0.000507497975375711
0.866000000000001	48.4000956605645	0.126233741043456	1500	0.000496046809981509
0.867000000000001	46.7139344703847	0.00541506524137602	1500	0.000522816571851924
0.868000000000001	46.0543691552589	0.226097039699866	1500	0.000538263565306011
0.869000000000001	47.5069054459602	-0.0456023550277589	1500	0.000530880866865012
0.870000000000001	48.652274696557	0.0148122865211388	1500	0.000527954816485499
0.871000000000001	48.2201545021743	-0.190618205318235	1500	0.000557131223142841
0.872000000000001	46.5480633955797	-0.0495783085374792	1500	0.000530787005397206
0.873000000000001	45.7788036902577	-0.00351828570861423	1500	0.000519771930219983
0.874000000000001	47.0782612131392	-0.0641569902967338	1500	0.000514436197592326
0.875000000000001	48.2651295879118	-0.192019083730102	1500	0.00051388890768344
0.876000000000001	47.9285384378969	0.0769451098041457	1500	0.000497231188774019
0.877000000000001	46.2263659083783	-0.0433270499594325	1500	0.000522890207191942
0.878000000000001	45.6141764291343	0.191611733085606	1500	0.000534840253747474
0.879000000000001	47.0329781706062	-0.18902600444377	1500	0.000530134289001999
0.880000000000001	48.2863536176636	-0.0573808264433884	1500	0.000530544588401496
0.881000000000001	47.9855474462198	0.0148608509532741	1500	0.000551389060868555
0.882000000000001	46.4194859611309	0.0260606862887306	1500	0.000526807180813509
0.883000000000001	45.8593771837368	-0.0705810645705908	1500	0.000522519989099722
0.884000000000001	47.3402051415346	-0.108059289093758	1500	0.000516146749256279
0.885000000000001	48.6298467807638	0.117947933786904	1500	0.000510188843512243
0.886000000000001	48.4065166021694	0.211355480931008	1500	0.000497465509414828
0.887000000000001	46.7267213342687	-0.00435784818313904	1500	0.000524899116402786
0.888000000000001	46.072228069646	0.136876158042985	1500	0.000537256167174456
0.889000000000001	47.482094088211	0.0636037326269283	1500	0.000533362251877455
0.890000000000001	48.6585384238786	-0.210240956979111	1500	0.000529622792088003
0.891000000000001	48.2226204440879	-0.112473143839754	1500	0.00055788610077316
0.892000000000001	46.5468536047969	0.00496594439898417	1500	0.000529180872317922
0.893000000000001	45.7738008648618	0.00693327956028463	1500	0.000519364860010949
0.894000000000001	47.0735197663286	-0.178961219742982	1500	0.000509812569030382
0.895000000000001	48.2371189246227	0.0865721050747366	1500	0.000510949118748687
0.896000000000001	47.9203508295332	-0.09788874482022	1500	0.000497585212635195
0.897000000000001	46.2131602770236	-0.0446507574746812	1500	0.00052287423136929
0.898000000000001	45.6078903515385	0.103123954287081	1500	0.000535924642294362
0.899000000000001	47.032111419988	-0.103357813718853	1500	0.000531066153156777
0.900000000000001	48.2922389027297	-0.159918260078401	1500	0.000531224204995417
0.901000000000001	47.9978812976614	0.0300494906030173	1500	0.000555560682909251
0.902000000000001	46.4296481082232	0.00972711089368477	1500	0.000529009465441833
0.903000000000001	45.8986874435059	0.0392724795169862	1500	0.000517745511542842
0.904000000000001	47.3669412068784	-0.0691961344403623	1500	0.000513049841975098
0.905000000000001	48.6476917750192	0.0985588168647335	1500	0.000507492031584274
0.906000000000001	48.394770006568	0.126230898691191	1500	0.000496050344642165
0.907000000000001	46.7095557746248	0.00542754455574654	1500	0.000522813714863164
0.908000000000001	46.0539674592639	0.226088337896404	1500	0.000538266499399575
0.909000000000001	47.5068663141695	-0.0455828008743278	1500	0.000530882435504067
0.910000000000001	48.6519945666	0.0148071927697889	1500	0.000527950295308574
0.911000000000001	48.2196845513527	-0.190623704628329	1500	0.000557136001403504
0.912000000000001	46.5474212654424	-0.0495697933010864	1500	0.000530784289450044
0.913000000000001	45.7762109647419	-0.00353080741638409	1500	0.000519774447208809
0.914000000000001	47.077705108633	-0.0641393458009104	1500	0.000514436409022369
0.915000000000001	48.2650670777655	-0.192024326181778	1500	0.000513883203260976
0.916000000000001	47.9282073365038	0.0769415084637498	1500	0.00049723453564322
0.917000000000001	46.2240021284544	-0.0433156538041305	1500	0.00052288747793892
0.918000000000001	45.6106261580376	0.191604447235037	1500	0.000534843030024257
0.919000000000001	47.0286912352744	-0.189008521696549	1500	0.000530135790357323
0.920000000000001	48.2813371683114	-0.0573850334747696	1500	0.000530540296873716
0.921000000000001	47.9788358491827	0.0148578819887376	1500	0.000551393510350025
0.922000000000001	46.4130129072325	0.026068212238682	1500	0.000526804600948037
0.923000000000001	45.8564173709259	-0.0705931205837562	1500	0.000522522414140465
0.924000000000001	47.336310283268	-0.108044111628829	1500	0.000516146881030766
0.925000000000001	48.6239955282782	0.117940992972522	1500	0.000510183497641885
0.926000000000001	48.4013077326875	0.211353890513686	1500	0.000497468641629592
0.927000000000001	46.722086643572	-0.00434744390331581	1500	0.000524896538733279
0.928000000000001	46.0684473561595	0.136867944743243	1500	0.000537258796714077
0.929000000000001	47.479429456331	0.0636225281994428	1500	0.00053336364950207
0.930000000000001	48.6592458451372	-0.210245487468713	1500	0.000529618806263025
0.931000000000001	48.2226310999392	-0.112477678424717	1500	0.000557890337976269
0.932000000000001	46.5463688180877	0.00497512978748881	1500	0.000529178442576628
0.933000000000001	45.7726950871288	0.00692146092799355	1500	0.000519367142836442
0.934000000000001	47.0733398481828	-0.178947030263855	1500	0.000509812659475461
0.935000000000001	48.2371752262408	0.0865683106354327	1500	0.000510944089415129
0.936000000000001	47.9204326079667	-0.0978928699801067	1500	0.000497588213613474
0.937000000000001	46.2132443207383	-0.0446422306552454	1500	0.000522871797821977
0.938000000000001	45.6078861212847	0.10311581007251	1500	0.000535927107158158
0.939000000000001	47.0322448045984	-0.103341738493605	1500	0.000531067607540491
0.940000000000001	48.2923989847872	-0.159922504347485	1500	0.000531220415908906
0.941000000000001	47.996383848473	0.0300460774401107	1500	0.000555564685565774
0.942000000000001	46.427476675577	0.00973489122072127	1500	0.000529007083999338
0.943000000000001	45.8974121474052	0.0392624781250676	1500	0.000517747611783927
0.944000000000001	47.3649492240752	-0.0691818432386518	1500	0.000513049896742759
0.945000000000001	48.6451107495646	0.0985532693254887	1500	0.000507487326734919
0.946000000000001	48.392522229823	0.126228569453651	1500	0.000496053206128503
0.947000000000001	46.7070071857319	0.00543755544416877	1500	0.00052281142968734
0.948000000000001	46.0504056434953	0.226081415460141	1500	0.000538268882505176
0.949000000000001	47.5038425970527	-0.0455670860407724	1500	0.000530883677721539
0.950000000000001	48.652091795583	0.0148030642964899	1500	0.000527946653309733
0.951000000000001	48.2197751721369	-0.190628085511022	1500	0.00055713979800819
0.952000000000001	46.547529273419	-0.0495629590886667	1500	0.000530782104675873
0.953000000000001	45.7761808559395	-0.00354088277184587	1500	0.000519776448673282
0.954000000000001	47.0777410799645	-0.0641252004139286	1500	0.000514436570095302
0.955000000000001	48.2650333303368	-0.192028677825003	1500	0.000513878683546284
0.956000000000001	47.9281755652605	0.0769384500950634	1500	0.000497237234798883
0.957000000000001	46.2240525057388	-0.0433064915105009	1500	0.000522885290551294
0.958000000000001	45.6106593962021	0.191598648927549	1500	0.000534845280954458
0.959000000000001	47.0287990037235	-0.18899455125088	1500	0.000530136979479275
0.960000000000001	48.2813642432044	-0.0573885279295422	1500	0.00053053684262781
0.961000000000001	47.9782397905485	0.0148554792899414	1500	0.000551397051581208
0.962000000000001	46.4116542736412	0.0260741659990464	1500	0.000526802525180309
0.963000000000001	45.8560362466199	-0.0706026877074345	1500	0.000522524340931109
0.964000000000001	47.3358149703071	-0.108031832545792	1500	0.000516146971118694
0.965000000000001	48.6235246558036	0.117935416324055	1500	0.000510179265255725
0.966000000000001	48.4011023962518	0.211352542480749	1500	0.000497471172229374
0.967000000000001	46.7218536353578	-0.00433909500966024	1500	0.000524894472009213
0.968000000000001	46.0681014376046	0.136861394930119	1500	0.000537260928198546
0.969000000000001	47.4828930129091	0.0636375922220187	1500	0.00053336475370511
0.970000000000001	48.6617567261743	-0.210249231630094	1500	0.000529615602682354
0.971000000000001	48.2237317796083	-0.112481336327488	1500	0.000557893704354232
0.972000000000001	46.5463786312922	0.00498246461153472	1500	0.000529176489899997
0.973000000000001	45.7726512807517	0.00691198023213314	1500	0.000519368962349466
0.974000000000001	47.0733217172037	-0.17893563934396	1500	0.000509812718405736
0.975000000000001	48.2371449868181	0.0865652108260293	1500	0.000510940096616183
0.976000000000001	47.9203998561215	-0.0978962071056874	1500	0.000497590634643905
0.977000000000001	46.2132111885048	-0.0446354477286592	1500	0.00052286984892087
0.978000000000001	45.607813420479	0.103109321633411	1500	0.000535929099284426
0.979000000000001	47.0321610134062	-0.103328868365604	1500	0.000531068768249137
0.980000000000001	48.2923245899533	-0.159925964682892	1500	0.00053121736970218
0.981000000000001	47.9963623936455	0.0300432765786997	1500	0.000555567870842968
0.982000000000001	46.4274920306208	0.00974113658654003	1500	0.000529005169212032
0.983000000000001	45.8973958469087	0.0392545715339993	1500	0.000517749286732718
0.984000000000001	47.3649736225621	-0.0691704083963592	1500	0.00051304992721882
0.985000000000001	48.6451342840254	0.0985487897752361	1500	0.000507483594019658
0.986000000000001	48.3921853892471	0.126226675542018	1500	0.000496055515054507
0.987000000000001	46.7070453146117	0.00544556222850263	1500	0.000522809600768523
0.988000000000001	46.0504085804021	0.226075919407085	1500	0.000538270810540422
0.989000000000001	47.5038902577136	-0.0455544605121764	1500	0.000530884662272645
0.990000000000001	48.6521241039749	0.0147997187565828	1500	0.000527943724195845
0.991000000000001	48.2198293073926	-0.190631566550175	1500	0.000557142818681127
0.992000000000001	46.5475587131109	-0.0495574903467322	1500	0.000530780348720207
0.993000000000001	45.7761624154165	-0.00354898031696347	1500	0.000519778043134486
0.994000000000001	47.0777539051423	-0.0641138772224422	1500	0.000514436695682228
0.995000000000001	48.2650728361225	-0.192032302962289	1500	0.000513875094948332
0.996000000000001	47.9282773681987	0.0769358616104722	1500	0.000497239405757273
0.997000000000001	46.2240521062243	-0.0432991382600963	1500	0.000522883537090048
0.998000000000001	45.6107146598369	0.19159404596336	1500	0.000534847100122831
0.999000000000001	47.0289416802119	-0.188983401937253	1500	0.000530137922009069
1	48.2814764043507	-0.0573914327824665	1500	0.000530534067113521
1.001	47.9783820820607	0.0148535311061751	1500	0.000551399872300354
1.002	46.411744851208	0.0260788481356893	1500	0.00052680085594598
1.003	45.8559653077999	-0.0706102572941783	1500	0.000522525874223351
1.004	47.3355126391061	-0.108021912361795	1500	0.000516147033876838
1.005	48.6213446834402	0.117930928780762	1500	0.000510175908059409
1.006	48.4000725271198	0.21135140530748	1500	0.000497473211308658
1.007	46.7209355928283	-0.00433241222288212	1500	0.00052489281446467
1.008	46.0670564669609	0.136856179448022	1500	0.000537262650998594
1.009	47.481592277228	0.0636496622228428	1500	0.000533365626077586
1.01	48.6600165239852	-0.21025233442578	1500	0.000529613032138406
1.011	48.2215121102779	-0.112484285111071	1500	0.000557896381475999
1.012	46.5440579846725	0.00498830711684602	1500	0.000529174922143931
1.013	45.7692154271123	0.00690438505464624	1500	0.000519370415080268
1.014	47.0733043028863	-0.178926507898743	1500	0.00050981275686596
1.015	48.2371230222208	0.0865626730740379	1500	0.000510936920583044
1.016	47.9203712216682	-0.0978988988453788	1500	0.000497592583079577
1.017	46.2131439339523	-0.0446300729727704	1500	0.000522868287221572
1.018	45.607774901897	0.103104160717754	1500	0.000535930704576474
1.019	47.0321650902499	-0.103318576281073	1500	0.000531069696096297
1.02	48.2922361275894	-0.159928788375756	1500	0.000531214924421411
1.021	47.9961605809623	0.0300409723775885	1500	0.00055557040842244
1.022	46.4273415529057	0.00974614034733923	1500	0.000529003630473297
1.023	45.8972412932903	0.0392483436453592	1500	0.000517750624615128
1.024	47.3644985630849	-0.0691612781044113	1500	0.000513049942350001
1.025	48.6414515730366	0.0985451689464375	1500	0.00050748062724722
1.026	48.3888692758791	0.126225142809477	1500	0.000496057374572861
1.027	46.7034003095295	0.00545194862456154	1500	0.000522808136508242
1.028	46.0467053543844	0.226071564596938	1500	0.000538272366220093
1.029	47.4998090278676	-0.045544319929206	1500	0.000530885443082038
1.03	48.645067544145	0.0147970073744916	1500	0.000527941371098843
1.031	48.2171046734224	-0.190634326678246	1500	0.000557145224219398
1.032	46.544911105377	-0.0495531252813208	1500	0.000530778938276987
1.033	45.7720164147298	-0.00355548352983514	1500	0.000519779314974024
1.034	47.0777767791583	-0.0641048260319679	1500	0.00051443679557396
1.035	48.2650711404955	-0.192035333698105	1500	0.000513872241056239
1.036	47.9282720260839	0.0769336722291896	1500	0.000497241148399322
1.037	46.2240328080156	-0.0432932446144034	1500	0.000522882131230596
1.038	45.6106616413906	0.191590400576028	1500	0.000534848566841978
1.039	47.0289192169276	-0.188974517468366	1500	0.000530138669478772
1.04	48.2814304564878	-0.0573938496962917	1500	0.000530531839967498
1.041	47.9774947181456	0.0148519452904809	1500	0.000551402121438328
1.042	46.4100813144742	0.0260825070628977	1500	0.000526799514058054
1.043	45.8548378190122	-0.0706162285061796	1500	0.000522527095451836
1.044	47.3338356745271	-0.108013907320036	1500	0.000516147078229309
1.045	48.6178100752573	0.117927312477283	1500	0.000510173241166457
1.046	48.3948280792663	0.211350445659979	1500	0.000497474851405685
1.047	46.715137216128	-0.00432707466475835	1500	0.000524891484421223
1.048	46.0608826946869	0.136852032632493	1500	0.000537264040440932
1.049	47.4746294960749	0.0636593307537004	1500	0.000533366315102416
1.05	48.6396963886175	-0.210254913657637	1500	0.000529610972020237
1.051	48.2209157615314	-0.112486662466882	1500	0.00055789851176295
1.05199999999999	46.5438087042472	0.00499295021081699	1500	0.000529173664338548
1.05299999999999	45.7685420043758	0.00689830660239662	1500	0.000519371576485841
1.05399999999999	47.0733451361467	-0.178919197743482	1500	0.000509812781849413
1.05499999999999	48.2372116385067	0.086560591999154	1500	0.000510934390166934
1.05599999999999	47.9205043757231	-0.0979010660209805	1500	0.000497594148917382
1.05699999999999	46.2133193878518	-0.0446258300069165	1500	0.000522867035269022
1.05799999999999	45.6078033579941	0.103100062598199	1500	0.000535931995224227
1.05899999999999	47.0322442307672	-0.103310356385073	1500	0.000531070438985438
1.05999999999999	48.2922064167927	-0.159931094471867	1500	0.000531212963604079
1.06099999999999	47.9953620726347	0.0300390701509794	1500	0.000555572431770352
1.06199999999999	46.4258412010202	0.00975014382224613	1500	0.000529002394342417
1.06299999999999	45.8958057320796	0.0392434571596235	1500	0.000517751694581456
1.06399999999999	47.3624520020939	-0.0691540032594283	1500	0.000513049947877684
1.06499999999999	48.6390825998694	0.0985422402637436	1500	0.000507478265820102
1.06599999999999	48.3854619530776	0.126223905777121	1500	0.000496058870019254
1.06699999999999	46.698942758491	0.00545702927164188	1500	0.000522806963786662
1.06799999999999	46.042115809583	0.226068121713729	1500	0.000538273619025724
1.06899999999999	47.4935162303607	-0.045536177102445	1500	0.000530886062641121
1.06999999999999	48.6314352941327	0.0147948097874099	1500	0.000527939482056063
1.07099999999999	48.2148794163775	-0.190636510873247	1500	0.000557147141176147
1.07199999999999	46.5439653630459	-0.0495496487724899	1500	0.000530777805730617
1.07299999999999	45.7698303555546	-0.00356070389353177	1500	0.000519780330452325
1.07399999999999	47.0778187246598	-0.0640976009875621	1500	0.000514436876433542
1.07499999999999	48.2648533489479	-0.192037876308095	1500	0.000513869968555605
1.07599999999999	47.9282856894677	0.0769318181240516	1500	0.00049724254505806
1.07699999999999	46.2240428712877	-0.0432885250868407	1500	0.00052288100387322
1.07799999999999	45.6105318903955	0.191587520694134	1500	0.000534849747369148
1.07899999999999	47.028836008518	-0.188967449905575	1500	0.000530139262551537
1.07999999999999	48.2812005524221	-0.0573958621920544	1500	0.000530530054337072
1.08099999999999	47.9766256625817	0.0148506477175807	1500	0.000551403916125733
1.08199999999999	46.4085750769369	0.0260853465846405	1500	0.000526798435387202
1.08299999999999	45.8538123531805	-0.0706209233351199	1500	0.000522528068746264
1.08399999999999	47.3324344469345	-0.10800745392749	1500	0.000516147110175546
1.08499999999999	48.6148797646224	0.117924394643879	1500	0.00051017112029372
1.08599999999999	48.3911945665821	0.211349632607791	1500	0.000497476168828932
1.08699999999999	46.7104515822921	-0.00432281952109263	1500	0.000524890416702112
1.08799999999999	46.056498412429	0.136848740905639	1500	0.000537265159377622
1.08899999999999	47.4705007895561	0.0636670737592331	1500	0.000533366859099168
1.08999999999999	48.6385245531454	-0.210257065082004	1500	0.000529609322428733
1.09099999999999	48.2146585820931	-0.112488580861315	1500	0.000557900208053903
1.09199999999999	46.5391403770515	0.0049966317906125	1500	0.000529172655735487
1.09299999999999	45.7638372364105	0.00689344592651608	1500	0.00051937250598643
1.09399999999999	47.0731468809252	-0.178913353521369	1500	0.000509812797911966
1.09499999999999	48.2372212031018	0.0865588829080036	1500	0.000510932371427086
1.09599999999999	47.9205303542524	-0.0979028094460972	1500	0.000497595406369466
1.09699999999999	46.2131814699344	-0.0446224932742937	1500	0.000522866031286055
1.09799999999999	45.6073469946257	0.103096814320406	1500	0.000535933031067259
1.09899999999999	47.031614466694	-0.103303801102327	1500	0.000531071034727435
1.09999999999999	48.2910664996719	-0.159932979279419	1500	0.000531211392423527
1.10099999999999	47.9955303266368	0.0300374928125745	1500	0.000555574046123123
1.10199999999999	46.4258622643245	0.00975334384984975	1500	0.000529001401405532
1.10299999999999	45.8957630329015	0.0392396399061088	1500	0.000517752551121332
1.10399999999999	47.3627809276762	-0.0691482198977143	1500	0.00051304994748682
1.10499999999999	48.6377433404885	0.098539870486214	1500	0.000507476384047064
1.10599999999999	48.3833369268955	0.126222908630326	1500	0.000496060071302926
1.10699999999999	46.6951986284906	0.00546106020921182	1500	0.000522806024137712
1.10799999999999	46.0382979433351	0.226065406543736	1500	0.000538274626385775
1.10899999999999	47.4878804375794	-0.0455296399220324	1500	0.000530886554482644
1.10999999999999	48.6236228882221	0.0147930283384622	1500	0.000527937966094187
1.11099999999999	48.2042199396645	-0.19063823621154	1500	0.00055714866954497
1.11199999999999	46.5328387702278	-0.0495468856085757	1500	0.000530776896443525
1.11299999999999	45.7608192488011	-0.0035648935965779	1500	0.000519781141759948
1.11399999999999	47.0706843430246	-0.0640918420438632	1500	0.000514436942898532
1.11499999999999	48.253608844259	-0.192040017059467	1500	0.000513868157182403
1.11599999999999	47.928306797713	0.0769302433148257	1500	0.000497243663020762
1.11699999999999	46.2220914141431	-0.0432847481843181	1500	0.000522880099662733
1.11799999999999	45.6090029756296	0.191585251488303	1500	0.000534850696331161
1.11899999999999	47.0263170188659	-0.188961839159466	1500	0.000530139733279737
1.11999999999999	48.2778082973692	-0.0573975392744382	1500	0.000530528623500886
1.12099999999999	47.9740738359933	0.014849578791177	1500	0.000551405348996236
1.12199999999999	46.4044195743642	0.0260875324127268	1500	0.000526797568150388
1.12299999999999	45.8507635736103	-0.0706246010125502	1500	0.000522528844643882
1.12399999999999	47.328853717304	-0.108002255979116	1500	0.000516147133699018
1.12499999999999	48.608408681533	0.117922037452252	1500	0.000510169432273896
1.12599999999999	48.3828787071399	0.211348938844021	1500	0.000497477226051066
1.12699999999999	46.7039564360189	-0.00431943320516544	1500	0.000524889559192918
1.12799999999999	46.052432004941	0.136846132632669	1500	0.000537266059533223
1.12899999999999	47.469738150635	0.0636732731774198	1500	0.000533367288325024
1.12999999999999	48.6370753679731	-0.21025886665455	1500	0.000529608002362815
1.13099999999999	48.2117187425182	-0.112490132149459	1500	0.000557901561131689
1.13199999999999	46.535346881992	0.00499954420371593	1500	0.000529171847377234
1.13299999999999	45.7616606101975	0.00688956164026211	1500	0.00051937325069312
1.13399999999999	47.071963498271	-0.178908687786491	1500	0.000509812808063957
1.13499999999999	48.237043265805	0.0865574772076466	1500	0.000510930759027064
1.13599999999999	47.9205095438548	-0.0979042123217475	1500	0.000497596415525064
1.13699999999999	46.2130796871848	-0.0446198798550137	1500	0.000522865225790005
1.13799999999999	45.6071548935391	0.103094244949191	1500	0.00053593386126082
1.13899999999999	47.031295172518	-0.103298582267361	1500	0.000531071513351537
1.13999999999999	48.2895477178938	-0.159934520726887	1500	0.000531210134042591
1.14099999999999	47.9945627441885	0.03003617806808	1500	0.000555575334384803
1.14199999999999	46.4236893739591	0.00975590004196708	1500	0.000529000603751234
1.14299999999998	45.8929686476783	0.0392366729781213	1500	0.000517753237324154
1.14399999999998	47.3591143051063	-0.0691436338175385	1500	0.000513049943472598
1.14499999999998	48.6293390527086	0.098537952696438	1500	0.000507474883018023
1.14599999999998	48.369764029618	0.12622210453218	1500	0.000496061035641286
1.14699999999998	46.6822042486489	0.00546424894816493	1500	0.000522805270943259
1.14799999999998	46.0249062986828	0.226063271467018	1500	0.000538275435428856
1.14899999999998	47.4771978010774	-0.0455243927791116	1500	0.000530886945098611
1.14999999999998	48.6130957268017	0.0147915840311207	1500	0.000527936749597769
1.15099999999998	48.1941306736564	-0.19063959671727	1500	0.000557149888467496
1.15199999999998	46.5259220835038	-0.0495446937281127	1500	0.000530776166357676
1.15299999999998	45.7536500573646	-0.00356825600157481	1500	0.000519781790264021
1.15399999999998	47.069703750067	-0.0640872589110112	1500	0.000514436998303739
1.15499999999998	48.2535278480756	-0.192041825872688	1500	0.000513866712159097
1.15599999999998	47.9282694221296	0.0769289003559898	1500	0.000497244557046264
1.15699999999998	46.2216737465531	-0.0432817268133582	1500	0.000522879374290408
1.15799999999998	45.609001580921	0.191583468598214	1500	0.000534851458453001
1.15899999999998	47.0260755230784	-0.188957395798492	1500	0.000530140106988315
1.15999999999998	48.2777994517371	-0.0573989377596075	1500	0.000530527477448364
1.16099999999998	47.9757237312035	0.0148486910061686	1500	0.000551406493471054
1.16199999999998	46.4066155926559	0.0260891986208734	1500	0.000526796870660508
1.16299999999998	45.8518352908652	-0.0706274694604318	1500	0.000522529463207161
1.16399999999998	47.3299192893603	-0.107998072677292	1500	0.000516147151469994
1.16499999999998	48.6083934146618	0.117920130902575	1500	0.000510168087965041
1.16599999999998	48.3816351963185	0.211348341260142	1500	0.000497478073883374
1.16699999999998	46.7008740929438	-0.00431674277876251	1500	0.000524888870182604
1.16799999999998	46.0492983219595	0.13684407019851	1500	0.000537266783212597
1.16899999999998	47.4668428261962	0.0636782354829311	1500	0.000533367626736407
1.16999999999998	48.6300644916868	-0.21026038185006	1500	0.000529606946449508
1.17099999999998	48.2036500220618	-0.11249138827537	1500	0.000557902638284749
1.17199999999998	46.5295740635835	0.00500184207677112	1500	0.000529171199541641
1.17299999999998	45.755501399105	0.00688645921585748	1500	0.000519373847537922
1.17399999999998	47.0724259705567	-0.178904968826339	1500	0.000509812814354592
1.17499999999998	48.2370583597781	0.0865563190819326	1500	0.000510929469999091
1.17599999999998	47.9205216124784	-0.0979053426063646	1500	0.000497597225217103
1.17699999999998	46.2131209866472	-0.0446178422729979	1500	0.000522864579211771
1.17799999999998	45.6067967786327	0.103092217291895	1500	0.000535934525850606
1.17899999999998	47.0300975335459	-0.10329443593614	1500	0.000531071898645466
1.17999999999998	48.2871425049953	-0.159935782046294	1500	0.000531209126382331
1.18099999999998	47.9905534749061	0.0300350754920961	1500	0.00055557636266272
1.18199999999998	46.4191233234015	0.00975794121857848	1500	0.000528999962820104
1.18299999999998	45.8874244682035	0.0392343808074214	1500	0.000517753787421922
1.18399999999998	47.351993102048	-0.0691400077083041	1500	0.000513049937373744
1.18499999999998	48.6200635974782	0.0985364008842866	1500	0.000507473684707464
1.18599999999998	48.3637812546053	0.12622145494559	1500	0.000496061809480446
1.18699999999998	46.6748485155093	0.00546676302689781	1500	0.000522804666926128
1.18799999999998	46.0154231128359	0.226061598299865	1500	0.000538276084576552
1.18899999999998	47.4654108304933	-0.0455201818860381	1500	0.000530887255496149
1.18999999999998	48.6018238447226	0.0147904127791314	1500	0.000527935773293344
1.19099999999998	48.1786650692521	-0.190640667775512	1500	0.000557150860811276
1.19199999999998	46.5096297006332	-0.0495429585451282	1500	0.000530775580023446
1.19299999999998	45.7414756167496	-0.00357095493867264	1500	0.000519782308763192
1.19399999999998	47.0608436351537	-0.0640836180807992	1500	0.000514437045072029
1.19499999999998	48.2454910864715	-0.192043360021476	1500	0.000513865558659054
1.19599999999998	47.9166862485881	0.0769277493130622	1500	0.00049724527141205
1.19699999999998	46.2118033269434	-0.0432793103562014	1500	0.000522878792232745
1.19799999999998	45.6068817272987	0.191582072275863	1500	0.000534852070121115
1.19899999999998	47.0248141304797	-0.188953887384271	1500	0.000530140403768918
1.19999999999998	48.2759775870244	-0.0574001020119627	1500	0.000530526561893024
1.20099999999998	47.9741648128127	0.0148479466065208	1500	0.000551407408061067
1.20199999999998	46.4056520843383	0.0260904532247225	1500	0.000526796309615374
1.20299999999998	45.8498494410369	-0.0706296950932795	1500	0.000522529956309001
1.20399999999998	47.3265067383843	-0.107994708574065	1500	0.000516147165298873
1.20499999999998	48.5979460779628	0.117918587058576	1500	0.000510167016883499
1.20599999999998	48.3704269773504	0.211347820828542	1500	0.000497478753433735
1.20699999999998	46.6876829268906	-0.00431460874578317	1500	0.000524888316218736
1.20799999999998	46.0309381776791	0.136842443292719	1500	0.000537267364759131
1.20899999999998	47.4464734913785	0.0636822064393465	1500	0.000533367893297725
1.20999999999998	48.6119394880303	-0.210261662391237	1500	0.000529606102088412
1.21099999999998	48.1842806364706	-0.112492408409028	1500	0.000557903495728235
1.21199999999998	46.5104867546351	0.00500364967896693	1500	0.000529170680429723
1.21299999999998	45.7432324682263	0.00688398232804631	1500	0.000519374326119414
1.21399999999998	47.063819144709	-0.178902009954315	1500	0.000509812818042889
1.21499999999998	48.2295933362633	0.0865553632360178	1500	0.000510928438539565
1.21599999999998	47.9101541912537	-0.0979062553314967	1500	0.000497597874891546
1.21699999999998	46.2028476220705	-0.04461626197799	1500	0.000522864059933007
1.21799999999998	45.6017821749446	0.103090621530358	1500	0.000535935057376115
1.21899999999998	47.0228551447236	-0.103291149866527	1500	0.000531072209470864
1.21999999999998	48.2762284172676	-0.15993681450767	1500	0.000531208319459999
1.22099999999998	47.9792740241437	0.0300341445308614	1500	0.000555577183471969
1.22199999999998	46.4084051500602	0.00975957107822373	1500	0.000528999447641145
1.22299999999998	45.8662962092185	0.0392326229900955	1500	0.000517754228719066
1.22399999999998	47.3207376311057	-0.0691371504297848	1500	0.000513049930162684
1.22499999999998	48.5834880555455	0.0985351458116731	1500	0.00050747272731874
1.22599999999998	48.3283126315778	0.126220928618764	1500	0.000496062430301623
1.22699999999998	46.6368665185514	0.00546873739630119	1500	0.000522804182279605
1.22799999999998	45.9618066385706	0.226060292525634	1500	0.000538276605004482
1.22899999999998	47.409545103833	-0.0455168032632553	1500	0.000530887502287221
1.22999999999998	48.5630623166928	0.0147894628061382	1500	0.000527934989461681
1.23099999999998	48.1690192301815	-0.190641509622439	1500	0.000557151636547988
1.23199999999998	46.5009426944543	-0.049541587890392	1500	0.000530775108944432
1.23299999999998	45.7370436432767	-0.00357312204723666	1500	0.000519782723383169
1.23399999999997	47.0596650001728	-0.0640807318952784	1500	0.000514437084980213
1.23499999999997	48.2449415428738	-0.192044666370566	1500	0.000513864637371077
1.23599999999997	47.9164118700624	0.0769267570244828	1500	0.000497245841789544
1.23699999999997	46.2110721308609	-0.0432773778484518	1500	0.000522878325068718
1.23799999999997	45.6050280190642	0.19158098270784	1500	0.000534852560818902
1.23899999999997	47.0217950532594	-0.188951127307863	1500	0.000530140639458153
1.23999999999997	48.2715561809959	-0.0574010759716289	1500	0.000530525826711273
1.24099999999997	47.9681027851304	0.0148473157026713	1500	0.000551408138738641
1.24199999999997	46.393146132159	0.0260913827916314	1500	0.00052679585759142
1.24299999999997	45.8227874208922	-0.0706314111967918	1500	0.000522530349111842
1.24399999999997	47.2828991979543	-0.107992005834782	1500	0.000516147176519942
1.24499999999997	48.5433850317847	0.117917335236356	1500	0.000510166163361139
1.24599999999997	48.2974863552736	0.211347361886716	1500	0.000497479297977561
1.24699999999997	46.6037350259384	-0.00431291897195707	1500	0.000524887870542033
1.24799999999997	45.932136685947	0.136841163611832	1500	0.000537267832050051
1.24899999999997	47.3468254286448	0.063685383130195	1500	0.000533368103041847
1.24999999999997	48.5462326190383	-0.210262750312289	1500	0.000529605427004523
1.25099999999997	48.1376893001749	-0.112493239987782	1500	0.000557904178340102
1.25199999999997	46.4640726769588	0.00500506681078495	1500	0.000529170264467017
1.25299999999997	45.7088631324744	0.00688200571082308	1500	0.000519374710131043
1.25399999999997	47.0354108058293	-0.178899660670181	1500	0.000509812820168593
1.25499999999997	48.2238660204025	0.0865545730735245	1500	0.000510927612500827
1.25599999999997	47.9054206488117	-0.0979069945350464	1500	0.000497598396257078
1.25699999999997	46.1972208966397	-0.0446150438007892	1500	0.000522863642584224
1.25799999999997	45.5936141828311	0.10308936981843	1500	0.000535935482113205
1.25899999999997	47.0094353758609	-0.103288553420481	1500	0.000531072460921719
1.25999999999997	48.256946847897	-0.159937659620079	1500	0.000531207673286995
1.26099999999997	47.9541979027291	0.0300333525066362	1500	0.000555577838739518
1.26199999999997	46.3659836495838	0.00976087283434908	1500	0.000528999033275678
1.26299999999997	45.8034635356297	0.0392312872247494	1500	0.000517754582882664
1.26399999999997	47.2397781712916	-0.0691349083565254	1500	0.000513049922431926
1.26499999999997	48.4909591611358	0.098534131536959	1500	0.000507471961871425
1.26599999999997	48.2172180113	0.126220500190495	1500	0.000496062928408892
1.26699999999997	46.5242921595212	0.00547028053385777	1500	0.000522803793174621
1.26799999999997	45.8635269246469	0.226059278700033	1500	0.000538277022086059
1.26899999999997	47.3048093158901	-0.0455140928882547	1500	0.000530887698632507
1.26999999999997	48.4848951660932	0.0147886922508962	1500	0.00052793435981404
1.27099999999997	48.0793779988057	-0.190642170260381	1500	0.000557152255446203
1.27199999999997	46.4222860323451	-0.0495405077084529	1500	0.00053077473024557
1.27299999999997	45.6929230577274	-0.00357486294065528	1500	0.000519783055001102
1.27399999999997	47.0264346881421	-0.064078449560649	1500	0.000514437119455354
1.27499999999997	48.2353810481923	-0.192045783076592	1500	0.000513863901223915
1.27599999999997	47.9061694784713	0.0769258962537526	1500	0.0004972462968789
1.27699999999997	46.2004078891536	-0.0432758321657349	1500	0.000522877949937178
1.27799999999997	45.5928397767366	0.191580136114769	1500	0.000534852954351293
1.27899999999997	47.006912292621	-0.188948965814836	1500	0.000530140826705643
1.27999999999997	48.2531319162581	-0.0574018864732675	1500	0.000530525240194784
1.28099999999997	47.9482201885784	0.0148467746817605	1500	0.000551408722905889
1.28199999999997	46.3624840107865	0.0260920567215124	1500	0.000526795493461778
1.28299999999997	45.7780614065329	-0.0706327239283866	1500	0.00052253066192488
1.28399999999997	47.2238934358004	-0.10798983643837	1500	0.000516147185907387
1.28499999999997	48.4693806331614	0.117916318979043	1500	0.000510165483032577
1.28599999999997	48.2061770984851	0.211346952106602	1500	0.000497479734212612
1.28699999999997	46.5154860103363	-0.00431158332762836	1500	0.00052488751172612
1.28799999999997	45.8473121241154	0.136840160488969	1500	0.000537268207545191
1.28899999999997	47.2608782864789	0.0636879234939354	1500	0.000533368267851611
1.28999999999997	48.4815365786855	-0.210263680213939	1500	0.00052960488728106
1.29099999999997	48.0870829983731	-0.112493920955192	1500	0.000557904721100545
1.29199999999997	46.4270496006619	0.00500617313864296	1500	0.000529169931124351
1.29299999999997	45.6996548862577	0.00688042874329577	1500	0.000519375018308043
1.29399999999997	47.0319379320035	-0.178897800313418	1500	0.000509812821247827
1.29499999999997	48.2227944858547	0.0865539185633581	1500	0.000510926950347468
1.29599999999997	47.9040226968728	-0.0979075957822832	1500	0.000497598814865665
1.29699999999997	46.1958627351503	-0.0446141118363202	1500	0.00052286330695655
1.29799999999997	45.5923197437644	0.103088391790906	1500	0.000535935821263071
1.29899999999997	47.0071288679196	-0.103286509607311	1500	0.000531072664878549
1.29999999999997	48.2531902893948	-0.159938351167192	1500	0.000531207155610313
1.30099999999997	47.9496018454326	0.0300326732976472	1500	0.000555578361745114
1.30199999999997	46.3565320389957	0.0097619132000509	1500	0.000528998699800814
1.30299999999997	45.7850206203843	0.0392302840729673	1500	0.000517754867343599
1.30399999999997	47.2138444296676	-0.0691331578997907	1500	0.000513049914635183
1.30499999999997	48.4559783060033	0.0985333129378322	1500	0.000507471349443771
1.30599999999997	48.1715708455568	0.126220149471789	1500	0.000496063328108728
1.30699999999997	46.4781403727472	0.00547147953012863	1500	0.000522803480562713
1.30799999999997	45.8069927295952	0.226058496480668	1500	0.000538277356162794
1.30899999999997	47.2446758095377	-0.0455119190856169	1500	0.000530887854989196
1.30999999999997	48.4429977504907	0.0147880671151049	1500	0.000527933853690132
1.31099999999997	48.0649919177994	-0.190642687968896	1500	0.000557152749235036
1.31199999999997	46.4116380099515	-0.0495396587985108	1500	0.000530774425604941
1.31299999999997	45.6876008724607	-0.00357626250151309	1500	0.000519783320216436
1.31399999999997	47.0230823557142	-0.0640766502476917	1500	0.000514437149478302
1.31499999999997	48.2351697066239	-0.19204674170977	1500	0.00051386331276461
1.31599999999997	47.906052179458	0.0769251445233686	1500	0.000497246659768175
1.31699999999997	46.2002115346665	-0.0432745956098364	1500	0.000522877648627408
1.31799999999997	45.5918201694562	0.191579481602566	1500	0.000534853269962715
1.31899999999997	47.0040424338868	-0.188947282742853	1500	0.000530140975464809
1.31999999999997	48.2477228232777	-0.0574025651291536	1500	0.000530524768427676
1.32099999999997	47.9389145694601	0.0148463049688166	1500	0.000551409189949081
1.32199999999997	46.3500054454581	0.0260925303436728	1500	0.000526795199389037
1.32299999999997	45.7572849815727	-0.0706337181840541	1500	0.0005225309107376
1.32399999999996	47.1937617845202	-0.107988097331547	1500	0.000516147194133357
1.32499999999996	48.4343825716888	0.117915492745484	1500	0.000510164940800898
1.32599999999996	48.1704117119726	0.211346581409772	1500	0.000497480083813861
1.32699999999996	46.4801638619953	-0.00431052962835736	1500	0.000524887222638144
1.32799999999996	45.8070862567829	0.136839377392899	1500	0.000537268509381756
1.32899999999996	47.2185903035018	0.0636899541786316	1500	0.000533368397157651
1.32999999999996	48.4480105425225	-0.210264479765798	1500	0.000529604455813985
1.33099999999996	48.0676193098852	-0.112494481350732	1500	0.000557905152273582
1.33199999999996	46.4137502489198	0.0050070325469406	1500	0.000529169663927858
1.33299999999996	45.6926116863818	0.00687917107474364	1500	0.000519375265788435
1.33399999999996	47.0288028827201	-0.178896331616354	1500	0.000509812821774748
1.33499999999996	48.2227462990241	0.08655337547577	1500	0.000510926419128538
1.33599999999996	47.9039524582999	-0.0979080872657475	1500	0.000497599151187533
1.33699999999996	46.1957405288642	-0.044613405310974	1500	0.000522863036769984
1.33799999999996	45.5920584057495	0.103087631279356	1500	0.000535936091886032
1.33899999999996	47.0065870100389	-0.103284908335178	1500	0.000531072830902114
1.33999999999996	48.2523186507157	-0.159938916603525	1500	0.000531206740813447
1.34099999999996	47.9478449427675	0.0300320858063674	1500	0.000555578779179562
1.34199999999996	46.3537835393347	0.00976274550364782	1500	0.000528998431198564
1.34299999999996	45.7806615742046	0.0392295421946547	1500	0.000517755095974004
1.34399999999996	47.2064729876156	-0.0691318000237268	1500	0.000513049907040223
1.34499999999996	48.4459513149695	0.0985326534672898	1500	0.000507470859077962
1.34599999999996	48.1604499452337	0.126219860238876	1500	0.00049606364898461
1.34699999999996	46.4664241916912	0.00547240414183712	1500	0.000522803229188388
1.34799999999996	45.7930763558982	0.226057897629008	1500	0.000538277623465974
1.34899999999996	47.2305419131991	-0.0455101760949927	1500	0.000530887979590183
1.34999999999996	48.4314648689475	0.01478756007035	1500	0.000527933446427628
1.35099999999996	48.0595823936155	-0.190643093217925	1500	0.00055715314323153
1.35199999999996	46.408289390724	-0.0495389937082334	1500	0.000530774180296581
1.35299999999996	45.6848675487372	-0.00357738863356358	1500	0.00051978353235342
1.35399999999996	47.0228433065172	-0.0640752369182667	1500	0.000514437175921307
1.35499999999996	48.2351297400675	-0.192047567993673	1500	0.000513862842224342
1.35599999999996	47.9060404503168	0.0769244835866247	1500	0.000497246948963116
1.35699999999996	46.2001944791256	-0.0432736059351789	1500	0.000522877406482647
1.35799999999996	45.5917465393979	0.19157897857635	1500	0.000534853523038851
1.35899999999996	47.0039317810577	-0.188945981728819	1500	0.000530141093694343
1.35999999999996	48.2472063102503	-0.0574031313524568	1500	0.000530524390222627
1.36099999999996	47.9378439633185	0.0148458924862247	1500	0.000551409566057306
1.36199999999996	46.3477651433743	0.0260928478308183	1500	0.00052679496163339
1.36299999999996	45.7543368262446	-0.070634461416862	1500	0.000522531108687021
1.36399999999996	47.19091101158	-0.107986705008758	1500	0.000516147201557159
1.36499999999996	48.4299527991959	0.117914820174226	1500	0.000510164508563183
1.36599999999996	48.1635220877859	0.211346242122683	1500	0.000497480363999562
1.36699999999996	46.4747291071079	-0.00430970005267326	1500	0.000524886989509484
1.36799999999996	45.8034153005754	0.136838769180152	1500	0.000537268752143403
1.36899999999996	47.21667033039	0.0636915767349307	1500	0.000533368498427602
1.36999999999996	48.4475867784715	-0.21026517165265	1500	0.000529604110911134
1.37099999999996	48.0669592909624	-0.112494945245064	1500	0.000557905494429982
1.37199999999996	46.413150436044	0.00500769599961264	1500	0.000529169449706308
1.37299999999996	45.6917352760982	0.00687816825920139	1500	0.00051937546459579
1.37399999999996	47.0287140440603	-0.178895176606722	1500	0.000509812822025411
1.37499999999996	48.2226984077782	0.0865529240058187	1500	0.000510925992478421
1.37599999999996	47.903932814094	-0.0979084915551022	1500	0.000497599421646175
1.37699999999996	46.195688845317	-0.0446128758525444	1500	0.000522862819043409
1.37799999999996	45.5919985423165	0.103087043365185	1500	0.0005359363076711
1.37899999999996	47.00648691743	-0.103283661266071	1500	0.000531072966514244
1.37999999999996	48.2517953641102	-0.159939378203334	1500	0.00053120640825754
1.38099999999996	47.9463755053867	0.0300315732350649	1500	0.000555579112250961
1.38199999999996	46.3501506076439	0.00976341241018987	1500	0.000528998214641942
1.38299999999996	45.7755074108432	0.039229004881938	1500	0.000517755279888343
1.38399999999996	47.2004089901031	-0.0691307551063462	1500	0.000513049899774856
1.38499999999996	48.4375151231214	0.0985321236123839	1500	0.000507470466109022
1.38599999999996	48.1489398059228	0.126219619725638	1500	0.000496063906701096
1.38699999999996	46.4532751203432	0.0054731103490313	1500	0.000522803026848986
1.38799999999996	45.7814397667341	0.226057443757171	1500	0.000538277837194913
1.38899999999996	47.222792055401	-0.0455087789201992	1500	0.000530888079009747
1.38999999999996	48.428589745492	0.0147871489685982	1500	0.00052793311838538
1.39099999999996	48.0574240320582	-0.190643409991869	1500	0.000557153457556321
1.39199999999996	46.4063171656709	-0.0495384745418952	1500	0.000530773982559421
1.39299999999996	45.6827375900645	-0.00357829582464018	1500	0.000519783702054036
1.39399999999996	47.021783595248	-0.0640741318741553	1500	0.000514437199383973
1.39499999999996	48.2336776308302	-0.192048283158373	1500	0.000513862465818679
1.39599999999996	47.9047227922828	0.0769238985070419	1500	0.000497247179199927
1.39699999999996	46.1987258330356	-0.0432728134320666	1500	0.000522877211735417
1.39799999999996	45.590240308087	0.191578594767837	1500	0.000534853726018008
1.39899999999996	47.0019152849162	-0.188944985555274	1500	0.000530141187646964
1.39999999999996	48.2441472189886	-0.0574036032625655	1500	0.000530524086957149
1.40099999999996	47.9311075498264	0.0148455251140983	1500	0.000551409867031421
1.40199999999996	46.3349726119091	0.0260930441394047	1500	0.000526794769174642
1.40299999999996	45.7392648127097	-0.0706350074586462	1500	0.000522531265809006
1.40399999999996	47.1681430487378	-0.107985592386127	1500	0.000516147208451813
1.40499999999996	48.4025952909844	0.117914271825124	1500	0.000510164164109199
1.40599999999996	48.1293772337225	0.21134592817865	1500	0.000497480588495854
1.40699999999996	46.4371619091501	-0.00430904844059771	1500	0.000524886801260687
1.40799999999996	45.7703462690321	0.136838299682539	1500	0.000537268947531218
1.40899999999996	47.1840201618798	0.0636928723360967	1500	0.000533368577584688
1.40999999999996	48.4157052913077	-0.210265774519616	1500	0.000529603835195356
1.41099999999996	48.0277044723078	-0.11249533195964	1500	0.000557905765631144
1.41199999999996	46.3842914052376	0.00500820407580911	1500	0.000529169277888229
1.41299999999996	45.6796366655009	0.00687736870720169	1500	0.000519375624367708
1.41399999999996	47.0223463376902	-0.178894272775984	1500	0.000509812822166676
1.41499999999995	48.2143263162864	0.0865525478546946	1500	0.000510925649437154
1.41599999999995	47.8934352134092	-0.0979088266478451	1500	0.000497599639416297
1.41699999999995	46.1857321033469	-0.0446124850476684	1500	0.000522862643358655
1.41799999999995	45.5839315909961	0.103086592121095	1500	0.000535936479615193
1.41899999999995	46.9990535448941	-0.103282697527183	1500	0.000531073077745147
1.41999999999995	48.2425572124096	-0.159939754243308	1500	0.000531206141453701
1.42099999999995	47.9349785251269	0.0300311219924122	1500	0.000555579377937055
1.42199999999995	46.3333198215828	0.00976394785484481	1500	0.000528998039846404
1.42299999999995	45.7574048337591	0.0392286270455869	1500	0.000517755427983902
1.42399999999995	47.174580611005	-0.0691299594070668	1500	0.000513049892936857
1.42499999999995	48.4053381116584	0.0985316993800204	1500	0.000507470150906169
1.42599999999995	48.1106271914173	0.12621941773467	1500	0.00049606411387177
1.42699999999995	46.4157291413094	0.00547364286184554	1500	0.000522802863784279
1.42799999999995	45.7522047421221	0.226057104181145	1500	0.000538278007927913
1.42899999999995	47.1875838749023	-0.045507659395731	1500	0.000530888158434889
1.42999999999995	48.3904775140535	0.0147868158006151	1500	0.000527932853785882
1.43099999999995	48.0096761294092	-0.190643657422382	1500	0.00055715370832273
1.43199999999995	46.3707267308918	-0.049538071134215	1500	0.000530773822948116
1.43299999999995	45.6694966398261	-0.0035790278070244	1500	0.000519783837792401
1.43399999999995	47.0148129168197	-0.064073272930905	1500	0.000514437220359582
1.43499999999995	48.2263051548918	-0.192048904819004	1500	0.000513862164655186
1.43599999999995	47.8956608117306	0.0769233770422149	1500	0.000497247362353242
1.43699999999995	46.1906157764759	-0.0432721783944438	1500	0.000522877055013643
1.43799999999995	45.5839871215195	0.191578304353831	1500	0.000534853888821735
1.43899999999995	46.9977874540632	-0.188944232360422	1500	0.000530141262318538
1.43999999999995	48.2391865554784	-0.0574039959919213	1500	0.000530523843433679
1.44099999999995	47.9259379233919	0.0148451944250878	1500	0.000551410110685377
1.44199999999995	46.3255006653812	0.0260931471103764	1500	0.000526794613031191
1.44299999999995	45.7278578037198	-0.0706353990923689	1500	0.000522531390496873
1.44399999999995	47.1535055672154	-0.107984705219235	1500	0.000516147215046478
1.44499999999995	48.3870468076467	0.117913824117901	1500	0.000510163889585906
1.44599999999995	48.1131416671681	0.211345634892671	1500	0.000497480768358772
1.44699999999995	46.4245212794094	-0.00430853787354821	1500	0.000524886649052552
1.44799999999995	45.7611925231396	0.136837940011612	1500	0.000537269104936319
1.44899999999995	47.170338385087	0.063693906179463	1500	0.000533368639298078
1.44999999999995	48.4017771483453	-0.210266303471386	1500	0.000529603614775649
1.45099999999995	48.0106834708053	-0.11249565677976	1500	0.000557905980266014
1.45199999999995	46.3704889727808	0.00500858926368838	1500	0.000529169140024363
1.45299999999995	45.6745731020873	0.0068767312058859	1500	0.000519375752832341
1.45399999999995	47.0198156550153	-0.178893569917132	1500	0.000509812822300983
1.45499999999995	48.2138354650583	0.0865522338797188	1500	0.000510925373244491
1.45599999999995	47.893222560768	-0.0979091067700965	1500	0.000497599815023626
1.45699999999995	46.1853751638713	-0.0446122024772048	1500	0.000522862501459876
1.45799999999995	45.5831677157869	0.103086248883198	1500	0.000535936616540866
1.45899999999995	46.9982625222468	-0.103281960262108	1500	0.000531073169405087
1.45999999999995	48.2416523316035	-0.159940059557788	1500	0.000531205927232437
1.46099999999995	47.932834885283	0.0300307212668325	1500	0.000555579589768177
1.46199999999995	46.3292634861324	0.00976437899048155	1500	0.000528997898570718
1.46299999999995	45.7513915209893	0.0392283729177058	1500	0.000517755547381739
1.46399999999995	47.1641739770166	-0.0691293618164208	1500	0.000513049886551414
1.46499999999995	48.3934335558714	0.098531361404007	1500	0.000507469897793371
1.46599999999995	48.0927791807096	0.126219246323813	1500	0.000496064280537765
1.46699999999995	46.393024973351	0.0054740375328337	1500	0.000522802732201369
1.46799999999995	45.7285759261911	0.226056854483315	1500	0.000538278144162776
1.46899999999995	47.1580493688038	-0.0455067627605427	1500	0.00053088822198828
1.46999999999995	48.3614016015954	0.0147865460968682	1500	0.000527932640038333
1.47099999999995	47.969240548256	-0.190643850542165	1500	0.000557153908334124
1.47199999999995	46.3332590201671	-0.0495377593694752	1500	0.000530773693922904
1.47299999999995	45.644604730323	-0.00357961955253412	1500	0.000519783946382674
1.47399999999995	46.9981619986319	-0.0640726102481585	1500	0.000514437239250032
1.47499999999995	48.2261442345897	-0.192049447379878	1500	0.000513861923608965
1.47599999999995	47.895623735504	0.0769229092808206	1500	0.000497247507896777
1.47699999999995	46.1905143267025	-0.0432716690759389	1500	0.000522876928771396
1.47799999999995	45.5837873882293	0.191578086958417	1500	0.000534854019454374
1.47899999999995	46.9974165023224	-0.188943672553223	1500	0.000530141321660954
1.47999999999995	48.2383704374104	-0.0574043219845051	1500	0.00053052364792408
1.48099999999995	47.9206853860218	0.0148448927767246	1500	0.000551410306344862
1.48199999999995	46.3100521233584	0.0260931787015791	1500	0.000526794486113482
1.48299999999995	45.702134754429	-0.0706356703464101	1500	0.000522531489147467
1.48399999999995	47.1168997602386	-0.107983999913043	1500	0.000516147221431875
1.48499999999995	48.3429001600788	0.117913457945539	1500	0.000510163670909053
1.48599999999995	48.0484434284108	0.211345358563315	1500	0.000497480912510291
1.48699999999995	46.3558366454467	-0.00430813893231259	1500	0.00052488652579315
1.48799999999995	45.6999372689735	0.136837667100866	1500	0.000537269231898205
1.48899999999995	47.1162762788006	0.0636947303665185	1500	0.000533368687286508
1.48999999999995	48.370828309841	-0.210266770947277	1500	0.00052960343854387
1.49099999999995	47.9674266960216	-0.112495932039156	1500	0.000557906151331408
1.49199999999995	46.3299718838279	0.00500887746274314	1500	0.000529169029367318
1.49299999999995	45.6467820024377	0.00687622282005873	1500	0.000519375856289414
1.49399999999995	46.9989925653472	-0.178893027723444	1500	0.000509812822502046
1.49499999999995	48.2137800113217	0.0865519712725951	1500	0.000510925150497222
1.49599999999995	47.8930960334281	-0.0979093432293368	1500	0.000497599956885944
1.49699999999995	46.1848555618149	-0.0446120039482269	1500	0.000522862386695435
1.49799999999995	45.5828780468312	0.103085990774713	1500	0.000535936725514988
1.49899999999995	46.9980454208284	-0.103281403829972	1500	0.000531073245318597
1.49999999999995	48.241245070108	-0.159940306266336	1500	0.000531205755062973
1.50099999999995	47.9289061527286	0.0300303622979732	1500	0.000555579758587475
1.50199999999995	46.3172173923521	0.00976472740854937	1500	0.000528997784218857
1.50299999999995	45.7303604168868	0.0392282141466742	1500	0.000517755643779213
1.50399999999995	47.1352930958464	-0.0691289213910869	1500	0.000513049880629409
1.50499999999995	48.3583610363243	0.0985310939106934	1500	0.000507469694269414
1.50599999999994	48.0421948902553	0.126219099139606	1500	0.000496064414795799
1.50699999999994	46.342900097922	0.00547432296023451	1500	0.000522802625829786
1.50799999999994	45.6881942769357	0.226056675202116	1500	0.000538278252751595
1.50899999999994	47.1246595610975	-0.0455060450776119	1500	0.000530888272938072
1.50999999999994	48.3535643377913	0.0147863281095898	1500	0.000527932467051315
1.51099999999994	47.9573970681453	-0.190644001358266	1500	0.000557154067898376
1.51199999999994	46.3228862327476	-0.0495375200844017	1500	0.000530773589437507
1.51299999999994	45.6365076872132	-0.0035800991069406	1500	0.000519784033266342
1.51399999999994	46.9923015973089	-0.064072103920491	1500	0.000514437256362685
1.51499999999994	48.2259114494148	-0.192049922831009	1500	0.000513861730618421
1.51599999999994	47.8956001582617	0.0769224870758149	1500	0.000497247623427952
1.51699999999994	46.1903677697572	-0.0432712601534225	1500	0.000522876826988106
1.51799999999994	45.5832407266314	0.19157792635275	1500	0.00053485412432816
1.51899999999994	46.9961111319389	-0.188943266424427	1500	0.000530141368819406
1.51999999999994	48.2356257874852	-0.057404591672102	1500	0.000530523490543477
1.52099999999994	47.914163478771	0.0148446143250175	1500	0.000551410464406207
1.52199999999994	46.3005396150569	0.0260931562793619	1500	0.000526794382662983
1.52299999999994	45.6907252465701	-0.0706358482072659	1500	0.000522531567076716
1.52399999999994	47.1033577443812	-0.107983441197179	1500	0.000516147227671859
1.52499999999994	48.328675343089	0.117913157888829	1500	0.00051016349676624
1.52599999999994	48.0334560990703	0.211345096448038	1500	0.000497481028021185
1.52699999999994	46.3424686395287	-0.00430782815121051	1500	0.00052488642581466
1.52799999999994	45.6884680625413	0.136837462530239	1500	0.00053726933446369
1.52899999999994	47.1074377777054	0.0636953867500171	1500	0.000533368724482211
1.52999999999994	48.3690336894746	-0.210267187018418	1500	0.000529603297617072
1.53099999999994	47.965085797454	-0.112496167277483	1500	0.000557906286367637
1.53199999999994	46.3269522127616	0.0050090891890189	1500	0.000529168940468744
1.53299999999994	45.6435817277116	0.00687581716850139	1500	0.000519375939571354
1.53399999999994	46.9962193922358	-0.178892613940753	1500	0.000509812822803307
1.53499999999994	48.213121724445	0.0865517512260707	1500	0.000510924970569888
1.53599999999994	47.8930654457657	-0.0979095449543447	1500	0.00049760007174061
1.53699999999994	46.1847111765712	-0.0446118703479359	1500	0.00052286229370993
1.53799999999994	45.5820512572068	0.103085799519075	1500	0.000535936812175385
1.53899999999994	46.9965035042702	-0.103280991720797	1500	0.000531073308553492
1.53999999999994	48.2381423808874	-0.15994050434745	1500	0.000531205616528183
1.54099999999994	47.9220015849004	0.0300300381081418	1500	0.000555579893022873
1.54199999999994	46.3076304654429	0.0097650102660917	1500	0.000528997691501056
1.54299999999994	45.7192199932333	0.0392281282754011	1500	0.0005177557217235
1.54399999999994	47.1214444603118	-0.0691286054160142	1500	0.000513049875157037
1.54499999999994	48.3445839280179	0.0985308840337432	1500	0.00050746953041118
1.54599999999994	48.0286640575685	0.126218971258794	1500	0.000496064523102842
1.54699999999994	46.3289286992538	0.00547452203502908	1500	0.000522802539679748
1.54799999999994	45.6733886548863	0.226056550827727	1500	0.000538278339147638
1.54899999999994	47.1103813199986	-0.0455054710873807	1500	0.000530888313877114
1.54999999999994	48.3437960239629	0.0147861523064478	1500	0.000527932326760302
1.55099999999994	47.9442111057966	-0.190644119229017	1500	0.000557154195165901
1.55199999999994	46.3133873944121	-0.0495373379645271	1500	0.000530773504636285
1.55299999999994	45.6299543459984	-0.00358048894487435	1500	0.000519784102790588
1.55399999999994	46.9889227124904	-0.0640717220540933	1500	0.000514437271959673
1.55499999999994	48.22531885882	-0.192050341141746	1500	0.00051386157608774
1.55599999999994	47.8955621102779	0.0769221037975071	1500	0.00049724771500939
1.55699999999994	46.1903080101628	-0.0432709313688225	1500	0.000522876744831946
1.55799999999994	45.5829613263173	0.191577809684904	1500	0.000534854208558334
1.55899999999994	46.9958291386629	-0.188942982196786	1500	0.000530141406295751
1.55999999999994	48.2354094315311	-0.057404813736164	1500	0.000530523363996258
1.56099999999994	47.9140009403625	0.0148443549330216	1500	0.000551410592091137
1.56199999999994	46.3002897607975	0.026093093518006	1500	0.000526794298139477
1.56299999999994	45.6898642393847	-0.0706359541660002	1500	0.000522531628395292
1.56399999999994	47.101363982297	-0.107983000607529	1500	0.000516147233838076
1.56499999999994	48.3270196087772	0.11791291163233	1500	0.000510163358168127
1.56599999999994	48.0303664550672	0.211344846287991	1500	0.000497481120653856
1.56699999999994	46.337447878956	-0.00430758685086729	1500	0.000524886344559595
1.56799999999994	45.6814040289683	0.136837311605655	1500	0.000537269417478251
1.56899999999994	47.0998693816026	0.063695908730388	1500	0.000533368753194177
1.56999999999994	48.3584892706806	-0.210267559986272	1500	0.000529603184919527
1.57099999999994	47.9503907995662	-0.112496370264033	1500	0.000557906392733812
1.57199999999994	46.315464729867	0.00500924084147661	1500	0.000529168868992156
1.57299999999994	45.635486844745	0.00687549317376159	1500	0.000519376006635675
1.57399999999994	46.9927198697794	-0.178892302729893	1500	0.000509812823210885
1.57499999999994	48.2127281650978	0.0865515664193131	1500	0.000510924824954049
1.57599999999994	47.8927660160745	-0.0979097190849698	1500	0.000497600165001579
1.57699999999994	46.1841177692771	-0.0446117866116624	1500	0.000522862218255609
1.57799999999994	45.5799990398091	0.103085660571641	1500	0.000535936881064432
1.57899999999994	46.9911915923661	-0.103280694607901	1500	0.000531073361546194
1.57999999999994	48.2279602393946	-0.159940661993205	1500	0.0005312055049038
1.58099999999994	47.9077575796591	0.0300297429909538	1500	0.000555580000021094
1.58199999999994	46.2901044123617	0.00976524121103878	1500	0.000528997616164654
1.58299999999994	45.6935356109504	0.0392280976414622	1500	0.000517755784891376
1.58399999999994	47.0942518953043	-0.0691283876917599	1500	0.00051304987011927
1.58499999999994	48.3237095875189	0.0985307213742939	1500	0.000507469398258389
1.58599999999994	48.0209647093106	0.126218858777656	1500	0.000496064610645505
1.58699999999994	46.3231149335309	0.00547465301655293	1500	0.000522802469747739
1.58799999999994	45.6695860797728	0.22605646901895	1500	0.000538278407742879
1.58899999999994	47.1102844643192	-0.0455050125051412	1500	0.00053088834685487
1.58999999999994	48.3463477986603	0.014786010947557	1500	0.000527932212697172
1.59099999999994	47.9469881913187	-0.190644211605806	1500	0.000557154296696249
1.59199999999994	46.3117313207901	-0.0495372009400542	1500	0.000530773435651811
1.59299999999994	45.6287353560218	-0.00358080706366492	1500	0.000519784158439785
1.59399999999994	46.9878585739909	-0.064071439120823	1500	0.000514437286208458
1.59499999999994	48.2249168676473	-0.192050710576535	1500	0.000513861452317163
1.59599999999994	47.8953488414124	0.0769217539465979	1500	0.000497247787496803
1.59699999999993	46.1899766466191	-0.0432706666268412	1500	0.000522876678424114
1.59799999999993	45.581704101351	0.191577726772942	1500	0.000534854276250069
1.59899999999993	46.9926835226741	-0.188942794432443	1500	0.000530141436062635
1.59999999999993	48.2292791443268	-0.0574049954385741	1500	0.000530523261923079
1.60099999999993	47.9054823518912	0.0148441114060091	1500	0.00055141069488348
1.60199999999993	46.288573386215	0.0260930010754011	1500	0.00052679422881325
1.60299999999993	45.6717429284943	-0.0706360050691817	1500	0.000522531676459912
1.60399999999993	47.0806119722379	-0.107982655503785	1500	0.000516147239919144
1.60499999999993	48.3064800909825	0.117912709190519	1500	0.000510163247956916
1.60599999999993	48.0115260141864	0.211344606438832	1500	0.00049748119494764
1.60699999999993	46.3194789219019	-0.00430740018815685	1500	0.000524886278376814
1.60799999999993	45.6655831228331	0.136837202595654	1500	0.000537269484813013
1.60899999999993	47.0851758052181	0.0636963231239019	1500	0.000533368775269754
1.60999999999993	48.3472891713425	-0.210267896826872	1500	0.000529603094763055
1.61099999999993	47.9367229075539	-0.112496547258575	1500	0.000557906476282291
1.61199999999993	46.3018335928809	0.00500934547547053	1500	0.000529168811455596
1.61299999999993	45.6288603543389	0.00687523401125635	1500	0.000519376060660897
1.61399999999993	46.9866306542494	-0.178892073357352	1500	0.000509812823730489
1.61499999999993	48.2060033453382	0.0865514110095074	1500	0.000510924706824854
1.61599999999993	47.8851840230558	-0.0979098711904229	1500	0.000497600240962006
1.61699999999993	46.1767360376192	-0.0446117407927905	1500	0.000522862156868622
1.61799999999993	45.5750194476842	0.103085562320703	1500	0.000535936935761088
1.61899999999993	46.9836392814611	-0.103280489006168	1500	0.000531073406252081
1.61999999999993	48.2180321797843	-0.15994078587355	1500	0.000531205414798702
1.62099999999993	47.8992913900964	0.0300294724270579	1500	0.000555580085079244
1.62199999999993	46.2807043291661	0.00976543113031534	1500	0.000528997554808889
1.62299999999993	45.6783963756708	0.0392281082493368	1500	0.000517755836172417
1.62399999999993	47.0786668608028	-0.0691282472858313	1500	0.00051304986547668
1.62499999999993	48.310899554383	0.0985305974207671	1500	0.000507469291469234
1.62599999999993	48.0101335175795	0.126218758657572	1500	0.00049606468155856
1.62699999999993	46.3141881307434	0.00547473047165746	1500	0.000522802412830269
1.62799999999993	45.6603082630428	0.226056419973572	1500	0.000538278462058014
1.62899999999993	47.1013251184002	-0.0455046466236144	1500	0.000530888373519126
1.62999999999993	48.3376430800877	0.0147858977847508	1500	0.000527932119706136
1.63099999999993	47.9357965797462	-0.190644284311129	1500	0.000557154377720893
1.63199999999993	46.3020187589584	-0.0495370993386778	1500	0.000530773379392941
1.63299999999993	45.62193898182	-0.00358106788054001	1500	0.000519784202997979
1.63399999999993	46.9799697550003	-0.06407123474101	1500	0.000514437299312032
1.63499999999993	48.216385857957	-0.192051038023004	1500	0.000513861353181149
1.63599999999993	47.8853459299296	0.0769214330499387	1500	0.00049724784476957
1.63699999999993	46.180336487367	-0.0432704530339272	1500	0.000522876624669979
1.63799999999993	45.5755649128441	0.191577669607504	1500	0.000534854330705604
1.63899999999993	46.9857202431899	-0.188942682788857	1500	0.000530141459712233
1.63999999999993	48.2214984136032	-0.0574051428169946	1500	0.000530523179454618
1.64099999999993	47.8991447440612	0.014843881092784	1500	0.000551410777726967
1.64199999999993	46.2830179550561	0.026092887386713	1500	0.000526794171733134
1.64299999999993	45.6633280873079	-0.0706360142817656	1500	0.000522531713961347
1.64399999999993	47.0734075977585	-0.107982387489462	1500	0.000516147245952462
1.64499999999993	48.3023385033458	0.1179125424669	1500	0.000510163160410475
1.64599999999993	48.009321896534	0.211344375586959	1500	0.000497481254580485
1.64699999999993	46.3181615673632	-0.00430725632679303	1500	0.000524886224327846
1.64799999999993	45.6645024609019	0.136837126195595	1500	0.000537269539585592
1.64899999999993	47.0838488832835	0.0636966513780091	1500	0.000533368792150117
1.64999999999993	48.3458699171396	-0.210268202982791	1500	0.000529603022625807
1.65099999999993	47.9343757866662	-0.112496703038751	1500	0.000557906541665532
1.65199999999993	46.299660830592	0.00500941343362581	1500	0.000529168765088681
1.65299999999993	45.6276740845248	0.00687502626027283	1500	0.000519376104200044
1.65399999999993	46.9865473404829	-0.178891909175227	1500	0.000509812824360163
1.65499999999993	48.2058984571762	0.0865512800709864	1500	0.000510924610761109
1.65599999999993	47.8850992774242	-0.0979100057185888	1500	0.000497600303081898
1.65699999999993	46.1763816178845	-0.0446117235495891	1500	0.000522862106838212
1.65799999999993	45.5747017243323	0.103085495555898	1500	0.000535936979169428
1.65899999999993	46.9831745865608	-0.103280356069362	1500	0.000531073444237604
1.65999999999993	48.2174759063216	-0.159940881535377	1500	0.000531205341937699
1.66099999999993	47.8986158339772	0.0300292227051854	1500	0.000555580152630819
1.66199999999993	46.2800826692139	0.00976558859595627	1500	0.00052899750471987
1.66299999999993	45.677641993033	0.0392281491907274	1500	0.000517755877937572
1.66399999999993	47.0761887492374	-0.0691281674542302	1500	0.000513049861217857
1.66499999999993	48.3092193381564	0.0985305052502066	1500	0.000507469204991218
1.66599999999993	48.0094656182231	0.126218668513122	1500	0.000496064739147625
1.66699999999993	46.313788116715	0.00547476599349743	1500	0.000522802366339662
1.66799999999993	45.6580940076159	0.226056395951582	1500	0.000538278504925853
1.66899999999993	47.0994611462701	-0.045504355180114	1500	0.000530888395157603
1.66999999999993	48.3376278397566	0.014785807744765	1500	0.000527932043646283
1.67099999999993	47.9358027006665	-0.190644341911996	1500	0.000557154442401428
1.67199999999993	46.3018303579055	-0.0495370254926581	1500	0.000530773333347036
1.67299999999993	45.6219561153974	-0.0035812829452605	1500	0.000519784238687069
1.67399999999993	46.9799491544001	-0.064071092574792	1500	0.000514437311382084
1.67499999999993	48.2163695459856	-0.19205132924238	1500	0.000513861273773014
1.67599999999993	47.885146082571	0.0769211373727106	1500	0.000497247889926394
1.67699999999993	46.1798253085034	-0.0432702803153995	1500	0.000522876581081319
1.67799999999993	45.5744803255498	0.191577631843206	1500	0.000534854374549465
1.67899999999993	46.9838876143903	-0.188942630995665	1500	0.000530141478510544
1.67999999999993	48.219282926134	-0.0574052609830205	1500	0.000530523112708656
1.68099999999993	47.8973699894629	0.0148436619790157	1500	0.000551410844561933
1.68199999999993	46.2814127000709	0.0260927589666806	1500	0.000526794124546143
1.68299999999993	45.6592784863993	-0.0706359923698776	1500	0.000522531743031507
1.68399999999993	47.0685068040137	-0.107982181698686	1500	0.000516147251910175
1.68499999999993	48.3002346862806	0.117912404947142	1500	0.000510163090949717
1.68599999999993	48.0084138347354	0.211344152782762	1500	0.000497481302465423
1.68699999999993	46.3166416008836	-0.00430714591772156	1500	0.000524886180071709
1.68799999999992	45.6615688839014	0.136837074965473	1500	0.000537269584274726
1.68899999999992	47.0811712189627	0.0636969107025527	1500	0.000533368804971504
1.68999999999992	48.341627968117	-0.210268482927329	1500	0.000529602964898789
1.69099999999992	47.9281304172339	-0.112496841435881	1500	0.000557906592608418
1.69199999999992	46.2944048422029	0.0050094529400259	1500	0.000529168727682689
1.69299999999992	45.624702498164	0.0068748591989363	1500	0.000519376139292896
1.69399999999992	46.9864225064028	-0.178891796865632	1500	0.000509812825083294
1.69499999999992	48.2058991658506	0.0865511693847431	1500	0.000510924532440026
1.69599999999992	47.8851022502478	-0.0979101260585168	1500	0.000497600354055428
1.69699999999992	46.1763620506561	-0.04461172757984	1500	0.000522862065934916
1.69799999999992	45.574558185628	0.103085452982304	1500	0.000535937013609869
1.69899999999992	46.9830415515766	-0.103280280734425	1500	0.000531073476749455
1.69999999999992	48.2173130037408	-0.159940953515612	1500	0.000531205282872122
1.70099999999992	47.8984569880211	0.0300289908793993	1500	0.000555580206184089
1.70199999999992	46.2797491870434	0.00976572047011067	1500	0.000528997463707521
1.70299999999992	45.6772076260037	0.0392282118923923	1500	0.000517755912053795
1.70399999999992	47.0754224769846	-0.0691281348193355	1500	0.000513049857290683
1.70499999999992	48.3075681554115	0.0985304392337589	1500	0.000507469134785257
1.70599999999992	48.0082646034249	0.126218586588635	1500	0.000496064785920014
1.70699999999992	46.3121519796044	0.00547476886286006	1500	0.000522802328192343
1.70799999999992	45.6552171005067	0.226056390807536	1500	0.000538278538597326
1.70899999999992	47.0958704199028	-0.0455041235416772	1500	0.000530888412808893
1.70999999999992	48.3332479958033	0.0147857367393029	1500	0.000527931981200834
1.71099999999992	47.9296202528282	-0.190644387914129	1500	0.000557154494013263
1.71199999999992	46.2966801458591	-0.0495369733166438	1500	0.000530773295535178
1.71299999999992	45.6188856789423	-0.00358146148854691	1500	0.000519784267291834
1.71399999999992	46.9797476174932	-0.0640709995681913	1500	0.000514437322543968
1.71499999999992	48.2163377111009	-0.192051589059061	1500	0.000513861210161988
1.71599999999992	47.885054133902	0.0769208638632791	1500	0.000497247925428078
1.71699999999992	46.1796801503439	-0.0432701402665418	1500	0.00052287654566548
1.71799999999992	45.5742123451293	0.191577608560292	1500	0.000534854409894749
1.71899999999992	46.983485706702	-0.188942626075251	1500	0.000530141493433382
1.71999999999992	48.2188852570648	-0.0574053542031127	1500	0.000530523058542433
1.72099999999992	47.8972179745643	0.0148434524611441	1500	0.000551410898551331
1.72199999999992	46.2814166764707	0.0260926209330264	1500	0.000526794085350712
1.72299999999992	45.6581119017285	-0.0706359475915929	1500	0.000522531765400346
1.72399999999992	47.0673513991056	-0.107982026146209	1500	0.000516147257799649
1.72499999999992	48.3004151930987	0.117912291330897	1500	0.00051016303590607
1.72599999999992	48.0083918573345	0.21134393730861	1500	0.000497481340919714
1.72699999999992	46.3163925994531	-0.00430706146782634	1500	0.000524886143725508
1.72799999999992	45.6614343142938	0.136837043063637	1500	0.000537269620888313
1.72899999999992	47.0810057536251	0.0636971148917964	1500	0.000533368814636579
1.72999999999992	48.3413150109979	-0.210268740409685	1500	0.000529602918717168
1.73099999999992	47.9278290146948	-0.112496965504975	1500	0.00055790663207036
1.73199999999992	46.2941797284429	0.00500947055714433	1500	0.000529168697459343
1.73299999999992	45.6238025393475	0.00687472429876503	1500	0.000519376167589363
1.73399999999992	46.9860946989852	-0.178891725752095	1500	0.000509812825881067
1.73499999999992	48.2058620139127	0.0865510757607941	1500	0.000510924468364476
1.73599999999992	47.8850239770985	-0.0979102350031262	1500	0.000497600396109951
1.73699999999992	46.1762213351355	-0.0446117470937463	1500	0.000522862032430628
1.73799999999992	45.5744109712854	0.103085428779982	1500	0.00053593704090646
1.73899999999992	46.9828346841698	-0.103280250905718	1500	0.000531073504795113
1.73999999999992	48.2171449088365	-0.159941005613366	1500	0.000531205234869854
1.74099999999992	47.8983067920249	0.0300287744826171	1500	0.000555580248568502
1.74199999999992	46.2797099532047	0.00976583216316164	1500	0.000528997430022759
1.74299999999992	45.6770911497589	0.0392282897022816	1500	0.000517755940038743
1.74399999999992	47.0748640796147	-0.0691281387352127	1500	0.000513049853669661
1.74499999999992	48.3069611665552	0.0985303947372074	1500	0.00050746907760511
1.74599999999992	48.008182027086	0.126218511346959	1500	0.000496064824160391
1.74699999999992	46.3121426479379	0.00547474653124658	1500	0.00052280229679491
1.74799999999992	45.6551725544053	0.226056399726981	1500	0.000538278564922606
1.74899999999992	47.0958007603874	-0.0455039399828968	1500	0.000530888427269114
1.74999999999992	48.3332097452268	0.0147856813544329	1500	0.000527931929733217
1.75099999999992	47.929531502039	-0.190644425180499	1500	0.000557154535263534
1.75199999999992	46.2966321060317	-0.0495369379980802	1500	0.000530773264354643
1.75299999999992	45.6187803626075	-0.00358161088577775	1500	0.000519784290246349
1.75399999999992	46.9795751962928	-0.0640709453291881	1500	0.000514437332882147
1.75499999999992	48.2162465178479	-0.19205182154756	1500	0.000513861159226647
1.75599999999992	47.8849341877142	0.0769206099291723	1500	0.000497247953263278
1.75699999999992	46.1795170977588	-0.0432700263359855	1500	0.000522876516822964
1.75799999999992	45.5741199178275	0.191577595851109	1500	0.000534854438428003
1.75899999999992	46.9833211655095	-0.188942657643167	1500	0.000530141505264748
1.75999999999992	48.2185987410766	-0.0574054260764221	1500	0.000530523014471516
1.76099999999992	47.8970488422447	0.0148432513166543	1500	0.000551410942209274
1.76199999999992	46.2812330763766	0.026092477168138	1500	0.000526794052624537
1.76299999999992	45.6579116606766	-0.0706358864231665	1500	0.000522531782444961
1.76399999999992	47.0670669860479	-0.107981911134767	1500	0.000516147263611746
1.76499999999992	48.2993730496939	0.117912197373112	1500	0.000510162992379939
1.76599999999992	48.0072949875423	0.211343723553907	1500	0.000497481373807417
1.76699999999992	46.315171424294	-0.0043069972256268	1500	0.000524886113985057
1.76799999999992	45.6607524073251	0.136837025780089	1500	0.000537269651016946
1.76899999999992	47.0804240885606	0.0636972749907524	1500	0.000533368821889921
1.76999999999992	48.3407203954002	-0.210268978463919	1500	0.000529602881640275
1.77099999999992	47.9270388982691	-0.112497077573445	1500	0.000557906662299769
1.77199999999992	46.2935862910824	0.00500947155246651	1500	0.00052916867300356
1.77299999999992	45.6232070388053	0.00687461496989851	1500	0.000519376190506593
1.77399999999992	46.9857642000403	-0.178891687040473	1500	0.000509812826827867
1.77499999999992	48.2057737546832	0.0865509969743917	1500	0.000510924415702139
1.77599999999992	47.8848488293756	-0.0979103345120952	1500	0.00049760043092859
1.77699999999992	46.1759088366655	-0.0446117774822669	1500	0.000522862004780408
1.77799999999991	45.5739103804986	0.103085418481653	1500	0.000535937062524125
1.77899999999991	46.98186236874	-0.103280256845595	1500	0.000531073529274195
1.77999999999991	48.2163852670206	-0.159941040990732	1500	0.000531205195821839
1.78099999999991	47.8976770157311	0.0300285714576008	1500	0.000555580282095612
1.78199999999991	46.2792505118781	0.00976592793517041	1500	0.000528997402221117
1.78299999999991	45.6768398496126	0.0392283773371783	1500	0.000517755963016011
1.78399999999991	47.0741788773513	-0.06912817085971	1500	0.000513049850291351
1.78499999999991	48.3060410615468	0.0985303678610865	1500	0.000507469030894208
1.78599999999991	48.0074476257985	0.126218441573694	1500	0.000496064855609265
1.78699999999991	46.3117556269949	0.00547470479438128	1500	0.000522802270880284
1.78799999999991	45.6549379124059	0.226056418832776	1500	0.00053827858532864
1.78899999999991	47.0943618876463	-0.0455037950546536	1500	0.000530888439147285
1.78999999999991	48.3315338483237	0.0147856387363391	1500	0.000527931887043841
1.79099999999991	47.9277778390351	-0.190644455956516	1500	0.000557154568228919
1.79199999999991	46.2946626606529	-0.0495369156348916	1500	0.000530773238528239
1.79299999999991	45.6161228655217	-0.0035817369650069	1500	0.000519784308724065
1.79399999999991	46.9759563693331	-0.0640709214234123	1500	0.00051443734253162
1.79499999999991	48.2141174764303	-0.192052029990587	1500	0.000513861118435855
1.79599999999991	47.8841189260428	0.0769203735599424	1500	0.000497247974943023
1.79699999999991	46.1776601744012	-0.0432699332345696	1500	0.000522876493241168
1.79799999999991	45.5731335058976	0.191577590765025	1500	0.000534854461502448
1.79899999999991	46.9830644729257	-0.188942717394048	1500	0.000530141514701026
1.79999999999991	48.218480621341	-0.0574054796053098	1500	0.000530522978553811
1.80099999999991	47.8968454068481	0.014843057583367	1500	0.000551410977596748
1.80199999999991	46.2811582180078	0.0260923306773533	1500	0.000526794025119665
1.80299999999991	45.6574395047107	-0.0706358139542806	1500	0.00052253179522632
1.80399999999991	47.066165363959	-0.10798182896514	1500	0.000516147269326998
1.80499999999991	48.2991528727432	0.117912119516276	1500	0.000510162958044627
1.80599999999991	48.0072896181768	0.211343511311787	1500	0.000497481402537571
1.80699999999991	46.3152715102083	-0.00430694858362604	1500	0.000524886089630825
1.80799999999991	45.6606133220833	0.13683701944456	1500	0.000537269675944424
1.80899999999991	47.0799530254577	0.0636973997940364	1500	0.000533368827257144
1.80999999999991	48.3402534283047	-0.210269199656591	1500	0.000529602851818391
1.81099999999991	47.9263987566809	-0.112497179597189	1500	0.000557906685170667
1.81199999999991	46.2935215746235	0.00500946003566051	1500	0.000529168653182641
1.81299999999991	45.6230700122316	0.00687452581549937	1500	0.000519376209113464
1.81399999999991	46.9857221955305	-0.178891673857869	1500	0.000509812827910516
1.81499999999991	48.2057757465691	0.0865509308176078	1500	0.000510924372223741
1.81599999999991	47.8848523027193	-0.0979104262138187	1500	0.000497600459873866
1.81699999999991	46.1758987684282	-0.0446118152402653	1500	0.000522861981867527
1.81799999999991	45.5737867208411	0.103085418518896	1500	0.000535937079641079
1.81899999999991	46.9816720106228	-0.103280290775925	1500	0.000531073550875298
1.81999999999991	48.2161945514644	-0.159941062229141	1500	0.000531205164032233
1.82099999999991	47.8975909736677	0.0300283802077654	1500	0.000555580308570982
1.82199999999991	46.2791599670308	0.00976601118589929	1500	0.000528997379172459
1.82299999999991	45.6763305190446	0.0392284708400144	1500	0.00051775598195113
1.82399999999991	47.0736352497938	-0.0691282244712371	1500	0.000513049847120015
1.82499999999991	48.3056238355738	0.0985303554850001	1500	0.000507468992600991
1.82599999999991	48.0068596101078	0.126218376397489	1500	0.000496064881621303
1.82699999999991	46.3114033584824	0.00547464831042693	1500	0.000522802249400846
1.82799999999991	45.6546075682214	0.226056445161859	1500	0.000538278600997943
1.82899999999991	47.0937080529813	-0.0455036811845353	1500	0.000530888448953758
1.82999999999991	48.3308587228588	0.0147856069011545	1500	0.000527931851446371
1.83099999999991	47.9268276977957	-0.190644481721728	1500	0.0005571545945753
1.83199999999991	46.2946619296108	-0.0495369032303015	1500	0.000530773217045128
1.83299999999991	45.6161208066261	-0.00358184441085025	1500	0.000519784323665668
1.83399999999991	46.9759471377493	-0.0640709211537785	1500	0.000514437351570159
1.83499999999991	48.2141229104611	-0.192052217250046	1500	0.000513861085787801
1.83599999999991	47.8840592510597	0.0769201529713907	1500	0.000497247991705197
1.83699999999991	46.1775929039259	-0.0432698567690387	1500	0.000522876473875493
1.83799999999991	45.5730139294944	0.191577590986677	1500	0.000534854480201046
1.83899999999991	46.982843441299	-0.188942798663667	1500	0.000530141522264269
1.83999999999991	48.2182560488459	-0.0574055173679627	1500	0.000530522949099369
1.84099999999991	47.8966966807226	0.0148428705142735	1500	0.000551411006306628
1.84199999999991	46.2809813291567	0.0260921837223623	1500	0.000526794001833598
1.84299999999991	45.656966625795	-0.0706357341044208	1500	0.000522531804605759
1.84399999999991	47.0650049738336	-0.107981773304622	1500	0.000516147274952451
1.84499999999991	48.2985657143633	0.117912054966911	1500	0.000510162931066904
1.84599999999991	48.0069207434633	0.211343305238121	1500	0.000497481426337105
1.84699999999991	46.3151060527068	-0.00430691175113737	1500	0.000524886069500836
1.84799999999991	45.6605192687511	0.136837021157138	1500	0.000537269696675304
1.84899999999991	47.079663109998	0.0636974964377844	1500	0.000533368831174859
1.84999999999991	48.339268156725	-0.210269406120216	1500	0.000529602827866645
1.85099999999991	47.9260893650737	-0.112497273180276	1500	0.000557906702282243
1.85199999999991	46.2934534494489	0.00500943913599853	1500	0.000529168637091028
1.85299999999991	45.6229961235036	0.00687445238585574	1500	0.000519376224183401
1.85399999999991	46.9857067883453	-0.178891680891937	1500	0.000509812829067241
1.85499999999991	48.2057676594724	0.0865508752796666	1500	0.000510924336132042
1.85599999999991	47.8848203868943	-0.0979105116841708	1500	0.000497600484175653
1.85699999999991	46.1758511362885	-0.0446118578352164	1500	0.00052286196282374
1.85799999999991	45.5737314142386	0.103085425963843	1500	0.000535937093193977
1.85899999999991	46.9816367332073	-0.103280346565526	1500	0.000531073570031078
1.85999999999991	48.2161357635551	-0.159941071431308	1500	0.000531205138002904
1.86099999999991	47.8973403971494	0.0300281994882953	1500	0.000555580329369692
1.86199999999991	46.2786026355131	0.0097660845783131	1500	0.000528997359987174
1.86299999999991	45.6760184589158	0.0392285672264035	1500	0.000517755997651737
1.86399999999991	47.0730858491427	-0.0691282940807139	1500	0.000513049844155592
1.86499999999991	48.3050950869154	0.098530355139042	1500	0.000507468961045237
1.86599999999991	48.0063067094537	0.126218315187374	1500	0.000496064903246081
1.86699999999991	46.3103629854578	0.00547458086367	1500	0.0005228022314713
1.86799999999991	45.6534016163156	0.226056476381042	1500	0.000538278612857659
1.8689999999999	47.0928553749682	-0.045503592290858	1500	0.000530888457127696
1.8699999999999	48.3300817604229	0.0147855839576534	1500	0.000527931821627667
1.8709999999999	47.9267720895097	-0.190644503758389	1500	0.000557154615647254
1.8719999999999	46.2946038274	-0.0495368984521696	1500	0.000530773199074307
1.8729999999999	45.6160563546618	-0.00358193710276196	1500	0.000519784335729975
1.8739999999999	46.9759420530308	-0.0640709393759655	1500	0.000514437360019194
1.8749999999999	48.2141261070981	-0.192052385953649	1500	0.000513861059677568
1.8759999999999	47.8840626428584	0.0769199464971238	1500	0.000497248004596311
1.8769999999999	46.1775616429662	-0.0432697937018235	1500	0.000522876457940498
1.8779999999999	45.5728202612762	0.19157759463827	1500	0.000534854495371491
1.8789999999999	46.9826313375429	-0.188942896299024	1500	0.000530141528287432
1.8799999999999	48.2181323244888	-0.0574055415827331	1500	0.000530522925125798
1.8809999999999	47.8965488447667	0.0148426894787185	1500	0.000551411029676274
1.8819999999999	46.2808803453934	0.0260920380427595	1500	0.000526793982060483
1.8829999999999	45.656747650509	-0.0706356498649026	1500	0.0005225318113298
1.8839999999999	47.0644066253339	-0.107981739032517	1500	0.000516147280466567
1.8849999999999	48.29761329961	0.117912001475947	1500	0.00051016290991051
1.8859999999999	48.006410767321	0.211343105089842	1500	0.000497481446136749
1.8869999999999	46.3151035041486	-0.00430688384471664	1500	0.000524886052775825
1.8879999999999	45.6605134380705	0.136837028658545	1500	0.000537269714034579
1.8889999999999	47.079658714391	0.0636975705567479	1500	0.00053336883398336
1.8899999999999	48.3392760515738	-0.210269599719412	1500	0.000529602808660955
1.8909999999999	47.9260968090296	-0.112497359627231	1500	0.000557906714869632
1.8919999999999	46.2934583030729	0.00500941138653883	1500	0.000529168623956613
1.8929999999999	45.6229993118069	0.00687439116298137	1500	0.000519376236360903
1.8939999999999	46.9857081744164	-0.178891703822889	1500	0.000509812830259158
1.8949999999999	48.2057733511209	0.0865508286570851	1500	0.000510924306023771
1.8959999999999	47.884833942262	-0.0979105920479908	1500	0.000497600504744448
1.8969999999999	46.1758578608115	-0.0446119032753754	1500	0.000522861946950548
1.8979999999999	45.5736146398423	0.10308543854759	1500	0.000535937103922387
1.8989999999999	46.9815320563756	-0.103280419262071	1500	0.000531073587121593
1.8999999999999	48.2160494592474	-0.159941070417208	1500	0.000531205116591429
1.9009999999999	47.8972625328628	0.0300280281351757	1500	0.000555580345652812
1.9019999999999	46.2785395317117	0.00976615022240939	1500	0.000528997343956332
1.9029999999999	45.6758160014618	0.0392286642305247	1500	0.000517756010776531
1.9039999999999	47.0725858780468	-0.0691283754006287	1500	0.000513049841395717
1.9049999999999	48.3046579916984	0.0985303647748476	1500	0.000507468934918708
1.9059999999999	48.0058459976648	0.126218257447924	1500	0.000496064921337198
1.9069999999999	46.3103661241409	0.00547450540958711	1500	0.000522802216401509
1.9079999999999	45.6534053670023	0.22605651068816	1500	0.000538278621665315
1.9089999999999	47.0928588696751	-0.0455035234701298	1500	0.000530888463984608
1.9099999999999	48.3300864950915	0.0147855684334314	1500	0.000527931796507486
1.9109999999999	47.9267759245406	-0.190644523155588	1500	0.000557154632597579
1.9119999999999	46.2946074247143	-0.0495368994700314	1500	0.000530773183949556
1.9129999999999	45.6160608394118	-0.00358201807403388	1500	0.000519784345514642
1.9139999999999	46.9759469125286	-0.064070971909593	1500	0.000514437367921904
1.9149999999999	48.2141335881483	-0.192052538281125	1500	0.00051386103882055
1.9159999999999	47.8840767364088	0.0769197526671639	1500	0.000497248014720038
1.9169999999999	46.177570061391	-0.0432697413759005	1500	0.000522876444875641
1.9179999999999	45.5728317425707	0.191577600355591	1500	0.000534854507742488
1.9189999999999	46.9826435565301	-0.188943006069495	1500	0.000530141533075895
1.9199999999999	48.2181451824785	-0.0574055541305214	1500	0.000530522905238948
1.9209999999999	47.8965702805253	0.0148425140378384	1500	0.000551411048673631
1.9219999999999	46.2809320358629	0.0260918948477895	1500	0.000526793965108265
1.9229999999999	45.6567991140201	-0.0706355635485519	1500	0.000522531815950594
1.9239999999999	47.0644164219908	-0.107981721941488	1500	0.000516147285887495
1.9249999999999	48.2976429662025	0.117911957166564	1500	0.000510162893409388
1.9259999999999	48.0064699634698	0.211342910637595	1500	0.000497481462715213
1.9269999999999	46.3151279223218	-0.00430686255653868	1500	0.000524886038821006
1.9279999999999	45.6605164514024	0.136837040182894	1500	0.000537269728683229
1.9289999999999	47.0796601683873	0.0636976266985921	1500	0.000533368835925471
1.9299999999999	48.3392781630249	-0.210269781850359	1500	0.000529602793233921
1.9309999999999	47.9260972496721	-0.112497439882606	1500	0.000557906723862382
1.9319999999999	46.2934585926884	0.00500937874082904	1500	0.000529168613230818
1.9329999999999	45.6230013089933	0.00687433944123347	1500	0.000519376246204513
1.9339999999999	46.9857099591997	-0.17889173913447	1500	0.000509812831465121
1.9349999999999	48.2057764501758	0.0865507896866879	1500	0.000510924280738499
1.9359999999999	47.8848390999661	-0.0979106681508281	1500	0.000497600522308546
1.9369999999999	46.1758637573471	-0.0446119499964411	1500	0.000522861933651202
1.9379999999999	45.5736217561475	0.103085454542499	1500	0.000535937112420198
1.9389999999999	46.981539880576	-0.103280504892515	1500	0.000531073602487007
1.9399999999999	48.216062691538	-0.159941060804084	1500	0.000531205098910664
1.9409999999999	47.8972155313464	0.0300278652581171	1500	0.000555580358317074
1.9419999999999	46.2783696831323	0.00976620979524967	1500	0.000528997330488013
1.9429999999999	45.6755265717918	0.0392287601189239	1500	0.000517756021805091
1.9439999999999	47.0721544328356	-0.0691284650599579	1500	0.000513049838794563
1.9449999999999	48.3042276151708	0.0985303826649022	1500	0.000507468913154491
1.9459999999999	48.0053654498184	0.126218202742468	1500	0.000496064936600814
1.9469999999999	46.310253987169	0.00547442430187849	1500	0.000522802203650419
1.9479999999999	45.6533914114934	0.226056546689507	1500	0.000538278628025308
1.9489999999999	47.0919187893173	-0.0455034707932339	1500	0.000530888469791593
1.9499999999999	48.3293056268236	0.0147855590710537	1500	0.000527931775208245
1.9509999999999	47.9267596291066	-0.190644540564124	1500	0.000557154646215659
1.9519999999999	46.2946056870524	-0.0495369047656609	1500	0.000530773171144838
1.9529999999999	45.6160625475775	-0.00358208974627135	1500	0.00051978435346146
1.9539999999999	46.9759487022741	-0.0640710153843669	1500	0.000514437375318422
1.9549999999999	48.2141354843338	-0.192052676047436	1500	0.000513861022180766
1.9559999999999	47.8840701120672	0.0769195703205184	1500	0.00049724802284716
1.9569999999999	46.1775644221398	-0.043269697648835	1500	0.00052287643420508
1.9579999999999	45.5726882083179	0.191577607096172	1500	0.000534854517854744
1.9589999999999	46.9824444832197	-0.188943124634404	1500	0.000530141536860504
1.95999999999989	48.2179239767015	-0.0574055566049913	1500	0.000530522888741943
1.96099999999989	47.8962739846132	0.0148423437565733	1500	0.000551411064177793
1.96199999999989	46.2804434428158	0.0260917551073735	1500	0.000526793950473696
1.96299999999989	45.6560574264273	-0.070635476861762	1500	0.00052253181895341
1.96399999999989	47.063538856716	-0.10798171870028	1500	0.00051614729119856
1.96499999999989	48.2968127685079	0.117911920533064	1500	0.000510162880595005
1.96599999999989	48.0054290844795	0.211342721729784	1500	0.00049748147666578
1.96699999999989	46.3147674523037	-0.00430684609776688	1500	0.000524886027129685
1.96799999999989	45.6603474815152	0.136837054354368	1500	0.00053726974114728
1.96899999999989	47.0784269120982	0.0636976685742471	1500	0.000533368837249837
1.96999999999989	48.3384852794319	-0.21026995374886	1500	0.000529602780866453
1.97099999999989	47.9259750749584	-0.112497514802286	1500	0.000557906730054948
1.97199999999989	46.2933387174989	0.00500934282794759	1500	0.000529168604418009
1.97299999999989	45.6230048550718	0.00687429511351451	1500	0.000519376254168296
1.97399999999989	46.9857143768176	-0.178891783961481	1500	0.000509812832684206
1.97499999999989	48.2057821611162	0.0865507572921944	1500	0.000510924259344887
1.97599999999989	47.8848215015168	-0.0979107406299862	1500	0.00049760053743102
1.97699999999989	46.1758073770704	-0.0446119968353937	1500	0.000522861922455275
1.97799999999989	45.5735027747738	0.103085472630877	1500	0.000535937119166608
1.97899999999989	46.9812713490127	-0.103280600270467	1500	0.000531073616410833
1.97999999999989	48.2157054272963	-0.159941043799816	1500	0.000531205084216817
1.98099999999989	47.8968743873154	0.0300277100791357	1500	0.000555580368097649
1.98199999999989	46.2775510659297	0.00976626458037016	1500	0.000528997319109419
1.98299999999989	45.6739217956979	0.0392288536837804	1500	0.00051775603116561
1.98399999999989	47.0704642871971	-0.0691285603215107	1500	0.000513049836388478
1.98499999999989	48.3027378656112	0.098530407369163	1500	0.000507468894921297
1.98599999999989	48.0038077166667	0.1262181507833	1500	0.000496064949574051
1.98699999999989	46.3096348489709	0.00547433937647319	1500	0.000522802192767498
1.98799999999989	45.6528352358269	0.226056583352257	1500	0.000538278632438228
1.98899999999989	47.0899622837983	-0.045503431052244	1500	0.000530888474737811
1.98999999999989	48.3283669252834	0.0147855549151769	1500	0.000527931757030052
1.99099999999989	47.926579449908	-0.190644556599677	1500	0.000557154657213185
1.99199999999989	46.2943323620745	-0.0495369132401764	1500	0.000530773160230981
1.99299999999989	45.616065462694	-0.00358215403527862	1500	0.000519784359949305
1.99399999999989	46.9759520194417	-0.0640710670629367	1500	0.000514437382263629
1.99499999999989	48.2141335302144	-0.192052800828668	1500	0.000513861008926661
1.99599999999989	47.8840583453343	0.0769193985908506	1500	0.000497248029037292
1.99699999999989	46.1775100275169	-0.0432696608726315	1500	0.00052287642534251
1.99799999999989	45.572587059855	0.191577614065739	1500	0.000534854526148631
1.99899999999989	46.982303838064	-0.188943249383428	1500	0.000530141539867911
2	48.217749475542	-0.0574128024851853	1500	0.000530522719193877
