"Time [s]"	"CoreLoss [W]"	"Moving1.Torque [NewtonMeter]"	"Moving1.Speed [rpm]"	"SolidLoss [kW]"
0	0	0	1500	0
0.001	108.504444063229	-86.2957816473881	1500	1.27431356101939
0.002	71.464632702726	-200.782590177136	1500	5.47583561451124
0.003	62.8041302688079	-31.3075500667663	1500	10.9675954642327
0.004	74.1870237143735	342.695528928327	1500	16.3917079248254
0.005	83.2406784993604	548.124856877349	1500	21.864807974692
0.006	78.7450828478545	126.910317597149	1500	27.3781710840936
0.007	73.4098959172246	-647.63757481759	1500	30.4209659837733
0.008	85.3301021723219	-959.131397041442	1500	31.0912965655422
0.009	103.884001044526	-495.603830405559	1500	31.3225481063332
0.01	110.437478958853	116.43042737078	1500	29.6092299564343
0.011	115.098740101425	540.988267966121	1500	26.2664510473186
0.012	109.13002497781	130.141596438993	1500	23.6301615185301
0.013	108.90124913845	-673.120633636245	1500	19.6513948861372
0.014	128.701626238969	-909.707116485091	1500	15.2045283840794
0.015	145.260215662035	-538.893480546512	1500	11.5725360084621
0.016	139.946330627603	-163.359148098861	1500	8.00012118967277
0.017	131.526184030172	45.493150860438	1500	4.86698548016612
0.018	136.870826173749	-11.5327568406512	1500	2.65871270495226
0.019	150.857605523302	-84.8793644457744	1500	1.27742530436733
0.02	170.377850569789	-46.6357083365606	1500	0.661297995829191
0.021	181.416584175607	21.3852846084804	1500	0.480796025823207
0.022	155.087289315852	4.09579107329704	1500	0.846177098804334
0.023	155.034935995295	18.6091833397539	1500	1.75090391533131
0.024	164.261776495548	168.925280139128	1500	2.86217127232976
0.025	175.771492209096	363.932952229839	1500	3.69862809871006
0.026	183.401316261672	392.958861187389	1500	4.10431756167938
0.027	162.615416551687	-122.249801175601	1500	4.7705431159034
0.028	167.710765479382	-422.172134956994	1500	6.00508391301012
0.029	189.786544541621	-228.478724655943	1500	6.80823967100812
0.03	190.980674952045	67.8328809668541	1500	6.65361946455239
0.031	193.253184092897	288.419399213585	1500	5.67872001017801
0.032	183.897930756917	156.50985594278	1500	4.43895400970682
0.033	172.396745342956	-419.659707550696	1500	3.96124250899728
0.034	197.127931447391	-470.806519130127	1500	3.66515942034841
0.035	199.84701594038	-298.880119552284	1500	3.11589035691037
0.036	192.194532435999	-104.99739676404	1500	2.24182852889758
0.037	183.751727252407	-21.9008706862026	1500	1.3599242556872
0.038	179.197749241944	-62.0506297835621	1500	0.734293576601182
0.039	191.608407285277	-102.545045726332	1500	0.379254343135054
0.04	206.003694720929	-61.9228303193635	1500	0.213144759669424
0.041	208.516695153283	-0.0757810233295957	1500	0.125153586045031
0.042	191.551974064421	13.3162086805983	1500	0.152629854402021
0.043	188.852731847985	14.7403072328216	1500	0.346588959091514
0.044	204.593928616427	69.2445028583868	1500	0.598465929250893
0.045	213.400501403974	153.374094580172	1500	0.746656397002094
0.046	213.969843706115	160.411922651647	1500	0.692531630785314
0.047	203.908903374137	8.5982325318026	1500	0.682988269327409
0.048	195.115439810544	-130.264379140407	1500	1.16984461417547
0.049	218.389127813541	-88.7485989520511	1500	1.63327631571034
0.05	221.048967260477	28.3620551436405	1500	1.67533342114892
0.051	224.381961233577	110.697629791852	1500	1.32049399494776
0.052	210.151392561971	47.9426869810833	1500	0.858188189581409
0.053	201.46394390365	-152.940905326292	1500	0.774066411450107
0.054	217.692960117947	-240.15311826467	1500	0.919688452291608
0.055	231.056562771182	-154.589244134917	1500	0.906136248010894
0.056	219.166106627699	-71.2698027968987	1500	0.682896518472843
0.057	210.101212560102	-35.1426678784535	1500	0.409643319679267
0.058	205.250731902612	-51.6780502480319	1500	0.214334557359028
0.059	212.41522888695	-71.9201302032422	1500	0.12423472929257
0.06	226.172118591084	-48.2791238863368	1500	0.0883038058820666
0.061	227.13274727067	-8.97968067371949	1500	0.052400406536489
0.062	212.288353070941	4.33233156932194	1500	0.0397374845556626
0.063	208.586354870158	4.05874719506299	1500	0.0891889521397925
0.064	220.033390891174	24.9537722157764	1500	0.158163621251171
0.065	231.2382191966	61.989961515968	1500	0.181598599790907
0.066	229.498975065976	63.4814810008741	1500	0.140620662329114
0.067	219.374856351228	16.4267295011258	1500	0.147646526189771
0.068	217.673052503386	-28.1217581322142	1500	0.26954125295948
0.069	230.737488230559	-29.2865626925243	1500	0.417778843729996
0.07	237.233352354357	7.44144954422661	1500	0.457097463308413
0.071	236.810644630536	25.5371823967066	1500	0.350666093470843
0.0720000000000001	226.97214136893	5.63917972737602	1500	0.220431658331919
0.0730000000000001	222.479815790598	-61.0882169871891	1500	0.17339178837092
0.0740000000000001	230.854540275014	-101.517399079911	1500	0.233818222743
0.0750000000000001	237.656124146945	-88.9812711212583	1500	0.278214667661358
0.0760000000000001	238.048143403925	-46.1742498400508	1500	0.219135876010999
0.0770000000000001	228.942429739057	-25.2429891604298	1500	0.134210435736813
0.0780000000000001	221.065163579195	-36.1655536002231	1500	0.0637565273616027
0.0790000000000001	225.473012782753	-46.9533062510744	1500	0.0412590424195468
0.0800000000000001	238.726800919386	-32.9920101541596	1500	0.0391186562345869
0.0810000000000001	238.189341489884	-8.63436976914116	1500	0.0268684190319792
0.0820000000000001	224.968270493427	-0.51020254372179	1500	0.0158179210984983
0.0830000000000001	222.847343187479	-1.87030704956338	1500	0.0285232676368839
0.0840000000000001	230.833895529823	6.75696994411987	1500	0.0504822062280932
0.0850000000000001	246.281536092206	25.9208404861462	1500	0.0543776172597067
0.0860000000000001	240.57565024025	30.4943948931722	1500	0.034747179446896
0.0870000000000001	228.974370223612	11.7761730435549	1500	0.0305372670862974
0.0880000000000001	228.475037207454	-8.84783668712759	1500	0.0705606099883724
0.0890000000000001	236.437475495973	-10.6982037512387	1500	0.121305236742453
0.0900000000000001	252.023303137376	-1.83428503029133	1500	0.139476310068603
0.0910000000000001	247.635820793589	8.26449215271244	1500	0.106752837210717
0.0920000000000001	234.566721647708	-2.10949039984162	1500	0.0579980202797073
0.0930000000000001	231.722341939493	-31.2434788689961	1500	0.0419704776163638
0.0940000000000001	236.501168506785	-50.9420239105502	1500	0.0666976065125961
0.0950000000000001	250.209716731476	-43.37984690121	1500	0.0917904682864083
0.0960000000000001	246.514695886156	-23.5341483729577	1500	0.0793030565054935
0.0970000000000001	234.705172454432	-16.8087103614047	1500	0.0459068620064563
0.0980000000000001	231.08817755125	-23.3305547766056	1500	0.0185586800733806
0.0990000000000001	233.779924964624	-29.3030503932924	1500	0.0142535632543265
0.1	246.738649134517	-22.1679763302564	1500	0.0184140213498882
0.101	244.739926477029	-5.76748079661384	1500	0.015888825260874
0.102	233.709755517036	-2.21115241252999	1500	0.00940655417320266
0.103	232.667791137653	-3.47549735210548	1500	0.0120479891905696
0.104	237.272064350986	-0.63630132424765	1500	0.0189311360790948
0.105	251.82855261194	10.5277717443073	1500	0.0193260705218726
0.106	247.148739390997	15.8218407431403	1500	0.0105126497474609
0.107	236.658004532788	6.1712657777647	1500	0.00572688412570259
0.108	236.139172424338	-3.755681822181	1500	0.0201721946708981
0.109	240.73702160537	-6.37963444575503	1500	0.0400891631224051
0.11	254.657759919841	-1.40149347235352	1500	0.0475995011503321
0.111	251.068848313898	3.09448135765929	1500	0.0368305438651713
0.112	239.554450721061	-3.14358387604246	1500	0.0162816989427436
0.113	237.368640736328	-17.8320532535113	1500	0.0104690763561627
0.114	239.498626728279	-27.0537751086732	1500	0.0214543563144786
0.115	253.658221172383	-24.5772608969651	1500	0.0340886656293525
0.116	249.773655312249	-9.91611428107253	1500	0.0321291859902374
0.117	238.341850618149	-10.2110732048372	1500	0.0174031199078288
0.118	236.722308571101	-14.5751219482589	1500	0.00626761906153763
0.119	238.840604554155	-19.1136904020632	1500	0.00650787084935447
0.12	251.164579739325	-13.9040073884303	1500	0.0101993079117256
0.121	248.682238551874	-3.19611433792237	1500	0.0109612416413957
0.122	238.972320893076	-2.02557203969362	1500	0.00725629298558303
0.123	238.404294462581	-4.50675008209557	1500	0.00738873196520341
0.124	241.079108757914	-3.58941885781564	1500	0.00934231055930947
0.125	255.064897480783	4.41539896864357	1500	0.0090682999135393
0.126	250.723332274128	9.75680013152437	1500	0.00546112953827447
0.127	240.897002793481	2.73011817106783	1500	0.00213392935531532
0.128	240.729814340097	-3.30223233341207	1500	0.00814138308575244
0.129	243.503154521942	-4.28319717042564	1500	0.0167759483123623
0.13	256.293900655853	-3.18023677405495	1500	0.0198890379151678
0.131	253.052682884981	2.23400264248877	1500	0.0163419540175164
0.132	242.482605925169	-1.97156707141406	1500	0.00665612854814741
0.133	240.427879611976	-10.6547111558369	1500	0.00441553074372793
0.134	241.619572724904	-16.4183500172431	1500	0.00922596095272159
0.135	255.417528885019	-11.7083036403012	1500	0.0154501255591181
0.136	251.122030482369	-4.44577040819069	1500	0.0156947174876701
0.137	240.456538065075	-5.95638670051503	1500	0.00842690232218041
0.138	239.825032090558	-9.64232324366154	1500	0.00388444707471115
0.139	241.650963593242	-12.2433623256673	1500	0.00484761950397484
0.14	253.416657012589	-9.41578724635155	1500	0.00717530638132372
0.141	250.782576448276	-0.72449885792752	1500	0.00879927778210445
0.142	241.606988057377	-1.48902064282481	1500	0.00640793828756918
0.143	241.344226517369	-4.01647832519982	1500	0.0060955553968783
0.144	243.091399456466	-4.38778960086098	1500	0.00630037296360009
0.145	256.44721374772	1.67085185509633	1500	0.00597821405860736
0.146	252.583009076716	6.56410922633963	1500	0.00474349395632958
0.147	243.044825204445	1.26275301961913	1500	0.00250854599748139
0.148	242.977530208774	-2.44884980581855	1500	0.00561543891674863
0.149	245.134432539791	-4.04734120068185	1500	0.00965078777940057
0.15	257.145966550184	-1.32838022925706	1500	0.0108434679513911
0.151	253.960960409338	1.64068602512241	1500	0.00999203088657963
0.152	244.023252822638	-1.36449915843753	1500	0.00494738731943079
0.153	241.981441687567	-7.22663359128652	1500	0.00405599350449773
0.154	242.912479295057	-10.1414609619483	1500	0.00593743098467474
0.155	256.220618574066	-8.19268733209409	1500	0.00893888747822908
0.156	251.925419304202	0.165971077737149	1500	0.00958672538509969
0.157	241.523373974421	-3.3445342884233	1500	0.0055288132006532
0.158	241.369122512799	-6.21166513406664	1500	0.00392042623652223
0.159	243.275744574463	-8.88741423366299	1500	0.00475970589599014
0.16	254.746523192736	-5.71506193524719	1500	0.00603712538819314
0.161	251.8740870028	0.607600866044815	1500	0.00764055499719071
0.162	243.049601038737	-0.672613239880979	1500	0.00597345164638991
0.163	242.770587170541	-4.17730787754994	1500	0.00574531790007402
0.164	244.220311375619	-4.63595061840001	1500	0.00526644045165047
0.165	257.314759586776	0.982143137037562	1500	0.00499969598846185
0.166	253.367343492488	5.85154682105755	1500	0.00476643166659948
0.167	243.97429891283	0.535879278728846	1500	0.00313934367249502
0.168	244.035027041399	-2.87140812897951	1500	0.00512985431808787
0.169	246.047030925669	-3.1091612109384	1500	0.00719317644289971
0.17	257.654052393052	-2.60260478429071	1500	0.00761100258146513
0.171	254.41036372092	2.166960991895	1500	0.00782058786419148
0.172	244.728324908507	-0.418784651548368	1500	0.00486498837395887
0.173	242.85014595008	-5.08332946755915	1500	0.00460287490750657
0.174	243.671616164162	-7.70142886625673	1500	0.0050396092074843
0.175	256.566840054075	-3.18700947835172	1500	0.00643515955256419
0.176	252.214601705029	1.18965500753924	1500	0.00708351718154736
0.177	241.981165939423	-1.79392498376136	1500	0.00452498965880708
0.178	242.173351535085	-4.83922870833359	1500	0.00431354040688268
0.179	244.179621138203	-6.27534226470522	1500	0.00497242204776802
0.18	255.326922629365	-4.36228839712878	1500	0.00560080460474322
0.181	252.418329215599	1.93098172714011	1500	0.00705554110784548
0.182	243.694021477899	-0.254617685135271	1500	0.00569136492321545
0.183	243.444613128806	-3.45466858708224	1500	0.00565352004033508
0.184	244.673867958024	-4.34244392370669	1500	0.00490480250929508
0.185	257.469173074551	0.56201709865856	1500	0.00462307167713577
0.186	253.587023231972	5.00721309339536	1500	0.00483630221488987
0.187	244.030556704537	0.444149770698035	1500	0.00350207627919557
0.188	244.077236755557	-2.15074991151398	1500	0.0050987114713877
0.189	246.232536207554	-3.31510282811921	1500	0.00624731203482306
0.19	257.577965384229	-0.749440165458636	1500	0.00629000671020547
0.191	254.43952781433	1.92405109949096	1500	0.00695887238649588
0.192	244.994835403156	-0.289211376517216	1500	0.00502740165218158
0.193	243.214100450452	-4.23302518130554	1500	0.0050722715700577
0.194	244.080311207229	-5.51981943432742	1500	0.00484216782695542
0.195	256.789052367135	-3.54047755108719	1500	0.00538080669332042
0.196	252.496313725651	3.26660627878463	1500	0.00596444147918081
0.197	242.276532682466	-0.936659219892247	1500	0.00412400619147632
0.198	242.589472428062	-3.4166090221512	1500	0.0046523882137475
0.199	244.719738767767	-5.39641884005774	1500	0.00516738330287661
0.2	255.776142112973	-2.63469788702192	1500	0.00540717874108536
0.201	252.655432063245	2.34187872748092	1500	0.00666131144836514
0.202	244.068041016235	0.27204707348764	1500	0.00551819032817576
0.203	243.682060254768	-3.66156248359848	1500	0.00566455970931497
0.204	244.925979319974	-4.29376334357616	1500	0.00479905441012161
0.205	257.704112134676	0.79129567967311	1500	0.00450545152572754
0.206	253.527554087554	5.32004300519115	1500	0.00487333432799576
0.207	243.829914980198	0.308737988836633	1500	0.00368736137725959
0.208	244.157291942838	-2.63349888253901	1500	0.00510590007503577
0.209	246.444560880014	-2.60724550115739	1500	0.00584272124504852
0.21	257.584246870921	-2.10942256997637	1500	0.00573873892100055
0.211	254.285835398932	2.47665875566813	1500	0.00658297226807629
0.212	244.999801312137	0.279993163772541	1500	0.00512142025220241
0.213	243.427189598031	-3.46533734311701	1500	0.0053739620186459
0.214	244.351525224261	-5.19693602078282	1500	0.004774421801319
0.215	256.868357263304	-0.676436953127307	1500	0.00489521830376527
0.216	252.478669080817	2.94647133258327	1500	0.00541653555558296
0.217	242.347486063122	-0.386133079710893	1500	0.00395807433661117
0.218	242.813412266261	-3.27020714550961	1500	0.00486854199460122
0.219	244.988314864891	-4.2744996447925	1500	0.00530872865887455
0.22	255.842466618938	-2.52326389371225	1500	0.00533636541916438
0.221	252.766959798446	3.03284253606779	1500	0.0064844951623351
0.222	244.126975576376	0.390883128026643	1500	0.0053977781727049
0.223	243.709279631011	-3.04908504357025	1500	0.00568500873856289
0.224	244.815647880248	-3.95938675522226	1500	0.00477679347506275
0.225	257.552308681021	0.672518633374748	1500	0.00443170566102569
0.226	253.442716567174	4.88480356168118	1500	0.00487447432837318
0.227	243.578230517996	0.448014080720519	1500	0.00375106881623072
0.228	243.950598108122	-1.95628303063976	1500	0.00514591446339912
0.229	246.42885606313	-2.9657452932287	1500	0.00566294967753544
0.23	257.541282395516	-0.380880074587561	1500	0.00546594824427985
0.231	254.274782572524	2.17995297428138	1500	0.00639495096546833
0.232	244.950682863113	0.147582284342155	1500	0.00519527787157298
0.233	243.464057395727	-3.34462167686899	1500	0.00554652276108033
0.234	244.398242264692	-4.15624392067217	1500	0.00480790590356238
0.235	256.892265610291	-2.1332631719373	1500	0.00466874647614473
0.236	252.524876817839	4.23708527894161	1500	0.00514568102887473
0.237	242.420961028206	-0.137389245201901	1500	0.0038661737051774
0.238	242.91166338231	-2.51286077329355	1500	0.00500555580843868
0.239	245.17869499073	-4.23628952466953	1500	0.00538848720917515
0.24	256.046494767118	-1.53722082648491	1500	0.00528669505832498
0.241	252.814444189143	3.02192898633292	1500	0.00632488041345349
0.242	244.244543122206	0.701727251029601	1500	0.00533130540257328
0.243	243.709960317844	-3.37607996474865	1500	0.00572119495511584
0.244	244.901610513545	-3.98807950911166	1500	0.00479031870608017
0.245	257.622350179985	0.977586413544218	1500	0.00442845709470874
0.246	253.23950166137	5.34248930183043	1500	0.00487237593191447
0.247	243.215212645956	0.379432532979078	1500	0.00378742773104308
0.248	243.839616175726	-2.48876866294401	1500	0.00514966236589003
0.249	246.353613843758	-2.36795375376366	1500	0.0055773379670647
0.25	257.378541525089	-1.84664078621362	1500	0.00535664074908946
0.251	254.004125192966	2.66413318105822	1500	0.0063020371072164
0.252	244.815320895031	0.552695148232819	1500	0.00520358498064907
0.253	243.539619086145	-2.97403647861186	1500	0.00564452887629248
0.254	244.541876006389	-4.44182510579318	1500	0.00479128826856734
0.255	256.938063572489	0.0999105139036835	1500	0.00454979219671315
0.256	252.492637808726	3.50019982673456	1500	0.0049953749982527
0.257	242.436633763406	0.0790578665426024	1500	0.00382814471487854
0.258	242.994842397005	-2.7632871449415	1500	0.00508006239959813
0.259	245.253962721522	-3.61279935306738	1500	0.00544085135205438
0.26	256.011040110873	-1.87819796531968	1500	0.00527838157667223
0.261	252.865132967669	3.44906596850333	1500	0.00628398319073672
0.262	244.22073869102	0.662294718645664	1500	0.00528057778931998
0.263	243.762306358987	-2.85364452857685	1500	0.00573636357545318
0.264	244.871205231583	-3.73123262646572	1500	0.00480203300429497
0.265	257.474863206211	0.835971486977949	1500	0.00440061480453123
0.266	253.233681190212	4.947251279272	1500	0.00485829694487546
0.267	243.200768692582	0.526600813733969	1500	0.00378385757303821
0.268	243.764923720382	-1.85158153994856	1500	0.00517661542813967
0.269	246.283463085751	-2.8040260646908	1500	0.00553777886362802
0.27	257.291432186591	-0.199825810410122	1500	0.00528457645804711
0.271	253.95872576092	2.31169512523228	1500	0.00624803114185194
0.272	244.775945566148	0.315648013107358	1500	0.00522919336669478
0.273	243.552163525552	-3.06933850346248	1500	0.00569759023675563
0.274	244.534497254414	-3.73619458469958	1500	0.00483307273300711
0.275	256.950707691348	-1.69193980875466	1500	0.00449681375086918
0.276	252.552054315963	4.54514877995022	1500	0.00492303052043637
0.277	242.466241757329	0.126732139524188	1500	0.00379588093147782
0.278	243.023853814723	-2.22039809188491	1500	0.0051278836228262
0.279	245.351088306609	-3.85276745986917	1500	0.00546308166493536
0.28	256.150340520294	-1.15533608446634	1500	0.00525589226824068
0.281	252.866884133471	3.2724487163936	1500	0.00620622294291956
0.282	244.294352019059	0.873996435594168	1500	0.0052585199452133
0.283	243.768635823091	-3.2491721147676	1500	0.00576060498669761
0.284	244.971934649475	-3.8338839064652	1500	0.00481941080489621
0.285	257.593876921557	1.10651663987092	1500	0.00441552153451421
0.286	253.173789746416	5.40240716526524	1500	0.00485397136445758
0.287	243.141075994177	0.444016653024151	1500	0.00379334851209834
0.288	243.707386873656	-2.41667778634219	1500	0.00517008228100234
0.289	246.226455509586	-2.26123954342849	1500	0.00551712887497936
0.29	257.219416001432	-1.72603491846612	1500	0.00526815219595124
0.291	253.824828299815	2.75277698074346	1500	0.00622198978646328
0.292	244.679555342216	0.657069721387021	1500	0.0052139390771607
0.293	243.577515542857	-2.81820943856353	1500	0.00572789165597979
0.294	244.615404400407	-4.204317014149	1500	0.00481107608538301
0.295	256.977165067358	0.347256462773094	1500	0.00446250489533069
0.296	252.514074245475	3.67769957644275	1500	0.0048750695714706
0.297	242.467989911162	0.233840241786557	1500	0.00378800772151052
0.298	243.05763138623	-2.59817229535115	1500	0.00515011840045053
0.299	245.347199211495	-3.39410918579698	1500	0.00548120324173819
0.3	256.06252917793	-1.65502400090888	1500	0.00526151614892425
0.301	252.878912801484	3.59994684443982	1500	0.00621340998085641
0.302	244.24142904819	0.767804053285312	1500	0.0052357159933045
0.303	243.780596203603	-2.77127239758321	1500	0.00576364143160885
0.304	244.8897731477	-3.62746320011446	1500	0.00482561868932879
0.305	257.443273668093	0.924761972028353	1500	0.00439546302541936
0.306	253.1360048687	4.99562233034561	1500	0.0048424675956583
0.307	243.059496576376	0.574914177516259	1500	0.00378028057503079
0.308	243.628150532322	-1.80274325402118	1500	0.00518990793601806
0.309	246.145175255409	-2.73407824645277	1500	0.0055078648528059
0.31	257.057985458071	-0.119743383514011	1500	0.00524105860057507
0.311	253.690583662626	2.37081953265384	1500	0.00620367577031682
0.312	244.595598225677	0.380078764162456	1500	0.00522976377809055
0.313	243.553881006603	-2.98021573831238	1500	0.00574371576245639
0.314	244.590046245734	-3.60189280911209	1500	0.00484750884753723
0.315	256.974603039384	-1.5494289317552	1500	0.00445229244999927
0.316	252.56270140348	4.64489208459075	1500	0.0048573050820412
0.317	242.48676303826	0.215244032007086	1500	0.00377240337206759
0.318	243.058577329871	-2.12446953960806	1500	0.00516755768796108
0.319	245.406841062864	-3.72525835953912	1500	0.00548409154675385
0.32	256.17582227321	-1.0232690772978	1500	0.00524582860227596
0.321	252.867070605017	3.3624273829	1500	0.00616471220045301
0.322	244.294355115486	0.939753505174108	1500	0.00523096180079226
0.323	243.753484116046	-3.19747391921733	1500	0.00577886226441752
0.324	244.953187035658	-3.76775976971585	1500	0.00483633854128249
0.325	257.537360509046	1.16810392577326	1500	0.00441334353532662
0.326	253.053474558348	5.43662786255272	1500	0.00484190739566087
0.327	242.973145768858	0.477607013366991	1500	0.00378761889632529
0.328	243.55511783255	-2.38438340301725	1500	0.00517871035143681
0.329	246.065100796259	-2.2162641050878	1500	0.00550188741957986
0.33	256.993626516264	-1.67443130064396	1500	0.00524619202018861
0.331	253.594786860474	2.79122503520921	1500	0.00619689263600541
0.332	244.534472805267	0.697179617351982	1500	0.00521110529562659
0.333	243.562655895289	-2.76653035783615	1500	0.00575345453278385
0.334	244.646230099735	-4.12699907207236	1500	0.00482052185421887
0.335	256.988536199685	0.428470444707115	1500	0.004439606117031
0.336	252.517164119134	3.73590292156014	1500	0.00483863442560103
0.337	242.481378725287	0.286347022638548	1500	0.00377385425011191
0.338	243.0770349408	-2.54341734995731	1500	0.00517266119597564
0.339	245.375965757567	-3.32125717068842	1500	0.00549161696778713
0.34	256.071788712224	-1.5778180499011	1500	0.00525558947404279
0.341	252.866759889902	3.65390261575397	1500	0.00618890090083302
0.342	244.22826263779	0.807596759177391	1500	0.00521881373655337
0.343	243.753826063149	-2.73850089080483	1500	0.00577528482473312
0.344	244.854062252859	-3.58485182498753	1500	0.00483695827902005
0.345	257.376262434384	0.964118546353445	1500	0.00439468055332427
0.346	253.02735686805	5.01944456824792	1500	0.00483386714790892
0.347	242.923171216762	0.597764304163005	1500	0.0037749635931327
0.348	243.536455414504	-1.78157065509455	1500	0.00519548045914488
0.349	246.041677724924	-2.70516202123951	1500	0.00549968331087764
0.35	256.916858483395	-0.0860899771234687	1500	0.00522992321929274
0.351	253.524187235567	2.3958897148024	1500	0.00618939364217032
0.352	244.516778102602	0.404986532335158	1500	0.00522630751303582
0.353	243.558382659573	-2.95004580877137	1500	0.0057579928082085
0.354	244.609616040289	-3.55745379200114	1500	0.00485376175296922
0.355	256.982404783859	-1.50194445407753	1500	0.0044405904301362
0.356	252.563350393607	4.6780091516421	1500	0.00483699930920921
0.357	242.490661990798	0.245606359450479	1500	0.00376383826813609
0.358	243.067481872463	-2.09230040021971	1500	0.00518031848247146
0.359	245.422518583846	-3.68236770225308	1500	0.00548893817932992
0.36	256.183579828712	-0.97731113783216	1500	0.00524208480298567
0.361	252.860397566254	3.39459841336764	1500	0.00615040888391056
0.362	244.284465073591	0.964443755667773	1500	0.00522058241241291
0.363	243.724362409727	-3.17720163988132	1500	0.00578625988085915
0.364	244.930891184452	-3.74129942447528	1500	0.00484367102370281
0.365	257.482940675565	1.19417156377761	1500	0.00441303566794695
0.366	252.951245561538	5.4521335121132	1500	0.00483600795707815
0.367	242.842072293852	0.492622585671185	1500	0.00378345041347544
0.368	243.479603436802	-2.37066981616463	1500	0.00518229148448724
0.369	245.980333491995	-2.19796197340398	1500	0.00549730634788244
0.37	256.850802195838	-1.65311656535855	1500	0.00524034678077429
0.371	253.434305078301	2.80728267775927	1500	0.00618866405064052
0.372	244.484488441266	0.712770082178316	1500	0.00520805929731132
0.373	243.553223717783	-2.74859304901517	1500	0.00576147728483595
0.374	244.658168059329	-4.10094899579505	1500	0.00482444909487297
0.375	256.99314669428	0.456010712342684	1500	0.00443361023372981
0.376	252.517055397429	3.75552002286948	1500	0.00482715563109428
0.377	242.476959574985	0.304643541989974	1500	0.00376854202431406
0.378	243.082781363983	-2.52478869538353	1500	0.00517994584120263
0.379	245.385572170592	-3.29662801791559	1500	0.00549360715848651
0.38	256.076074788635	-1.5508154792687	1500	0.00525332057479645
0.381	252.858109864823	3.67326065606491	1500	0.00618051682661466
0.382	244.220234879529	0.82250998222186	1500	0.00521242436511453
0.383	243.746498091176	-2.72575886861754	1500	0.00577983610712734
0.384	244.835294023238	-3.56815375867799	1500	0.00484157870838803
0.385	257.32768369654	0.980225982726562	1500	0.00439463804363159
0.386	252.958597178989	5.0296906971086	1500	0.00482993775450467
0.387	242.856586490759	0.607615203003255	1500	0.00377192754330486
0.388	243.461241809901	-1.77271898731844	1500	0.00519778013829711
0.389	245.923250006334	-2.69351239057841	1500	0.00549693755728971
0.39	256.788373245656	-0.0722828184814786	1500	0.00522684151506402
0.391	253.430474046282	2.40626162352505	1500	0.00618465082723749
0.392	244.485088191278	0.414746442324836	1500	0.00522391850610167
0.393	243.556320724213	-2.93936551008374	1500	0.00576253854489664
0.394	244.612733100698	-3.54223884804255	1500	0.00485628660065929
0.395	256.985199476072	-1.48557186790682	1500	0.00443757415116841
0.396	252.561884112683	4.6893358306872	1500	0.00483049096225002
0.397	242.487068387697	0.256334479357708	1500	0.00376056012397188
0.398	243.06821095169	-2.08118603753889	1500	0.00518447174640381
0.399	245.426642614812	-3.66768023526678	1500	0.0054895599105367
0.4	256.185393778966	-0.961046670740045	1500	0.00524062035368673
0.401	252.848341025388	3.40620652419369	1500	0.00614555258868214
0.402	244.272162708421	0.973730163403754	1500	0.00521663415795473
0.403	243.71960495479	-3.16935612852682	1500	0.0057890868596778
0.404	244.908190498602	-3.73103876475023	1500	0.00484654113489147
0.405	257.44848164	1.20466722998821	1500	0.00441305368191381
0.406	252.919699436159	5.45857766382799	1500	0.00483343114417819
0.407	242.830669389911	0.498944786696583	1500	0.00378133391178535
0.408	243.445198336229	-2.36498662820644	1500	0.00518375775559507
0.409	245.92053620103	-2.19065335122574	1500	0.00549558821332626
0.41	256.804044907245	-1.64444041785903	1500	0.00523864522374282
0.411	253.385744079656	2.81389214240853	1500	0.00618590809919912
0.412	244.44761385135	0.718926090789408	1500	0.00520631049715528
0.413	243.549417598183	-2.74207603610077	1500	0.0057640751894169
0.414	244.661266535647	-4.0918692002073	1500	0.00482601643696324
0.415	256.994617979168	0.465688993331943	1500	0.00443209685249869
0.416	252.516774620801	3.7623416666881	1500	0.00482340411019821
0.417	242.477835180109	0.311227113964865	1500	0.00376646672617394
0.418	243.084849491346	-2.51824615876073	1500	0.0051823412467312
0.419	245.384347360496	-3.28814269410638	1500	0.00549360296876687
0.42	256.074980480594	-1.54118405183477	1500	0.00525242791073517
0.421	252.850764369546	3.68030996587393	1500	0.00617769045710064
0.422	244.213935130394	0.828144921468716	1500	0.00520997059299708
0.423	243.738175251512	-2.72081789811439	1500	0.00578154707158217
0.424	244.818809151549	-3.56174524044463	1500	0.00484334655757907
0.425	257.297935702957	0.986598632561358	1500	0.00439470222738675
0.426	252.939413428257	5.03386060332047	1500	0.00482827376211189
0.427	242.850167261706	0.611707550836762	1500	0.00377048668361236
0.428	243.446170357866	-1.76907084230462	1500	0.00519871648877044
0.429	245.903778863885	-2.68887577166604	1500	0.00549579958484059
0.43	256.767332173813	-0.0666544128052058	1500	0.00522590172916345
0.431	253.411047987278	2.41052394800661	1500	0.00618305503928235
0.432	244.473930425124	0.41863804574988	1500	0.0052226754106895
0.433	243.557639579744	-2.93541357947311	1500	0.0057640348689033
0.434	244.613362717762	-3.5368496021006	1500	0.00485728628174266
0.435	256.987817013233	-1.4797100165812	1500	0.00443684611729202
0.436	252.561121852381	4.69333991674473	1500	0.00482832591204043
0.437	242.484828789511	0.260256605524632	1500	0.00375926057721705
0.438	243.069265901825	-2.07720001665484	1500	0.00518585352440843
0.439	245.423832783297	-3.66253120968357	1500	0.00548932163101847
0.44	256.176706224371	-0.955135210228804	1500	0.00524003808546419
0.441	252.836556894474	3.41047389664196	1500	0.00614392571283861
0.442	244.262489402024	0.977267517825365	1500	0.0052151011251012
0.443	243.700410706622	-3.16631568384344	1500	0.00579014087748903
0.444	244.877975750296	-3.72710568960793	1500	0.00484762049477695
0.445	257.416621168224	1.20882006233917	1500	0.00441311122065831
0.446	252.893883335741	5.46116066391494	1500	0.00483236274527826
0.447	242.805576734794	0.501546198676169	1500	0.00378036864645095
0.448	243.409175211268	-2.36264551092827	1500	0.00518435175400715
0.449	245.870690089444	-2.18775504567465	1500	0.00549481761214216
0.45	256.750203929764	-1.6409089174147	1500	0.0052380954111032
0.451	253.325452874738	2.81661199691966	1500	0.00618497885501599
0.452	244.421484328059	0.721405300238633	1500	0.00520545271514783
0.453	243.546164755971	-2.73959633794891	1500	0.00576494591007518
0.454	244.662189470313	-4.08859695180518	1500	0.00482663593849606
0.455	256.995310629491	0.469227179451058	1500	0.00443175152406757
0.456	252.516556582792	3.76479433101369	1500	0.00482212913467602
0.457	242.479625850316	0.313681869832793	1500	0.0037656297815805
0.458	243.085486482783	-2.51586265987587	1500	0.00518314976511877
0.459	245.381825697273	-3.28515475269663	1500	0.00549330087588298
0.46	256.064644973593	-1.53765302425445	1500	0.00525207144442819
0.461	252.844854552449	3.68293668002732	1500	0.00617675082943794
0.462	244.207841847203	0.830311083659391	1500	0.00520900484277624
0.463	243.722333929644	-2.7188811313129	1500	0.00578218096437975
0.464	244.798425291301	-3.5593043630921	1500	0.00484400855694031
0.465	257.286618047122	0.989092136503722	1500	0.00439476018906157
0.466	252.934091459855	5.03552148032283	1500	0.00482759337044123
0.467	242.849241490351	0.613388848372836	1500	0.00376984494061923
0.468	243.43492994439	-1.76756684354489	1500	0.00519909468990685
0.469	245.891658388607	-2.68703439013363	1500	0.00549526036089665
0.47	256.751413921065	-0.0643434054588907	1500	0.0052255837420758
0.471	253.398974003561	2.41228390803362	1500	0.00618251798849925
0.472	244.471671929836	0.420222904291569	1500	0.00522208776761341
0.473	243.558370815625	-2.93388570983608	1500	0.0057645454164451
0.474	244.614476246285	-3.53487630575975	1500	0.00485768279210697
0.475	256.988062491859	-1.47752100885887	1500	0.00443669983496717
0.476	252.560974033723	4.69480534285296	1500	0.00482757615952108
0.477	242.4849147986	0.261744417726007	1500	0.00375873020598585
0.478	243.066773078581	-2.07570477315074	1500	0.00518632668914156
0.479	245.415823570148	-3.66067495566661	1500	0.00548904052822599
0.48	256.162639042924	-0.952868312714442	1500	0.00523980624283576
0.481	252.827863875837	3.41208116504957	1500	0.00614338782724071
0.482	244.251648820703	0.978640202208562	1500	0.00521449039158599
0.483	243.680813216207	-3.16512668040753	1500	0.00579053250062608
0.484	244.845465436736	-3.72559948903832	1500	0.00484802191716297
0.485	257.393442759228	1.21046727148311	1500	0.00441315595273479
0.486	252.878217339901	5.46218230500832	1500	0.00483192981651865
0.487	242.801579625637	0.502611258468078	1500	0.00377994454734351
0.488	243.399880332823	-2.36167407696759	1500	0.00518459143097434
0.489	245.859733690165	-2.18660429656494	1500	0.00549443953211502
0.49	256.740266539129	-1.63945383073032	1500	0.0052378985088608
0.491	253.298404325435	2.81774181162695	1500	0.00618466689409293
0.492	244.382816612516	0.722427717830646	1500	0.00520505654228046
0.493	243.542395689337	-2.73860671152328	1500	0.00576524842206415
0.494	244.659798312411	-4.08737987358987	1500	0.0048268821129185
0.495	256.994128229287	0.470580188986867	1500	0.00443169421746128
0.496	252.513662119108	3.76570545384828	1500	0.00482167687640497
0.497	242.471429777613	0.314631654362029	1500	0.00376528293865983
0.498	243.079678313789	-2.51496004822578	1500	0.00518343173952765
0.499	245.37564256226	-3.28408068936643	1500	0.00549306257387432
0.5	256.056013590328	-1.53631422788238	1500	0.00525192849929378
0.501	252.831438499536	3.68394221196383	1500	0.00617644355614392
0.502	244.191865246713	0.831162192284432	1500	0.00520861378322917
0.503	243.697805815539	-2.71810639034443	1500	0.0057824166792558
0.504	244.77016887316	-3.55837815972806	1500	0.00484425679472439
0.505	257.248250758507	0.990069116308432	1500	0.00439479697066617
0.506	252.896045915589	5.0361794942126	1500	0.00482731878923873
0.507	242.80929835416	0.614081191011851	1500	0.00376956463637883
0.508	243.408154032973	-1.76694058705454	1500	0.00519924728239395
0.509	245.859983903816	-2.68630050444487	1500	0.00549499064692536
0.51	256.687951415397	-0.0633767313059419	1500	0.00522546547205858
0.511	253.355789398315	2.41301946595867	1500	0.00618233961108223
0.512	244.447363002688	0.42088425884408	1500	0.00522182033980705
0.513	243.552454575233	-2.93326870231285	1500	0.0057647263506636
0.514	244.614859565921	-3.53413104773797	1500	0.00485784254316016
0.515	256.98785340145	-1.47666306037625	1500	0.00443668836091904
0.516	252.558960000793	4.69535975037424	1500	0.00482730503962076
0.517	242.476958333554	0.262330460978613	1500	0.00375850848849341
0.518	243.056387844421	-2.07511327485506	1500	0.00518649454761738
0.519	245.407495081625	-3.65998594201932	1500	0.00548885379403454
0.52	256.151294190752	-0.951988822220489	1500	0.00523971288972987
0.521	252.811708850112	3.41270144079737	1500	0.0061432129103967
0.522	244.227192199733	0.979182804481341	1500	0.00521424035570085
0.523	243.647991452943	-3.16465726005517	1500	0.00579067989447909
0.524	244.802225348628	-3.72502172167927	1500	0.00484817170458896
0.525	257.332400424099	1.2111309152141	1500	0.00441318329966419
0.526	252.814062894704	5.46258436121138	1500	0.00483175556875887
0.527	242.757100882553	0.503048314024092	1500	0.003779759719222
0.528	243.363918082612	-2.36126404825638	1500	0.00518468839089518
0.529	245.805741828543	-2.18614498838579	1500	0.00549424884208955
0.53	256.656529744763	-1.63884019595742	1500	0.00523782151184029
0.531	253.247846483926	2.81821826258397	1500	0.00618456387541561
0.532	244.349873245449	0.722861055677376	1500	0.00520487764042066
0.533	243.539314814151	-2.73819125712988	1500	0.00576535749248568
0.534	244.658346954247	-4.08691478208444	1500	0.00482698139600442
0.535	256.993826408552	0.471125821130435	1500	0.00443169842068393
0.536	252.513280626522	3.76605300426505	1500	0.00482150891208566
0.537	242.469766742461	0.31501247891551	1500	0.00376513587521429
0.538	243.076540105112	-2.51460558368635	1500	0.00518353394660534
0.539	245.373198692755	-3.28369056018065	1500	0.00549291903753021
0.54	256.054444780986	-1.53578702352836	1500	0.00525187089167562
0.541	252.827182235781	3.68433682451069	1500	0.00617634555770316
0.542	244.182445701038	0.83150371438036	1500	0.00520845076141796
0.543	243.681083562443	-2.71778812850912	1500	0.00578250603300305
0.544	244.754773632127	-3.55803117284378	1500	0.00484435127150133
0.545	257.22063601672	0.990453986312406	1500	0.00439481688304429
0.546	252.836004361013	5.03643988223817	1500	0.00482720805916421
0.547	242.743580077778	0.614368426838319	1500	0.00376944204477042
0.548	243.350787950822	-1.76667576615027	1500	0.00519930918509676
0.549	245.767378183479	-2.68600708360639	1500	0.00549485422046651
0.55	256.51852349267	-0.062960455992705	1500	0.00522541801631282
0.551	253.189778815036	2.41333160894209	1500	0.0061822821998078
0.552	244.378214410343	0.421167678528525	1500	0.00522170012244601
0.553	243.530538896371	-2.93300848136625	1500	0.00576479306744327
0.554	244.615240826909	-3.5338424650303	1500	0.00485790871114078
0.555	256.987960123332	-1.47630719583836	1500	0.00443670050851035
0.556	252.558904535436	4.69557481578875	1500	0.00482720253557346
0.557	242.475848495294	0.26256972282375	1500	0.00375841397926049
0.558	243.052886164544	-2.07486424059787	1500	0.0051865565400075
0.559	245.404509041895	-3.6597237151821	1500	0.00548874790308263
0.56	256.150862652387	-0.951621764702589	1500	0.00523967560906535
0.561	252.811914141273	3.41294464375865	1500	0.00614315722919583
0.562	244.226953166926	0.979399514292118	1500	0.00521413540615137
0.563	243.644520719834	-3.16447183677236	1500	0.00579073706531298
0.564	244.795539349803	-3.72480161170884	1500	0.00484822804690525
0.565	257.313751448414	1.21140510950211	1500	0.00441319802499559
0.566	252.785299579104	5.46274067264561	1500	0.00483168531987856
0.567	242.729076455153	0.503227587116251	1500	0.00377967861629232
0.568	243.340684750246	-2.36108667004458	1500	0.00518472795044224
0.569	245.762636658698	-2.18596112631529	1500	0.00549415264126965
0.57	256.588659315733	-1.63857240008779	1500	0.00523778914625973
0.571	253.19320605853	2.81842245024321	1500	0.00618453095414058
0.572	244.338684884636	0.72305032945417	1500	0.00520479715430187
0.573	243.536117400787	-2.73800702256312	1500	0.00576539825682593
0.574	244.657908099681	-4.08673417050681	1500	0.00482702225174295
0.575	256.993498228894	0.471360561977836	1500	0.00443171020613637
0.576	252.511817696867	3.76618675690654	1500	0.00482144346275991
0.577	242.468587509079	0.315169875776995	1500	0.0037650723410706
0.578	243.073089719723	-2.51446261630818	1500	0.00518357265174441
0.579	245.373159984326	-3.28355177395233	1500	0.00549284081410775
0.58	256.054512809829	-1.53557130021975	1500	0.00525184748569591
0.581	252.825598964872	3.68449364329485	1500	0.00617631579987478
0.582	244.180514013912	0.83164252294755	1500	0.0052083808034777
0.583	243.677259858473	-2.71765339000733	1500	0.00578254109798093
0.584	244.745402426527	-3.55790731625527	1500	0.00484438796216047
0.585	257.194891911363	0.990605399824304	1500	0.00439482625066117
0.586	252.794560305263	5.03654164002891	1500	0.00482716319396014
0.587	242.700492196649	0.614488058557151	1500	0.00376938774365171
0.588	243.286994232711	-1.76656203579055	1500	0.00519933452380982
0.589	245.680905088719	-2.68589079710745	1500	0.00549478550607083
0.59	256.429745200147	-0.0627741360820238	1500	0.00522539774969062
0.591	253.130009729021	2.41346580549945	1500	0.0061822649150957
0.592	244.359927171823	0.421292441869339	1500	0.00522164600464815
0.593	243.520877825509	-2.93289396495945	1500	0.00576481868260506
0.594	244.614871580861	-3.53372949713837	1500	0.00485793722568768
0.595	256.987808620114	-1.47614940474005	1500	0.00443671207434488
0.596	252.556369027518	4.69565852079086	1500	0.00482716206244012
0.597	242.475768695658	0.262670411938213	1500	0.00375837308949498
0.598	243.05204725712	-2.07475142085047	1500	0.00518658045570147
0.599	245.405136201107	-3.6596229869254	1500	0.00548869182303526
0.6	256.150789550517	-0.951458390194781	1500	0.00523966086341923
0.601	252.810815545041	3.41303922663256	1500	0.00614314006793248
0.602	244.224949210237	0.979484966816603	1500	0.00521409041142133
0.603	243.640512143475	-3.16440050703931	1500	0.00579076030256498
0.604	244.784692236864	-3.72472096281037	1500	0.00484824921977301
0.605	257.289884290784	1.21152189874188	1500	0.00441320517257329
0.606	252.748888086987	5.46279852650203	1500	0.00483165693826022
0.607	242.69181001534	0.503299746949268	1500	0.00377964246022121
0.608	243.281803463761	-2.36100759543816	1500	0.00518474429154445
0.609	245.685671232486	-2.18588837268015	1500	0.00549410448974977
0.61	256.51275055116	-1.63845006207998	1500	0.00523777458466305
0.611	253.14766128809	2.81851086100618	1500	0.00618452103637236
0.612	244.32554700018	0.723135604190501	1500	0.00520476066385439
0.613	243.528077681487	-2.73792028383343	1500	0.00576541396783647
0.614	244.65741411263	-4.08666473545759	1500	0.00482703943185229
0.615	256.992567438197	0.471469846723615	1500	0.00443171921246288
0.616	252.509180209359	3.76623641179928	1500	0.00482141668085756
0.617	242.468793825587	0.315236115763131	1500	0.0037650444598109
0.618	243.073170598204	-2.51440471845962	1500	0.00518358802451791
0.619	245.374143724567	-3.28350766642293	1500	0.00549280011694141
0.62	256.054830224281	-1.53547999170008	1500	0.00525183781404345
0.621	252.827542603913	3.68455485571831	1500	0.00617630774663229
0.622	244.182196823786	0.831698429797479	1500	0.0052083498771353
0.623	243.676088574024	-2.71759454259794	1500	0.00578255554230978
0.624	244.745120748791	-3.55787001378694	1500	0.00484440248957267
0.625	257.196740465919	0.990663247241356	1500	0.00439482979146864
0.626	252.781744565128	5.0365792415503	1500	0.00482714497886169
0.627	242.683280365414	0.614537221225575	1500	0.00376936316864379
0.628	243.266633503266	-1.76651280653923	1500	0.00519934501166411
0.629	245.648738771838	-2.68584687638251	1500	0.00549475110721835
0.63	256.394038081594	-0.0626867830645589	1500	0.00522538853899845
0.631	253.102079337427	2.41352356672516	1500	0.00618226051110391
0.632	244.343462050714	0.421348648175472	1500	0.00522162137364303
0.633	243.516555650814	-2.93284152767971	1500	0.00576482889119464
0.634	244.614211137301	-3.53368627037408	1500	0.00485795021642689
0.635	256.987267695581	-1.47607390523594	1500	0.0044367197729585
0.636	252.552266850592	4.69568942200108	1500	0.00482714544116157
0.637	242.475582128407	0.262713559777719	1500	0.0037583551991903
0.638	243.052348986131	-2.07469577855919	1500	0.0051865900932682
0.639	245.406423247743	-3.65958560712395	1500	0.00548866305105249
0.64	256.151166734706	-0.951380535754143	1500	0.00523965516042446
0.641	252.811763761579	3.4130735413477	1500	0.00614313505436831
0.642	244.225817357049	0.979516321128647	1500	0.00521407081217286
0.643	243.640928256417	-3.16437564485184	1500	0.00579077034304107
0.644	244.7849595439	-3.72469532553714	1500	0.00484825690616713
0.645	257.289230231895	1.21157314417723	1500	0.00441320823530946
0.646	252.742281840993	5.46281639645882	1500	0.00483164556582712
0.647	242.681842148146	0.503326732104801	1500	0.00377962598155377
0.648	243.270447168435	-2.36097115080108	1500	0.00518475112599487
0.649	245.669149470132	-2.18586107054025	1500	0.00549408059054556
0.65	256.492731782487	-1.63839088723054	1500	0.00523776747165727
0.651	253.130352997697	2.81854868709918	1500	0.00618451844692547
0.652	244.31006642626	0.723175134554661	1500	0.00520474382570336
0.653	243.523386657812	-2.73787674502353	1500	0.00576542015072159
0.654	244.657497482994	-4.08664003438812	1500	0.00482704672824186
0.655	256.992550184781	0.47152565103216	1500	0.00443172493106556
0.656	252.509081632812	3.76625192626529	1500	0.00482140515662382
0.657	242.468330725399	0.315263770632706	1500	0.00376503205094169
0.658	243.072955470943	-2.51438236137429	1500	0.00518359444836801
0.659	245.374202816581	-3.28349968664722	1500	0.00549277940492367
0.66	256.054882005487	-1.53544052138253	1500	0.00525183366724344
0.661	252.827572194778	3.68457652049433	1500	0.00617630629106351
0.662	244.182225883757	0.831719574725057	1500	0.00520833572875392
0.663	243.675496988741	-2.7175680500357	1500	0.00578256186115975
0.664	244.745021518489	-3.55786612593829	1500	0.00484440830072951
0.665	257.196321303322	0.990682926033445	1500	0.00439483040599883
0.666	252.779525127623	5.03659052140897	1500	0.00482713767766695
0.667	242.679386456639	0.61455621927669	1500	0.00376935171252442
0.668	243.259227396628	-1.76649180287663	1500	0.00519934937505486
0.669	245.640028052392	-2.68583300255428	1500	0.00549473392739185
0.67	256.375506922757	-0.0626437139311199	1500	0.00522538402336174
0.671	253.080093453586	2.41354769331882	1500	0.00618225998109512
0.672	244.321730049375	0.421374266556478	1500	0.00522160993908315
0.673	243.51458036221	-2.93281671844404	1500	0.00576483307813406
0.674	244.614388314122	-3.53367154931806	1500	0.00485795658154126
0.675	256.9873254981	-1.47603472263948	1500	0.00443672444877026
0.676	252.552255708612	4.69569838157786	1500	0.00482713841288013
0.677	242.475523021197	0.262731923024463	1500	0.00375834731193002
0.678	243.052403869013	-2.07466556230003	1500	0.0051865941564142
0.679	245.406225639365	-3.65957378143259	1500	0.00548864851184993
0.68	256.151411682854	-0.951340713609162	1500	0.00523965304204158
0.681	252.811820384415	3.41308293749558	1500	0.00614313368141383
0.682	244.225953426437	0.979525051739116	1500	0.00521406217821352
0.683	243.641402206004	-3.16436973681141	1500	0.00579077503163027
0.684	244.78539284255	-3.72469138117938	1500	0.00484825934906827
0.685	257.289350436949	1.21159607910125	1500	0.0044132092804442
0.686	252.741927565237	5.46281792924978	1500	0.00483164117238922
0.687	242.680905559834	0.503334456221172	1500	0.00377961823830767
0.688000000000001	243.269757782918	-2.36095376956997	1500	0.00518475400113159
0.689000000000001	245.668252520318	-2.18585260437807	1500	0.00549406881662241
0.690000000000001	256.490500489939	-1.63836029294462	1500	0.00523776363402266
0.691000000000001	253.126880622334	2.8185638679459	1500	0.00618451802732463
0.692000000000001	244.309273892909	0.723193799694007	1500	0.00520473582519309
0.693000000000001	243.522133401613	-2.73785343190862	1500	0.00576542256448195
0.694000000000001	244.657602387663	-4.08663375842371	1500	0.00482704981137753
0.695000000000001	256.992502196168	0.471557097655847	1500	0.00443172842424327
0.696000000000001	252.509131127491	3.76625328573836	1500	0.00482139994147294
0.697000000000001	242.468381064834	0.315274520381271	1500	0.00376502645050687
0.698000000000001	243.073026747148	-2.51437531885562	1500	0.00518359727434961
0.699000000000001	245.374298404786	-3.28350526742224	1500	0.0054927689557046
0.700000000000001	256.054947631096	-1.53542360597812	1500	0.00525183173687865
0.701000000000001	252.826818458208	3.68458150629716	1500	0.00617630666846987
0.702000000000001	244.181097654437	0.831725878892754	1500	0.00520832896262173
0.703000000000001	243.674759637111	-2.71755578777655	1500	0.00578256482239329
0.704000000000001	244.742626219714	-3.55787463456375	1500	0.00484441059632304
0.705000000000001	257.192277815756	0.99068685299979	1500	0.00439482969415721
0.706000000000001	252.776709536262	5.03659095342363	1500	0.0048271348940149
0.707000000000001	242.677317811173	0.614562119387128	1500	0.00376934615427994
0.708000000000001	243.259430122431	-1.76648345897976	1500	0.00519935116631267
0.709000000000001	245.640154199173	-2.68583171214817	1500	0.0054947253053026
0.710000000000001	256.374553624802	-0.062621423743844	1500	0.00522538159203131
0.711000000000001	253.079902073689	2.41355666928452	1500	0.00618226045141521
0.712000000000001	244.321266279212	0.421385758958919	1500	0.00522160446166301
0.713000000000001	243.514137230173	-2.93280477549499	1500	0.00576483480962741
0.714000000000001	244.61437056884	-3.53366872242666	1500	0.00485796000027655
0.715000000000001	256.987254888343	-1.47601274228437	1500	0.00443672723690027
0.716000000000001	252.552237763498	4.69569802732851	1500	0.0048271354059108
0.717000000000001	242.475437688325	0.26273923339185	1500	0.00375834381156084
0.718000000000001	243.052576119233	-2.07464744626382	1500	0.00518659593923791
0.719000000000001	245.406987590442	-3.65957248215476	1500	0.00548864117833634
0.720000000000001	256.153022901529	-0.951319037736987	1500	0.00523965230869697
0.721000000000001	252.812272453406	3.41308202677367	1500	0.00614313331799206
0.722000000000001	244.226511322731	0.979524346999879	1500	0.00521405835912541
0.723000000000001	243.642570017864	-3.16437135671184	1500	0.00579077741515766
0.724000000000001	244.788090062445	-3.72469574840393	1500	0.00484825976482476
0.725000000000001	257.291498173651	1.21160625666687	1500	0.00441320941259883
0.726000000000001	252.743388505825	5.46281290475412	1500	0.00483163965778997
0.727000000000001	242.680599897097	0.503333981144217	1500	0.0037796144502089
0.728000000000001	243.269646469527	-2.36094521517512	1500	0.00518475519718666
0.729000000000001	245.668359362404	-2.18585195279026	1500	0.0054940630424474
0.730000000000001	256.490527188837	-1.63834330507501	1500	0.00523776131423495
0.731000000000001	253.126864291916	2.81856874244714	1500	0.00618451812390389
0.732000000000001	244.309292934873	0.723202556121868	1500	0.00520473186096504
0.733000000000001	243.52211295638	-2.73784017607789	1500	0.00576542342760581
0.734000000000001	244.657430413392	-4.08663513445966	1500	0.00482705109939908
0.735000000000001	256.992441373194	0.471576552796663	1500	0.00443173059157706
0.736000000000001	252.509140288565	3.76624880165742	1500	0.00482139746167809
0.737000000000001	242.468289881501	0.3152776475749	1500	0.00376502388278739
0.738000000000001	243.071955470902	-2.51437499060506	1500	0.00518359857880119
0.739000000000001	245.374022853589	-3.28351549359062	1500	0.0054927636673297
0.740000000000001	256.054959437103	-1.53541692536588	1500	0.0052518306897538
0.741000000000001	252.827343949949	3.68457946668147	1500	0.00617630743805915
0.742000000000001	244.181490372567	0.831725823632421	1500	0.00520832552194048
0.743000000000001	243.67582014026	-2.71754998308413	1500	0.00578256631038763
0.744000000000001	244.744639506728	-3.55788713916709	1500	0.00484441143842127
0.745000000000001	257.195823804175	0.990684327718623	1500	0.00439482847206348
0.746000000000001	252.779105768873	5.03658701733193	1500	0.00482713398541507
0.747000000000001	242.679376491398	0.61456231559511	1500	0.00376934331189097
0.748000000000001	243.259476383975	-1.76648091146579	1500	0.00519935185734311
0.749000000000001	245.640150613884	-2.68583560984189	1500	0.00549472091476853
0.750000000000001	256.37436326194	-0.0626094320924643	1500	0.00522538012693706
0.751000000000001	253.079683696262	2.41355869661956	1500	0.00618226106841112
0.752000000000001	244.321365923331	0.42139049338066	1500	0.00522160171147348
0.753000000000001	243.513724842058	-2.93279910613537	1500	0.00576483550244343
0.754000000000001	244.613986359751	-3.53367086075836	1500	0.00485796204366215
0.755000000000001	256.987149241671	-1.47599957492341	1500	0.0044367289160552
0.756000000000001	252.552157792897	4.69569374250203	1500	0.00482713414911559
0.757000000000001	242.474737900178	0.262741466370756	1500	0.0037583422423657
0.758000000000001	243.051490154307	-2.07463554633238	1500	0.00518659674475989
0.759000000000001	245.406831975102	-3.65957550125694	1500	0.0054886374415997
0.760000000000001	256.152723474229	-0.951306682336811	1500	0.00523965208104191
0.761000000000001	252.811773747264	3.41307702092024	1500	0.00614313319394175
0.762000000000001	244.225410539887	0.979519864656831	1500	0.00521405668482046
0.763000000000001	243.641732641005	-3.16437569832965	1500	0.00579077874251773
0.764000000000001	244.787193840803	-3.72470295967563	1500	0.00484825943896256
0.765000000000001	257.290368467623	1.21161042010441	1500	0.00441320918252687
0.766000000000001	252.742466369202	5.46280546624927	1500	0.00483163931908132
0.767000000000001	242.680645407088	0.503330127869811	1500	0.00377961249851843
0.768000000000001	243.269677336846	-2.36094090680373	1500	0.005184755671583
0.769000000000001	245.668817023607	-2.1858544537855	1500	0.00549406020626775
0.770000000000001	256.49053495349	-1.6383331981016	1500	0.00523775974761642
0.771000000000001	253.126937903852	2.81856882804172	1500	0.00618451828107052
0.772000000000001	244.31011585853	0.723206411060097	1500	0.00520472977243483
0.773000000000001	243.522701613175	-2.73783225683453	1500	0.00576542364437354
0.774000000000001	244.657283066858	-4.08663959611957	1500	0.00482705159913147
0.775000000000001	256.992371291054	0.471589564313255	1500	0.00443173199063126
0.776000000000001	252.509121723276	3.76624205832067	1500	0.00482139622033099
0.777000000000001	242.46750674826	0.315277278865189	1500	0.00376502267504431
0.778000000000001	243.069618198347	-2.51437757883869	1500	0.00518359920742873
0.779000000000001	245.373864896461	-3.28352678565526	1500	0.00549276094745909
0.780000000000001	256.054569552267	-1.53541506072972	1500	0.00525182999498992
0.781000000000001	252.827170711577	3.68457460378037	1500	0.00617630820204388
0.782000000000001	244.181317992247	0.831723117625392	1500	0.00520832361911341
0.783000000000001	243.675394723683	-2.71754719902484	1500	0.00578256710882279
0.784000000000001	244.743848136556	-3.55790025985745	1500	0.00484441169190451
0.785000000000001	257.193446764082	0.990679301330018	1500	0.00439482713407937
0.786000000000001	252.773964716184	5.03658149311705	1500	0.00482713384419592
0.787000000000001	242.678942139358	0.614560079645209	1500	0.00376934175864132
0.788000000000001	243.258905444838	-1.766481047681	1500	0.00519935207255099
0.789000000000001	245.640560253243	-2.68584149212798	1500	0.00549471861199664
0.790000000000001	256.373458823174	-0.0626028582985753	1500	0.00522537914465307
0.791000000000001	253.077736679675	2.41355752005213	1500	0.00618226161482028
0.792000000000001	244.322229795319	0.42139188403695	1500	0.00522160023532976
0.793000000000001	243.513494138379	-2.93279663818487	1500	0.00576483574333088
0.794000000000001	244.614004445412	-3.5336749828961	1500	0.00485796340415727
0.795000000000001	256.987128900567	-1.47599130170518	1500	0.00443672994517973
0.796000000000001	252.552130868265	4.69568791449079	1500	0.00482713367686944
0.797000000000001	242.472822757313	0.262741320491469	1500	0.00375834152140089
0.798000000000001	243.049547275119	-2.07462711780755	1500	0.00518659709763423
0.799000000000001	245.406620842284	-3.65958015997082	1500	0.00548863550894143
0.800000000000001	256.152240742335	-0.951299469700566	1500	0.00523965201195001
0.801000000000001	252.809716602758	3.41307061832711	1500	0.00614313310433074
0.802000000000001	244.223750040433	0.979514070085341	1500	0.0052140559946534
0.803000000000001	243.639288848587	-3.16438074381144	1500	0.00579077959241236
0.804000000000001	244.785370615862	-3.72471073250009	1500	0.00484825892289815
0.805000000000001	257.287701152709	1.21161162234889	1500	0.00441320885306113
0.806000000000001	252.736730661255	5.46279740079695	1500	0.00483163944331078
0.807000000000001	242.680658347789	0.503325034478965	1500	0.00377961143029593
0.808000000000001	243.268643740188	-2.36093873029452	1500	0.00518475582938279
0.809000000000001	245.668200467191	-2.18585810411504	1500	0.00549405880314211
0.810000000000001	256.490516119174	-1.63832681879319	1500	0.00523775859088631
0.811000000000001	253.126918864195	2.81856669256316	1500	0.00618451839714334
0.812000000000001	244.310136165975	0.723207740276522	1500	0.0052047285831107
0.813000000000001	243.522731238936	-2.73782736227848	1500	0.00576542359390204
0.814000000000001	244.657471153562	-4.08664515244426	1500	0.00482705175240576
0.815000000000001	256.993720812086	0.471598789710944	1500	0.00443173293577788
0.816000000000001	252.508952763283	3.76623465025398	1500	0.00482139556346709
0.817000000000001	242.465923810014	0.315275316185498	1500	0.0037650220818047
0.818000000000001	243.068647443941	-2.51438135098104	1500	0.0051835995175675
0.819000000000001	245.37372259303	-3.28353772328429	1500	0.00549275951679037
0.820000000000001	256.054322230288	-1.53541551864518	1500	0.00525182944525482
0.821000000000001	252.825646871998	3.68456878398964	1500	0.00617630887910394
0.822000000000001	244.177869072832	0.83171941639961	1500	0.00520832245232632
0.823000000000001	243.668198302139	-2.71754587208301	1500	0.00578256756141369
0.824000000000001	244.740424512579	-3.55791269165201	1500	0.00484441171810099
0.825000000000001	257.18718403189	0.990673487898387	1500	0.0043948258543594
0.826000000000001	252.761241003546	5.03657559077011	1500	0.00482713400097833
0.827000000000001	242.67696256267	0.614556890151526	1500	0.00376934084322189
0.828000000000001	243.261663834842	-1.76648241028502	1500	0.00519935207573993
0.829000000000001	245.640427995686	-2.68584793496892	1500	0.00549471734993991
0.830000000000001	256.376362904977	-0.062599309537763	1500	0.00522537842488683
0.831000000000001	253.079363454563	2.41355489961606	1500	0.00618226205894358
0.832000000000001	244.333248123524	0.421391575922428	1500	0.00522159937451638
0.833000000000001	243.515674056916	-2.93279587173198	1500	0.00576483578563839
0.834000000000001	244.61398550727	-3.5336797691297	1500	0.00485796439771421
0.835000000000001	256.987132923743	-1.47598595701121	1500	0.00443673058322678
0.836000000000001	252.55147401245	4.69568163824913	1500	0.00482713356243773
0.837000000000001	242.469536132707	0.262740060887797	1500	0.0037583411699204
0.838000000000001	243.048276823778	-2.07462080560749	1500	0.00518659724943883
0.839000000000001	245.404487822999	-3.6595852964604	1500	0.00548863447418712
0.840000000000001	256.15130874475	-0.951295283561568	1500	0.00523965197252592
0.841000000000001	252.807507988016	3.41306399750038	1500	0.00614313301261046
0.842000000000001	244.216683141201	0.97950805317974	1500	0.00521405573001993
0.843000000000001	243.627331388212	-3.16438566519764	1500	0.00579078014735189
0.844000000000001	244.776182462615	-3.72471822614731	1500	0.0048482583757155
0.845000000000001	257.273053851768	1.21161132127929	1500	0.00441320852942967
0.846000000000001	252.715762079917	5.46278949323085	1500	0.00483163972373644
0.847000000000001	242.675574868709	0.503319666072461	1500	0.00377961079884875
0.848000000000001	243.270656925219	-2.36093766762909	1500	0.00518475585064136
0.849000000000001	245.665131286	-2.1858620260542	1500	0.00549405810482004
0.850000000000001	256.484719271121	-1.63832260106851	1500	0.00523775768551462
0.851000000000001	253.123060366739	2.81856357661176	1500	0.0061845184648705
0.852000000000001	244.319751156001	0.72320772575738	1500	0.00520472783983734
0.853000000000001	243.523615654652	-2.73782429084992	1500	0.00576542343968511
0.854000000000001	244.656939311092	-4.08665091866577	1500	0.00482705175733898
0.855000000000001	256.993138512435	0.471605598226415	1500	0.00443173360277426
0.856000000000001	252.507248525694	3.76622729685591	1500	0.00482139519729519
0.857000000000001	242.460559930644	0.315272666535537	1500	0.00376502176800323
0.858000000000001	243.063183318313	-2.5143854969488	1500	0.00518359967085251
0.859000000000001	245.371250897618	-3.28354778276409	1500	0.0054927587401259
0.860000000000001	256.050524959055	-1.53541710140209	1500	0.00525182896220423
0.861000000000001	252.818355435232	3.68456284841058	1500	0.0061763094636803
0.862000000000001	244.167186811527	0.831715469154397	1500	0.00520832165690277
0.863000000000001	243.660559566255	-2.71754526816173	1500	0.00578256782795615
0.864000000000001	244.730136160878	-3.55792398236898	1500	0.00484441167019228
0.865000000000001	257.162832522677	0.990667644510491	1500	0.00439482469909734
0.866000000000001	252.739238078792	5.03656984086713	1500	0.00482713425494346
0.867000000000001	242.672063660009	0.614553429496808	1500	0.00376934025912239
0.868000000000001	243.25995296941	-1.76648430278363	1500	0.00519935199279473
0.869000000000001	245.631345798812	-2.68585431117769	1500	0.00549471660714729
0.870000000000001	256.366113983457	-0.062597538037617	1500	0.00522537786776217
0.871000000000001	253.071864496891	2.41355169056348	1500	0.00618226241622978
0.872000000000001	244.327742200634	0.421390399269284	1500	0.00522159882121981
0.873000000000001	243.516603183213	-2.93279603673039	1500	0.00576483574160947
0.874000000000001	244.61388584317	-3.5336846236513	1500	0.00485796517555952
0.875000000000001	256.987110405188	-1.47598247625001	1500	0.00443673097819796
0.876000000000001	252.551062421895	4.69567542730358	1500	0.00482713361234571
0.877000000000001	242.466469934383	0.262738302859535	1500	0.00375834097629903
0.878000000000001	243.043634631347	-2.07461589212343	1500	0.00518659730406797
0.879000000000001	245.402786724266	-3.659590388624	1500	0.00548863389560684
0.880000000000001	256.147538525596	-0.951292974405485	1500	0.00523965191974401
0.881000000000001	252.800356113318	3.41305766315414	1500	0.0061431329184057
0.882000000000001	244.205168906266	0.97950228037166	1500	0.00521405565310179
0.883000000000001	243.621002071504	-3.1643901555864	1500	0.00579078052859481
0.884000000000001	244.769389687965	-3.72472510583542	1500	0.00484825787514495
0.885000000000001	257.258290289467	1.21161024666711	1500	0.00441320825074321
0.886000000000001	252.700246494649	5.46278207304811	1500	0.00483164003463538
0.887000000000001	242.672889685898	0.503314452065279	1500	0.00377961039597794
0.888000000000001	243.265544005047	-2.36093721144175	1500	0.00518475581428402
0.889000000000001	245.653682128434	-2.18586584200599	1500	0.00549405775333434
0.890000000000001	256.472080218317	-1.63831972283404	1500	0.00523775695056111
0.891000000000001	253.109426176822	2.81856009539669	1500	0.00618451849731909
0.892000000000001	244.312532526232	0.723206984457627	1500	0.00520472733102659
0.893000000000001	243.520804340281	-2.73782237568473	1500	0.00576542325315873
0.894000000000001	244.656913291794	-4.08665649818251	1500	0.00482705170320754
0.895000000000001	256.992804476839	0.471610758024591	1500	0.00443173409004977
0.896000000000001	252.50655541567	3.76622032166097	1500	0.00482139498310463
0.897000000000001	242.459854375078	0.315269778758211	1500	0.00376502158244366
0.898000000000001	243.06040227102	-2.51438963154443	1500	0.00518359974369084
0.899000000000001	245.369052629639	-3.28355681333358	1500	0.00549275830474752
0.900000000000001	256.044343483607	-1.53541920581665	1500	0.00525182851930643
0.901000000000001	252.813218208191	3.68455717097486	1500	0.00617630996741597
0.902000000000001	244.161730754804	0.83171160925657	1500	0.00520832107839992
0.903000000000001	243.646967947246	-2.71754503585056	1500	0.00578256801870707
0.904000000000001	244.717067305272	-3.55793400215932	1500	0.00484441163012127
0.905000000000001	257.161431363567	0.990662092222513	1500	0.00439482368574279
0.906000000000001	252.736664269771	5.03656446205542	1500	0.00482713452451883
0.907000000000001	242.66916250289	0.614550009524938	1500	0.00376933986207145
0.908000000000001	243.257566762669	-1.76648638117239	1500	0.00519935187582826
0.909000000000001	245.626975904531	-2.68586034361862	1500	0.00549471612912824
0.910000000000001	256.363409069077	-0.0625968548308142	1500	0.00522537741939633
0.911000000000001	253.071927669213	2.41354831603608	1500	0.00618226270716427
0.912000000000001	244.327279634766	0.42138879097039	1500	0.00522159843392091
0.913000000000001	243.516339372412	-2.93279671641227	1500	0.00576483566294169
0.914000000000001	244.613754272232	-3.53368927682	1500	0.00485796581305267
0.915000000000001	256.986330997968	-1.47598023513036	1500	0.00443673121573938
0.916000000000001	252.550936853832	4.69566952407002	1500	0.00482713373384972
0.917000000000001	242.466220734502	0.262736357107084	1500	0.00375834084826822
0.918000000000001	243.042646599755	-2.07461196840968	1500	0.00518659731000323
0.919000000000001	245.399780473987	-3.65959521151542	1500	0.00548863355360866
0.920000000000001	256.136455883337	-0.951291872835946	1500	0.00523965184748898
0.921000000000001	252.79513563368	3.41305181640336	1500	0.00614313282951673
0.922000000000001	244.199240933843	0.97949693856025	1500	0.00521405565714562
0.923000000000001	243.602243406476	-3.16439413123084	1500	0.00579078079896906
0.924000000000001	244.751000736159	-3.72473128082316	1500	0.00484825744379735
0.925000000000001	257.255844343372	1.21160878233475	1500	0.00441320802573329
0.926000000000001	252.699162647734	5.46277526258282	1500	0.00483164032775801
0.927000000000001	242.67029577179	0.503309575244266	1500	0.00377961012166205
0.928000000000001	243.264133353125	-2.36093709800916	1500	0.0051847557549295
0.929000000000001	245.653323508877	-2.18586939854084	1500	0.00549405757295309
0.930000000000001	256.472211411143	-1.638317723746	1500	0.00523775634008009
0.931000000000001	253.109684981405	2.81855656205733	1500	0.00618451850855941
0.932000000000001	244.312636332442	0.723205854722129	1500	0.0052047269564547
0.933000000000001	243.520693227041	-2.73782122166634	1500	0.00576542306565952
0.934000000000001	244.656919233342	-4.08666171793608	1500	0.00482705162992982
0.935000000000001	256.992770453313	0.471614736788122	1500	0.00443173445430004
0.936000000000001	252.505947178112	3.76621386147411	1500	0.0048213948519963
0.937000000000001	242.45986416114	0.315266881259165	1500	0.0037650214572591
0.938000000000001	243.060019060573	-2.51439357275302	1500	0.00518359977302135
0.939000000000001	245.366757295769	-3.28356482304862	1500	0.0054927580527452
0.940000000000001	256.037712413296	-1.53542151406332	1500	0.0052518281082136
0.941000000000001	252.811088441348	3.68455190669568	1500	0.00617631040479691
0.942000000000001	244.158516234224	0.831707986693603	1500	0.00520832062305055
0.943000000000001	243.635245285145	-2.71754499724901	1500	0.00578256815020315
0.944000000000001	244.702475581495	-3.55794282996503	1500	0.00484441160156028
0.945000000000001	257.156081537212	0.990656962743644	1500	0.00439482280725942
0.946000000000001	252.727359195931	5.03655953752419	1500	0.00482713477560185
0.947000000000001	242.658926159041	0.614546773479203	1500	0.00376933957567378
0.948000000000001	243.241029539602	-1.76648846995356	1500	0.00519935175016831
0.949000000000001	245.605501527004	-2.68586591655919	1500	0.00549471579467756
0.950000000000001	256.340674226632	-0.0625968506715615	1500	0.00522537705105571
0.951000000000001	253.052406373759	2.41354499236087	1500	0.00618226294721758
0.952000000000001	244.322984231855	0.421386992884303	1500	0.0052215981422209
0.953000000000001	243.512428299632	-2.93279767414963	1500	0.0057648355736114
0.954000000000001	244.613176629265	-3.53369361183339	1500	0.00485796635081257
0.955000000000001	256.986191917487	-1.47597884342519	1500	0.00443673134930573
0.956000000000001	252.55087391767	4.6956640356556	1500	0.00482713388397731
0.957000000000001	242.466190820426	0.262734384864388	1500	0.00375834074686233
0.958000000000001	243.042088008206	-2.07460878083163	1500	0.00518659729127358
0.959000000000001	245.397822142041	-3.65959967070662	1500	0.00548863334978881
0.960000000000001	256.134461515351	-0.951291560754245	1500	0.00523965175665546
0.961000000000001	252.794800187538	3.41304651837019	1500	0.00614313275013103
0.962000000000001	244.197412044805	0.979492087202925	1500	0.00521405569349702
0.963000000000001	243.596761886482	-3.16439760063895	1500	0.00579078099525923
0.964000000000001	244.744292740833	-3.72473675974748	1500	0.00484825708259806
0.965000000000001	257.251053784212	1.21160714373044	1500	0.0044132078514463
0.966000000000001	252.687905182241	5.46276909075587	1500	0.00483164058643115
0.967000000000001	242.657202192396	0.503305104808867	1500	0.00377960992468876
0.968000000000001	243.24636604108	-2.36093718175823	1500	0.00518475568893132
0.969000000000001	245.62516675528	-2.18587264094767	1500	0.00549405747847927
0.970000000000001	256.43586072797	-1.63831632572097	1500	0.00523775582717516
0.971000000000001	253.088940832614	2.81855313868919	1500	0.0061845185078095
0.972000000000001	244.308895178664	0.723204532326792	1500	0.00520472666507704
0.973000000000001	243.518190269243	-2.73782058075274	1500	0.0057654228902395
0.974000000000001	244.656127022126	-4.08666651155548	1500	0.00482705155505899
0.975000000000001	256.992589660994	0.471617839871393	1500	0.00443173473099564
0.976000000000001	252.505753067439	3.76620796160204	1500	0.0048213947691893
0.977000000000001	242.459864438475	0.315264091263262	1500	0.00376502136159612
0.978000000000001	243.059209257181	-2.5143972396094	1500	0.00518359977780215
0.979000000000001	245.36253016709	-3.28357188523616	1500	0.00549275790021677
0.980000000000001	256.033472617908	-1.53542385379437	1500	0.00525182772662477
0.981000000000001	252.810666809112	3.6845471079683	1500	0.00617631078689693
0.982000000000001	244.154682093411	0.831704659709046	1500	0.00520832024512868
0.983000000000001	243.624329496528	-2.71754506056272	1500	0.00578256823648927
0.984000000000001	244.693656401924	-3.55795057885877	1500	0.0048444115835574
0.985000000000001	257.150040118803	0.990652296608585	1500	0.00439482204976
0.986000000000001	252.722569175572	5.03655508414888	1500	0.00482713499667924
0.987000000000001	242.65687912563	0.614543781641091	1500	0.00376933935963597
0.988000000000001	243.233990364105	-1.7664904797579	1500	0.00519935162737966
0.989000000000001	245.60096686951	-2.68587099436544	1500	0.00549471554298925
0.990000000000001	256.336733545455	-0.0625972704103258	1500	0.00522537674465004
0.991000000000001	253.04646322384	2.41354182914025	1500	0.00618226314745154
0.992000000000001	244.322255322351	0.42138514372058	1500	0.00522159791052979
0.993000000000001	243.511240606425	-2.93279876887414	1500	0.00576483548473486
0.994000000000001	244.612693013331	-3.53369758565853	1500	0.00485796681217348
0.995000000000001	256.986123211802	-1.47597804165007	1500	0.00443673141387014
0.996000000000001	252.550634294011	4.69565900238093	1500	0.00482713404185937
0.997000000000001	242.466179445608	0.262732471941311	1500	0.00375834065662404
0.998000000000001	243.041332809689	-2.07460616059419	1500	0.00518659726048927
0.999000000000001	245.393331666695	-3.65960373267518	1500	0.00548863321857722
1	256.126712667588	-0.951291763940315	1500	0.00523965165281056
1.001	252.79376402927	3.41304176724519	1500	0.00614313267941469
1.002	244.191496048493	0.979487727759526	1500	0.00521405573992966
1.003	243.582469361927	-3.1644006068761	1500	0.00579078114040376
1.004	244.729706179801	-3.72474159050463	1500	0.00484825678496444
1.005	257.243685909198	1.2116054565532	1500	0.00441320772009702
1.006	252.678900521306	5.46276354265716	1500	0.00483164080742589
1.007	242.649570517503	0.503301055319358	1500	0.00377960977693308
1.008	243.236757642334	-2.36093737827866	1500	0.00518475562375793
1.009	245.613372332454	-2.18587556097724	1500	0.00549405742841052
1.01	256.427943585659	-1.638315350437	1500	0.00523775539386485
1.011	253.085262198013	2.81854990762666	1500	0.00618451849999114
1.012	244.308910000572	0.723203134468664	1500	0.00520472642930837
1.013	243.517099399947	-2.73782028979986	1500	0.0057654227313383
1.014	244.656132033865	-4.08667086635093	1500	0.00482705148530065
1.015	256.992576618572	0.471620277468188	1500	0.0044317349437954
1.016	252.50575571426	3.7662026211491	1500	0.00482139471648818
1.017	242.459880273028	0.315261467411519	1500	0.00376502128186552
1.018	243.058983668159	-2.5144006022194	1500	0.00518359976824389
1.019	245.361200329848	-3.28357809139331	1500	0.00549275780496197
1.02	256.029722918849	-1.53542612998954	1500	0.00525182737433947
1.021	252.80984223466	3.68454277715233	1500	0.00617631112222262
1.022	244.15227075058	0.8317016415924	1500	0.0052083199235192
1.023	243.617741578549	-2.71754517706094	1500	0.00578256829246433
1.024	244.68606269359	-3.55795736254007	1500	0.00484441157714016
1.025	257.144670527097	0.990648091373002	1500	0.00439482139827611
1.026	252.713870316003	5.03655108713535	1500	0.00482713518667987
1.027	242.648323031698	0.614541052632064	1500	0.00376933919176867
1.028	243.223655199068	-1.76649236703552	1500	0.00519935151207136
1.029	245.584185185991	-2.68587558103495	1500	0.00549471534314182
1.03	256.326810222482	-0.0625979494397487	1500	0.00522537648810825
1.031	253.041049907963	2.41353887872518	1500	0.00618226331640791
1.032	244.318361151477	0.421383324027374	1500	0.0052215977201373
1.033	243.511240563255	-2.9327999147635	1500	0.00576483540063715
1.034	244.612687893108	-3.53370119094931	1500	0.00485796721243974
1.035	256.986130885255	-1.47597765217805	1500	0.0044367314313278
1.036	252.55063561652	4.69565442812217	1500	0.00482713419732526
1.037	242.466166864798	0.262730662304349	1500	0.00375834057288289
1.038	243.04131918613	-2.07460398950323	1500	0.00518659722462008
1.039	245.393155041788	-3.6596074077414	1500	0.00548863312769774
1.04	256.126633758002	-0.951292298823074	1500	0.00523965154514058
1.041	252.79374632444	3.41303753275964	1500	0.00614313261729041
1.042	244.191388707531	0.979483835546951	1500	0.00521405578773975
1.043	243.58085998535	-3.16440320399155	1500	0.00579078124906705
1.044	244.727524924177	-3.72474583575189	1500	0.00484825654052556
1.045	257.23787650673	1.21160379427875	1500	0.00441320762339349
1.046	252.672459127722	5.46275858160067	1500	0.00483164099329568
1.047	242.642605351608	0.503297414936995	1500	0.00377960966435062
1.048	243.224331077588	-2.36093763717237	1500	0.00518475556291394
1.049	245.596659957712	-2.18587817149582	1500	0.00549405740213149
1.05	256.421739631176	-1.63831467773138	1500	0.00523775502565806
1.051	253.082136013336	2.81854690867221	1500	0.00618451848767154
1.05199999999999	244.304690304636	0.723201733150211	1500	0.00520472623375977
1.05299999999999	243.516832334534	-2.73782023680309	1500	0.00576542258978521
1.05399999999999	244.656186263793	-4.08667479275476	1500	0.00482705142314211
1.05499999999999	256.992579086572	0.471622202807273	1500	0.00443173510856498
1.05599999999999	252.505764897989	3.76619781775847	1500	0.00482139468288966
1.05699999999999	242.460032308534	0.315259037460283	1500	0.00376502121190707
1.05799999999999	243.059009638488	-2.51440365613495	1500	0.00518359975058461
1.05899999999999	245.361272501976	-3.28358353402765	1500	0.00549275774475678
1.05999999999999	256.029508210005	-1.53542828923487	1500	0.00525182705119711
1.06099999999999	252.809732141702	3.68453889485978	1500	0.00617631141666141
1.06199999999999	244.151996361428	0.831698925421047	1500	0.00520831964591672
1.06299999999999	243.617265588761	-2.71754531926313	1500	0.00578256832780824
1.06399999999999	244.683946671133	-3.55796329239963	1500	0.004844411580716
1.06499999999999	257.140593657897	0.990644325206068	1500	0.00439482083816725
1.06599999999999	252.710814572898	5.0365475183344	1500	0.0048271353477423
1.06699999999999	242.641938979737	0.614538585587752	1500	0.00376933905862978
1.06799999999999	243.212793501831	-1.76649411150154	1500	0.00519935140646089
1.06899999999999	245.57399005098	-2.68587969864374	1500	0.00549471517861415
1.06999999999999	256.322347061028	-0.062598776723721	1500	0.00522537627212415
1.07099999999999	253.039488084408	2.41353616361744	1500	0.00618226345965632
1.07199999999999	244.31843448852	0.421381581954065	1500	0.00522159756025961
1.07299999999999	243.511299589479	-2.93280105715299	1500	0.00576483532350068
1.07399999999999	244.612695703551	-3.53370443949871	1500	0.0048579675610399
1.07499999999999	256.986180324805	-1.47597754731799	1500	0.00443673141692275
1.07599999999999	252.550635514226	4.69565029932363	1500	0.00482713434448692
1.07699999999999	242.466176288259	0.26272897972231	1500	0.00375834049506938
1.07799999999999	243.041295339734	-2.07460217867422	1500	0.00518659718747718
1.07899999999999	245.393278585823	-3.6596107059216	1500	0.00548863306421097
1.07999999999999	256.126715771696	-0.951293036401471	1500	0.00523965143486637
1.08099999999999	252.793802776982	3.41303377507349	1500	0.00614313256305051
1.08199999999999	244.19170585256	0.979480375368687	1500	0.00521405583225718
1.08299999999999	243.582516757737	-3.16440544466071	1500	0.00579078133088472
1.08399999999999	244.72827983198	-3.72474955832168	1500	0.00484825634123048
1.08499999999999	257.2385493592	1.21160220205535	1500	0.0044132075535142
1.08599999999999	252.674602142314	5.46275416314386	1500	0.00483164114842359
1.08699999999999	242.64477359589	0.503294159243771	1500	0.00377960957583931
1.08799999999999	243.223622429234	-2.36093792656364	1500	0.00518475550733538
1.08899999999999	245.596605635152	-2.18588049381361	1500	0.00549405738893923
1.08999999999999	256.421143148676	-1.63831422336503	1500	0.00523775471165071
1.09099999999999	253.081580205017	2.81854415676465	1500	0.00618451847325792
1.09199999999999	244.304644408982	0.723200373061251	1500	0.00520472606910673
1.09299999999999	243.51684836355	-2.73782034310957	1500	0.00576542246486476
1.09399999999999	244.656189386476	-4.0866783143811	1500	0.00482705136903276
1.09499999999999	256.992584392514	0.471623729984666	1500	0.00443173523675206
1.09599999999999	252.505734645313	3.76619351743857	1500	0.00482139466206081
1.09699999999999	242.459022520742	0.315256810964053	1500	0.00376502114898415
1.09799999999999	243.058195295887	-2.51440641099274	1500	0.00518359972847345
1.09899999999999	245.360088879188	-3.28358830146393	1500	0.00549275770661231
1.09999999999999	256.026968772235	-1.53543030384799	1500	0.00525182675671022
1.10099999999999	252.807534636863	3.68453543031863	1500	0.00617631167562387
1.10199999999999	244.151401078941	0.83169649415572	1500	0.00520831940447833
1.10299999999999	243.616712041159	-2.71754547154859	1500	0.00578256834882155
1.10399999999999	244.681121891092	-3.5579684721578	1500	0.00484441159184642
1.10499999999999	257.135049587223	0.990640966904901	1500	0.00439482035645816
1.10599999999999	252.70785093127	5.03654434358395	1500	0.00482713548352284
1.10699999999999	242.641239774516	0.614536368758374	1500	0.00376933895158117
1.10799999999999	243.208860835098	-1.7664957072761	1500	0.00519935131078484
1.10899999999999	245.572336013686	-2.68588337923671	1500	0.00549471503999028
1.10999999999999	256.322322848564	-0.0625996775524921	1500	0.005225376089551
1.11099999999999	253.037961903186	2.41353368807565	1500	0.00618226358189925
1.11199999999999	244.318729197659	0.421379944210826	1500	0.00522159742436996
1.11299999999999	243.511869738843	-2.93280216249237	1500	0.00576483525381671
1.11399999999999	244.612719878366	-3.53370735206934	1500	0.0048579678652232
1.11499999999999	256.986187024857	-1.47597763666645	1500	0.00443673138182563
1.11599999999999	252.550642383461	4.69564659111219	1500	0.00482713448116142
1.11699999999999	242.466173173525	0.262727432495397	1500	0.00375834042075698
1.11799999999999	243.041000447858	-2.07460066197177	1500	0.00518659715043266
1.11899999999999	245.392567045052	-3.6596136529454	1500	0.00548863301857173
1.11999999999999	256.125754753933	-0.951293888339562	1500	0.00523965132563235
1.12099999999999	252.79374182791	3.41303044944005	1500	0.00614313251637502
1.12199999999999	244.19139669256	0.979477308229518	1500	0.00521405587237083
1.12299999999999	243.582520259826	-3.16440737793471	1500	0.00579078139246777
1.12399999999999	244.72641299286	-3.72475281889807	1500	0.00484825617881804
1.12499999999999	257.235445322687	1.21160070458072	1500	0.00441320750428928
1.12599999999999	252.67328838011	5.46275023927046	1500	0.0048316412776655
1.12699999999999	242.64495026708	0.503291258302254	1500	0.00377960950538123
1.12799999999999	243.220804332655	-2.36093822662057	1500	0.00518475545713971
1.12899999999999	245.594151519328	-2.185882553174	1500	0.00549405738306384
1.12999999999999	256.420865524619	-1.63831392735946	1500	0.00523775444316929
1.13099999999999	253.077600311753	2.81854165246545	1500	0.0061845184580464
1.13199999999999	244.302279679725	0.723199080971806	1500	0.00520472592930986
1.13299999999999	243.515931898061	-2.73782055306426	1500	0.00576542235505889
1.13399999999999	244.656231895907	-4.08668146022947	1500	0.0048270513222873
1.13499999999999	256.992583362061	0.47162494555103	1500	0.00443173533681117
1.13599999999999	252.505737531899	3.7661896814594	1500	0.00482139464991877
1.13699999999999	242.459025167653	0.315254786780356	1500	0.00376502109196304
1.13799999999999	243.058082741204	-2.51440888344228	1500	0.00518359970427406
1.13899999999999	245.359995825264	-3.28359247430781	1500	0.00549275768302988
1.13999999999999	256.026810794763	-1.53543216134071	1500	0.00525182648978394
1.14099999999999	252.807476386305	3.6845323491174	1500	0.00617631190328742
1.14199999999999	244.151305347586	0.831694326299593	1500	0.00520831919366635
1.14299999999998	243.616064341716	-2.71754562479686	1500	0.00578256835984191
1.14399999999998	244.680558517707	-3.55797299490327	1500	0.00484441160823005
1.14499999999998	257.134960555176	0.990637981713062	1500	0.0043948199418782
1.14599999999998	252.70781755478	5.03654152708032	1500	0.0048271355978507
1.14699999999998	242.640992303547	0.614534385534972	1500	0.00376933886468274
1.14799999999998	243.20812801283	-1.76649715578769	1500	0.0051993512248072
1.14899999999998	245.572111583544	-2.68588665812525	1500	0.00549471492152887
1.14999999999998	256.322278318695	-0.06260060136438	1500	0.00522537593477318
1.15099999999998	253.037958520163	2.41353144663609	1500	0.0061822636865061
1.15199999999998	244.318749676316	0.42137842466109	1500	0.00522159730791337
1.15299999999998	243.511969653435	-2.9328032102137	1500	0.00576483519144154
1.15399999999998	244.612770777776	-3.53370995322166	1500	0.00485796813116839
1.15499999999998	256.986205661006	-1.47597785414375	1500	0.00443673133387547
1.15599999999998	252.550687500824	4.69564327381633	1500	0.00482713460659599
1.15699999999998	242.465913326734	0.262726021869685	1500	0.00375834035038837
1.15799999999998	243.040678002277	-2.0745993865667	1500	0.00518659711472249
1.15899999999998	245.3919477615	-3.65961627763257	1500	0.00548863298510397
1.15999999999998	256.123994947485	-0.951294792403606	1500	0.005239651220581
1.16099999999998	252.792305398701	3.41302751237827	1500	0.00614313247636689
1.16199999999998	244.190575384574	0.979474595361148	1500	0.00521405590792732
1.16299999999998	243.580780946063	-3.1644090467296	1500	0.00579078143880353
1.16399999999998	244.722596082196	-3.7247556727519	1500	0.00484825604623356
1.16499999999998	257.231460077987	1.2115993147158	1500	0.00441320747063273
1.16599999999998	252.669947190676	5.46274676270522	1500	0.00483164138525465
1.16699999999998	242.644833264611	0.503288680974654	1500	0.00377960944873109
1.16799999999998	243.220287067911	-2.36093852432394	1500	0.00518475541225872
1.16899999999998	245.592768684699	-2.18588437504329	1500	0.00549405738133898
1.16999999999998	256.420679044771	-1.63831374607731	1500	0.0052377542131623
1.17099999999998	253.076801014106	2.81853938796066	1500	0.00618451844286154
1.17199999999998	244.302271477743	0.723197872238787	1500	0.00520472580990335
1.17299999999998	243.515935367972	-2.73782082667452	1500	0.00576542225888279
1.17399999999998	244.656234859555	-4.08668426164586	1500	0.00482705128211642
1.17499999999998	256.992584310828	0.471625915884135	1500	0.0044317354151577
1.17599999999998	252.505740228344	3.76618626962184	1500	0.00482139464374252
1.17699999999998	242.458893028175	0.315252957579182	1500	0.00376502104026077
1.17799999999998	243.057673772424	-2.51441109391332	1500	0.00518359967932587
1.17899999999998	245.359825309223	-3.28359612499302	1500	0.00549275766917041
1.17999999999998	256.026560346066	-1.53543385885855	1500	0.00525182624908846
1.18099999999998	252.807396399757	3.68452961592746	1500	0.00617631210351569
1.18199999999998	244.151106644524	0.831692399160452	1500	0.00520831900928803
1.18299999999998	243.615129694498	-2.71754577347784	1500	0.00578256836387319
1.18399999999998	244.679059691621	-3.55797694318558	1500	0.00484441162798911
1.18499999999998	257.133111540512	0.990635335017972	1500	0.00439481958469084
1.18599999999998	252.704551628006	5.03653903379951	1500	0.00482713569418549
1.18699999999998	242.637127027087	0.614532617396054	1500	0.00376933879366871
1.18799999999998	243.202565154964	-1.76649846311357	1500	0.00519935114791261
1.18899999999998	245.565387606934	-2.68588957124896	1500	0.00549471481959696
1.18999999999998	256.31952153487	-0.0626015139175167	1500	0.00522537580322523
1.19099999999998	253.033826112592	2.41352942798849	1500	0.00618226377640168
1.19199999999998	244.315958332384	0.421377028645161	1500	0.00522159720780418
1.19299999999998	243.510420311831	-2.93280418872511	1500	0.0057648351358598
1.19399999999998	244.612767057965	-3.53371226904877	1500	0.00485796836374715
1.19499999999998	256.986208642091	-1.47597815207823	1500	0.00443673127857855
1.19599999999998	252.550940364836	4.6956403160418	1500	0.00482713472061114
1.19699999999998	242.465916712737	0.26272474424407	1500	0.00375834028452242
1.19799999999998	243.040681720128	-2.07459831052143	1500	0.00518659708096728
1.19899999999998	245.391843684069	-3.65961860854084	1500	0.00548863296003009
1.19999999999998	256.123960587976	-0.95129569508579	1500	0.00523965114328413
1.20099999999998	252.792379604384	3.4130249225825	1500	0.00614313244296878
1.20199999999998	244.190486042994	0.979472200251392	1500	0.00521405594131207
1.20299999999998	243.579326964106	-3.16441048790145	1500	0.00579078147401936
1.20399999999998	244.721161954307	-3.72475816852457	1500	0.00484825593744377
1.20499999999998	257.228818247739	1.21159803865996	1500	0.00441320744821179
1.20599999999998	252.666025279186	5.4627436886654	1500	0.00483164147485723
1.20699999999998	242.640466253554	0.503286396599288	1500	0.00377960940292056
1.20799999999998	243.215140823527	-2.36093881168321	1500	0.00518475537227007
1.20899999999998	245.584593507378	-2.18588598377027	1500	0.00549405738207826
1.20999999999998	256.418443056881	-1.63831364709151	1500	0.00523775401548138
1.21099999999998	253.073527233955	2.81853735030879	1500	0.00618451842834618
1.21199999999998	244.300808277162	0.723196754175746	1500	0.00520472570772499
1.21299999999998	243.515393907938	-2.73782113592093	1500	0.0057654221744487
1.21399999999998	244.656227884016	-4.08668675029809	1500	0.00482705124719123
1.21499999999998	256.992576340993	0.471626692557825	1500	0.00443173547627363
1.21599999999998	252.505742559603	3.76618324201392	1500	0.00482139464181381
1.21699999999998	242.458886673035	0.315251312456668	1500	0.00376502099364197
1.21799999999998	243.057682865625	-2.51441306364506	1500	0.00518359965483473
1.21899999999998	245.359894409191	-3.2835993177139	1500	0.00549275766176542
1.21999999999998	256.026561180103	-1.5354353993308	1500	0.00525182603253053
1.22099999999998	252.807393083476	3.68452719671598	1500	0.00617631227924348
1.22199999999998	244.151100697118	0.831690690239648	1500	0.00520831884795528
1.22299999999998	243.615117702361	-2.71754591434813	1500	0.00578256836324853
1.22399999999998	244.678951235274	-3.55798038952857	1500	0.00484441164936922
1.22499999999998	257.132480509629	0.990632993451897	1500	0.00439481927638708
1.22599999999998	252.703341009008	5.03653683090698	1500	0.00482713577525347
1.22699999999998	242.636523940356	0.614531045559391	1500	0.00376933873530032
1.22799999999998	243.20157653046	-1.76649963727032	1500	0.00519935107949855
1.22899999999998	245.562386956221	-2.68589215373315	1500	0.00549471473125661
1.22999999999998	256.318221250212	-0.0626023927596503	1500	0.00522537569098547
1.23099999999998	253.030849704254	2.41352761789556	1500	0.00618226385381317
1.23199999999998	244.315046672316	0.421375756018123	1500	0.00522159712143457
1.23299999999998	243.510422140888	-2.9328050926005	1500	0.00576483508636038
1.23399999999997	244.612769083539	-3.53371432591951	1500	0.00485796856692586
1.23499999999997	256.986209896061	-1.47597849630644	1500	0.00443673121988997
1.23599999999997	252.550939160192	4.69563768579419	1500	0.00482713482355652
1.23699999999997	242.465931481414	0.26272359292404	1500	0.00375834022348093
1.23799999999997	243.040772047418	-2.07459739989734	1500	0.00518659704957398
1.23899999999997	245.39218362761	-3.65962067424662	1500	0.00548863294121521
1.23999999999997	256.124638116027	-0.951296588845817	1500	0.00523965104987594
1.24099999999997	252.792583321802	3.41302264222658	1500	0.00614313241332014
1.24199999999997	244.190738791276	0.979470088445378	1500	0.00521405596860108
1.24299999999997	243.579750776937	-3.16441173423432	1500	0.0057907815000316
1.24399999999997	244.722255855613	-3.7247603516319	1500	0.00484825584861366
1.24499999999997	257.229646713694	1.21159687533877	1500	0.00441320743458502
1.24599999999997	252.6652696477	5.46274097432502	1500	0.00483164154984579
1.24699999999997	242.638531144869	0.503284375636515	1500	0.00377960936561004
1.24799999999997	243.211064933888	-2.36093908367816	1500	0.00518475533665679
1.24899999999997	245.580450714579	-2.18588740202967	1500	0.00549405738432614
1.24999999999997	256.412288103715	-1.63831360613528	1500	0.00523775384560855
1.25099999999997	253.061803285608	2.81853552479731	1500	0.00618451841449349
1.25199999999997	244.2946709499	0.723195729843948	1500	0.00520472561972243
1.25299999999997	243.513134284064	-2.73782146018533	1500	0.00576542210067754
1.25399999999997	244.656226283978	-4.08668895569995	1500	0.00482705121753393
1.25499999999997	256.992573467366	0.471627316325136	1500	0.00443173552442617
1.25599999999997	252.505631458008	3.7661805614393	1500	0.00482139464258931
1.25699999999997	242.458744199347	0.315249839202006	1500	0.00376502095144108
1.25799999999997	243.05770657986	-2.51441481427161	1500	0.00518359963119773
1.25899999999997	245.36005237312	-3.28360210907364	1500	0.00549275765907726
1.25999999999997	256.026807670181	-1.53543678942668	1500	0.00525182583903848
1.26099999999997	252.807775786961	3.68452505898779	1500	0.0061763124338071
1.26199999999997	244.151320803722	0.831689177711066	1500	0.00520831870664064
1.26299999999997	243.614627162372	-2.71754604602294	1500	0.00578256835932841
1.26399999999997	244.679636636728	-3.55798339795171	1500	0.00484441167145598
1.26499999999997	257.132574943147	0.990630925226287	1500	0.00439481901024562
1.26599999999997	252.70172192348	5.03653488716577	1500	0.00482713584391522
1.26699999999997	242.634920696698	0.614529651332264	1500	0.00376933868720228
1.26799999999997	243.197081465188	-1.76650068802179	1500	0.00519935101869746
1.26899999999997	245.55819831697	-2.68589443866734	1500	0.00549471465463034
1.26999999999997	256.315168732554	-0.0626032234513349	1500	0.00522537559507744
1.27099999999997	253.018886243667	2.41352600073949	1500	0.00618226392058793
1.27199999999997	244.307227584493	0.421374603271237	1500	0.00522159704671886
1.27299999999997	243.507233202556	-2.93280591983446	1500	0.00576483504266677
1.27399999999997	244.612267197813	-3.53371614829598	1500	0.00485796874483456
1.27499999999997	256.986211258843	-1.47597886157823	1500	0.00443673116042976
1.27599999999997	252.550938172982	4.69563535246644	1500	0.0048271349160736
1.27699999999997	242.465933782622	0.262722560180157	1500	0.00375834016726873
1.27799999999997	243.040775013119	-2.07459662713022	1500	0.00518659702063608
1.27899999999997	245.392185022129	-3.65962250140094	1500	0.005488632927189
1.27999999999997	256.124637469875	-0.951297433067496	1500	0.00523965098636899
1.28099999999997	252.792583937957	3.41302063637615	1500	0.00614313238884611
1.28199999999997	244.190735044289	0.979468228745666	1500	0.00521405599459391
1.28299999999997	243.579731078226	-3.16441281229163	1500	0.00579078151978236
1.28399999999997	244.722237312627	-3.72476225958779	1500	0.00484825577522162
1.28499999999997	257.229583478176	1.21159582231137	1500	0.00441320742694996
1.28599999999997	252.6650298024	5.46273858148712	1500	0.00483164161251814
1.28699999999997	242.638475171088	0.50328259069647	1500	0.00377960933509533
1.28799999999997	243.210737210356	-2.36093933732769	1500	0.0051847553051898
1.28899999999997	245.579744918973	-2.18588865102637	1500	0.00549405738735464
1.28999999999997	256.412280918707	-1.63831360576499	1500	0.0052377536992042
1.29099999999997	253.06175308409	2.81853389465404	1500	0.00618451840167812
1.29199999999997	244.294652806509	0.723194797533998	1500	0.00520472554413753
1.29299999999997	243.513130964169	-2.73782178579832	1500	0.00576542203603029
1.29399999999997	244.656225429213	-4.08669090712425	1500	0.00482705119158611
1.29499999999997	256.99256994119	0.471627818425889	1500	0.00443173556209947
1.29599999999997	252.505628009788	3.76617819182345	1500	0.00482139464517924
1.29699999999997	242.458743210547	0.315248523818887	1500	0.00376502091365509
1.29799999999997	243.057708581905	-2.51441636663579	1500	0.00518359960892816
1.29899999999997	245.360054756079	-3.2836045492233	1500	0.00549275765935177
1.29999999999997	256.026806186608	-1.53543803818092	1500	0.00525182566595781
1.30099999999997	252.807773119464	3.68452317306895	1500	0.00617631256917425
1.30199999999997	244.151280007587	0.831687841452533	1500	0.00520831858297333
1.30299999999997	243.613255319592	-2.71754616723917	1500	0.00578256835345052
1.30399999999997	244.678316575685	-3.55798602361875	1500	0.00484441169330763
1.30499999999997	257.130815098464	0.990629101227647	1500	0.00439481878012595
1.30599999999997	252.698629064261	5.03653317461511	1500	0.0048271359018698
1.30699999999997	242.630100823936	0.614528417216441	1500	0.00376933864722305
1.30799999999997	243.192877027396	-1.76650162529223	1500	0.00519935096481434
1.30899999999997	245.553463760128	-2.68589645717982	1500	0.00549471458799365
1.30999999999997	256.306460397382	-0.062603998378829	1500	0.00522537551304907
1.31099999999997	253.018722247711	2.41352454137021	1500	0.00618226398838704
1.31199999999997	244.306344640509	0.421373566509761	1500	0.00522159697894489
1.31299999999997	243.507235801204	-2.93280667266631	1500	0.00576483500745606
1.31399999999997	244.612269159478	-3.5337177577133	1500	0.00485796888886345
1.31499999999997	256.986213273898	-1.47597923201423	1500	0.00443673110248568
1.31599999999997	252.550937618769	4.69563328703331	1500	0.00482713499711412
1.31699999999997	242.465767751296	0.26272163752843	1500	0.00375834011510529
1.31799999999997	243.040359173611	-2.07459596886806	1500	0.00518659699498707
1.31899999999997	245.39207709427	-3.65962411343272	1500	0.00548863291848294
1.31999999999997	256.12463771166	-0.951298235342881	1500	0.00523965090787167
1.32099999999997	252.792582825464	3.41301887520985	1500	0.00614313236597463
1.32199999999997	244.190680526928	0.979466593478522	1500	0.00521405601474951
1.32299999999997	243.57822767022	-3.16441374574321	1500	0.00579078153441119
1.32399999999996	244.720630208056	-3.72476392708356	1500	0.00484825571601414
1.32499999999996	257.227252968283	1.21159487418788	1500	0.00441320742467295
1.32599999999996	252.659184770893	5.46273647439163	1500	0.00483164166549287
1.32699999999996	242.633032728757	0.503281016385406	1500	0.00377960930966074
1.32799999999996	243.205113171645	-2.3609395717938	1500	0.00518475527700768
1.32899999999996	245.573248107171	-2.18588975025175	1500	0.00549405739113127
1.32999999999996	256.40237739441	-1.63831363314884	1500	0.00523775357345805
1.33099999999996	253.06160834268	2.81853244304535	1500	0.00618451839006268
1.33199999999996	244.293748070309	0.723193954091727	1500	0.00520472547887765
1.33299999999996	243.513132478042	-2.73782210299904	1500	0.00576542197960005
1.33399999999996	244.656227056516	-4.08669263069745	1500	0.00482705116945169
1.33499999999996	256.992571496616	0.471628224374671	1500	0.00443173559174092
1.33599999999996	252.505627457956	3.76617610092811	1500	0.00482139464869541
1.33699999999996	242.458740922329	0.315247353315591	1500	0.00376502087963689
1.33799999999996	243.05772746974	-2.51441774016209	1500	0.0051835995885327
1.33899999999996	245.360075712901	-3.28360668105431	1500	0.00549275766239855
1.33999999999996	256.026805375383	-1.53543915465554	1500	0.00525182551237695
1.34099999999996	252.807774640576	3.68452151197226	1500	0.00617631268768987
1.34199999999996	244.151362690034	0.831686662835126	1500	0.00520831847430667
1.34299999999996	243.613821469882	-2.7175462778497	1500	0.00578256834644071
1.34399999999996	244.678254499732	-3.55798831529828	1500	0.00484441171500959
1.34499999999996	257.130414173796	0.990627494885776	1500	0.00439481858137724
1.34599999999996	252.698030055058	5.03653166741976	1500	0.00482713595128236
1.34699999999996	242.631428862337	0.614527326432659	1500	0.00376933861386254
1.34799999999996	243.190818532889	-1.76650245939262	1500	0.00519935091694452
1.34899999999996	245.550766830672	-2.68589823814826	1500	0.0054947145301565
1.34999999999996	256.303492705333	-0.062604713564772	1500	0.00522537544288936
1.35099999999996	253.017270777188	2.41352324191862	1500	0.00618226404884209
1.35199999999996	244.306345260225	0.421372636234008	1500	0.00522159691971938
1.35299999999996	243.507173951185	-2.93280735326472	1500	0.00576483497684933
1.35399999999996	244.612270816643	-3.53371917849051	1500	0.00485796901325662
1.35499999999996	256.986214374478	-1.47597959457756	1500	0.00443673104685069
1.35599999999996	252.550976033626	4.69563146171145	1500	0.00482713506903489
1.35699999999996	242.46581396074	0.262720815444744	1500	0.0037583400675445
1.35799999999996	243.040360580855	-2.07459540715483	1500	0.00518659697195248
1.35899999999996	245.392076433737	-3.65962553437222	1500	0.00548863291295453
1.35999999999996	256.124637281787	-0.951298980475966	1500	0.00523965083592479
1.36099999999996	252.792580936819	3.41301732940488	1500	0.00614313234586142
1.36199999999996	244.19067832903	0.979465156244438	1500	0.00521405603188593
1.36299999999996	243.577602300397	-3.16441455467911	1500	0.00579078154515797
1.36399999999996	244.720614160822	-3.724765384139	1500	0.0048482556675852
1.36499999999996	257.227184940322	1.21159402404031	1500	0.00441320742582545
1.36599999999996	252.658861493788	5.46273462089065	1500	0.0048316417102526
1.36699999999996	242.631451963643	0.503279629389507	1500	0.00377960928850212
1.36799999999996	243.200761604563	-2.3609397865325	1500	0.00518475525186766
1.36899999999996	245.568151760309	-2.18589071659093	1500	0.00549405739518713
1.36999999999996	256.389058476757	-1.63831367837694	1500	0.00523775346504899
1.37099999999996	253.046319103274	2.81853115366367	1500	0.00618451837947684
1.37199999999996	244.282754031816	0.723193194722098	1500	0.00520472542251119
1.37299999999996	243.513069376548	-2.73782240583977	1500	0.00576542193020694
1.37399999999996	244.656228023387	-4.08669415107549	1500	0.00482705115039533
1.37499999999996	256.99257050638	0.471628553618176	1500	0.00443173561496423
1.37599999999996	252.505624345311	3.76617425811233	1500	0.00482139465279965
1.37699999999996	242.458742661257	0.315246314059584	1500	0.00376502084915155
1.37799999999996	243.057729894028	-2.51441895368073	1500	0.00518359956978324
1.37899999999996	245.360076652368	-3.28360854380565	1500	0.00549275766693119
1.37999999999996	256.026801017304	-1.53544015015834	1500	0.00525182537612194
1.38099999999996	252.80775999669	3.68452005017942	1500	0.00617631279153291
1.38199999999996	244.151346900254	0.831685624471553	1500	0.00520831837906142
1.38299999999996	243.613814264626	-2.71754637823817	1500	0.0057825683387736
1.38399999999996	244.678169450267	-3.55799031572607	1500	0.0048444117356946
1.38499999999996	257.13023450744	0.990626081443247	1500	0.0043948184094324
1.38599999999996	252.697900377363	5.03653034217989	1500	0.00482713599333591
1.38699999999996	242.63077337942	0.614526363763863	1500	0.00376933858600574
1.38799999999996	243.190491909639	-1.76650319983581	1500	0.00519935087466577
1.38899999999996	245.550345469578	-2.68589980719182	1500	0.00549471448026064
1.38999999999996	256.301631089343	-0.0626053679664002	1500	0.00522537538279586
1.39099999999996	253.013963725023	2.41352208990671	1500	0.00618226410133562
1.39199999999996	244.305992102501	0.421371804300251	1500	0.00522159686834992
1.39299999999996	243.507004201143	-2.93280796539713	1500	0.00576483494990496
1.39399999999996	244.612162521131	-3.53372043152763	1500	0.00485796912186476
1.39499999999996	256.986092510521	-1.47597994163518	1500	0.00443673099449981
1.39599999999996	252.550721020564	4.69562985075576	1500	0.00482713513292741
1.39699999999996	242.465801833052	0.262720084818267	1500	0.00375834002462243
1.39799999999996	243.040347938677	-2.07459492695377	1500	0.00518659695121926
1.39899999999996	245.392000876052	-3.65962678592793	1500	0.00548863290926698
1.39999999999996	256.124418395908	-0.951299665896488	1500	0.005239650770911
1.40099999999996	252.792537081486	3.41301597322763	1500	0.0061431323283926
1.40199999999996	244.190528626739	0.979463893892318	1500	0.00521405604668178
1.40299999999996	243.577045292702	-3.16441525617589	1500	0.00579078155308423
1.40399999999996	244.72023892501	-3.72476665724091	1500	0.0048482556275666
1.40499999999996	257.226869732985	1.2115932643523	1500	0.00441320742904226
1.40599999999996	252.658223098723	5.46273299175072	1500	0.00483164174807828
1.40699999999996	242.630409739888	0.503278408821899	1500	0.00377960927100181
1.40799999999996	243.200438850065	-2.36093998141868	1500	0.00518475522980369
1.40899999999996	245.567746451764	-2.18589156515382	1500	0.00549405739923006
1.40999999999996	256.387223992423	-1.63831373416356	1500	0.00523775337144635
1.41099999999996	253.042963004763	2.81853001093816	1500	0.00618451836993722
1.41199999999996	244.282484902496	0.723192513880273	1500	0.0052047253738187
1.41299999999996	243.51307060915	-2.73782269011759	1500	0.00576542188709897
1.41399999999996	244.656227141648	-4.08669549054302	1500	0.0048270511340133
1.41499999999995	256.992569894742	0.471628821256776	1500	0.00443173563341978
1.41599999999995	252.505624694528	3.76617263568224	1500	0.00482139465724547
1.41699999999995	242.458743100921	0.31524539292793	1500	0.00376502082195822
1.41799999999995	243.057731907942	-2.51442002438696	1500	0.00518359955270103
1.41899999999995	245.360075179226	-3.28361017113508	1500	0.00549275767229979
1.41999999999995	256.026802233503	-1.53544103564679	1500	0.00525182525544942
1.42099999999995	252.807761624547	3.68451876484499	1500	0.00617631288252843
1.42199999999995	244.151347893753	0.83168471038834	1500	0.00520831829565445
1.42299999999995	243.613813863182	-2.71754646869175	1500	0.00578256833096062
1.42399999999995	244.678167553627	-3.55799206163621	1500	0.0048444117551531
1.42499999999995	257.130230703007	0.990624839016011	1500	0.00439481826048744
1.42599999999995	252.697877716234	5.03652917783662	1500	0.00482713602925922
1.42699999999995	242.630773938165	0.614525515264418	1500	0.00376933856257273
1.42799999999995	243.190492769416	-1.76650385593148	1500	0.0051993508372663
1.42899999999995	245.550343740897	-2.685901187501	1500	0.00549471443753062
1.42999999999995	256.301618507574	-0.0626059625914363	1500	0.0052253753312293
1.43099999999995	253.01394320243	2.41352107044406	1500	0.00618226414702554
1.43199999999995	244.305966746061	0.421371062440346	1500	0.0052215968238066
1.43299999999995	243.506966777402	-2.93280851380576	1500	0.00576483492613715
1.43399999999995	244.612087889603	-3.53372153535127	1500	0.00485796921680196
1.43499999999995	256.986021705643	-1.47598026848584	1500	0.00443673094575745
1.43599999999995	252.550642045903	4.69562843067127	1500	0.00482713518974332
1.43699999999995	242.465777955065	0.262719436783416	1500	0.00375833998606244
1.43799999999995	243.04034922347	-2.07459451585461	1500	0.00518659693252105
1.43899999999995	245.391998051201	-3.65962788717688	1500	0.00548863290698337
1.43999999999995	256.124400115275	-0.9513002921901	1500	0.00523965071129069
1.44099999999995	252.792430124179	3.41301478391144	1500	0.00614313231318796
1.44199999999995	244.190402318899	0.979462785846637	1500	0.0052140560594752
1.44299999999995	243.576640748102	-3.16441586515181	1500	0.00579078155864533
1.44399999999995	244.719787277669	-3.72476776947581	1500	0.00484825559443469
1.44499999999995	257.226623959843	1.21159258762636	1500	0.00441320743357013
1.44599999999995	252.657785055907	5.46273156087617	1500	0.00483164178021401
1.44699999999995	242.629924651306	0.503277335592021	1500	0.00377960925642774
1.44799999999995	243.200290070337	-2.3609401575791	1500	0.00518475521027565
1.44899999999995	245.56774505738	-2.18589230981799	1500	0.00549405740318716
1.44999999999995	256.387224730243	-1.63831379536505	1500	0.00523775329046488
1.45099999999995	253.042962020205	2.81852900005005	1500	0.00618451836123097
1.45199999999995	244.282485181679	0.72319190557541	1500	0.00520472533168708
1.45299999999995	243.513071709668	-2.73782295397567	1500	0.00576542184936642
1.45399999999995	244.656227884685	-4.08669666944367	1500	0.00482705111981259
1.45499999999995	256.992569981918	0.471629039827241	1500	0.00443173564786192
1.45599999999995	252.50562486504	3.76617120879646	1500	0.00482139466179115
1.45699999999995	242.458743390232	0.315244578181878	1500	0.00376502079779564
1.45799999999995	243.05772655824	-2.51442096793487	1500	0.00518359953713356
1.45899999999995	245.360075188323	-3.2836115929171	1500	0.00549275767800426
1.45999999999995	256.026800876112	-1.53544182130692	1500	0.00525182514876153
1.46099999999995	252.807757571475	3.68451763568769	1500	0.0061763129621605
1.46199999999995	244.151345469446	0.831683906625085	1500	0.00520831822268625
1.46299999999995	243.613796747922	-2.71754654989641	1500	0.00578256832316677
1.46399999999995	244.677851914523	-3.55799358576261	1500	0.00484441177302732
1.46499999999995	257.12887370059	0.990623747746816	1500	0.00439481813126912
1.46599999999995	252.696021710336	5.03652815573486	1500	0.00482713605988161
1.46699999999995	242.624599383562	0.614524768129377	1500	0.00376933854295544
1.46799999999995	243.184648860462	-1.7665044361701	1500	0.00519935080430845
1.46899999999995	245.545333577217	-2.68590240132417	1500	0.00549471440033666
1.46999999999995	256.28533578426	-0.0626064998206888	1500	0.00522537528685681
1.47099999999995	253.001174184508	2.41352016994724	1500	0.00618226418669646
1.47199999999995	244.304518783301	0.42137040285429	1500	0.00522159678501767
1.47299999999995	243.506965057299	-2.93280900333465	1500	0.00576483490528491
1.47399999999995	244.612085314863	-3.53372250657855	1500	0.00485796929978335
1.47499999999995	256.986016706373	-1.47598057232325	1500	0.00443673090089239
1.47599999999995	252.550638605337	4.69562718043286	1500	0.00482713523994451
1.47699999999995	242.46577843003	0.262718863148738	1500	0.00375833995153032
1.47799999999995	243.040350323789	-2.07459416308326	1500	0.0051865969158041
1.47899999999995	245.391997242386	-3.65962885529908	1500	0.00548863290572564
1.47999999999995	256.124395978864	-0.951300859920482	1500	0.00523965065824876
1.48099999999995	252.792429172902	3.41301374154548	1500	0.00614313230009793
1.48199999999995	244.190402312835	0.97946181389603	1500	0.00521405607060368
1.48299999999995	243.576616431792	-3.16441639393532	1500	0.00579078156256817
1.48399999999995	244.719200178367	-3.72476874113764	1500	0.00484825556680832
1.48499999999995	257.223092890078	1.21159198638124	1500	0.00441320743880097
1.48599999999995	252.650520622701	5.46273030499249	1500	0.00483164180749441
1.48699999999995	242.620421386763	0.503276392818936	1500	0.00377960924425795
1.48799999999995	243.190488547036	-2.36094031574918	1500	0.00518475519314233
1.48899999999995	245.550369078224	-2.18589296292011	1500	0.00549405740691049
1.48999999999995	256.358306680505	-1.63831385849697	1500	0.00523775322040595
1.49099999999995	253.017277739714	2.81852810720217	1500	0.00618451835343336
1.49199999999995	244.278591257283	0.723191363664079	1500	0.00520472529514548
1.49299999999995	243.51309327095	-2.73782319649986	1500	0.00576542181642519
1.49399999999995	244.656232766196	-4.08669770615277	1500	0.00482705110757208
1.49499999999995	256.992574596902	0.47162921860269	1500	0.00443173565937728
1.49599999999995	252.505650669267	3.76616995482591	1500	0.00482139466632485
1.49699999999995	242.458805122259	0.31524385853066	1500	0.00376502077632025
1.49799999999995	243.057728268457	-2.51442179858942	1500	0.0051835995230509
1.49899999999995	245.36008563537	-3.28361283490878	1500	0.0054927576837559
1.49999999999995	256.026807642662	-1.53544251707963	1500	0.00525182505452937
1.50099999999995	252.807757496864	3.68451664419857	1500	0.00617631303202478
1.50199999999995	244.151346423073	0.83168320037481	1500	0.00520831815887132
1.50299999999995	243.613798656168	-2.7175466225677	1500	0.00578256831557752
1.50399999999995	244.677853200937	-3.55799491611651	1500	0.00484441178939638
1.50499999999995	257.128866502996	0.990622790116587	1500	0.00439481801906629
1.50599999999994	252.695889114246	5.03652725887493	1500	0.00482713608621401
1.50699999999994	242.624138227851	0.614524110972608	1500	0.00376933852639113
1.50799999999994	243.183454786517	-1.76650494854977	1500	0.00519935077533939
1.50899999999994	245.54429302391	-2.68590346794188	1500	0.00549471436781505
1.50999999999994	256.283689808811	-0.0626069827185127	1500	0.00522537524854009
1.51099999999994	252.998528908787	2.41351937549025	1500	0.00618226422122467
1.51199999999994	244.299545486896	0.421369817609406	1500	0.00522159675135629
1.51299999999994	243.505845416248	-2.93280943923536	1500	0.0057648348868786
1.51399999999994	244.61127772882	-3.53372336040551	1500	0.00485796937220028
1.51499999999994	256.986017504094	-1.47598085186351	1500	0.00443673085979526
1.51599999999994	252.550638270258	4.6956260806455	1500	0.00482713528443502
1.51699999999994	242.465779470418	0.262718356184404	1500	0.00375833992065969
1.51799999999994	243.040358489629	-2.07459385987735	1500	0.00518659690086023
1.51899999999994	245.392099346919	-3.65962970562019	1500	0.00548863290504466
1.51999999999994	256.124758887529	-0.951301372766108	1500	0.00523965060932177
1.52099999999994	252.792559307195	3.41301282831364	1500	0.00614313228865426
1.52199999999994	244.190613255836	0.979460961646313	1500	0.00521405608008102
1.52299999999994	243.577367382	-3.16441685347153	1500	0.00579078156518003
1.52399999999994	244.719871306342	-3.72476958986531	1500	0.00484825554380363
1.52499999999994	257.223175311355	1.21159145349905	1500	0.00441320744443343
1.52599999999994	252.650602078562	5.46272920356472	1500	0.0048316418306737
1.52699999999994	242.620451537935	0.503275565129283	1500	0.00377960923410739
1.52799999999994	243.190488985429	-2.36094045736213	1500	0.00518475517802699
1.52899999999994	245.550375919119	-2.18589353525642	1500	0.00549405741038469
1.52999999999994	256.358305991167	-1.63831392094015	1500	0.0052377531595669
1.53099999999994	253.017274460992	2.81852731981407	1500	0.00618451834634733
1.53199999999994	244.278590242028	0.72319088206248	1500	0.0052047252635322
1.53299999999994	243.513091754398	-2.73782341767113	1500	0.00576542178768632
1.53399999999994	244.656232298897	-4.08669861691011	1500	0.0048270510969901
1.53499999999994	256.992574682927	0.471629365709017	1500	0.00443173566848887
1.53599999999994	252.505651114978	3.76616885389487	1500	0.00482139467060628
1.53699999999994	242.458805087741	0.31524322379431	1500	0.00376502075728824
1.53799999999994	243.057728035587	-2.51442252908017	1500	0.00518359951040506
1.53899999999994	245.360085358825	-3.28361391980678	1500	0.00549275768939341
1.53999999999994	256.026806626971	-1.535443132232	1500	0.00525182497146684
1.54099999999994	252.807754876248	3.6845157745537	1500	0.00617631309310257
1.54199999999994	244.151342625395	0.831682580297576	1500	0.00520831810298572
1.54299999999994	243.613796236088	-2.71754668729711	1500	0.00578256830838413
1.54399999999994	244.677853096117	-3.55799607747425	1500	0.00484441180431637
1.54499999999994	257.128851830356	0.990621950022123	1500	0.00439481792166327
1.54599999999994	252.69575894666	5.03652647261056	1500	0.00482713610868153
1.54699999999994	242.623742085751	0.614523533474125	1500	0.00376933851241796
1.54799999999994	243.182069927829	-1.76650540048308	1500	0.00519935074983771
1.54899999999994	245.543247602722	-2.68590440442472	1500	0.00549471433949552
1.54999999999994	256.28276868393	-0.062607415321396	1500	0.0052253752154189
1.55099999999994	252.994540273877	2.41351867564127	1500	0.0061822642511892
1.55199999999994	244.292263102499	0.421369299462957	1500	0.00522159672203339
1.55299999999994	243.505852322379	-2.93280982622673	1500	0.00576483487073769
1.55399999999994	244.611275149384	-3.53372411042768	1500	0.00485796943560578
1.55499999999994	256.98601805479	-1.47598110716332	1500	0.00443673082257154
1.55599999999994	252.55063788426	4.69562511415255	1500	0.00482713532367956
1.55699999999994	242.465781244514	0.262717908913194	1500	0.0037583398932444
1.55799999999994	243.040379898495	-2.07459359886976	1500	0.00518659688757743
1.55899999999994	245.392223151724	-3.65963045213328	1500	0.00548863290494175
1.55999999999994	256.124832690545	-0.951301832962976	1500	0.00523965056651705
1.56099999999994	252.792776221036	3.41301202877005	1500	0.00614313227872839
1.56199999999994	244.190760846715	0.979460214789453	1500	0.00521405608838591
1.56299999999994	243.577589103731	-3.16441725288434	1500	0.00579078156690642
1.56399999999994	244.720403484205	-3.72477033118563	1500	0.00484825552450396
1.56499999999994	257.22351914259	1.2115909820145	1500	0.00441320745008583
1.56599999999994	252.65072877419	5.46272823786774	1500	0.0048316418505627
1.56699999999994	242.62045307148	0.503274839057324	1500	0.00377960922560082
1.56799999999994	243.190490417752	-2.36094058363212	1500	0.00518475516477686
1.56899999999994	245.550377006978	-2.18589403665901	1500	0.00549405741365651
1.56999999999994	256.358306525357	-1.63831398130558	1500	0.00523775310695243
1.57099999999994	253.017274282143	2.81852662604553	1500	0.00618451834006174
1.57199999999994	244.278487652605	0.723190455015784	1500	0.00520472523605356
1.57299999999994	243.513092703658	-2.73782361813516	1500	0.00576542176257776
1.57399999999994	244.656232854562	-4.08669941663021	1500	0.00482705108780393
1.57499999999994	256.992574849515	0.471629486908133	1500	0.00443173567574748
1.57599999999994	252.505651662557	3.76616788770704	1500	0.00482139467476758
1.57699999999994	242.458805754791	0.315242664531474	1500	0.00376502074041356
1.57799999999994	243.057729235647	-2.51442317096711	1500	0.00518359949907704
1.57899999999994	245.360086245934	-3.28361486736976	1500	0.00549275769485009
1.57999999999994	256.026806965381	-1.53544367521248	1500	0.00525182489830177
1.58099999999994	252.807754524556	3.68451501189516	1500	0.0061763131466397
1.58199999999994	244.151336656926	0.831682036156646	1500	0.00520831805415124
1.58299999999994	243.613716923108	-2.71754674466669	1500	0.00578256830177288
1.58399999999994	244.67726188927	-3.55799709118748	1500	0.00484441181779832
1.58499999999994	257.127988391971	0.990621213715067	1500	0.00439481783703956
1.58599999999994	252.693383428751	5.03652578349814	1500	0.00482713612798965
1.58699999999994	242.619725874288	0.614523026286388	1500	0.00376933850056242
1.58799999999994	243.180004114969	-1.76650579855823	1500	0.0051993507274516
1.58899999999994	245.537448321234	-2.68590522616009	1500	0.00549471431481631
1.58999999999994	256.275057481843	-0.0626078013744303	1500	0.00522537518681863
1.59099999999994	252.991776235355	2.41351805963848	1500	0.0061822642773298
1.59199999999994	244.29226397977	0.421368841421243	1500	0.00522159669649006
1.59299999999994	243.505854262361	-2.93281016913982	1500	0.00576483485658314
1.59399999999994	244.611281076552	-3.53372476873124	1500	0.00485796949093462
1.59499999999994	256.986038272772	-1.47598133866147	1500	0.00443673078894867
1.59599999999994	252.550649094559	4.69562426537784	1500	0.00482713535831658
1.59699999999993	242.465781533925	0.2627175146312	1500	0.00375833986882308
1.59799999999993	243.040380508577	-2.07459337390812	1500	0.00518659687573898
1.59899999999993	245.392222617893	-3.65963110681877	1500	0.00548863290511999
1.59999999999993	256.124831403801	-0.951302245107268	1500	0.0052396505277528
1.60099999999993	252.792775462998	3.41301132886455	1500	0.00614313227010477
1.60199999999993	244.190761432971	0.979459560467695	1500	0.00521405609551596
1.60299999999993	243.577590343493	-3.16441760030138	1500	0.00579078156792477
1.60399999999993	244.720388313918	-3.72477097851545	1500	0.00484825550828042
1.60499999999993	257.223022692861	1.21159056559934	1500	0.00441320745569391
1.60599999999993	252.648673815525	5.46272739178693	1500	0.00483164186747997
1.60699999999993	242.616090696449	0.50327420227937	1500	0.00377960921843099
1.60799999999993	243.185683148366	-2.36094069595282	1500	0.00518475515314941
1.60899999999993	245.543900394822	-2.18589447577644	1500	0.00549405741657607
1.60999999999993	256.347853166253	-1.63831403817182	1500	0.00523775306115818
1.61099999999993	253.006638409378	2.81852601568695	1500	0.00618451833439992
1.61199999999993	244.265112857763	0.723190077133363	1500	0.00520472521218595
1.61299999999993	243.509576338194	-2.73782379887735	1500	0.00576542174062761
1.61399999999993	244.656233227667	-4.08670011824342	1500	0.00482705107986298
1.61499999999993	256.992574880627	0.47162958740191	1500	0.00443173568151629
1.61599999999993	252.505652109258	3.76616704056566	1500	0.00482139467858173
1.61699999999993	242.458806272905	0.315242172410083	1500	0.00376502072554857
1.61799999999993	243.057729900897	-2.51442373461226	1500	0.00518359948890582
1.61899999999993	245.360086410872	-3.28361569492518	1500	0.00549275769994601
1.61999999999993	256.026806600066	-1.53544415369757	1500	0.0052518248339135
1.62099999999993	252.807753652601	3.68451434351287	1500	0.00617631319348329
1.62199999999993	244.151336391819	0.831681559120836	1500	0.0052083180114279
1.62299999999993	243.613717350143	-2.71754679561767	1500	0.00578256829551372
1.62399999999993	244.677246405782	-3.55799797610279	1500	0.00484441182990681
1.62499999999993	257.127491323393	0.990620568537117	1500	0.00439481776345268
1.62599999999993	252.69133564683	5.03652517979238	1500	0.0048271361447006
1.62699999999993	242.615369848232	0.61452258117698	1500	0.00376933849058649
1.62799999999993	243.175203616732	-1.7665061489846	1500	0.00519935070778804
1.62899999999993	245.530975664618	-2.68590594688564	1500	0.00549471429322812
1.62999999999993	256.264635163738	-0.0626081450332086	1500	0.00522537516209507
1.63099999999993	252.981225733085	2.41351751802295	1500	0.00618226430005135
1.63199999999993	244.278821156733	0.421368437105632	1500	0.00522159667426571
1.63299999999993	243.502371676917	-2.9328104724039	1500	0.00576483484422165
1.63399999999993	244.611281681092	-3.5337253461899	1500	0.00485796953932008
1.63499999999993	256.986038738644	-1.47598154755209	1500	0.00443673075867644
1.63599999999993	252.550648577739	4.69562352056671	1500	0.00482713538877892
1.63699999999993	242.465781720213	0.262717167599394	1500	0.00375833984723254
1.63799999999993	243.040380637128	-2.07459317966365	1500	0.00518659686524251
1.63899999999993	245.39222202837	-3.6596316808727	1500	0.00548863290552327
1.63999999999993	256.124830276341	-0.951302612775408	1500	0.00523965049295243
1.64099999999993	252.792774480115	3.41301071639992	1500	0.00614313226254211
1.64199999999993	244.190760204952	0.979458987528627	1500	0.00521405610166159
1.64299999999993	243.577590493963	-3.16441790250802	1500	0.00579078156849041
1.64399999999993	244.720388645567	-3.72477154382125	1500	0.00484825549468869
1.64499999999993	257.223022976372	1.21159019844492	1500	0.00441320746114016
1.64599999999993	252.648674193037	5.46272665061924	1500	0.00483164188208641
1.64699999999993	242.616091686658	0.503273644261112	1500	0.0037796092123707
1.64799999999993	243.185683864458	-2.36094079557073	1500	0.00518475514295684
1.64899999999993	245.543900859418	-2.18589486011165	1500	0.0054940574192382
1.64999999999993	256.347853570737	-1.63831409130507	1500	0.00523775302147617
1.65099999999993	253.006638283139	2.81852547900812	1500	0.0061845183293747
1.65199999999993	244.265113027442	0.723189743223667	1500	0.00520472519144767
1.65299999999993	243.509570673905	-2.73782396113064	1500	0.00576542172149897
1.65399999999993	244.656233715528	-4.08670073355021	1500	0.00482705107300826
1.65499999999993	256.992575012666	0.471629670735793	1500	0.00443173568613838
1.65599999999993	252.505652839372	3.7661662979925	1500	0.00482139468216112
1.65699999999993	242.458807573675	0.315241739668156	1500	0.00376502071242341
1.65799999999993	243.057730799074	-2.5144242291399	1500	0.00518359947991876
1.65899999999993	245.360086446517	-3.28361641759533	1500	0.0054927577046888
1.65999999999993	256.02679801949	-1.53544457516846	1500	0.00525182477740827
1.66099999999993	252.807746103621	3.68451375796586	1500	0.00617631323452115
1.66199999999993	244.151332340516	0.831681140857572	1500	0.00520831797406159
1.66299999999993	243.613718045402	-2.71754684048092	1500	0.00578256828991071
1.66399999999993	244.67724711464	-3.55799874858553	1500	0.00484441184076323
1.66499999999993	257.127491196629	0.990620003612769	1500	0.00439481769940606
1.66599999999993	252.691326430292	5.03652465110348	1500	0.00482713615912287
1.66699999999993	242.615370629977	0.614522190635418	1500	0.00376933848202154
1.66799999999993	243.175196923992	-1.766506457115	1500	0.00519935069055212
1.66899999999993	245.530976452478	-2.68590657854617	1500	0.00549471427446381
1.66999999999993	256.264635900492	-0.0626084500809015	1500	0.00522537514061471
1.67099999999993	252.981227049203	2.41351704207623	1500	0.00618226431996122
1.67199999999993	244.278825001528	0.421368080630573	1500	0.00522159665486561
1.67299999999993	243.502372141283	-2.93281074021904	1500	0.0057648348333542
1.67399999999993	244.611282177138	-3.53372585247799	1500	0.00485796958156402
1.67499999999993	256.98603926759	-1.47598173518938	1500	0.00443673073155125
1.67599999999993	252.550648420112	4.69562286724786	1500	0.0048271354156366
1.67699999999993	242.465782508189	0.262716862338604	1500	0.00375833982808388
1.67799999999993	243.040381461658	-2.07459301179692	1500	0.00518659685594326
1.67899999999993	245.392222466441	-3.65963218392392	1500	0.0054886329060773
1.67999999999993	256.124830467599	-0.951302940092217	1500	0.00523965046184965
1.68099999999993	252.792773926511	3.41301018061522	1500	0.00614313225597377
1.68199999999993	244.19075808855	0.979458485846701	1500	0.0052140561069478
1.68299999999993	243.577591463716	-3.16441816559156	1500	0.0057907815686822
1.68399999999993	244.720388979027	-3.72477203752681	1500	0.00484825548319194
1.68499999999993	257.223023362752	1.21158987504776	1500	0.00441320746621747
1.68599999999993	252.648674641056	5.46272600174641	1500	0.00483164189457643
1.68699999999993	242.616092678149	0.503273155307855	1500	0.00377960920725985
1.68799999999992	243.18568466044	-2.36094088374841	1500	0.00518475513403126
1.68899999999992	245.543901770706	-2.18589519642561	1500	0.00549405742169076
1.68999999999992	256.347854999058	-1.63831414022627	1500	0.00523775298701863
1.69099999999992	253.006638827253	2.81852500759052	1500	0.00618451832485558
1.69199999999992	244.265114062035	0.723189448514016	1500	0.00520472517347865
1.69299999999992	243.509571611437	-2.73782410626076	1500	0.00576542170483949
1.69399999999992	244.656234683529	-4.08670127285645	1500	0.00482705106704952
1.69499999999992	256.992575344654	0.471629740387388	1500	0.0044317356898576
1.69599999999992	252.505653405068	3.76616564751261	1500	0.00482139468540335
1.69699999999992	242.458809196257	0.315241359455884	1500	0.00376502070084256
1.69799999999992	243.057731962	-2.51442466283689	1500	0.00518359947189372
1.69899999999992	245.360087376888	-3.28361704867063	1500	0.00549275770910918
1.69999999999992	256.026801830393	-1.53544494573178	1500	0.00525182472773925
1.70099999999992	252.807745948085	3.68451324541806	1500	0.00617631327031473
1.70199999999992	244.151332803758	0.831680774480967	1500	0.00520831794144437
1.70299999999992	243.613718656614	-2.71754688014871	1500	0.00578256828474942
1.70399999999992	244.677247752276	-3.55799942288684	1500	0.00484441185047998
1.70499999999992	257.127491423059	0.990619509083353	1500	0.00439481764369332
1.70599999999992	252.691326463454	5.03652418853129	1500	0.00482713617143024
1.70699999999992	242.615371196421	0.614521848409619	1500	0.00376933847469521
1.70799999999992	243.175197320092	-1.76650672791387	1500	0.00519935067535937
1.70899999999992	245.530976962138	-2.68590713202097	1500	0.00549471425808261
1.70999999999992	256.264636235359	-0.0626087202771603	1500	0.0052253751219578
1.71099999999992	252.98122728553	2.41351662445346	1500	0.0061822643371461
1.71199999999992	244.278825315327	0.42136776675167	1500	0.00522159663799385
1.71299999999992	243.502372582829	-2.93281097641403	1500	0.00576483482381985
1.71399999999992	244.611282740703	-3.53372629611709	1500	0.00485796961850194
1.71499999999992	256.986039801746	-1.47598190288212	1500	0.0044367307074004
1.71599999999992	252.55064826058	4.6956222946592	1500	0.00482713543919581
1.71699999999992	242.465783268395	0.262716594181586	1500	0.00375833981119339
1.71799999999992	243.040382146545	-2.07459286647566	1500	0.00518659684776346
1.71899999999992	245.392222763721	-3.65963262451962	1500	0.00548863290672961
1.71999999999992	256.124830432391	-0.951303230615928	1500	0.00523965043398672
1.72099999999992	252.79277167471	3.41300971209226	1500	0.00614313225020935
1.72199999999992	244.190755776395	0.979458046861935	1500	0.00521405611144841
1.72299999999992	243.577588981505	-3.16441839465945	1500	0.00579078156860747
1.72399999999992	244.72035353454	-3.72477246858404	1500	0.00484825547352985
1.72499999999992	257.223015529573	1.21158959055109	1500	0.00441320747096943
1.72599999999992	252.648721064563	5.46272543383164	1500	0.00483164190532745
1.72699999999992	242.616019566758	0.50327272725072	1500	0.00377960920290561
1.72799999999992	243.185683618654	-2.36094096166122	1500	0.00518475512617498
1.72899999999992	245.543891555498	-2.18589549060399	1500	0.00549405742390257
1.72999999999992	256.347855287075	-1.63831418478867	1500	0.00523775295697581
1.73099999999992	253.006638654597	2.81852459382564	1500	0.00618451832083436
1.73199999999992	244.265113942648	0.723189188910731	1500	0.00520472515778204
1.73299999999992	243.509572261001	-2.73782423569073	1500	0.00576542169022542
1.73399999999992	244.656235047849	-4.08670174535284	1500	0.0048270510618402
1.73499999999992	256.99257545716	0.471629798581302	1500	0.00443173569285112
1.73599999999992	252.505653830923	3.76616507791112	1500	0.0048213946882936
1.73699999999992	242.458811640132	0.315241025695296	1500	0.00376502069062366
1.73799999999992	243.057732710563	-2.51442504297883	1500	0.00518359946480044
1.73899999999992	245.360087963178	-3.2836175996694	1500	0.00549275771315429
1.73999999999992	256.026802085267	-1.5354452713524	1500	0.00525182468409811
1.74099999999992	252.807745545961	3.68451279673456	1500	0.00617631330166606
1.74199999999992	244.151314478018	0.831680453634062	1500	0.00520831791286803
1.74299999999992	243.613765581201	-2.71754691509077	1500	0.00578256828005171
1.74399999999992	244.676941414588	-3.55800001150482	1500	0.00484441185913623
1.74499999999992	257.126801269426	0.990619076269834	1500	0.00439481759519611
1.74599999999992	252.689435055627	5.03652378371179	1500	0.00482713618208558
1.74699999999992	242.613636046733	0.614521548484715	1500	0.00376933846848254
1.74799999999992	243.173516988452	-1.76650696555911	1500	0.00519935066216095
1.74899999999992	245.528486059462	-2.68590761681408	1500	0.00549471424372022
1.74999999999992	256.262923380541	-0.0626089592949386	1500	0.00522537510580216
1.75099999999992	252.981227432504	2.41351625796348	1500	0.00618226435220952
1.75199999999992	244.278826125182	0.421367490658679	1500	0.00522159662328295
1.75299999999992	243.502373174354	-2.9328111842912	1500	0.0057648348155662
1.75399999999992	244.611283127341	-3.5337266847246	1500	0.0048579696507708
1.75499999999992	256.986040207277	-1.47598205255849	1500	0.0044367306858701
1.75599999999992	252.55064814342	4.69562179291589	1500	0.00482713545989899
1.75699999999992	242.465783901785	0.262716358680075	1500	0.00375833979621093
1.75799999999992	243.040422054875	-2.07459274070301	1500	0.00518659684049423
1.75899999999992	245.392479519	-3.65963301031162	1500	0.00548863290744743
1.75999999999992	256.124851364149	-0.951303488072256	1500	0.00523965040898114
1.76099999999992	252.794163753968	3.41300930239432	1500	0.00614313224522994
1.76199999999992	244.191465617634	0.979457662807355	1500	0.00521405611533783
1.76299999999992	243.577962336448	-3.164418594175	1500	0.00579078156832214
1.76399999999992	244.721480650933	-3.72477284498461	1500	0.00484825546526851
1.76499999999992	257.227027211497	1.21158934058426	1500	0.00441320747529904
1.76599999999992	252.647108723389	5.46272493687225	1500	0.00483164191462849
1.76699999999992	242.614295236153	0.503272352523709	1500	0.00377960919923653
1.76799999999992	243.184013854304	-2.36094103045384	1500	0.0051847551192555
1.76899999999992	245.541421782555	-2.18589574794227	1500	0.00549405742579559
1.76999999999992	256.346145845415	-1.63831422527218	1500	0.00523775293095197
1.77099999999992	253.006638642419	2.81852423083853	1500	0.00618451831727017
1.77199999999992	244.265114769294	0.723188960319266	1500	0.00520472514411851
1.77299999999992	243.509572825718	-2.73782435080825	1500	0.00576542167749302
1.77399999999992	244.656248687061	-4.08670215914917	1500	0.00482705105738939
1.77499999999992	256.992575559927	0.471629847586038	1500	0.00443173569527555
1.77599999999992	252.505654164071	3.76616457932519	1500	0.00482139469093069
1.77699999999992	242.458812026979	0.315240732896631	1500	0.00376502068164462
1.77799999999991	243.057733370539	-2.51442537598866	1500	0.00518359945852879
1.77899999999991	245.360088400865	-3.28361808082662	1500	0.00549275771684589
1.77999999999991	256.026802251048	-1.53544555729353	1500	0.00525182464591748
1.78099999999991	252.807745410816	3.68451240403955	1500	0.00617631332912525
1.78199999999991	244.151314821374	0.83168017272534	1500	0.00520831788786126
1.78299999999991	243.613765850125	-2.71754694584839	1500	0.00578256827580641
1.78399999999991	244.676935640766	-3.55800052536995	1500	0.00484441186676742
1.78499999999991	257.126702525085	0.990618697626372	1500	0.0043948175529678
1.78599999999991	252.689241027751	5.03652342943477	1500	0.00482713619141869
1.78699999999991	242.613515221084	0.614521285730083	1500	0.00376933846316682
1.78799999999991	243.173115585337	-1.76650717424109	1500	0.00519935065053675
1.78899999999991	245.527963439876	-2.68590804126778	1500	0.00549471423130847
1.78999999999991	256.262923653524	-0.0626091703776167	1500	0.00522537509175105
1.79099999999991	252.981172573247	2.41351593658006	1500	0.0061822643653323
1.79199999999991	244.278708902221	0.421367247910443	1500	0.00522159661042815
1.79299999999991	243.502373485535	-2.93281136731506	1500	0.00576483480823531
1.79399999999991	244.611283457804	-3.53372702505201	1500	0.00485796967888543
1.79499999999991	256.986040555147	-1.47598218565183	1500	0.00443673066672929
1.79599999999991	252.550648035387	4.6956213534364	1500	0.0048271354781023
1.79699999999991	242.465784415406	0.262716152008064	1500	0.003758339783077
1.79799999999991	243.040422607363	-2.07459263162539	1500	0.0051865968341343
1.79899999999991	245.392479775397	-3.65963334812507	1500	0.00548863290804512
1.79999999999991	256.124851429115	-0.951303715998547	1500	0.00523965038655501
1.80099999999991	252.794163691168	3.41300894425724	1500	0.00614313224075723
1.80199999999991	244.191465419351	0.97945732668617	1500	0.00521405611864498
1.80299999999991	243.577962853241	-3.16441876794794	1500	0.00579078156796126
1.80399999999991	244.721480728309	-3.72477317374548	1500	0.00484825545822557
1.80499999999991	257.227027250559	1.21158912090515	1500	0.00441320747935483
1.80599999999991	252.647108879691	5.46272450209264	1500	0.00483164192266945
1.80699999999991	242.614295704847	0.503272024544446	1500	0.00377960919609167
1.80799999999991	243.184014359732	-2.36094109098572	1500	0.00518475511325346
1.80899999999991	245.54142209514	-2.18589597301735	1500	0.00549405742752233
1.80999999999991	256.346145995747	-1.63831426170768	1500	0.0052377529081911
1.81099999999991	253.006638569395	2.81852391256168	1500	0.00618451831413093
1.81199999999991	244.265114702187	0.723188759240801	1500	0.00520472513229456
1.81299999999991	243.509573323814	-2.73782445299953	1500	0.00576542166635761
1.81399999999991	244.656248973144	-4.08670252143811	1500	0.00482705105348603
1.81499999999991	256.992575668361	0.47162988873976	1500	0.00443173569723537
1.81599999999991	252.505654494737	3.76616414294223	1500	0.0048213946933225
1.81699999999991	242.458812398742	0.315240476135624	1500	0.00376502067368576
1.81799999999991	243.057733948968	-2.51442566773601	1500	0.00518359945297275
1.81899999999991	245.360088863902	-3.2836185009119	1500	0.00549275772022888
1.81999999999991	256.026802452398	-1.53544580829797	1500	0.00525182461242134
1.82099999999991	252.807745302749	3.68451206048211	1500	0.00617631335316332
1.82199999999991	244.151315174072	0.831679926863383	1500	0.00520831786605558
1.82299999999991	243.613766346145	-2.71754697283016	1500	0.00578256827206658
1.82399999999991	244.676936104684	-3.55800097395378	1500	0.00484441187356625
1.82499999999991	257.126702889941	0.990618366458739	1500	0.00439481751622123
1.82599999999991	252.689241142251	5.0365231197157	1500	0.00482713619942965
1.82699999999991	242.613515696708	0.614521055632356	1500	0.00376933845860423
1.82799999999991	243.173115849514	-1.76650735723753	1500	0.00519935064033325
1.82899999999991	245.527963817969	-2.68590841281685	1500	0.00549471422039303
1.82999999999991	256.262923938194	-0.0626093562815853	1500	0.00522537507946295
1.83099999999991	252.981172882382	2.41351565487288	1500	0.00618226437688018
1.83199999999991	244.278709136032	0.421367034734812	1500	0.00522159659925564
1.83299999999991	243.502373759696	-2.93281152813264	1500	0.00576483480187457
1.83399999999991	244.611283761384	-3.53372732275624	1500	0.00485796970354066
1.83499999999991	256.986040868395	-1.47598230367925	1500	0.00443673064976708
1.83599999999991	252.550647934416	4.69562096873171	1500	0.004827135494035
1.83699999999991	242.465784867541	0.262715970805378	1500	0.00375833977149462
1.83799999999991	243.040423077328	-2.074592536901	1500	0.00518659682855148
1.83899999999991	245.392480012095	-3.65963364342545	1500	0.00548863290879348
1.83999999999991	256.124851513586	-0.951303917635482	1500	0.00523965036561041
1.84099999999991	252.794163888587	3.41300863117231	1500	0.0061431322368714
1.84199999999991	244.191469531189	0.979457032773449	1500	0.00521405612130968
1.84299999999991	243.57799445985	-3.16441891943361	1500	0.00579078156750016
1.84399999999991	244.72156265746	-3.72477346054696	1500	0.00484825545241285
1.84499999999991	257.227033615239	1.21158892842033	1500	0.00441320748304184
1.84599999999991	252.647267623215	5.46272412193041	1500	0.00483164192961618
1.84699999999991	242.61439427729	0.503271737618686	1500	0.00377960919338857
1.84799999999991	243.183895742974	-2.36094114422192	1500	0.00518475510799006
1.84899999999991	245.541331997889	-2.18589616956237	1500	0.00549405742917256
1.84999999999991	256.346367608037	-1.6383142941983	1500	0.00523775288843177
1.85099999999991	253.006581551479	2.81852363368219	1500	0.0061845183113313
1.85199999999991	244.264997898481	0.723188582564265	1500	0.00520472512193301
1.85299999999991	243.509573699126	-2.73782454345897	1500	0.00576542165669611
1.85399999999991	244.65624910008	-4.08670283849808	1500	0.00482705105015607
1.85499999999991	256.992575560187	0.471629923715641	1500	0.00443173569885564
1.85599999999991	252.505654667628	3.76616376131141	1500	0.00482139469545838
1.85699999999991	242.458812575652	0.315240251075725	1500	0.00376502066672618
1.85799999999991	243.05773394921	-2.51442592308213	1500	0.00518359944805818
1.85899999999991	245.360088868577	-3.28361886773199	1500	0.00549275772324966
1.85999999999991	256.026802287348	-1.5354460283053	1500	0.00525182458304972
1.86099999999991	252.807743652489	3.68451176019114	1500	0.00617631337410289
1.86199999999991	244.151308589505	0.831679711809328	1500	0.00520831784691884
1.86299999999991	243.613734732113	-2.71754699661248	1500	0.00578256826858297
1.86399999999991	244.676882929785	-3.55800136557868	1500	0.00484441187960732
1.86499999999991	257.126606029341	0.990618076922658	1500	0.00439481748416492
1.86599999999991	252.688934962125	5.03652284885826	1500	0.00482713620637677
1.86699999999991	242.613315968784	0.614520854301078	1500	0.00376933845469792
1.86799999999991	243.172733642285	-1.76650751767025	1500	0.00519935063143182
1.8689999999999	245.527554227194	-2.68590873788266	1500	0.00549471421091899
1.8699999999999	256.262658994173	-0.0626095202098374	1500	0.00522537506891864
1.8709999999999	252.981172971066	2.4135154083664	1500	0.00618226438662779
1.8719999999999	244.278709195462	0.421366847664373	1500	0.00522159658948458
1.8729999999999	243.502373933883	-2.93281166938258	1500	0.0057648347962331
1.8739999999999	244.611283981225	-3.53372758324744	1500	0.00485796972511526
1.8749999999999	256.986040997699	-1.47598240807937	1500	0.00443673063474519
1.8759999999999	252.550647796953	4.69562063206384	1500	0.0048271355080311
1.8769999999999	242.465785308409	0.262715811976167	1500	0.00375833976123246
1.8779999999999	243.040423495514	-2.07459245472685	1500	0.00518659682358253
1.8789999999999	245.392480218923	-3.65963390188502	1500	0.00548863290952769
1.8799999999999	256.124851591417	-0.951304094989135	1500	0.0052396503483694
1.8809999999999	252.794163758536	3.41300835765541	1500	0.00614313223353865
1.8819999999999	244.191465658936	0.979456775848582	1500	0.00521405612382537
1.8829999999999	243.577963186671	-3.16441905138344	1500	0.00579078156706932
1.8839999999999	244.721509211302	-3.72477371105336	1500	0.00484825544732762
1.8849999999999	257.226936973487	1.21158875958581	1500	0.00441320748631323
1.8859999999999	252.64696268677	5.46272378953865	1500	0.00483164193559517
1.8869999999999	242.614195207067	0.503271486611175	1500	0.0037796091910895
1.8879999999999	243.183514881681	-2.36094119103588	1500	0.00518475510338548
1.8889999999999	245.540923306012	-2.18589634138453	1500	0.00549405743063476
1.8899999999999	256.346101529202	-1.63831432340995	1500	0.00523775287131564
1.8909999999999	253.006581582322	2.81852338930455	1500	0.00618451830895419
1.8919999999999	244.264998138086	0.723188427446374	1500	0.0052047251129512
1.8929999999999	243.509574068662	-2.73782462344907	1500	0.00576542164820659
1.8939999999999	244.656249309173	-4.08670311598817	1500	0.00482705104719905
1.8949999999999	256.992575632837	0.471629953210154	1500	0.00443173570013223
1.8959999999999	252.505654924438	3.76616342749154	1500	0.00482139469731599
1.8969999999999	242.458812866549	0.315240053867975	1500	0.00376502066059615
1.8979999999999	243.057734405835	-2.51442614656167	1500	0.00518359944375138
1.8989999999999	245.360089214768	-3.28361918799715	1500	0.00549275772593083
1.8999999999999	256.026802448032	-1.53544622105464	1500	0.00525182455728956
1.9009999999999	252.807743574322	3.68451149746349	1500	0.0061763133925211
1.9019999999999	244.151308833991	0.831679523639806	1500	0.00520831783029845
1.9029999999999	243.613735056352	-2.71754701727416	1500	0.00578256826562001
1.9039999999999	244.676883272086	-3.55800170736171	1500	0.00484441188493406
1.9049999999999	257.126606158088	0.990617823762088	1500	0.00439481745630705
1.9059999999999	252.688908524757	5.03652261211136	1500	0.0048271362123649
1.9069999999999	242.613093009256	0.614520678095687	1500	0.00376933845129363
1.9079999999999	243.17261145855	-1.76650765829317	1500	0.00519935062360482
1.9089999999999	245.527554509364	-2.68590902226993	1500	0.00549471420262318
1.9099999999999	256.2626591775	-0.0626096642334522	1500	0.00522537505960971
1.9109999999999	252.981173070841	2.4135151921549	1500	0.00618226439554619
1.9119999999999	244.278709347592	0.42136668349434	1500	0.0052215965809726
1.9129999999999	243.502306999162	-2.9328117932949	1500	0.00576483479141303
1.9139999999999	244.611284142029	-3.53372781125225	1500	0.00485796974389769
1.9149999999999	256.986041149408	-1.47598250052281	1500	0.00443673062148292
1.9159999999999	252.550647486376	4.69562033743852	1500	0.00482713552029213
1.9169999999999	242.465785403397	0.26271567282877	1500	0.00375833975229943
1.9179999999999	243.040423840757	-2.07459238329823	1500	0.00518659681925024
1.9189999999999	245.392480303753	-3.65963412792218	1500	0.00548863291010981
1.9199999999999	256.12485170725	-0.951304251652313	1500	0.00523965033207449
1.9209999999999	252.794163860561	3.41300811882686	1500	0.0061431322304004
1.9219999999999	244.191465946522	0.979456551102947	1500	0.00521405612584037
1.9229999999999	243.577944468834	-3.16441916649501	1500	0.00579078156649522
1.9239999999999	244.721509815479	-3.72477392972297	1500	0.00484825544304419
1.9249999999999	257.226937185511	1.21158861155481	1500	0.00441320748933444
1.9259999999999	252.646962903025	5.46272349885911	1500	0.00483164194084379
1.9269999999999	242.614195772828	0.503271267142574	1500	0.0037796091890812
1.9279999999999	243.183515320367	-2.36094123215741	1500	0.00518475509932099
1.9289999999999	245.540923579918	-2.18589649173592	1500	0.00549405743180824
1.9299999999999	256.346101691259	-1.63831434926228	1500	0.00523775285633524
1.9309999999999	253.006581509776	2.8185231755222	1500	0.00618451830665388
1.9319999999999	244.264998157992	0.723188291229526	1500	0.00520472510511037
1.9329999999999	243.509574383929	-2.7378246941374	1500	0.00576542164077707
1.9339999999999	244.656249464956	-4.08670335872998	1500	0.00482705104466161
1.9349999999999	256.992575673615	0.471629978324105	1500	0.00443173570126817
1.9359999999999	252.505655022764	3.76616313559899	1500	0.0048213946990202
1.9369999999999	242.458812429156	0.315239881159252	1500	0.00376502065520952
1.9379999999999	243.057733354967	-2.51442634213572	1500	0.00518359943990761
1.9389999999999	245.360089201935	-3.28361946765961	1500	0.00549275772838997
1.9399999999999	256.026801962393	-1.53544639009876	1500	0.00525182453479436
1.9409999999999	252.807741143853	3.68451126790926	1500	0.00617631340850961
1.9419999999999	244.151301128395	0.831679359164998	1500	0.00520831781570044
1.9429999999999	243.613735338509	-2.71754703554505	1500	0.00578256826287216
1.9439999999999	244.676883513514	-3.5580020059645	1500	0.00484441188951775
1.9449999999999	257.126606288299	0.990617602610683	1500	0.00439481743186572
1.9459999999999	252.688908605997	5.03652240511466	1500	0.00482713621764952
1.9469999999999	242.613093336567	0.614520523920405	1500	0.00376933844839342
1.9479999999999	243.17261165235	-1.76650778142382	1500	0.00519935061681938
1.9489999999999	245.527554833765	-2.68590927106997	1500	0.00549471419539332
1.9499999999999	256.262659384394	-0.0626097910112798	1500	0.00522537505164238
1.9509999999999	252.981173178367	2.41351500313373	1500	0.00618226440300875
1.9519999999999	244.278709558938	0.421366539706666	1500	0.0052215965735368
1.9529999999999	243.502307193086	-2.93281190198457	1500	0.00576483478713554
1.9539999999999	244.611284331745	-3.53372801071725	1500	0.004857969760293
1.9549999999999	256.986041349675	-1.47598258202088	1500	0.00443673060977858
1.9559999999999	252.550647426881	4.69562007970203	1500	0.00482713553105472
1.9569999999999	242.46578570219	0.262715550960257	1500	0.0037583397444163
1.9579999999999	243.040424162966	-2.07459232117963	1500	0.00518659681542613
1.9589999999999	245.392480470582	-3.65963432562136	1500	0.0054886329107403
1.95999999999989	256.124851767022	-0.951304389696943	1500	0.00523965031734082
1.96099999999989	252.794163903365	3.41300790996714	1500	0.00614313222776989
1.96199999999989	244.191466137497	0.979456354643876	1500	0.00521405612751375
1.96299999999989	243.577944840033	-3.1644192667455	1500	0.0057907815660833
1.96399999999989	244.721509959724	-3.72477412075968	1500	0.00484825543930899
1.96499999999989	257.226937342325	1.21158848182003	1500	0.0044132074920782
1.96599999999989	252.646963089636	5.46272324485816	1500	0.00483164194531524
1.96699999999989	242.614196192863	0.503271075217092	1500	0.00377960918741132
1.96799999999989	243.183515729017	-2.36094126819737	1500	0.00518475509581359
1.96899999999989	245.540923836315	-2.18589662285973	1500	0.00549405743298273
1.96999999999989	256.346101843811	-1.63831437212052	1500	0.00523775284326591
1.97099999999989	253.006581431686	2.81852298829734	1500	0.00618451830473309
1.97199999999989	244.2649981247	0.723188171968904	1500	0.00520472509825038
1.97299999999989	243.509574674831	-2.73782475619915	1500	0.00576542163446667
1.97399999999989	244.656249630761	-4.08670357095728	1500	0.00482705104250836
1.97499999999989	256.992575727179	0.471629999793786	1500	0.00443173570216172
1.97599999999989	252.505655201505	3.76616288048925	1500	0.00482139470052809
1.97699999999989	242.458812640185	0.315239730046415	1500	0.00376502065046487
1.97799999999989	243.05773361581	-2.51442651313643	1500	0.00518359943656158
1.97899999999989	245.360088726666	-3.28361971168145	1500	0.00549275773062065
1.97999999999989	256.02679649694	-1.53544653793487	1500	0.00525182451514776
1.98099999999989	252.807731871847	3.68451106722601	1500	0.00617631342254677
1.98199999999989	244.151288368336	0.831679215309091	1500	0.00520831780294792
1.98299999999989	243.613705091323	-2.71754705147459	1500	0.00578256826045185
1.98399999999989	244.676866357238	-3.55800226638136	1500	0.00484441189370731
1.98499999999989	257.126588964843	0.990617409289406	1500	0.00439481741067241
1.98599999999989	252.688829955618	5.03652222424316	1500	0.00482713622221999
1.98699999999989	242.612411466001	0.61452038906023	1500	0.00376933844589189
1.98799999999989	243.172611806983	-1.76650788925998	1500	0.00519935061085052
1.98899999999989	245.527555049263	-2.68590948858699	1500	0.0054947141890968
1.98999999999989	256.262659521468	-0.0626099022479894	1500	0.00522537504460464
1.99099999999989	252.981173255068	2.41351483764591	1500	0.00618226440961681
1.99199999999989	244.278694350674	0.421366413518367	1500	0.00522159656705159
1.99299999999989	243.502307350356	-2.93281199730879	1500	0.00576483478338306
1.99399999999989	244.611284495943	-3.53372818491015	1500	0.00485796977468956
1.99499999999989	256.986041523334	-1.4759826538208	1500	0.00443673059947791
1.99599999999989	252.550943826037	4.6956198543373	1500	0.00482713554045879
1.99699999999989	242.465997672071	0.262715444337069	1500	0.00375833973741496
1.99799999999989	243.040424442984	-2.07459226714019	1500	0.00518659681206935
1.99899999999989	245.392480612377	-3.65963449834037	1500	0.00548863291130504
2	256.124850781078	-0.95134306967702	1500	0.00523964916426768
