"Time [s]"	"CoreLoss [W]"	"Moving1.Torque [NewtonMeter]"	"Moving1.Speed [rpm]"	"SolidLoss [kW]"
0	0	0	1500	0
0.001	7.43125128211353	-3.55663728305387	1500	0.0492329381813242
0.002	7.4092637276704	-11.3414069534778	1500	0.189564790026801
0.003	10.2140612679553	-3.26243211453151	1500	0.381874645553842
0.004	15.3395181188314	31.9569022544992	1500	0.525089914192481
0.005	18.7438215682733	58.0858147442801	1500	0.564743409677209
0.006	19.1823833581208	26.4594915124899	1500	0.570186296167756
0.007	19.988828752493	-54.5116410069216	1500	0.701961300448348
0.008	23.5715215175822	-94.5483596026128	1500	0.946782457698191
0.009	26.6005108530138	-60.1375131044425	1500	1.12565565450838
0.01	28.9506996271547	14.0499574142374	1500	1.11912808741083
0.011	28.7579142467227	67.606986616164	1500	0.932689000413656
0.012	23.9483773905783	56.185948158129	1500	0.656993639789727
0.013	20.5975891029953	-11.2598462596719	1500	0.470925387053165
0.014	21.904342490508	-53.7111098215804	1500	0.417841316198448
0.015	23.4416607923094	-44.5416161382612	1500	0.392298282595117
0.016	21.2616173700525	-14.4918768725203	1500	0.318015110825611
0.017	16.0296257908087	2.97911602668592	1500	0.204559388290024
0.018	11.4701416885699	2.39460536515619	1500	0.105281230188559
0.019	10.0739595445981	-2.1572230051819	1500	0.048820097832362
0.02	11.0902297771714	-0.90498758227669	1500	0.0256648541468862
0.021	11.0885847996463	0.962145871548429	1500	0.0253423006489331
0.022	9.49012292985881	-0.473210041981802	1500	0.0531902721819711
0.023	10.8563980911404	1.37667141514459	1500	0.102966132534484
0.024	14.036475852107	12.1697651146896	1500	0.146104478414296
0.025	16.8231146379314	22.3137011209857	1500	0.156554603256044
0.026	16.1554960693327	14.0072445340099	1500	0.154132227833703
0.027	14.8232678106946	-11.9737104717301	1500	0.187319635910831
0.028	16.022329447572	-28.7626092479073	1500	0.267253602025085
0.029	20.2326316681959	-20.0822679804826	1500	0.341426332551125
0.03	22.200486806512	5.54011494312533	1500	0.35153429496307
0.031	21.1090088628014	22.2047702297783	1500	0.289830866262005
0.032	16.8545063420406	16.107436026351	1500	0.20257967879927
0.033	14.4835994183667	-8.74092534242957	1500	0.15014478284352
0.034	15.4996781002599	-24.3035128193148	1500	0.141903078970786
0.035	17.2642402553906	-20.2340733096946	1500	0.140878696214489
0.036	16.304027865893	-7.64639042508693	1500	0.116287244984715
0.037	13.5544749722127	-0.895987043460203	1500	0.0748791007659692
0.038	11.0255622935775	-1.46139099158019	1500	0.0381534680980478
0.039	10.8239977930874	-3.17670458999568	1500	0.0178663309036087
0.04	11.9531330208269	-1.6286996519821	1500	0.00913431212339008
0.041	11.9990048517722	0.61002208275364	1500	0.00649134289963587
0.042	10.7101513974429	0.858822269005696	1500	0.0125444586220506
0.043	11.1243725512616	1.35660010403728	1500	0.0275828765659503
0.044	13.0119341053326	5.12317887326527	1500	0.042235811939085
0.045	14.4238426025145	9.57552544909197	1500	0.0461973089318601
0.046	14.2081908850111	7.44764918760424	1500	0.0442322327488215
0.047	12.8149825511623	-1.51959996642033	1500	0.0537025044458411
0.048	13.131753802986	-8.46951647454577	1500	0.0805162205838684
0.049	15.4826059299056	-6.53009905960263	1500	0.107603164523287
0.05	17.0527615814164	1.56884965041752	1500	0.113283643312573
0.051	16.5365356311822	7.35504929821574	1500	0.0932982116422033
0.052	13.874606098989	4.28955638565822	1500	0.0642062743567431
0.053	12.6329014601879	-5.54522496024335	1500	0.0482180130337015
0.054	13.5104932641576	-11.5830404108382	1500	0.0486908746672606
0.055	15.046898265387	-9.42989409226443	1500	0.05092692212073
0.056	14.654259737418	-4.55953320062532	1500	0.0427436005458308
0.057	13.0920640506282	-1.73509334397982	1500	0.0273393045533261
0.058	11.6867304662495	-2.09938584402141	1500	0.0136485488894419
0.059	11.840760609279	-2.75343405507224	1500	0.0066306663240036
0.06	12.9221696799046	-1.64146829315203	1500	0.00374670985148074
0.061	12.8933301124066	0.0204941769562343	1500	0.00215408322488704
0.062	11.9990003933001	0.558161918359101	1500	0.00303939454289685
0.063	11.9916918441884	0.816737062441211	1500	0.00760457731846751
0.064	13.1520691005052	2.21620227142041	1500	0.0126926790207829
0.065	14.2702261343386	4.26222629116544	1500	0.0139578410644401
0.066	14.0742330343694	3.92609175667908	1500	0.012559099508982
0.067	13.0762236540472	0.683456478399483	1500	0.0148835603376785
0.068	12.9952369740825	-2.31934623886245	1500	0.0241233879191775
0.069	14.3616098466634	-2.22323318651023	1500	0.0343563892779812
0.07	15.5203084386629	0.586408987846681	1500	0.0370304765255761
0.071	15.1155198213027	2.31807424564124	1500	0.0302863642109967
0.0720000000000001	13.4664929304545	0.855049071759289	1500	0.0200598195785576
0.0730000000000001	12.6642891897239	-3.23795590494486	1500	0.015170019379972
0.0740000000000001	13.3234649800125	-5.74869864036104	1500	0.0167156675319456
0.0750000000000001	14.424821540178	-4.91722944402492	1500	0.0186417918215132
0.0760000000000001	14.2724173202753	-2.5482037504027	1500	0.015907194318786
0.0770000000000001	13.19907256506	-1.45617912075901	1500	0.00994779426779288
0.0780000000000001	12.3546479924573	-1.74325964949389	1500	0.00474456037235134
0.0790000000000001	12.6917093843313	-2.05557012381313	1500	0.00246404004879956
0.0800000000000001	13.5470628461664	-1.30625574026523	1500	0.00171672974588
0.0810000000000001	13.5452558639542	-0.250500314813732	1500	0.000995144756900827
0.0820000000000001	12.870737796826	0.209692482325164	1500	0.000854593403160922
0.0830000000000001	12.7512073063251	0.324154441819132	1500	0.00225056878910707
0.0840000000000001	13.5481881069306	0.930253137344337	1500	0.00409524270254904
0.0850000000000001	14.4441183834505	1.99114650739164	1500	0.0044636027891197
0.0860000000000001	14.3334626513183	2.03321803264347	1500	0.00350530956351443
0.0870000000000001	13.5546410874496	0.751893191153591	1500	0.00388880793407613
0.0880000000000001	13.399976216356	-0.625254176900468	1500	0.00717188697067844
0.0890000000000001	14.1931989493003	-0.813707763744769	1500	0.0112367419339024
0.0900000000000001	15.1046182293514	0.0855055928872242	1500	0.0125269218243863
0.0910000000000001	14.714879463646	0.778392529294933	1500	0.01001166630908
0.0920000000000001	13.5717217912263	0.0144880158282383	1500	0.00614184476156543
0.0930000000000001	13.0189819217581	-1.83881652245293	1500	0.00460585077286468
0.0940000000000001	13.4768970497633	-3.0109330827816	1500	0.00580411472037613
0.0950000000000001	14.3208089970443	-2.47528676659642	1500	0.00705207760274796
0.0960000000000001	14.1857341858685	-1.5504181352418	1500	0.0060808644763537
0.0970000000000001	13.4069034784375	-1.04656286920313	1500	0.00363706287566594
0.0980000000000001	12.8601820728697	-1.22502085799221	1500	0.0015928887080365
0.0990000000000001	13.2404077461488	-1.39296410098942	1500	0.00093041573466178
0.1	13.932703394157	-0.9712268855787	1500	0.000868473936359072
0.101	13.9452106772597	-0.295409963603132	1500	0.000585992227120808
0.102	13.3939752943287	0.0110500747559553	1500	0.000342407746963224
0.103	13.2586492603052	0.0981639699459938	1500	0.000763872401286101
0.104	13.8909729990089	0.347917268259802	1500	0.00148480144040648
0.105	14.6259055199607	0.909725003509762	1500	0.00158827111704387
0.106	14.6009333526738	1.03973482007235	1500	0.00100733256950622
0.107	13.9624173150534	0.498979506587804	1500	0.000918750497779676
0.108	13.7441152233051	-0.136472099201156	1500	0.00215293711194219
0.109	14.3159355003706	-0.365834938032083	1500	0.0038732600392885
0.11	14.9836346420571	0.0405516125446918	1500	0.00447987880188283
0.111	14.6677361510688	0.217389725833072	1500	0.0034433880180974
0.112	13.7752411112927	-0.1579791815142	1500	0.00182914409314548
0.113	13.321480764395	-1.05215984794657	1500	0.00133303382385079
0.114	13.6847091195852	-1.61130416478829	1500	0.00209029553287795
0.115	14.331509605502	-1.42928478427494	1500	0.00282156485352351
0.116	14.2192332991422	-0.846116513092835	1500	0.00244623836498808
0.117	13.5836435251967	-0.678635120737579	1500	0.00137052590528544
0.118	13.1953340376672	-0.788477904655009	1500	0.000525244990330995
0.119	13.5792983213079	-0.940023585142786	1500	0.000382105923499389
0.12	14.1726199138724	-0.651130918900401	1500	0.000494062914853035
0.121	14.179039191804	-0.25602421561971	1500	0.000394993825460021
0.122	13.7029951181462	-0.0588309068957628	1500	0.000209778914567558
0.123	13.5637845185409	-0.0390251085738044	1500	0.000331711652402666
0.124	14.1191849931481	0.0824343881561742	1500	0.000639756217357505
0.125	14.7681394106609	0.426515830666692	1500	0.000673551624761406
0.126	14.7760953791108	0.54681507818807	1500	0.000337910121393979
0.127	14.235779305507	0.275029384847851	1500	0.000196621297537321
0.128	14.0022600368497	-0.0373621530769694	1500	0.000684995349806
0.129	14.4462127573221	-0.170342503493936	1500	0.00146555654796643
0.13	14.9784204918783	-0.0754912651725655	1500	0.00176366977885242
0.131	14.6975734825475	0.0635793560042006	1500	0.00129179299400975
0.132	13.946471763869	-0.134522131378665	1500	0.000549088874075449
0.133	13.5387586821763	-0.594578242423199	1500	0.000378000443431013
0.134	13.849465016663	-0.924596095902618	1500	0.000824426549489964
0.135	14.3681360060941	-0.726422547504177	1500	0.00123795165443317
0.136	14.2652479388397	-0.533974523663608	1500	0.00107525945469482
0.137	13.7049334198276	-0.430093467970638	1500	0.000564119639438177
0.138	13.4088809789087	-0.495195797731142	1500	0.000191971763947422
0.139	13.7819950431409	-0.59409156608091	1500	0.00019710334411837
0.14	14.3129347038937	-0.458422750539086	1500	0.000320665581868501
0.141	14.3082048502932	-0.187232103538029	1500	0.000294687954056013
0.142	13.87519118981	-0.0766761749527342	1500	0.000169948209458793
0.143	13.7535843717251	-0.0505223349604022	1500	0.000194739721167322
0.144	14.2575880517928	-0.0182967452803925	1500	0.000339223473341018
0.145	14.8510532958631	0.18741928920197	1500	0.000358516363100705
0.146	14.8808415908208	0.273457249499505	1500	0.000173634094257673
0.147	14.3874897993531	0.14067511436823	1500	6.62111403392365E-05
0.148	14.1455772726717	0.0135828466538341	1500	0.000272509461296336
0.149	14.5386217935068	-0.12256440628631	1500	0.000645941235165683
0.15	14.9891952526899	-0.0203573160043411	1500	0.000795981425075426
0.151	14.7322811549954	-0.0206687636462813	1500	0.000566767825456091
0.152	14.0589046084635	-0.107360728594425	1500	0.000196547589488618
0.153	13.6790023977935	-0.345600367292776	1500	0.000130167916433192
0.154	13.9514846891006	-0.514314805580642	1500	0.000386447409955599
0.155	14.4028458514893	-0.479147127409294	1500	0.000620271855813859
0.156	14.2970846071969	-0.265812705164579	1500	0.000540006234334294
0.157	13.7781823610144	-0.263693637972415	1500	0.000282014315106906
0.158	13.5338402072718	-0.279721243893052	1500	0.00010660629732129
0.159	13.9021064618239	-0.405335834027108	1500	0.000141412500668583
0.16	14.3930333544789	-0.283481758020486	1500	0.000237634950893158
0.161	14.3791872420864	-0.131029500076466	1500	0.000235397421823737
0.162	13.968225477191	-0.062297988201116	1500	0.000154521992973632
0.163	13.8472703780771	-0.0790489533612964	1500	0.00015141337816057
0.164	14.3266250585711	-0.0636806301755403	1500	0.000223912702078349
0.165	14.8901716394615	0.0912552155731037	1500	0.000239239012394415
0.166	14.9207042211963	0.168141596677114	1500	0.000137815937351683
0.167	14.463224697489	0.0643521722692876	1500	7.07225392820148E-05
0.168	14.2324297262962	0.00247822801445088	1500	0.0001622057152502
0.169	14.5795914519396	-0.0585448611676549	1500	0.00035019112056606
0.17	14.9999706117085	-0.082034541749242	1500	0.000429784703619282
0.171	14.7416549529186	-0.0204317354389438	1500	0.000314761033184805
0.172	14.1112665943604	-0.0611699316573141	1500	0.00011781159054328
0.173	13.7510837955133	-0.196538352671164	1500	8.73869056355042E-05
0.174	14.00576079112	-0.332055447878918	1500	0.000231661676249483
0.175	14.4127183188859	-0.216473175587962	1500	0.000363701816938611
0.176	14.3190197965375	-0.189453953324341	1500	0.000320489595660129
0.177	13.823899707262	-0.163100699074014	1500	0.000184510412494251
0.178	13.6091917885701	-0.171562304020731	1500	9.74413242031109E-05
0.179	13.9686766310898	-0.249019020388922	1500	0.000129344459254673
0.18	14.4310121834749	-0.210209062283082	1500	0.000195499580161015
0.181	14.4014757342331	-0.0806286626342334	1500	0.00020261727380544
0.182	13.9994530817647	-0.0499853659223142	1500	0.000148793064045942
0.183	13.8875469778284	-0.0432592654114844	1500	0.00013620662244696
0.184	14.3374383583946	-0.0629963149115724	1500	0.000174436735901407
0.185	14.8723652575407	0.0408754076428084	1500	0.000187262119749187
0.186	14.8957646398999	0.0875401193248108	1500	0.000132760890507465
0.187	14.4450153543003	0.0292075746781109	1500	9.4307202645041E-05
0.188	14.2132293020612	0.03089050448906	1500	0.000137874990024306
0.189	14.5588753234242	-0.0631448392660078	1500	0.000234054538475773
0.19	14.9713338072074	-0.0166660293799251	1500	0.000277512413257223
0.191	14.7413058441315	-0.0470871710777429	1500	0.000220377666621615
0.192	14.1419751053372	-0.0511067168057496	1500	0.000111436070094099
0.193	13.793608136452	-0.117945900180622	1500	9.41760331735681E-05
0.194	14.0403076769679	-0.185405175393487	1500	0.000175739728119055
0.195	14.4303976120273	-0.188723968792097	1500	0.000250905141100463
0.196	14.3299111119356	-0.0689475489876375	1500	0.000224703393788488
0.197	13.8475120563589	-0.100415696576766	1500	0.000152217664627334
0.198	13.6498319934556	-0.0739321967943253	1500	0.000107084633492219
0.199	14.0053731291354	-0.187674268871638	1500	0.000129676704894954
0.2	14.4464951312741	-0.120255285380117	1500	0.000172998457382252
0.201	14.4094424452215	-0.05109367042305	1500	0.000180894556492207
0.202	14.0126613210021	-0.0304336724212846	1500	0.000145396467163937
0.203	13.8904445726994	-0.0580244019377299	1500	0.000133827192770932
0.204	14.3325483048914	-0.0681086901889975	1500	0.000153901913912001
0.205	14.8561610654548	0.0303109079907492	1500	0.000163675241034221
0.206	14.8738818274939	0.081801447134986	1500	0.000133305493042083
0.207	14.4386022966427	0.00943486278030393	1500	0.000113537467875647
0.208	14.2322387268696	0.0139306591113342	1500	0.000134665292220356
0.209	14.5438524689742	-0.0209945003638356	1500	0.000185793020591603
0.21	14.9178339062007	-0.0710244576645469	1500	0.000210216102507362
0.211	14.6903938765583	-0.0272913653970491	1500	0.000183229525931421
0.212	14.1092280517429	-0.0228102569710075	1500	0.000119781554523285
0.213	13.7866675483326	-0.0673606728465048	1500	0.000108596041358306
0.214	14.0384904366514	-0.147467279719367	1500	0.00015289668564204
0.215	14.4212508344483	-0.055200360863509	1500	0.000196060439895169
0.216	14.3338586249773	-0.0726861081187354	1500	0.000180103616062454
0.217	13.8588586438332	-0.063897077683963	1500	0.000141861201214514
0.218	13.6704792302378	-0.0475878331421189	1500	0.000118612021964393
0.219	14.0225656480805	-0.113730270924174	1500	0.000133135202372952
0.22	14.4500065048438	-0.10581344727177	1500	0.000160512671530821
0.221	14.3993393795723	-0.0242946670260398	1500	0.000169556603724934
0.222	14.0003418337566	-0.0225147376808007	1500	0.000144588990520155
0.223	13.8854998593628	-0.0203874774329092	1500	0.000132882154710323
0.224	14.3075907952039	-0.0524121637075558	1500	0.000143577054181867
0.225	14.8081196028257	0.0198686214153966	1500	0.000150508086463747
0.226	14.8160825025133	0.0486480674384598	1500	0.000133586052471345
0.227	14.3830809109785	0.0041780090431517	1500	0.000124847099687723
0.228	14.1627074539259	0.0411291475276224	1500	0.000136861651482154
0.229	14.4958803358375	-0.0387187607868016	1500	0.000163000442614732
0.23	14.8959500347923	-0.00724884060172715	1500	0.000177018632261207
0.231	14.7046785878549	-0.0464524183476619	1500	0.000166446490717771
0.232	14.1312958609441	-0.0270253366978393	1500	0.000128655156277741
0.233	13.8047396278406	-0.0433601707109135	1500	0.000120037891188807
0.234	14.0586936714091	-0.0800831904245714	1500	0.000144880874068934
0.235	14.4347774184745	-0.0947966361080594	1500	0.00016943010738194
0.236	14.3347297560986	-0.00201912464088602	1500	0.000157878408287019
0.237	13.8658463453868	-0.0415561754583066	1500	0.000139043776649684
0.238	13.6843592053801	0.00236466163240606	1500	0.000127199242674682
0.239	14.0348069429024	-0.104429076292746	1500	0.000135871580347262
0.24	14.4536395522028	-0.0541974576976288	1500	0.00015307993791277
0.241	14.3984885953009	-0.0131626963841424	1500	0.000160665362528366
0.242	13.999072230916	-0.00948969335945165	1500	0.000143310407062998
0.243	13.8697382535134	-0.0396152475488578	1500	0.000135219543658123
0.244	14.289381438232	-0.0551067179813315	1500	0.000140163589803259
0.245	14.7860605135336	0.0255210228682952	1500	0.000144506872319813
0.246	14.7964747919388	0.0660821735666067	1500	0.000133910295470183
0.247	14.3617742605255	-0.000965446752256597	1500	0.00013199989180813
0.248	14.1624756948985	0.0220571369622535	1500	0.000138770592026671
0.249	14.4702548284224	-0.00410609607650591	1500	0.000153011304071419
0.25	14.8293616177875	-0.0623665417510479	1500	0.000160935551444861
0.251	14.6311257482856	-0.0246845673994705	1500	0.000158902414587747
0.252	14.0750525084922	-0.0075337963893745	1500	0.00013431608535875
0.253	13.7795547700193	-0.0246987608659968	1500	0.000127664850584204
0.254	14.0451163276801	-0.087248812384464	1500	0.00013974934685764
0.255	14.4215378982568	-0.00223347341821933	1500	0.000154121856404298
0.256	14.3345909775547	-0.0328978505085963	1500	0.000146395495497563
0.257	13.8681632769107	-0.02881222875033	1500	0.000138410349075334
0.258	13.6887426938721	-0.00262472759941519	1500	0.000133365679698933
0.259	14.0395348241519	-0.0628798896841803	1500	0.000138290681344477
0.26	14.4535318828854	-0.0647538123434991	1500	0.000148892901727043
0.261	14.391244272047	0.000645644886702679	1500	0.000157013693549528
0.262	13.9877275512282	-0.00769590345608664	1500	0.000143478818907624
0.263	13.8623604843093	-0.0062995155961085	1500	0.000135348790601938
0.264	14.2599795568801	-0.0406021161743312	1500	0.000137591710845513
0.265	14.7301433140471	0.0214881139541135	1500	0.000140036990416135
0.266	14.7143814685038	0.0431960507709969	1500	0.00013330564973453
0.267	14.2753742408156	0.000671956182328956	1500	0.00013512948004288
0.268	14.0701358301951	0.0475490381243232	1500	0.000140700899660892
0.269	14.4127838755387	-0.0273892787948916	1500	0.000147146621282263
0.27	14.8039241632387	-0.000997252655499122	1500	0.000151767024158673
0.271	14.6357995154957	-0.0435154939273993	1500	0.000154669370277204
0.272	14.0934660010807	-0.0177018379398289	1500	0.000138373700162681
0.273	13.7941798851975	-0.0185669540059518	1500	0.000132427307510311
0.274	14.06161341984	-0.0452071854712253	1500	0.000139032179459516
0.275	14.4361206569478	-0.0636582030755682	1500	0.000146909064286127
0.276	14.3360641523919	0.0209039920474292	1500	0.000140049535991206
0.277	13.8709478286697	-0.0209231997034676	1500	0.000138484789128326
0.278	13.6943984801388	0.0296281191902807	1500	0.000136924861478192
0.279	14.0428885905385	-0.0735164743910448	1500	0.000139452572732454
0.28	14.4504067293222	-0.0288122016795082	1500	0.000146115802133128
0.281	14.3803155728858	0.00283927873029705	1500	0.000152938575369333
0.282	13.9721819441669	0.000607917401027015	1500	0.000142653951726183
0.283	13.8318653538281	-0.0300021351919518	1500	0.000137573740541001
0.284	14.2266785343288	-0.0460914635650474	1500	0.00013769946565271
0.285	14.6883313747489	0.0287027577899246	1500	0.000138600565556231
0.286	14.6754766608658	0.0650907931040643	1500	0.000133271269588052
0.287	14.2326639417172	-0.00157470048781404	1500	0.000137543820851377
0.288	14.0505647349724	0.0266509395957167	1500	0.00014153250961805
0.289	14.3718278097967	0.00370396094195348	1500	0.000145148414846639
0.29	14.732420015809	-0.0576148062603801	1500	0.000147549929096303
0.291	14.558562616308	-0.022212604859539	1500	0.000152781101657328
0.292	14.0422444698578	-0.00165517149959532	1500	0.000140141979653298
0.293	13.7731400651676	-0.010472292179874	1500	0.000135193676595271
0.294	14.0481880324586	-0.0670882894758642	1500	0.000136934079399366
0.295	14.4216494522575	0.0154360792165647	1500	0.000141677611093233
0.296	14.3357122674661	-0.0192321422576386	1500	0.000136666493882243
0.297	13.8703198027507	-0.01658442740677	1500	0.00013860617281449
0.298	13.6940245561638	0.0132265190418626	1500	0.000139501312989989
0.299	14.0441417369649	-0.0441410902870265	1500	0.000140620513310408
0.3	14.4495198074115	-0.0492845762418169	1500	0.000144713237636429
0.301	14.3762646944183	0.0107909789940204	1500	0.000152240048567181
0.302	13.9660658183602	-0.00104463384516427	1500	0.000143063042671827
0.303	13.8289702435992	0.000311350898677092	1500	0.000137189418619166
0.304	14.2042501427834	-0.0339686402627509	1500	0.000136692093975466
0.305	14.6398101980753	0.0246505598127117	1500	0.000136637073298877
0.306	14.5994312650583	0.0438119245087436	1500	0.000132590494234426
0.307	14.1491294410431	0.0011883223402373	1500	0.000138010140930354
0.308	13.9585765155271	0.0508007581912085	1500	0.00014250280319085
0.309	14.3087376739956	-0.0221981017730975	1500	0.00014319931589066
0.31	14.6764257357848	0.0022011468690184	1500	0.000144562617515996
0.311	14.5342339293363	-0.0415918685193989	1500	0.00015139582124656
0.312	14.0424304568644	-0.0141217759247983	1500	0.000141737877861959
0.313	13.7823844987641	-0.0102904675390965	1500	0.000136925549695234
0.314	14.0636410035927	-0.0333784181040266	1500	0.000137682273691685
0.315	14.4373056128233	-0.0532536190135467	1500	0.00013989913083093
0.316	14.3378934799476	0.0288299311330425	1500	0.000134621868430888
0.317	13.8725317673852	-0.0137260528220693	1500	0.000138751797143759
0.318	13.6968610059304	0.0391487859723645	1500	0.000140672693203168
0.319	14.045040977885	-0.062171207494506	1500	0.000140905529077377
0.32	14.4458522509338	-0.0194112725391461	1500	0.000143575511922991
0.321	14.3678408028488	0.00917116972533439	1500	0.0001500377252315
0.322	13.9499600243296	0.00492397647304049	1500	0.000142370371569306
0.323	13.795611691078	-0.0258139291335293	1500	0.000138928043153346
0.324	14.1722531161461	-0.04154422955615	1500	0.000137467724567747
0.325	14.6067728317265	0.0311723600726283	1500	0.000136599490280753
0.326	14.5676424874351	0.0661419534318022	1500	0.000132662404462894
0.327	14.113052245958	-0.000792876486048876	1500	0.000139013751357965
0.328	13.9349313641666	0.0288081938948196	1500	0.000142676910333523
0.329	14.2650242344917	0.00725505278317438	1500	0.00014317476712078
0.33	14.6084015701951	-0.055394333627257	1500	0.000143614254549792
0.331	14.4598966226923	-0.0208271779729161	1500	0.000150973358187805
0.332	13.9934802396125	0.000626082630092763	1500	0.00014200239169766
0.333	13.7593313294521	-0.00574343612978688	1500	0.000137829441295953
0.334	14.0507409853187	-0.0601766894319128	1500	0.000136254048204296
0.335	14.4228497557186	0.0213411579059164	1500	0.00013767741454635
0.336	14.3371217596255	-0.0145033064082528	1500	0.000133605107377708
0.337	13.8713362437316	-0.0123154946607189	1500	0.000138805550257125
0.338	13.6953916635137	0.0186849984162876	1500	0.00014176689175877
0.339	14.0466983268971	-0.0372517640279489	1500	0.000141517721569303
0.34	14.4489148133707	-0.0436565310570008	1500	0.000143182035093979
0.341	14.3728418346663	0.014709779630718	1500	0.000150484803587461
0.342	13.958142985206	0.00170667731818577	1500	0.000142863568734256
0.343	13.8171557948322	0.00302974904910143	1500	0.000138123592241873
0.344	14.1846313744508	-0.0308345665781862	1500	0.00013671333905481
0.345	14.6028647323567	0.0264523233133773	1500	0.00013544142084828
0.346	14.5443063595363	0.0448027139358629	1500	0.000132122320550409
0.347	14.082898778845	0.00195282916211611	1500	0.000138728144869016
0.348	13.8889491039925	0.05222429413167	1500	0.000143216590854627
0.349	14.234595264047	-0.0198495645797522	1500	0.000142221116507066
0.35	14.5891484668261	0.00362039241639405	1500	0.000142402348995353
0.351	14.455362342575	-0.0406298810535835	1500	0.000150404176505861
0.352	14.0004049479303	-0.0127285814951961	1500	0.000142752923115583
0.353	13.7683349420383	-0.00755945317471819	1500	0.000138479795208747
0.354	14.0634644294727	-0.0292407940041376	1500	0.000137359565014636
0.355	14.4380095420382	-0.049798721617353	1500	0.000137589497207803
0.356	14.3387234034766	0.0315954872377253	1500	0.000132884232693277
0.357	13.8729951575964	-0.0111863445593843	1500	0.000138862888823051
0.358	13.6971251800926	0.0423982630540221	1500	0.000142023968452967
0.359	14.0466856884366	-0.0579767775718939	1500	0.000141450718277317
0.36	14.4456929738692	-0.0160448916814969	1500	0.000142641938552687
0.361	14.3662064755292	0.0115717776081915	1500	0.000149001190256055
0.362	13.9459161160087	0.00666931103102229	1500	0.000142225641574929
0.363	13.7895507311837	-0.0241870065422195	1500	0.000139568574315018
0.364	14.1630298841854	-0.039476686771347	1500	0.000137568478345999
0.365	14.5907007895201	0.0323639385071876	1500	0.000135864997417274
0.366	14.54521228007	0.0669435994669567	1500	0.000132330920288716
0.367	14.0869167050033	-0.000175789726892491	1500	0.000139350478132042
0.368	13.9065091093746	0.0296943335898834	1500	0.000143122737490787
0.369	14.2363602346381	0.00887943762982466	1500	0.000142702700107297
0.37	14.5788104414778	-0.054471122574764	1500	0.000142415668950917
0.371	14.4338129857814	-0.0201818776120314	1500	0.000150428674088176
0.372	13.9781419681731	0.00153612884010823	1500	0.000142534856728863
0.373	13.7539223051785	-0.00421495884654606	1500	0.000138742544540087
0.374	14.0501998685554	-0.0577172083321275	1500	0.000136096889052568
0.375	14.4232045719772	0.0232865068637537	1500	0.000136328919179356
0.376	14.3379051320185	-0.0128615227181668	1500	0.000132618785887238
0.377	13.8715338284256	-0.01079597973994	1500	0.000138857076376357
0.378	13.6953622914774	0.0205045897431018	1500	0.000142574174648094
0.379	14.0479975616415	-0.0346632172856767	1500	0.000141851610771839
0.38	14.4490959027836	-0.0416851963321298	1500	0.000142617052089316
0.381	14.3718332311357	0.0161648384008959	1500	0.000149881210946035
0.382	13.9573030275389	0.00280829845406982	1500	0.000142756219321935
0.383	13.816615012395	0.00403464293041281	1500	0.000138548391421307
0.384	14.1841303205154	-0.0294286695770345	1500	0.000136818643179593
0.385	14.6013715325179	0.0272290957880229	1500	0.000134981202946799
0.386	14.5436022290848	0.0453846722709622	1500	0.000131900108407775
0.387	14.0812731654723	0.00243825527335736	1500	0.000138869169653572
0.388	13.8867948679478	0.0527740684157023	1500	0.000143496058649533
0.389	14.2337560948862	-0.0187634218459248	1500	0.000142000162264985
0.39	14.5862935939725	0.00417690731693815	1500	0.000141732345266548
0.391	14.4491236342793	-0.0402151303395106	1500	0.000150117001491327
0.392	13.9950089113175	-0.0121685930179531	1500	0.00014302595162365
0.393	13.7638228119971	-0.00670042429106533	1500	0.000139025591891334
0.394	14.0611757933844	-0.0277095340028238	1500	0.00013729264238985
0.395	14.4381144004089	-0.0486846428686568	1500	0.000136789184521898
0.396	14.3391997036792	0.0325661734968352	1500	0.000132327313454292
0.397	13.8728302920995	-0.0102562389380872	1500	0.000138874657008955
0.398	13.6965337338987	0.0434671854826269	1500	0.000142504846099772
0.399	14.0465935136967	-0.056366905250851	1500	0.000141653251663708
0.4	14.4443306142119	-0.0148890790523282	1500	0.000142292535135217
0.401	14.3650192557212	0.0124497914913321	1500	0.000148663284645893
0.402	13.944723838123	0.00736609934144635	1500	0.000142145023154118
0.403	13.7862846266931	-0.0236310952874088	1500	0.000139855102186844
0.404	14.1579642080301	-0.0385513221610414	1500	0.000137656857368236
0.405	14.5823830622266	0.0328208390257309	1500	0.000135564695126974
0.406	14.5362717169501	0.0673593894578165	1500	0.000132188909836406
0.407	14.0755613221433	0.000179469727864143	1500	0.000139397607285639
0.408	13.8892211535318	0.0300079661011415	1500	0.000143300317399783
0.409	14.2186393587526	0.00965999042311401	1500	0.00014260642277231
0.41	14.5682289312029	-0.0541344288466019	1500	0.000142034325638847
0.411	14.4322972118464	-0.0199188836216301	1500	0.000150284525042375
0.412	13.9782379329031	0.00192079395496229	1500	0.000142664653349615
0.413	13.7539808736504	-0.00376571472961355	1500	0.000139071548002566
0.414	14.051238922041	-0.0567773065713346	1500	0.000136068639348745
0.415	14.4240092144037	0.0238980705764914	1500	0.000135844940447706
0.416	14.3382963081694	-0.0122960206032986	1500	0.000132307510164291
0.417	13.8711091727982	-0.0102263049890775	1500	0.000138848336919942
0.418	13.694479734205	0.0210716536157262	1500	0.00014286401317717
0.419	14.04801000312	-0.0336289976344962	1500	0.000141976920324269
0.42	14.4478397473319	-0.0410343456291259	1500	0.000142400586514863
0.421	14.3704993099455	0.016683302734887	1500	0.000149699966230047
0.422	13.9567853102035	0.00325478544753028	1500	0.000142693552050449
0.423	13.8165765640348	0.0043521127717499	1500	0.000138738246325612
0.424	14.1848022555269	-0.028782856008888	1500	0.000136883681001958
0.425	14.6005835755471	0.0274995218083731	1500	0.000134779801626476
0.426	14.5437542808754	0.0456572020017522	1500	0.000131815050338844
0.427	14.0794013807975	0.00270989168966395	1500	0.000138871146977689
0.428	13.8840652730809	0.0529508855525096	1500	0.000143611438819371
0.429	14.2296243376309	-0.018225069730767	1500	0.000141962378104791
0.43	14.5791159911562	0.00435908677464652	1500	0.000141510098830591
0.431	14.4381283639052	-0.0400614774241171	1500	0.000150054852506414
0.432	13.9863966431783	-0.0119273049569561	1500	0.000143081729046612
0.433	13.7587637909002	-0.00647037814907062	1500	0.000139229556670206
0.434	14.0607447874424	-0.027080203244836	1500	0.000137284756605444
0.435	14.4392042564467	-0.0483550124316443	1500	0.00013648744279214
0.436	14.3397568726172	0.0329058112674876	1500	0.000132157559610998
0.437	13.8726617120129	-0.00988562944272161	1500	0.000138854635335264
0.438	13.695518671735	0.0437904510528141	1500	0.000142681520142919
0.439	14.0462912257551	-0.0556938913171278	1500	0.000141729988750363
0.44	14.4427864305901	-0.0145211715691068	1500	0.000142152461978783
0.441	14.3634897969789	0.0127575911072744	1500	0.000148574965705864
0.442	13.9437395876049	0.00765464145706677	1500	0.000142096239671397
0.443	13.7847922724396	-0.0234879354604389	1500	0.000139985560005121
0.444	14.1555889514632	-0.0381135487361012	1500	0.000137702744126282
0.445	14.5777664774202	0.0329497615336414	1500	0.000135422423952742
0.446	14.5319263941443	0.06754721789583	1500	0.000132141137030308
0.447	14.0713275379401	0.000377150252966093	1500	0.000139380630804433
0.448	13.883318656416	0.030088500411056	1500	0.000143377441503304
0.449	14.2115292861892	0.0100728342019303	1500	0.000142596028427134
0.45	14.5628334580201	-0.0540395444624826	1500	0.000141899810942901
0.451	14.4313086583843	-0.0198290171745893	1500	0.00015026674780248
0.452	13.9781830816709	0.00210170425693571	1500	0.000142681018505851
0.453	13.7538193638133	-0.00367501466473343	1500	0.000139201055969178
0.454	14.0516836300636	-0.0563695448400707	1500	0.000136067468443156
0.455	14.4242078789016	0.0240653664482409	1500	0.000135650808659431
0.456	14.3385217239129	-0.0121083881637162	1500	0.00013221826101975
0.457	13.8709153564163	-0.00998809975393536	1500	0.000138824519960141
0.458	13.694161494771	0.0212174978453599	1500	0.000142974665102755
0.459	14.0484360602101	-0.033164352995352	1500	0.000142025668444846
0.46	14.4473967079735	-0.0408461531824987	1500	0.000142308350614124
0.461	14.3685559575247	0.0168565201205235	1500	0.000149664871583558
0.462	13.9538419757656	0.00344918184693786	1500	0.000142653689784445
0.463	13.8141963004644	0.00441375498405673	1500	0.0001388272441835
0.464	14.1827155387683	-0.0284575977370518	1500	0.000136913822611749
0.465	14.5974641068648	0.0275602025931925	1500	0.000134676327515076
0.466	14.5398197496169	0.0457702354210389	1500	0.000131792377059485
0.467	14.0759918761429	0.00286689374204609	1500	0.000138846942487452
0.468	13.8813031967361	0.0529825027907812	1500	0.000143665283256207
0.469	14.2282889080712	-0.0179267086487837	1500	0.000141963049234719
0.47	14.5786181264962	0.00439347413522795	1500	0.000141424166931194
0.471	14.4382738887599	-0.0400195742629782	1500	0.00015006141388593
0.472	13.986587347112	-0.0118095635620954	1500	0.000143079218067664
0.473	13.7588761520581	-0.00644590631483874	1500	0.000139315109152964
0.474	14.0614525104551	-0.0267757860526979	1500	0.000137286695128165
0.475	14.440007092392	-0.0482825189003792	1500	0.000136356329184494
0.476	14.3404807008256	0.0330214105482544	1500	0.000132114694147666
0.477	13.8733731869444	-0.00971387498511048	1500	0.000138829585523865
0.478	13.6953810862338	0.0438652263610218	1500	0.000142753195793564
0.479	14.0464652139097	-0.0553694932979519	1500	0.000141760416968727
0.48	14.4425795229475	-0.0144231421566559	1500	0.000142087313864847
0.481	14.3625333779912	0.0128577160687405	1500	0.000148569468217471
0.482	13.9421664999684	0.00778707895192206	1500	0.000142064050965399
0.483	13.7830868632924	-0.0234907240931089	1500	0.000140049765610748
0.484	14.153989017754	-0.037880474637448	1500	0.000137722302559911
0.485	14.575223072838	0.0329532989402641	1500	0.000135343115991358
0.486	14.5285675681395	0.067625873515607	1500	0.000132133472444555
0.487	14.0677309345985	0.000495515354943499	1500	0.000139355236369514
0.488	13.8797831299877	0.0300833841432245	1500	0.000143416611847841
0.489	14.2091219096841	0.0103197930089144	1500	0.000142601131029012
0.49	14.5619648855899	-0.0540351690691402	1500	0.000141841507688386
0.491	14.431531791766	-0.0198102937433835	1500	0.000150285165652739
0.492	13.9782462882016	0.00220094295981109	1500	0.000142669255509565
0.493	13.7531687354789	-0.00369708691254794	1500	0.000139259874172608
0.494	14.0516110818133	-0.0561580678341346	1500	0.000136069237061277
0.495	14.4243022209235	0.0240897819927544	1500	0.000135558766864883
0.496	14.3387662314226	-0.012053560138213	1500	0.000132201184718321
0.497	13.8711089289184	-0.00986935268597921	1500	0.000138800808801154
0.498	13.6940377292591	0.0212280007985496	1500	0.000143023285094012
0.499	14.0489533949248	-0.0329182133344234	1500	0.000142045980284294
0.5	14.4476368263546	-0.0408130594943466	1500	0.000142261075629255
0.501	14.3689564652111	0.0169062940170711	1500	0.000149675436884699
0.502	13.9541556298009	0.0035466053191011	1500	0.000142626195618113
0.503	13.8141785455353	0.00438921851940727	1500	0.000138873423365586
0.504	14.1831309080651	-0.0282695569947876	1500	0.000136925535967681
0.505	14.5974526530233	0.0275458455034214	1500	0.000134614271632223
0.506	14.5400479512001	0.0458117740315971	1500	0.000131794469202036
0.507	14.0761442134116	0.00296704488826496	1500	0.000138822716120544
0.508	13.8813339200272	0.0529638866282083	1500	0.000143695414758147
0.509	14.2288528097217	-0.0177393371113781	1500	0.000141968878821414
0.51	14.5789654742626	0.00437619887237353	1500	0.000141381503647054
0.511	14.4387513808058	-0.0400207749682486	1500	0.000150085333710486
0.512	13.9870858749128	-0.0117417078985333	1500	0.000143064078426858
0.513	13.7592273993711	-0.00648284115391913	1500	0.000139357368876895
0.514	14.0621721388169	-0.0265982703060887	1500	0.000137288168282871
0.515	14.440655098219	-0.0482892779575278	1500	0.000136287888418413
0.516	14.3409680345177	0.0330569764876616	1500	0.00013211225885646
0.517	13.8737447211713	-0.00961706401851335	1500	0.000138807312463956
0.518	13.6953958896334	0.043861669865134	1500	0.000142788074360828
0.519	14.0469382171669	-0.0551837823777213	1500	0.000141773504370615
0.52	14.4427563012999	-0.0144157201074309	1500	0.000142050082874744
0.521	14.3627689633693	0.0128844935302802	1500	0.00014858753235707
0.522	13.9420870609049	0.0078587011252989	1500	0.000142041170628
0.523	13.7825365139631	-0.0235376043307619	1500	0.000140085381378866
0.524	14.153918975561	-0.0377370042909459	1500	0.00013772923986869
0.525	14.5748845521524	0.0329173153210127	1500	0.000135292444045355
0.526	14.5280121486783	0.067656743627495	1500	0.000132140648995467
0.527	14.0673683450127	0.000574584292120352	1500	0.000139333150166173
0.528	13.8795995749223	0.0300519419958404	1500	0.000143440666385954
0.529	14.2099561252041	0.0104853781065607	1500	0.000142606837412263
0.53	14.562741723891	-0.0540597111013626	1500	0.000141808508481369
0.531	14.4320117116978	-0.0198177024047479	1500	0.00015031054956929
0.532	13.9785155177475	0.00226478832221826	1500	0.000142653079502402
0.533	13.752617665604	-0.00374866394287131	1500	0.000139291690305204
0.534	14.051394682156	-0.0560267261455154	1500	0.000136069744165621
0.535	14.4240629652128	0.0240724852225549	1500	0.000135506332679507
0.536	14.3390183397463	-0.0120447357428174	1500	0.000132206371318585
0.537	13.8711026363458	-0.00979723386430858	1500	0.000138780910268212
0.538	13.6935896655046	0.0211998556438327	1500	0.000143049621931286
0.539	14.0489345089971	-0.0327644337219234	1500	0.000142055436315353
0.54	14.4474105124433	-0.0408274324234855	1500	0.000142231369348582
0.541	14.3690359281594	0.0169138092340188	1500	0.000149696932586489
0.542	13.9543569560894	0.0036048894982078	1500	0.000142606018258871
0.543	13.8140848251265	0.00434164843066277	1500	0.000138900648331737
0.544	14.1834529546903	-0.0281450520699132	1500	0.000136929016946547
0.545	14.597414316715	0.0275105529059047	1500	0.000134572544300148
0.546	14.5397655482487	0.0458236782013942	1500	0.000131804799706164
0.547	14.0763379164133	0.00303783154672172	1500	0.000138803005496431
0.548	13.8814694817114	0.052931951235887	1500	0.000143715547456661
0.549	14.2294691592549	-0.0176088920022763	1500	0.000141973684636663
0.55	14.5794241328845	0.00434511816643709	1500	0.000141354336232816
0.551	14.4394560563323	-0.040036063275816	1500	0.000150110410118237
0.552	13.9877529403569	-0.0116960148358688	1500	0.000143048486745518
0.553	13.7595451132776	-0.00653278101943525	1500	0.000139382160524266
0.554	14.0627075524431	-0.0264778510944096	1500	0.000137288172409372
0.555	14.4408670269156	-0.0483163238819225	1500	0.000136245589311067
0.556	14.3413239165618	0.0330640816840951	1500	0.000132121492395869
0.557	13.8739843690677	-0.00955220511565043	1500	0.000138789198707525
0.558	13.6953777995995	0.0438369655175626	1500	0.00014280913881354
0.559	14.0473060276535	-0.0550605319332759	1500	0.000141779878883663
0.56	14.4429040672659	-0.0144338019345781	1500	0.000142024665429433
0.561	14.3629674427005	0.0128866213373215	1500	0.000148609356841995
0.562	13.9422162260513	0.00790471376136148	1500	0.000142024041159241
0.563	13.7822527843966	-0.0235919179568074	1500	0.000140107777350451
0.564	14.1536997107999	-0.0376372089568102	1500	0.000137730830191484
0.565	14.5739954354237	0.0328743411812866	1500	0.000135257002827052
0.566	14.526827794724	0.0676676663431627	1500	0.000132152047946968
0.567	14.0659815579335	0.000632521513462699	1500	0.000139315661298014
0.568	13.8773807802214	0.0300163022233242	1500	0.000143457838565617
0.569	14.2083640885071	0.0106057449323305	1500	0.000142611026478956
0.57	14.5618595437608	-0.0540899148879823	1500	0.000141785560527788
0.571	14.4322891360811	-0.0198327971264477	1500	0.000150334119780203
0.572	13.9788067684813	0.00231097450439829	1500	0.000142638408293605
0.573	13.7530749753131	-0.00380236491302753	1500	0.00013931181622736
0.574	14.0518121792264	-0.0559339035065392	1500	0.000136069107409805
0.575	14.4242972003457	0.0240465011647434	1500	0.000135471832906944
0.576	14.3393693324455	-0.0120509576246944	1500	0.000132217259256243
0.577	13.8713273516901	-0.0097463572961063	1500	0.000138765018114163
0.578	13.6935909022012	0.0211647504816921	1500	0.000143067021643458
0.579	14.0492520100369	-0.0326561845709037	1500	0.000142060533551001
0.58	14.4474058863199	-0.0408528922564894	1500	0.000142209825983496
0.581	14.369150315014	0.0169081130686432	1500	0.000149718264653812
0.582	13.9544846998627	0.00364536055188106	1500	0.000142590615619131
0.583	13.813998739387	0.00429307440938014	1500	0.000138918663003275
0.584	14.1835619271052	-0.028054328217268	1500	0.000136929202864034
0.585	14.5973080067393	0.0274738413594168	1500	0.000134542464788456
0.586	14.5399145345041	0.045824111950117	1500	0.00013181672948018
0.587	14.0765182009937	0.00309154064091909	1500	0.000138787606712774
0.588	13.8814617687158	0.0528999294271953	1500	0.000143730656628754
0.589	14.2298474065024	-0.0175118186020705	1500	0.000141977057218123
0.59	14.5796438896356	0.00431388257885129	1500	0.000141334216724779
0.591	14.4397294893866	-0.0400540656153036	1500	0.000150132183643254
0.592	13.9879723241979	-0.0116619108584663	1500	0.000143035163429296
0.593	13.7596103399416	-0.00658027501374159	1500	0.000139398775603357
0.594	14.063142789178	-0.0263884309516062	1500	0.000137287317176672
0.595	14.4411036036049	-0.0483450047879386	1500	0.000136216287062953
0.596	14.3416236174626	0.0330614217767112	1500	0.000132132946191095
0.597	13.8741992519397	-0.0095038671786306	1500	0.000138774843914891
0.598	13.6953344165722	0.0438096412792678	1500	0.000142824125865964
0.599	14.0475134053552	-0.0549706418636522	1500	0.000141783488127626
0.6	14.4429132095818	-0.0144564378431202	1500	0.000142005427763026
0.601	14.3631051150617	0.0128813583623925	1500	0.000148629040108054
0.602	13.94232085736	0.00793814436489575	1500	0.000142010815980463
0.603	13.7820474370275	-0.0236416777596288	1500	0.000140123308031411
0.604	14.153581372607	-0.0375622832913611	1500	0.000137730386525721
0.605	14.5739433897909	0.0328351463310852	1500	0.00013523089651607
0.606	14.5270875440826	0.0676705249834316	1500	0.0001321635762093
0.607	14.0661687278352	0.000677404225183342	1500	0.000139302028593548
0.608	13.8773984463771	0.029983854313458	1500	0.000143471164122431
0.609	14.2087032330568	0.0106974473342744	1500	0.000142613959554571
0.61	14.5620265994826	-0.0541178969955562	1500	0.000141767898056973
0.611	14.4325147208326	-0.0198485705189487	1500	0.0001503538297837
0.612	13.979028864495	0.00234662848297851	1500	0.000142626278746038
0.613	13.7531762976446	-0.00385002516848925	1500	0.00013932596547018
0.614	14.0521369666314	-0.055863499869958	1500	0.000136067943399904
0.615	14.4244755049909	0.0240218840404152	1500	0.000135447071910741
0.616	14.3396297736281	-0.0120611852322459	1500	0.000132228482548688
0.617	13.8714923477214	-0.00970740958312273	1500	0.000138752488070716
0.618	13.6935554289985	0.0211323385601402	1500	0.000143080032828603
0.619	14.0494904383102	-0.0325746891971709	1500	0.000142063716147402
0.62	14.4474906443013	-0.0408779159181838	1500	0.000142193063829579
0.621	14.3693453111423	0.0168992901968486	1500	0.000149736493824752
0.622	13.9546508046106	0.00367606629805626	1500	0.00014257859748551
0.623	13.8139676621719	0.00425025205674624	1500	0.000138931584209598
0.624	14.1835975330553	-0.0279846347713278	1500	0.000136928241171579
0.625	14.5971673412336	0.0274416739020781	1500	0.000134519935706026
0.626	14.5399408003948	0.0458205657218119	1500	0.000131827844103566
0.627	14.0764141915718	0.00313383895505473	1500	0.000138775612679627
0.628	13.881189107101	0.0528719056458651	1500	0.000143742640640899
0.629	14.229865905129	-0.0174369055780964	1500	0.000141979436006489
0.63	14.5795698866304	0.00428666253075318	1500	0.000141318361413195
0.631	14.4397934281767	-0.0400707578917963	1500	0.000150149967242605
0.632	13.9880059221701	-0.0116351109693634	1500	0.000143024335611092
0.633	13.7592605936776	-0.0066211458055824	1500	0.000139410851084788
0.634	14.0634212345353	-0.0263190563467321	1500	0.000137286154153807
0.635	14.4412427782636	-0.0483701273999786	1500	0.000136194674027673
0.636	14.3418489279404	0.0330558409798951	1500	0.000132143660810562
0.637	13.8743872075372	-0.00946599059992258	1500	0.000138763529370041
0.638	13.6953284058241	0.043785158409984	1500	0.000142835734584676
0.639	14.0477788523753	-0.05490179233848	1500	0.000141785835438445
0.64	14.4430476915025	-0.0144772695147356	1500	0.000141990213093126
0.641	14.3633178387384	0.012874622675324	1500	0.000148645337351229
0.642	13.9424843986675	0.00796405089707844	1500	0.000142000438208926
0.643	13.7820392851635	-0.0236838445933834	1500	0.000140134764519207
0.644	14.15382296172	-0.0375038166873599	1500	0.000137729303942032
0.645	14.5740310336499	0.0328023455101805	1500	0.000135211117940474
0.646	14.5271868216924	0.0676702536093587	1500	0.000132173846067071
0.647	14.0661803979702	0.000713097841409967	1500	0.000139291373860772
0.648	13.8772317494566	0.0299564486444443	1500	0.000143481864255342
0.649	14.20878438	0.0107690017130072	1500	0.000142616079511618
0.65	14.5618998038588	-0.0541415896361011	1500	0.000141753805010757
0.651	14.4323921073329	-0.019862680988218	1500	0.000150369704166482
0.652	13.9789170447395	0.00237495224019128	1500	0.000142616514434131
0.653	13.7530720579729	-0.00388998018268203	1500	0.000139336519944866
0.654	14.0523938674937	-0.0558083503606158	1500	0.000136066664375058
0.655	14.424612069083	0.0240010935598739	1500	0.00013542847788629
0.656	14.3398394822865	-0.0120715490372826	1500	0.000132238450651223
0.657	13.8716418542199	-0.00967654405623085	1500	0.000138742625018489
0.658	13.693539118802	0.0211049328473528	1500	0.0001430903160039
0.659	14.0497012837369	-0.0325113199645927	1500	0.000142065942036482
0.66	14.4475654289804	-0.0408994185872923	1500	0.000142179675538547
0.661	14.369489654729	0.0168906498060424	1500	0.000149751305404022
0.662	13.9547961088165	0.00370032780893003	1500	0.000142569114938556
0.663	13.8138794203223	0.00421450663398944	1500	0.000138941299678281
0.664	14.1836957026231	-0.0279297663297296	1500	0.000136927001312661
0.665	14.5972688226492	0.0274151414920677	1500	0.000134502704152213
0.666	14.5400973440167	0.0458160168006595	1500	0.00013183742665365
0.667	14.0765542095375	0.00316767370336361	1500	0.000138766223914467
0.668	13.8811826666109	0.0528486203368623	1500	0.000143752333760366
0.669	14.2300937325388	-0.017378056620551	1500	0.000141981183200517
0.67	14.5796785461524	0.00426417332686168	1500	0.000141305628851107
0.671	14.4399588560271	-0.0400850098043201	1500	0.000150164171039345
0.672	13.9881464896709	-0.0116136170833216	1500	0.00014301566465564
0.673	13.7592828873787	-0.00665497276215928	1500	0.000139420010577431
0.674	14.0636595008772	-0.0262642319479475	1500	0.000137284984197309
0.675	14.4413694508587	-0.0483908293700189	1500	0.000136178220970512
0.676	14.3420379976083	0.0330498386087863	1500	0.000132152858691267
0.677	13.8745183899475	-0.00943573763921536	1500	0.000138754604810759
0.678	13.695295884952	0.0437646685986191	1500	0.000142845028522483
0.679	14.0479694273624	-0.054847861734169	1500	0.000141787517743419
0.68	14.4431389291725	-0.0144948172169021	1500	0.000141978007915652
0.681	14.3634906032767	0.0128683077698605	1500	0.000148658424032598
0.682	13.9426188292437	0.00798466446208728	1500	0.000141992228956823
0.683	13.7820301350159	-0.0237184385247491	1500	0.000140143508759937
0.684	14.1540239508779	-0.0374574196111719	1500	0.000137728127745741
0.685	14.5741029248879	0.0327757947903099	1500	0.000135195894396603
0.686	14.5272382254923	0.0676688765016941	1500	0.00013218253114406
0.687	14.066285555787	0.000741756587564108	1500	0.000139283003486859
0.688000000000001	13.8772178339438	0.0299340174844836	1500	0.000143490541446088
0.689000000000001	14.2089809855894	0.0108254673097224	1500	0.000142617673590496
0.690000000000001	14.5619755842791	-0.0541609514719158	1500	0.000141742459544072
0.691000000000001	14.4324811568613	-0.0198745751502149	1500	0.000150382321329193
0.692000000000001	13.9790149872649	0.0023976786744576	1500	0.000142608716787396
0.693000000000001	13.7530741735239	-0.00392266884388986	1500	0.000139344632267005
0.694000000000001	14.0525203388857	-0.0557645882814423	1500	0.000136065469661257
0.695000000000001	14.424689697403	0.023984222952621	1500	0.00013541419453022
0.696000000000001	14.3399663096294	-0.0120808036782052	1500	0.000132246837971275
0.697000000000001	13.8717137356219	-0.00965179910148126	1500	0.0001387348506544
0.698000000000001	13.6934718941721	0.0210825232110274	1500	0.000143098596695426
0.699000000000001	14.0498673236078	-0.0324613429040479	1500	0.000142067610696894
0.700000000000001	14.4476596752184	-0.0409170495723435	1500	0.000142168908009068
0.701000000000001	14.3696487467988	0.0168831282768852	1500	0.000149763121372958
0.702000000000001	13.9549079554765	0.00371978091682033	1500	0.00014256159311114
0.703000000000001	13.8138696854158	0.00418536887899232	1500	0.000138948789133869
0.704000000000001	14.1838650265324	-0.0278861392995556	1500	0.000136925808982396
0.705000000000001	14.5973225085785	0.0273937706451287	1500	0.000134489364499812
0.706000000000001	14.5400769721807	0.0458115939459642	1500	0.000131845405705036
0.707000000000001	14.0765609846914	0.00319486374924955	1500	0.000138758838438158
0.708000000000001	13.8810563349015	0.0528297011988743	1500	0.000143760201689996
0.709000000000001	14.2301575762328	-0.0173314506965588	1500	0.000141982514274869
0.710000000000001	14.5796158133639	0.00424600240987148	1500	0.000141295371216173
0.711000000000001	14.4398662135293	-0.0400967561390224	1500	0.000150175427927033
0.712000000000001	13.9880002303454	-0.0115962809564984	1500	0.000143008750619969
0.713000000000001	13.7591251493051	-0.00668248876470633	1500	0.000139427107435544
0.714000000000001	14.0637915009781	-0.0262206097354009	1500	0.000137283935979499
0.715000000000001	14.4414608685308	-0.0484075198893643	1500	0.000136165494432943
0.716000000000001	14.3421860125645	0.0330442916522589	1500	0.000132160483618624
0.717000000000001	13.8746273005295	-0.00941144354444422	1500	0.000138747552308258
0.718000000000001	13.6952970310332	0.0437479790073055	1500	0.00014285253740476
0.719000000000001	14.0481374834037	-0.0548052123884134	1500	0.000141788795658013
0.720000000000001	14.4432253827708	-0.0145091276416966	1500	0.00014196819062767
0.721000000000001	14.3636308424149	0.0128629074904015	1500	0.000148668820452411
0.722000000000001	13.9427287746441	0.00800119822155254	1500	0.000141985710693535
0.723000000000001	13.7820691853588	-0.0237463967770394	1500	0.000140150302070579
0.724000000000001	14.1543652967712	-0.0374203696301887	1500	0.000137727053848407
0.725000000000001	14.5745165620584	0.0327545851889627	1500	0.000135184065781916
0.726000000000001	14.5278031673604	0.0676672187373249	1500	0.000132189695451736
0.727000000000001	14.0668089387874	0.000764811212363084	1500	0.000139276400411362
0.728000000000001	13.8777933163894	0.0299159153276411	1500	0.00014349757928474
0.729000000000001	14.2097128116701	0.0108702492276272	1500	0.000142618907396417
0.730000000000001	14.5623233599086	-0.0541765433261639	1500	0.000141733326241383
0.731000000000001	14.4324620861968	-0.019884338507739	1500	0.000150392305154214
0.732000000000001	13.9789739959133	0.00241594813400748	1500	0.000142602503962656
0.733000000000001	13.7530092904929	-0.00394910528907394	1500	0.000139350959849214
0.734000000000001	14.0526688572223	-0.0557297082878725	1500	0.000136064433281569
0.735000000000001	14.424775512297	0.0239707325432545	1500	0.000135403091198016
0.736000000000001	14.3401115154682	-0.012088659773281	1500	0.000132253729274795
0.737000000000001	13.8718317904352	-0.00963192129928387	1500	0.000138728708008446
0.738000000000001	13.6934884183592	0.0210644578427727	1500	0.000143105288285969
0.739000000000001	14.0500295726532	-0.0324216981787501	1500	0.000142068908396642
0.740000000000001	14.4477447609504	-0.0409312464725412	1500	0.000142160249068393
0.741000000000001	14.3697788692287	0.0168768602903581	1500	0.000149772488611402
0.742000000000001	13.9550063080717	0.0037354328098286	1500	0.000142555613701672
0.743000000000001	13.8138699008149	0.00416189296772275	1500	0.000138954640163453
0.744000000000001	14.184010712405	-0.0278513362558553	1500	0.000136924769828934
0.745000000000001	14.5973992371611	0.0273767147776545	1500	0.000134478960001969
0.746000000000001	14.5401882629818	0.0458076807500102	1500	0.000131851933866862
0.747000000000001	14.0766888761698	0.0032167135232299	1500	0.000138753008312102
0.748000000000001	13.8810703113522	0.0528144902004712	1500	0.00014376657525583
0.749000000000001	14.2303050505219	-0.0172944122904306	1500	0.000141983552586979
0.750000000000001	14.579688195724	0.0042314602934283	1500	0.000141287120538671
0.751000000000001	14.4399779425625	-0.0401062775043212	1500	0.00015018433040605
0.752000000000001	13.9880915856465	-0.0115823026723716	1500	0.000143003244460938
0.753000000000001	13.759122908865	-0.00670468135248918	1500	0.000139432664322395
0.754000000000001	14.0639505021272	-0.0261858322715756	1500	0.00013728304712744
0.755000000000001	14.441573355239	-0.0484208717693101	1500	0.000136155562534365
0.756000000000001	14.3423165613118	0.0330394599072893	1500	0.000132166700950162
0.757000000000001	13.8747159142124	-0.00939193280576466	1500	0.000138741969847829
0.758000000000001	13.6952928856817	0.0437345463783303	1500	0.000142858604801037
0.759000000000001	14.0482694674451	-0.0547713568064093	1500	0.000141789794529866
0.760000000000001	14.4432931411695	-0.014520654293573	1500	0.000141960304211717
0.761000000000001	14.3637351913411	0.0128584509060346	1500	0.000148677054193372
0.762000000000001	13.9428074255061	0.00801446683101161	1500	0.000141980527228861
0.763000000000001	13.7820698655413	-0.0237688212813929	1500	0.000140155628314453
0.764000000000001	14.154495090142	-0.0373907319037037	1500	0.000137726137507127
0.765000000000001	14.5745733335873	0.0327377251155394	1500	0.000135174818376035
0.766000000000001	14.527869637659	0.0676656086734955	1500	0.00013219552786504
0.767000000000001	14.0668247159403	0.000783336703159246	1500	0.000139271177275628
0.768000000000001	13.8776906643938	0.0299014045136384	1500	0.000143503270173977
0.769000000000001	14.2097641755057	0.0109058384832153	1500	0.000142619878601054
0.770000000000001	14.5622144907865	-0.0541890250947144	1500	0.000141725990737321
0.771000000000001	14.4323880687405	-0.0198922508721883	1500	0.000150400199161785
0.772000000000001	13.9789130587553	0.00243061739595942	1500	0.000142597557539417
0.773000000000001	13.7529388739551	-0.00397035654392053	1500	0.000139355932804643
0.774000000000001	14.0528125354013	-0.0557018780529835	1500	0.000136063567154108
0.775000000000001	14.4248673388777	0.0239599982691147	1500	0.00013539439957573
0.776000000000001	14.3402370137526	-0.0120951680966713	1500	0.000132259323462359
0.777000000000001	13.8719167108484	-0.00961597502669128	1500	0.000138723847649565
0.778000000000001	13.6934945613903	0.0210499892840942	1500	0.000143110686899144
0.779000000000001	14.0501546615223	-0.0323901806579981	1500	0.000142069935687772
0.780000000000001	14.4478116770816	-0.0409425962067672	1500	0.000142153298808865
0.781000000000001	14.3698751391094	0.0168717308793188	1500	0.000149779903942073
0.782000000000001	13.9550803351524	0.00374801651827243	1500	0.000142550856611856
0.783000000000001	13.8138669790703	0.00414309452824832	1500	0.000138959242382
0.784000000000001	14.1841266565046	-0.0278235567454794	1500	0.000136923902218613
0.785000000000001	14.5974595202379	0.0273631455232129	1500	0.000134470803867438
0.786000000000001	14.5402746846379	0.045804363615459	1500	0.000131857223297277
0.787000000000001	14.0767600543057	0.00323424279540645	1500	0.000138748395620574
0.788000000000001	13.8810727955378	0.0528023241909478	1500	0.000143771720364872
0.789000000000001	14.2304241320827	-0.0172649373016905	1500	0.000141984373475714
0.790000000000001	14.5797490743773	0.00421986960296045	1500	0.000141280500349175
0.791000000000001	14.4400650977937	-0.0401139309206189	1500	0.000150191371143728
0.792000000000001	13.9881651400381	-0.0115710570034211	1500	0.000142998861396944
0.793000000000001	13.7591311111573	-0.00672249962766823	1500	0.00013943703976936
0.794000000000001	14.0640687117011	-0.0261581033603505	1500	0.000137282315522282
0.795000000000001	14.4416322060525	-0.0484315310133116	1500	0.000136147769700811
0.796000000000001	14.3423957446708	0.0330353679497824	1500	0.000132171725926371
0.797000000000001	13.8747301967384	-0.00937628819522367	1500	0.000138737545398465
0.798000000000001	13.6952917369454	0.0437237971118572	1500	0.000142863494766338
0.799000000000001	14.0483496740193	-0.0547444460698297	1500	0.000141790585996671
0.800000000000001	14.4432808103326	-0.0145298961873199	1500	0.000141953982105889
0.801000000000001	14.3637652488114	0.0128548290614054	1500	0.000148683572162035
0.802000000000001	13.9428017421322	0.00802509220204324	1500	0.000141976402948821
0.803000000000001	13.781885564007	-0.0237867324935676	1500	0.000140159824291619
0.804000000000001	14.1544480548297	-0.0373670236529767	1500	0.000137725380369442
0.805000000000001	14.5745739642219	0.0327243423899696	1500	0.000135167558030614
0.806000000000001	14.527949917624	0.067664166265532	1500	0.000132200239920744
0.807000000000001	14.0668874357736	0.000798193652936652	1500	0.000139267038714261
0.808000000000001	13.8776939765197	0.0298898117737596	1500	0.000143507855393453
0.809000000000001	14.2098730238655	0.0109341452258575	1500	0.000142620649466684
0.810000000000001	14.5622771570018	-0.0541989960093508	1500	0.000141720113472406
0.811000000000001	14.4324684787085	-0.0198986211461065	1500	0.000150406443883313
0.812000000000001	13.9789814377762	0.00244237180731627	1500	0.000142593620739382
0.813000000000001	13.7529511841999	-0.00398738147371343	1500	0.000139359856999799
0.814000000000001	14.0529221021429	-0.0556796781299404	1500	0.000136062858459891
0.815000000000001	14.4249263733624	0.0239514673071491	1500	0.000135387565593998
0.816000000000001	14.3403023830416	-0.0121004892289771	1500	0.000132263833735996
0.817000000000001	13.8719753350649	-0.00960321299669884	1500	0.000138719996418682
0.818000000000001	13.6934846048507	0.0210384389537384	1500	0.000143115029882749
0.819000000000001	14.0502472367574	-0.0323651070393861	1500	0.000142070755669862
0.820000000000001	14.4478570480414	-0.0409516456236274	1500	0.000142147732053293
0.821000000000001	14.3699461324397	0.0168675664898333	1500	0.000149785775092086
0.822000000000001	13.9551312725038	0.00375811341027788	1500	0.000142547071172801
0.823000000000001	13.8138634486937	0.00412809647484022	1500	0.000138962875890735
0.824000000000001	14.1842143671801	-0.0278013929295766	1500	0.000136923193266688
0.825000000000001	14.5975037700344	0.0273523585222077	1500	0.000134464387156019
0.826000000000001	14.5403404009473	0.0458016150925045	1500	0.000131861484004201
0.827000000000001	14.0768159343552	0.00324827801043191	1500	0.000138744741041319
0.828000000000001	13.8810846973246	0.0527926203593104	1500	0.000143775859758053
0.829000000000001	14.2305299661501	-0.0172414687995947	1500	0.000141985026915689
0.830000000000001	14.579803547246	0.00421064676910734	1500	0.00014127520000299
0.831000000000001	14.4401363887879	-0.04012005473987	1500	0.000150196944415337
0.832000000000001	13.9882260160658	-0.0115620330237313	1500	0.000142995373453255
0.833000000000001	13.7591408477	-0.00673676908343423	1500	0.000139440495721403
0.834000000000001	14.0641675756526	-0.0261360058286954	1500	0.000137281723638392
0.835000000000001	14.4416959128993	-0.0484400425303383	1500	0.000136141633218319
0.836000000000001	14.3424554086027	0.0330319541013897	1500	0.00013217576604057
0.837000000000001	13.8747933745561	-0.00936376676653785	1500	0.000138734035729428
0.838000000000001	13.6952969240502	0.0437152222433208	1500	0.000142867424034973
0.839000000000001	14.0484408519431	-0.0547230491585955	1500	0.000141791217097248
0.840000000000001	14.4433289659782	-0.0145372956961833	1500	0.000141948923935899
0.841000000000001	14.3638505552284	0.0128519055176307	1500	0.000148688734496947
0.842000000000001	13.9428710478975	0.00803357693254479	1500	0.000141973121264368
0.843000000000001	13.7818871938758	-0.023800999940925	1500	0.000140163139162913
0.844000000000001	14.1545300651902	-0.0373480695145519	1500	0.00013772476494053
0.845000000000001	14.5746133652707	0.0327137206692775	1500	0.000135161840202172
0.846000000000001	14.5280017358907	0.067662922964341	1500	0.000132204028864804
0.847000000000001	14.0669269435498	0.000810084376392418	1500	0.000139263755891594
0.848000000000001	13.8776601334861	0.0298805673577989	1500	0.000143511538146933
0.849000000000001	14.209910237303	0.0109566655778754	1500	0.000142621263644727
0.850000000000001	14.5623230787612	-0.0542069577362349	1500	0.000141715414071802
0.851000000000001	14.4325248882481	-0.0199037316030166	1500	0.000150411387939954
0.852000000000001	13.9789081888144	0.00245177117037658	1500	0.000142590488356251
0.853000000000001	13.7529576986594	-0.00400099215169763	1500	0.000139362960962319
0.854000000000001	14.0530071775305	-0.0556619805614859	1500	0.000136062285696485
0.855000000000001	14.4249678983723	0.0239446859695955	1500	0.000135382175696413
0.856000000000001	14.3403696982534	-0.0121048061362225	1500	0.000132267454874822
0.857000000000001	13.8720270035015	-0.00959302377271961	1500	0.000138716941956592
0.858000000000001	13.6934848263032	0.0210292345070956	1500	0.000143118513755624
0.859000000000001	14.0503270709143	-0.0323451585369679	1500	0.000142071412773267
0.860000000000001	14.4478995879444	-0.0409588549275155	1500	0.000142143281474404
0.861000000000001	14.370011575415	0.0168641970790148	1500	0.00014979042661431
0.862000000000001	13.9551802421353	0.00376619819603613	1500	0.000142544059001329
0.863000000000001	13.8138594007069	0.00411615922208817	1500	0.000138965750792947
0.864000000000001	14.1842841893419	-0.0277837224304332	1500	0.000136922620775831
0.865000000000001	14.5975384800117	0.0273437819401972	1500	0.00013445932545507
0.866000000000001	14.5403896044741	0.0457993679598573	1500	0.000131864903137244
0.867000000000001	14.0768585238275	0.00325949487242381	1500	0.000138741843286991
0.868000000000001	13.8810868658196	0.0527848929255545	1500	0.000143779180518983
0.869000000000001	14.2306084850448	-0.0172227807379045	1500	0.000141985548657209
0.870000000000001	14.5798394025929	0.00420331278730092	1500	0.000141270963535864
0.871000000000001	14.4401856191849	-0.040124941189303	1500	0.00015020135923477
0.872000000000001	13.9882623110105	-0.0115548088590918	1500	0.000142992598449383
0.873000000000001	13.7591358823068	-0.00674817906390574	1500	0.000139443230368188
0.874000000000001	14.0642295905068	-0.0261184078117963	1500	0.000137281249715988
0.875000000000001	14.4417302706183	-0.0484468464846867	1500	0.000136136788645865
0.876000000000001	14.3425118176129	0.0330291300251938	1500	0.000132179003491864
0.877000000000001	13.8748358214385	-0.00935376138417668	1500	0.000138731250691023
0.878000000000001	13.6952933076591	0.0437083949993223	1500	0.000142870573568465
0.879000000000001	14.0485068719751	-0.0547060385944087	1500	0.000141791721740312
0.880000000000001	14.443362060209	-0.0145432194392933	1500	0.000141944883349915
0.881000000000001	14.363905798764	0.0128495521343174	1500	0.000148692826320923
0.882000000000001	13.94291709901	0.00804033310187668	1500	0.000141970510129321
0.883000000000001	13.7818856411537	-0.0238123440132534	1500	0.000140165762370741
0.884000000000001	14.154586991433	-0.0373329264590714	1500	0.000137724269521305
0.885000000000001	14.5746487184511	0.0327052868430473	1500	0.000135157326851601
0.886000000000001	14.5280543083837	0.0676618729878613	1500	0.000132207066008929
0.887000000000001	14.0669690464445	0.000819584194934228	1500	0.000139261149993988
0.888000000000001	13.8776632677567	0.029873203601034	1500	0.000143514488669132
0.889000000000001	14.2099787274719	0.0109745831647821	1500	0.000142621753697966
0.890000000000001	14.5623599198554	-0.0542133171327955	1500	0.000141711662227439
0.891000000000001	14.4325748095621	-0.019907823032023	1500	0.000150415305255203
0.892000000000001	13.9789491661692	0.00245927353627009	1500	0.000142587996337194
0.893000000000001	13.7529591864507	-0.00401185862890897	1500	0.000139365419663372
0.894000000000001	14.0530699572214	-0.0556478819759294	1500	0.0001360618261508
0.895000000000001	14.424997962738	0.0239392918440035	1500	0.000135377915227868
0.896000000000001	14.3404185718371	-0.0121082915746777	1500	0.000132270354131658
0.897000000000001	13.872061669423	-0.00958490598421786	1500	0.00013871451786857
0.898000000000001	13.6934836789736	0.0210219073412239	1500	0.000143121301854953
0.899000000000001	14.050386534492	-0.0323292905293442	1500	0.000142071940400583
0.900000000000001	14.4479128027559	-0.0409645978162886	1500	0.000142139728238434
0.901000000000001	14.3700547407278	0.0168614740278526	1500	0.000149794114454721
0.902000000000001	13.9552209388927	0.00377266062085079	1500	0.000142541662705158
0.903000000000001	13.8138577263782	0.00410667529505393	1500	0.000138968028711992
0.904000000000001	14.1843194919775	-0.0277696450726885	1500	0.000136922161712218
0.905000000000001	14.5975052245029	0.0273369596459718	1500	0.000134455324767051
0.906000000000001	14.5402942758545	0.0457975462802434	1500	0.000131867639947778
0.907000000000001	14.0766411972167	0.00326844441367009	1500	0.000138739544147227
0.908000000000001	13.8808074981346	0.0527787460322038	1500	0.000143781838569532
0.909000000000001	14.2303881805303	-0.0172078995956867	1500	0.000141985965748147
0.910000000000001	14.5796975120448	0.00419748204577296	1500	0.000141267581607281
0.911000000000001	14.4398208208497	-0.0401288334197666	1500	0.000150204858747694
0.912000000000001	13.9879530545566	-0.0115490368760661	1500	0.00014299039098218
0.913000000000001	13.7590910407888	-0.00675729398995903	1500	0.000139445396768192
0.914000000000001	14.0642867217214	-0.0261044023650426	1500	0.000137280872773907
0.915000000000001	14.441758478354	-0.0484522930055448	1500	0.000136132956780624
0.916000000000001	14.3425573739712	0.0330268047270682	1500	0.000132181591777736
0.917000000000001	13.8748699244566	-0.00934577752783313	1500	0.000138729039030813
0.918000000000001	13.695294371189	0.0437029662748394	1500	0.000142873093040963
0.919000000000001	14.0485600600375	-0.0546925192275111	1500	0.000141792125698394
0.920000000000001	14.4433723485949	-0.014547963612688	1500	0.000141941659497854
0.921000000000001	14.3639463899551	0.012847659603644	1500	0.000148696071919873
0.922000000000001	13.9429489813819	0.00804569858651055	1500	0.000141968432553615
0.923000000000001	13.7818809022422	-0.023821351161153	1500	0.000140167840350903
0.924000000000001	14.1546317869008	-0.0373208356119836	1500	0.000137723872981472
0.925000000000001	14.5746700964669	0.032698586566642	1500	0.000135153758100835
0.926000000000001	14.5280913777788	0.0676609960467998	1500	0.00013220949529843
0.927000000000001	14.0669966159825	0.000827162562199588	1500	0.000139259080380813
0.928000000000001	13.8776591173981	0.0298673421747986	1500	0.000143516848194241
0.929000000000001	14.2100265896392	0.010988838080865	1500	0.000142622144887146
0.930000000000001	14.5623815697625	-0.0542184002349393	1500	0.000141708670338781
0.931000000000001	14.432613511663	-0.0199110948763722	1500	0.000150418411036661
0.932000000000001	13.9789794857468	0.0024652526613643	1500	0.000142586014376016
0.933000000000001	13.7529463701676	-0.00402052665472728	1500	0.000139367369048418
0.934000000000001	14.0530883563074	-0.0556366576999934	1500	0.000136061459101192
0.935000000000001	14.4249849890053	0.0239349980891034	1500	0.000135374541717449
0.936000000000001	14.3404159463638	-0.0121110972403408	1500	0.000132272670988019
0.937000000000001	13.8720408302365	-0.0095784505129463	1500	0.000138712593177018
0.938000000000001	13.6934662283002	0.0210160790140699	1500	0.00014312352898082
0.939000000000001	14.0504375361557	-0.0323166720854171	1500	0.000142072364504094
0.940000000000001	14.4478515636638	-0.0409691735629292	1500	0.00014213689435113
0.941000000000001	14.3700177264136	0.0168592730432016	1500	0.000149797040076794
0.942000000000001	13.9552527852816	0.00377781836481612	1500	0.000142539756044275
0.943000000000001	13.8138575642041	0.00409915149675942	1500	0.000138969835020254
0.944000000000001	14.1843666142888	-0.0277584382574862	1500	0.000136921794827713
0.945000000000001	14.5975311286857	0.0273315301219738	1500	0.000134452157789267
0.946000000000001	14.540330137243	0.0457960779139416	1500	0.000131869826679263
0.947000000000001	14.076672065816	0.00327557496307058	1500	0.000138737719128293
0.948000000000001	13.8808112467858	0.0527738602818108	1500	0.000143783962507609
0.949000000000001	14.2304382549144	-0.0171960506626508	1500	0.000141986299259524
0.950000000000001	14.5797237371353	0.00419284664501666	1500	0.00014126488418486
0.951000000000001	14.4398560566676	-0.040131929943222	1500	0.000150207634313644
0.952000000000001	13.98797883828	-0.0115444325469186	1500	0.000142988635166024
0.953000000000001	13.7590775114531	-0.00676457141292167	1500	0.000139447114319134
0.954000000000001	14.0642963905942	-0.0260932628518682	1500	0.000137280574283298
0.955000000000001	14.4417225882054	-0.0484566595126026	1500	0.000136129921554375
0.956000000000001	14.3425256716338	0.0330248945497626	1500	0.000132183657713756
0.957000000000001	13.8748420586429	-0.00933941356642791	1500	0.00013872728220103
0.958000000000001	13.6952669770382	0.0436986539708732	1500	0.000142875105344148
0.959000000000001	14.0485998429619	-0.0546817789434707	1500	0.000141792449138026
0.960000000000001	14.4433093753099	-0.0145517654985287	1500	0.000141939089435625
0.961000000000001	14.3639083066949	0.0128461369312913	1500	0.000148698647825626
0.962000000000001	13.9429776667352	0.00804994894556257	1500	0.000141966779845289
0.963000000000001	13.7818804850082	-0.0238284940672464	1500	0.000140169487676532
0.964000000000001	14.1546731209024	-0.0373111866624673	1500	0.000137723556906117
0.965000000000001	14.5746911495995	0.0326932605649303	1500	0.000135150932602026
0.966000000000001	14.5281203053937	0.0676602676410263	1500	0.000132211435411493
0.967000000000001	14.0670221385478	0.000833200922553879	1500	0.000139257436025759
0.968000000000001	13.8776476040116	0.0298626791482715	1500	0.000143518731557047
0.969000000000001	14.2100398064616	0.0110001782821277	1500	0.000142622456922783
0.970000000000001	14.5624055044149	-0.0542224668526409	1500	0.000141706286328847
0.971000000000001	14.4326455816927	-0.0199137096978984	1500	0.000150420874613283
0.972000000000001	13.979005963382	0.00247001155528735	1500	0.000142584438313484
0.973000000000001	13.7529482132417	-0.00402743688170989	1500	0.000139368915757422
0.974000000000001	14.0531297962629	-0.0556277270245844	1500	0.000136061166920386
0.975000000000001	14.425006685904	0.0239315778092542	1500	0.000135371867071223
0.976000000000001	14.3404510173169	-0.0121133511931304	1500	0.000132274519947969
0.977000000000001	13.8720678707811	-0.00957332531908231	1500	0.000138711064407984
0.978000000000001	13.6934662672816	0.0210114458009636	1500	0.000143125305433939
0.979000000000001	14.0504777160476	-0.0323066413579506	1500	0.000142072705636119
0.980000000000001	14.4478729462283	-0.040972820586555	1500	0.000142134635861817
0.981000000000001	14.3700462003237	0.0168574923699439	1500	0.000149799362119569
0.982000000000001	13.9552789831546	0.00378193010646351	1500	0.000142538239000094
0.983000000000001	13.8138554400344	0.00409319078093357	1500	0.000138971268280425
0.984000000000001	14.1843959820502	-0.0277495226555911	1500	0.00013692150231604
0.985000000000001	14.5975418157345	0.0273272071076598	1500	0.000134449647833728
0.986000000000001	14.5403474175317	0.0457948989390784	1500	0.000131871571640318
0.987000000000001	14.0766837207773	0.00328124930012251	1500	0.000138736269947085
0.988000000000001	13.880794537736	0.0527699795477725	1500	0.000143785657450269
0.989000000000001	14.2304858899161	-0.0171866167833457	1500	0.000141986565912643
0.990000000000001	14.5797618906488	0.00418916149111324	1500	0.000141262733979883
0.991000000000001	14.4399105009057	-0.0401343911547352	1500	0.000150209836677191
0.992000000000001	13.9879832717811	-0.0115407645431725	1500	0.000142987238673931
0.993000000000001	13.7591011710255	-0.00677037998270949	1500	0.000139448476722906
0.994000000000001	14.0643619000357	-0.0260844077300877	1500	0.000137280338689808
0.995000000000001	14.4417441720738	-0.0484601656508671	1500	0.000136127514701614
0.996000000000001	14.3425570854016	0.0330233264721873	1500	0.000132185304758566
0.997000000000001	13.8748664307717	-0.0093343449839034	1500	0.000138725886374402
0.998000000000001	13.6952699176232	0.0436952315355555	1500	0.00014287671069441
0.999000000000001	14.0486292420966	-0.0546732505699046	1500	0.000141792708130917
1	14.4433186210145	-0.0145548144366699	1500	0.000141937041839536
1.001	14.3639280380542	0.0128449100722486	1500	0.000148700693196523
1.002	13.9429873799855	0.0080533072851857	1500	0.000141965464849848
1.003	13.7818800619459	-0.0238341523733	1500	0.000140170794073251
1.004	14.1546844846804	-0.0373034895087907	1500	0.000137723305546714
1.005	14.5746474627531	0.0326890248061863	1500	0.000135148693311782
1.006	14.5279853320913	0.0676596636021467	1500	0.000132212983122672
1.007	14.0667865795442	0.000838007481734079	1500	0.000139256129079864
1.008	13.8772623385647	0.0298589711630572	1500	0.000143520233366882
1.009	14.2096131860528	0.0110091992828554	1500	0.000142622705674134
1.01	14.562265371673	-0.0542257237923729	1500	0.000141704387832641
1.011	14.4325471378208	-0.0199157990351607	1500	0.000150422829446013
1.012	13.9786378239972	0.00247379488264709	1500	0.000142583185184333
1.013	13.7526328918519	-0.00403294361666712	1500	0.000139370143577355
1.014	14.0530723702234	-0.0556206251178653	1500	0.000136060934850877
1.015	14.4250151032686	0.0239288515338395	1500	0.000135369744354337
1.016	14.340460945428	-0.0121151599917703	1500	0.000132275994092824
1.017	13.87205460055	-0.00956926238064864	1500	0.000138709849728725
1.018	13.6934094573468	0.0210077644258866	1500	0.000143126720810954
1.019	14.0504228025105	-0.0322986709253396	1500	0.000142072980199619
1.02	14.4477962201316	-0.0409757284508067	1500	0.000142132836870935
1.021	14.3699922764374	0.0168560493981707	1500	0.000149801205783331
1.022	13.9552687303459	0.00378520510272476	1500	0.000142537031920048
1.023	13.813750684283	0.00408847442904667	1500	0.000138972406022649
1.024	14.1842876576423	-0.0277424344658097	1500	0.000136921269334961
1.025	14.5975578619158	0.0273237638251727	1500	0.000134447656788943
1.026	14.5402835411759	0.045793954809393	1500	0.000131872962752727
1.027	14.0763782691048	0.00328575977956396	1500	0.000138735118899489
1.028	13.8805095523688	0.0527668990350244	1500	0.000143787008775325
1.029	14.2303177808394	-0.0171791062383882	1500	0.000141986779056642
1.03	14.5795232199387	0.00418623166004268	1500	0.000141261020634613
1.031	14.4395962951392	-0.0401363460675417	1500	0.000150211584787543
1.032	13.9876312811172	-0.0115378456919864	1500	0.000142986127977723
1.033	13.7580103797188	-0.00677501567630222	1500	0.000139449557769538
1.034	14.0642418138643	-0.0260773722036896	1500	0.000137280153230724
1.035	14.4415197263902	-0.0484629856082839	1500	0.000136125604498236
1.036	14.3425372033187	0.0330220384597503	1500	0.00013218661668949
1.037	13.8748698399664	-0.00933031063696295	1500	0.000138724777156602
1.038	13.6952793242779	0.0436925175410222	1500	0.000142877990286889
1.039	14.0486947629284	-0.0546664823892227	1500	0.00014179291550382
1.04	14.4433766092937	-0.0145572614049157	1500	0.000141935411252621
1.041	14.3639998441281	0.012843919286663	1500	0.000148702317917087
1.042	13.9430040485366	0.00805595397683036	1500	0.000141964418478215
1.043	13.7818718143787	-0.0238386297996409	1500	0.000140171830399578
1.044	14.154746234046	-0.0372973513151603	1500	0.00013772310599719
1.045	14.57461527492	0.0326856544781534	1500	0.000135146917281131
1.046	14.5278443257276	0.0676591619682145	1500	0.000132214216825877
1.047	14.0664260803538	0.000841830407811524	1500	0.00013925509007713
1.048	13.8769320532348	0.0298560237344173	1500	0.000143521429926791
1.049	14.2094338857011	0.0110163750017312	1500	0.00014262290385009
1.05	14.5620245570075	-0.0542283355899027	1500	0.00014170287660875
1.051	14.4322063477547	-0.0199174687366704	1500	0.000150424380938948
1.05199999999999	13.9781821478951	0.00247679943464104	1500	0.000142582188897809
1.05299999999999	13.7511154275386	-0.00403733087429612	1500	0.000139371118608057
1.05399999999999	14.0528130950893	-0.0556149804014723	1500	0.000136060750797055
1.05499999999999	14.4250036129837	0.0239266771519662	1500	0.00013536805828662
1.05599999999999	14.3404446916245	-0.0121166109545767	1500	0.000132277168604327
1.05699999999999	13.8720069748236	-0.00956604614203626	1500	0.000138708884340052
1.05799999999999	13.6933219113115	0.0210048407546142	1500	0.000143127847554223
1.05899999999999	14.0503385890716	-0.0322923405067647	1500	0.000142073201351054
1.05999999999999	14.4476218968058	-0.0409780477914947	1500	0.000142131404395359
1.06099999999999	14.3698969434337	0.0168548775230169	1500	0.000149802669976785
1.06199999999999	13.9551543988272	0.00378781194605311	1500	0.00014253607138499
1.06299999999999	13.813687257456	0.00408474753766831	1500	0.0001389733094666
1.06399999999999	14.1842167036151	-0.0277368026795512	1500	0.000136921083983122
1.06499999999999	14.5973312065566	0.0273210205352745	1500	0.000134446076221027
1.06599999999999	14.5399537329467	0.0457932000708259	1500	0.000131874070981569
1.06699999999999	14.0759939639289	0.00328934129871759	1500	0.000138734204447062
1.06799999999999	13.880352434055	0.0527644553076506	1500	0.000143788085365357
1.06899999999999	14.2302219697274	-0.0171731272073952	1500	0.000141986949323062
1.06999999999999	14.5792664628879	0.00418390228839502	1500	0.000141259655672051
1.07099999999999	14.4391567060494	-0.0401378980025619	1500	0.000150212972637634
1.07199999999999	13.9870510781637	-0.0115355252510175	1500	0.000142985244532635
1.07299999999999	13.7565646190498	-0.00677871546973187	1500	0.000139450415787662
1.07399999999999	14.0634503028481	-0.0260717852381578	1500	0.000137280007537637
1.07499999999999	14.4412872863805	-0.0484652576238775	1500	0.000136124087414517
1.07599999999999	14.3422575426957	0.033020978799607	1500	0.000132187660968898
1.07699999999999	13.8744344477649	-0.00932710100520459	1500	0.000138723895559238
1.07799999999999	13.6952453332991	0.0436903670696792	1500	0.000142879009599178
1.07899999999999	14.048643127261	-0.054661114568635	1500	0.000141793081530142
1.07999999999999	14.4432934530763	-0.0145592267589579	1500	0.000141934113101135
1.08099999999999	14.3639005377141	0.0128431166895768	1500	0.00014870360886041
1.08199999999999	13.9428855350084	0.00805803407880817	1500	0.000141963585747881
1.08299999999999	13.7818092241354	-0.0238421687804968	1500	0.000140172652616994
1.08399999999999	14.1546683996963	-0.0372924575508333	1500	0.00013772294780925
1.08499999999999	14.5744889571809	0.0326829715791502	1500	0.000135145507866968
1.08599999999999	14.5277262282612	0.0676587438254435	1500	0.000132215199652529
1.08699999999999	14.0663679299982	0.000844868845291422	1500	0.000139254263860017
1.08799999999999	13.8769260701225	0.0298536818370457	1500	0.000143522382719806
1.08899999999999	14.2094526371716	0.0110220826165965	1500	0.000142623061590474
1.08999999999999	14.561989182635	-0.0542304331337958	1500	0.000141701674025575
1.09099999999999	14.4322217878398	-0.019918803694828	1500	0.000150425612483402
1.09199999999999	13.9781898748449	0.00247918303597154	1500	0.000142581396840541
1.09299999999999	13.7507587258008	-0.00404082579607453	1500	0.000139371893119025
1.09399999999999	14.0527003096055	-0.0556104962208892	1500	0.000136060604987474
1.09499999999999	14.4249943180961	0.0239249419437212	1500	0.000135366718155264
1.09599999999999	14.3403973921783	-0.0121177750354908	1500	0.000132278103947192
1.09699999999999	13.8719414553055	-0.00956350378937622	1500	0.000138708116878159
1.09799999999999	13.6932632149729	0.0210025200170723	1500	0.000143128743958282
1.09899999999999	14.050350351583	-0.0322873152581895	1500	0.000142073379641163
1.09999999999999	14.4476121184756	-0.040979898352253	1500	0.00014213026402891
1.10099999999999	14.3698975688224	0.0168539231382126	1500	0.000149803833055261
1.10199999999999	13.9551621197648	0.00378988593899575	1500	0.000142535306941427
1.10299999999999	13.8136808001454	0.00408180661546582	1500	0.000138974027038383
1.10399999999999	14.1842282325541	-0.027732331085201	1500	0.000136920936560701
1.10499999999999	14.5973341654024	0.0273188345164145	1500	0.000134444820770451
1.10599999999999	14.5399439752894	0.0457925973111799	1500	0.000131874953372892
1.10699999999999	14.07598956548	0.00329218208803668	1500	0.000138733477831786
1.10799999999999	13.8803030429763	0.0527625180622035	1500	0.000143788942627009
1.10899999999999	14.2301968107098	-0.0171683675837281	1500	0.000141987085335765
1.10999999999999	14.5792630490123	0.00418205026276069	1500	0.000141258568359548
1.11099999999999	14.4391715437005	-0.0401391295676593	1500	0.000150214074652853
1.11199999999999	13.987059548456	-0.0115336821885605	1500	0.000142984541732753
1.11299999999999	13.7565435431182	-0.00678166880148196	1500	0.000139451096882913
1.11399999999999	14.0634280126246	-0.0260673508493374	1500	0.000137279893340067
1.11499999999999	14.4412517956526	-0.0484670916498764	1500	0.000136122881893722
1.11599999999999	14.3422044841443	0.0330201047768418	1500	0.00013218849178422
1.11699999999999	13.874367957653	-0.00932454845187181	1500	0.000138723194775945
1.11799999999999	13.6951857373764	0.0436886644576098	1500	0.000142879821204319
1.11899999999999	14.0486522491704	-0.0546568606294402	1500	0.000141793214433682
1.11999999999999	14.4432799178675	-0.0145608065502378	1500	0.000141933079789738
1.12099999999999	14.3639110865296	0.0128424639470302	1500	0.000148704634843555
1.12199999999999	13.942897718852	0.00805966380827376	1500	0.000141962922928065
1.12299999999999	13.781810007886	-0.0238449625914829	1500	0.000140173304995821
1.12399999999999	14.1546860995026	-0.0372885567580831	1500	0.000137722822546999
1.12499999999999	14.5744864831043	0.0326808349457313	1500	0.000135144388926806
1.12599999999999	14.5276471316793	0.0676583932308742	1500	0.00013221598230352
1.12699999999999	14.0663358512997	0.000847282218391535	1500	0.000139253606684856
1.12799999999999	13.8769012459424	0.0298518218359662	1500	0.000143523141083707
1.12899999999999	14.2093846486049	0.0110266222637871	1500	0.000142623187017691
1.12999999999999	14.5618836471054	-0.0542321206056707	1500	0.000141700717252701
1.13099999999999	14.4320949169062	-0.0199198718773853	1500	0.000150426590120664
1.13199999999999	13.978051337176	0.00248107198472924	1500	0.000142580767159386
1.13299999999999	13.7506313732635	-0.00404360981512471	1500	0.000139372508474382
1.13399999999999	14.0525210128911	-0.0556069359492621	1500	0.00013606048957143
1.13499999999999	14.4249629715796	0.023923556413006	1500	0.000135365652370258
1.13599999999999	14.3403799061661	-0.0121187095804168	1500	0.000132278848603483
1.13699999999999	13.8718216239267	-0.00956149701301608	1500	0.000138707506519691
1.13799999999999	13.6930096691757	0.0210006788043735	1500	0.000143129456727614
1.13899999999999	14.0499841976482	-0.0322833285945962	1500	0.000142073523508678
1.13999999999999	14.4470962188059	-0.0409813753374132	1500	0.000142129356315822
1.14099999999999	14.3694668417131	0.0168531432446044	1500	0.000149804757063221
1.14199999999999	13.9547794984715	0.00379153543367065	1500	0.000142534698464426
1.14299999999998	13.8136019405382	0.00407948944618429	1500	0.000138974597084311
1.14399999999998	14.184073384183	-0.0277287833224049	1500	0.00013692081928781
1.14499999999998	14.5971136399562	0.0273170923964762	1500	0.000134443823078489
1.14599999999998	14.539680446968	0.0457921160453055	1500	0.000131875655688462
1.14699999999998	14.0758123569464	0.00329443266011336	1500	0.000138732900350333
1.14799999999998	13.8802564771077	0.0527609834992873	1500	0.000143789624846783
1.14899999999998	14.2301199252772	-0.017164578816416	1500	0.000141987193923826
1.14999999999998	14.5791174039238	0.00418057774897101	1500	0.000141257702174564
1.15099999999998	14.4390087995983	-0.0401401066669652	1500	0.00015021494980638
1.15199999999998	13.9869130663064	-0.0115322195620708	1500	0.000142983982625977
1.15299999999998	13.7563717691338	-0.00678402696053903	1500	0.000139451637608104
1.15399999999998	14.063210016847	-0.0260638332895822	1500	0.000137279804023595
1.15499999999998	14.4413356863462	-0.0484685751868821	1500	0.000136121923519541
1.15599999999998	14.3420098652893	0.0330193814548857	1500	0.000132189152499233
1.15699999999998	13.8734599715409	-0.00932251903004319	1500	0.000138722637648742
1.15799999999998	13.6939060601184	0.0436873175474373	1500	0.000142880467236956
1.15899999999998	14.0469891630622	-0.0546534925631244	1500	0.000141793320789277
1.15999999999998	14.441256859104	-0.0145620774218773	1500	0.000141932257402059
1.16099999999998	14.3619727342502	0.0128419304784898	1500	0.000148705450417195
1.16199999999998	13.941358096731	0.00806093616967222	1500	0.000141962395221824
1.16299999999998	13.7816543794489	-0.0238471651206835	1500	0.000140173822617102
1.16399999999998	14.1544350295714	-0.037285448031393	1500	0.000137722723460557
1.16499999999998	14.5741070166949	0.0326791326106293	1500	0.000135143500312681
1.16599999999998	14.5273348580896	0.0676580970284222	1500	0.000132216605375808
1.16699999999998	14.0661185684376	0.000849197978814876	1500	0.000139253083829329
1.16799999999998	13.8768743142003	0.0298503452196805	1500	0.000143523744512549
1.16899999999998	14.2093482233197	0.0110302327751312	1500	0.000142623286638196
1.16999999999998	14.5618394938608	-0.0542334809174195	1500	0.000141699956143653
1.17099999999998	14.4320359579708	-0.0199207275891782	1500	0.000150427366212037
1.17199999999998	13.9779754586963	0.00248256717817888	1500	0.000142580266561368
1.17299999999998	13.7505416091031	-0.00404582766231195	1500	0.000139372997462991
1.17399999999998	14.0524142503652	-0.0556041109601533	1500	0.000136060398270074
1.17499999999998	14.4249576548035	0.0239224494431793	1500	0.000135364804337389
1.17599999999998	14.3403779301058	-0.0121194607152338	1500	0.000132279441352862
1.17699999999998	13.871747886635	-0.00955991566460843	1500	0.000138707021055059
1.17799999999998	13.6928092867305	0.0209992188397958	1500	0.000143130023266349
1.17899999999998	14.0497538617863	-0.0322801682193781	1500	0.000142073639732924
1.17999999999998	14.4468020870189	-0.0409825544546792	1500	0.000142128633813879
1.18099999999998	14.3691656539345	0.0168525033741112	1500	0.000149805491203
1.18199999999998	13.9543550660082	0.00379284701582695	1500	0.000142534214033687
1.18299999999998	13.8132476756362	0.00407766689372377	1500	0.00013897505002065
1.18399999999998	14.1836111601952	-0.0277259708952189	1500	0.000136920725963346
1.18499999999998	14.5963628433959	0.027315704061269	1500	0.000134443029890754
1.18599999999998	14.5389650168045	0.0457917316514532	1500	0.000131876214514634
1.18699999999998	14.0752736221153	0.00329621328533539	1500	0.000138732441306844
1.18799999999998	13.8800846003509	0.0527597689593666	1500	0.000143790167704757
1.18899999999998	14.2299458748472	-0.0171615629228625	1500	0.000141987280608168
1.18999999999998	14.5788701678475	0.00417940697986656	1500	0.000141257012091764
1.19099999999998	14.4386550067229	-0.0401408818322058	1500	0.000150215644851623
1.19199999999998	13.9864871799177	-0.0115310598709062	1500	0.000142983537765653
1.19299999999998	13.7560091001284	-0.00678591066840419	1500	0.000139452066922238
1.19399999999998	14.0630465265727	-0.0260610448758757	1500	0.000137279734283114
1.19499999999998	14.4413300060506	-0.0484697779290105	1500	0.000136121161317175
1.19599999999998	14.3420209818848	0.0330187804211305	1500	0.000132189677757524
1.19699999999998	13.8734689535518	-0.00932090588529781	1500	0.00013872219467762
1.19799999999998	13.6939074236719	0.0436862529862812	1500	0.000142880981397167
1.19899999999998	14.0470015518314	-0.0546508288284933	1500	0.000141793405888861
1.19999999999998	14.4412545035003	-0.0145630999039977	1500	0.00014193160351997
1.20099999999998	14.3619828878561	0.0128414919647706	1500	0.000148706098899489
1.20199999999998	13.9412552874075	0.00806192539731602	1500	0.000141961975024556
1.20299999999998	13.7816265304434	-0.0238488987661001	1500	0.000140174233311029
1.20399999999998	14.1544469667628	-0.0372829709320364	1500	0.000137722645145331
1.20499999999998	14.5740873646997	0.0326777757260972	1500	0.000135142794440752
1.20599999999998	14.5272521223414	0.0676578445180029	1500	0.00013221710131205
1.20699999999998	14.0659512368639	0.000850717860653692	1500	0.000139252667721026
1.20799999999998	13.8766915249643	0.029849173525096	1500	0.000143524224560019
1.20899999999998	14.209076769323	0.011033104180124	1500	0.000142623365679333
1.20999999999998	14.5614737237514	-0.0542345800818401	1500	0.000141699350734699
1.21099999999998	14.43160028109	-0.0199214141626286	1500	0.000150427982293901
1.21199999999998	13.9772702892772	0.00248374911917208	1500	0.000142579868575807
1.21299999999998	13.7494868706497	-0.00404759473542365	1500	0.000139373386082951
1.21399999999998	14.0520277939278	-0.0556018710004853	1500	0.000136060326068493
1.21499999999998	14.4249605413722	0.0239215644831896	1500	0.000135364129236796
1.21599999999998	14.3403835157467	-0.0121200654587595	1500	0.000132279913163292
1.21699999999998	13.8717475891529	-0.00955867179218789	1500	0.000138706634822383
1.21799999999998	13.6928023351316	0.0209980618893412	1500	0.00014313047343059
1.21899999999998	14.0497542376503	-0.0322776650986284	1500	0.000142073733737719
1.21999999999998	14.4467925398779	-0.040983495928953	1500	0.000142128058696145
1.22099999999998	14.3691374271945	0.0168519759481335	1500	0.000149806074516582
1.22199999999998	13.9542105423252	0.00379388982551385	1500	0.000142533828289211
1.22299999999998	13.8129582381816	0.00407623623543728	1500	0.000138975409975666
1.22399999999998	14.1832672178816	-0.0277237435851266	1500	0.000136920651649083
1.22499999999998	14.5961264146578	0.0273145978375985	1500	0.000134442399039422
1.22599999999998	14.5387299401939	0.0457914243401329	1500	0.000131876659068493
1.22699999999998	14.0749862034938	0.00329761992355658	1500	0.00013873207632957
1.22799999999998	13.8797603377643	0.052758808665056	1500	0.000143790599594762
1.22899999999998	14.2291846445667	-0.0171591622893552	1500	0.000141987349786939
1.22999999999998	14.5769323751833	0.00417847617142834	1500	0.000141256462209615
1.23099999999998	14.4383270001766	-0.0401414968686722	1500	0.000150216196889606
1.23199999999998	13.9860533514314	-0.0115301412411021	1500	0.000142983183736006
1.23299999999998	13.7555995500182	-0.00678741619536909	1500	0.000139452407789
1.23399999999997	14.0627613519538	-0.0260588361368527	1500	0.000137279679939712
1.23499999999997	14.4412974611516	-0.0484707554554808	1500	0.000136120554916694
1.23599999999997	14.3420201743177	0.0330182786180022	1500	0.000132190095214184
1.23699999999997	13.8734565541083	-0.00931962385761915	1500	0.000138721842431203
1.23799999999997	13.6938760742886	0.0436854123907521	1500	0.00014288139057362
1.23899999999997	14.0469764786231	-0.0546487249653464	1500	0.000141793473956972
1.23999999999997	14.4411741383408	-0.014563924160796	1500	0.000141931082600756
1.24099999999997	14.3613619706555	0.0128411290707666	1500	0.000148706614505349
1.24199999999997	13.9402939878869	0.00806269060510513	1500	0.0001419616402105
1.24299999999997	13.7808193136047	-0.0238502609125767	1500	0.000140174559094452
1.24399999999997	14.153306281824	-0.0372809975361431	1500	0.000137722583336696
1.24499999999997	14.5729906535274	0.0326766936619438	1500	0.000135142233658083
1.24599999999997	14.5262138251297	0.0676576269187933	1500	0.000132217496050047
1.24699999999997	14.064958529961	0.000851922950890307	1500	0.000139252336468008
1.24799999999997	13.8756033212548	0.0298482442755164	1500	0.000143524606415337
1.24899999999997	14.2081094149237	0.0110353876484795	1500	0.000142623428313354
1.24999999999997	14.5591817323728	-0.0542354706439221	1500	0.000141698869215659
1.25099999999997	14.4315103720967	-0.0199219661013599	1500	0.000150428471304654
1.25199999999997	13.9772632044523	0.00248468203006395	1500	0.000142579552147905
1.25299999999997	13.7493681914331	-0.004049002930644	1500	0.000139373694984694
1.25399999999997	14.0520256184803	-0.0556000963458329	1500	0.000136060269018406
1.25499999999997	14.4249548929417	0.023920856601945	1500	0.000135363591559632
1.25599999999997	14.3403808602596	-0.0121205533806052	1500	0.000132280288726395
1.25699999999997	13.8717356174518	-0.00955769535623009	1500	0.000138706327438595
1.25799999999997	13.6927438002112	0.0209971457134686	1500	0.000143130831032296
1.25899999999997	14.0497005854879	-0.0322756846615562	1500	0.000142073809908949
1.25999999999997	14.4466987159628	-0.040984247677527	1500	0.000142127600886414
1.26099999999997	14.3683098867811	0.0168515388900042	1500	0.000149806538019854
1.26199999999997	13.9522980994989	0.00379471900801882	1500	0.000142533521036936
1.26299999999997	13.8101613044669	0.0040751157677523	1500	0.000138975696069486
1.26399999999997	14.1793033044501	-0.0277219817400953	1500	0.000136920592418226
1.26499999999997	14.5918969849199	0.0273137166548014	1500	0.000134441897123495
1.26599999999997	14.5346362596791	0.0457911782336525	1500	0.000131877012673248
1.26699999999997	14.0697826138809	0.00329872907065921	1500	0.000138731786086579
1.26799999999997	13.8740265743081	0.0527580502717786	1500	0.000143790943150143
1.26899999999997	14.2220780355826	-0.0171572514169651	1500	0.000141987404986873
1.26999999999997	14.5665336723688	0.0041777362293783	1500	0.000141256023920961
1.27099999999997	14.4341676336831	-0.0401419850113926	1500	0.000150216635367886
1.27199999999997	13.9819935599864	-0.0115294143166205	1500	0.000142982901919453
1.27299999999997	13.7513885740582	-0.00678862025570745	1500	0.000139452678446779
1.27399999999997	14.0602332771631	-0.0260570880904857	1500	0.00013727963771364
1.27499999999997	14.4365199940381	-0.048471552071771	1500	0.000136120072318915
1.27599999999997	14.3419833072425	0.0330178574310306	1500	0.000132190426909589
1.27699999999997	13.8734577921582	-0.00931860511879465	1500	0.00013872156227705
1.27799999999997	13.6937745507046	0.0436847493325302	1500	0.000142881716202681
1.27899999999997	14.0468873406816	-0.0546470660058146	1500	0.000141793528399464
1.27999999999997	14.4409935822507	-0.0145645879804528	1500	0.000141930668633812
1.28099999999997	14.3600234652903	0.0128408264322198	1500	0.000148707024628924
1.28199999999997	13.9383350107588	0.00806327886436537	1500	0.000141961373426848
1.28299999999997	13.7797142930937	-0.0238513288598158	1500	0.00014017481750822
1.28399999999997	14.1516929702833	-0.0372794257040689	1500	0.000137722534594713
1.28499999999997	14.5706609728975	0.0326758303735908	1500	0.000135141788075105
1.28599999999997	14.5241818796217	0.0676574374112121	1500	0.000132217810208787
1.28699999999997	14.0624926068548	0.000852877878223554	1500	0.000139252072676531
1.28799999999997	13.8728328515281	0.0298475077403239	1500	0.000143524910148516
1.28899999999997	14.2062403296433	0.0110372034428772	1500	0.000142623477874573
1.28999999999997	14.5575014110153	-0.0542361944740375	1500	0.000141698486250748
1.29099999999997	14.4292592919979	-0.0199224109161564	1500	0.000150428859420749
1.29199999999997	13.975046678105	0.00248541703001909	1500	0.000142579300548349
1.29299999999997	13.7468197456004	-0.00405012549621408	1500	0.000139373940538895
1.29399999999997	14.0516488093684	-0.0555986917607304	1500	0.000136060223939868
1.29499999999997	14.4248923402573	0.0239202899644175	1500	0.000135363163116539
1.29599999999997	14.3403463136295	-0.0121209481580832	1500	0.000132280587724625
1.29699999999997	13.8717384137278	-0.00955693068717054	1500	0.00013870608273995
1.29799999999997	13.6926799823536	0.0209964207641845	1500	0.000143131115041725
1.29899999999997	14.0496518891019	-0.0322741198307879	1500	0.000142073871720195
1.29999999999997	14.4465900651954	-0.0409848478729416	1500	0.000142127236381633
1.30099999999997	14.3669879748748	0.0168511745655185	1500	0.000149806906312177
1.30199999999997	13.9491708598936	0.00379537846517193	1500	0.000142533276207931
1.30299999999997	13.8057313023092	0.00407424061640984	1500	0.000138975923507379
1.30399999999997	14.1733594408257	-0.0277205900274806	1500	0.000136920545156625
1.30499999999997	14.5848956483218	0.0273130150882668	1500	0.00013444149762993
1.30599999999997	14.5259961037926	0.0457909806897674	1500	0.000131877293897762
1.30699999999997	14.0608492096894	0.00329960170863165	1500	0.000138731555216057
1.30799999999997	13.8660261982221	0.0527574521396233	1500	0.000143791216393966
1.30899999999997	14.2147508891591	-0.0171557304095348	1500	0.000141987449017
1.30999999999997	14.5611524382303	0.00417714809650817	1500	0.000141255674471081
1.31099999999997	14.4290684392172	-0.0401423726727502	1500	0.000150216983663705
1.31199999999997	13.9772324970343	-0.0115288397857815	1500	0.000142982677517606
1.31299999999997	13.7482059942944	-0.00678958403337897	1500	0.000139452893346832
1.31399999999997	14.0589520615174	-0.0260557061248448	1500	0.000137279604987884
1.31499999999997	14.4356142105571	-0.0484722032153631	1500	0.000136119688124288
1.31599999999997	14.3419759612775	0.0330175018037927	1500	0.000132190690405536
1.31699999999997	13.8734195803313	-0.0093177956932783	1500	0.000138721339432264
1.31799999999997	13.6937616442528	0.0436842268928907	1500	0.00014288197536342
1.31899999999997	14.0468894777889	-0.0546457605019233	1500	0.000141793571918067
1.31999999999997	14.440944905225	-0.0145651238858384	1500	0.000141930338613225
1.32099999999997	14.3590546622139	0.0128405718408238	1500	0.00014870735081662
1.32199999999997	13.9366400252652	0.00806372758250127	1500	0.000141961160643758
1.32299999999997	13.7784640505537	-0.0238521640967251	1500	0.000140175022400754
1.32399999999996	14.149810425121	-0.0372781740766469	1500	0.000137722496228594
1.32499999999996	14.5674276266917	0.0326751412663013	1500	0.000135141434017139
1.32599999999996	14.5207902044656	0.0676572704234922	1500	0.000132218060261522
1.32699999999996	14.0590722467401	0.000853634105400161	1500	0.000139251862527429
1.32799999999996	13.8688029656358	0.0298469243461353	1500	0.00014352515175553
1.32899999999996	14.2028467863023	0.0110386472449952	1500	0.000142623517038543
1.32999999999996	14.5542845351321	-0.0542367849024899	1500	0.000141698181667229
1.33099999999996	14.4242715601259	-0.0199227704602197	1500	0.000150429167406326
1.33199999999996	13.9707262428864	0.00248599487151377	1500	0.000142579100467726
1.33299999999996	13.7437007260709	-0.0040510207027896	1500	0.000139374135766253
1.33399999999996	14.0516183584906	-0.0555975813734858	1500	0.000136060188360278
1.33499999999996	14.4248528814158	0.0239198361163375	1500	0.00013536282154504
1.33599999999996	14.3403377973006	-0.0121212686327382	1500	0.00013228082582794
1.33699999999996	13.8717192309043	-0.00955633351335213	1500	0.000138705887856904
1.33799999999996	13.692648024783	0.0209958476364775	1500	0.000143131340556896
1.33899999999996	14.0496175731801	-0.0322728853743017	1500	0.000142073921995556
1.33999999999996	14.4464203659287	-0.0409853268970022	1500	0.00014212694612428
1.34099999999996	14.3668486489264	0.0168508688518559	1500	0.000149807198967566
1.34199999999996	13.9489505189103	0.00379590313296308	1500	0.000142533081039842
1.34299999999996	13.8053160573142	0.00407355924567309	1500	0.000138976104351104
1.34399999999996	14.1723986815604	-0.0277194925811241	1500	0.000136920507390823
1.34499999999996	14.5834037679893	0.0273124569449043	1500	0.000134441179537513
1.34599999999996	14.5239572486682	0.0457908216118384	1500	0.000131877517554442
1.34699999999996	14.0592206226129	0.00330028638306064	1500	0.000138731371527682
1.34799999999996	13.8648379905437	0.0527569811553598	1500	0.000143791433652629
1.34899999999996	14.2137320633866	-0.0171545197491417	1500	0.000141987484126465
1.34999999999996	14.5598790431405	0.00417668077371922	1500	0.000141255395718721
1.35099999999996	14.4273789259065	-0.0401426808085574	1500	0.000150217260342819
1.35199999999996	13.976047206438	-0.0115283863147061	1500	0.000142982498765305
1.35299999999996	13.7467836798678	-0.00679035624409148	1500	0.000139453063982416
1.35399999999996	14.0589185350243	-0.026054614945919	1500	0.000137279579726641
1.35499999999996	14.4355632962057	-0.04847273714472	1500	0.000136119382180504
1.35599999999996	14.3419020511042	0.0330171996245048	1500	0.00013219089968059
1.35699999999996	13.8731313326623	-0.00931715263032657	1500	0.000138721162139369
1.35799999999996	13.6936522797382	0.043683815749781	1500	0.000142882181651389
1.35899999999996	14.0466559557787	-0.0546447356856139	1500	0.000141793606702191
1.35999999999996	14.4401859515421	-0.0145655562646443	1500	0.000141930075850876
1.36099999999996	14.3585940733087	0.0128403556377405	1500	0.000148707610336378
1.36199999999996	13.9358305558204	0.00806406646941971	1500	0.000141960990871609
1.36299999999996	13.777640107264	-0.0238528153718676	1500	0.000140175184821523
1.36399999999996	14.1487987293558	-0.0372771777308396	1500	0.000137722466086603
1.36499999999996	14.5655575019511	0.0326745909130171	1500	0.000135141152675299
1.36599999999996	14.51787023387	0.0676571215791953	1500	0.000132218259304633
1.36699999999996	14.056643816404	0.000854232618190928	1500	0.000139251695036905
1.36799999999996	13.8675986737414	0.0298464625837088	1500	0.000143525343956824
1.36899999999996	14.2026551432424	0.0110397951539807	1500	0.000142623547934741
1.36999999999996	14.5539167921007	-0.0542372685052256	1500	0.000141697939423153
1.37099999999996	14.4237731922093	-0.0199230621302992	1500	0.000150429411762952
1.37199999999996	13.9701978303783	0.00248644795903617	1500	0.00014257894133223
1.37299999999996	13.7430058786355	-0.00405173498625125	1500	0.000139374290990065
1.37399999999996	14.051493503254	-0.0555967048652658	1500	0.000136060160287271
1.37499999999996	14.4248130970955	0.0239194723465588	1500	0.000135362549077485
1.37599999999996	14.3402817888653	-0.0121215298501811	1500	0.00013228101550781
1.37699999999996	13.8716357024952	-0.00955586869054822	1500	0.000138705732588489
1.37799999999996	13.6925388818028	0.0209953949835549	1500	0.00014313151960047
1.37899999999996	14.0495099507365	-0.0322719134878379	1500	0.000142073962981126
1.37999999999996	14.4457960261252	-0.0409857089689708	1500	0.000142126714928626
1.38099999999996	14.3664563998691	0.0168506104780155	1500	0.000149807431516023
1.38199999999996	13.9482780546712	0.00379632080027547	1500	0.000142532925386804
1.38299999999996	13.8045387505244	0.00407303076005654	1500	0.000138976248177752
1.38399999999996	14.171313258417	-0.0277186289809907	1500	0.000136920477163529
1.38499999999996	14.5811749607995	0.0273120133812563	1500	0.000134440926146265
1.38599999999996	14.520961350272	0.0457906930028011	1500	0.000131877695420077
1.38699999999996	14.0565361986507	0.00330082176890329	1500	0.000138731225330413
1.38799999999996	13.8630445564399	0.0527566109726084	1500	0.000143791606421837
1.38899999999996	14.2124857339872	-0.017153556113167	1500	0.000141987512122843
1.38999999999996	14.5582554930226	0.00417630958013276	1500	0.000141255173258007
1.39099999999996	14.4251111266739	-0.0401429260597233	1500	0.000150217480146087
1.39199999999996	13.97427337537	-0.0115280289802266	1500	0.000142982356312935
1.39299999999996	13.7461746471821	-0.00679097571897522	1500	0.000139453199474178
1.39399999999996	14.0585743354753	-0.0260537547033544	1500	0.000137279560307038
1.39499999999996	14.4354570313193	-0.0484731764873865	1500	0.000136119138470568
1.39599999999996	14.3417448806568	0.033016941123205	1500	0.000132191065854615
1.39699999999996	13.8727053245912	-0.00931664176717672	1500	0.000138721021056753
1.39799999999996	13.6930385782219	0.0436834926142886	1500	0.00014288234589006
1.39899999999996	14.0456129602315	-0.0546439336964972	1500	0.000141793634485346
1.39999999999996	14.4392565162318	-0.0145659051418477	1500	0.000141929866609477
1.40099999999996	14.35869251442	0.012840170167598	1500	0.000148707816855111
1.40199999999996	13.9364936596497	0.00806431910208941	1500	0.000141960855329047
1.40299999999996	13.7781196234391	-0.023853321387253	1500	0.000140175313529799
1.40399999999996	14.1487720032991	-0.0372763849262438	1500	0.0001377224424618
1.40499999999996	14.564473820339	0.0326741511463328	1500	0.000135140929113347
1.40599999999996	14.5159766516561	0.0676569873972683	1500	0.000132218417772138
1.40699999999996	14.0536534516798	0.000854706003699287	1500	0.000139251561478069
1.40799999999996	13.8642118493764	0.0298460973977533	1500	0.000143525496884739
1.40899999999996	14.1983233307398	0.0110407077044895	1500	0.000142623572261506
1.40999999999996	14.5480746231335	-0.0542376664604553	1500	0.000141697746760573
1.41099999999996	14.4146278029835	-0.019923299749481	1500	0.000150429605592298
1.41199999999996	13.9609664578631	0.00248680208485257	1500	0.000142578814742163
1.41299999999996	13.7374407114646	-0.00405230528609854	1500	0.000139374414419305
1.41399999999996	14.0472967076496	-0.0555960142120746	1500	0.000136060138150858
1.41499999999995	14.4224634850628	0.0239191805647104	1500	0.000135362331595636
1.41599999999995	14.3371616272121	-0.0121217437909101	1500	0.000132281166687219
1.41699999999995	13.8687878870953	-0.00955550832827428	1500	0.00013870560882484
1.41799999999995	13.6911278964768	0.0209950378771247	1500	0.000143131661720157
1.41899999999995	14.0471579034741	-0.0322711502054538	1500	0.000142073996483287
1.41999999999995	14.4418216874222	-0.0409860133945971	1500	0.000142126530716637
1.42099999999995	14.3620407655273	0.0168503904320371	1500	0.000149807616294565
1.42199999999995	13.9435071831568	0.00379665356243606	1500	0.00014253280118293
1.42299999999995	13.7977549753412	0.00407262273205806	1500	0.000138976362608819
1.42399999999995	14.1629683571856	-0.0277179512017815	1500	0.000136920452912107
1.42499999999995	14.5726667667976	0.0273116614218671	1500	0.000134440724192881
1.42599999999995	14.5150406888443	0.0457905885122595	1500	0.000131877836871474
1.42699999999995	14.0502410521459	0.00330123864370218	1500	0.000138731108930306
1.42799999999995	13.8555373574076	0.052756320646623	1500	0.000143791743799369
1.42899999999995	14.2045730764872	-0.0171527891037666	1500	0.000141987534452739
1.42999999999995	14.5520939022743	0.00417601491338506	1500	0.000141254995612089
1.43099999999995	14.4188486269695	-0.0401431216140629	1500	0.000150217654782352
1.43199999999995	13.9676500426733	-0.0115277479511967	1500	0.000142982242730865
1.43299999999995	13.7422356996708	-0.0067914734064136	1500	0.000139453307057994
1.43399999999995	14.0554902335315	-0.0260530777958496	1500	0.000137279545455653
1.43499999999995	14.433199080669	-0.0484735393463988	1500	0.000136118944267629
1.43599999999995	14.3388490361867	0.0330167184244211	1500	0.000132191197779233
1.43699999999995	13.8702735699425	-0.00931623594807614	1500	0.000138720908766427
1.43799999999995	13.6921507249376	0.0436832389986105	1500	0.000142882476703513
1.43899999999995	14.0445919993621	-0.0546433084989982	1500	0.000141793656672033
1.43999999999995	14.4378393683439	-0.0145661865832127	1500	0.00014192969990422
1.44099999999995	14.3574589341114	0.0128400093575014	1500	0.000148707981239235
1.44199999999995	13.935764654947	0.00806450416547772	1500	0.000141960747020209
1.44299999999995	13.7764008626389	-0.0238537128694564	1500	0.000140175415468772
1.44399999999995	14.1455152084964	-0.0372757544278444	1500	0.000137722423997901
1.44499999999995	14.5600758578338	0.0326737995556541	1500	0.000135140751472795
1.44599999999995	14.5111936246763	0.0676568651382965	1500	0.000132218543961498
1.44699999999995	14.0480497662148	0.000855080158123178	1500	0.000139251454915956
1.44799999999995	13.8565148706147	0.029845808840443	1500	0.000143525618590076
1.44899999999995	14.1910126022062	0.0110414330454803	1500	0.000142623591377977
1.44999999999995	14.5431354869263	-0.0542379956450409	1500	0.000141697593518726
1.45099999999995	14.412881090821	-0.0199234943010584	1500	0.000150429759302885
1.45199999999995	13.9590385078792	0.0024870777659376	1500	0.000142578714018555
1.45299999999995	13.7355924569008	-0.00405276101564021	1500	0.000139374512571546
1.45399999999995	14.0463651341161	-0.0555954712329878	1500	0.000136060120707357
1.45499999999995	14.4222194563403	0.0239189463796174	1500	0.000135362157868593
1.45599999999995	14.3370635070551	-0.0121219199863541	1500	0.000132281287253794
1.45699999999995	13.8686621244017	-0.00955523029398872	1500	0.000138705510117425
1.45799999999995	13.6908439248899	0.0209947564846739	1500	0.000143131774514396
1.45899999999995	14.0465319923137	-0.0322705526211132	1500	0.000142074023954354
1.45999999999995	14.4409270995526	-0.0409862555717532	1500	0.000142126383880438
1.46099999999995	14.3612309380485	0.0168502015017295	1500	0.000149807763109105
1.46199999999995	13.9426520499375	0.00379691898022979	1500	0.00014253270201089
1.46299999999995	13.795785197605	0.00407230944527371	1500	0.000138976453683349
1.46399999999995	14.1598530490858	-0.0277174210631263	1500	0.00013692043339112
1.46499999999995	14.5692439843278	0.0273113827250971	1500	0.000134440563134247
1.46599999999995	14.5112965104979	0.0457905031181551	1500	0.000131877949362343
1.46699999999995	14.0458967640883	0.00330156150151513	1500	0.000138731016213753
1.46799999999995	13.8495775539472	0.0527560935475732	1500	0.000143791853055372
1.46899999999995	14.198693122987	-0.017152178627684	1500	0.000141987552257956
1.46999999999995	14.5486860049482	0.00417578117947269	1500	0.000141254853654239
1.47099999999995	14.4181769102108	-0.0401432779128241	1500	0.000150217793545581
1.47199999999995	13.9667611436964	-0.0115275274472186	1500	0.00014298215211058
1.47299999999995	13.7409926457791	-0.00679187395299768	1500	0.000139453392489941
1.47399999999995	14.0548058533534	-0.0260525463918671	1500	0.000137279534170308
1.47499999999995	14.4330557595446	-0.0484738402191659	1500	0.000136118789459031
1.47599999999995	14.3387682029845	0.0330165251893201	1500	0.000132191302485384
1.47699999999995	13.8700860646311	-0.00931591357858703	1500	0.000138720819365449
1.47799999999995	13.6915924748843	0.0436830402343873	1500	0.000142882580926872
1.47899999999995	14.0432295858927	-0.0546428234989108	1500	0.000141793674374515
1.47999999999995	14.4355096792594	-0.0145664134557326	1500	0.000141929567087568
1.48099999999995	14.3545638331672	0.0128398684107538	1500	0.000148708112126467
1.48199999999995	13.9323992495981	0.00806463646649585	1500	0.000141960660401903
1.48299999999995	13.7695855293955	-0.0238540141493799	1500	0.000140175496164131
1.48399999999995	14.1355335552283	-0.0372752533659536	1500	0.000137722409620592
1.48499999999995	14.5491932092275	0.0326735183006796	1500	0.000135140610327857
1.48599999999995	14.5014148711827	0.0676567526410367	1500	0.000132218644475061
1.48699999999995	14.0364341381541	0.000855375683443066	1500	0.000139251369837295
1.48799999999995	13.838847922909	0.0298455810504242	1500	0.000143525715478703
1.48899999999995	14.1735363017274	0.0110420094815738	1500	0.000142623606364571
1.48999999999995	14.5331551006835	-0.0542382695302493	1500	0.000141697471631242
1.49099999999995	14.4115171734139	-0.0199236545016883	1500	0.000150429881162102
1.49199999999995	13.9570307308521	0.0024872913232423	1500	0.000142578633852663
1.49299999999995	13.7332703269817	-0.00405312558074129	1500	0.000139374590628056
1.49399999999995	14.0447941987294	-0.0555950455399629	1500	0.000136060106972095
1.49499999999995	14.4215895926519	0.023918758292543	1500	0.00013536201897895
1.49599999999995	14.3369023659228	-0.01212206602752	1500	0.000132281383487837
1.49699999999995	13.8683640227751	-0.00955501705932399	1500	0.000138705431348069
1.49799999999995	13.6901760216712	0.0209945350175787	1500	0.0001431318640182
1.49899999999995	14.0450847112744	-0.0322700865867326	1500	0.000142074046566713
1.49999999999995	14.438439376781	-0.0409864477878663	1500	0.000142126266776655
1.50099999999995	14.3578264298848	0.0168500379095572	1500	0.00014980787975579
1.50199999999995	13.9374436612409	0.00379713101402029	1500	0.000142532622773718
1.50299999999995	13.7848461241038	0.00407207052729145	1500	0.000138976526204417
1.50399999999995	14.1425702187153	-0.0277170079454597	1500	0.000136920417652097
1.50499999999995	14.5461753159601	0.0273111626684747	1500	0.000134440434610692
1.50599999999994	14.4851013997188	0.0457904328420852	1500	0.000131878038837083
1.50699999999994	14.0135103888374	0.00330180983556986	1500	0.000138730942326781
1.50799999999994	13.8051721140259	0.0527559164377584	1500	0.000143791939938518
1.50899999999994	14.1551973539197	-0.0171516927571991	1500	0.000141987566461067
1.50999999999994	14.5191255885959	0.00417559599621196	1500	0.000141254740117762
1.51099999999994	14.4035408592231	-0.0401434032374354	1500	0.00015021790383154
1.51199999999994	13.9514401868866	-0.0115273549299113	1500	0.000142982079756923
1.51299999999994	13.7279529997879	-0.00679219701566439	1500	0.000139453460328688
1.51399999999994	14.0466575832138	-0.0260521304145418	1500	0.000137279525664434
1.51499999999994	14.4307783866464	-0.0484740907337447	1500	0.000136118666005407
1.51599999999994	14.3367565557863	0.0330163562909914	1500	0.000132191385573453
1.51699999999994	13.8683138253526	-0.00931565749942768	1500	0.000138720748171333
1.51799999999994	13.6902096077465	0.0436828846814938	1500	0.000142882663997587
1.51899999999994	14.0417329358313	-0.0546424495886252	1500	0.000141793688486773
1.51999999999994	14.433898810545	-0.0145665961170791	1500	0.000141929461160987
1.52099999999994	14.3515415127432	0.0128397435233205	1500	0.000148708216371703
1.52199999999994	13.9249789091863	0.00806472770797867	1500	0.000141960591047969
1.52299999999994	13.7565837749246	-0.0238542445234495	1500	0.000140175560004403
1.52399999999994	14.1147375534756	-0.0372748555381331	1500	0.000137722398481548
1.52499999999994	14.519121462451	0.0326732932003886	1500	0.000135140498189176
1.52599999999994	14.4632948413703	0.0676566482125699	1500	0.000132218724565033
1.52699999999994	13.9939923963178	0.000855608933686918	1500	0.000139251301854862
1.52799999999994	13.7910922292187	0.0298454014128021	1500	0.000143525792641607
1.52899999999994	14.1288399576794	0.0110424674821246	1500	0.000142623618083192
1.52999999999994	14.5025668846773	-0.0542384988619094	1500	0.000141697374678039
1.53099999999994	14.3906852301684	-0.0199237872641254	1500	0.000150429977729911
1.53199999999994	13.9390965155001	0.00248745572936324	1500	0.000142578570023042
1.53299999999994	13.7223686500008	-0.00405341760651302	1500	0.000139374652706128
1.53399999999994	14.0386400134954	-0.05559471297062	1500	0.000136060096167819
1.53499999999994	14.4194358118081	0.023918607146225	1500	0.000135361907831487
1.53599999999994	14.3351301976649	-0.0121221879332156	1500	0.00013228146036529
1.53699999999994	13.8662983236837	-0.00955485473042525	1500	0.00013870536843911
1.53799999999994	13.6870361237239	0.0209943609899111	1500	0.000143131935041042
1.53899999999994	14.0400270988106	-0.0322697249467013	1500	0.000142074065241106
1.53999999999994	14.4324582772327	-0.0409865998632349	1500	0.000142126173342485
1.54099999999994	14.3512452533178	0.016849895049983	1500	0.00014980797242356
1.54199999999994	13.9270901721086	0.00379730074522842	1500	0.000142532559406003
1.54299999999994	13.7702498067202	0.00407188984620599	1500	0.000138976583981838
1.54399999999994	14.1240309770173	-0.0277166876245536	1500	0.00013692040491937
1.54499999999994	14.5242750478569	0.0273109895572152	1500	0.000134440331964877
1.54599999999994	14.4595711295842	0.0457903745482359	1500	0.000131878110008106
1.54699999999994	13.9906004144983	0.00330199914988127	1500	0.000138730883400967
1.54799999999994	13.7845400046297	0.0527557787910419	1500	0.000143792009002271
1.54899999999994	14.1348267800509	-0.0171513060856435	1500	0.000141987577793713
1.54999999999994	14.5063364920848	0.0041754494964582	1500	0.000141254649219351
1.55099999999994	14.3934677414023	-0.0401435041232909	1500	0.000150217991498923
1.55199999999994	13.9436962093255	-0.0115272204219086	1500	0.000142982021937147
1.55299999999994	13.725143627738	-0.00679245824404214	1500	0.00013945351420407
1.55399999999994	14.0444663220651	-0.0260518059662543	1500	0.00013727951931693
1.55499999999994	14.4294874569259	-0.0484743002377322	1500	0.000136118567517293
1.55599999999994	14.335555424833	0.033016207605444	1500	0.000132191451485499
1.55699999999994	13.8666793997733	-0.00931545407367237	1500	0.000138720691450916
1.55799999999994	13.6873056859472	0.0436827631182545	1500	0.000142882730241301
1.55899999999994	14.0374360816924	-0.0546421636416558	1500	0.00014179369972693
1.55999999999994	14.4287762308276	-0.0145667428748766	1500	0.000141929376707138
1.56099999999994	14.3467261655074	0.0128396316898894	1500	0.000148708299437947
1.56199999999994	13.9191536800703	0.00806478714277942	1500	0.000141960535454137
1.56299999999994	13.748000021224	-0.0238544192762989	1500	0.000140175610465187
1.56399999999994	14.1052857426488	-0.0372745400647485	1500	0.000137722389904765
1.56499999999994	14.5093415497991	0.0326731129420944	1500	0.000135140409109836
1.56599999999994	14.4524977597714	0.0676565505101044	1500	0.000132218788412271
1.56699999999994	13.9838626833904	0.000855792910524596	1500	0.000139251247486304
1.56799999999994	13.779179197311	0.0298452598935662	1500	0.000143525854125483
1.56899999999994	14.1178763956414	0.0110428312745107	1500	0.000142623627218752
1.56999999999994	14.4949008101765	-0.0542386922216634	1500	0.000141697297554567
1.57099999999994	14.383705594428	-0.019923898094498	1500	0.000150430054229639
1.57199999999994	13.9324355585828	0.00248758129487942	1500	0.000142578519181042
1.57299999999994	13.7176591821201	-0.00405365192691651	1500	0.000139374702073457
1.57399999999994	14.0355269788385	-0.055594454311093	1500	0.000136060087679517
1.57499999999994	14.4171645829285	0.0239184856301396	1500	0.000135361818781107
1.57599999999994	14.332249046622	-0.0121222905219382	1500	0.000132281521862509
1.57699999999994	13.8635937080498	-0.00955473229491527	1500	0.000138705318159354
1.57799999999994	13.6845251622265	0.0209942244582805	1500	0.000143131991402856
1.57899999999994	14.0367479033763	-0.0322694461041787	1500	0.000142074080729061
1.57999999999994	14.4287400821293	-0.0409867196468915	1500	0.000142126098739782
1.58099999999994	14.3473381758245	0.0168497692010449	1500	0.000149808046042075
1.58199999999994	13.9208268764004	0.00379743696069008	1500	0.000142532508683677
1.58299999999994	13.7622805903796	0.00407175465925344	1500	0.000138976630052598
1.58399999999994	14.11408866248	-0.0277164408214503	1500	0.00013692039458069
1.58499999999994	14.512509452369	0.0273108540716408	1500	0.000134440249914383
1.58599999999994	14.445820935266	0.0457903257571327	1500	0.00013187816663447
1.58699999999994	13.9788223027429	0.00330214177258697	1500	0.000138730836377854
1.58799999999994	13.7742892239986	0.0527556722576169	1500	0.000143792063890643
1.58899999999994	14.1238093372935	-0.0171509983937441	1500	0.000141987586838525
1.58999999999994	14.4934634826171	0.00417533383617197	1500	0.000141254576361227
1.59099999999994	14.3770627483958	-0.0401435857521865	1500	0.000150218061214964
1.59199999999994	13.9307397164833	-0.0115271160088567	1500	0.000142981975684433
1.59299999999994	13.7173951817223	-0.00679267012193156	1500	0.0001394535569953
1.59399999999994	14.0407525259651	-0.0260515540513692	1500	0.00013727951464394
1.59499999999994	14.4267819959788	-0.0484744762292044	1500	0.000136118488903211
1.59599999999994	14.3324197019762	0.0330160757780715	1500	0.00013219150375937
1.59699999999993	13.8638327197081	-0.00931529246727891	1500	0.000138720646248385
1.59799999999993	13.6847225328285	0.0436826682408173	1500	0.000142882783103142
1.59899999999993	14.0348213796866	-0.054641947261412	1500	0.000141793708667867
1.59999999999993	14.4256340029032	-0.0145668604327108	1500	0.000141929309286255
1.60099999999993	14.3429526924291	0.0128395305252492	1500	0.000148708365655684
1.60199999999993	13.9123496355072	0.00806482205952248	1500	0.000141960490818268
1.60299999999993	13.7397418304754	-0.0238545505011685	1500	0.00014017565031448
1.60399999999993	14.0942571862952	-0.0372742902878954	1500	0.000137722383360754
1.60499999999993	14.497213648009	0.0326729685337404	1500	0.00013514033835772
1.60599999999993	14.439120035525	0.0676564585001049	1500	0.000132218839332769
1.60699999999993	13.9736896770631	0.000855937922735926	1500	0.00013925120395621
1.60799999999993	13.7715948546445	0.0298451485155552	1500	0.000143525903150694
1.60899999999993	14.1092986278144	0.0110431201356159	1500	0.000142623634314846
1.60999999999993	14.4844144353113	-0.0542388564579406	1500	0.000141697236199595
1.61099999999993	14.3700851732773	-0.019923991343677	1500	0.000150430114796416
1.61199999999993	13.9218356771987	0.00248767621824975	1500	0.000142578478660082
1.61299999999993	13.7123887372722	-0.00405384032936346	1500	0.000139374741333123
1.61399999999993	14.0340102531282	-0.0555942542755013	1500	0.000136060081017337
1.61499999999993	14.4169816056999	0.023918387916515	1500	0.000135361747336055
1.61599999999993	14.3321598906209	-0.0121223775941193	1500	0.000132281571121163
1.61699999999993	13.863456067281	-0.00955464104421003	1500	0.000138705277926965
1.61799999999993	13.6843013115275	0.0209941175076591	1500	0.000143132036120998
1.61899999999993	14.0365318654402	-0.0322692328859001	1500	0.000142074093631327
1.61999999999993	14.4283234980719	-0.0409868134153894	1500	0.000142126039125223
1.62099999999993	14.3457992715044	0.0168496574017419	1500	0.000149808104518409
1.62199999999993	13.9175892018624	0.00379754664313869	1500	0.000142532468032248
1.62299999999993	13.7579083651412	0.00407165486774094	1500	0.000138976666811426
1.62399999999993	14.1085543105586	-0.0277162521326692	1500	0.000136920386176222
1.62499999999993	14.5058795295962	0.0273107487546436	1500	0.000134440184256581
1.62599999999993	14.436428274305	0.0457902845149887	1500	0.000131878211703664
1.62699999999993	13.9661810957889	0.00330224751162988	1500	0.000138730798817229
1.62799999999993	13.7614542836504	0.0527555902027229	1500	0.00014379210749604
1.62899999999993	14.1124560428511	-0.0171507535875672	1500	0.000141987594053568
1.62999999999993	14.4863097544342	0.00417524277856686	1500	0.000141254517884962
1.63099999999993	14.3677257258638	-0.0401436522109708	1500	0.000150218116679069
1.63199999999993	13.9211418270966	-0.0115270353974203	1500	0.000142981938640962
1.63299999999993	13.7109947197873	-0.00679284259409543	1500	0.000139453590990129
1.63399999999993	14.0370288007475	-0.0260513595836548	1500	0.000137279511263791
1.63499999999993	14.4266971757319	-0.0484746247584943	1500	0.00013611842612399
1.63599999999993	14.332398111819	0.0330159581043305	1500	0.000132191545201286
1.63699999999993	13.8637957954109	-0.00931516406831293	1500	0.000138720610205855
1.63799999999993	13.684630910604	0.0436825942761473	1500	0.000142882825319673
1.63899999999993	14.0346691422636	-0.0546417858491145	1500	0.000141793715763533
1.63999999999993	14.4253510283823	-0.0145669541897007	1500	0.000141929255430043
1.64099999999993	14.3407295877316	0.0128394381377624	1500	0.000148708418475758
1.64199999999993	13.9066564992932	0.00806483822095975	1500	0.000141960454921273
1.64299999999993	13.7314005621459	-0.0238546477808149	1500	0.000140175681738284
1.64399999999993	14.0832396044267	-0.0372740929453465	1500	0.000137722378419714
1.64499999999993	14.4830749400223	0.0326728528009044	1500	0.000135140282178602
1.64599999999993	14.4198105578669	0.0676563713510422	1500	0.000132218879973197
1.64699999999993	13.9534672770191	0.00085605216560446	1500	0.000139251169066953
1.64799999999993	13.7538358406848	0.0298450609478756	1500	0.000143525942273313
1.64899999999993	14.0956110095485	0.0110433493973459	1500	0.000142623639805621
1.64999999999993	14.4787740853	-0.0542389970579126	1500	0.000141697187386051
1.65099999999993	14.3627566437203	-0.0199240704722262	1500	0.000150430162721009
1.65199999999993	13.9143462976745	0.00248774700249311	1500	0.00014257844634317
1.65299999999993	13.7072360750627	-0.00405399220945453	1500	0.000139374772551599
1.65399999999993	14.0305210495105	-0.0555941007196478	1500	0.000136060075798152
1.65499999999993	14.4168659345111	0.0239183093347443	1500	0.000135361689926176
1.65599999999993	14.3321152899502	-0.0121224521910277	1500	0.000132281610648744
1.65699999999993	13.863381232657	-0.00955457411539459	1500	0.000138705245699728
1.65799999999993	13.6840506695938	0.020994033870529	1500	0.000143132071609967
1.65899999999993	14.0359474410902	-0.0322690716390071	1500	0.000142074104438347
1.65999999999993	14.4272169974568	-0.0409868862010944	1500	0.000142125991448835
1.66099999999993	14.3435328070634	0.0168495572566423	1500	0.000149808150965706
1.66199999999993	13.9130263152083	0.00379763532101592	1500	0.000142532435416678
1.66299999999993	13.7506427069246	0.00407158252826112	1500	0.000138976696180244
1.66399999999993	14.0991613088793	-0.0277161093334126	1500	0.000136920379338026
1.66499999999993	14.4948240503554	0.0273106676410568	1500	0.000134440131654131
1.66599999999993	14.4230602323737	0.0457902492871752	1500	0.000131878247588662
1.66699999999993	13.9529161738502	0.00330232415960025	1500	0.000138730768783024
1.66799999999993	13.7491412368417	0.0527555273725119	1500	0.000143792142124991
1.66899999999993	14.1009805738305	-0.017150558855795	1500	0.000141987599820532
1.66999999999993	14.4802882341791	0.00417517135382211	1500	0.000141254470878011
1.67099999999993	14.3612824770772	-0.0401437067297182	1500	0.000150218160833917
1.67199999999993	13.9151849766318	-0.0115269735926099	1500	0.00014298190893042
1.67299999999993	13.70665797443	-0.00679298359574429	1500	0.000139453618000055
1.67399999999993	14.0343642066565	-0.026051210579965	1500	0.000137279508876056
1.67499999999993	14.4263796866539	-0.0484747506996729	1500	0.000136118375960976
1.67599999999993	14.3323887986415	0.0330158523745808	1500	0.00013219157804709
1.67699999999993	13.8637584545491	-0.00931506204352372	1500	0.000138720581452993
1.67799999999993	13.6844269464567	0.0436825366456974	1500	0.000142882859061615
1.67899999999993	14.0341205954818	-0.0546416677930137	1500	0.000141793721387228
1.67999999999993	14.4242512697009	-0.0145670285097509	1500	0.000141929212371408
1.68099999999993	14.3389228801351	0.0128393530332765	1500	0.000148708460634951
1.68199999999993	13.9040292429581	0.00806484013761773	1500	0.000141960425996839
1.68299999999993	13.7276435167815	-0.0238547186585916	1500	0.000140175706483758
1.68399999999993	14.0785789425164	-0.0372739374480755	1500	0.000137722374746256
1.68499999999993	14.4782701516942	0.0326727600316373	1500	0.000135140237579012
1.68599999999993	14.4144966220407	0.0676562884241074	1500	0.000132218912429459
1.68699999999993	13.9472492381594	0.000856142130147399	1500	0.000139251141060989
1.68799999999992	13.7463292593936	0.0298449921491627	1500	0.000143525973521429
1.68899999999992	14.0888176179835	0.0110435312581082	1500	0.00014262364403614
1.68999999999992	14.4733607054991	-0.0542391184019263	1500	0.000141697148548634
1.69099999999992	14.3572736872551	-0.0199241382306103	1500	0.000150430200617874
1.69199999999992	13.9094659114565	0.00248779881314718	1500	0.000142578420549723
1.69299999999992	13.7037189938148	-0.00405411503862442	1500	0.000139374797370065
1.69399999999992	14.0286796531781	-0.0555939839804108	1500	0.000136060071714974
1.69499999999992	14.4164333355356	0.023918246166261	1500	0.000135361643709152
1.69599999999992	14.3319743855015	-0.0121225167243407	1500	0.000132281642433556
1.69699999999992	13.8631067420548	-0.00955452608102179	1500	0.00013870521984351
1.69799999999992	13.6834728884802	0.0209939685595334	1500	0.00014313209977545
1.69899999999992	14.0345976532343	-0.032268951504908	1500	0.000142074113537192
1.69999999999992	14.4247881542263	-0.0409869420396428	1500	0.000142125953276083
1.70099999999992	14.340371536951	0.0168494668525579	1500	0.000149808187845059
1.70199999999992	13.9087939375111	0.00379770738612571	1500	0.000142532409206444
1.70299999999992	13.7439004511792	0.00407153135427596	1500	0.000138976719668886
1.70399999999992	14.0915191176974	-0.0277160028395801	1500	0.000136920373709386
1.70499999999992	14.4881884994806	0.0273106059661451	1500	0.000134440089439689
1.70599999999992	14.4182119542682	0.0457902188773849	1500	0.000131878276165316
1.70699999999992	13.9488030904177	0.00330237791977354	1500	0.000138730744737594
1.70799999999992	13.7455828580565	0.0527554795936129	1500	0.000143792169608322
1.70899999999992	14.0979592969073	-0.017150403997595	1500	0.00014198760442682
1.70999999999992	14.4776846378055	0.00417511561662287	1500	0.00014125443301782
1.71099999999992	14.3585004574559	-0.0401437518324794	1500	0.000150218196001431
1.71199999999992	13.9125945895151	-0.0115269266197921	1500	0.000142981885061189
1.71299999999992	13.7045856687846	-0.0067930994465577	1500	0.000139453639469177
1.71399999999992	14.0322827082653	-0.0260510975116524	1500	0.000137279507251345
1.71499999999992	14.4251675877043	-0.0484748579849241	1500	0.000136118335853134
1.71599999999992	14.3314657099974	0.0330157568080857	1500	0.000132191604063527
1.71699999999992	13.8623950771161	-0.0093149809497742	1500	0.000138720558500258
1.71799999999992	13.6836762323528	0.0436824917469883	1500	0.000142882886061809
1.71899999999992	14.0326832413553	-0.0546415838826906	1500	0.000141793725833197
1.71999999999992	14.4218884893637	-0.0145670869187603	1500	0.000141929177905085
1.72099999999992	14.3359002234903	0.0128392740223663	1500	0.000148708494313772
1.72199999999992	13.900021903362	0.00806483137003758	1500	0.000141960402633199
1.72299999999992	13.7216561189061	-0.0238547690953597	1500	0.000140175725938758
1.72399999999992	14.0711098055876	-0.0372738153571735	1500	0.000137722372073858
1.72499999999992	14.470697759025	0.032672685661692	1500	0.000135140202185426
1.72599999999992	14.4071244194091	0.0676562091979181	1500	0.000132218938378496
1.72699999999992	13.940579819585	0.000856212977019023	1500	0.000139251118544121
1.72799999999992	13.7407339522877	0.0298449381282497	1500	0.000143525998515369
1.72899999999992	14.083592012777	0.0110436754191548	1500	0.000142623647276485
1.72999999999992	14.4694564035353	-0.0542392240057976	1500	0.000141697117644443
1.73099999999992	14.352296094296	-0.0199241967939275	1500	0.000150430230559131
1.73199999999992	13.9043400185016	0.00248783575997925	1500	0.000142578399943687
1.73299999999992	13.7001227838309	-0.00405421476038545	1500	0.000139374817093274
1.73399999999992	14.0260081264107	-0.0555938963792039	1500	0.000136060068529624
1.73499999999992	14.4139515091395	0.0239181954244429	1500	0.000135361606423091
1.73599999999992	14.3293025932969	-0.0121225731155889	1500	0.000132281668057256
1.73699999999992	13.8607217893725	-0.0095544926514195	1500	0.00013870519907547
1.73799999999992	13.6817087347369	0.0209939176307543	1500	0.000143132122133926
1.73899999999992	14.0313560781547	-0.0322688638568849	1500	0.000142074121242214
1.73999999999992	14.4199032742213	-0.0409869841591108	1500	0.000142125922675715
1.74099999999992	14.3351887997836	0.0168493846283937	1500	0.000149808217129978
1.74199999999992	13.9019620541796	0.00379776630991643	1500	0.000142532388108155
1.74299999999992	13.7332632266916	0.00407149642084722	1500	0.000138976738488482
1.74399999999992	14.0803550744794	-0.0277159249508149	1500	0.000136920369050743
1.74499999999992	14.4785868064551	0.0273105599030339	1500	0.000134440055503852
1.74599999999992	14.4097952590433	0.0457901923267313	1500	0.000131878298938305
1.74699999999992	13.9420656967736	0.00330241371046858	1500	0.000138730725458566
1.74799999999992	13.740522627627	0.0527554435636453	1500	0.00014379219140716
1.74899999999992	14.0949968342535	-0.0171502808986564	1500	0.00014198760811493
1.74999999999992	14.4763829302416	0.00417507241168097	1500	0.000141254402462823
1.75099999999992	14.3569157784303	-0.0401437895386573	1500	0.000150218224045578
1.75199999999992	13.9112324373834	-0.0115268913371258	1500	0.000142981865847269
1.75299999999992	13.7036942263969	-0.00679319518418578	1500	0.000139453656545603
1.75399999999992	14.0312629403871	-0.02605101282648	1500	0.000137279506202877
1.75499999999992	14.4235174003417	-0.0484749498087958	1500	0.000136118303761811
1.75599999999992	14.3296959679885	0.03301566992994	1500	0.000132191624664901
1.75699999999992	13.8611998589571	-0.00931491648149094	1500	0.000138720540164448
1.75799999999992	13.6820170526095	0.0436824567328009	1500	0.000142882907696722
1.75899999999992	14.0304338104437	-0.054641526789592	1500	0.000141793729332697
1.75999999999992	14.4190762459986	-0.0145671322776608	1500	0.000141929150280596
1.76099999999992	14.3332777857716	0.0128392001656017	1500	0.000148708521243901
1.76199999999992	13.8966238519402	0.00806481468992132	1500	0.000141960383713397
1.76299999999992	13.7158180036307	-0.0238548037956361	1500	0.000140175741201254
1.76399999999992	14.0654474309593	-0.0372737199349047	1500	0.00013772237019179
1.76499999999992	14.4664913618744	0.032672626055666	1500	0.000135140174107372
1.76599999999992	14.4027139644273	0.0676561332103414	1500	0.000132218959170222
1.76699999999992	13.9367721129091	0.000856268784098408	1500	0.000139251100407154
1.76799999999992	13.7381694300177	0.0298448957073747	1500	0.000143526018529037
1.76899999999992	14.0826709439868	0.0110437895972644	1500	0.000142623649745488
1.76999999999992	14.4693234001311	-0.0542393166826941	1500	0.000141697093049031
1.77099999999992	14.3521116929114	-0.0199242478923474	1500	0.000150430254189342
1.77199999999992	13.9042529169441	0.00248786108894183	1500	0.000142578383460215
1.77299999999992	13.6998408284348	-0.00405429610389597	1500	0.00013937483276436
1.77399999999992	14.0259951935494	-0.0555938318094456	1500	0.000136060066050786
1.77499999999992	14.4139398626007	0.0239181547353795	1500	0.000135361576263893
1.77599999999992	14.3292769980798	-0.012122622889891	1500	0.000132281688772126
1.77699999999992	13.8606396574052	-0.00955447045763887	1500	0.000138705182358965
1.77799999999991	13.6816000089676	0.020993877954747	1500	0.000143132139888191
1.77899999999991	14.0311648621856	-0.0322688018369637	1500	0.000142074127812019
1.77999999999991	14.4196228934144	-0.0409870151742639	1500	0.000142125898112419
1.78099999999991	14.3348588904802	0.0168493093321744	1500	0.000149808240376943
1.78199999999991	13.901586985204	0.00379781484605807	1500	0.000142532371092263
1.78299999999991	13.732699383635	0.00407147383328325	1500	0.000138976753588474
1.78399999999991	14.079398555881	-0.0277158695494416	1500	0.000136920365165204
1.78499999999991	14.4775618332963	0.0273105263876106	1500	0.000134440028162729
1.78599999999991	14.4089721247503	0.0457901688883912	1500	0.000131878317098466
1.78699999999991	13.9411045629385	0.00330243544411618	1500	0.000138730709970912
1.78799999999991	13.7387610049503	0.052755416666563	1500	0.000143792208679192
1.78899999999991	14.0927380837963	-0.017150183098447	1500	0.00014198761106677
1.78999999999991	14.4743234354401	0.00417503923260428	1500	0.000141254377740672
1.79099999999991	14.3535115044275	-0.0401438214147263	1500	0.000150218246431309
1.79199999999991	13.9082578193549	-0.0115268652371548	1500	0.000142981850346034
1.79299999999991	13.7019038359733	-0.00679327483541954	1500	0.00013945367013158
1.79399999999991	14.0310635808762	-0.0260509505240365	1500	0.000137279505593999
1.79499999999991	14.4231997619917	-0.0484750287546726	1500	0.000136118278066629
1.79599999999991	14.3294116848145	0.0330155905389988	1500	0.000132191640966756
1.79699999999991	13.8608797092698	-0.00931486520878555	1500	0.000138720525505205
1.79799999999991	13.6816986276194	0.0436824293555461	1500	0.000142882925054341
1.79899999999991	14.029957345159	-0.0546414907055915	1500	0.00014179373207795
1.79999999999991	14.4185124336732	-0.0145671669090264	1500	0.000141929128110581
1.80099999999991	14.3328026413484	0.0128391307043759	1500	0.000148708542802723
1.80199999999991	13.8963020801999	0.00806479226933646	1500	0.000141960368342577
1.80299999999991	13.7149610935105	-0.0238548264537279	1500	0.000140175753141423
1.80399999999991	14.0643576397884	-0.0372736458203845	1500	0.000137722368928964
1.80499999999991	14.4657558107911	0.0326725783090549	1500	0.000135140151845729
1.80599999999991	14.402004792878	0.0676560602181739	1500	0.000132218975833782
1.80699999999991	13.93574024244	0.000856312776601885	1500	0.000139251085767763
1.80799999999991	13.7365882837723	0.0298448623831257	1500	0.000143526034591188
1.80899999999991	14.0810109551048	0.0110438799273038	1500	0.000142623651605229
1.80999999999991	14.4671769433647	-0.0542393986981751	1500	0.000141697073477012
1.81099999999991	14.3485852391825	-0.0199242929063341	1500	0.000150430272817792
1.81199999999991	13.9010293021108	0.00248787738006205	1500	0.00014257837025616
1.81299999999991	13.697770650438	-0.00405436283128294	1500	0.000139374845206049
1.81399999999991	14.0254370737274	-0.0555937854241844	1500	0.000136060064128037
1.81499999999991	14.413913627775	0.0239181221750326	1500	0.000135361551802962
1.81599999999991	14.329235660118	-0.0121226672669159	1500	0.000132281705580187
1.81699999999991	13.8605184799843	-0.00955445684907931	1500	0.000138705168882158
1.81799999999991	13.6813312557419	0.0209938470535964	1500	0.000143132153996932
1.81899999999991	14.0307250163012	-0.0322687599958254	1500	0.000142074133449914
1.81999999999991	14.4191923197455	-0.0409870371790135	1500	0.000142125878359176
1.82099999999991	14.3344253028998	0.0168492399440124	1500	0.00014980825882903
1.82199999999991	13.9011195395861	0.0037978551753429	1500	0.000142532357336878
1.82299999999991	13.7322883581772	0.00407146056346935	1500	0.000138976765737507
1.82399999999991	14.0787056151946	-0.0277158317605196	1500	0.000136920361904453
1.82499999999991	14.476375494464	0.0273105029655405	1500	0.000134440006081699
1.82599999999991	14.4082242593643	0.0457901479811387	1500	0.000131878331592686
1.82699999999991	13.9408685692769	0.00330244622254601	1500	0.000138730697506189
1.82799999999991	13.7383827929433	0.0527553968378981	1500	0.000143792222348346
1.82899999999991	14.0916224760109	-0.0171501054484292	1500	0.000141987613436103
1.82999999999991	14.4733284136106	0.00417501408278735	1500	0.000141254357678366
1.83099999999991	14.3527448702357	-0.0401438487034477	1500	0.00015021826432917
1.83199999999991	13.9074967018629	-0.0115268463455019	1500	0.000142981837806296
1.83299999999991	13.7008799164213	-0.00679334160015484	1500	0.000139453680952894
1.83399999999991	14.02950210781	-0.0260509058286657	1500	0.000137279505314847
1.83499999999991	14.4227138997457	-0.0484750969253276	1500	0.000136118257475062
1.83599999999991	14.3293365024725	0.0330155176521649	1500	0.000132191653857032
1.83699999999991	13.860391480598	-0.00931482440900376	1500	0.000138720513773321
1.83799999999991	13.6812305357079	0.0436824078611645	1500	0.000142882939009689
1.83899999999991	14.029835354172	-0.054641471012726	1500	0.000141793734221523
1.83999999999991	14.4180807316478	-0.0145671927062609	1500	0.000141929110247902
1.84099999999991	14.3323388035874	0.0128390650437466	1500	0.000148708560082806
1.84199999999991	13.8955702349983	0.00806476579400319	1500	0.000141960355812454
1.84299999999991	13.7137859146322	-0.0238548399757269	1500	0.000140175762451368
1.84399999999991	14.0630901283296	-0.0372735887065705	1500	0.000137722368155642
1.84499999999991	14.4639878032904	0.0326725401024569	1500	0.000135140134207438
1.84599999999991	14.3991970917893	0.0676559899703149	1500	0.00013221898920581
1.84699999999991	13.93376170237	0.000856347514769579	1500	0.000139251073921677
1.84799999999991	13.7353777016558	0.0298448361584679	1500	0.000143526047508277
1.84899999999991	14.080622775281	0.0110439513074708	1500	0.000142623653005725
1.84999999999991	14.4669337935637	-0.0542394718605385	1500	0.000141697057896123
1.85099999999991	14.3485831935141	-0.0199243329232063	1500	0.000150430287483396
1.85199999999991	13.901025037243	0.00248788667488171	1500	0.000142578359665104
1.85299999999991	13.6977629991898	-0.0040544179346522	1500	0.00013937485507671
1.85399999999991	14.0254276257033	-0.0555937533628594	1500	0.00013606006264321
1.85499999999991	14.4138985826027	0.0239180962223534	1500	0.00013536153189106
1.85599999999991	14.329220902399	-0.0121227072136974	1500	0.00013228171927203
1.85699999999991	13.8604972183117	-0.00955444974925334	1500	0.000138705157983831
1.85799999999991	13.6812173184137	0.0209938229698161	1500	0.000143132165212975
1.85899999999991	14.0306053922883	-0.0322687340064125	1500	0.000142074138319703
1.85999999999991	14.4188440112347	-0.0409870518618564	1500	0.000142125862446049
1.86099999999991	14.3338856985449	0.0168491756447832	1500	0.000149808273466254
1.86199999999991	13.900225013725	0.00379788901546725	1500	0.000142532346192945
1.86299999999991	13.731086746949	0.00407145422721576	1500	0.000138976775535631
1.86399999999991	14.0772916028771	-0.0277158077341762	1500	0.000136920359143785
1.86499999999991	14.4743761428031	0.0273104876565019	1500	0.000134439988197409
1.86599999999991	14.4050694926257	0.0457901291469626	1500	0.000131878343170195
1.86699999999991	13.938566709602	0.00330244851029082	1500	0.000138730687445519
1.86799999999991	13.7369772540206	0.0527553824423278	1500	0.000143792233146113
1.8689999999999	14.0909458381542	-0.0171500438532845	1500	0.000141987615338542
1.8699999999999	14.4730822781513	0.00417499535914263	1500	0.000141254341348644
1.8709999999999	14.3527493862421	-0.0401438723607827	1500	0.00015021827865492
1.8719999999999	13.9074983581351	-0.0115268330945122	1500	0.000142981827632191
1.8729999999999	13.7008816324554	-0.00679339803915348	1500	0.000139453689579284
1.8739999999999	14.0295040331859	-0.0260508749748256	1500	0.000137279505276277
1.8749999999999	14.4227155725909	-0.0484751560506081	1500	0.0001361182409601
1.8759999999999	14.3293205296582	0.0330154504404241	1500	0.000132191664044075
1.8769999999999	13.8603677364865	-0.00931479192164396	1500	0.000138720504372558
1.8779999999999	13.681153960312	0.0436823908582045	1500	0.000142882950248241
1.8789999999999	14.0297320870096	-0.0546414640698585	1500	0.000141793735881084
1.8799999999999	14.4179783533525	-0.0145672111964787	1500	0.000141929095915415
1.8809999999999	14.3322422535865	0.01283900269981	1500	0.000148708573965914
1.8819999999999	13.8954095890913	0.00806473658304543	1500	0.000141960345565956
1.8829999999999	13.7134064491567	-0.0238548466349422	1500	0.000140175769683
1.8839999999999	14.0625161263024	-0.0372735451841392	1500	0.000137722367760746
1.8849999999999	14.4635363733046	0.0326725095836239	1500	0.000135140120240843
1.8859999999999	14.398700971876	0.067655922261128	1500	0.000132218999957048
1.8869999999999	13.9335643043685	0.000856375017908876	1500	0.000139251064313221
1.8879999999999	13.7352814636031	0.0298448154590954	1500	0.000143526057923188
1.8889999999999	14.0800864456297	0.0110440076126753	1500	0.00014262365404249
1.8899999999999	14.4666955061041	-0.0542395376551628	1500	0.000141697045497026
1.8909999999999	14.3485774517447	-0.0199243688208123	1500	0.000150430299008641
1.8919999999999	13.9010168868779	0.0024878905866032	1500	0.000142578351148913
1.8929999999999	13.6977383298695	-0.00405446379942152	1500	0.000139374862895328
1.8939999999999	14.0254250277572	-0.0555937325747429	1500	0.000136060061502368
1.8949999999999	14.4138997720098	0.0239180756260767	1500	0.000135361515624127
1.8959999999999	14.3292107251714	-0.0121227435115618	1500	0.000132281730481498
1.8969999999999	13.860482284128	-0.00955444753248437	1500	0.00013870514915637
1.8979999999999	13.6811848095683	0.0209938041535819	1500	0.000143132174142268
1.8989999999999	14.0305562055345	-0.032268720425742	1500	0.000142074142553796
1.8999999999999	14.4187982001805	-0.0409870605851797	1500	0.000142125849594528
1.9009999999999	14.3337669287441	0.016849115748133	1500	0.000149808285075586
1.9019999999999	13.900103144845	0.0037979177285908	1500	0.000142532337137177
1.9029999999999	13.730947189507	0.00407145298581281	1500	0.00013897678346924
1.9039999999999	14.0770926425605	-0.027715794394341	1500	0.000136920356788262
1.9049999999999	14.4746297128877	0.0273104788810108	1500	0.000134439973665172
1.9059999999999	14.4053045781893	0.0457901120260414	1500	0.000131878352431533
1.9069999999999	13.9388929631097	0.00330244426428148	1500	0.000138730679303474
1.9079999999999	13.7372354515986	0.0527553721947673	1500	0.000143792241657919
1.9089999999999	14.0912234670618	-0.0171499950549217	1500	0.000141987616872821
1.9099999999999	14.4737718124381	0.00417498179190341	1500	0.0001412543280079
1.9109999999999	14.3538732091633	-0.0401438931746102	1500	0.000150218290165189
1.9119999999999	13.9085507335448	-0.0115268242418975	1500	0.000142981819351031
1.9129999999999	13.7015988795861	-0.00679344619513038	1500	0.000139453696467453
1.9139999999999	14.029506703665	-0.0260508549684794	1500	0.000137279505411921
1.9149999999999	14.4227016136887	-0.0484752075383001	1500	0.000136118227702514
1.9159999999999	14.3292728466822	0.0330153882221653	1500	0.000132191672086342
1.9169999999999	13.8602882549399	-0.00931476603596675	1500	0.000138720496833248
1.9179999999999	13.6810762076003	0.0436823772650718	1500	0.000142882959323811
1.9189999999999	14.0296582424825	-0.0546414669799272	1500	0.000141793737154203
1.9199999999999	14.4179268354311	-0.0145672236592786	1500	0.000141929084312142
1.9209999999999	14.3321963888809	0.012838943296091	1500	0.000148708585130325
1.9219999999999	13.8953626144567	0.00806470562765732	1500	0.000141960337141546
1.9229999999999	13.7133724504911	-0.0238548482126492	1500	0.000140175775266277
1.9239999999999	14.062409497068	-0.0372735125078874	1500	0.00013772236766585
1.9249999999999	14.463699771395	0.0326724852611073	1500	0.000135140109190487
1.9259999999999	14.3988916091962	0.0676558569234071	1500	0.000132219008616573
1.9269999999999	13.9338626574099	0.000856396881859313	1500	0.000139251056491851
1.9279999999999	13.7355513076989	0.0298447990371977	1500	0.000143526066347324
1.9289999999999	14.0804248506454	0.0110440519264391	1500	0.000142623654796692
1.9299999999999	14.4674024054766	-0.0542395972575732	1500	0.00014169703562709
1.9309999999999	14.349717697883	-0.0199244012829544	1500	0.000150430308041654
1.9319999999999	13.9020828094471	0.00248789038627235	1500	0.000142578344284793
1.9329999999999	13.6984045386038	-0.00405450231851964	1500	0.000139374869078949
1.9339999999999	14.0254260020146	-0.0555937206221649	1500	0.000136060060629907
1.9349999999999	14.4139007497392	0.0239180594050165	1500	0.000135361502272279
1.9359999999999	14.329211687864	-0.0121227767714568	1500	0.000132281739705538
1.9369999999999	13.8604779444122	-0.00955444892597433	1500	0.000138705141976687
1.9379999999999	13.6811733252258	0.0209937893899835	1500	0.00014313218125752
1.9389999999999	14.0305411750938	-0.0322687165324996	1500	0.000142074146261996
1.9399999999999	14.4187865804522	-0.040987064470266	1500	0.000142125839192455
1.9409999999999	14.33375346709	0.0168490597079254	1500	0.000149808294276084
1.9419999999999	13.9000916136611	0.00379794239448146	1500	0.000142532329753378
1.9429999999999	13.730981222345	0.00407145537758978	1500	0.000138976789904904
1.9439999999999	14.0771151560081	-0.0277157893315497	1500	0.00013692035475401
1.9449999999999	14.4746139331823	0.0273104753577685	1500	0.000134439961806615
1.9459999999999	14.4053712735688	0.0457900963265614	1500	0.000131878359855034
1.9469999999999	13.9390702768518	0.00330243501915389	1500	0.000138730672691976
1.9479999999999	13.7372174732386	0.0527553650856354	1500	0.000143792248348393
1.9489999999999	14.0911458942639	-0.0171499564521317	1500	0.000141987618107984
1.9499999999999	14.4737694111891	0.00417497235408283	1500	0.00014125431706402
1.9509999999999	14.3538692656073	-0.0401439117170093	1500	0.000150218299423409
1.9519999999999	13.9085015617293	-0.0115268187965578	1500	0.000142981812580513
1.9529999999999	13.7016235710815	-0.00679348769702412	1500	0.000139453701974816
1.9539999999999	14.0295079019066	-0.0260508434332636	1500	0.000137279505670262
1.9549999999999	14.4227027091133	-0.0484752525388967	1500	0.000136118217048305
1.9559999999999	14.3292522945014	0.0330153304292707	1500	0.000132191678428073
1.9569999999999	13.8602689031093	-0.00931474538905909	1500	0.000138720490776657
1.9579999999999	13.6810553687163	0.0436823662352574	1500	0.000142882966670075
1.9589999999999	14.0296338217394	-0.0546414774506846	1500	0.000141793738117531
1.95999999999989	14.4178955534058	-0.0145672311259042	1500	0.000141929074907231
1.96099999999989	14.3321816434525	0.0128388865010783	1500	0.000148708594137352
1.96199999999989	13.8953607186832	0.0080646737138455	1500	0.00014196033018135
1.96299999999989	13.7133660472243	-0.02385484608672	1500	0.000140175779553955
1.96399999999989	14.0622039457164	-0.0372734885024975	1500	0.000137722367798684
1.96499999999989	14.4635487922084	0.0326724659482051	1500	0.000135140100461546
1.96599999999989	14.3986679857463	0.0676557938185288	1500	0.00013221901560731
1.96699999999989	13.9336198565554	0.000856414367306513	1500	0.000139251050109667
1.96799999999989	13.7352124720892	0.0298447859182131	1500	0.000143526073189507
1.96899999999989	14.0799726004463	0.0110440867209773	1500	0.000142623655341621
1.96999999999989	14.4670022497036	-0.0542396516217731	1500	0.000141697027768735
1.97099999999989	14.3490360016832	-0.019924430876478	1500	0.000150430315110136
1.97199999999989	13.9010816681483	0.00248788708928044	1500	0.000142578338739194
1.97299999999989	13.6974232246895	-0.0040545349841859	1500	0.000139374873961926
1.97399999999989	14.0241838630709	-0.0555937155728488	1500	0.000136060059967995
1.97499999999989	14.4136990803899	0.0239180467506828	1500	0.000135361491263653
1.97599999999989	14.3291717653158	-0.0121228074841184	1500	0.000132281747342103
1.97699999999989	13.8598253771075	-0.00955445294163258	1500	0.000138705136121709
1.97799999999989	13.6804976526796	0.0209937777190076	1500	0.000143132186940908
1.97899999999989	14.0301737593083	-0.0322687201544111	1500	0.000142074149536723
1.97999999999989	14.4183694603243	-0.0409870644014206	1500	0.000142125830746258
1.98099999999989	14.333221367823	0.0168490070652867	1500	0.000149808301564115
1.98199999999989	13.8998079527682	0.00379796385343286	1500	0.000142532323713891
1.98299999999989	13.7306545994097	0.00407146031129683	1500	0.000138976795159195
1.98399999999989	14.0763690780712	-0.0277157906014834	1500	0.000136920352990195
1.98499999999989	14.4740987438089	0.0273104760549503	1500	0.000134439952092057
1.98599999999989	14.4053126696268	0.0457900818333166	1500	0.000131878365813954
1.98699999999989	13.9390043472368	0.00330242200940932	1500	0.000138730667300887
1.98799999999989	13.7371150691091	0.0527553603233768	1500	0.00014379225358963
1.98899999999989	14.0909895193522	-0.017149925982844	1500	0.000141987619109409
1.98999999999989	14.4732981696731	0.00417496623524651	1500	0.000141254308043103
1.99099999999989	14.3531650630932	-0.0401439284625957	1500	0.000150218306902646
1.99199999999989	13.9077889093971	-0.0115268159949164	1500	0.000142981807024597
1.99299999999989	13.7007036550696	-0.00679352384275613	1500	0.000139453706389244
1.99399999999989	14.0282575818941	-0.0260508384772356	1500	0.000137279506016798
1.99499999999989	14.4225375485044	-0.048475292007703	1500	0.000136118208473229
1.99599999999989	14.3291701971662	0.0330152765765123	1500	0.000132191683426587
1.99699999999989	13.8595392454287	-0.0093147288982398	1500	0.000138720485901161
1.99799999999989	13.6803459699995	0.0436823571143223	1500	0.000142882972638168
1.99899999999989	14.0292436759988	-0.0546414936619154	1500	0.000141793738837815
2	14.4175042990035	-0.0145691090362593	1500	0.000141929025625884
