"Time [s]"	"Current(Phase_A) [A]"	"Current(Phase_C) [A]"	"Current(Phase_B) [A]"
0	0	0	0
0.001	8.47095069773865	25.6440200177043	-34.114970715443
0.002	30.5223877313291	49.600553042732	-80.1229407740611
0.003	63.238673858463	59.6093105796003	-122.847984438063
0.004	102.878858281911	53.5522020019724	-156.431060283884
0.005	144.066311392381	33.5711535731754	-177.637464965557
0.006	182.366195733016	2.14091001584636	-184.507105748863
0.007	213.230287182464	-37.4506704286671	-175.779616753797
0.008	232.62503616392	-79.5968878775171	-153.028148286402
0.009	238.78723090211	-122.086816963508	-116.700413938602
0.01	229.031709995447	-158.126406576616	-70.9053034188309
0.011	204.180054945274	-182.215417634139	-21.9646373111349
0.012	166.977129467553	-192.832198600244	25.8550691326913
0.013	120.349141501579	-188.97026918819	68.6211276866115
0.014	67.2067058269996	-170.380830867671	103.174125040671
0.015	13.3599491665525	-137.886908573365	124.526959406813
0.016	-35.9600098598079	-94.7752305842001	130.735240444008
0.017	-73.8080753495731	-47.5120764997332	121.320151849306
0.018	-98.493790313912	-1.71128941210785	100.20507972602
0.019	-109.36355117292	38.5506622700114	70.8128889029088
0.02	-108.420347455564	74.7291188592925	33.6912285962713
0.021	-95.510907810372	103.104906207743	-7.59399839737095
0.022	-67.5252284380166	120.691241620587	-53.1660131825705
0.023	-27.768868304604	124.095337522093	-96.3264692174893
0.024	18.837044407721	111.631292501883	-130.468336909604
0.025	65.7332340643138	85.9615911757391	-151.694825240053
0.026	108.192132297621	49.8570922541387	-158.04922455176
0.027	141.547646663308	8.82737496496878	-150.375021628277
0.028	164.719640005156	-35.703330471906	-129.01630953325
0.029	174.651755010528	-79.202239285505	-95.449515725023
0.03	169.673086893071	-117.139946498118	-52.5331403949523
0.031	150.255692370136	-143.959924730544	-6.29576763959241
0.032	118.523132491844	-157.751607004793	39.2284745129497
0.033	75.4552352935218	-157.382957148362	81.9277218548404
0.034	25.893522545258	-141.775928418694	115.882405873436
0.035	-24.9499548780459	-111.970741331215	136.920696209261
0.036	-69.810843924848	-72.7627113896935	142.573555314541
0.037	-105.665687574094	-27.1147996439229	132.780487218017
0.038	-128.056312328287	15.5912254172326	112.465086911054
0.039	-138.621885934618	57.5579580115258	81.0639279230918
0.04	-135.533578642682	93.5531330933471	41.9804455493353
0.041	-119.972055370062	121.51112675095	-1.53907138088826
0.042	-90.375047192635	137.247382418908	-46.8723352262732
0.043	-48.8664831098486	139.273967647323	-90.4074845374739
0.044	-0.828715204210113	125.379714805718	-124.550999601508
0.045	48.0841207301951	97.855462432369	-145.939583162564
0.046	91.7991253763497	60.4651637886489	-152.264289164999
0.047	125.706164235959	18.7365480507932	-144.442712286752
0.048	149.480330065585	-26.2299188282473	-123.250411237337
0.049	159.971552966099	-69.3755552787923	-90.5959976873067
0.05	155.986229800948	-107.629837454587	-48.3563923463608
0.051	137.910582866197	-134.906217071171	-3.00436579502619
0.052	107.368266267259	-149.477974033543	42.109707766284
0.053	65.1504217551137	-149.955995178519	84.8055734234051
0.054	16.287125622519	-135.037760381564	118.750634759045
0.055	-33.7469175680242	-105.937940730161	139.684858298186
0.056	-77.6715685056228	-67.5820699364432	145.253638442066
0.057	-113.266467749996	-22.2248309478953	135.491298697891
0.058	-135.135246736474	19.8555499023498	115.279696834124
0.059	-145.505405567942	61.8373418207543	83.6680637471879
0.06	-141.896960778939	97.7436885596693	44.1532722192695
0.061	-125.569294656728	125.577101503979	-0.00780684725080505
0.062	-95.7516997398607	140.874887210869	-45.1231874710086
0.063	-53.8322121933991	142.612452676951	-88.7802404835514
0.064	-5.50095346383618	128.422298995196	-122.92134553136
0.065	43.8602714562137	100.497020138287	-144.357291594501
0.066	87.8842530826897	62.7923834858276	-150.676636568517
0.067	121.970830493426	20.8445259303199	-142.815356423746
0.068	145.803368675648	-24.0929320006594	-121.710436674989
0.069	156.354596250426	-67.0291232105118	-89.3254730399145
0.07	152.550043646717	-105.153001150077	-47.3970424966401
0.071	134.835812728545	-132.48392858524	-2.35188414330491
0.0720000000000001	104.62917166414	-147.243588634445	42.6144169703051
0.0730000000000001	62.6432276916054	-147.97413800792	85.3309103163144
0.0740000000000001	13.9520794282232	-133.241832527416	119.289753099193
0.0750000000000001	-35.8885558583081	-104.344919905056	140.233475763365
0.0760000000000001	-79.6453414124099	-66.1792103053959	145.824551717806
0.0770000000000001	-115.143615339727	-20.9831701434152	136.126785483142
0.0780000000000001	-137.025391642175	21.0974907506249	115.92790089155
0.0790000000000001	-147.228588727026	62.7472576623289	84.4813310646968
0.0800000000000001	-143.499343935516	98.6527905527397	44.8465533827764
0.0810000000000001	-126.914062928113	126.411270590694	0.502792337419265
0.0820000000000001	-97.141453132246	141.607165038377	-44.4657119061308
0.0830000000000001	-55.1329162279189	143.314338281749	-88.1814220538302
0.0840000000000001	-6.73471754442537	129.067152309042	-122.332434764617
0.0850000000000001	42.7256934906028	101.039551293323	-143.765244783926
0.0860000000000001	86.8321189620578	63.2374608788524	-150.06957984091
0.0870000000000001	120.951062284573	21.2426887427897	-142.193751027363
0.0880000000000001	144.750788094514	-23.6111235628053	-121.139664531709
0.0890000000000001	155.271125661132	-66.3669216495516	-88.9042040115803
0.0900000000000001	151.476729565674	-104.311038568088	-47.1656909975858
0.0910000000000001	133.880682437743	-131.633140289553	-2.24754214818955
0.0920000000000001	103.815048951747	-146.436207306704	42.6211583549569
0.0930000000000001	61.9086016214597	-147.270461592065	85.3618599706048
0.0940000000000001	13.2727971105733	-132.605898832079	119.333101721506
0.0950000000000001	-36.5242743985011	-103.784096189386	140.308370587887
0.0960000000000001	-80.2587005230857	-65.6790958176976	145.937796340783
0.0970000000000001	-115.71640443668	-20.5774935857889	136.293898022469
0.0980000000000001	-137.637667583916	21.5196394793184	116.118028104598
0.0990000000000001	-147.772876572808	62.936536298897	84.8363402739114
0.1	-144.014904324309	98.8736512907298	45.1412530335793
0.101	-127.351237726538	126.536270609444	0.814967117094156
0.102	-97.6041803809964	141.729585432987	-44.1254050519904
0.103	-55.5874104506987	143.44994050046	-87.8625300497617
0.104	-7.17627133647511	129.19616425097	-122.019892914495
0.105	42.3055270420682	101.134897170304	-143.440424212373
0.106	86.4372719402863	63.288312464542	-149.725584404828
0.107	120.563417581048	21.2791796666914	-141.842597247739
0.108	144.311098934798	-23.4863673037739	-120.824731631024
0.109	154.791950917525	-66.0979955593314	-88.693955358194
0.11	150.973675538744	-103.888316288851	-47.0853592498934
0.111	133.432435100833	-131.166288398187	-2.26614670264678
0.112	103.454976552931	-146.002925267464	42.5479487145329
0.113	61.5906339667333	-146.897429141283	85.3067951745497
0.114	12.9837343643378	-132.269674027821	119.285939663483
0.115	-36.8038838494995	-103.488710085658	140.292593935158
0.116	-80.5408309431929	-65.4168492172574	145.95768016045
0.117	-115.973936629757	-20.3885598635234	136.362496493281
0.118	-137.947363298784	21.739535800393	116.207827498391
0.119	-148.032266929825	62.9752763486584	85.0569905811666
0.12	-144.26059243805	98.9518137205067	45.308778717543
0.121	-127.573620349378	126.528085878837	1.04553447054114
0.122	-97.8392842180697	141.726899315005	-43.8876150969351
0.123	-55.8288610196181	143.466014241279	-87.637153221661
0.124	-7.4183253445438	129.215074294015	-121.796748949471
0.125	42.0645639158323	101.138872970841	-143.203436886673
0.126	86.2055108844649	63.2645173394004	-149.470028223865
0.127	120.336769197471	21.2466406280703	-141.583409825542
0.128	144.030572586111	-23.4344073765512	-120.59616520956
0.129	154.475064987272	-65.930414850066	-88.5446501372061
0.13	150.630007428501	-103.596294509683	-47.0337129188176
0.131	133.128228812244	-130.817125758535	-2.31110305370947
0.132	103.21701843697	-145.697551077786	42.4805326408164
0.133	61.3841582588053	-146.634270050884	85.2501117920789
0.134	12.7997226980744	-132.032471173212	119.232748475138
0.135	-36.9864779469119	-103.280083194875	140.266561141787
0.136	-80.7261490826896	-65.2342902295656	145.960439312255
0.137	-116.142208328579	-20.267986567647	136.410194896226
0.138	-138.161926026176	21.8847088359325	116.277217190244
0.139	-148.210508548782	62.9917657727075	85.2187427760749
0.14	-144.430601850996	99.0087796310202	45.4218222199754
0.141	-127.731507097844	126.497349845904	1.23415725194026
0.142	-98.00120071682	141.70999509587	-43.7087943790496
0.143	-56.0040853637153	143.455219612321	-87.4511342486054
0.144	-7.59953425302994	129.209582316502	-121.610048063472
0.145	41.8810314595712	101.124750083515	-143.005781543087
0.146	86.0245999297826	63.231632810524	-149.256232740307
0.147	120.164106128891	21.203882308751	-141.367988437643
0.148	143.805521742047	-23.3961376596154	-120.409384082431
0.149	154.21665248838	-65.7981773629689	-88.4184751254113
0.15	150.348246779063	-103.361873287194	-46.986373491869
0.151	132.880873635333	-130.542132420768	-2.33874121456509
0.152	103.026889579682	-145.449207766965	42.4223181872827
0.153	61.2174293552647	-146.422457779731	85.2050284244661
0.154	12.6533019206388	-131.840370946328	119.18706902569
0.155	-37.13253172555	-103.110359170272	140.242890895822
0.156	-80.8709457835564	-65.0879035051926	145.958849288749
0.157	-116.27330032258	-20.1774018786077	136.450702201188
0.158	-138.331747637077	21.9917624832279	116.33998515385
0.159	-148.356580988569	63.0086469967226	85.3479339918467
0.16	-144.56919022824	99.0541144894561	45.5150757387837
0.161	-127.862482481013	126.467474392982	1.39500808803081
0.162	-98.1323156575477	141.698304559776	-43.5659889022282
0.163	-56.0462352702358	143.338421797759	-87.2921865275234
0.164	-7.75165852374239	129.207602208498	-121.455943684755
0.165	41.7192578166085	101.116098486559	-142.835356303167
0.166	85.8609696077781	63.2089728930865	-149.069942500865
0.167	120.011997644185	21.1689814420312	-141.180979086216
0.168	143.617258770122	-23.3766334450221	-120.2406253251
0.169	153.986042364977	-65.678585047283	-88.3074573176939
0.17	150.096899191331	-103.155790050372	-46.9411091409581
0.171	132.657713540925	-130.309811402615	-2.34790213830985
0.172	102.858135896402	-145.232951468081	42.3748155716798
0.173	61.0667682652549	-146.237445678062	85.170677412807
0.174	12.5225292422075	-131.67066335239	119.148134110182
0.175	-37.2614535926206	-102.959425400954	140.220878993575
0.176	-80.9946409792925	-64.9596050339676	145.95424601326
0.177	-116.384850790421	-20.1006795510445	136.485530341465
0.178	-138.47773292105	22.0801011596556	116.397631761394
0.179	-148.485838827906	63.0298650154375	85.455973812469
0.18	-144.692032588576	99.1005270797192	45.5915055088564
0.181	-128.097112449466	126.44356841211	1.65354403735591
0.182	-98.2564173133261	141.672046220778	-43.4156289074516
0.183	-56.2673234768525	143.436357866418	-87.1690343895655
0.184	-7.87457738026446	129.194551317945	-121.319973937681
0.185	41.5895807932835	101.097819263139	-142.687400056423
0.186	85.7282780689207	63.1838846766113	-148.912162745532
0.187	119.890438118903	21.1330471174727	-141.023485236376
0.188	143.457752177239	-23.352824677961	-120.104927499278
0.189	153.792381534322	-65.5790315718429	-88.2133499624794
0.19	149.884665115531	-102.983113017809	-46.901552097722
0.191	132.470923428749	-130.113697244383	-2.35722618436586
0.192	102.718453748934	-145.051405413762	42.3329516648284
0.193	60.9409504663904	-146.080688939472	85.1397384730813
0.194	12.4147789451319	-131.525196463467	119.110417518335
0.195	-37.3670001242644	-102.829522284327	140.196522408591
0.196	-81.0933351101428	-64.8511975580935	145.944532668236
0.197	-116.473631825504	-20.0399486954232	136.513580520927
0.198	-138.597866004852	22.1506113149751	116.447254689877
0.199	-148.594501489474	63.0483528184384	85.5461486710354
0.2	-144.795456249127	99.1428870002959	45.6525692488311
0.201	-128.182296882151	126.436017291149	1.74627959100269
0.202	-98.3571145662638	141.65543557262	-43.2983210063559
0.203	-56.3737439631553	143.423432895057	-87.0496889319018
0.204	-7.97322348921707	129.188179842397	-121.21495635318
0.205	41.4711369281421	101.081101979465	-142.552238907607
0.206	85.5998994978776	63.1631698277099	-148.763069325588
0.207	119.773587656346	21.1024088323401	-140.875996488686
0.208	143.309050200011	-23.3292764447105	-119.9797737553
0.209	153.613687071789	-65.4889147602332	-88.1247723115553
0.21	149.689862384871	-102.829713791688	-46.8601485931831
0.211	132.300330011519	-129.940057961715	-2.36027204980391
0.212	102.590875862205	-144.892905354123	42.3020294919184
0.213	60.8230980296896	-145.942477829589	85.119379799899
0.214	12.3121002082493	-131.396070226336	119.083970018087
0.215	-37.4644477618633	-102.713422926745	140.177870688608
0.216	-81.1821042461825	-64.7559629195123	145.938067165695
0.217	-116.553380384412	-19.9902324642667	136.543612848679
0.218	-138.707229217201	22.2118366564094	116.495392560792
0.219	-148.696720711889	63.0728146727687	85.6239060391205
0.22	-144.890919621544	99.1856839408112	45.7052356807329
0.221	-128.261812246128	126.434872777309	1.82693946881861
0.222	-98.450134232259	141.64050195742	-43.1903677251613
0.223	-56.4700754400897	143.412185737453	-86.942110297363
0.224	-8.09993441657662	129.171254288294	-121.071319871718
0.225	41.3581406301634	101.064996964512	-142.423137594675
0.226	85.4835264052975	63.1465743390741	-148.630100744372
0.227	119.669621146154	21.0743173936288	-140.743938539782
0.228	143.177945509573	-23.3094043150366	-119.868541194536
0.229	153.454281871663	-65.4074353934631	-88.0468464781995
0.23	149.515906863144	-102.692519964726	-46.8233868984182
0.231	132.148485826151	-129.785697873984	-2.36278795216776
0.232	102.478482878105	-144.752394231162	42.2739113530575
0.233	60.718023601828	-145.81789171296	85.099868111132
0.234	12.2198973411993	-131.279181884551	119.059284543352
0.235	-37.5519038382359	-102.608404795337	140.160308633573
0.236	-81.2599418965975	-64.6712116811644	145.931153577762
0.237	-116.623089299845	-19.9489584099195	136.572047709764
0.238	-138.80395979765	22.2636313397788	116.540328457872
0.239	-148.790429796913	63.1003484174577	85.6900813794553
0.24	-144.977484990766	99.2257188455113	45.7517661452543
0.241	-128.334126774256	126.436730954159	1.89739582009696
0.242	-98.5387734800089	141.625879536658	-43.0871060566494
0.243	-56.5559753793252	143.403576919063	-86.8476015397375
0.244	-8.20056690565765	129.160563906187	-120.959997000529
0.245	41.2584299985566	101.049402614442	-142.307832612999
0.246	85.375346047954	63.1326008743759	-148.50794692233
0.247	119.574760228465	21.047377453713	-140.622137682178
0.248	143.05768493499	-23.2890465823683	-119.768638352622
0.249	153.311739551825	-65.3360043739185	-87.9757351779062
0.25	149.358977757944	-102.569357530629	-46.7896202273147
0.251	132.012230978488	-129.647546326633	-2.36468465185501
0.252	102.377930298866	-144.627169304802	42.2492390059356
0.253	60.6212180675621	-145.705611372694	85.0843933051319
0.254	12.1347064349931	-131.172882109777	119.038175674783
0.255	-37.6314748542453	-102.512862716164	140.144337570409
0.256	-81.3295130327206	-64.5953095727816	145.924822605502
0.257	-116.685530154533	-19.9145318065735	136.600061961107
0.258	-138.891065424926	22.3082583847916	116.582807040134
0.259	-148.877694963253	63.131320046507	85.7463749167465
0.26	-145.056762801251	99.2641243969134	45.7926384043372
0.261	-128.400832343883	126.440402618915	1.96042972496744
0.262	-98.6158189876026	141.617496439415	-43.0016774518122
0.263	-56.6346855769972	143.395112705846	-86.7604271288488
0.264	-8.28740579958279	129.150107611423	-120.86270181184
0.265	41.1666410008171	101.033705210776	-142.200346211593
0.266	85.2744918909185	63.1202896919149	-148.394781582833
0.267	119.486711109566	21.0223754614316	-140.509086570997
0.268	142.945609371585	-23.2667361600198	-119.678873211565
0.269	153.182716258549	-65.2713086286087	-87.9114076299403
0.27	149.217511610385	-102.45978844699	-46.7577231633944
0.271	131.890353144063	-129.523291486395	-2.36706165766745
0.272	102.288250168426	-144.51458633391	42.2263361654844
0.273	60.5316132653971	-145.604413215655	85.0727999502578
0.274	12.0555746541036	-131.07613616482	119.020561510716
0.275	-37.7043495753519	-102.425930241978	140.13027981733
0.276	-81.392148397345	-64.5272771472884	145.919425544633
0.277	-116.741747686149	-19.8865874002984	136.628335086447
0.278	-138.969759895118	22.3462856251907	116.623474269927
0.279	-148.95822313187	63.1603124221299	85.7979107097396
0.28	-145.086770254401	99.2637101808565	45.8230600735442
0.281	-128.46144484609	126.446382735941	2.01506211014971
0.282	-98.6814548355043	141.620495100957	-42.9390402654526
0.283	-56.7097742730856	143.389418064416	-86.6796437913303
0.284	-8.37216831058777	129.141428399597	-120.769260089009
0.285	41.0803622112813	101.019558122105	-142.099920333387
0.286	85.1788871382033	63.1106215812325	-148.289508719436
0.287	119.404205322424	20.9993164746632	-140.403521797087
0.288	142.843316314065	-23.2487038888205	-119.594612425244
0.289	153.064864592935	-65.2119329954467	-87.8529315974882
0.29	149.070036116832	-102.321142538988	-46.7488935778448
0.291	131.780745842928	-129.412066160044	-2.3686796828847
0.292	102.205030886153	-144.41658509899	42.2115542128371
0.293	60.4480238642969	-145.513601508989	85.065577644692
0.294	11.9808382305769	-130.988525701175	119.007687470598
0.295	-37.771569148447	-102.347056933704	140.118626082151
0.296	-81.4492412345728	-64.4664409067764	145.915682141349
0.297	-116.793355696919	-19.8636453532235	136.657001050142
0.298	-139.04227401682	22.378908575808	116.663365441012
0.299	-149.033469887278	63.1882807369547	85.8451891503231
0.3	-145.155011451096	99.3011753347158	45.8538361163802
0.301	-128.520156407269	126.452025004171	2.06813140309816
0.302	-98.7449765909314	141.618164705153	-42.8731881142217
0.303	-56.7774153964358	143.382050171416	-86.6046347749806
0.304	-8.44934802277947	129.131467746863	-120.682119724083
0.305	41.0022377835492	101.004009869512	-142.006247653061
0.306	85.0910516449481	63.1006213738819	-148.19167301883
0.307	119.329311868404	20.9759263844113	-140.305238252816
0.308	142.750980858656	-23.234189608815	-119.516791249841
0.309	152.959427240844	-65.1591669754802	-87.8002602653637
0.31	148.954337281164	-102.232521207673	-46.7218160734912
0.311	131.683104884375	-129.308921459225	-2.37418342515019
0.312	102.130750808331	-144.324491467815	42.1937406594841
0.313	60.370803524892	-145.428557168717	85.0577536438252
0.314	11.9121787286759	-130.906139726	118.993960997324
0.315	-37.8335567444255	-102.273393539995	140.106950284421
0.316	-81.5011836118667	-64.4101888394365	145.911372451303
0.317	-116.840879138025	-19.8432269662593	136.684106104284
0.318	-139.109586221999	22.4093586576366	116.700227564363
0.319	-149.104148832644	63.2161392367143	85.8880095959296
0.32	-145.218250884082	99.3357194657772	45.8825314183047
0.321	-128.574819653812	126.461866220045	2.11295343376784
0.322	-98.8056763664272	141.620193147541	-42.8145167811141
0.323	-56.8400418207269	143.377165152463	-86.5371233317364
0.324	-8.52121107728725	129.122479505236	-120.601268427949
0.325	40.9299113216142	100.989218640393	-141.919129962008
0.326	85.0089130287766	63.0918926995513	-148.100805728328
0.327	119.260079196254	20.9533069164954	-140.21338611275
0.328	142.665844504732	-23.2209468605581	-119.444897644174
0.329	152.863539814681	-65.1108122339347	-87.7527275807463
0.33	148.849553084374	-102.151295984995	-46.6982570993783
0.331	131.594865710464	-129.215575024542	-2.37929068592143
0.332	102.062931553038	-144.239459425984	42.1765278729454
0.333	60.2988510996576	-145.350018047819	85.0511669481618
0.334	11.8484666063883	-130.829286752554	118.980820146166
0.335	-37.8910929296968	-102.205039499985	140.096132429682
0.336	-81.5489109073692	-64.3585191481414	145.907430055511
0.337	-116.884872840118	-19.8259839643823	136.7108568045
0.338	-139.171574551615	22.435629333383	116.735945218232
0.339	-149.170397214594	63.242996795553	85.9274004190408
0.34	-145.277822162928	99.368922472968	45.9088996899599
0.341	-128.626187358343	126.47389275757	2.15229460077357
0.342	-98.8628344128624	141.624065139707	-42.7612307268445
0.343	-56.8996206109448	143.37323029679	-86.4736096858456
0.344	-8.58893282599231	129.114380076027	-120.525447250035
0.345	40.8624321030451	100.975137802204	-141.837569905249
0.346	84.9316456892393	63.0843811798132	-148.016026869052
0.347	119.197798655688	20.9289712919219	-140.12676994761
0.348	142.586508816333	-23.2082576518928	-119.37825116444
0.349	152.77569218939	-65.0660657047224	-87.7096264846673
0.35	148.754200999587	-102.076273006872	-46.6779279927151
0.351	131.514993925337	-129.129772402466	-2.38522152287086
0.352	102.000179183826	-144.16085452566	42.1606753418344
0.353	60.2315491971845	-145.276896765214	85.0453475680296
0.354	11.7873503572136	-130.75776029196	118.970409934747
0.355	-37.9449241717789	-102.141393100653	140.086317272432
0.356	-81.5929535586674	-64.310840907331	145.903794465998
0.357	-116.926471357217	-19.8108198418879	136.737291199105
0.358	-139.229465122792	22.4592877281516	116.770177394641
0.359	-149.232694341361	63.2685699609865	85.9641243803745
0.36	-145.334077893707	99.4007837243774	45.9332941693299
0.361	-128.674413135039	126.487352846892	2.18706028814684
0.362	-98.919572011539	141.627770788309	-42.7081987767699
0.363	-56.9553605369634	143.371214870679	-86.415854333716
0.364	-8.65237771578042	129.107222926786	-120.454845211006
0.365	40.7997645051428	100.961845689766	-141.761610194909
0.366	84.8588510270784	63.0780277938632	-147.936878820942
0.367	119.136670971412	20.909518827297	-140.046189798709
0.368	142.512997865163	-23.1969449052274	-119.316052959935
0.369	152.695320709856	-65.0248138518884	-87.6705068579677
0.37	148.667619036254	-102.007274299904	-46.6603447363504
0.371	131.442748624073	-129.05089673759	-2.39185188648304
0.372	101.942540836067	-144.087794817219	42.1452539811516
0.373	60.1686377981909	-145.209091844178	85.0404540459875
0.374	11.7294543725014	-130.6911970057	118.961742633199
0.375	-37.9951447898769	-102.082172423284	140.077317213161
0.376	-81.6336815400983	-64.2668412255957	145.900522765694
0.377	-116.965168040198	-19.7981822362944	136.763350276492
0.378	-139.2832158264	22.4798632331429	116.803352593258
0.379	-149.29133344682	63.2931193463463	85.9982141004738
0.38	-145.387190937515	99.4310676807881	45.9561232567271
0.381	-128.719778201656	126.501485095764	2.21829310589115
0.382	-98.9708954719756	141.633480591825	-42.6625851198492
0.383	-57.0079306002534	143.369648359176	-86.3617177589223
0.384	-8.71255174154835	129.100528027621	-120.387976286073
0.385	40.7411059743497	100.949010136235	-141.690116110584
0.386	84.7899465021798	63.0725005199457	-147.862447022125
0.387	119.081622676806	20.8877438746471	-139.969366551453
0.388	142.444583835855	-23.1871029708436	-119.257480865011
0.389	152.620944397489	-64.9863411272802	-87.6346032702093
0.39	148.588310062914	-101.943546102126	-46.644763960788
0.391	131.376712287062	-128.977568106849	-2.39914418021328
0.392	101.88857750748	-144.019405530697	42.1308280232173
0.393	60.1087512189328	-145.145676112314	85.0369248933815
0.394	11.6756483722534	-130.628316115988	118.952667743735
0.395	-38.0425860664105	-102.026704991169	140.069291057579
0.396	-81.6718957102632	-64.2259107609077	145.897806471171
0.397	-117.001519710092	-19.7875499084371	136.789069618529
0.398	-139.332964927227	22.5101575110135	116.822807416214
0.399	-149.346939584831	63.3173544583462	86.0295851264844
0.4	-145.437686224781	99.4590914171203	45.9785948076602
0.401	-128.762366490076	126.515089519391	2.24727697068502
0.402	-99.0203652251963	141.638302185849	-42.617936960653
0.403	-57.0576173350071	143.367851310793	-86.310233975786
0.404	-8.76713767594516	129.094005218468	-120.326867542523
0.405	40.6861393801233	100.936224915056	-141.622364295179
0.406	84.7243353940633	63.0673924042312	-147.791727798295
0.407	119.029693222682	20.8664524241454	-139.896145646828
0.408	142.366555204252	-23.2475358214531	-119.119019382799
0.409	152.565184639768	-64.964334982435	-87.6008496573334
0.41	148.516110125284	-101.883379690912	-46.6327304343716
0.411	131.31513305009	-128.903269683224	-2.41186336686633
0.412	101.837417333562	-143.949699448159	42.1122821145964
0.413	60.0519837761014	-145.081023359475	85.0290395833736
0.414	11.6243953712939	-130.564677697745	118.940282326452
0.415	-38.0875024838433	-101.970667654249	140.058170138092
0.416	-81.7076876771032	-64.1842116513057	145.891899328409
0.417	-117.035272248826	-19.7759249365135	136.811197185339
0.418	-139.379269799968	22.525156992515	116.854112807453
0.419	-149.399530400329	63.341873349177	86.0576570511522
0.42	-145.486125124881	99.4909057732967	45.9952193515842
0.421	-128.803877077789	126.532929855609	2.27094722217956
0.422	-99.0525004883704	141.67982993893	-42.6273294505594
0.423	-57.0056465679787	143.260643921904	-86.2549973539255
0.424	-8.81363890211745	129.103818651904	-120.290179749787
0.425	40.6285009248051	100.932650290548	-141.561151215353
0.426	84.6533997663787	63.0699004599819	-147.723300226361
0.427	118.974728323661	20.8498212628526	-139.824549586513
0.428	142.29969834948	-23.2374642633471	-119.062234086133
0.429	152.493648817581	-64.925907770791	-87.5677410467898
0.43	148.442109000024	-101.822739697161	-46.6193693028636
0.431	131.253144338348	-128.834368610801	-2.41877572754697
0.432	101.783926871444	-143.885213469745	42.1012865983006
0.433	59.9931457514137	-145.021138377295	85.0279926258813
0.434	11.5714589167645	-130.505221177402	118.933762260638
0.435	-38.1342355901026	-101.918529468182	140.052765058285
0.436	-81.745528069775	-64.1456082340079	145.891136303783
0.437	-117.070794817031	-19.766420027911	136.837214844942
0.438	-139.429289936038	22.5436915746905	116.885598361347
0.439	-149.453999157119	63.3684378680134	86.0855612891057
0.44	-145.535141761286	99.5215371865585	46.0136045747272
0.441	-128.845814654278	126.550282997007	2.29553165727118
0.442	-99.1150397953153	141.658466997851	-42.5434272025359
0.443	-57.150737529835	143.373489275369	-86.2227517455339
0.444	-8.86994712055868	129.088592221116	-120.218645100557
0.445	40.5832451505463	100.917269599928	-141.500514750474
0.446	84.6000621565678	63.0641154643635	-147.664177620931
0.447	118.932746620412	20.8303184777346	-139.763065098147
0.448	142.250973210238	-23.2374022852556	-119.013570924982
0.449	152.4382503691	-64.8970425460068	-87.5412078230929
0.45	148.384381315351	-101.77333075765	-46.6110505577009
0.451	131.205599886352	-128.776364571989	-2.42923531436261
0.452	101.742066158665	-143.830667159	42.0886010003344
0.453	59.945744884995	-144.970086014359	85.0243411293639
0.454	11.5287118913234	-130.454198277865	118.925486386541
0.455	-38.1715664710988	-101.873796478944	140.045362950042
0.456	-81.7750139820067	-64.113184644213	145.88819862622
0.457	-117.097676660495	-19.7625217168735	136.860198377369
0.458	-139.471299810738	22.5581034595591	116.913196351179
0.459	-149.49972225449	63.3885981820922	86.111124072398
0.46	-145.576676073617	99.5476257811895	46.0290502924275
0.461	-128.881295112261	126.564674653323	2.31662045893788
0.462	-99.1534028560811	141.667710247918	-42.5143073918365
0.463	-57.1912966914113	143.373307980479	-86.1820112890672
0.464	-8.91389568273732	129.08362622565	-120.169730542912
0.465	40.5381258614621	100.905836801133	-141.443962662595
0.466	84.5438911219054	63.0613415199755	-147.605232641881
0.467	118.887143122359	20.8148761598427	-139.702019282202
0.468	142.200534861973	-23.2351902808289	-118.965344581144
0.469	152.382235132839	-64.8678737498334	-87.5143613830052
0.47	148.32728054	-101.725757951124	-46.6015225888761
0.471	131.158223792622	-128.720802962166	-2.43742083045598
0.472	101.699419783365	-143.778016854602	42.0785970712373
0.473	59.8976008494885	-144.92110263087	85.0235017813816
0.474	11.4855274993525	-130.405036658759	118.919509159407
0.475	-38.2092262119511	-101.830767556578	140.039993768529
0.476	-81.8050737715458	-64.0819726846771	145.887046456223
0.477	-117.124879495736	-19.7590681370702	136.883947632806
0.478	-139.513827399502	22.5734348527109	116.940392546791
0.479	-149.545762514988	63.4104832851721	86.1352792298163
0.48	-145.617865725025	99.5736763925214	46.0441893325031
0.481	-128.91666116377	126.579372085931	2.33728907783876
0.482	-99.192280918566	141.677575731688	-42.4852948131221
0.483	-57.2307913788751	143.374401459614	-86.1436100807387
0.484	-8.95500599612868	129.079718970641	-120.124712974512
0.485	40.4941475852703	100.895287676885	-141.389435262156
0.486	84.4892842342525	63.0593699940468	-147.548654228299
0.487	118.847370190905	20.794694062045	-139.64206425295
0.488	142.151502570359	-23.2325439386259	-118.918958631733
0.489	152.328797591231	-64.8402308671891	-87.4885667240415
0.49	148.272815214426	-101.68051208275	-46.5923031316751
0.491	131.112874467375	-128.667815790217	-2.44505867715796
0.492	101.658203997039	-143.7274821492	42.0692781521603
0.493	59.8509091414535	-144.874469174936	85.0235600334828
0.494	11.4433327767663	-130.358206690355	118.914873913588
0.495	-38.2457756747191	-101.78977111881	140.035546793529
0.496	-81.834377781844	-64.0522667835362	145.88664456538
0.497	-117.151156455527	-19.7563583884546	136.907514843982
0.498	-139.555336042788	22.5888068216706	116.966529221117
0.499	-149.589154514693	63.4290117375117	86.1601427771815
0.5	-145.65812089051	99.5997921629612	46.0583287275486
0.501	-128.951015274941	126.594449675018	2.35656559992309
0.502	-99.2316149745986	141.687951826039	-42.4563368514407
0.503	-57.2689867763656	143.376293850289	-86.1073070739237
0.504	-8.995316719473	129.076743704139	-120.081426984666
0.505	40.4526335183402	100.885681994062	-141.338315512403
0.506	84.4369779122039	63.0581630014024	-147.495140913606
0.507	118.809981213892	20.7747619190425	-139.584743132935
0.508	142.104941140813	-23.2299744658124	-118.874966675
0.509	152.277019377553	-64.8129851694187	-87.4640342081342
0.51	148.221464460021	-101.637544717615	-46.5839197424058
0.511	131.070022727797	-128.61750143305	-2.45252129474707
0.512	101.618778995405	-143.679243626157	42.0604646307519
0.513	59.8060414232482	-144.830310144004	85.0242687207554
0.514	11.4028856815392	-130.313694341057	118.910808659518
0.515	-38.2808082806516	-101.750862746746	140.031671027398
0.516	-81.8625398128431	-64.024116188082	145.886656000925
0.517	-117.176195997824	-19.7545059188068	136.930701916631
0.518	-139.594935182724	22.6032316664612	116.991703516263
0.519	-149.631216180803	63.4479295860911	86.1832865947121
0.52	-145.697364581069	99.6265472621958	46.0708173188728
0.521	-128.983982315482	126.609390206924	2.37459210855781
0.522	-99.2662142071353	141.70097161904	-42.434757411905
0.523	-57.305893753757	143.378061229772	-86.0721674760153
0.524	-9.03567029170405	129.073827056204	-120.0381567645
0.525	40.4131323584804	100.876334306634	-141.289466665114
0.526	84.3869931643066	63.0571460595207	-147.444139223827
0.527	118.771578037259	20.7584788119074	-139.530056849167
0.528	142.060012583588	-23.2265057197047	-118.833506863883
0.529	152.229056869579	-64.7884421687271	-87.440614700852
0.53	148.173277009301	-101.596888174304	-46.5763888349971
0.531	131.029948344332	-128.569842393731	-2.46010595060119
0.532	101.581497219729	-143.633666674961	42.0521694552319
0.533	59.7635660039932	-144.78867434288	85.0251083388869
0.534	11.3644705955452	-130.271807096665	118.90733650112
0.535	-38.3142366728565	-101.71433929906	140.028575971917
0.536	-81.8894506053802	-63.9977811225799	145.88723172796
0.537	-117.2003365567	-19.7532698658618	136.953606422562
0.538	-139.631530690676	22.614380695217	117.017149995459
0.539	-149.671984981556	63.4674221584073	86.2045628231489
0.54	-145.73546866932	99.6534871249988	46.0819815443212
0.541	-129.015504636881	126.623998583287	2.39150605359427
0.542	-99.3016774670622	141.712715955458	-42.411038488396
0.543	-57.3410151339759	143.380358005704	-86.0393428717283
0.544	-9.07251931123128	129.071339062947	-119.998819751716
0.545	40.3760662105808	100.867480759315	-141.243546969896
0.546	84.3732601160705	63.0426345841719	-147.415894700242
0.547	118.722722203964	20.7569614041668	-139.479683608131
0.548	142.01497310312	-23.2204240876207	-118.7945490155
0.549	152.182875122653	-64.7651056411728	-87.4177694814805
0.55	148.126969481509	-101.558378203825	-46.5685912776841
0.551	130.991355647911	-128.524538721072	-2.4668169268393
0.552	101.545422492627	-143.590096644531	42.0446741519039
0.553	59.7222516233168	-144.749146072306	85.0268944489893
0.554	11.3270382531805	-130.232022323136	118.904984069956
0.555	-38.3467456631251	-101.679649592641	140.026395255766
0.556	-81.9159486811174	-63.9726665694409	145.888615250558
0.557	-117.223406865403	-19.7534740665109	136.976880931914
0.558	-139.666830178244	22.624713320606	117.042116857639
0.559	-149.711640058208	63.4870027938867	86.2246372643213
0.56	-145.772308500644	99.6791347818806	46.0931737187629
0.561	-129.046199937572	126.638727022417	2.40747291515504
0.562	-99.3361381760132	141.724800069871	-42.3886618938578
0.563	-57.3748963482958	143.382906213386	-86.0080098650906
0.564	-9.11577680090768	129.068859765406	-119.953082964498
0.565	40.3410500731067	100.859149125391	-141.200199198498
0.566	84.3283136355996	63.0419865568602	-147.37030019246
0.567	118.688914089351	20.7412630429726	-139.430177132324
0.568	141.973645417109	-23.21519389234	-118.758451524769
0.569	152.139912269174	-64.743208592821	-87.3967036763527
0.57	148.083979356904	-101.522041620126	-46.5619377367779
0.571	130.955599134063	-128.481605249628	-2.47399388443569
0.572	101.511480809822	-143.548823132515	42.0373423226923
0.573	59.6833215199544	-144.711833295113	85.0285117751582
0.574	11.2917925001427	-130.194401157853	118.90260865771
0.575	-38.3772746823934	-101.646863982425	140.024138664819
0.576	-81.9409245274723	-63.9489231489159	145.889847676388
0.577	-117.244449849981	-19.7547012404362	136.999151090417
0.578	-139.699929427094	22.6336430785755	117.066286348519
0.579	-149.749156858634	63.5055320673596	86.2436247912743
0.58	-145.806928570228	99.7026785037257	46.1042500665027
0.581	-129.075275357589	126.653066510933	2.4222088466562
0.582	-99.369222858821	141.737348194255	-42.3681253354339
0.583	-57.407445460391	143.385809168638	-85.9783637082472
0.584	-9.1510953915962	129.067011735421	-119.915916343825
0.585	40.3072393728072	100.85140800612	-141.158647378928
0.586	84.2850353666497	63.0417692061664	-147.326804572816
0.587	118.659259339379	20.7225175792925	-139.381776918671
0.588	141.932656000774	-23.208353186167	-118.724302814607
0.589	152.098669710853	-64.7220914740516	-87.3765782368013
0.59	148.042947973548	-101.487391734836	-46.5555562387117
0.591	130.921452072925	-128.440386066653	-2.48106600627196
0.592	101.478438698908	-143.509430763993	42.0309920650851
0.593	59.6457448432608	-144.676301336194	85.0305564929329
0.594	11.2576331780564	-130.158549442585	118.900916264529
0.595	-38.4066735512508	-101.615597374414	140.022270925665
0.596	-81.9652395198958	-63.9261888818929	145.891428401789
0.597	-117.265356679367	-19.7559432213994	137.021299900766
0.598	-139.732999702591	22.6443418007891	117.088657901802
0.599	-149.785381995512	63.5234812169713	86.2619007785409
0.6	-145.839077343583	99.7223790284062	46.1166983151767
0.601	-129.103466040339	126.667717181514	2.43574885882444
0.602	-99.4017189240614	141.750210941419	-42.3484920173581
0.603	-57.438571058299	143.389646239295	-85.9510751809956
0.604	-9.18742733915241	129.06558194396	-119.878154604808
0.605	40.2749084080539	100.844282056573	-141.119190464627
0.606	84.2434499495728	63.0420816166205	-147.285531566193
0.607	118.630472384015	20.7054143805634	-139.335886764578
0.608	141.89184469622	-23.198720235041	-118.693124461179
0.609	152.059521406568	-64.7022260870144	-87.357295319554
0.61	148.00412286735	-101.454752123994	-46.5493707433561
0.611	130.889150552912	-128.401111312541	-2.48803924037097
0.612	101.446984704697	-143.471943242398	42.0249585377008
0.613	59.6098725083846	-144.642666866356	85.0327943579718
0.614	11.2250654863425	-130.124578216965	118.899512730622
0.615	-38.4348234399323	-101.586036236125	140.020859676057
0.616	-81.9887949022395	-63.9046139357548	145.893408837994
0.617	-117.284382144629	-19.7589094880339	137.043291632663
0.618	-139.764988195489	22.6546613656716	117.110326829817
0.619	-149.820062853477	63.5400028210162	86.280060032461
0.62	-145.870550338658	99.742681825579	46.1278685130795
0.621	-129.130601454519	126.682184751693	2.44841670282628
0.622	-99.4330455064255	141.763682022572	-42.3306365161466
0.623	-57.4687714653329	143.393513489761	-85.9247420244285
0.624	-9.2199052953845	129.064481088515	-119.844575793131
0.625	40.2437964725241	100.837588828	-141.081385300524
0.626	84.2033025338034	63.0426733434181	-147.245975877221
0.627	118.601419869482	20.6903548161056	-139.291774685588
0.628	141.852923255839	-23.1897973618273	-118.663125894012
0.629	152.022077029615	-64.6833424042395	-87.3387346253759
0.63	147.967114672924	-101.423841510424	-46.5432731625002
0.631	130.858348365238	-128.363618951355	-2.49472941388271
0.632	101.41689826261	-143.436094345628	42.0191960830182
0.633	59.5752683551001	-144.610849908688	85.0355815535877
0.634	11.1945512591648	-130.09212750296	118.897576243795
0.635	-38.4619630433186	-101.558035128043	140.019998171362
0.636	-82.0118362436396	-63.8840339419504	145.89587018559
0.637	-117.302611795997	-19.762380230173	137.06499202617
0.638	-139.796489734306	22.6655101483074	117.130979585999
0.639	-149.853535686067	63.5560899895503	86.2974456965163
0.64	-145.900820941421	99.7615186733719	46.1393022680491
0.641	-129.156729106373	126.696410480504	2.46031862586895
0.642	-99.4633551692052	141.777247552161	-42.3138923829561
0.643	-57.4976400933504	143.397703588765	-85.9000634954149
0.644	-9.24961697143574	129.063561218906	-119.813944247471
0.645	40.2139398817319	100.831307497873	-141.045247379605
0.646	84.1644734934586	63.0435185115539	-147.207992005012
0.647	118.573558931483	20.6757259946864	-139.249284926169
0.648	141.815935438427	-23.1821814302203	-118.633754008206
0.649	151.986102977533	-64.665242190234	-87.3208607872987
0.65	147.931669247418	-101.394347751548	-46.5373214958691
0.651	130.828856575288	-128.327611836404	-2.50124473888386
0.652	101.387758309157	-143.401812292945	42.0140539837882
0.653	59.5417420133621	-144.580650946622	85.0389089332598
0.654	11.1654348710762	-130.061121558483	118.895686687407
0.655	-38.4881141771276	-101.531406120954	140.019520298081
0.656	-82.0344368915419	-63.8642751311323	145.898712022674
0.657	-117.320639375522	-19.7656371003407	137.086276475862
0.658	-139.826728800722	22.6754622018578	117.151266598864
0.659	-149.885809865297	63.5714615423601	86.3143483229366
0.66	-145.930640238194	99.7815808572719	46.1490593809217
0.661	-129.181811313143	126.710339944243	2.4714713688997
0.662	-99.4929355030769	141.789988813564	-42.2970533104867
0.663	-57.525651933663	143.401930679017	-85.876278745354
0.664	-9.27752636387415	129.063113849098	-119.785587485224
0.665	40.1851489944837	100.825464175003	-141.010613169487
0.666	84.1269775979559	63.0446389185895	-147.171616516545
0.667	118.546975240658	20.6614339072542	-139.208409147912
0.668	141.781730346001	-23.1767481357839	-118.604982210217
0.669	151.951451467772	-64.6476218257086	-87.3038296420634
0.67	147.897670830916	-101.366101368986	-46.5315694619294
0.671	130.800513438899	-128.29306134097	-2.50745209792922
0.672	101.359496270268	-143.368906133021	42.0094098627523
0.673	59.5092158188924	-144.551869489122	85.0426536702298
0.674	11.1374364881576	-130.031431632624	118.893995144466
0.675	-38.5133551615189	-101.505938202644	140.019293364162
0.676	-82.0565933721306	-63.8452221237777	145.901815495908
0.677	-117.338602937518	-19.7685793262438	137.107182263762
0.678	-139.855320252706	22.6838430982721	117.171477154434
0.679	-149.916776751509	63.5863668610609	86.3304098904478
0.68	-145.959746205024	99.8023876286912	46.1573585763327
0.681	-129.205978916875	126.724036524528	2.48194239234714
0.682	-99.5219005929999	141.802055930738	-42.2801553377385
0.683	-57.552602312537	143.406457279807	-85.8538549672695
0.684	-9.3073793274252	129.063025391471	-119.755646064046
0.685	40.1580757000697	100.820154277895	-140.978229977965
0.686	84.0909253935297	63.0461332678026	-147.137058661332
0.687	118.521426887697	20.6478249575183	-139.169251845215
0.688000000000001	141.748660863914	-23.1711907171219	-118.577470146792
0.689000000000001	151.918344676094	-64.6305885804741	-87.28775609562
0.690000000000001	147.865275809899	-101.33908744861	-46.5261883612891
0.691000000000001	130.773662283389	-128.259603811441	-2.51405847194823
0.692000000000001	101.332324335525	-143.337431217031	42.0051068815063
0.693000000000001	59.4780436242987	-144.524427676183	85.046384051884
0.694000000000001	11.1111108313744	-130.003022040381	118.891911209006
0.695000000000001	-38.5375841919371	-101.481721248342	140.019305440279
0.696000000000001	-82.078283399188	-63.8268887640094	145.905172163197
0.697000000000001	-117.355408275929	-19.7723740401783	137.127782316107
0.698000000000001	-139.880746683886	22.687941018589	117.192805665297
0.699000000000001	-149.946477009963	63.6005042598082	86.3459727501553
0.700000000000001	-145.987937519461	99.8228126877161	46.1651248317445
0.701000000000001	-129.22939032968	126.737879328497	2.4915110011823
0.702000000000001	-99.5501241353047	141.813787036824	-42.2636629015196
0.703000000000001	-57.5786673528566	143.411628821036	-85.8329614681798
0.704000000000001	-9.33637683017215	129.063545869269	-119.727169039097
0.705000000000001	40.1321084462886	100.815505498064	-140.947613944353
0.706000000000001	84.0559670483562	63.0481665617156	-147.104133610072
0.707000000000001	118.516984931963	20.6243365538029	-139.141321485766
0.708000000000001	141.717211030738	-23.1674680434485	-118.549742987289
0.709000000000001	151.884483959028	-64.6120257875589	-87.2724581714695
0.710000000000001	147.832634197899	-101.311719845179	-46.5209143527202
0.711000000000001	130.746712793972	-128.226561633581	-2.5201511603905
0.712000000000001	101.30495599449	-143.306450748906	42.0014947544159
0.713000000000001	59.4468702092861	-144.497574333337	85.0507041240508
0.714000000000001	11.0848206082007	-129.975268299099	118.890447690898
0.715000000000001	-38.5618233313212	-101.458096347601	140.019919678922
0.716000000000001	-82.1003998949602	-63.8087221388254	145.909122033786
0.717000000000001	-117.372226014262	-19.7760273610186	137.148253375281
0.718000000000001	-139.907439866889	22.6948751119204	117.212564754968
0.719000000000001	-149.975632303486	63.6141901730474	86.3614421304387
0.720000000000001	-146.015806415655	99.8435546446507	46.172251771004
0.721000000000001	-129.252361098143	126.751617608617	2.5007434895263
0.722000000000001	-99.5762864721269	141.827057915613	-42.2507714434865
0.723000000000001	-57.6047280945233	143.416860877858	-85.8121327833352
0.724000000000001	-9.3646848362424	129.06438794199	-119.699703105748
0.725000000000001	40.1067892649872	100.811308294637	-140.918097559625
0.726000000000001	84.0217999659502	63.0504095641532	-147.072209530103
0.727000000000001	118.474726007525	20.6203600247418	-139.095086032266
0.728000000000001	141.68624370154	-23.1601642594228	-118.526079442118
0.729000000000001	151.855288526321	-64.5977552931743	-87.2575332331472
0.730000000000001	147.803809639208	-101.287616682914	-46.5161929562939
0.731000000000001	130.722701342082	-128.196193065767	-2.5265082763151
0.732000000000001	101.280180605277	-143.277853942364	41.9976733370874
0.733000000000001	59.4182663706602	-144.472900988585	85.0546346179246
0.734000000000001	11.060613852762	-129.949685535464	118.889071682702
0.735000000000001	-38.583900092544	-101.436322761834	140.020222854378
0.736000000000001	-82.1210723550373	-63.7917380680754	145.912810423113
0.737000000000001	-117.387108667988	-19.7809699949848	137.168078662972
0.738000000000001	-139.933140742498	22.7026888198722	117.230451922626
0.739000000000001	-150.002736175386	63.6263539397064	86.3763822356797
0.740000000000001	-146.040981357468	99.8614598004577	46.1795215570106
0.741000000000001	-129.273795977	126.764310596106	2.50948538089386
0.742000000000001	-99.598215029366	141.842608050152	-42.2443930207865
0.743000000000001	-57.6296605357575	143.421355300048	-85.7916947642907
0.744000000000001	-9.39057994144911	129.064833203645	-119.674253262196
0.745000000000001	40.0826816301283	100.806945134834	-140.889626764962
0.746000000000001	83.9890123780222	63.0524175163926	-147.041429894415
0.747000000000001	118.453020720905	20.6067523487599	-139.059773069665
0.748000000000001	141.656592054613	-23.1548452472103	-118.501746807402
0.749000000000001	151.825860119321	-64.5829366461237	-87.2429234731971
0.750000000000001	147.775022069894	-101.263528186043	-46.511493883851
0.751000000000001	130.698894466439	-128.166901099464	-2.53199336697475
0.752000000000001	101.255544023322	-143.250187940673	41.9946439173509
0.753000000000001	59.3900891496047	-144.449067583953	85.058978434348
0.754000000000001	11.036306075168	-129.925181778646	118.888875703478
0.755000000000001	-38.6057404787405	-101.415410998507	140.021151477248
0.756000000000001	-82.1418845119869	-63.7752107647377	145.917095276725
0.757000000000001	-117.401054041558	-19.7869013499508	137.187955391509
0.758000000000001	-139.958090819993	22.7097845321784	117.248306287815
0.759000000000001	-150.029089772461	63.6378013138842	86.3912884585771
0.760000000000001	-146.066467877806	99.8803373235012	46.1861305543045
0.761000000000001	-129.294859268647	126.776837571297	2.51802169735024
0.762000000000001	-99.6218536954277	141.855906463161	-42.2340527677337
0.763000000000001	-57.6540376482168	143.426580587534	-85.7725429393174
0.764000000000001	-9.41546094651444	129.065868854078	-119.650407907563
0.765000000000001	40.0591881560789	100.803244146654	-140.862432302733
0.766000000000001	83.9570456722825	63.0548932192919	-147.011938891574
0.767000000000001	118.432244350364	20.593538724585	-139.025783074949
0.768000000000001	141.628024145058	-23.1496847037695	-118.478339441289
0.769000000000001	151.797350726629	-64.5684614610965	-87.2288892655328
0.770000000000001	147.747178314105	-101.240093828964	-46.5070844851406
0.771000000000001	130.675912039564	-128.138467994748	-2.53744404481586
0.772000000000001	101.231620191464	-143.223404312078	41.9917841206133
0.773000000000001	59.3628439769495	-144.426036697972	85.063192721023
0.774000000000001	11.0125397817415	-129.90168678798	118.889147006238
0.775000000000001	-38.626910799656	-101.395364278461	140.022275078117
0.776000000000001	-82.1624306048469	-63.7591768233708	145.921607428218
0.777000000000001	-117.415186661076	-19.7924480136494	137.207634674726
0.778000000000001	-139.982409632795	22.7168798911206	117.265529741675
0.779000000000001	-150.055657783743	63.6519164837815	86.4037412999615
0.780000000000001	-146.090952818345	99.8979054752855	46.1930473430594
0.781000000000001	-129.315091797245	126.789188004499	2.52590379274571
0.782000000000001	-99.6457834007874	141.867722941594	-42.2219395408068
0.783000000000001	-57.6773633373104	143.432003978718	-85.7546406414075
0.784000000000001	-9.4386214672115	129.067172532686	-119.628551065474
0.785000000000001	40.0365899084483	100.799901791465	-140.836491699913
0.786000000000001	83.9260325538227	63.0575690411614	-146.983601594984
0.787000000000001	118.413168368589	20.5795816547643	-138.992750023353
0.788000000000001	141.60036757095	-23.144525789241	-118.455841781709
0.789000000000001	151.769928131556	-64.5546746876251	-87.215253443931
0.790000000000001	147.720342502008	-101.21739007247	-46.5029524295377
0.791000000000001	130.65370634159	-128.111211313517	-2.54249502807258
0.792000000000001	101.208407542673	-143.197578935333	41.9891713926608
0.793000000000001	59.3363907184807	-144.403972913149	85.067582194668
0.794000000000001	10.9893648203096	-129.879207766232	118.889842945922
0.795000000000001	-38.6473670527991	-101.376195678805	140.023562731604
0.796000000000001	-82.1827274779603	-63.7435992142439	145.926326692204
0.797000000000001	-117.428819435169	-19.7976316635425	137.226451098712
0.798000000000001	-140.005355473974	22.7227616303483	117.282593843626
0.799000000000001	-150.081792235436	63.6663754994897	86.4154167359463
0.800000000000001	-146.114713691881	99.9147412507886	46.1999724410927
0.801000000000001	-129.334690872511	126.801243363858	2.53344750865294
0.802000000000001	-99.669067802066	141.879516477966	-42.2104486759005
0.803000000000001	-57.6996005785158	143.437916740581	-85.7383161620648
0.804000000000001	-9.46073087572257	129.068599800408	-119.607868924685
0.805000000000001	40.0146823908343	100.796936787601	-140.811619178436
0.806000000000001	83.8958361981927	63.0604499436261	-146.956286141819
0.807000000000001	118.394241044657	20.5666430275346	-138.960884072192
0.808000000000001	141.573601188674	-23.1394831921682	-118.434117996506
0.809000000000001	151.743548061353	-64.5415551099242	-87.2019929514284
0.810000000000001	147.694519589611	-101.195586061664	-46.498933527947
0.811000000000001	130.632320251935	-128.08507550372	-2.54724474821461
0.812000000000001	101.185939891331	-143.172754129151	41.9868142378201
0.813000000000001	59.3107519193392	-144.382909045455	85.0721571261162
0.814000000000001	10.9667331201515	-129.857774824956	118.891041704805
0.815000000000001	-38.6670864148308	-101.357926077385	140.025012492216
0.816000000000001	-82.2026630120335	-63.728569278071	145.931232290105
0.817000000000001	-117.441674698002	-19.803408756051	137.245083454053
0.818000000000001	-140.028493116164	22.7300830954504	117.298410020713
0.819000000000001	-150.106603084874	63.67906639117	86.4275366937043
0.820000000000001	-146.137559882166	99.9309403720078	46.2066195101585
0.821000000000001	-129.353668576236	126.813234721625	2.54043385461054
0.822000000000001	-99.6914692002384	141.891175684493	-42.1997064842548
0.823000000000001	-57.7216302566615	143.443599612433	-85.7219693557714
0.824000000000001	-9.48329834984217	129.070192332117	-119.586893982274
0.825000000000001	39.993691220799	100.794354574507	-140.788045795306
0.826000000000001	83.8666487430617	63.0635031047128	-146.930151847774
0.827000000000001	118.376106324342	20.5541985066102	-138.930304830952
0.828000000000001	141.547898151326	-23.1343731264624	-118.413525024864
0.829000000000001	151.718189090339	-64.5289312974721	-87.1892577928669
0.830000000000001	147.669701585271	-101.174552365167	-46.4951492201045
0.831000000000001	130.611794430035	-128.059973979382	-2.55182045065288
0.832000000000001	101.164211732136	-143.148898733425	41.9846870012887
0.833000000000001	59.2859916273546	-144.36274931005	85.0767576826956
0.834000000000001	10.9448645496587	-129.837273401141	118.892408851482
0.835000000000001	-38.6860952995751	-101.340503047645	140.026598347221
0.836000000000001	-82.2221918695944	-63.7140543236205	145.936246193215
0.837000000000001	-117.454720101196	-19.8086853230621	137.263405424258
0.838000000000001	-140.052340574334	22.7397341299667	117.312606444368
0.839000000000001	-150.130024705712	63.6903773739309	86.4396473317807
0.840000000000001	-146.159430424961	99.9463489967801	46.2130814281812
0.841000000000001	-129.371881662697	126.82521402993	2.54666763276735
0.842000000000001	-99.7135955850356	141.902140301937	-42.1885447169018
0.843000000000001	-57.7429831354558	143.449226010515	-85.7062428750593
0.844000000000001	-9.50231508720601	129.073246196454	-119.570931109248
0.845000000000001	39.9763849406285	100.792123010851	-140.76850795148
0.846000000000001	83.8380324812864	63.0664511115978	-146.904483592884
0.847000000000001	118.358792567597	20.5414040695233	-138.900196637121
0.848000000000001	141.522621900077	-23.1292206889161	-118.393401211161
0.849000000000001	151.693490103621	-64.5168650065881	-87.1766250970332
0.850000000000001	147.645607952755	-101.15440990119	-46.4911980515645
0.851000000000001	130.591910087458	-128.03592881183	-2.55598127562808
0.852000000000001	101.143107532012	-143.125991417924	41.9828838859126
0.853000000000001	59.2619166518163	-144.343566538305	85.0816498864891
0.854000000000001	10.9236526264133	-129.817753218376	118.894100591963
0.855000000000001	-38.7045849335646	-101.324004921996	140.028589855561
0.856000000000001	-82.2414787533338	-63.700140946353	145.941619699687
0.857000000000001	-117.466747890385	-19.8148248021592	137.281572692544
0.858000000000001	-140.072699763794	22.7437180899415	117.328981673852
0.859000000000001	-150.153527263509	63.7028049101628	86.4507223533465
0.860000000000001	-146.180968608802	99.9618178713595	46.2191507374427
0.861000000000001	-129.389724822393	126.837313631242	2.55241119115132
0.862000000000001	-99.7351803669611	141.913268741538	-42.1780883745765
0.863000000000001	-57.7638115106686	143.455249724565	-85.6914382138967
0.864000000000001	-9.53034081839487	129.073599694568	-119.543258876173
0.865000000000001	39.9545480329886	100.790202806353	-140.744750839342
0.866000000000001	83.8111330511626	63.0700634595264	-146.881196510689
0.867000000000001	118.342921181669	20.5294389129547	-138.872360094624
0.868000000000001	141.499104919209	-23.1239949880148	-118.375109931194
0.869000000000001	151.6703575053	-64.5051326201585	-87.1652248851412
0.870000000000001	147.622964303158	-101.134785803109	-46.4881785000483
0.871000000000001	130.573169817873	-128.012848004647	-2.56032181322567
0.872000000000001	101.123084837545	-143.103637165301	41.9805523277564
0.873000000000001	59.2391166980836	-144.324844181665	85.0857274835815
0.874000000000001	10.9035528807483	-129.798777834083	118.895224953335
0.875000000000001	-38.7220886410794	-101.307993534099	140.030082175178
0.876000000000001	-82.2598530617129	-63.6865566275113	145.946409689224
0.877000000000001	-117.478748714002	-19.8201569144586	137.298905628461
0.878000000000001	-140.093172784259	22.749760027684	117.343412756575
0.879000000000001	-150.175307299024	63.7132714843076	86.4620358147162
0.880000000000001	-146.201260235823	99.9761094037987	46.2251508320247
0.881000000000001	-129.406726510458	126.849240468919	2.55748604153909
0.882000000000001	-99.7554152355173	141.924563739172	-42.169148503655
0.883000000000001	-57.7839583052647	143.46130474014	-85.6773464348757
0.884000000000001	-9.55643305556571	129.075517740083	-119.519084684518
0.885000000000001	39.9361767392533	100.788771090431	-140.724947829684
0.886000000000001	83.7849952548917	63.0737003788217	-146.858695633713
0.887000000000001	118.328790080904	20.516422614715	-138.845212695619
0.888000000000001	141.476448530179	-23.1190547856099	-118.35739374457
0.889000000000001	151.647940830578	-64.4938384926513	-87.1541023379271
0.890000000000001	147.601031878395	-101.115769547375	-46.4852623310204
0.891000000000001	130.554984530218	-127.99057562711	-2.56440890310832
0.892000000000001	101.103542569308	-143.082012056825	41.9784694875169
0.893000000000001	59.2169462911845	-144.306799446601	85.0898531554166
0.894000000000001	10.8839932449473	-129.780514890217	118.89652164527
0.895000000000001	-38.7390356911555	-101.292628013022	140.031663704178
0.896000000000001	-82.2778245712342	-63.6734301769565	145.951254748191
0.897000000000001	-117.490634540712	-19.8251021782242	137.315736718937
0.898000000000001	-140.112991397287	22.7555466342024	117.357444763084
0.899000000000001	-150.196211902246	63.7229701359783	86.4732417662678
0.900000000000001	-146.221069397805	99.9902758850325	46.2307935127727
0.901000000000001	-129.423206331958	126.861058136635	2.56214819532337
0.902000000000001	-99.774985543757	141.935795425553	-42.1608098817956
0.903000000000001	-57.8036412399951	143.467381016523	-85.6637397765279
0.904000000000001	-9.58014455796966	129.077618105124	-119.497473547155
0.905000000000001	39.9183579035666	100.787597708053	-140.705955611619
0.906000000000001	83.7595447509248	63.0774178625633	-146.836962613488
0.907000000000001	118.315212035534	20.5035718436922	-138.818783879226
0.908000000000001	141.454401916161	-23.1141727886748	-118.340229127486
0.909000000000001	151.62605169516	-64.4825059005741	-87.1435457945862
0.910000000000001	147.579743485218	-101.097333358114	-46.4824101271038
0.911000000000001	130.53735550075	-127.969128358015	-2.568227142735
0.912000000000001	101.084417649491	-143.061243319375	41.9768256698841
0.913000000000001	59.1954087980752	-144.289466771329	85.0940579732535
0.914000000000001	10.8649606956159	-129.762997537202	118.898036841586
0.915000000000001	-38.7555040645556	-101.277934049174	140.033438113729
0.916000000000001	-82.2954016142411	-63.6607867959781	145.956188410219
0.917000000000001	-117.502080914415	-19.8301762019199	137.332257116335
0.918000000000001	-140.131294085525	22.759347223188	117.371946862337
0.919000000000001	-150.217061817019	63.7340243854267	86.4830374315922
0.920000000000001	-146.240198237102	100.003514348865	46.2366838882378
0.921000000000001	-129.439226300462	126.872684566777	2.56654173368557
0.922000000000001	-99.7941772444957	141.946815147776	-42.15263790328
0.923000000000001	-57.8228354605435	143.473542296067	-85.6507068355237
0.924000000000001	-9.60080180460337	129.080024652774	-119.479222848171
0.925000000000001	39.9009711319969	100.786653160957	-140.687624292954
0.926000000000001	83.7346626465337	63.0812289192185	-146.815891565752
0.927000000000001	118.300773046836	20.492500399619	-138.793273446455
0.928000000000001	141.432718437262	-23.109191986755	-118.323526450507
0.929000000000001	151.604883240669	-64.4717041750536	-87.1331790656156
0.930000000000001	147.559155074633	-101.079657776451	-46.479497298182
0.931000000000001	130.520257798063	-127.948613646369	-2.57164415169376
0.932000000000001	101.06580787105	-143.041279140248	41.9754712691982
0.933000000000001	59.1745195737595	-144.272867274702	85.0983477009429
0.934000000000001	10.8465639256738	-129.746223389505	118.899659463831
0.935000000000001	-38.7714787797111	-101.263932733817	140.035411513529
0.936000000000001	-82.312574781785	-63.6486685623657	145.961243344151
0.937000000000001	-117.513039729055	-19.8355654515494	137.348605180604
0.938000000000001	-140.149335835967	22.7634646808347	117.385871155133
0.939000000000001	-150.236763887047	63.7432195026157	86.4935443844308
0.940000000000001	-146.25892517719	100.016968852698	46.2419563244923
0.941000000000001	-129.454776116597	126.884281700518	2.57049441607872
0.942000000000001	-99.8128741220118	141.957613200452	-42.1447390784405
0.943000000000001	-57.8413854009336	143.47978704431	-85.6384016433764
0.944000000000001	-9.62056600479289	129.082482181855	-119.461916177063
0.945000000000001	39.8840525996783	100.785933373687	-140.669985973366
0.946000000000001	83.7104980696427	63.0851006247341	-146.795598694377
0.947000000000001	118.285608879376	20.4834160404737	-138.76902491985
0.948000000000001	141.411880960515	-23.1045248571383	-118.307356103377
0.949000000000001	151.584505491503	-64.4613674394375	-87.1231380520657
0.950000000000001	147.53933179859	-101.0627125009	-46.4766192976903
0.951000000000001	130.503820122062	-127.928917496916	-2.57490262514582
0.952000000000001	101.047877979427	-143.022030253629	41.9741522742028
0.953000000000001	59.1543456695598	-144.256986049123	85.1026403795633
0.954000000000001	10.8288118901852	-129.730199577284	118.901387687099
0.955000000000001	-38.7869068955335	-101.250615659693	140.037522555226
0.956000000000001	-82.3292361607386	-63.6371040877532	145.966340248492
0.957000000000001	-117.523910777214	-19.8407514598913	137.364662237105
0.958000000000001	-140.16665527529	22.7670495386587	117.399605736631
0.959000000000001	-150.25573198689	63.7516676625097	86.5040643243802
0.960000000000001	-146.277051219573	100.030127497816	46.2469237217576
0.961000000000001	-129.469813872015	126.895628487818	2.57418538419618
0.962000000000001	-99.8311284888046	141.968168152896	-42.1370396640919
0.963000000000001	-57.8591986542686	143.486194470931	-85.6269958166623
0.964000000000001	-9.63891058971819	129.085033467197	-119.446122877479
0.965000000000001	39.8676072047528	100.785376632958	-140.652983837711
0.966000000000001	83.6870015804119	63.0889835682169	-146.775985148629
0.967000000000001	118.272213648552	20.4728079555771	-138.745021604129
0.968000000000001	141.391872453252	-23.1000723807755	-118.291800072477
0.969000000000001	151.564642412469	-64.4513047871133	-87.1133376253555
0.970000000000001	147.520043997063	-101.046328225503	-46.4737157715601
0.971000000000001	130.486726769716	-127.93636922421	-2.55035754550573
0.972000000000001	101.031482206344	-142.998042036136	41.9665598297926
0.973000000000001	59.1333574977062	-144.239641123167	85.1062836254612
0.974000000000001	10.8106927589874	-129.712964906174	118.902272147187
0.975000000000001	-38.8022472990224	-101.236191785872	140.038439084895
0.976000000000001	-82.3457055397342	-63.6245193324445	145.970224872179
0.977000000000001	-117.534240936685	-19.8450498252064	137.379290761891
0.978000000000001	-140.183158362274	22.7705556130645	117.41260274921
0.979000000000001	-150.274327120302	63.7606798337825	86.5136472865197
0.980000000000001	-146.295051523291	100.044106225006	46.250945298285
0.981000000000001	-129.484589535255	126.907877423899	2.57671211135562
0.982000000000001	-99.8488984540368	141.979803927983	-42.1309054739465
0.983000000000001	-57.8768256374264	143.493375416114	-85.6165497786877
0.984000000000001	-9.65656470668534	129.088471744686	-119.431907038001
0.985000000000001	39.8516710015783	100.785753398693	-140.637424400272
0.986000000000001	83.6640699414605	63.0935915527706	-146.757661494231
0.987000000000001	118.261851943922	20.4598836962183	-138.72173564014
0.988000000000001	141.371844609204	-23.0945080147006	-118.277336594503
0.989000000000001	151.545085109946	-64.4408480702161	-87.1042370397303
0.990000000000001	147.501106333396	-101.029934875888	-46.4711714575073
0.991000000000001	130.471079073155	-127.917258009441	-2.55382106371327
0.992000000000001	101.014242433246	-142.979359308445	41.9651168751989
0.993000000000001	59.1140219664299	-144.224412238696	85.1103902722664
0.994000000000001	10.7939028365144	-129.69760818216	118.903705345646
0.995000000000001	-38.8169696804378	-101.223479228245	140.040448908683
0.996000000000001	-82.3615602884153	-63.6134335439723	145.974993832388
0.997000000000001	-117.544175833124	-19.8501795865105	137.394355419634
0.998000000000001	-140.198531085666	22.7722515841142	117.426279501552
0.999000000000001	-150.292555147955	63.7696874311653	86.5228677167895
1	-146.312322226681	100.057087818211	46.25523440847
1.001	-129.498873044201	126.919056088278	2.57981695592287
1.002	-99.865776391357	141.990876131296	-42.1250997399389
1.003	-57.8938797717142	143.499973855788	-85.6060940840735
1.004	-9.67405242534155	129.091497111786	-119.417444686445
1.005	39.8362377627989	100.785878137354	-140.622115900153
1.006	83.6418784486528	63.0977653078162	-146.739643756469
1.007	118.248465805107	20.4512854207594	-138.699751225867
1.008	141.352459122761	-23.0892856109588	-118.263173511802
1.009	151.526613227191	-64.4315818383171	-87.0950313888735
1.01	147.483105285964	-101.014652771877	-46.4684525140871
1.011	130.456175023026	-127.899423633203	-2.55675138982349
1.012	100.997681764525	-142.961890934038	41.9642091695125
1.013	59.0955324232044	-144.21021135684	85.1146789336359
1.014	10.7777748303102	-129.68329060506	118.905515774749
1.015	-38.8311015433682	-101.211697479251	140.042799022619
1.016	-82.3768833784267	-63.6031366330616	145.980020011488
1.017	-117.553747007941	-19.8555626591157	137.409309667057
1.018	-140.213970657867	22.7746821330108	117.439288524857
1.019	-150.310137186906	63.7784169420229	86.5317202448831
1.02	-146.329035002173	100.069885757029	46.2591492451443
1.021	-129.512538342425	126.929670071291	2.58286827113318
1.022	-99.8819092338446	142.001340554996	-42.119431321151
1.023	-57.9104432779685	143.506081025355	-85.5956377473867
1.024	-9.69087357076562	129.094282901739	-119.403409330973
1.025	39.821305590553	100.78592137324	-140.607226963793
1.026	83.6204892937056	63.101685041658	-146.722174335364
1.027	118.236439615635	20.4418116657546	-138.678251281389
1.028	141.333833785704	-23.0840198217278	-118.249813963976
1.029	151.508750776711	-64.4228388366654	-87.085911940046
1.03	147.465664771167	-100.999917801983	-46.4657469691841
1.031	130.441762007223	-127.882356283013	-2.55940572420965
1.032	100.981561831253	-142.945174552516	41.9636127212634
1.033	59.077659446796	-144.196637838441	85.1189783916452
1.034	10.7621435201373	-129.669643157855	118.907499637717
1.035	-38.8448014419627	-101.200518824797	140.04532026676
1.036	-82.3917139106942	-63.5933726267124	145.985086537407
1.037	-117.562954826526	-19.8610386951488	137.423993521674
1.038	-140.229226390251	22.7774856153359	117.451740774915
1.039	-150.3272898057	63.7871466703552	86.5401431353452
1.04	-146.345200419547	100.082261180853	46.2629392386939
1.041	-129.525770138969	126.939931548005	2.58583859096447
1.042	-99.8977589870735	142.011368001537	-42.1136090144637
1.043	-57.9264701446042	143.512070265577	-85.5856001209727
1.044	-9.70720578954909	129.097035150747	-119.389829361198
1.045	39.8068358519102	100.786062851684	-140.592898703594
1.046	83.599810449908	63.1055318545327	-146.705342304441
1.047	118.226540811334	20.4303997011342	-138.656940512468
1.048	141.322030391806	-22.9924899951178	-118.329540396688
1.049	151.485214878674	-64.4131932651894	-87.0720216134846
1.05	147.449197095772	-100.997998507775	-46.4511985879971
1.051	130.427857155678	-127.847215987666	-2.58064116801208
1.05199999999999	100.964575791258	-142.939438467081	41.9748626758231
1.05299999999999	59.0616726074697	-144.189701979582	85.128029372112
1.05399999999999	10.7472060390179	-129.6624502261	118.915244187082
1.05499999999999	-38.8582521195445	-101.195103508171	140.053355627716
1.05599999999999	-82.406469474035	-63.5886727448952	145.99514221893
1.05699999999999	-117.572442028326	-19.8702551823852	137.442697210711
1.05799999999999	-140.243793828548	22.7759146867808	117.467879141767
1.05899999999999	-150.343881201404	63.7924918892363	86.5513893121681
1.05999999999999	-146.360794320342	100.091261028185	46.2695332921574
1.06099999999999	-129.538516835254	126.946576788778	2.59194004647566
1.06199999999999	-99.913403845557	142.017825346618	-42.1044215010614
1.06299999999999	-57.9419485845466	143.515235177412	-85.5732865928655
1.06399999999999	-9.7225689745191	129.097261226571	-119.374692252052
1.06499999999999	39.7926314244256	100.784008907789	-140.576640332215
1.06599999999999	83.5794979558415	63.1073235813092	-146.686821537151
1.06699999999999	118.215410587189	20.4190031076138	-138.634413694802
1.06799999999999	141.30500295613	-22.9907131830431	-118.314289773087
1.06899999999999	151.468280602015	-64.4058767206093	-87.0624038814061
1.06999999999999	147.432859115546	-100.985608977509	-46.4472501380376
1.07099999999999	130.414383363788	-127.832813488376	-2.58156987541241
1.07199999999999	100.949419652008	-142.925313087419	41.975893435411
1.07299999999999	59.0449373755278	-144.178312848297	85.1333754727689
1.07399999999999	10.732411389476	-129.6510477766	118.918636387124
1.07499999999999	-38.871245434895	-101.18593406376	140.057179498655
1.07599999999999	-82.4206448162673	-63.5806341147942	146.001278931062
1.07699999999999	-117.581313792411	-19.8763589323446	137.457672724755
1.07799999999999	-140.258265584766	22.7777808398698	117.480484744896
1.07899999999999	-150.36005005869	63.8002087876567	86.5598412710332
1.07999999999999	-146.376020068023	100.102277054131	46.2737430138922
1.08099999999999	-129.550992895662	126.955382479556	2.59561041610569
1.08199999999999	-99.9284381214114	142.026734557548	-42.0982964361361
1.08299999999999	-57.9569609996475	143.520577130594	-85.5636161309462
1.08399999999999	-9.73728369197617	129.099568174927	-119.362284482951
1.08499999999999	39.778979152269	100.783937181077	-140.562916333346
1.08599999999999	83.560040867182	63.1106685058635	-146.670709373045
1.08699999999999	118.204132943381	20.4102409083296	-138.61437385171
1.08799999999999	141.288708945711	-22.9879471346049	-118.300761811107
1.08899999999999	151.451196372501	-64.3957486838575	-87.0554476886432
1.08999999999999	147.417055138911	-100.972715459015	-46.4443396798953
1.09099999999999	130.401350722461	-127.817962609833	-2.58338811262811
1.09199999999999	100.934752071919	-142.910696473041	41.9759444011219
1.09299999999999	59.0287713030333	-144.166462304522	85.1376910014887
1.09399999999999	10.7181220408063	-129.639317898465	118.921195857658
1.09499999999999	-38.8838038814069	-101.17645112434	140.060255005747
1.09599999999999	-82.4342941237506	-63.5723206532832	146.006614777034
1.09699999999999	-117.589564485564	-19.8820842287742	137.471648714338
1.09799999999999	-140.273136225625	22.7816216314871	117.491514594138
1.09899999999999	-150.37597095725	63.8088452468018	86.5671257104479
1.09999999999999	-146.390681004068	100.113134155576	46.2775468484922
1.10099999999999	-129.563016023534	126.964412875917	2.59860314761684
1.10199999999999	-99.9427163652671	142.035798281827	-42.0930819165595
1.10299999999999	-57.9712517182366	143.526340572432	-85.5550888541958
1.10399999999999	-9.7517681032219	129.102154365051	-119.350386261829
1.10499999999999	39.765824155809	100.784212849594	-140.550037005403
1.10599999999999	83.541342714981	63.1141379375459	-146.655480652527
1.10699999999999	118.193489659969	20.401715188146	-138.595204848115
1.10799999999999	141.27291290666	-22.9850280923909	-118.287884814269
1.10899999999999	151.433958053681	-64.3837919665916	-87.0501660870895
1.10999999999999	147.401810687486	-100.960250918865	-46.4415597686212
1.11099999999999	130.388803373046	-127.803619882933	-2.58518349011274
1.11199999999999	100.920579412544	-142.896527613243	41.9759482006992
1.11299999999999	59.0131477612002	-144.155030240927	85.1418824797268
1.11399999999999	10.7043162750878	-129.628035971225	118.923719696138
1.11499999999999	-38.8959685551451	-101.167349720303	140.063318275448
1.11599999999999	-82.4475138270977	-63.564329511537	146.011843338635
1.11699999999999	-117.597963998724	-19.8872990584903	137.485263057215
1.11799999999999	-140.287537561799	22.7854199225232	117.502117639276
1.11899999999999	-150.391197067459	63.8169137984313	86.5742832690273
1.11999999999999	-146.404815669681	100.123583803405	46.2812318662758
1.12099999999999	-129.574604598275	126.973374529406	2.60123006886955
1.12199999999999	-99.9561341280939	142.045178141561	-42.0890440134669
1.12299999999999	-57.9853606533804	143.531793237794	-85.5464325844136
1.12399999999999	-9.76580256233414	129.104751022907	-119.338948460573
1.12499999999999	39.7531029813623	100.784599897242	-140.537702878604
1.12599999999999	83.5232990413755	63.1175502487514	-146.640849290127
1.12699999999999	118.183469727508	20.3930936389531	-138.576563366461
1.12799999999999	141.2574425322	-22.9818629092739	-118.275579622926
1.12899999999999	151.417248388098	-64.3722625035662	-87.044985884532
1.12999999999999	147.386945241551	-100.947957085421	-46.4389881561291
1.13099999999999	130.37667014321	-127.789790558326	-2.58687958488477
1.13199999999999	100.906822488604	-142.882857173113	41.9760346845097
1.13299999999999	58.9980348351101	-144.144013502478	85.145978667368
1.13399999999999	10.6909478834684	-129.617205732866	118.926257849398
1.13499999999999	-38.90777301215	-101.158637016082	140.066410028232
1.13599999999999	-82.4603850615282	-63.5566439933051	146.017029054833
1.13699999999999	-117.60646777127	-19.8921984092915	137.498666180562
1.13799999999999	-140.301602215722	22.7892759122222	117.512326303499
1.13899999999999	-150.405955020302	63.824815019921	86.5811400003809
1.13999999999999	-146.41851093958	100.13367714723	46.2848337923493
1.14099999999999	-129.585775889299	126.982175301712	2.60360058758739
1.14199999999999	-99.9690415835836	142.054556213744	-42.0855146301606
1.14299999999998	-57.9995259368185	143.536700867439	-85.5371749306208
1.14399999999998	-9.77941020479842	129.10735860008	-119.327948395282
1.14499999999998	39.7408135499177	100.78509611368	-140.525909663597
1.14599999999998	83.5058424530513	63.1209684429176	-146.626810895969
1.14699999999998	118.173314071338	20.3853871092305	-138.558701180569
1.14799999999998	141.242306925172	-22.9784792745659	-118.263827650606
1.14899999999998	151.401308793593	-64.3616487920488	-87.0396600015441
1.14999999999998	147.372583791876	-100.936028994773	-46.4365547971034
1.15099999999998	130.364980389338	-127.776509459721	-2.58847092961685
1.15199999999998	100.893532842397	-142.86967907216	41.9761462297628
1.15299999999998	58.9833912865122	-144.133462485621	85.1500711991085
1.15399999999998	10.6780294905386	-129.606818269139	118.928788778601
1.15499999999998	-38.9191761031528	-101.150306770433	140.069482873586
1.15599999999998	-82.4728971898988	-63.5492551942802	146.022152384179
1.15699999999998	-117.614493047275	-19.8972849503533	137.511777997628
1.15799999999998	-140.314463385308	22.7915799855708	117.522883399738
1.15899999999998	-150.420248518304	63.8325295793163	86.5877189389877
1.15999999999998	-146.43189147877	100.14374506339	46.2881464153806
1.16099999999998	-129.596630365437	126.990954537567	2.60567582787003
1.16199999999998	-99.9820673432154	142.063470294451	-42.0814029512359
1.16299999999998	-58.0128655350734	143.541954520563	-85.52908898549
1.16399999999998	-9.79248999138524	129.110085425481	-119.317595434096
1.16499999999998	39.7288379733672	100.785751857938	-140.514589831305
1.16599999999998	83.4888876523703	63.1244418738481	-146.613329526218
1.16699999999998	118.163212226095	20.3782648670437	-138.541477093139
1.16799999999998	141.227574688894	-22.9749721194545	-118.25260256944
1.16899999999998	151.385933147351	-64.3515480469582	-87.0343851003927
1.16999999999998	147.358804992445	-100.92473954703	-46.4340654454149
1.17099999999998	130.353650371704	-127.76362250948	-2.59002786222382
1.17199999999998	100.880596615465	-142.856920576023	41.9763239605587
1.17299999999998	58.9691583744305	-144.123271601865	85.1541132274344
1.17399999999998	10.6654808464841	-129.596791525477	118.931310678993
1.17499999999998	-38.930244746403	-101.14228624902	140.072530995423
1.17599999999998	-82.4850949604791	-63.542103080434	146.027198040913
1.17699999999998	-117.621712193192	-19.9028426032748	137.524554796467
1.17799999999998	-140.327938961833	22.7955932286343	117.532345733198
1.17899999999998	-150.434055511741	63.8397783580047	86.5942771537368
1.17999999999998	-146.44482006095	100.153326629074	46.2914934318767
1.18099999999998	-129.607164680822	126.99960323012	2.60756145070187
1.18199999999998	-99.9945407951615	142.072230688037	-42.0776898928755
1.18299999999998	-58.0257304137573	143.547221710162	-85.5214912964045
1.18399999999998	-9.80492795012851	129.112762832656	-119.307834882527
1.18499999999998	39.7171876645534	100.786454718938	-140.503642383491
1.18599999999998	83.4723879246474	63.1278650667035	-146.600252991351
1.18699999999998	118.153738392456	20.3709135462441	-138.5246519387
1.18799999999998	141.213054759753	-22.9712646957337	-118.24179006402
1.18899999999998	151.370991977368	-64.3418007603298	-87.0291912170381
1.18999999999998	147.345451129963	-100.91385086236	-46.4316002676032
1.19099999999998	130.342625175818	-127.751161057181	-2.59146411863685
1.19199999999998	100.867970133141	-142.844624248176	41.9766541150344
1.19299999999998	58.955309246086	-144.113457321815	85.1581480757292
1.19399999999998	10.6532674817002	-129.587159044795	118.933891563094
1.19499999999998	-38.9410194513434	-101.134609349318	140.075628800662
1.19599999999998	-82.4970027826172	-63.5352346326089	146.032237415226
1.19699999999998	-117.62864077229	-19.9084144646248	137.537055236915
1.19799999999998	-140.338792556729	22.7953519985645	117.543440558164
1.19899999999998	-150.447797406025	63.8474838907874	86.6003135152379
1.19999999999998	-146.457632795984	100.163097279604	46.2945355163803
1.20099999999998	-129.617538330203	127.008441680481	2.60909664972166
1.20199999999998	-100.00634665266	142.081545688181	-42.0751990355206
1.20299999999998	-58.0385700560398	143.552402368059	-85.5138323120189
1.20399999999998	-9.81680416645412	129.115648732837	-119.298844566383
1.20499999999998	39.7057059883952	100.787385341883	-140.493091330278
1.20599999999998	83.4562761992445	63.1313890966453	-146.58766529589
1.20699999999998	118.144885300526	20.3633404882707	-138.508225788796
1.20799999999998	141.199137053633	-22.9680029688118	-118.231134084821
1.20899999999998	151.356445822525	-64.3324590223919	-87.0239868001326
1.20999999999998	147.332222635635	-100.902824208223	-46.4293984274126
1.21099999999998	130.331806500725	-127.738925087668	-2.5928814130572
1.21199999999998	100.855655107128	-142.832512054876	41.9768569477478
1.21299999999998	58.9417509812237	-144.103871470185	85.1621204889614
1.21399999999998	10.6413286107312	-129.577769776284	118.936441165553
1.21499999999998	-38.9515575100108	-101.127145996221	140.078703506232
1.21599999999998	-82.5086848407876	-63.5285241250787	146.037208965866
1.21699999999998	-117.635595372152	-19.9136809648713	137.549276337024
1.21799999999998	-140.350130654405	22.7964622784811	117.553668375924
1.21899999999998	-150.46121063661	63.8550960602034	86.6061145764064
1.21999999999998	-146.470080494175	100.17248987126	46.2975906229143
1.22099999999998	-129.627619122529	127.017016471072	2.6106026514571
1.22199999999998	-100.019301164233	142.089091932496	-42.0697907682624
1.22299999999998	-58.0509870353132	143.557662437814	-85.5066754025013
1.22399999999998	-9.8282915045329	129.118668660689	-119.290377156156
1.22499999999998	39.6946642275363	100.788492693267	-140.483156920804
1.22599999999998	83.4407448971088	63.1349601610665	-146.575705058175
1.22699999999998	118.136452005215	20.3559295929405	-138.492381598155
1.22799999999998	141.185204332417	-22.9640005634654	-118.221203768952
1.22899999999998	151.342623651006	-64.3239900034194	-87.0186336475867
1.22999999999998	147.319433441294	-100.89195965464	-46.4274737866547
1.23099999999998	130.321382540022	-127.72698973709	-2.59439280293209
1.23199999999998	100.843641128624	-142.820830981286	41.9771898526616
1.23299999999998	58.928659334681	-144.09455089559	85.1658915609086
1.23399999999997	10.6297635746504	-129.568693078568	118.938929503918
1.23499999999997	-38.961734566417	-101.119954416785	140.081688983202
1.23599999999997	-82.5200161057167	-63.5220241459659	146.042040251683
1.23699999999997	-117.642147273721	-19.9190324778219	137.561179751543
1.23799999999997	-140.362078816656	22.7992878304013	117.562790986254
1.23899999999997	-150.474114662394	63.8622263791592	86.6118882832349
1.23999999999997	-146.482053502535	100.181457786567	46.3005957159682
1.24099999999997	-129.637346254392	127.02530058122	2.61204567317145
1.24199999999997	-100.030865678576	142.097393230804	-42.0665275522277
1.24299999999997	-58.0629352616258	143.562791764225	-85.4998565025996
1.24399999999997	-9.83922188522765	129.121543890537	-119.28232200531
1.24499999999997	39.6839451463885	100.789523263801	-140.47346841019
1.24599999999997	83.4257153441261	63.1383362280476	-146.564051572174
1.24699999999997	118.128171508185	20.3487752161888	-138.476946724374
1.24799999999997	141.171962470839	-22.9606649928602	-118.211297477979
1.24899999999997	151.329242623265	-64.3160551474105	-87.0131874758544
1.24999999999997	147.30700159936	-100.881428112616	-46.4255734867437
1.25099999999997	130.311272762698	-127.715373830741	-2.59589893195707
1.25199999999997	100.831966631116	-142.809526778416	41.9775601473001
1.25299999999997	58.9159594574468	-144.08553927917	85.1695798217227
1.25399999999997	10.6184365049003	-129.560002022197	118.941565517297
1.25499999999997	-38.9716680526789	-101.113091615156	140.084759667835
1.25599999999997	-82.5310621014309	-63.5158043159924	146.046866417423
1.25699999999997	-117.648864801351	-19.9240743664051	137.572939167756
1.25799999999997	-140.372880083049	22.8004863456213	117.572393737428
1.25899999999997	-150.486628217434	63.8690440257151	86.6175841917192
1.25999999999997	-146.493718900775	100.190275171027	46.3034437297479
1.26099999999997	-129.646861949076	127.033490968929	2.6133709801463
1.26199999999997	-100.042165450758	142.105583702817	-42.0634182520581
1.26299999999997	-58.0746289052245	143.567898634527	-85.4932697293022
1.26399999999997	-9.84960709153121	129.124489967198	-119.274882875667
1.26499999999997	39.6733667557182	100.790670783245	-140.464037538963
1.26599999999997	83.4111095038779	63.1417267684654	-146.552836272343
1.26699999999997	118.120099188978	20.3418906722307	-138.461989861209
1.26799999999997	141.159908914959	-22.9588825780772	-118.201026336881
1.26899999999997	151.316298828552	-64.3085674861304	-87.0077313424212
1.26999999999997	147.294829874022	-100.87097153836	-46.4238583356616
1.27099999999997	130.301320284286	-127.704097890127	-2.59722239415886
1.27199999999997	100.820542172546	-142.798400618752	41.9778584462059
1.27299999999997	58.9035246359991	-144.076704423931	85.1731797879314
1.27399999999997	10.607361633192	-129.551492218138	118.944130584946
1.27499999999997	-38.9813998787975	-101.10637658806	140.087776466857
1.27599999999997	-82.5418514734279	-63.5097043561972	146.051555829625
1.27699999999997	-117.655646804913	-19.9287476313154	137.584394436229
1.27799999999997	-140.384392088097	22.8035806031738	117.580811484924
1.27899999999997	-150.498758018197	63.8757675715353	86.6229904466619
1.27999999999997	-146.505017901759	100.198874177149	46.3061437246096
1.28099999999997	-129.656046878193	127.041330686017	2.61471619217656
1.28199999999997	-100.0532405171	142.113351130558	-42.0601106134576
1.28299999999997	-58.0859613002292	143.572831956663	-85.4868706564335
1.28399999999997	-9.85979607101706	129.127399042279	-119.267602971262
1.28499999999997	39.6631252722166	100.791832172991	-140.454957445208
1.28599999999997	83.397020165817	63.1450475687617	-146.542067734579
1.28699999999997	118.112440175299	20.3350625563247	-138.447502731624
1.28799999999997	141.148165809734	-22.9570160768886	-118.191149732846
1.28899999999997	151.303938173722	-64.3017764187648	-87.0021617549572
1.28999999999997	147.282994937611	-100.860641937027	-46.4223530005838
1.29099999999997	130.291687612754	-127.693215309004	-2.59847230375065
1.29199999999997	100.809528433913	-142.787575904702	41.9780474707893
1.29299999999997	58.8914694382598	-144.068174424122	85.1767049858625
1.29399999999997	10.5966153627927	-129.543304093776	118.946688730984
1.29499999999997	-38.9908427045623	-101.099931762085	140.090774466648
1.29599999999997	-82.5523299765936	-63.5038266621653	146.056156638759
1.29699999999997	-117.662132592071	-19.9334112559509	137.595543848022
1.29799999999997	-140.391411855287	22.8776885550804	117.513723300206
1.29899999999997	-150.514598195457	63.893328171398	86.6212700240589
1.29999999999997	-146.517917773557	100.212664252271	46.3052535212865
1.30099999999997	-129.664451657399	127.041892056933	2.62255960046568
1.30199999999997	-100.063819587697	142.114162637581	-42.0503430498844
1.30299999999997	-58.0965998748106	143.571921335814	-85.4753214610038
1.30399999999997	-9.86957120736604	129.125056996985	-119.255485789619
1.30499999999997	39.6533893619714	100.788479487667	-140.441868849639
1.30599999999997	83.3833110774905	63.1443957279139	-146.527706805404
1.30699999999997	118.104953803497	20.3250902937921	-138.430044097289
1.30799999999997	141.136204399567	-22.9570820879171	-118.17912231165
1.30899999999997	151.292125086616	-64.2978985508206	-86.9942265357958
1.30999999999997	147.271747813265	-100.853501056331	-46.418246756934
1.31099999999997	130.282714266343	-127.685648029953	-2.59706623638947
1.31199999999997	100.79914326649	-142.779967626843	41.9808243603528
1.31299999999997	58.8800787388831	-144.06249716212	85.1824184232368
1.31399999999997	10.5863609855161	-129.537853253709	118.951492268193
1.31499999999997	-38.9998923253748	-101.09590480935	140.095797134725
1.31599999999997	-82.5624802086461	-63.5000311455917	146.062511354238
1.31699999999997	-117.668288129849	-19.9397575272878	137.608045657137
1.31799999999997	-140.401389288205	22.8778269955718	117.523562292633
1.31899999999997	-150.525690294541	63.897464370125	86.6282259244155
1.31999999999997	-146.528500927515	100.219593968743	46.3089069587726
1.32099999999997	-129.672942667044	127.047957453752	2.62498521329131
1.32199999999997	-100.074230351358	142.12025591046	-42.0460255591024
1.32299999999997	-58.1071599676119	143.57558888931	-85.4684289216976
1.32399999999996	-9.87934463273818	129.126832609782	-119.247487977043
1.32499999999996	39.6439489063044	100.788781571661	-140.432730477965
1.32599999999996	83.3700912896098	63.1468209140879	-146.516912203698
1.32699999999996	118.097830610902	20.3178338545061	-138.415664465408
1.32799999999996	141.124452745285	-22.9545702587385	-118.169882486547
1.32899999999996	151.280669121013	-64.2924065838438	-86.9882625371694
1.32999999999996	147.26070095268	-100.844308001373	-46.4163929513068
1.33099999999996	130.273828181512	-127.676123156497	-2.59770502501533
1.33199999999996	100.788823392769	-142.770575074869	41.9817516820996
1.33299999999996	58.8689060052741	-144.055000826721	85.1860948214471
1.33399999999996	10.5762361483292	-129.530842186617	118.954606038288
1.33499999999996	-39.0087460140629	-101.090473692958	140.099219707021
1.33599999999996	-82.5723763589138	-63.4950023782974	146.067378737211
1.33699999999996	-117.674327206606	-19.9447610193384	137.619088225944
1.33799999999996	-140.410937465668	22.8786715782101	117.532265887458
1.33899999999996	-150.536579286357	63.9025135014734	86.6340657848835
1.33999999999996	-146.538887404351	100.227388684476	46.3114987198748
1.34099999999996	-129.681433722531	127.055225714841	2.62620800769028
1.34199999999996	-100.084320180082	142.127426357033	-42.0431061769505
1.34299999999996	-58.117621065631	143.580087366605	-85.4624663009736
1.34399999999996	-9.88910364601892	129.129481221998	-119.240377575979
1.34499999999996	39.6347027404561	100.789939718162	-140.424642458618
1.34599999999996	83.3572939225523	63.1498753526589	-146.507169275211
1.34699999999996	118.091187788053	20.3110570649258	-138.402244852979
1.34799999999996	141.113668241203	-22.9528237413751	-118.160844499827
1.34899999999996	151.269459698341	-64.2866023410629	-86.9828573572777
1.34999999999996	147.249852109591	-100.834759661127	-46.4150924484644
1.35099999999996	130.265041123703	-127.666292237003	-2.59874888669948
1.35199999999996	100.778598253112	-142.76092740812	41.9823291550072
1.35299999999996	58.8579633884491	-144.047134393629	85.1891710051798
1.35399999999996	10.5662105820145	-129.523575252466	118.957364670451
1.35499999999996	-39.0174349532848	-101.084800263359	140.102235216644
1.35599999999996	-82.5820613092069	-63.4897642168372	146.071825526044
1.35699999999996	-117.68015865496	-19.9493954266706	137.629554081631
1.35799999999996	-140.421594744016	22.8822186373539	117.539376106662
1.35899999999996	-150.547385288486	63.9081884911217	86.6391967973641
1.35999999999996	-146.548963927666	100.235135579793	46.3138283478737
1.36099999999996	-129.689658447796	127.062234951824	2.62742349597235
1.36199999999996	-100.094152262243	142.13456228143	-42.0404100191878
1.36299999999996	-58.1278001507115	143.584612576842	-85.4568124261303
1.36399999999996	-9.8986039789831	129.132249782237	-119.233645803254
1.36499999999996	39.6257065519711	100.791233923468	-140.416940475439
1.36599999999996	83.3449940049735	63.1529089655987	-146.497902970572
1.36699999999996	118.084864041783	20.3044186440635	-138.389282685847
1.36799999999996	141.103640167028	-22.9518450195382	-118.15179514749
1.36899999999996	151.258594655165	-64.2809725949636	-86.9776220602018
1.36999999999996	147.239287198421	-100.825296437928	-46.4139907604923
1.37099999999996	130.256468321567	-127.656671388958	-2.59979693260837
1.37199999999996	100.768613428167	-142.751473267059	41.9828598388928
1.37299999999996	58.8473155834201	-144.039351745631	85.1920361622109
1.37399999999996	10.5564045292689	-129.516450010963	118.960045481694
1.37499999999996	-39.0259089812879	-101.079244589188	140.105153570476
1.37599999999996	-82.5914836869516	-63.484637408387	146.076121095339
1.37699999999996	-117.68592604264	-19.9538060491827	137.639732091823
1.37799999999996	-140.432314365392	22.8864394229133	117.545874942479
1.37899999999996	-150.557912045367	63.9138366493699	86.6440753959972
1.37999999999996	-146.558719990709	100.242606426524	46.3161135641851
1.38099999999996	-129.697643998615	127.06892115388	2.62872284473505
1.38199999999996	-100.103858422703	142.141508410295	-42.0376499875913
1.38299999999996	-58.1376912249788	143.589113380631	-85.4514221556524
1.38399999999996	-9.90788239723847	129.135041399358	-119.227159002119
1.38499999999996	39.6169967905903	100.792585134489	-140.40958192508
1.38599999999996	83.3331300970816	63.155903651461	-146.489033748543
1.38699999999996	118.078612076839	20.2981440921368	-138.376756168976
1.38799999999996	141.093322513119	-22.949824588648	-118.143497924471
1.38899999999996	151.248144748808	-64.2756672674669	-86.9724774813409
1.38999999999996	147.229075730373	-100.816072422852	-46.4130033075214
1.39099999999996	130.248200164864	-127.647427138503	-2.60077302636101
1.39199999999996	100.758969200025	-142.742361096963	41.9833918969382
1.39299999999996	58.8369667874664	-144.031946390329	85.194979602863
1.39399999999996	10.5469772027672	-129.509607795876	118.962630593108
1.39499999999996	-39.034116741178	-101.073939559624	140.108056300803
1.39599999999996	-82.6005938011332	-63.4797352936227	146.080329094756
1.39699999999996	-117.691704092708	-19.9579697700654	137.649673862773
1.39799999999996	-140.44189740451	22.8889547274847	117.552942677026
1.39899999999996	-150.568002304048	63.9189637668019	86.6490385372466
1.39999999999996	-146.568272135444	100.250061763453	46.3182103719913
1.40099999999996	-129.705452119485	127.075553272233	2.62989884725143
1.40199999999996	-100.113175897522	142.148472226158	-42.0352963286362
1.40299999999996	-58.1473488843422	143.593622631801	-85.446273747459
1.40399999999996	-9.91694079873437	129.137892209523	-119.220951410789
1.40499999999996	39.6085342677828	100.794017565735	-140.402551833518
1.40599999999996	83.3216472389191	63.158893763533	-146.480541002452
1.40699999999996	118.072768299841	20.2918346155042	-138.364602915345
1.40799999999996	141.082711994077	-22.9468111446196	-118.135900849458
1.40899999999996	151.238000928121	-64.270522548737	-86.967478379384
1.40999999999996	147.219171032152	-100.807135887722	-46.4120351444303
1.41099999999996	130.240182617063	-127.638501416982	-2.60168120008092
1.41199999999996	100.749757543925	-142.733422816383	41.9836652724579
1.41299999999996	58.8268519338159	-144.024885538369	85.1980336045534
1.41399999999996	10.537818466456	-129.503029326668	118.965210860212
1.41499999999995	-39.0420897779131	-101.068848750918	140.110938528831
1.41599999999995	-82.6094123780314	-63.4750331479309	146.084445525962
1.41699999999995	-117.697348466176	-19.9620185134011	137.659366979577
1.41799999999995	-140.451516371858	22.8919070224569	117.559609349401
1.41899999999995	-150.57760155651	63.9233919126688	86.6542096438414
1.41999999999995	-146.577548184545	100.257319596951	46.3202285875939
1.42099999999995	-129.713020011002	127.082113278349	2.63090673265347
1.42199999999995	-100.122126697164	142.155298920552	-42.0331722233886
1.42299999999995	-58.1567911438182	143.597991117054	-85.4411999732354
1.42399999999995	-9.92573786972025	129.140707079974	-119.214969210254
1.42499999999995	39.600319980578	100.795461895978	-140.395781876556
1.42599999999995	83.3105383665282	63.161830728751	-146.472369095279
1.42699999999995	118.06713904454	20.2856735725702	-138.35281261711
1.42799999999995	141.072398803417	-22.9438420257618	-118.128556777655
1.42899999999995	151.2281453703	-64.2654876902229	-86.9626576800771
1.42999999999995	147.209580658666	-100.798563625881	-46.4110170327852
1.43099999999995	130.232410169174	-127.629875701448	-2.60253446772572
1.43199999999995	100.740904994928	-142.724740087989	41.9838350930612
1.43299999999995	58.8170243643715	-144.018096292154	85.2010719277822
1.43399999999995	10.5288377226428	-129.496714869165	118.967877146522
1.43499999999995	-39.0498237388467	-101.063957748093	140.11378148694
1.43599999999995	-82.6179435488491	-63.470516479417	146.088460028266
1.43699999999995	-117.702842612774	-19.9659588928222	137.668801505596
1.43799999999995	-140.461071770176	22.8951642979539	117.565907472222
1.43899999999995	-150.58698776139	63.9279096940581	86.6590780673322
1.43999999999995	-146.586505458542	100.264295515293	46.322209943249
1.44099999999995	-129.720346083167	127.088473373696	2.63187270947073
1.44199999999995	-100.130823582936	142.161890829462	-42.0310672465255
1.44299999999995	-58.1661046242844	143.602144211914	-85.4360395876293
1.44399999999995	-9.93428013249393	129.143475557896	-119.209195425403
1.44499999999995	39.5923401342388	100.796908086779	-140.389248221017
1.44599999999995	83.2998377193346	63.164683160534	-146.464520879869
1.44699999999995	118.06170923498	20.2796924989289	-138.341401733908
1.44799999999995	141.062786576765	-22.9416156800525	-118.121170896713
1.44899999999995	151.218571148876	-64.2605401332596	-86.9580310156164
1.44999999999995	147.200294777634	-100.790363917412	-46.4099308602227
1.45099999999995	130.224847005769	-127.621521725954	-2.60332527981474
1.45199999999995	100.732339607131	-142.716265643699	41.9839260365677
1.45299999999995	58.8074619987143	-144.011608780791	85.204146782077
1.45399999999995	10.5201862645249	-129.490598313274	118.970412048749
1.45499999999995	-39.0573347219682	-101.059227509845	140.116562231813
1.45599999999995	-82.6261923103815	-63.4661518673086	146.09234417769
1.45699999999995	-117.708065112508	-19.9698990408247	137.677964153333
1.45799999999995	-140.470235447339	22.8981200092187	117.57211543812
1.45899999999995	-150.596156163867	63.9325236058218	86.6636325580455
1.45999999999995	-146.59521905286	100.271131711029	46.3240873418309
1.46099999999995	-129.727460142296	127.094744274479	2.63271586781698
1.46199999999995	-100.138950681125	142.168534089184	-42.0295834080598
1.46299999999995	-58.1750304471549	143.606312357698	-85.4312819105434
1.46399999999995	-9.94284964024004	129.146180844895	-119.203331204655
1.46499999999995	39.5845733513694	100.798346457704	-140.382919809074
1.46599999999995	83.289512181518	63.1674468935824	-146.4569590751
1.46699999999995	118.056280230978	20.2740588930374	-138.330339124016
1.46799999999995	141.053975367598	-22.9403589029666	-118.113616464632
1.46899999999995	151.209245387398	-64.255683234423	-86.9535621529752
1.46999999999995	147.191285549938	-100.782528652666	-46.4087568972723
1.47099999999995	130.217481557559	-127.613368255974	-2.60411330158493
1.47199999999995	100.723948011643	-142.708018991079	41.9840709794358
1.47299999999995	58.7981854834683	-144.005312091468	85.2071266079995
1.47399999999995	10.5117907628381	-129.484652492359	118.972861729521
1.47499999999995	-39.0646435892853	-101.054635823134	140.11927941242
1.47599999999995	-82.6341891084185	-63.4619173949145	146.096106503333
1.47699999999995	-117.713082829696	-19.9737971663402	137.686879996036
1.47799999999995	-140.479276803345	22.9013210431032	117.577955760242
1.47899999999995	-150.605114529026	63.9370367328349	86.668077796191
1.47999999999995	-146.603641173827	100.277650170071	46.3259910037566
1.48099999999995	-129.734393554134	127.100894124051	2.63349943008274
1.48199999999995	-100.1469265141	142.174997745749	-42.0280712316491
1.48299999999995	-58.1836808644857	143.610460725762	-85.4267798612762
1.48399999999995	-9.95104341041222	129.148886784145	-119.197843373733
1.48499999999995	39.57703969151	100.799812374143	-140.376852065653
1.48599999999995	83.2795202445558	63.1701480819345	-146.44966832649
1.48699999999995	118.051050647785	20.268569914076	-138.319620561861
1.48799999999995	141.044975014359	-22.9383941011968	-118.106580913162
1.48899999999995	151.200235861898	-64.2510753201294	-86.9491605417685
1.48999999999995	147.182579827478	-100.775105416796	-46.4074744106819
1.49099999999995	130.210348166644	-127.605489657663	-2.60485850898107
1.49199999999995	100.715822165486	-142.700038700437	41.9842165349513
1.49299999999995	58.7891466008967	-143.999261013267	85.2101144123704
1.49399999999995	10.5032896509822	-129.478978082896	118.975688431914
1.49499999999995	-39.0716571241678	-101.050216854848	140.121873979015
1.49599999999995	-82.6419192555657	-63.4578467225696	146.099765978135
1.49699999999995	-117.717910662525	-19.9776304596493	137.695541122175
1.49799999999995	-140.487939745937	22.9042584549601	117.583681290977
1.49899999999995	-150.613849154272	63.9416096017442	86.6722395525277
1.49999999999995	-146.611779758233	100.283908947554	46.3278708106798
1.50099999999995	-129.741138175912	127.106833960486	2.6343042154256
1.50199999999995	-100.15507833969	142.181029124066	-42.0259507843762
1.50299999999995	-58.192044888357	143.614587509814	-85.4225426214571
1.50399999999995	-9.95900201361469	129.151595640291	-119.192593626676
1.50499999999995	39.5697771135315	100.801312515076	-140.371089628607
1.50599999999994	83.2698909218939	63.1728156196941	-146.442706541588
1.50699999999994	118.046049565354	20.2632407468606	-138.309290312214
1.50799999999994	141.036147528586	-22.9362073476127	-118.099940180973
1.50899999999994	151.191489969117	-64.2465504810754	-86.9449394880411
1.50999999999994	147.174167792213	-100.768007030508	-46.4061607617043
1.51099999999994	130.203451585499	-127.597862961828	-2.60558862367095
1.51199999999994	100.707865966957	-142.692362449388	41.9844964824311
1.51299999999994	58.7804066009707	-143.993368650733	85.2129620497626
1.51399999999994	10.4951413825012	-129.473474028158	118.978332645657
1.51499999999994	-39.0784379994534	-101.045947077655	140.124385077109
1.51599999999994	-82.6493955316282	-63.4539183949474	146.103313926576
1.51699999999994	-117.722669420835	-19.9813000217426	137.703969442578
1.51799999999994	-140.496562914801	22.9075712402021	117.588991674598
1.51899999999994	-150.622170410958	63.9457536572941	86.6764167536643
1.51999999999994	-146.619728486911	100.290075217821	46.3296532690895
1.52099999999994	-129.747664216298	127.112602166301	2.635062049997
1.52199999999994	-100.163069699067	142.186840882578	-42.0237711835113
1.52299999999994	-58.2001688967683	143.618594996503	-85.4184260997343
1.52399999999994	-9.96660622784889	129.154275997968	-119.187669770119
1.52499999999994	39.5627609533852	100.80281161926	-140.365572572645
1.52599999999994	83.2606214416004	63.175404281036	-146.436025722636
1.52699999999994	118.041270761463	20.2580450710538	-138.299315832517
1.52799999999994	141.027550243889	-22.9339960355714	-118.093554208318
1.52899999999994	151.183018629846	-64.2421734865	-86.9408451433455
1.52999999999994	147.166013750832	-100.76113665744	-46.4048770933921
1.53099999999994	130.196762951763	-127.590511296635	-2.6062516551282
1.53199999999994	100.700183913061	-142.684870902364	41.9846869893027
1.53299999999994	58.7719284214667	-143.987680311377	85.2157518899104
1.53399999999994	10.4875078886014	-129.468127977726	118.980620089124
1.53499999999994	-39.0851211164653	-101.041844171411	140.126965287877
1.53599999999994	-82.6566451875502	-63.4501396094805	146.106784797031
1.53699999999994	-117.727311973066	-19.9848996477576	137.712211620824
1.53799999999994	-140.504780258713	22.9105233358271	117.594256922886
1.53899999999994	-150.630557697914	63.9504418033501	86.6801158945634
1.53999999999994	-146.627465858128	100.296086919815	46.3313789383132
1.54099999999994	-129.754020119911	127.118148753174	2.63587136673709
1.54199999999994	-100.170932168896	142.192433724927	-42.0215015560312
1.54299999999994	-58.2080731966315	143.622500653961	-85.4144274573296
1.54399999999994	-9.97397152958723	129.156912656615	-119.182941127027
1.54499999999994	39.5559798811254	100.804282541109	-140.360262422234
1.54599999999994	83.2516534067048	63.1779210861716	-146.429574492876
1.54699999999994	118.036883342926	20.2526173640474	-138.289500706973
1.54799999999994	141.019081457401	-22.931660341709	-118.087421115692
1.54899999999994	151.174757470761	-64.237892786104	-86.9368646846569
1.54999999999994	147.158057599321	-100.754355926713	-46.4037016726083
1.55099999999994	130.190262996834	-127.583402359826	-2.6068606370074
1.55199999999994	100.692752041391	-142.677585158295	41.9848331169035
1.55299999999994	58.7636965117217	-143.982185017114	85.218488505392
1.55399999999994	10.4802399954276	-129.462947642611	118.982707647183
1.55499999999994	-39.0916066506383	-101.037901189174	140.129507839813
1.55599999999994	-82.6636962264407	-63.4465092112011	146.110205437642
1.55699999999994	-117.731604477874	-19.9886354696932	137.720239947567
1.55799999999994	-140.512687654387	22.9132487279588	117.599438926428
1.55899999999994	-150.638423698279	63.9541452638144	86.6842784344648
1.55999999999994	-146.63497185646	100.3019074316	46.33306442486
1.56099999999994	-129.76026639275	127.123764498907	2.63650189384232
1.56199999999994	-100.178574607599	142.198009522206	-42.0194349146074
1.56299999999994	-58.2158029907141	143.626393736025	-85.4105907453105
1.56399999999994	-9.98121060201738	129.159570974571	-119.178360372553
1.56499999999994	39.5493719037083	100.805796677913	-140.355168581621
1.56599999999994	83.2429554218234	63.1804214894346	-146.423376911258
1.56699999999994	118.032662849212	20.2473166160647	-138.279979465277
1.56799999999994	141.01129513642	-22.9301805781574	-118.081114558263
1.56899999999994	151.166673005892	-64.233629779683	-86.9330432262094
1.56999999999994	147.150241827709	-100.747597680834	-46.4026441468749
1.57099999999994	130.183884910329	-127.576437928053	-2.60744698227641
1.57199999999994	100.685470506082	-142.670425925984	41.9849554199027
1.57299999999994	58.75564854499	-143.976782993833	85.2211344488434
1.57399999999994	10.4730626354176	-129.457879197573	118.984816562156
1.57499999999994	-39.0979817497325	-101.034033263205	140.132015012937
1.57599999999994	-82.6705505545135	-63.4429521348986	146.113502689412
1.57699999999994	-117.735739465666	-19.9922853910838	137.728024856749
1.57799999999994	-140.520456229889	22.915966333919	117.604489895969
1.57899999999994	-150.646226991485	63.9582210578391	86.6880059336455
1.57999999999994	-146.642358217299	100.307726561199	46.3346316560998
1.58099999999994	-129.766297899076	127.129270139962	2.63702775911466
1.58199999999994	-100.18595101338	142.203481154896	-42.0175301415165
1.58299999999994	-58.2233132367282	143.630202328503	-85.4068890917751
1.58399999999994	-9.98824559897551	129.162188988108	-119.173943389132
1.58499999999994	39.542943367392	100.807307049514	-140.350250416906
1.58599999999994	83.2345302482034	63.182864713651	-146.417394961854
1.58699999999994	118.028357016256	20.2424078266275	-138.270764842884
1.58799999999994	141.003928452979	-22.9290795446936	-118.074848908285
1.58899999999994	151.158822311598	-64.2294716826763	-86.9293506289215
1.58999999999994	147.142621975445	-100.740938277471	-46.4016836979741
1.59099999999994	130.177689117264	-127.569698534149	-2.60799058311456
1.59199999999994	100.67838125501	-142.663489586373	41.9851083313636
1.59299999999994	58.7478118183767	-143.971554039529	85.2237422211523
1.59399999999994	10.465986352356	-129.452993220414	118.987006868058
1.59499999999994	-39.1041461705493	-101.030296500715	140.134442671264
1.59599999999994	-82.6771876926964	-63.4395169452671	146.116704637963
1.59699999999993	-117.739876813216	-19.9957518522866	137.735628665503
1.59799999999993	-140.527918777019	22.9183817545434	117.609537022476
1.59899999999993	-150.654094913777	63.9630493195932	86.6910455941835
1.59999999999993	-146.649531406695	100.313386773705	46.33614463299
1.60099999999993	-129.772114342018	127.134537904419	2.63757643759915
1.60199999999993	-100.193109362399	142.208721568823	-42.0156122064247
1.60299999999993	-58.2305693833425	143.633903263672	-85.4033338803299
1.60399999999993	-9.99495255007398	129.164736727842	-119.169784177768
1.60499999999993	39.5366720228325	100.808809913087	-140.345481935919
1.60599999999993	83.2263819757748	63.1852284162789	-146.411610392054
1.60699999999993	118.024235154838	20.2375824865167	-138.261817641355
1.60799999999993	140.996263921082	-22.9270913683099	-118.069172552772
1.60899999999993	151.151307331652	-64.2256326765036	-86.9256746551485
1.60999999999993	147.135276442185	-100.734511804172	-46.4007646380128
1.61099999999993	130.171708108361	-127.563264680133	-2.60844342822779
1.61199999999993	100.671504342543	-142.656853918776	41.9853495762321
1.61299999999993	58.7402234202306	-143.96654486812	85.2263214478897
1.61399999999993	10.4591300290027	-129.448329280779	118.989199251776
1.61499999999993	-39.1101090380736	-101.026742921191	140.136851959265
1.61599999999993	-82.6835978497867	-63.4362537580331	146.11985160782
1.61699999999993	-117.743905622339	-19.9991725500146	137.743078172354
1.61799999999993	-140.534958657023	22.9203240778259	117.614634579197
1.61899999999993	-150.661367181788	63.9666888053795	86.6946783764089
1.61999999999993	-146.656490162618	100.318895837062	46.3375943255561
1.62099999999993	-129.777811695911	127.139698161617	2.63811353429371
1.62199999999993	-100.200087860995	142.213912967478	-42.0138251064828
1.62299999999993	-58.2376489230966	143.637592031059	-85.3999431079627
1.62399999999993	-10.0014285972932	129.167315924523	-119.16588732723
1.62499999999993	39.5305212855148	100.810392281855	-140.340913567369
1.62599999999993	83.2185080225929	63.1875719074199	-146.406079930013
1.62699999999993	118.020344759208	20.2328530387747	-138.253197797982
1.62799999999993	140.988707698694	-22.9249926553055	-118.063715043388
1.62899999999993	151.143907291128	-64.221743306019	-86.9221639851089
1.62999999999993	147.128125303426	-100.728250472042	-46.3998748313841
1.63099999999993	130.16588293823	-127.55702794584	-2.60885499238972
1.63199999999993	100.66479736679	-142.650407334787	41.9856099679972
1.63299999999993	58.7328754540646	-143.961623452365	85.2287479983007
1.63399999999993	10.4524610126819	-129.443801294367	118.991340281685
1.63499999999993	-39.1159156702973	-101.023297151299	140.139212821597
1.63599999999993	-82.6898235584772	-63.4330913031943	146.122914861672
1.63699999999993	-117.747834931788	-20.0025005135168	137.750335445305
1.63799999999993	-140.541814997212	22.9222488437379	117.619566153474
1.63899999999993	-150.668405727986	63.9701756514589	86.6982300765273
1.63999999999993	-146.663363551551	100.324476213313	46.3388873382383
1.64099999999993	-129.783328521738	127.144697226848	2.6386312948901
1.64199999999993	-100.206741007742	142.219075975435	-42.0123349676929
1.64299999999993	-58.2445411702127	143.64116441472	-85.396623244507
1.64399999999993	-10.0077424652433	129.169842460499	-119.162099995256
1.64499999999993	39.5245363744145	100.811959948055	-140.336496322469
1.64599999999993	83.2109003386011	63.1898466164681	-146.400746955069
1.64699999999993	118.016307126293	20.2286007816362	-138.244907907929
1.64799999999993	140.98161523913	-22.9233034342522	-118.058311804878
1.64899999999993	151.136786638028	-64.2180629058097	-86.9187237322178
1.64999999999993	147.121213719458	-100.722230345131	-46.3989833743268
1.65099999999993	130.160220167734	-127.550986105438	-2.60923406229638
1.65199999999993	100.658255151545	-142.644167832603	41.9859126810579
1.65299999999993	58.7257366669835	-143.956837137155	85.231100470172
1.65399999999993	10.4459873240403	-129.439410216545	118.993422892504
1.65499999999993	-39.121560710488	-101.019960734394	140.141521444882
1.65599999999993	-82.6958645992914	-63.43002867718	146.125893276471
1.65699999999993	-117.75165990364	-20.0057434047204	137.757403308361
1.65799999999993	-140.548619860217	22.9243781929351	117.624241667282
1.65899999999993	-150.674689557542	63.9721494323726	86.7025401251697
1.65999999999993	-146.669895641204	100.329695132232	46.340200508972
1.66099999999993	-129.788778488749	127.149656950951	2.63912153779782
1.66199999999993	-100.213243414739	142.224256124288	-42.0110127095493
1.66299999999993	-58.251277716615	143.644770931635	-85.3934932150199
1.66399999999993	-10.0139649967948	129.172420308182	-119.158455311387
1.66499999999993	39.5186759629261	100.813605594311	-140.332281557237
1.66599999999993	83.2035060359011	63.1921417320259	-146.395647767927
1.66699999999993	118.012426533354	20.2244754849192	-138.236902018273
1.66799999999993	140.975360655662	-22.9227952962914	-118.05256535937
1.66899999999993	151.129825561665	-64.2144265411126	-86.915399020552
1.66999999999993	147.114448217157	-100.716330826406	-46.3981173907514
1.67099999999993	130.154640950164	-127.544979856012	-2.60966109415224
1.67199999999993	100.651840887872	-142.63796165421	41.986120766338
1.67299999999993	58.718706386633	-143.952106842109	85.233400455476
1.67399999999993	10.4396593036771	-129.435041476103	118.995382172426
1.67499999999993	-39.1270950393987	-101.016629194554	140.143724233952
1.67599999999993	-82.7017678510464	-63.4269725652443	146.128740416291
1.67699999999993	-117.755436278116	-20.0088077759864	137.764244054102
1.67799999999993	-140.555095885937	22.9262009977121	117.628894888225
1.67899999999993	-150.681225481273	63.9749603990429	86.7062650822305
1.67999999999993	-146.676303085237	100.334891394768	46.3414116904686
1.68099999999993	-129.794098921048	127.15449205751	2.63960686353835
1.68199999999993	-100.219543821533	142.229351649882	-42.0098078283495
1.68299999999993	-58.2578917837484	143.648281673349	-85.3903898896005
1.68399999999993	-10.0199743458005	129.174982505347	-119.155008159546
1.68499999999993	39.5129788732498	100.815257813309	-140.328236686559
1.68599999999993	83.196339324309	63.1944063394041	-146.390745663713
1.68699999999993	118.008535225239	20.2206524641753	-138.229187689414
1.68799999999992	140.96897504099	-22.9217130100188	-118.047262030971
1.68899999999992	151.123114533961	-64.2109791791745	-86.9121353547863
1.68999999999992	147.107847728185	-100.710530469721	-46.3973172584645
1.69099999999992	130.149245762584	-127.539219197117	-2.61002656546717
1.69199999999992	100.645659883235	-142.631961800629	41.9863019173947
1.69299999999992	58.7118573434674	-143.947618972413	85.235761628946
1.69399999999992	10.4335504083317	-129.430843788043	118.997293379711
1.69499999999992	-39.1324612829194	-101.013436541176	140.145897824095
1.69599999999992	-82.7074806617314	-63.4240427126602	146.131523374392
1.69699999999992	-117.759171078168	-20.0117529376393	137.770924015807
1.69799999999992	-140.561330046189	22.9278473362226	117.633482709967
1.69899999999992	-150.687267411927	63.9769817004392	86.7102857114879
1.69999999999992	-146.682521593749	100.339913275248	46.3426083185008
1.70099999999992	-129.799291156638	127.159216004597	2.64007515204148
1.70199999999992	-100.225699001926	142.234358030202	-42.0086590282755
1.70299999999992	-58.2643092733951	143.651763942034	-85.3874546686389
1.70399999999992	-10.0258036636039	129.177534494845	-119.151730831241
1.70499999999992	39.5074245118439	100.816934899168	-140.324359411012
1.70599999999992	83.1893892264327	63.1966539663671	-146.3860431928
1.70699999999992	118.004651946013	20.2170825879448	-138.221734533957
1.70799999999992	140.962849000637	-22.9207496268754	-118.042099373762
1.70899999999992	151.116646319772	-64.2077137993007	-86.9089325204716
1.70999999999992	147.101443055508	-100.704889975555	-46.3965530799532
1.71099999999992	130.144011142632	-127.533582957508	-2.61042818512436
1.71199999999992	100.639632885913	-142.626132701413	41.9864998154995
1.71299999999992	58.7051986447154	-143.943255435079	85.2380567903639
1.71399999999992	10.4275979212639	-129.426765226198	118.999167304934
1.71499999999992	-39.1376746378437	-101.010329998679	140.148004636523
1.71599999999992	-82.7130096273221	-63.4211993797637	146.134209007086
1.71699999999992	-117.762749654752	-20.014662265222	137.777411919974
1.71799999999992	-140.567447943344	22.9295664877849	117.637881455559
1.71899999999992	-150.693600446349	63.9803873210885	86.713213125261
1.71999999999992	-146.688574209014	100.344754205321	46.3438200036923
1.72099999999992	-129.804274540397	127.16372815717	2.64054638322617
1.72199999999992	-100.231622092761	142.239161190927	-42.007539098166
1.72299999999992	-58.270528636938	143.655056242954	-85.3845276060156
1.72399999999992	-10.0315076019449	129.179952817742	-119.148445215797
1.72499999999992	39.5020673605206	100.818525345441	-140.320592705962
1.72599999999992	83.1826802393326	63.1987952142082	-146.381475453541
1.72699999999992	118.000841974482	20.213624656447	-138.214466630929
1.72799999999992	140.957183975932	-22.9202881165164	-118.036895859416
1.72899999999992	151.110434075366	-64.2046628751372	-86.905771200229
1.72999999999992	147.095309204493	-100.699580357779	-46.3957288467138
1.73099999999992	130.138930465203	-127.528107903739	-2.61082256146452
1.73199999999992	100.633779290338	-142.620480516084	41.9867012257461
1.73299999999992	58.6987400198676	-143.93902060336	85.2402805834922
1.73399999999992	10.4218166426803	-129.422821729019	119.001005086339
1.73499999999992	-39.1427416389061	-101.007329150478	140.150070789384
1.73599999999992	-82.71836700081	-63.4184553373022	146.136822338112
1.73699999999992	-117.766149939973	-20.0175606593354	137.783710599308
1.73799999999992	-140.573370681949	22.9312262502599	117.642144431689
1.73899999999992	-150.699682040884	63.9834496812904	86.7162323595934
1.73999999999992	-146.694486972274	100.349524362492	46.344962609782
1.74099999999992	-129.809115579291	127.168160339233	2.64095524005801
1.74199999999992	-100.237413072007	142.243845019119	-42.006431947112
1.74299999999992	-58.2765877654501	143.658279534582	-85.3816917691318
1.74399999999992	-10.0369341477549	129.182353386489	-119.145419238734
1.74499999999992	39.4968662119034	100.820110404518	-140.316976616421
1.74599999999992	83.1761802137478	63.2008915646408	-146.377071778389
1.74699999999992	117.996991777737	20.2104643207163	-138.207456098454
1.74799999999992	140.951532546892	-22.9195332490972	-118.031999297795
1.74899999999992	151.104311930605	-64.2015172748201	-86.902794655785
1.74999999999992	147.08934671563	-100.694386085253	-46.3949606303765
1.75099999999992	130.134021698642	-127.522844650444	-2.61117704819836
1.75199999999992	100.628090813135	-142.615059825476	41.9869690123416
1.75299999999992	58.6924929885739	-143.934942819556	85.2424498309821
1.75399999999992	10.4162198333805	-129.419041379498	119.002821546118
1.75499999999992	-39.1476579339377	-101.004459323757	140.152117257695
1.75599999999992	-82.7235494577559	-63.4158331198338	146.13938257759
1.75699999999992	-117.769386986073	-20.0204718822249	137.789858868298
1.75799999999992	-140.578929501982	22.9324875357891	117.646441966193
1.75899999999992	-150.705731900231	63.9868575550535	86.7188743451775
1.75999999999992	-146.700206485761	100.354120195797	46.3460862899648
1.76099999999992	-129.813803738596	127.172470926176	2.64133281241936
1.76199999999992	-100.243127889136	142.24833351896	-42.0052056298236
1.76299999999992	-58.2824839982761	143.661393258178	-85.3789092599022
1.76399999999992	-10.0422273279986	129.184693321202	-119.142465993203
1.76499999999992	39.4918334007355	100.821664361636	-140.313497762372
1.76599999999992	83.169901644622	63.2029307144338	-146.372832359056
1.76699999999992	117.993360783712	20.2072851042359	-138.200645887948
1.76799999999992	140.946060549409	-22.9188275256928	-118.027233023716
1.76899999999992	151.098439528725	-64.1986428936659	-86.8997966350591
1.76999999999992	147.083553774318	-100.689324603009	-46.3942291713091
1.77099999999992	130.129247617239	-127.517726270034	-2.61152134720493
1.77199999999992	100.622537108951	-142.60980224981	41.9872651408593
1.77299999999992	58.6864282589297	-143.930973044276	85.2445447853462
1.77399999999992	10.4107754191013	-129.415372442144	119.004597023043
1.77499999999992	-39.1524309027605	-101.001672312694	140.154103215455
1.77599999999992	-82.7285732941075	-63.4132909635964	146.141864257704
1.77699999999992	-117.772407681541	-20.0234475159139	137.795855197455
1.77799999999991	-140.584065298731	22.9332154308965	117.650849867834
1.77899999999991	-150.711913633614	63.9908631790859	86.7210504545276
1.77999999999991	-146.705807007321	100.358614940218	46.3471920671028
1.78099999999991	-129.818370797403	127.176689405194	2.64168139220884
1.78199999999991	-100.24873490719	142.252687389314	-42.0039524821236
1.78299999999991	-58.2881928272796	143.664459189699	-85.3762663624191
1.78399999999991	-10.0473730728764	129.186996489494	-119.139623416618
1.78499999999991	39.4869357153588	100.823202045724	-140.310137761083
1.78599999999991	83.1638097382966	63.2049281530207	-146.368737891317
1.78699999999991	117.989866092799	20.2041439055741	-138.194009998373
1.78799999999991	140.940487185438	-22.9177280899252	-118.022759095513
1.78899999999991	151.09275231437	-64.1958631410016	-86.8968891733682
1.78999999999991	147.077941489707	-100.684429066338	-46.3935124233686
1.79099999999991	130.124623398357	-127.51278494066	-2.61183845769742
1.79199999999991	100.617171410687	-142.604723244929	41.9875518342419
1.79299999999991	58.6805459220421	-143.927148271212	85.2466023491697
1.79399999999991	10.4055244423526	-129.411839371886	119.006314929533
1.79499999999991	-39.1570629443913	-100.998995065102	140.156058009493
1.79599999999991	-82.7334376891125	-63.410854728436	146.144292417549
1.79699999999991	-117.775327882206	-20.0263836776428	137.801711559849
1.79799999999991	-140.588911675574	22.933642035406	117.655269640168
1.79899999999991	-150.717799204004	63.9944470077799	86.7233521962241
1.79999999999991	-146.71129455097	100.36307743105	46.34821711992
1.80099999999991	-129.822826346791	127.180822989068	2.64200335772347
1.80199999999991	-100.254069947259	142.257020621077	-42.0029506738186
1.80299999999991	-58.2937551576101	143.667476699317	-85.3737215417065
1.80399999999991	-10.0523446506035	129.189274282908	-119.136929632305
1.80499999999991	39.4821501871774	100.824734420944	-140.306884608121
1.80599999999991	83.1578884302081	63.2068905747073	-146.364779004915
1.80699999999991	117.98645165518	20.2011174574935	-138.187569112674
1.80799999999991	140.935173619683	-22.9168449718386	-118.018328647844
1.80899999999991	151.087191763948	-64.1931081132904	-86.8940836506579
1.80999999999991	147.07247064469	-100.679646214736	-46.3928244299537
1.81099999999991	130.120112435064	-127.50798492913	-2.61212750593324
1.81199999999991	100.611937129238	-142.599781432947	41.9878443037099
1.81299999999991	58.6748206195692	-143.923421285986	85.2486006664167
1.81399999999991	10.4004943743156	-129.40839441877	119.007900044454
1.81499999999991	-39.1616482757157	-100.996396071765	140.158044347481
1.81599999999991	-82.7381648854912	-63.4084906692638	146.146655554755
1.81699999999991	-117.778164357131	-20.0292341959644	137.807398553096
1.81799999999991	-140.593595810393	22.9340268006348	117.659569009758
1.81899999999991	-150.723528519993	63.9979702395782	86.7255582804151
1.81999999999991	-146.716634642297	100.367425323297	46.3492093189997
1.82099999999991	-129.82717093401	127.184852117702	2.64231881630755
1.82199999999991	-100.259259756212	142.261259921423	-42.0020001652103
1.82299999999991	-58.2991760184282	143.670427361241	-85.3712513428133
1.82399999999991	-10.0572041096381	129.191514411029	-119.134310301391
1.82499999999991	39.4775146963799	100.826252487133	-140.303767183513
1.82599999999991	83.1521469937293	63.2088128266319	-146.360959820361
1.82699999999991	117.98314986111	20.1981802804575	-138.181330141568
1.82799999999991	140.930000037117	-22.915971026108	-118.014029011009
1.82899999999991	151.08177863073	-64.1904118962464	-86.8913667344838
1.82999999999991	147.067155097588	-100.675010424044	-46.3921446735442
1.83099999999991	130.115722266525	-127.503329569662	-2.61239269686351
1.83199999999991	100.606825349079	-142.59499872941	41.9881733803311
1.83299999999991	58.6692673430083	-143.919793770854	85.2505264278461
1.83399999999991	10.3956031298472	-129.405057199322	119.009454069475
1.83499999999991	-39.1660956080137	-100.993876009302	140.159971617315
1.83599999999991	-82.7427561050403	-63.4062024176211	146.148958522661
1.83699999999991	-117.780948925956	-20.0319656528823	137.812914578838
1.83799999999991	-140.598173053731	22.9344606413193	117.663712412412
1.83899999999991	-150.72891685925	64.0009136631252	86.7280031961248
1.83999999999991	-146.721780782995	100.371622589561	46.3501581934345
1.84099999999991	-129.831412713394	127.188809099748	2.64260361364541
1.84199999999991	-100.264300761406	142.265439310509	-42.0011385491031
1.84299999999991	-58.3044577834882	143.67333572424	-85.3688779407519
1.84399999999991	-10.0620744376671	129.193726276052	-119.131651838385
1.84499999999991	39.4730323796177	100.827775074006	-140.300807453623
1.84599999999991	83.1465857358552	63.2107132190744	-146.35729895493
1.84699999999991	117.979975631305	20.1953043474089	-138.175279978714
1.84799999999991	140.924893214414	-22.9149587906838	-118.00993442373
1.84899999999991	151.076524959323	-64.1877919059926	-86.88873305333
1.84999999999991	147.061992672475	-100.670502188355	-46.3914904841197
1.85099999999991	130.111462141426	-127.498796870107	-2.61266527131897
1.85199999999991	100.601815495054	-142.590377492992	41.9885619979377
1.85299999999991	58.6638744043668	-143.916266901302	85.2523924969349
1.85399999999991	10.3908159614785	-129.401823432333	119.011007470854
1.85499999999991	-39.1703933501341	-100.991426637748	140.161819987882
1.85599999999991	-82.7472028577766	-63.4039833423047	146.151186200081
1.85699999999991	-117.783697683687	-20.0345748853599	137.818272569047
1.85799999999991	-140.602504751248	22.9346975004979	117.66780725075
1.85899999999991	-150.734067867185	64.0035725455043	86.7304953216811
1.85999999999991	-146.726777881034	100.375728476622	46.3510494044114
1.86099999999991	-129.83555130253	127.192701104325	2.64285019820468
1.86199999999991	-100.269181564172	142.269574715695	-42.000393151523
1.86299999999991	-58.3096099350809	143.676197313566	-85.3665873784851
1.86399999999991	-10.0668768488948	129.195913028781	-119.129036179887
1.86499999999991	39.4686537383756	100.829296100246	-140.297949838622
1.86599999999991	83.1411934825815	63.2125899413993	-146.353783423981
1.86699999999991	117.977152631777	20.1922907576974	-138.169443389475
1.86799999999991	140.919868019787	-22.9138405072194	-118.006027512568
1.8689999999999	151.071403698747	-64.1852256858958	-86.8861780128507
1.8699999999999	147.056966080699	-100.66612097654	-46.3908451041589
1.8709999999999	130.10731589037	-127.494363758675	-2.61295213169542
1.8719999999999	100.596961416306	-142.585855116924	41.9888937006183
1.8729999999999	58.6586245512778	-143.912829957337	85.2542054060588
1.8739999999999	10.3861262485718	-129.398683372218	119.012557123646
1.8749999999999	-39.1745777581114	-100.989041937338	140.163619695449
1.8759999999999	-82.7515221240795	-63.4018261823661	146.153348306446
1.8769999999999	-117.78631158567	-20.0371666080351	137.823478193706
1.8779999999999	-140.606619525044	22.9347819908603	117.671837534184
1.8789999999999	-150.738869017386	64.0055209869799	86.7333480304059
1.8799999999999	-146.731648299748	100.379786405489	46.3518618942581
1.8809999999999	-129.83960949809	127.196579219017	2.64303027907283
1.8819999999999	-100.273937118115	142.273701893873	-41.9997647757583
1.8829999999999	-58.3146482886351	143.679051019836	-85.3644027312013
1.8839999999999	-10.0715435538349	129.198111842387	-119.126568288552
1.8849999999999	39.46434341194	100.830849643588	-140.295193055528
1.8859999999999	83.1359569991583	63.214461790332	-146.35041878949
1.8869999999999	117.974318862308	20.1894738390452	-138.163792701353
1.8879999999999	140.914949794631	-22.912684384795	-118.002265409836
1.8889999999999	151.066398261749	-64.1826473956639	-86.8837508660855
1.8899999999999	147.05207575921	-100.661862477228	-46.3902132819823
1.8909999999999	130.10328499214	-127.490038443346	-2.61324654879346
1.8919999999999	100.592279171676	-142.58140733681	41.9891281651348
1.8929999999999	58.6535109038305	-143.909497055748	85.2559861519173
1.8939999999999	10.3815364122566	-129.395639032448	119.014102620192
1.8949999999999	-39.1786484548747	-100.986718921492	140.165367376367
1.8959999999999	-82.7557181742218	-63.3997272016453	146.155445375867
1.8969999999999	-117.789004843141	-20.0395530067602	137.828557849901
1.8979999999999	-140.610663546655	22.9349306191199	117.675732927535
1.8989999999999	-150.743432408898	64.007100563626	86.7363318452722
1.8999999999999	-146.736383456848	100.383760882724	46.3526225741234
1.9009999999999	-129.843542274106	127.200418485971	2.64312378813521
1.9019999999999	-100.27856419857	142.277726719024	-41.999162520455
1.9029999999999	-58.3195408675443	143.681851880108	-85.3623110125641
1.9039999999999	-10.0761178180794	129.200273212253	-119.124155394174
1.9049999999999	39.4601500139737	100.832391982436	-140.29254199641
1.9059999999999	83.1308924378428	63.216296873789	-146.347189311632
1.9069999999999	117.971560166792	20.1867554002335	-138.158315567026
1.9079999999999	140.910176027387	-22.9115652149243	-117.998610812463
1.9089999999999	151.061538176434	-64.1801140290083	-86.8814241474258
1.9099999999999	147.04733434634	-100.657733075565	-46.3896012707743
1.9109999999999	130.099372090083	-127.485844360016	-2.61352773006632
1.9119999999999	100.587752757401	-142.57704586686	41.9892931094589
1.9129999999999	58.6485808049403	-143.906231004262	85.2576501993217
1.9139999999999	10.3770810014308	-129.392686853998	119.015605852567
1.9149999999999	-39.1826080667081	-100.984469324125	140.167077390833
1.9159999999999	-82.75978232818	-63.3977011310953	146.157483459275
1.9169999999999	-117.79157666705	-20.0419384770054	137.833515144056
1.9179999999999	-140.614573026841	22.9350309466396	117.679542080202
1.9189999999999	-150.747876814411	64.0087273758439	86.7391494385674
1.9199999999999	-146.741014631558	100.387651780449	46.3533628511099
1.9209999999999	-129.847362122475	127.204175839754	2.64318628272116
1.9219999999999	-100.283117010869	142.281588280752	-41.9984712698828
1.9229999999999	-58.3243003325627	143.684584158385	-85.360283825822
1.9239999999999	-10.0804714704928	129.202400070817	-119.121928600324
1.9249999999999	39.4560674339887	100.833910669633	-140.289978103622
1.9259999999999	83.1259878390206	63.2180863622052	-146.344074201226
1.9269999999999	117.968854158974	20.1841521372391	-138.153006296213
1.9279999999999	140.905517726187	-22.9104573494334	-117.995060376754
1.9289999999999	151.056818972739	-64.1776460832629	-86.8791728894766
1.9299999999999	147.042732449442	-100.653738923369	-46.3889935260736
1.9309999999999	130.095575810061	-127.481770468739	-2.61380534132174
1.9319999999999	100.58335219511	-142.572815949918	41.9894637548077
1.9329999999999	58.6437976689968	-143.903068360339	85.2592706913422
1.9339999999999	10.3727603216006	-129.389827676205	119.017067354604
1.9349999999999	-39.1864601570592	-100.982291068647	140.168751225706
1.9359999999999	-82.7637176817985	-63.3957461275276	146.159463809326
1.9369999999999	-117.79405537067	-20.0442795378676	137.838334908537
1.9379999999999	-140.618390520618	22.9351457799078	117.68324474071
1.9389999999999	-150.752105850629	64.0100653253228	86.7420405253063
1.9399999999999	-146.745591804972	100.391573125146	46.3540186798266
1.9409999999999	-129.851068974523	127.207860680167	2.64320829435663
1.9419999999999	-100.287558256978	142.285333977858	-41.9977757208799
1.9429999999999	-58.3289248823682	143.687255081388	-85.3583301990194
1.9439999999999	-10.0846608366242	129.204491408761	-119.119830572137
1.9449999999999	39.452101857661	100.835405665955	-140.287507523615
1.9459999999999	83.1212320593914	63.2198402739319	-146.341072333323
1.9469999999999	117.966252791771	20.1816105477834	-138.147863339554
1.9479999999999	140.901045959873	-22.9094828685621	-117.991563091311
1.9489999999999	151.052227978491	-64.1752244177201	-86.8770035607709
1.9499999999999	147.038264222189	-100.649874019667	-46.3883902025226
1.9509999999999	130.091887199172	-127.477795616075	-2.61409158309711
1.9519999999999	100.579048584537	-142.568718454341	41.9896698698033
1.9529999999999	58.6391839111895	-143.899950522783	85.2607666115932
1.9539999999999	10.3685579271281	-129.387050146278	119.01849221915
1.9549999999999	-39.1902085792912	-100.980173285102	140.170381864393
1.9559999999999	-82.7675252490073	-63.3938549368373	146.161380185845
1.9569999999999	-117.796545914503	-20.0464810444813	137.843026958984
1.9579999999999	-140.622262427868	22.9355497181421	117.686712709726
1.9589999999999	-150.756239391051	64.0114221177934	86.7448172732579
1.95999999999989	-146.750046612188	100.395406795873	46.3546398163159
1.96099999999989	-129.854650242238	127.211421911483	2.64322833075575
1.96199999999989	-100.291848347184	142.288960364909	-41.9971120177249
1.96299999999989	-58.3334025189802	143.68983694283	-85.35643442385
1.96399999999989	-10.0886202792436	129.206521800314	-119.117901521071
1.96499999999989	39.4482430347255	100.836847842886	-140.285090877611
1.96599999999989	83.1166229589854	63.2215339717444	-146.33815693073
1.96699999999989	117.963495032857	20.1793463712498	-138.142841404107
1.96799999999989	140.89679463496	-22.9086635437077	-117.988131091253
1.96899999999989	151.047805672129	-64.1729468867061	-86.8748587854231
1.96999999999989	147.03394658607	-100.646169151888	-46.3877774341823
1.97099999999989	130.088316425077	-127.473948416211	-2.61436800886642
1.97199999999989	100.574859804693	-142.564782383473	41.98992257878
1.97299999999989	58.6346932783172	-143.896957228516	85.262263950199
1.97399999999989	10.3645017181646	-129.384362792599	119.019861074434
1.97499999999989	-39.1938498832347	-100.978127632449	140.171977515683
1.97599999999989	-82.7712059063813	-63.3920346107214	146.163240517103
1.97699999999989	-117.798959051839	-20.0486053359592	137.847564387798
1.97799999999989	-140.625996840586	22.93590747299	117.690089367596
1.97899999999989	-150.760528897154	64.0135160694324	86.7470128277216
1.97999999999989	-146.754320105347	100.398983945859	46.3553361594886
1.98099999999989	-129.858104276305	127.214839427005	2.64326484930064
1.98199999999989	-100.295993645901	142.292450003672	-41.9964563577708
1.98299999999989	-58.3377453069506	143.692302240774	-85.3545569338237
1.98399999999989	-10.0924108723672	129.20847027172	-119.116059399353
1.98499999999989	39.4444908895491	100.838228494211	-140.28271938376
1.98599999999989	83.1121604538093	63.2231528705936	-146.335313324403
1.98699999999989	117.960920196899	20.1770388295776	-138.137959026476
1.98799999999989	140.892711584435	-22.9079500276189	-117.984761556817
1.98899999999989	151.043523571344	-64.1707928060643	-86.8727307652795
1.98999999999989	147.029755309443	-100.642602399974	-46.3871529094692
1.99099999999989	130.084846937039	-127.470218481368	-2.61462845567084
1.99199999999989	100.570800266611	-142.560958880684	41.9901586140732
1.99299999999989	58.630307996049	-143.89409076158	85.2637827655312
1.99399999999989	10.3605715762961	-129.381764223376	119.02119264708
1.99499999999989	-39.1973964495627	-100.976152654847	140.17354910441
1.99599999999989	-82.7747764090656	-63.3902815405289	146.165057949594
1.99699999999989	-117.801320337779	-20.0506637844196	137.851984122199
1.99799999999989	-140.62962202255	22.9362467417599	117.69337528079
1.99899999999989	-150.764848203456	64.0159814937305	86.7488667097258
2	-146.758452643516	100.402394721078	46.3560579224389
