"Time [s]"	"FluxLinkage(Phase_A) [Wb]"	"FluxLinkage(Phase_C) [Wb]"	"FluxLinkage(Phase_B) [Wb]"
0	-0	-0	-0
0.001	0.0374887245006939	0.272181161573068	-0.291414780122339
0.002	0.14877410297903	0.414123465742595	-0.523743727480297
0.003	0.321249786822079	0.47760686473637	-0.739286482243757
0.004	0.532515917642739	0.46505635428113	-0.929178192615573
0.005	0.75993442824219	0.365753886560251	-1.07932658348297
0.006	0.980213223939662	0.191263064853651	-1.1715022975
0.007	1.17912848804719	-0.0321263129721037	-1.19227397319855
0.008	1.33833593065878	-0.291606618241585	-1.13470626585078
0.009	1.44893349846052	-0.534403687980385	-1.0031522389885
0.01	1.5008637481425	-0.759692173914532	-0.815083658868982
0.011	1.49129262058382	-0.951496844868517	-0.571042254858475
0.012	1.41315941129324	-1.08651164128752	-0.299377500330352
0.013	1.26331036467241	-1.16154566917609	-0.0424247062228125
0.014	1.06152926635135	-1.17436628981063	0.166037430382444
0.015	0.829375148568407	-1.12048485076644	0.325244694096801
0.016	0.591408037471218	-0.999042292044757	0.424205884716648
0.017	0.35575620460262	-0.80398572206715	0.455302416592877
0.018	0.184450633965225	-0.516493195057829	0.425665822532594
0.019	0.0845554933600886	-0.183569188720728	0.310174961018225
0.02	0.0377520481927306	0.0818259890625077	0.0882766614935626
0.021	0.0502209903384917	0.25878000128633	-0.213760570655765
0.022	0.145672519968662	0.386413282162204	-0.483272438686009
0.023	0.313114503036679	0.460848159908414	-0.709506132131187
0.024	0.522475664835107	0.466637843564814	-0.903299553910362
0.025	0.763721971203353	0.394140923801952	-1.05028846330645
0.026	1.00625192335928	0.242787728608064	-1.14229104436579
0.027	1.21791037086381	0.00412588856208894	-1.17143679901564
0.028	1.37738350352973	-0.26640426247163	-1.12225629372664
0.029	1.48077892794752	-0.534233115831555	-0.995139336524849
0.03	1.52703468981774	-0.768197864514108	-0.799536963927342
0.031	1.51145132429744	-0.956061202128543	-0.541659457529954
0.032	1.42137569348525	-1.08621052470769	-0.260950934506698
0.033	1.26377350463963	-1.15899696711601	-0.015021373319461
0.034	1.05469228197568	-1.16925606916808	0.188184769651975
0.035	0.819982231245087	-1.11097722543919	0.342975571698708
0.036	0.569600234357697	-0.974573727740887	0.440502587119445
0.037	0.340608070719532	-0.773592639356797	0.473772910949565
0.038	0.186109695315816	-0.45648992427634	0.451649578133529
0.039	0.0804018444543198	-0.159647829696852	0.327194910721982
0.04	0.0316599127663649	0.0978878088844028	0.113250723410091
0.041	0.0423542434052185	0.273149681155102	-0.17361804668392
0.042	0.130997568449987	0.39804762604997	-0.454348392260914
0.043	0.295658598034759	0.473095999292402	-0.682109927966646
0.044	0.505505852950637	0.48236883863369	-0.877859669362316
0.045	0.743008716398778	0.417159305917119	-1.02540470393756
0.046	0.989024340556671	0.27314608288074	-1.11614075323559
0.047	1.20651616892573	0.0366560706651077	-1.14663218335213
0.048	1.36802565473053	-0.236364925959975	-1.09997367836808
0.049	1.47023213372391	-0.515019721473798	-0.973554177614632
0.05	1.5155790372452	-0.752044677305452	-0.776383097422444
0.051	1.49863965587517	-0.939561894112038	-0.512909594381721
0.052	1.40618314158662	-1.06843546489046	-0.230834038793436
0.053	1.2465580124028	-1.14054218548158	0.0125314617731572
0.054	1.03667694397286	-1.15021493976076	0.213803358054998
0.055	0.800643192498563	-1.09040080810639	0.36782760836558
0.056	0.547957290775306	-0.950934787465023	0.464730384004973
0.057	0.322837547284997	-0.748206931253557	0.498709696221573
0.058	0.169781829100247	-0.427544605352607	0.47623233626224
0.059	0.0630932840996175	-0.135531533885717	0.349105207318873
0.06	0.0138904897086302	0.120645648527983	0.13684283500121
0.061	0.0246106518509527	0.297194091360553	-0.14437782976518
0.062	0.111215625452755	0.420160014394221	-0.430305880997075
0.063	0.274913064914444	0.494918706375636	-0.658638992001146
0.064	0.485098622288934	0.504775401372544	-0.855039855299326
0.065	0.721703293236004	0.44091728787202	-1.00297210943991
0.066	0.968359603230015	0.298658817526374	-1.09362222852686
0.067	1.18693474372865	0.0631403437490399	-1.12454658460195
0.068	1.34916731713679	-0.211565520379046	-1.0785792654353
0.069	1.45143795343665	-0.493748450451128	-0.952214693070158
0.07	1.49672201520385	-0.73315707271313	-0.753990511263408
0.071	1.47955910325496	-0.920747839063983	-0.488224399040107
0.0720000000000001	1.38661854298963	-1.04904938188265	-0.205056691075057
0.0730000000000001	1.22614937581228	-1.12097286769143	0.0374337431409776
0.0740000000000001	1.01597656618576	-1.13054031999986	0.238122735671014
0.0750000000000001	0.779485224914107	-1.07037105280093	0.391639877472807
0.0760000000000001	0.52650391126262	-0.930467477092914	0.488022945667412
0.0770000000000001	0.302358913311921	-0.726543363275148	0.522057381479906
0.0780000000000001	0.148975506769835	-0.407687820007755	0.497960144514218
0.0790000000000001	0.042461790592054	-0.113554371077742	0.369889114625843
0.0800000000000001	-0.00689536585248986	0.142109202696257	0.157954294054958
0.0810000000000001	0.00416687535247656	0.320107281281097	-0.12099895450413
0.0820000000000001	0.0900462634467689	0.441757471723129	-0.409764472390762
0.0830000000000001	0.253445316648886	0.516071786819932	-0.638319331750787
0.0840000000000001	0.463613480091751	0.525848678375923	-0.835069644374251
0.0850000000000001	0.700051170939388	0.46233568260359	-0.983338083799041
0.0860000000000001	0.946896308387741	0.320723234222807	-1.07411740556907
0.0870000000000001	1.16571770831365	0.0853145831888714	-1.1054157503595
0.0880000000000001	1.32830163273329	-0.19045186143433	-1.05970802273201
0.0890000000000001	1.43093526851841	-0.474370664181802	-0.932909708727241
0.0900000000000001	1.47637170327604	-0.71554084707429	-0.733864008701947
0.0910000000000001	1.45916760634444	-0.903294158073858	-0.467078597876247
0.0920000000000001	1.36614780270312	-1.03124491597769	-0.182864456772978
0.0930000000000001	1.20511884945357	-1.10322408186731	0.0590705579120231
0.0940000000000001	0.994735343286812	-1.11281904675994	0.259495201397692
0.0950000000000001	0.758069168553867	-1.05261611584336	0.412595884244763
0.0960000000000001	0.505045625371199	-0.912731817222836	0.508512888841173
0.0970000000000001	0.281185373246376	-0.708115147971223	0.542419139936037
0.0980000000000001	0.127535311322856	-0.390337151074005	0.517306879899855
0.0990000000000001	0.021133577667164	-0.0945379988394541	0.388341284444389
0.1	-0.0283146993628838	0.160688357270419	0.176510759066256
0.101	-0.0170723630112753	0.339705181830106	-0.102215650808983
0.102	0.0686456112464834	0.460789528826517	-0.391836115372202
0.103	0.231896574413837	0.534661788768602	-0.620698461506004
0.104	0.441983853750808	0.544225561049305	-0.817745201062757
0.105	0.678418364215258	0.480823745905245	-0.966291952293277
0.106	0.925401119431597	0.339586663540517	-1.05722457753519
0.107	1.14424062531012	0.104141857025366	-1.0888338535177
0.108	1.30708061899867	-0.172497207605066	-1.04330533694241
0.109	1.41017749326387	-0.457434282418903	-0.915943523358629
0.11	1.45582332012221	-0.699918399481145	-0.716285615681318
0.111	1.43868411475871	-0.887947971545009	-0.448665756332584
0.112	1.34560120756517	-1.01555442148708	-0.163750049890436
0.113	1.1840915626941	-1.08768245614629	0.077736863066708
0.114	0.973535452685848	-1.09731796347107	0.278012364990776
0.115	0.736768610011604	-1.03715761770213	0.430757678808157
0.116	0.483717812161037	-0.897351824224187	0.52627413212797
0.117	0.259999983377915	-0.69217968525736	0.560026682415717
0.118	0.10610434663326	-0.375402954909611	0.534032166643681
0.119	-0.000182481158078107	-0.0781748909853803	0.404464003774646
0.12	-0.0496752234219156	0.176701867082302	0.192822570022122
0.121	-0.038334386080659	0.356407167970014	-0.0862556324157582
0.122	0.0473801081406714	0.477270542727599	-0.376215035885009
0.123	0.210542315207649	0.550782313366753	-0.60533629999794
0.124	0.420554291572188	0.56013295832197	-0.80265551414677
0.125	0.65704157855811	0.496774915601145	-0.951442247768763
0.126	0.904162234109032	0.355814157480942	-1.04251274235948
0.127	1.12296232704951	0.120330034911694	-1.07436872712874
0.128	1.28600015798817	-0.157124405733892	-1.02901467839524
0.129	1.38958686992541	-0.442737636561315	-0.901102644005254
0.13	1.4354577301411	-0.686225387394365	-0.700952851594342
0.131	1.41843099992611	-0.874544230773081	-0.432485519591821
0.132	1.32525115003204	-1.00180195619987	-0.147188249541239
0.133	1.16332130019595	-1.07409883886015	0.0939413989941385
0.134	0.952613414981147	-1.083771192576	0.294125409091812
0.135	0.715772475091475	-1.02367183368685	0.446565931059143
0.136	0.462674857034442	-0.883930912684221	0.541754720375095
0.137	0.23909514721633	-0.678255365157987	0.575374761802878
0.138	0.0849904272483778	-0.362291213368024	0.548619628216035
0.139	-0.0212251945617848	-0.0640472785347418	0.418620800989872
0.14	-0.0707405558449638	0.190504125659036	0.20718652461403
0.141	-0.059317546660297	0.370858937856413	-0.0723606340649098
0.142	0.0264645421837347	0.491613614678584	-0.362368239694394
0.143	0.18954388731561	0.564847849757362	-0.591861572438424
0.144	0.399530149489799	0.57402389871416	-0.789412165840721
0.145	0.63607922565811	0.5106915606329	-0.938390023338176
0.146	0.883344293514832	0.369942902118087	-1.02957654870484
0.147	1.10208246315127	0.134452233280733	-1.06162604673961
0.148	1.26527050157075	-0.143803370670822	-1.01645380907778
0.149	1.36933819881126	-0.429905696064326	-0.888061907023272
0.15	1.4154377090505	-0.674179594693277	-0.687483299033719
0.151	1.39853055952732	-0.862650237432382	-0.418310556340727
0.152	1.30524550486294	-0.989684291086715	-0.132628425900658
0.153	1.14294833821203	-1.06214258565959	0.108143875466147
0.154	0.932108081368994	-1.07184803245946	0.308281284213217
0.155	0.695204587566023	-1.01180981179722	0.460469413007831
0.156	0.442040415595951	-0.872111494393701	0.555397647485339
0.157	0.218605163122351	-0.665955804685271	0.5889081718948
0.158	0.0643416454834826	-0.350618917873714	0.561509308614725
0.159	-0.0418451875311929	-0.0517066916275469	0.431149813350797
0.16	-0.0913679332237283	0.202624262898795	0.219876245998182
0.161	-0.0798720745281837	0.383524598764354	-0.0601031110052181
0.162	0.00606905184868954	0.504270532392667	-0.349961845069455
0.163	0.167552270858224	0.577155084267735	-0.580685717176816
0.164	0.379000911142993	0.586321383814726	-0.777567617484211
0.165	0.615634086954041	0.522986277648875	-0.926771792720729
0.166	0.863056457884077	0.382408047430887	-1.01806776894854
0.167	1.08172451324796	0.146943564233277	-1.05027101050538
0.168	1.24504748709864	-0.131835813183777	-1.00523489566646
0.169	1.34954047273221	-0.418559329308426	-0.876473753969955
0.17	1.39586263720729	-0.663484766447017	-0.675523303168772
0.171	1.37907169615346	-0.852030038983798	-0.405813317651476
0.172	1.28566432259308	-0.978917502374616	-0.119727773015308
0.173	1.12306641007076	-1.0515177555782	0.120722825144104
0.174	0.912113793490829	-1.06124950302168	0.320859917775903
0.175	0.675150864499396	-1.00126653332003	0.472846739188113
0.176	0.421904278428012	-0.861588785154153	0.567563324663768
0.177	0.198616338746066	-0.654971376540544	0.600985342697495
0.178	0.0442358500729803	-0.3401437796945	0.573020844345708
0.179	-0.0619465548423357	-0.0407700538889971	0.442349555355972
0.18	-0.111472355248422	0.213365011856763	0.231221811887472
0.181	-0.100353477663605	0.393535210565308	-0.0511915154029402
0.182	-0.0140154058623826	0.515340107582922	-0.339408495909428
0.183	0.149023188928687	0.58825520459462	-0.569166628932349
0.184	0.359015109705671	0.597223273323285	-0.767087101758891
0.185	0.595763617662959	0.533944281672479	-0.916416872266789
0.186	0.843326977569919	0.393482797061705	-1.00778158622465
0.187	1.06192375068185	0.158046252916128	-1.04010912049997
0.188	1.22532272724561	-0.121349505707109	-0.995229549480885
0.189	1.33022054389075	-0.408485879690655	-0.86614536177843
0.19	1.37676357643831	-0.653935226770006	-0.664861379307812
0.191	1.36009939080204	-0.842511874653366	-0.394639127255282
0.192	1.26655203581746	-0.969296959206701	-0.108239277412499
0.193	1.10372300366236	-1.04201265811429	0.131956284238465
0.194	0.892676160494248	-1.05176798484078	0.332123243502583
0.195	0.655657899980246	-0.991834228973372	0.483948804778878
0.196	0.402319771315234	-0.852163129855272	0.578485483893093
0.197	0.179190637719275	-0.645093558346912	0.611840135288813
0.198	0.0247082022388645	-0.330710002629829	0.583367183810896
0.199	-0.0814852915208157	-0.0310071407492147	0.452414384138495
0.2	-0.131008485326678	0.222949072171415	0.241430655383937
0.201	-0.119773346825443	0.403626943051854	-0.0410296857536537
0.202	-0.0334127373639992	0.525376556655676	-0.329571879420082
0.203	0.129626465784362	0.598191771105161	-0.559478550628537
0.204	0.33948772105235	0.606995675707002	-0.757482306193455
0.205	0.576483970846326	0.543859997022694	-0.906989565962561
0.206	0.824222008518312	0.40348808636925	-0.998452477863635
0.207	1.04275523288058	0.168083661443223	-1.0308792928568
0.208	1.2061844197047	-0.111896499817562	-0.986151068880711
0.209	1.31144618935679	-0.39939235555013	-0.85678090711957
0.21	1.35819885592984	-0.645283556846627	-0.65519838065065
0.211	1.341658340428	-0.833865160577203	-0.384497947424525
0.212	1.24795775546996	-0.960567459131467	-0.0978512574704933
0.213	1.0849563672537	-1.03338202824372	0.142123252499753
0.214	0.873837130026942	-1.04316143052421	0.342316753005775
0.215	0.63675771573211	-0.983269882054393	0.494030005879749
0.216	0.383321905178088	-0.843593804444063	0.588410389929639
0.217	0.160363262756499	-0.636070519647103	0.621714835154169
0.218	0.00578388913823221	-0.322117009801211	0.592776436319098
0.219	-0.100433154390583	-0.0222196935948658	0.461579367014113
0.22	-0.149943605934297	0.231615250238426	0.250741431232117
0.221	-0.138609146017182	0.412731885744516	-0.0317662824797698
0.222	-0.052224115355114	0.534472894787615	-0.32062866798865
0.223	0.110837979734269	0.607229328675598	-0.550621698716249
0.224	0.320998779227426	0.616129432512395	-0.748861722243574
0.225	0.55788478109302	0.552920920087525	-0.898410549646899
0.226	0.805740984582713	0.412604657643514	-0.989911720796002
0.227	1.02421496286471	0.177256583687105	-1.02241973990161
0.228	1.18764722591404	-0.103257267816527	-0.977835921129084
0.229	1.29322611891513	-0.39110539622181	-0.848223129484925
0.23	1.34017758254627	-0.637375725769913	-0.646369364880173
0.231	1.32375743532217	-0.825942536453364	-0.375231375361055
0.232	1.22990543637462	-0.952575792727564	-0.088367007205116
0.233	1.06678001061162	-1.02547146997344	0.151437275703717
0.234	0.855600709425151	-1.03527555513878	0.351653420679911
0.235	0.618465027928912	-0.97542219245227	0.503264395197645
0.236	0.364928033369084	-0.83573295449669	0.597505542639077
0.237	0.142145002360463	-0.6277609330315	0.630771698964523
0.238	-0.0125273155868937	-0.314201252559591	0.601405143747851
0.239	-0.11877532534851	-0.0142183995891712	0.469991958744045
0.24	-0.168267150827369	0.239545249475004	0.259280781596997
0.241	-0.156845547351813	0.421043697834909	-0.0232639071219283
0.242	-0.0704270156193264	0.542786190100006	-0.312485447242166
0.243	0.0926681452546741	0.615520770023828	-0.542453988312485
0.244	0.302949945574322	0.624422701057018	-0.740864689981468
0.245	0.539880352075663	0.561257517211809	-0.890484083818036
0.246	0.787876821950034	0.4209764517489	-0.982043415938052
0.247	1.00629973724604	0.185711356124131	-1.01461360500753
0.248	1.16970457438153	-0.0953470402446829	-0.970177236970292
0.249	1.2755612566366	-0.383471306997707	-0.84034119651702
0.25	1.32269801753213	-0.630094500101297	-0.638243623141196
0.251	1.30639084685903	-0.818635109619826	-0.366700372583746
0.252	1.21239544722312	-0.945208419613277	-0.0796476754879132
0.253	1.0491898641875	-1.01817311067681	0.160006126082741
0.254	0.837962673744503	-1.02800045048447	0.360253641513903
0.255	0.600769817941266	-0.968179938758077	0.511782106251654
0.256	0.347131447146725	-0.828471638010997	0.605895937871915
0.257	0.124530220224467	-0.620057149545014	0.639133454949194
0.258	-0.0302375058712575	-0.306869542389012	0.609369129988028
0.259	-0.136521704898037	-0.00689121720380531	0.477768409619763
0.26	-0.185987205405359	0.246849760229536	0.267176331938218
0.261	-0.174489892471824	0.428688264389687	-0.0154104219192409
0.262	-0.0880259333666859	0.550456298015865	-0.304863584035147
0.263	0.0750965136322274	0.623176953507357	-0.534900099807331
0.264	0.28547142931189	0.632099592404469	-0.733413841698756
0.265	0.522482575010739	0.568983049797418	-0.883135971544326
0.266	0.770614324862262	0.42871996208962	-0.974747587863042
0.267	0.988997763127376	0.193546664418714	-1.00736613249207
0.268	1.15234312884672	-0.088077052361163	-0.96308383314098
0.269	1.25843675334694	-0.376421623240244	-0.833043963490802
0.27	1.3057499044669	-0.623338612974572	-0.630722329731642
0.271	1.28954880677782	-0.811852214217132	-0.358789572258258
0.272	1.1954282407358	-0.938366613394093	-0.0715622256988212
0.273	1.03217359937481	-1.01139377256773	0.167937518655957
0.274	0.820909442204784	-1.02124317541172	0.3682237514149
0.275	0.583659573382475	-0.961450450344951	0.519685868138568
0.276	0.329920209290184	-0.82171923283117	0.613683061479735
0.277	0.107506190113054	-0.612864337288523	0.646899767700265
0.278	-0.0473602935208833	-0.300031050259871	0.616765497834158
0.279	-0.153677679734701	-8.97145924212171E-05	0.484993320723979
0.28	-0.202950157796769	0.254330729603402	0.275015127803599
0.281	-0.191527828195927	0.435833279850516	-0.00804063858045675
0.282	-0.105018292543488	0.557603532776532	-0.297586841083849
0.283	0.0581139204456228	0.630298274543833	-0.527855593929272
0.284	0.268603232456602	0.639259581130732	-0.726473973513228
0.285	0.505674370545662	0.576195580845714	-0.876272469941552
0.286	0.753936620482017	0.4359383914769	-0.967931722168338
0.287	0.972285995066109	0.200870123493298	-1.00058810260928
0.288	1.13556282971271	-0.0812563171715371	-0.956448007659631
0.289	1.24184537251813	-0.369846668097793	-0.826233891145639
0.29	1.28925885694193	-0.617471570410762	-0.623756431710103
0.291	1.27321349527775	-0.805519741587349	-0.3514140454569
0.292	1.17897973194211	-0.931980495227199	-0.0640831574747287
0.293	1.01571270161427	-1.00505515196921	0.175320588123933
0.294	0.804423224687333	-1.01492688668937	0.3756445972866
0.295	0.567114892232446	-0.955156138951614	0.527062842924013
0.296	0.313277114712336	-0.815399845250105	0.620951697868383
0.297	0.0910494278695433	-0.606120679847025	0.654150646561889
0.298	-0.0639155551048378	-0.293623959062432	0.623666917086107
0.299	-0.17026345102715	0.00625287447724135	0.491746355154906
0.3	-0.219512317595717	0.260634239325045	0.281894588845899
0.301	-0.208030708445196	0.442425883627463	-0.00123151007582587
0.302	-0.121459637491694	0.564250165396766	-0.290883820689909
0.303	0.0416965893475505	0.636947794160984	-0.52127513588743
0.304	0.252303325600106	0.645953143553026	-0.719984796645189
0.305	0.48943117135981	0.582946981462438	-0.869849902065191
0.306	0.737820305726191	0.442686595687288	-0.961551759518355
0.307	0.956140028420645	0.207730322715881	-0.994236881045447
0.308	1.11933887527409	-0.0748677097667008	-0.950231738825311
0.309	1.22576985043831	-0.363701163662187	-0.819864352154701
0.31	1.27332873774822	-0.61156001839005	-0.617209286631882
0.311	1.25738015090501	-0.799578818313414	-0.344494643549604
0.312	1.16305907047057	-0.925985935229912	-0.0570532602715522
0.313	0.99979445899699	-0.999104814939677	0.182241145635113
0.314	0.788481437592031	-1.00899728856444	0.382607536360778
0.315	0.551118478313132	-0.949245399931259	0.533977617059934
0.316	0.297184433242713	-0.809461966207542	0.627765720104955
0.317	0.07514202842993	-0.599776179219131	0.660947931881448
0.318	-0.0799228753915206	-0.287609367117591	0.630133152337209
0.319	-0.186298159600774	0.0121913104477509	0.498076318814029
0.32	-0.23552059283032	0.266560235189994	0.28834481011309
0.321	-0.223986792979985	0.44858334963862	0.0051793579759617
0.322	-0.137327472749032	0.570479023727662	-0.284562220561546
0.323	0.0258377912807776	0.643191125193221	-0.515069810526163
0.324	0.236551705713948	0.652243537399045	-0.71388149230826
0.325	0.473733611726652	0.589299168163745	-0.863805676915615
0.326	0.722245608464624	0.449029688297959	-0.955546563802857
0.327	0.940540688728035	0.21419550515444	-0.988253609510453
0.328	1.10365346454424	-0.0688560447183384	-0.944379185490476
0.329	1.21019921235311	-0.357925716009805	-0.813875877454154
0.33	1.25788661701086	-0.606000057340917	-0.611055254504578
0.331	1.24202975233224	-0.793980421295208	-0.338003323468579
0.332	1.14764691458681	-0.920337805824113	-0.0504429343654699
0.333	0.984395790125508	-0.993495527536195	0.188743560519289
0.334	0.773064267809362	-1.003407106123	0.38916139063385
0.335	0.53565022953525	-0.943670676414482	0.540483653304059
0.336	0.281623000852476	-0.803859119096932	0.634177393284282
0.337	0.0597653800033712	-0.593777299277253	0.667344328322436
0.338	-0.0953969850730778	-0.281916208654689	0.636219995972571
0.339	-0.201799772535475	0.017785165839362	0.504038980055098
0.34	-0.250996409147784	0.272140607202317	0.294418106185332
0.341	-0.239415059407546	0.454366672378714	0.0112299577664913
0.342	-0.152663064772618	0.576342596262355	-0.278591543010823
0.343	0.0105107716497263	0.649072136577077	-0.509224494070719
0.344	0.221329199601186	0.658177616885834	-0.708123483633612
0.345	0.45856073740288	0.595297984237173	-0.858098827555166
0.346	0.707192013781497	0.455014438732428	-0.949873973116965
0.347	0.925456637202313	0.220331738963821	-0.982595645822347
0.348	1.08848695974701	-0.063181343821865	-0.93885052604069
0.349	1.19511950212609	-0.352476926367494	-0.808224816634016
0.35	1.24291808148284	-0.600752208981054	-0.605249143554558
0.351	1.22715083379172	-0.788687419294129	-0.331879630690125
0.352	1.13272730752429	-0.914996491583106	-0.0442117980125659
0.353	0.969499663433995	-0.98818748608043	0.194879613911217
0.354	0.758159472033761	-0.998118221226169	0.395333538333236
0.355	0.520691069708973	-0.9383937213866	0.546623636923182
0.356	0.266573007663012	-0.798552872566006	0.640231092933473
0.357	0.0449044017888329	-0.588088810910821	0.673384025447158
0.358	-0.110359549885195	-0.276520598828043	0.641966455245733
0.359	-0.216788748740906	0.023075681598203	0.509671767919171
0.36	-0.265960404216191	0.277415284745762	0.300154764728581
0.361	-0.254335102876251	0.459823029748984	0.0169589398345108
0.362	-0.167484820599095	0.581878067060955	-0.272980595006149
0.363	-0.00430080185593363	0.654635842235531	-0.503677243112916
0.364	0.206613176923439	0.663795760549295	-0.702668902765231
0.365	0.443889620007605	0.600982233891811	-0.852689765643183
0.366	0.692639478305678	0.460680974462266	-0.944497292408221
0.367	0.9108883977112	0.226118809963172	-0.977233854531174
0.368	1.0738208365314	-0.0577996921870113	-0.933609611018768
0.369	1.18051548139229	-0.347317423574926	-0.802873680118983
0.37	1.22840899882391	-0.595779388043748	-0.59975369561029
0.371	1.21272995988964	-0.783665872112498	-0.326084238743287
0.372	1.11828506502037	-0.909926904289387	-0.038310329065177
0.373	0.955085658423151	-0.983148040955524	0.200684686200836
0.374	0.743743039445423	-0.993097566588233	0.401169182159225
0.375	0.506220815473041	-0.933381791588771	0.552437145197735
0.376	0.252015593710883	-0.793511381106092	0.645964276681577
0.377	0.0305334203348134	-0.582675022699087	0.679104125133758
0.378	-0.124829908600819	-0.271383043298565	0.64740984309677
0.379	-0.231285349591331	0.0280945153632962	0.515011305917234
0.38	-0.280432634009705	0.282420012771545	0.305589758982661
0.381	-0.26876651741288	0.464991452500971	0.0223965074126753
0.382	-0.181823351870593	0.587129354153409	-0.267620495904417
0.383	-0.0186282563327315	0.659913164255216	-0.498414701082011
0.384	0.192381719286023	0.669129766506654	-0.697494116755021
0.385	0.429698673406785	0.606384185261912	-0.847551921709182
0.386	0.678565809279037	0.466062219755098	-0.939388474580502
0.387	0.896792153267352	0.231650831734097	-0.972134724811954
0.388	1.05963339950439	-0.0526749365892967	-0.928627737344745
0.389	1.16637160315112	-0.34241565598137	-0.797792971206291
0.39	1.21434532661611	-0.591049881461543	-0.59453887113521
0.391	1.1987532030854	-0.778888615282719	-0.320582732282819
0.392	1.10430420881279	-0.905101938055814	-0.0327104821758049
0.393	0.941138087275888	-0.978350687097743	0.206187553198824
0.394	0.729789991718166	-0.988316347531705	0.406719311630241
0.395	0.492220075471173	-0.928608006266709	0.557955244389715
0.396	0.237931430797393	-0.788707744542698	0.651407617310243
0.397	0.0166306428681312	-0.577509903326804	0.684535071806503
0.398	-0.138821296017165	-0.26654887057663	0.652676744173284
0.399	-0.245306956919839	0.0328641432650167	0.520098115218872
0.4	-0.294430585715581	0.287186562622605	0.310755279899677
0.401	-0.282726585587861	0.469910403001269	0.0275767276325198
0.402	-0.195697894668866	0.592121515865276	-0.262537638677628
0.403	-0.032490948545335	0.664935847755751	-0.493409175700951
0.404	0.178598126428018	0.674209041517085	-0.692551854035883
0.405	0.415967640958816	0.611533986297301	-0.842655705275154
0.406	0.664952933158438	0.471188677868589	-0.934519959464228
0.407	0.883157304817202	0.236928350569875	-0.967274079189476
0.408	1.04601700568962	-0.0473052777598292	-0.924416111181047
0.409	1.152732322885	-0.337479677640953	-0.792850384295318
0.41	1.20073110676268	-0.586489157639125	-0.589575764705145
0.411	1.18521756835677	-0.774331822075855	-0.31534169614457
0.412	1.09077880285553	-0.900494952910573	-0.0273722003933576
0.413	0.927647657620019	-0.973766310229748	0.211437330164966
0.414	0.716294444377448	-0.983747487883086	0.412009248225564
0.415	0.478678104246649	-0.924043443609631	0.563215399313712
0.416	0.224308625997903	-0.784111888312425	0.656598063890331
0.417	0.00318402917762353	-0.57255733679837	0.689714301867424
0.418	-0.152355599240925	-0.261810879998457	0.657597852868867
0.419	-0.258867530858477	0.0374426910916191	0.524937917194139
0.42	-0.307970485303248	0.291730362005044	0.315684267922084
0.421	-0.296232697071653	0.474592198399342	0.0325097162001252
0.422	-0.208844914537757	0.597040101715483	-0.256990410406313
0.423	-0.0474111284954526	0.669607743757995	-0.489514810674123
0.424	0.165095225624532	0.678926043470741	-0.687776899843626
0.425	0.402664356169534	0.616440576054653	-0.837957042628718
0.426	0.651789308734326	0.47608104541483	-0.929871977085994
0.427	0.869967693966755	0.241997121301447	-0.962628468176371
0.428	1.03275229648441	-0.042587155408406	-0.919882464956146
0.429	1.13947672534994	-0.333007961929452	-0.788235513585958
0.43	1.18752999639675	-0.582177235368445	-0.584837314719214
0.431	1.17209735748033	-0.769973893082917	-0.310345073323517
0.432	1.07767835077316	-0.896089129078521	-0.0222961125985527
0.433	0.914583829076785	-0.969381449327565	0.216428663814837
0.434	0.703226652302547	-0.979377118766116	0.417047033185437
0.435	0.465566772325393	-0.919676159565522	0.568223030837006
0.436	0.211121873613274	-0.779713901906849	0.661540319460976
0.437	-0.00983212659417379	-0.567812437051653	0.694646802832171
0.438	-0.165465294660822	-0.25733714909489	0.662275677334853
0.439	-0.271997871881947	0.0417816516568151	0.529552957491392
0.44	-0.321076575764611	0.296066730024704	0.320387101442668
0.441	-0.309306813111161	0.479061368724831	0.0372203726565649
0.442	-0.222098554448988	0.601424629208316	-0.253024139354858
0.443	-0.0588867057326027	0.674300368886307	-0.484042651406479
0.444	0.152344914853248	0.683681206994044	-0.683327067704448
0.445	0.389816016610698	0.621154448724807	-0.833515223665647
0.446	0.639036243802342	0.480758492240698	-0.925426068720707
0.447	0.857195040047712	0.246801698076018	-0.958192045095338
0.448	1.01988285914854	-0.0380655641366325	-0.915548241524179
0.449	1.12661739876502	-0.328735587812974	-0.783831078385251
0.45	1.17471841207512	-0.578047855633765	-0.580315276231056
0.451	1.1593678861923	-0.765799519886239	-0.305576409786803
0.452	1.06498065531223	-0.891868808110357	-0.0174592329498849
0.453	0.901925666670109	-0.96517827092626	0.221194470252782
0.454	0.690565693506397	-0.975189257861902	0.421852677322638
0.455	0.452865937869443	-0.915491577514999	0.573003853817954
0.456	0.198350761442908	-0.775501205733319	0.666260163267402
0.457	-0.0224455608583937	-0.563261189623944	0.69935633929888
0.458	-0.178167195219251	-0.253059806152703	0.666742307827644
0.459	-0.284715767811991	0.0459544864320707	0.53396132816353
0.46	-0.333773072295744	0.300219948168727	0.324880900827436
0.461	-0.321972960071673	0.483333668782383	0.0417218742051989
0.462	-0.234677837080009	0.605776737368251	-0.248534075591483
0.463	-0.0714649155686742	0.67868073768436	-0.479674123483957
0.464	0.139827524179657	0.688113741053178	-0.6790113982664
0.465	0.377356221360167	0.625662669201292	-0.829242339278515
0.466	0.626692921040448	0.485236170656471	-0.921172067697689
0.467	0.844839009079239	0.251398474708567	-0.95394536378624
0.468	1.00742244786174	-0.0337372187120251	-0.911400006501828
0.469	1.11416068889829	-0.324644882842536	-0.779617290154925
0.47	1.16230132571682	-0.574086015874081	-0.575990089577978
0.471	1.14702963295751	-0.761793879270909	-0.301018339540326
0.472	1.05268113505738	-0.887819147098273	-0.0128360466105487
0.473	0.889664996967931	-0.961144497108704	0.225743766120013
0.474	0.678302334156883	-0.971169446846881	0.426445819649238
0.475	0.440564299780528	-0.911473139921058	0.577575058503315
0.476	0.18598329012421	-0.771454535173761	0.670773796604045
0.477	-0.0346621374944875	-0.558885909038272	0.703860353293718
0.478	-0.190470355593943	-0.248966945884345	0.671011315289984
0.479	-0.297033298386892	0.0499397732866015	0.538181728282128
0.48	-0.346068001715807	0.30420214715109	0.329185476724073
0.481	-0.334239788361089	0.487429027706301	0.0460314122995468
0.482	-0.24685828743202	0.609944998371561	-0.24424253423299
0.483	-0.0836459987686012	0.682881254329129	-0.47548048033938
0.484	0.127691010365372	0.692363404910801	-0.674863035512433
0.485	0.365287965836188	0.629989281781916	-0.825147001238281
0.486	0.614737488901853	0.48953208460981	-0.917092727866107
0.487	0.832855186431064	0.255863831052068	-0.949867245992267
0.488	0.995355298655744	-0.029578808857335	-0.90742080641652
0.489	1.10209303789493	-0.320706909700546	-0.775572727943124
0.49	1.15026504707099	-0.570277578823533	-0.571845353085809
0.491	1.13507029301094	-0.757943742636681	-0.29665111161579
0.492	1.04076567146162	-0.88392486106536	-0.00840281221047864
0.493	0.877785757694822	-0.957265428977247	0.23009953804605
0.494	0.666422247402598	-0.967304025288716	0.430841453149443
0.495	0.428646956435299	-0.907607784964302	0.581953238344018
0.496	0.174004457745935	-0.76756110163152	0.675097610468074
0.497	-0.0464970568325904	-0.55467380433938	0.708174951375233
0.498	-0.202388759225278	-0.245038047589405	0.675100999746451
0.499	-0.308960092108648	0.0538011764242952	0.54222878380291
0.5	-0.357978226842238	0.308022714193319	0.333311501702171
0.501	-0.346122475808158	0.49136098794062	0.0501658450398002
0.502	-0.258650144288282	0.613943890769007	-0.240139361462931
0.503	-0.0954450251941298	0.686915258969712	-0.471456480926116
0.504	0.115938443926167	0.696444432785206	-0.670886713134525
0.505	0.353592790478166	0.634147403178545	-0.821211070397113
0.506	0.603154806983983	0.493659957525095	-0.913173897776196
0.507	0.821245666663659	0.260167388192218	-0.945948022762067
0.508	0.983664194522357	-0.0255767341010476	-0.903597546720015
0.509	1.09039635217396	-0.316932505444015	-0.771700032019394
0.51	1.13859695978463	-0.566612223424616	-0.567867062393109
0.511	1.12347764023987	-0.754237279145427	-0.292460977097438
0.512	1.0292212364196	-0.88017485774499	-0.00414823911120407
0.513	0.866274185438786	-0.953530767334029	0.234273111157335
0.514	0.6549104289213	-0.963582054483404	0.43505603952064
0.515	0.417100204956884	-0.903884827848613	0.58615166598001
0.516	0.162400188928989	-0.763810565699502	0.679244612149479
0.517	-0.0579632378693115	-0.550613255673967	0.712313189663836
0.518	-0.213935240455436	-0.241251484992359	0.679026629568543
0.519	-0.320516143045862	0.0575075084513341	0.546113078438172
0.52	-0.369519592064882	0.311682937542189	0.337271645508732
0.521	-0.357635091189725	0.495141697183979	0.0541366267297952
0.522	-0.270070490121475	0.617797447597717	-0.236133764132497
0.523	-0.106877893642727	0.690794968674447	-0.467594712422448
0.524	0.104559621317523	0.700369236535064	-0.667080543836147
0.525	0.34225811026561	0.638148438448983	-0.817429683971476
0.526	0.591929243491724	0.497630671944676	-0.909407400171532
0.527	0.810011643968036	0.264287612037567	-0.942182113102429
0.528	0.972332049695127	-0.021740467149346	-0.899926376611169
0.529	1.07905991500776	-0.313283552726802	-0.767971165551609
0.53	1.12728312361689	-0.56308240486727	-0.564042515423854
0.531	1.11223854842717	-0.750664880214544	-0.288430962782175
0.532	1.01803216110566	-0.876558903454005	-5.92303134142496E-05
0.533	0.85511637449863	-0.949928869892128	0.238284508300289
0.534	0.64375168776088	-0.959993071393211	0.439103266047671
0.535	0.40590975494088	-0.900294031786559	0.590182477976696
0.536	0.151155806510721	-0.760193004747334	0.683227035698957
0.537	-0.0690730867142089	-0.546698258510515	0.716286914101705
0.538	-0.225120707984131	-0.237573212750293	0.6828033331626
0.539	-0.331716368018858	0.0610659180956528	0.549847349620441
0.54	-0.380706762664858	0.315195512398779	0.341076878990555
0.541	-0.368792218918036	0.498781981635304	0.0579555143293637
0.542	-0.28113460346988	0.621502972292454	-0.23231541603862
0.543	-0.117954747795727	0.694532268763311	-0.463874174950474
0.544	0.0935218874629667	0.704149451324958	-0.663406354757312
0.545	0.331269041224428	0.642003177115887	-0.813786326623879
0.546	0.580621450892371	0.50134826042925	-0.90584512983061
0.547	0.799156829270297	0.268136293562772	-0.938568981253096
0.548	0.961332202139803	-0.0180832512376454	-0.896400503116441
0.549	1.06805910126795	-0.30977329294639	-0.7643834447851
0.55	1.11630214934667	-0.559685749456291	-0.560365793514961
0.551	1.10133079075139	-0.74722664608735	-0.284556314310712
0.552	1.00717558472252	-0.873078411553432	0.00387450351022188
0.553	0.844290017693857	-0.946461681394235	0.242138477153795
0.554	0.63292483593641	-0.956538133014829	0.442991240969128
0.555	0.395053305106032	-0.896836018222631	0.594057039417562
0.556	0.140251023666314	-0.756708899622334	0.687056130651105
0.557	-0.0798488871094173	-0.54291566531743	0.720108917957512
0.558	-0.235969553728324	-0.234026317998059	0.686438403378269
0.559	-0.342581343333534	0.0644852418170608	0.553443022231246
0.56	-0.391557253224454	0.318581140459067	0.344738749124475
0.561	-0.37961484050074	0.502281899037441	0.0616330173044714
0.562	-0.291864395887052	0.625067963942532	-0.22863402458889
0.563	-0.12869684360501	0.698131951560807	-0.460286520597969
0.564	0.0828675522341973	0.707791533546664	-0.659919260122047
0.565	0.320609503195651	0.645716263528814	-0.810272913008751
0.566	0.570062396652637	0.505031978121944	-0.9023477105538
0.567	0.78859059236898	0.271968465063172	-0.935070708201698
0.568	0.950668485145487	-0.0145471452079464	-0.892997406223333
0.569	1.05739827417691	-0.306377615796912	-0.760922254877444
0.57	1.10565754945935	-0.556399637936675	-0.556820582249679
0.571	1.09075731731685	-0.74390050315687	-0.280821041364484
0.572	0.996654066277998	-0.869712118720852	0.00766218321847003
0.573	0.833796318716043	-0.943107977783606	0.245848777254591
0.574	0.62243066285714	-0.953196279659999	0.446734405747501
0.575	0.384531474865085	-0.89349033138643	0.597788686985738
0.576	0.129684771186669	-0.753338113784389	0.690744577193516
0.577	-0.090296889295351	-0.539254782905233	0.7237893837887
0.578	-0.246482001368479	-0.230587472409541	0.689941658674647
0.579	-0.353110227247895	0.0677950467827869	0.556909433448043
0.58	-0.402071111656753	0.321866806871553	0.348267378647467
0.581	-0.390103397319794	0.505665712342097	0.0651792037418737
0.582	-0.302259132168112	0.628511393066499	-0.225079241545631
0.583	-0.139107718285962	0.70160708090919	-0.456829196151842
0.584	0.0725014969046225	0.711308949714954	-0.656513749549912
0.585	0.310276844948636	0.649301720938393	-0.806885583845089
0.586	0.559826440244045	0.508588728504348	-0.898973691982727
0.587	0.778339480018926	0.275706180515884	-0.931692134743298
0.588	0.940334913202209	-0.0111440057334827	-0.889716550927049
0.589	1.04706357719969	-0.303094223551469	-0.757583800056858
0.59	1.09533693496685	-0.553219172245679	-0.55340194365136
0.591	1.08050620665628	-0.740682158127359	-0.277217832396227
0.592	0.986454954691733	-0.866455734748416	0.0113078883509527
0.593	0.823622564796943	-0.939863037818518	0.249421355097546
0.594	0.612257284149257	-0.949962807744331	0.450337610417208
0.595	0.374331579191391	-0.89025199724401	0.601383957238125
0.596	0.119445044333617	-0.750075465946029	0.694298696665564
0.597	-0.100417685869819	-0.535710786952051	0.727335973183468
0.598	-0.256676806074685	-0.22728767211642	0.693312099739952
0.599	-0.363316032511247	0.0709946541610972	0.560250461082899
0.6	-0.412257137482055	0.325077616164189	0.351670218776903
0.601	-0.40027025600374	0.508932902416635	0.0686005277281033
0.602	-0.312332602139172	0.63183601667755	-0.22165276844925
0.603	-0.149197634694011	0.70496466136845	-0.453484493681488
0.604	0.0624669655074716	0.714706736168745	-0.653244703412083
0.605	0.300258514596467	0.652765091547303	-0.803617921511463
0.606	0.549902736615782	0.512023701522675	-0.895717539544575
0.607	0.768401570526953	0.279310611542669	-0.928432332364636
0.608	0.930310884112644	-0.0078904758665803	-0.886558157233864
0.609	1.03704303727795	-0.299917077852005	-0.754363206912102
0.61	1.08532893725204	-0.55013917188103	-0.550104977416147
0.611	1.07056647752415	-0.737566490945212	-0.273740850887004
0.612	0.976566264711942	-0.863303288214149	0.0148240018596623
0.613	0.813757453778267	-0.936721527975222	0.252864735279612
0.614	0.602392035556967	-0.946832541910817	0.453810382458306
0.615	0.364442463156431	-0.887116138762269	0.604848607805262
0.616	0.109520695932785	-0.746916312763936	0.697724251506797
0.617	-0.110234617191455	-0.53226964778998	0.730753886139395
0.618	-0.266560560550621	-0.224096299276819	0.696560256724343
0.619	-0.373208957763121	0.0740984332491097	0.563471003436865
0.62	-0.422134875374314	0.328169920113904	0.354950682879691
0.621	-0.410126985690304	0.512091261902999	0.0719020109061377
0.622	-0.322092048688825	0.635051720866764	-0.218334552721405
0.623	-0.158979583996261	0.708209752045095	-0.4502599349624
0.624	0.0527217710070621	0.71799141461185	-0.650072364729999
0.625	0.290543561385314	0.65611262464165	-0.800463940925604
0.626	0.540280452617569	0.515343723759329	-0.892573841222431
0.627	0.758774011767613	0.282786315465627	-0.925285648169796
0.628	0.920590425852143	-0.00474060651247976	-0.883508559527082
0.629	1.02732580665002	-0.296842121451767	-0.751254612452829
0.63	1.07562293169852	-0.547155719696837	-0.546923736801465
0.631	1.06092727814032	-0.734549023004834	-0.270384819507407
0.632	0.966977360569679	-0.860250167344754	0.0182181612364665
0.633	0.804190251892942	-0.933679348014654	0.256182244445681
0.634	0.592821231767057	-0.94380042491494	0.457166646404525
0.635	0.35485320650231	-0.884078142850662	0.608189081024056
0.636	0.0999012059420694	-0.743855984956852	0.701027970999614
0.637	-0.11975468331446	-0.528936052256447	0.73404904394549
0.638	-0.276146472599123	-0.221019904136227	0.699689906092249
0.639	-0.382801406447223	0.0771011323047515	0.56657954669418
0.64	-0.431712679677472	0.331168203343485	0.358112504840486
0.641	-0.419684319610153	0.515146751143388	0.0750903234568524
0.642	-0.331552740680629	0.638162279838549	-0.215126983492592
0.643	-0.168464713952415	0.711348752480906	-0.44714126258841
0.644	0.0432610856032351	0.721168698973738	-0.646998628208748
0.645	0.281120730952291	0.659349864792509	-0.797417092720457
0.646	0.530949460121884	0.518554481007443	-0.88953702079196
0.647	0.74943706784606	0.286150515899864	-0.922245741201286
0.648	0.911166675784097	-0.0016792017460425	-0.880560089694548
0.649	1.01790156218683	-0.293864515484696	-0.748252426326279
0.65	1.06620889898975	-0.544264765877977	-0.543851959824963
0.651	1.05157845133077	-0.731625557648873	-0.267142928605868
0.652	0.957678138309644	-0.85729238422043	0.0214925750568095
0.653	0.794910711813027	-0.930732183577279	0.259379549696909
0.654	0.583536813942309	-0.940862414544509	0.460407116667986
0.655	0.34555298836745	-0.88113356208749	0.611412018938447
0.656	0.0905760890540721	-0.740890043314758	0.704216112033267
0.657	-0.128985293176593	-0.525709726895171	0.737227468872563
0.658	-0.285442152980175	-0.218035470126741	0.702710638630557
0.659	-0.392103686606293	0.0800111292512636	0.569580193856804
0.66	-0.441004074949622	0.334052875072206	0.361166409330883
0.661	-0.428952865134964	0.518104832047653	0.0781718141952973
0.662	-0.340731448063836	0.641170643718871	-0.212040009861054
0.663	-0.177663272596601	0.714385922868686	-0.444130841453937
0.664	0.0340826297835464	0.724243592289872	-0.644021124109462
0.665	0.271981517408837	0.662481992158822	-0.794473368859252
0.666	0.521900045044335	0.521661246842852	-0.886601726889065
0.667	0.740380889206806	0.289409598173683	-0.919307198592963
0.668	0.902025796010795	0.00130656294776161	-0.877706298401227
0.669	1.00876034512697	-0.290981361191526	-0.745351407722631
0.67	1.05707720098084	-0.541462179482384	-0.540884550890789
0.671	1.04251021805887	-0.728791596655325	-0.264011810296719
0.672	0.948658723511837	-0.854426083976526	0.0246527193508261
0.673	0.785909128674045	-0.927876250685779	0.262462262735553
0.674	0.57453000824995	-0.938014793243712	0.463535167876123
0.675	0.336532371336367	-0.878278726005139	0.614523190427614
0.676	0.0815354495051237	-0.738014216483646	0.707294464461337
0.677	-0.137933919069625	-0.522584876732645	0.740295435361416
0.678	-0.294456168773075	-0.215129708335777	0.705629371975455
0.679	-0.401125427678293	0.0828330846134094	0.57248132615789
0.68	-0.450016940069042	0.336836200423292	0.364119900959601
0.681	-0.437942501229933	0.520969825802914	0.0811503889700724
0.682	-0.34963837323925	0.64408025500455	-0.209069332464051
0.683	-0.186585407906964	0.717326024346024	-0.441219330501141
0.684	0.0251998921444674	0.727220529086857	-0.64116200633106
0.685	0.263112970140503	0.66551343440179	-0.791624450598163
0.686	0.513122614874863	0.52466840777599	-0.883762887587321
0.687	0.731598676074209	0.292566727650126	-0.916465075014082
0.688000000000001	0.893162806236658	0.00419887147222499	-0.874946174773616
0.689000000000001	0.99989245301826	-0.288188274420083	-0.742546837755316
0.690000000000001	1.04821837075943	-0.538744452801519	-0.538016468236399
0.691000000000001	1.03371375945452	-0.726044004756371	-0.260980789418975
0.692000000000001	0.939910036949683	-0.851646472956534	0.027704914648737
0.693000000000001	0.777176492068797	-0.925106511009828	0.265439726893396
0.694000000000001	0.565789785831595	-0.935252790484985	0.466560883001898
0.695000000000001	0.327782096388401	-0.875509055141921	0.617528051636077
0.696000000000001	0.0727705974368287	-0.73522431209311	0.71026854840968
0.697000000000001	-0.146615674995315	-0.519548815530028	0.743258686676278
0.698000000000001	-0.303193068577271	-0.212265180489171	0.708458193694758
0.699000000000001	-0.409875110174609	0.085575815375697	0.575286515173221
0.700000000000001	-0.458759013595026	0.339534997563709	0.3669748413194
0.701000000000001	-0.446662381635184	0.523745236577044	0.0840314349476252
0.702000000000001	-0.358282661170978	0.646896568144451	-0.20620598859079
0.703000000000001	-0.195239034644717	0.720173572970042	-0.438400275250986
0.704000000000001	0.0165842741812461	0.730103672322283	-0.638396297709477
0.705000000000001	0.254507917760344	0.668448896825257	-0.788867826577752
0.706000000000001	0.504608523901267	0.527580368113142	-0.881016198845712
0.707000000000001	0.722888070636521	0.295640964106702	-0.913707346333888
0.708000000000001	0.884553073612644	0.00701937374381172	-0.872281510094239
0.709000000000001	0.991289731837265	-0.285491966055497	-0.739834447686139
0.710000000000001	1.03962433272067	-0.53611362895918	-0.535242014059859
0.711000000000001	1.02518066395145	-0.723378869368489	-0.25804805268492
0.712000000000001	0.931423494194055	-0.848950523515787	0.0306554904563592
0.713000000000001	0.768704283020825	-0.922420079527059	0.268315444435521
0.714000000000001	0.557309513271225	-0.932573615150909	0.469484150113581
0.715000000000001	0.319293084182548	-0.872821322920556	0.620431334221661
0.716000000000001	0.0642722894904261	-0.732516442173444	0.71314333389666
0.717000000000001	-0.155038910611897	-0.516602218912128	0.74612177061811
0.718000000000001	-0.311673851456174	-0.20951903594664	0.711185742753236
0.719000000000001	-0.418362204288633	0.088238955256696	0.577999286534727
0.720000000000001	-0.467239998088707	0.342146512510264	0.369738314283806
0.721000000000001	-0.455121228548128	0.526436926024196	0.0868201479579415
0.722000000000001	-0.366663276801984	0.649631882816387	-0.203399275674041
0.723000000000001	-0.203632246666396	0.722933229525495	-0.435676040693446
0.724000000000001	0.00822469602361961	0.732897363784068	-0.635718828122029
0.725000000000001	0.24615752883074	0.671292547228704	-0.786199744282596
0.726000000000001	0.496348172123969	0.530402258442907	-0.878357898959007
0.727000000000001	0.714803897773732	0.298610265317804	-0.911052358210746
0.728000000000001	0.876215695249394	0.0097184810145464	-0.869692393805234
0.729000000000001	0.982942211287323	-0.282854848879847	-0.737209437377902
0.730000000000001	1.03128465221573	-0.533551410551911	-0.532558014535408
0.731000000000001	1.01689975293899	-0.7207911993128	-0.255213812489702
0.732000000000001	0.9231891770662	-0.846333749669345	0.0335063580919033
0.733000000000001	0.760483848466183	-0.919812576945332	0.27109330256438
0.734000000000001	0.549082121060279	-0.929973461596797	0.472305532286983
0.735000000000001	0.311057188103107	-0.870212092609826	0.623237054964623
0.736000000000001	0.0560334047135696	-0.729888267292655	0.715922824413573
0.737000000000001	-0.163209346029766	-0.51373676609368	0.748889558859982
0.738000000000001	-0.319904528754608	-0.206876131231962	0.713818349595804
0.739000000000001	-0.426595686390575	0.0908255889721464	0.580620000034377
0.740000000000001	-0.47546461292783	0.344698978825844	0.372413439194923
0.741000000000001	-0.463327780826748	0.529048204219164	0.0895140617116097
0.742000000000001	-0.374782135097453	0.652293202829803	-0.200618597206569
0.743000000000001	-0.211773849256381	0.725609021461408	-0.433044995816625
0.744000000000001	0.000109062943011477	0.735606678335333	-0.633122047479097
0.745000000000001	0.238056782160127	0.67404917900038	-0.783619224175404
0.746000000000001	0.48833630971995	0.533138178699476	-0.875785521312558
0.747000000000001	0.706780305780598	0.301497738523709	-0.908476187041477
0.748000000000001	0.868120383847755	0.0123506603331643	-0.867193039302081
0.749000000000001	0.974844331099915	-0.280302948888771	-0.734670106874273
0.750000000000001	1.02319383546074	-0.531069957098475	-0.529960588082437
0.751000000000001	1.00886605214051	-0.718277690778707	-0.252472639489658
0.752000000000001	0.915201251171596	-0.843792802078635	0.0362631375312421
0.753000000000001	0.752508789697273	-0.917280120380907	0.27378022925573
0.754000000000001	0.541101068611411	-0.927448758061478	0.47502828487009
0.755000000000001	0.303067141887136	-0.867677561241273	0.625949058659907
0.756000000000001	0.0480446903342575	-0.727335212407267	0.718610420586763
0.757000000000001	-0.171140279538216	-0.51094618564429	0.75156531844395
0.758000000000001	-0.32788982250231	-0.204304420603294	0.716364519597326
0.759000000000001	-0.434581597566699	0.0933438564362571	0.583156817077601
0.760000000000001	-0.483445631035986	0.347161337976261	0.37499813020585
0.761000000000001	-0.471289312864665	0.531582425086766	0.0921206472939774
0.762000000000001	-0.382667927698872	0.654865777474611	-0.197978793550773
0.763000000000001	-0.219670965845039	0.728202927106292	-0.430495617049358
0.764000000000001	-0.00776691879151032	0.738233206776031	-0.63060574285674
0.765000000000001	0.23019656620356	0.676720933837038	-0.781122009466855
0.766000000000001	0.480564103239061	0.535791012223964	-0.873295014428853
0.767000000000001	0.698994220963495	0.304301350694067	-0.905982141662028
0.768000000000001	0.860265250529731	0.0149066249038881	-0.864773762446327
0.769000000000001	0.966987338383374	-0.277825864810769	-0.732212694265119
0.770000000000001	1.01534350093009	-0.528660915425991	-0.527446566994216
0.771000000000001	1.00107103311459	-0.715837110581501	-0.249819092222983
0.772000000000001	0.907451617603297	-0.841325012529424	0.0389306004275034
0.773000000000001	0.744770914257023	-0.91482028600942	0.276380444494036
0.774000000000001	0.533357355508152	-0.924996981879626	0.477658342886111
0.775000000000001	0.295314467180497	-0.865215335456136	0.628571117698195
0.776000000000001	0.0402976539802574	-0.724854666967333	0.721209668403111
0.777000000000001	-0.178829170797882	-0.508236327864076	0.754152919866095
0.778000000000001	-0.33563766128877	-0.201810214825197	0.71882633300841
0.779000000000001	-0.442334318072132	0.0957571046817977	0.585612117276882
0.780000000000001	-0.49118883797786	0.349556791560712	0.377496575018126
0.781000000000001	-0.479013518936667	0.534041554936202	0.0946461092540716
0.782000000000001	-0.390322685311316	0.65735864859864	-0.195449509716138
0.783000000000001	-0.227333224892964	0.730719221915132	-0.428024624013575
0.784000000000001	-0.015413613593841	0.740780946464393	-0.628162939458269
0.785000000000001	0.222568708047525	0.679311484802603	-0.778704018372073
0.786000000000001	0.473024142845856	0.538364221726442	-0.87088316481544
0.787000000000001	0.691436533899403	0.307033146504228	-0.903565979052513
0.788000000000001	0.852644171044594	0.0173872664862639	-0.86243112831811
0.789000000000001	0.959363951092821	-0.27541837085025	-0.729833810275204
0.790000000000001	1.00772609910609	-0.52632159084826	-0.525012423920249
0.791000000000001	0.993506718795225	-0.713466263339924	-0.247253160506863
0.792000000000001	0.899932561763207	-0.838928112332268	0.0415110720164946
0.793000000000001	0.737262549995017	-0.912431063498355	0.27889383077693
0.794000000000001	0.525843578591425	-0.922615624496768	0.480199258052625
0.795000000000001	0.287791663965976	-0.862822977934054	0.631106610536231
0.796000000000001	0.0327854230675925	-0.722444283817831	0.723724127743958
0.797000000000001	-0.186294030491899	-0.505610900398049	0.75665382156219
0.798000000000001	-0.343154972140507	-0.199377476302474	0.72120968638832
0.799000000000001	-0.449857408539382	0.0980924194826119	0.587986590473083
0.800000000000001	-0.498702270138905	0.351883649228604	0.379911561011695
0.801000000000001	-0.486508272768756	0.536428880142794	0.0970898237955144
0.802000000000001	-0.397749377937437	0.659776998642236	-0.193000946214839
0.803000000000001	-0.234767166829909	0.733161082417536	-0.425624167905899
0.804000000000001	-0.0228369323505872	0.743251777369638	-0.625797375243667
0.805000000000001	0.215166062082275	0.681823263725304	-0.776363565629822
0.806000000000001	0.465708939418101	0.540860341343276	-0.868547990432056
0.807000000000001	0.684105691596339	0.309680291698244	-0.901227085776921
0.808000000000001	0.845249063648552	0.0197945623616227	-0.860163717140134
0.809000000000001	0.951966250889076	-0.273079349649453	-0.727531341345919
0.810000000000001	1.00033402266921	-0.524048979680385	-0.522656379757897
0.811000000000001	0.986165470793498	-0.711163349632265	-0.244771154583587
0.812000000000001	0.892636295852351	-0.836599862404671	0.0440073787924351
0.813000000000001	0.729976141387821	-0.910110086661334	0.281323370857241
0.814000000000001	0.518552551961179	-0.920302416442122	0.482653460518993
0.815000000000001	0.280491053415646	-0.860498307206484	0.633558429491559
0.816000000000001	0.0254992005272491	-0.720101910369444	0.726156307851307
0.817000000000001	-0.193537812360612	-0.503054914436932	0.759072859065891
0.818000000000001	-0.350452616251667	-0.197035086474395	0.723510826253393
0.819000000000001	-0.457155678756873	0.100373442827472	0.590283288785566
0.820000000000001	-0.505992160251892	0.354145999576725	0.382249986109033
0.821000000000001	-0.493780518313438	0.538745556519609	0.0994563817596248
0.822000000000001	-0.404956769980317	0.662124020738649	-0.190629188341234
0.823000000000001	-0.241981106680067	0.735528886567801	-0.423308775227184
0.824000000000001	-0.0300335222961246	0.745648369724252	-0.623516334119684
0.825000000000001	0.207981006668695	0.684259135501455	-0.774097243676803
0.826000000000001	0.458610787468595	0.543282282286097	-0.866286668657067
0.827000000000001	0.676991186092263	0.312249312584792	-0.898962525242872
0.828000000000001	0.838069394797548	0.0221276389773357	-0.857969841023849
0.829000000000001	0.944787091511147	-0.270807512540836	-0.725302664899522
0.830000000000001	0.993160221172863	-0.52184141217585	-0.520375760132763
0.831000000000001	0.979040348590936	-0.708926038299696	-0.242369874893039
0.832000000000001	0.885555927345394	-0.834337842045498	0.0464218536535511
0.833000000000001	0.72290486814057	-0.907854845905072	0.283672843203171
0.834000000000001	0.511476641849972	-0.918054757987674	0.485026227845175
0.835000000000001	0.27340597382573	-0.858238937741361	0.635929356507122
0.836000000000001	0.0184316953445186	-0.717825212870206	0.728509190030432
0.837000000000001	-0.200561578331918	-0.500573692574337	0.761412837288734
0.838000000000001	-0.35753778947618	-0.194791042659445	0.725730703886279
0.839000000000001	-0.464236749021604	0.102598393315803	0.592507131685959
0.840000000000001	-0.513066010276594	0.356345634611358	0.384513427141878
0.841000000000001	-0.500837259839983	0.540993142363158	0.101750323674178
0.842000000000001	-0.411951080735912	0.664401167825946	-0.188342921468048
0.843000000000001	-0.248980860742231	0.737826769735748	-0.421068178707274
0.844000000000001	-0.0370427104394696	0.747957665779731	-0.621287637708309
0.845000000000001	0.200986322853907	0.686619948600758	-0.771882121135415
0.846000000000001	0.451722792192445	0.545632636293892	-0.864098076348933
0.847000000000001	0.67008535957311	0.314748882135904	-0.896770003312236
0.848000000000001	0.831101608071094	0.0243897224557957	-0.855846876875369
0.849000000000001	0.93781945006142	-0.26860128231898	-0.723145759270049
0.850000000000001	0.986197851498526	-0.51969632896339	-0.518168030004749
0.851000000000001	0.972124407691393	-0.706752190944028	-0.240045702766658
0.852000000000001	0.878684927923261	-0.832139183531522	0.0487600001895077
0.853000000000001	0.716041672615062	-0.905662953306235	0.285945457885823
0.854000000000001	0.504608423455921	-0.915870256099072	0.487321514345289
0.855000000000001	0.266529275461075	-0.856042602667538	0.638222177244771
0.856000000000001	0.0115754500045664	-0.715612049587172	0.73078534668948
0.857000000000001	-0.20738255776469	-0.498157157750531	0.763676202839468
0.858000000000001	-0.364404362456435	-0.19254631551814	0.727891223554814
0.859000000000001	-0.471110323013504	0.104747672581581	0.594658720396182
0.860000000000001	-0.519931724266917	0.358479546118617	0.386704140936962
0.861000000000001	-0.507685800471677	0.543175040315253	0.103972831632282
0.862000000000001	-0.418738833346314	0.666611953726137	-0.186126757008857
0.863000000000001	-0.255773538498925	0.740057300081816	-0.418895275938566
0.864000000000001	-0.043772091661087	0.750229296567175	-0.619201693491778
0.865000000000001	0.194235524916936	0.688914185270094	-0.76977475574083
0.866000000000001	0.4450389768525	0.54791402415319	-0.861974806716373
0.867000000000001	0.6633832161142	0.317176515197259	-0.89464404576378
0.868000000000001	0.824338126247339	0.0265879497392093	-0.853789018255398
0.869000000000001	0.931057464062261	-0.26645537118129	-0.721056317763708
0.870000000000001	0.979440826025454	-0.517610573286576	-0.516029622094707
0.871000000000001	0.965411286735103	-0.704638379883651	-0.237799399576662
0.872000000000001	0.872017300834723	-0.830002242516027	0.0510233366359909
0.873000000000001	0.709381049064273	-0.903532174470706	0.288146392088935
0.874000000000001	0.497942579229597	-0.913746817668475	0.489543107796236
0.875000000000001	0.259855464914517	-0.853907313131383	0.640441265081729
0.876000000000001	0.00492219502379182	-0.713460720053937	0.732988608476249
0.877000000000001	-0.213996420254142	-0.495811317932409	0.765867215841266
0.878000000000001	-0.371072929087527	-0.190391059894574	0.729977153372129
0.879000000000001	-0.477778912812099	0.106852702191459	0.596741194268298
0.880000000000001	-0.526593275385673	0.36056159325712	0.38882445293202
0.881000000000001	-0.514331795241241	0.545295096997135	0.106125209196965
0.882000000000001	-0.42532633556309	0.668760187546368	-0.18397326294778
0.883000000000001	-0.262365322021245	0.742222879720435	-0.41679297932087
0.884000000000001	-0.0503164389150596	0.752418522191585	-0.617174558413682
0.885000000000001	0.187664529231519	0.69113841612283	-0.767715695578224
0.886000000000001	0.438552162025285	0.550128930093137	-0.859918659931888
0.887000000000001	0.656872375516561	0.319546055016943	-0.8925843148989
0.888000000000001	0.817773081368862	0.0287254435269764	-0.851795824302676
0.889000000000001	0.924494631719769	-0.264368911777298	-0.719033144932075
0.890000000000001	0.972882679419989	-0.515582925457651	-0.513958513376792
0.891000000000001	0.958894780553844	-0.702584055834465	-0.235625732547145
0.892000000000001	0.865546287750189	-0.827925211808674	0.0532137029425251
0.893000000000001	0.702916332664232	-0.901460820042355	0.290276094899623
0.894000000000001	0.491472619732891	-0.911682609178841	0.491692275548247
0.895000000000001	0.253377396051751	-0.851831173287558	0.642588615575575
0.896000000000001	-0.00153396814646132	-0.711368943442435	0.735120889667984
0.897000000000001	-0.220415408554783	-0.493534449343878	0.767986987834848
0.898000000000001	-0.377545644044833	-0.188296006245757	0.731996018743281
0.899000000000001	-0.4842502932203	0.108904205974683	0.598757958583938
0.900000000000001	-0.533059421933659	0.362582105392456	0.390876730613038
0.901000000000001	-0.520782139164539	0.547354293257627	0.108210807178166
0.902000000000001	-0.431719294354785	0.670847383293002	-0.181885021009615
0.903000000000001	-0.268762694151552	0.744325703263714	-0.414757624395739
0.904000000000001	-0.0566796629634845	0.75454365927391	-0.615200477541719
0.905000000000001	0.181285329955119	0.693297458789693	-0.7657207911458
0.906000000000001	0.432256123098205	0.552279851902326	-0.857926466294021
0.907000000000001	0.650553100430152	0.321851202810224	-0.890588327899182
0.908000000000001	0.811401191033434	0.0308021852068378	-0.84986495698323
0.909000000000001	0.918124097291634	-0.262344961471101	-0.71707309176108
0.910000000000001	0.966517032484057	-0.513612444622736	-0.511952417079346
0.911000000000001	0.95256868803808	-0.700587385948276	-0.233521664983909
0.912000000000001	0.859265374726238	-0.825906254036969	0.0553322144073588
0.913000000000001	0.696641391048473	-0.899446818899191	0.292337461585755
0.914000000000001	0.485192475882214	-0.909675597762138	0.493771752899548
0.915000000000001	0.247089419824683	-0.849812206230278	0.644666537611357
0.916000000000001	-0.0077992452881794	-0.709334859738526	0.737184797573349
0.917000000000001	-0.226646288456632	-0.491319731633666	0.770038720546537
0.918000000000001	-0.383824963849295	-0.186237916670338	0.733954446124216
0.919000000000001	-0.490533370740691	0.110883050349031	0.600712465753113
0.920000000000001	-0.539334903031222	0.36455122365095	0.392862853226443
0.921000000000001	-0.52704286034002	0.549355359273965	0.110231381430884
0.922000000000001	-0.437924337634946	0.67287462648956	-0.179864412311212
0.923000000000001	-0.27497180090034	0.746367935988694	-0.412785846313549
0.924000000000001	-0.0628716669075302	0.756607040076531	-0.613270701866897
0.925000000000001	0.175092067402806	0.695393644255925	-0.763788254891282
0.926000000000001	0.426145057386559	0.554368862442149	-0.855996196959299
0.927000000000001	0.644425118975152	0.324080110030533	-0.888655251320785
0.928000000000001	0.805217898882758	0.0328182656960021	-0.847994529184434
0.929000000000001	0.91194023111361	-0.260376873211094	-0.715174468229995
0.930000000000001	0.96033789986418	-0.511696021973514	-0.510009314283038
0.931000000000001	0.94642680427377	-0.698646406709127	-0.231486021952031
0.932000000000001	0.85316868300551	-0.823943287432468	0.0573830122910897
0.933000000000001	0.69055009335923	-0.897488384541076	0.294332899019597
0.934000000000001	0.479095554843444	-0.90772397497123	0.49578489656875
0.935000000000001	0.240985210775905	-0.847848759101177	0.646677340880791
0.936000000000001	-0.0138799589466449	-0.707356693867855	0.739182433568829
0.937000000000001	-0.232694475436198	-0.489163233612149	0.77202496340436
0.938000000000001	-0.389921567433315	-0.184243416352164	0.735848898837095
0.939000000000001	-0.496630080656511	0.112822443785514	0.602604330109902
0.940000000000001	-0.545427175264376	0.366460179929726	0.394787275030868
0.941000000000001	-0.533119896617125	0.551298922254957	0.112190456671568
0.942000000000001	-0.443947261920025	0.674844476885152	-0.177907420316814
0.943000000000001	-0.280998657777039	0.748352183583228	-0.410873166487741
0.944000000000001	-0.0688854461402782	0.758610544079705	-0.611400323697627
0.945000000000001	0.169079663575769	0.697428953634688	-0.761916189249977
0.946000000000001	0.42021301986945	0.556398043369066	-0.854125471289278
0.947000000000001	0.638480177334101	0.326230929379159	-0.88678346222392
0.948000000000001	0.799215094155952	0.0347784267875647	-0.846182065908024
0.949000000000001	0.905936866388044	-0.258463530369134	-0.71333493479813
0.950000000000001	0.954339180426031	-0.509832267757819	-0.508127011496717
0.951000000000001	0.940463503412466	-0.696759372458563	-0.229514651457295
0.952000000000001	0.847250690016823	-0.82203404950343	0.0593708345850857
0.953000000000001	0.68463666071055	-0.895583633423906	0.296265269080093
0.954000000000001	0.473176197782848	-0.905825955446093	0.497733829198029
0.955000000000001	0.235058809577308	-0.845939149348505	0.648623545525215
0.956000000000001	-0.0197827140179659	-0.705432772945706	0.741116211540823
0.957000000000001	-0.238563737748066	-0.487067448643337	0.773947914027528
0.958000000000001	-0.395839158294512	-0.182300415221496	0.737683887293674
0.959000000000001	-0.502548026925594	0.114712161923592	0.604435608295443
0.960000000000001	-0.551341268268797	0.368315624488821	0.396652086225637
0.961000000000001	-0.539019208950572	0.553188018233111	0.114088984761253
0.962000000000001	-0.449793466794932	0.676758681286302	-0.176012518110788
0.963000000000001	-0.286848610577926	0.75028052806838	-0.409015448096493
0.964000000000001	-0.0747293473890675	0.760556409776869	-0.609582518412997
0.965000000000001	0.16324223399334	0.69940550949919	-0.760102505715866
0.966000000000001	0.414454503870951	0.55836947847108	-0.852312491514937
0.967000000000001	0.632705291616041	0.328338481760647	-0.884967818996351
0.968000000000001	0.793385120496578	0.0366845022235683	-0.844425898552128
0.969000000000001	0.900109109906668	-0.256602737645751	-0.711552884412169
0.970000000000001	0.948515828662583	-0.508018891885111	-0.506303738471626
0.971000000000001	0.934612916065416	-0.694814810343051	-0.227858740117765
0.972000000000001	0.841515080699774	-0.820184684340932	0.0613430561375318
0.973000000000001	0.678895027112652	-0.893744558760025	0.298121543855675
0.974000000000001	0.467428595527036	-0.903989984109599	0.499610844874797
0.975000000000001	0.229302583349727	-0.844090128319962	0.65050186055503
0.976000000000001	-0.0255154647414925	-0.703568787813633	0.742983318207353
0.977000000000001	-0.244266519084577	-0.485032267319901	0.775805080578972
0.978000000000001	-0.401583322576667	-0.180402909930409	0.739458132591964
0.979000000000001	-0.508294958953025	0.116547096882151	0.606202789750183
0.980000000000001	-0.557085170513281	0.370112006710828	0.398450964672448
0.981000000000001	-0.544747991656194	0.555018444796622	0.115924772477899
0.982000000000001	-0.45546870975327	0.678614655483764	-0.174175114111679
0.983000000000001	-0.292529127192894	0.752148912198674	-0.407221891103525
0.984000000000001	-0.080407007995716	0.762441474440586	-0.607824046225242
0.985000000000001	0.157571856193724	0.701320462390884	-0.758348449694645
0.986000000000001	0.408862498827655	0.560280349439652	-0.850559460634533
0.987000000000001	0.627086085516481	0.330411466241466	-0.883209431107174
0.988000000000001	0.787725812045399	0.0385299780608617	-0.842728260955268
0.989000000000001	0.89445003142099	-0.254798051553506	-0.709831325320329
0.990000000000001	0.94286101265056	-0.506258928932953	-0.504542634803999
0.991000000000001	0.928991791810959	-0.693033072792388	-0.226011254006518
0.992000000000001	0.835938176061406	-0.818382013007306	0.0632051375430464
0.993000000000001	0.673320658838474	-0.89194626825198	0.299927920446995
0.994000000000001	0.461847585392528	-0.902197550741717	0.501435081785598
0.995000000000001	0.223715565526175	-0.842286478041104	0.652321951457105
0.996000000000001	-0.0310797209217593	-0.701751293800874	0.744792651683296
0.997000000000001	-0.249802032845729	-0.483049801669577	0.777604659237739
0.998000000000001	-0.407157907674043	-0.17854378479986	0.741180374854652
0.999000000000001	-0.513874321808292	0.118325749541766	0.607918027534154
1	-0.562660123305943	0.371862727197761	0.400197813071554
1.001	-0.550308864934038	0.556801838925746	0.117704026005531
1.002	-0.46097679251818	0.680422829047432	-0.172386282759052
1.003	-0.298043304298953	0.753967313128968	-0.4054815852144
1.004	-0.0859163935054692	0.764275148782735	-0.606120946646404
1.005	0.152067207390235	0.703182913604396	-0.756646762807986
1.006	0.403434035214045	0.562139676250808	-0.848858693849271
1.007	0.621644518410731	0.332390438243051	-0.881507286729892
1.008	0.782230707991946	0.0403205470230004	-0.841083218024494
1.009	0.888956086984566	-0.253038254371274	-0.708160759207726
1.01	0.937371113384288	-0.50454458490442	-0.502833766813984
1.011	0.923534063478577	-0.691297745514513	-0.224220878285075
1.012	0.830523556033616	-0.816626813331486	0.0650086450516603
1.013	0.667908308464196	-0.890195002490814	0.301679003710417
1.014	0.456428889896948	-0.90045216814075	0.503202078029295
1.015	0.218291012001568	-0.840530174304884	0.654084847492416
1.016	-0.0364811747816	-0.699981474861631	0.746545401991731
1.017	-0.255175861863521	-0.481120251317372	0.779347996791686
1.018	-0.412571630971587	-0.176747622100081	0.742846613224729
1.019	-0.519291431465221	0.120054029386524	0.609581686535673
1.02	-0.568073289877435	0.373561797660759	0.401892520580427
1.021	-0.555707474471801	0.558537346493461	0.119430287408736
1.022	-0.466324993019652	0.68218240018408	-0.170651114758372
1.023	-0.303396891563493	0.755735937864698	-0.403796469782816
1.024	-0.0912659990669648	0.76605816743659	-0.604469586898683
1.025	0.14672299249057	0.704993600015787	-0.754996832497958
1.026	0.398163260895673	0.563947926229673	-0.847209138075707
1.027	0.616356922248493	0.334322981987949	-0.879856163003009
1.028	0.776890288502371	0.0420562274815868	-0.839489540035029
1.029	0.883622270348163	-0.251324797751308	-0.706541231013214
1.03	0.932040961416932	-0.502876624459705	-0.501176822200449
1.031	0.918234919504697	-0.689608463864809	-0.222485736483231
1.032	0.82526666483349	-0.814918391566647	0.0667555859486853
1.033	0.662653220387974	-0.888490106631496	0.303376301208171
1.034	0.451167506995961	-0.898753067032782	0.504913716903214
1.035	0.21302393961135	-0.83882034584651	0.655792280716859
1.036	-0.0417260967273718	-0.69825868332034	0.748243138156892
1.037	-0.260394122375156	-0.479242046150215	0.781036774098403
1.038	-0.417829453886942	-0.175006591551852	0.744459621364393
1.039	-0.524551538392447	0.121732335784519	0.611194340982932
1.04	-0.573328900379279	0.375215260124039	0.403535908439236
1.041	-0.560948981571877	0.5602259934216	0.121104019033975
1.042	-0.471517420569571	0.683893689948781	-0.16897215696132
1.043	-0.308594668761626	0.75745620067835	-0.402161937248571
1.044	-0.0964603935073678	0.767791632326152	-0.602869057072914
1.045	0.141533843562696	0.70675376044235	-0.753396928646006
1.046	0.393045104133832	0.565706170402412	-0.845609427390098
1.047	0.611216597298764	0.336222504224615	-0.87825314166775
1.048	0.771651312138359	0.0431556312217271	-0.837335204222659
1.049	0.878416747062288	-0.249768204211693	-0.705028675400566
1.05	0.926861481826379	-0.501209700835436	-0.499611977259209
1.051	0.913134354592683	-0.688076134898662	-0.220598999813378
1.05199999999999	0.820142940635843	-0.81325480167501	0.0683842464099293
1.05299999999999	0.657546058471003	-0.886821425827741	0.30503035576708
1.05399999999999	0.446054869491863	-0.897094773556175	0.506566911908965
1.05499999999999	0.207907896603934	-0.837153460928345	0.657439969322176
1.05599999999999	-0.046818960137262	-0.696580975603761	0.749882160731306
1.05699999999999	-0.265462337175864	-0.477419884435251	0.782666752901577
1.05799999999999	-0.422936615745578	-0.173308720434583	0.746021245272986
1.05899999999999	-0.529661057593883	0.123362185862487	0.612759128896744
1.05999999999999	-0.578433800980967	0.376822156323757	0.405130741337758
1.06099999999999	-0.566040303010951	0.561870342168911	0.122724907227167
1.06199999999999	-0.476563467510863	0.685556519156498	-0.16735447113072
1.06299999999999	-0.313644193623511	0.759128863576898	-0.400578618121682
1.06399999999999	-0.101509557774736	0.769476798552572	-0.601315902624505
1.06499999999999	0.136493982345516	0.708464309972554	-0.751847815248274
1.06599999999999	0.388075244372779	0.567414646645272	-0.844059946842019
1.06699999999999	0.606231474495522	0.338055677405903	-0.876701569281482
1.06799999999999	0.766621633848413	0.0448166543901998	-0.835833954760289
1.06899999999999	0.873386058430179	-0.248153048132535	-0.703504477343038
1.06999999999999	0.921834906382666	-0.499631220891657	-0.498053541602417
1.07099999999999	0.908133879619937	-0.686478658988331	-0.218971663449422
1.07199999999999	0.815183855519374	-0.811637772100763	0.0700229920621874
1.07299999999999	0.652589386500786	-0.885207285742264	0.306624825218078
1.07399999999999	0.441091972607768	-0.895486487919944	0.50817139472136
1.07499999999999	0.202939911966443	-0.835534922734546	0.65904043021871
1.07599999999999	-0.0517646139863953	-0.694950328413817	0.751474051680991
1.07699999999999	-0.270383629529317	-0.475644550541505	0.784250276552917
1.07799999999999	-0.427895510550119	-0.171663098497764	0.747534905385645
1.07899999999999	-0.534622173913402	0.124947756952627	0.614274949159392
1.07999999999999	-0.58339049613164	0.378385723823763	0.406674733829586
1.08099999999999	-0.570983693902211	0.563468733497826	0.12429556704981
1.08199999999999	-0.481460918058695	0.687173539430482	-0.165778638836589
1.08299999999999	-0.318546413401686	0.760754477876359	-0.399040583251999
1.08399999999999	-0.106413677824797	0.771113758467235	-0.599807107896441
1.08499999999999	0.131599112934523	0.710125977991581	-0.750343559017671
1.08599999999999	0.383247185826018	0.569075317255672	-0.842555949700251
1.08699999999999	0.601392067471784	0.339830692085084	-0.875196301774261
1.08799999999999	0.761737195741735	0.046434719782253	-0.83437766254169
1.08899999999999	0.868498349266621	-0.246601343821973	-0.702026030794903
1.08999999999999	0.916953691843845	-0.498095097922608	-0.496543648814187
1.09099999999999	0.903277935327433	-0.684924606316542	-0.21739461553046
1.09199999999999	0.81036917973671	-0.810064259842031	0.0716128430349768
1.09299999999999	0.647776754558506	-0.883636293986628	0.308171565009854
1.09399999999999	0.436272719008571	-0.893921229710267	0.5097267116207
1.09499999999999	0.198115729676092	-0.833959551982298	0.660591444019617
1.09599999999999	-0.0565676152797348	-0.693363074905527	0.753016835283851
1.09699999999999	-0.275164365842471	-0.473914652372356	0.785785154625706
1.09799999999999	-0.432713306486051	-0.170079781240671	0.748998213540372
1.09899999999999	-0.539440986625325	0.126482567656012	0.61574374471145
1.09999999999999	-0.588203495758422	0.379908967877997	0.408170745836952
1.10099999999999	-0.575783652316116	0.565023542576827	0.125819486660388
1.10199999999999	-0.48621688057416	0.688747634621764	-0.164247397697042
1.10299999999999	-0.323305748449032	0.762336814076228	-0.397543671961845
1.10399999999999	-0.111174533542512	0.77270561553385	-0.59834576004589
1.10499999999999	0.126845283407856	0.71174162834509	-0.748884612201112
1.10599999999999	0.378557324072554	0.570690438873254	-0.841097494943625
1.10699999999999	0.596691114037189	0.341559113228693	-0.873736506458162
1.10799999999999	0.756993724952712	0.0480085284301393	-0.832966043703987
1.10899999999999	0.863749259724895	-0.245111678780146	-0.700591604875012
1.10999999999999	0.912213409506994	-0.496599687239403	-0.49508034759791
1.11099999999999	0.898562161293448	-0.683411554175976	-0.215866138006757
1.11199999999999	0.805694309152804	-0.808532010344584	0.0731544981134989
1.11299999999999	0.643103380086873	-0.882106569741655	0.309670636529954
1.11399999999999	0.431592597761809	-0.892397133171799	0.511233545361614
1.11499999999999	0.193431027841958	-0.832425625797123	0.662093796083729
1.11599999999999	-0.0612318024483826	-0.691817743311069	0.754511348267331
1.11699999999999	-0.279803939876864	-0.472233443480699	0.787272179349237
1.11799999999999	-0.437392452588916	-0.168540116937903	0.750415826610061
1.11899999999999	-0.544120147423247	0.127979984227486	0.617167748179322
1.11999999999999	-0.592877202557979	0.381392818469217	0.409620790379517
1.12099999999999	-0.580444584734249	0.566536225043067	0.127298499378517
1.12199999999999	-0.490832750229874	0.690281169306657	-0.162751357596421
1.12299999999999	-0.327927904803956	0.763875571437652	-0.39609725648942
1.12399999999999	-0.115798103169962	0.774253865274172	-0.596929033980404
1.12499999999999	0.122228486186994	0.713312829672902	-0.747469675417635
1.12599999999999	0.374002091447671	0.572261458138197	-0.839683190013231
1.12699999999999	0.592125195050027	0.343244205294832	-0.872320573796348
1.12799999999999	0.752386421779719	0.0495361780477958	-0.831598338365011
1.12899999999999	0.859137381132088	-0.243661224969	-0.69920143994257
1.12999999999999	0.907609571876367	-0.495146548176427	-0.493662079049468
1.13099999999999	0.893982387366779	-0.681938443087195	-0.214384700640874
1.13199999999999	0.801154699664333	-0.807040116992648	0.0746486363365261
1.13299999999999	0.638564989801117	-0.880616992148546	0.311123890011954
1.13399999999999	0.427047432974398	-0.890913045248992	0.512693578913637
1.13499999999999	0.188881570406004	-0.830931962538934	0.663549212877031
1.13599999999999	-0.0657609124003073	-0.690313143026841	0.755959305668874
1.13699999999999	-0.284305965528314	-0.470597394472215	0.788713389801325
1.13799999999999	-0.441937017041111	-0.167044087101886	0.751788885883215
1.13899999999999	-0.54866426913031	0.129436735583415	0.61854823510937
1.13999999999999	-0.597416058123302	0.382837172169319	0.41102582253781
1.14099999999999	-0.584970640728554	0.568008333682648	0.128733770352884
1.14199999999999	-0.495313009304669	0.69177467957151	-0.161295713433418
1.14299999999998	-0.332417180651938	0.765371645809761	-0.39470474058073
1.14399999999998	-0.120288046927781	0.775759907750283	-0.595555560764234
1.14499999999998	0.117744927699274	0.714840997010244	-0.746097269309102
1.14599999999998	0.369578375996543	0.573789597633828	-0.838311314845751
1.14699999999998	0.587693156583207	0.34487811109245	-0.870947774295183
1.14799999999998	0.747911837967206	0.0510188275099313	-0.830273003671702
1.14899999999998	0.854659221708153	-0.242244208891092	-0.697854015300661
1.14999999999998	0.90313851787013	-0.493732496149954	-0.49228708842039
1.15099999999998	0.889534630900718	-0.680503980752692	-0.212949053738276
1.15199999999998	0.796746298750974	-0.805587454108392	0.0760970192549909
1.15299999999998	0.634157445284483	-0.879166744281921	0.312531428874714
1.15399999999998	0.422633353011613	-0.889467914635909	0.514108241870156
1.15499999999998	0.184463321295949	-0.829477464758952	0.664959338934166
1.15599999999998	-0.0701586819940205	-0.688848084000027	0.757362299865969
1.15699999999998	-0.288678649298027	-0.46900252682874	0.790110159031527
1.15799999999998	-0.446347569042354	-0.165570276816623	0.753123088539583
1.15899999999998	-0.553077045603182	0.130855736270026	0.619886823899477
1.15999999999998	-0.601824140992056	0.384241410445308	0.412387789269216
1.16099999999998	-0.589365935188552	0.569440455256625	0.130126287953969
1.16199999999998	-0.499664134923276	0.693226774637633	-0.159892968809369
1.16299999999998	-0.336776357461287	0.766828321859888	-0.393346402827806
1.16399999999998	-0.124649216662052	0.777224964854763	-0.594222208125216
1.16499999999998	0.113390734600341	0.716327249592481	-0.744766465208363
1.16599999999998	0.365282252987678	0.575276075199561	-0.836980645033221
1.16699999999998	0.583390446043583	0.346465746474167	-0.869616429805086
1.16799999999998	0.743565267822404	0.0524590824884013	-0.828988533623776
1.16899999999998	0.850310445339541	-0.240862755340271	-0.696547782994657
1.16999999999998	0.898797000546883	-0.492352406116596	-0.490953453549337
1.17099999999998	0.885215032990811	-0.679107444328648	-0.211557254270281
1.17199999999998	0.792465123890241	-0.804173185427102	0.0775005121593383
1.17299999999998	0.629876850203757	-0.877754837765119	0.313895093763712
1.17399999999998	0.41834642985057	-0.888060844331875	0.515478892198813
1.17499999999998	0.180172311308573	-0.828061197286479	0.666325572219318
1.17599999999998	-0.0744293421667448	-0.68742172152122	0.758721651739405
1.17699999999998	-0.292929034205535	-0.467446057417103	0.791463666860831
1.17799999999998	-0.450633990417804	-0.16415657786066	0.754411944979248
1.17899999999998	-0.557362133189572	0.132239086166351	0.621184018809194
1.17999999999998	-0.606104589558116	0.385610274211588	0.413707933155299
1.18099999999998	-0.593634157268727	0.570833793227181	0.131477224460318
1.18199999999998	-0.503889625186475	0.694640559619109	-0.158530060755801
1.18299999999998	-0.341008993138849	0.768246268822065	-0.392026491322699
1.18399999999998	-0.128886773316765	0.778650111086295	-0.592927963946828
1.18499999999998	0.10916188175792	0.71777286015477	-0.743476085678691
1.18599999999998	0.361109981654759	0.576722067406831	-0.835690490797574
1.18699999999998	0.579210266926557	0.348014157297431	-0.868325419228015
1.18799999999998	0.739343559401046	0.0538571660556058	-0.827744301988837
1.18899999999998	0.846087312071825	-0.239517490388784	-0.695281461750465
1.18999999999998	0.894581094621358	-0.491007932262728	-0.489659976226104
1.19099999999998	0.88102003350493	-0.677747807759019	-0.210208199572538
1.19199999999998	0.788307717252344	-0.80279604272477	0.0788603325325476
1.19299999999998	0.625719756595782	-0.876380057089205	0.315216454169172
1.19399999999998	0.414183028253436	-0.886690747408461	0.516806664486319
1.19499999999998	0.176004935729013	-0.826682081156656	0.667648948891414
1.19599999999998	-0.0785766178320043	-0.686032904333874	0.76003835404933
1.19699999999998	-0.297057769452643	-0.465930412839738	0.792774735123748
1.19799999999998	-0.454789895893714	-0.162730692030137	0.755670310651019
1.19899999999998	-0.561524089433995	0.133581629975816	0.622441083709971
1.19999999999998	-0.610262046616587	0.38694014987607	0.414986955987062
1.20099999999998	-0.597779327601385	0.572188466329777	0.132787892508341
1.20199999999998	-0.507990428891728	0.696018253063589	-0.157196325537968
1.20299999999998	-0.345120123466554	0.769624985233586	-0.390750988681421
1.20399999999998	-0.133004319000908	0.780036199374016	-0.591670477533611
1.20499999999998	0.105054878903366	0.71917864760539	-0.742225167341944
1.20599999999998	0.357057534473958	0.578128503396389	-0.834439483557393
1.20699999999998	0.575148982821479	0.349525929621736	-0.867073136931616
1.20799999999998	0.735243869287875	0.0552234857558871	-0.826536968657022
1.20899999999998	0.84198635886944	-0.238205016955783	-0.694054045265531
1.20999999999998	0.890486297493333	-0.489702410005219	-0.488406275262406
1.21099999999998	0.876945792350719	-0.676424501411608	-0.208900445491576
1.21199999999998	0.784270609406886	-0.801455071387551	0.0801801587325224
1.21299999999998	0.621682297561039	-0.875041732370416	0.316496779318667
1.21399999999998	0.410139242779138	-0.885356904044047	0.518093222291291
1.21499999999998	0.171957265211087	-0.825339351010659	0.668931028062907
1.21599999999998	-0.0826043761904838	-0.684680905481196	0.76131391351608
1.21699999999998	-0.30106651994847	-0.464455736952071	0.79404498918214
1.21799999999998	-0.458828033267122	-0.161358215551061	0.756886623517093
1.21899999999998	-0.565566303294498	0.134887042108084	0.623659455793619
1.21999999999998	-0.614299685147462	0.388235308273295	0.416226194132451
1.22099999999998	-0.60180498183791	0.57350720146839	0.134058429704513
1.22199999999998	-0.511979861457179	0.697352537468939	-0.155940109190865
1.22299999999998	-0.349112608038482	0.770965989596414	-0.389514119999766
1.22399999999998	-0.137003199931601	0.781384155605191	-0.590451280638879
1.22499999999998	0.101065698963413	0.720545630584673	-0.741012004406788
1.22599999999998	0.353121215231345	0.579496366755696	-0.833226442362539
1.22699999999998	0.571204793266449	0.350998486988945	-0.865858696058991
1.22799999999998	0.731261827015232	0.0565444725146739	-0.825368426443186
1.22899999999998	0.838004336740908	-0.236921176407894	-0.692864726659568
1.22999999999998	0.886509504598293	-0.488432401156303	-0.487190396664515
1.23099999999998	0.872988965298541	-0.675136401480849	-0.207632309340272
1.23199999999998	0.780349674466773	-0.80014999105435	0.0814572151947958
1.23299999999998	0.617761305520107	-0.873738680031661	0.317738033263805
1.23399999999997	0.406211963269635	-0.88405827249162	0.519339486164161
1.23499999999997	0.168026017991908	-0.82403196853524	0.670173025913348
1.23599999999997	-0.0865160155855217	-0.683364755100077	0.762549561426458
1.23699999999997	-0.304960488227227	-0.463018489039127	0.795275749584961
1.23799999999997	-0.462752608253233	-0.160043008070612	0.758061035594062
1.23899999999997	-0.569491675725891	0.136159637200615	0.62483970419401
1.23999999999997	-0.618220629803124	0.389497329800904	0.417427320809723
1.24099999999997	-0.605714429128447	0.574791005822969	0.13528987870291
1.24199999999997	-0.51584989470701	0.698655307733529	-0.154698719416264
1.24299999999997	-0.352989529179596	0.772271689570025	-0.388312609012135
1.24399999999997	-0.140888411701469	0.782695864541743	-0.589267888168826
1.24499999999997	0.0971910654233124	0.721875532507714	-0.739836019656578
1.24599999999997	0.349297414337343	0.580827289946034	-0.832050747239517
1.24699999999997	0.567374236827594	0.352430168907685	-0.864681776120232
1.24799999999997	0.727394646084122	0.0578355527079215	-0.824234903305266
1.24899999999997	0.834137380195608	-0.235668993801687	-0.691712360375216
1.24999999999997	0.88264748653495	-0.487195814489314	-0.486011381162069
1.25099999999997	0.869146267003831	-0.67388244203876	-0.206401999557971
1.25199999999997	0.776542134273866	-0.79887894879514	0.0826958032289426
1.25299999999997	0.613953516354664	-0.872469642965184	0.318941916699165
1.25399999999997	0.402398053160883	-0.882793693804479	0.520546184061435
1.25499999999997	0.164208056843259	-0.822758787567649	0.671375870567509
1.25599999999997	-0.0903149736632579	-0.682083202268159	0.763746406140867
1.25699999999997	-0.308739294924048	-0.461620075594555	0.796468226959978
1.25799999999997	-0.466561426645057	-0.158744492559993	0.759202360018405
1.25899999999997	-0.573303685602305	0.137400514949411	0.6259834388693
1.25999999999997	-0.622028424003143	0.390726094559129	0.418591906416114
1.26099999999997	-0.609511224082108	0.576040235006496	0.136483587966816
1.26199999999997	-0.519608781546651	0.699922604440323	-0.153495829176799
1.26299999999997	-0.356754632620763	0.773542094842356	-0.387148283927249
1.26399999999997	-0.144663708582466	0.783971820668392	-0.588118850526454
1.26499999999997	0.0934285207274636	0.723169049491479	-0.738696806992519
1.26599999999997	0.345583237033617	0.582121955150117	-0.830911007448029
1.26699999999997	0.563654052659331	0.35382337042171	-0.863540855358247
1.26799999999997	0.723641790699576	0.059110850369675	-0.823132200947767
1.26899999999997	0.830382248549649	-0.234446308690666	-0.690595601661884
1.26999999999997	0.878896635343514	-0.485992667996001	-0.48486832030215
1.27099999999997	0.865413861280199	-0.672661561612049	-0.20521147201214
1.27199999999997	0.772844318946676	-0.797641794911395	0.0838963565203463
1.27299999999997	0.610255124366721	-0.871234539168869	0.320107790964301
1.27399999999997	0.398693694272193	-0.881562753439527	0.521714982043945
1.27499999999997	0.160499923901614	-0.821519337370356	0.67254078363745
1.27599999999997	-0.0940047374922584	-0.680835677196011	0.764905722258094
1.27699999999997	-0.312407729920321	-0.46025976637407	0.797623499189757
1.27799999999997	-0.470264779868055	-0.157503735686359	0.760303250635018
1.27899999999997	-0.57700629994121	0.1386070579842	0.627092215135953
1.27999999999997	-0.625726744082219	0.391921532218026	0.419720847617228
1.28099999999997	-0.613198649532643	0.577256940453234	0.137640414319671
1.28199999999997	-0.523260003899258	0.701155750546713	-0.152333293512021
1.28299999999997	-0.360411369553377	0.774778583831117	-0.386020099986499
1.28399999999997	-0.148329286922892	0.785213431362676	-0.587005653129813
1.28499999999997	0.0897742619500182	0.724427493814689	-0.73759248384197
1.28599999999997	0.341975388694057	0.58338149737993	-0.829805962077585
1.28699999999997	0.560040351449884	0.355180328243533	-0.862434582913895
1.28799999999997	0.719996744021817	0.0603505151329367	-0.82206361993934
1.28899999999997	0.82673580082364	-0.233251226096768	-0.689513350626995
1.28999999999997	0.875253617879968	-0.484822868233461	-0.483759892838693
1.29099999999997	0.861788785850191	-0.671472654405933	-0.204057849059744
1.29199999999997	0.769253315652203	-0.796436821324851	0.0850614299211629
1.29299999999997	0.606663216436274	-0.87003181161644	0.321237649816587
1.29399999999997	0.395095885239342	-0.880364047440503	0.522847236903114
1.29499999999997	0.156898485094958	-0.820312297350516	0.673669261759908
1.29599999999997	-0.0975883260045275	-0.679621006427362	0.766028835724837
1.29699999999997	-0.315971362714106	-0.458935098099495	0.798742730507275
1.29799999999997	-0.473887514049081	-0.156770079237499	0.761875890111454
1.29899999999997	-0.580631698425187	0.139621508920636	0.628192137386614
1.29999999999997	-0.629332070673377	0.392986108477319	0.420848678974141
1.30099999999997	-0.616785842254801	0.578446447595104	0.138752641586989
1.30199999999997	-0.52681323283402	0.702358988852871	-0.151221791648544
1.30299999999997	-0.363967953882454	0.775984523867343	-0.384933352655272
1.30399999999997	-0.151893413830214	0.786422861057738	-0.585934359752591
1.30499999999997	0.0862206744799556	0.725651180528161	-0.736526652041093
1.30599999999997	0.338467899700685	0.584603742315396	-0.828739334054245
1.30699999999997	0.55652640796942	0.356494388778598	-0.861365993543544
1.30799999999997	0.716449952206903	0.0615365259061094	-0.821032594522314
1.30899999999997	0.823189616636731	-0.232095328258619	-0.688464012160475
1.30999999999997	0.871710977978563	-0.483688481963472	-0.482686380410012
1.31099999999997	0.858263866772393	-0.670316371939458	-0.202940149541972
1.31199999999997	0.765761187028109	-0.795264850555037	0.0861886583996913
1.31299999999997	0.603170721190665	-0.868862030030755	0.32233224526094
1.31399999999997	0.391597697700948	-0.87919843991495	0.523942219321316
1.31499999999997	0.153397140646557	-0.819139243518877	0.674760975950403
1.31599999999997	-0.101071733585877	-0.678441665224807	0.767115923025817
1.31699999999997	-0.319436174096917	-0.457648706831078	0.799826642774364
1.31799999999997	-0.477381132050647	-0.155581431476404	0.762914917248268
1.31899999999997	-0.584126629710597	0.140770097157192	0.629232861167947
1.31999999999997	-0.632824157413689	0.394115453934519	0.421909727052576
1.32099999999997	-0.620267310466501	0.579598404420648	0.139840195744488
1.32199999999997	-0.53026084302918	0.70352527231651	-0.150130771416067
1.32299999999997	-0.367419979336615	0.777154280230691	-0.383871557430188
1.32399999999996	-0.155352830104374	0.787596823034854	-0.58488986834256
1.32499999999996	0.0827695073903228	0.726840341689979	-0.735487241111673
1.32599999999996	0.335061241626736	0.585793542075351	-0.827700096636716
1.32699999999996	0.553115318483802	0.357778448075207	-0.860325072111675
1.32799999999996	0.713005555726926	0.0626909247119524	-0.820031140347846
1.32899999999996	0.819746971525699	-0.230963513269871	-0.687446245421951
1.32999999999996	0.86827131948137	-0.482583280682676	-0.481643126725983
1.33099999999996	0.854841305636307	-0.669190846767041	-0.201854385871783
1.33199999999996	0.762370598742396	-0.794124274778687	0.0872826288640604
1.33299999999996	0.599780140930428	-0.867723245632215	0.323397088761416
1.33399999999996	0.388201207256778	-0.878063619861834	0.525005319243601
1.33499999999996	0.149996991093471	-0.817996627320246	0.675820960485861
1.33599999999996	-0.104454519041847	-0.677292338982145	0.768171142723591
1.33699999999996	-0.322799900659825	-0.456393959407292	0.800878816594155
1.33799999999996	-0.480772533590645	-0.154417484326872	0.763923965943705
1.33899999999996	-0.587520134146839	0.141890172420598	0.630241870205252
1.33999999999996	-0.636214866899097	0.395216198367981	0.422939191662798
1.34099999999996	-0.623648143363659	0.580717140323249	0.140895613174236
1.34199999999996	-0.533607581414852	0.704661026462745	-0.149067657897869
1.34299999999996	-0.370772199981597	0.778292265989335	-0.382842591378735
1.34399999999996	-0.158711520638509	0.78873876087506	-0.583877677649838
1.34499999999996	0.0794178873688949	0.727997235376481	-0.734478611784663
1.34599999999996	0.331751943401841	0.586951638839349	-0.826691736646672
1.34699999999996	0.549801180170406	0.359031693450089	-0.85931500543816
1.34799999999996	0.709663207327762	0.0638312040595722	-0.819056619515997
1.34899999999996	0.816404107778984	-0.229859354488058	-0.686459592836222
1.34999999999996	0.86493115325079	-0.481506667002848	-0.48063127921814
1.35099999999996	0.851517505989862	-0.668095043250094	-0.200802079860382
1.35199999999996	0.759077926799074	-0.793014045751679	0.0883421226416563
1.35299999999996	0.596487677017299	-0.866614542851934	0.324430437051018
1.35399999999996	0.384903103730348	-0.876958784521584	0.526035047137343
1.35499999999996	0.146694819411894	-0.816883945412648	0.676848152728453
1.35599999999996	-0.107739896194667	-0.676173019645359	0.769193657130588
1.35699999999996	-0.32606748364589	-0.455171576154414	0.801898323601568
1.35799999999996	-0.484070418384706	-0.153313044497307	0.764896061103077
1.35899999999996	-0.590816533852162	0.142974519462308	0.63121978925806
1.35999999999996	-0.639507737879145	0.396287737853212	0.423937181374615
1.36099999999996	-0.62693129105576	0.581807799713975	0.141917658727371
1.36199999999996	-0.536856640398722	0.705767371523733	-0.148036411597914
1.36299999999996	-0.374027320956494	0.779400145498494	-0.381845122655243
1.36399999999996	-0.161972803777241	0.789850233475887	-0.582896101497175
1.36499999999996	0.0761631323290861	0.729123017074206	-0.733500864010784
1.36599999999996	0.328536978922665	0.588078851076052	-0.825714242009821
1.36699999999996	0.546582358506763	0.360253007576968	-0.858335710004868
1.36799999999996	0.706418894179051	0.0649513486580142	-0.81811001586391
1.36899999999996	0.813157921258198	-0.228782741755125	-0.685503428998352
1.36999999999996	0.861687371277991	-0.480458664428036	-0.47965019525403
1.37099999999996	0.848289473694132	-0.667027933055315	-0.199782709146577
1.37199999999996	0.755880365285193	-0.791932914119392	0.0893685813999178
1.37299999999996	0.593290371774616	-0.865535065803356	0.325432391372073
1.37399999999996	0.381700223760496	-0.87588305773408	0.527032275098925
1.37499999999996	0.143487825374953	-0.815800448091157	0.677843030322421
1.37599999999996	-0.110930780233856	-0.675083144837709	0.770183992697369
1.37699999999996	-0.32924009692207	-0.453981567938314	0.802885898367323
1.37799999999996	-0.48727505242057	-0.152246629555572	0.765835982107823
1.37899999999996	-0.594017954079641	0.144029221346983	0.632167391205293
1.37999999999996	-0.642705462608152	0.397331880369078	0.424904140785595
1.38099999999996	-0.630119671305764	0.582870719515349	0.142907054428111
1.38199999999996	-0.540011671394378	0.706843837417226	-0.147039109964657
1.38299999999996	-0.377188311640864	0.780478366770821	-0.380878190075052
1.38399999999996	-0.165139685089299	0.790931698141287	-0.581945111492183
1.38499999999996	0.0730019745953367	0.730218279634711	-0.732553207383728
1.38599999999996	0.325413880163064	0.589175559033433	-0.824766928333617
1.38699999999996	0.543457175540569	0.361440665445686	-0.857386632115994
1.38799999999996	0.703266355773226	0.0660288834635572	-0.817195568096748
1.38899999999996	0.810005419356802	-0.227733554193057	-0.684577014981569
1.38999999999996	0.85853707667991	-0.479438938416104	-0.478699088541328
1.39099999999996	0.845154450867334	-0.665988719873927	-0.198795158787668
1.39199999999996	0.752775147459132	-0.790880032752712	0.0903633711551541
1.39299999999996	0.590185022101243	-0.86448396485364	0.326401646217573
1.39399999999996	0.378589361165277	-0.874835441218732	0.527998662774022
1.39499999999996	0.140373339807237	-0.814745244950464	0.678806480818868
1.39599999999996	-0.11402994801392	-0.674021991776812	0.771143024446688
1.39699999999996	-0.332319800964447	-0.45282416994883	0.80384237353995
1.39799999999996	-0.490384207070105	-0.151189611723957	0.76674976526118
1.39899999999996	-0.597126460915345	0.145060606552889	0.63308509764595
1.39999999999996	-0.645811139703974	0.398347324235505	0.425840766172625
1.40099999999996	-0.633216198755715	0.583904924577109	0.143865483045743
1.40199999999996	-0.543076131798717	0.707891343668643	-0.146070613417262
1.40299999999996	-0.380258051061374	0.781527496492552	-0.379941169048199
1.40399999999996	-0.168215269718168	0.791983787390326	-0.581023615385527
1.40499999999996	0.0699315355012176	0.731283695208595	-0.731634888059004
1.40599999999996	0.322379970046331	0.590242434673628	-0.823849007666541
1.40699999999996	0.540420856365186	0.362598723029659	-0.856466774202875
1.40799999999996	0.700203052706078	0.0670658082347046	-0.816312126186326
1.40899999999996	0.806943638554489	-0.226712327337883	-0.683679642983871
1.40999999999996	0.855477485227408	-0.478446128819934	-0.477777680996883
1.41099999999996	0.842109612294315	-0.664976845290447	-0.197838641285509
1.41199999999996	0.749759670231941	-0.789854429999535	0.0913301716239084
1.41299999999996	0.587168815848933	-0.863460656989721	0.327338819750455
1.41399999999996	0.375567959980399	-0.87381535075292	0.528934347007294
1.41499999999995	0.137348504904209	-0.813717699786432	0.679739417065078
1.41599999999995	-0.117040337895709	-0.672988884312664	0.772071639338384
1.41699999999995	-0.335310719914696	-0.451697757602634	0.804768604626013
1.41799999999995	-0.493404318142128	-0.150166605010255	0.76763361806882
1.41899999999995	-0.600144812006872	0.146070018193665	0.633973598896547
1.41999999999995	-0.648827387336002	0.399335801188949	0.42674806606155
1.42099999999995	-0.63622344965481	0.584911140996388	0.144794950695359
1.42199999999995	-0.546052551817359	0.708911046483476	-0.145130873764306
1.42299999999995	-0.383239278542927	0.782548530230117	-0.379034218144776
1.42399999999995	-0.171202333093662	0.793007554311489	-0.580130733619835
1.42499999999995	0.0669494135565861	0.732320308792019	-0.730745025248346
1.42599999999995	0.319432849714549	0.591280364037804	-0.822959595617525
1.42699999999995	0.537471829450406	0.363726109337971	-0.855575398581596
1.42799999999995	0.697227736542624	0.068074631255352	-0.815456396309586
1.42899999999995	0.803969900089065	-0.225718616342783	-0.682810242581823
1.42999999999995	0.852505973478431	-0.477478741956374	-0.476885354373418
1.43099999999995	0.839152316896554	-0.663991521467709	-0.196912120178386
1.43199999999995	0.746830656971735	-0.788855748450604	0.0922678059476509
1.43299999999995	0.584239263962653	-0.862464179432176	0.32824615428012
1.43399999999995	0.372633824036178	-0.872822013366718	0.529839525188185
1.43499999999995	0.134410656527949	-0.812717010308068	0.680642857651341
1.43599999999995	-0.119964499544068	-0.671982967496615	0.772970867626216
1.43699999999995	-0.338215561603506	-0.450601362576267	0.805665602151084
1.43799999999995	-0.496338334204326	-0.149175476257394	0.768488593333341
1.43899999999995	-0.603076641112662	0.147050314415077	0.634834402130994
1.43999999999995	-0.651756717675865	0.400298809304593	0.427627220984509
1.44099999999995	-0.639144097986137	0.585890777071257	0.145695635623447
1.44199999999995	-0.548943461228925	0.709903588436329	-0.144220953885243
1.44299999999995	-0.386134678537768	0.783541969921351	-0.378158194564844
1.44399999999995	-0.174103333404413	0.794003828419259	-0.579265705048827
1.44499999999995	0.0640532423531077	0.733328991954266	-0.729882871128934
1.44599999999995	0.316569787522295	0.592290316427373	-0.822097825982418
1.44699999999995	0.534607492219329	0.364823200353443	-0.854711732581219
1.44799999999995	0.694338904183624	0.0690644998602372	-0.814625786193309
1.44899999999995	0.801081659430667	-0.224751402018647	-0.681967884899288
1.44999999999995	0.849619976479912	-0.476535605139085	-0.476021441779717
1.45099999999995	0.836279919237463	-0.663032075643836	-0.19601512478193
1.45199999999995	0.743985763136707	-0.787883412228213	0.0931766697092662
1.45299999999995	0.581393409654504	-0.861493769427603	0.329123539640445
1.45399999999995	0.369783649797151	-0.871854492908365	0.530716673907251
1.45499999999995	0.131557307348223	-0.811742325908204	0.681517836449457
1.45599999999995	-0.122804995579148	-0.671003378606107	0.773841781989623
1.45699999999995	-0.341037669859343	-0.449533125921715	0.806534413257431
1.45799999999995	-0.499187410058328	-0.148207352916365	0.769317418383468
1.45899999999995	-0.60592441086365	0.148003205381549	0.635668722976079
1.45999999999995	-0.654601914135084	0.401236293696051	0.428478972177996
1.46099999999995	-0.641980774103894	0.586844348206181	0.146568824355568
1.46199999999995	-0.551751197831277	0.710870855058545	-0.143333447213664
1.46299999999995	-0.388946756972484	0.784509537517075	-0.377306587091571
1.46399999999995	-0.176919580032641	0.794973574069873	-0.578429389228032
1.46499999999995	0.061240109739398	0.734310686088916	-0.72904760787122
1.46599999999995	0.313788095989831	0.593273337149085	-0.82126279991956
1.46699999999995	0.531826249103039	0.365889862287544	-0.853874884206881
1.46799999999995	0.691534280160349	0.0700390779994125	-0.813818826077399
1.46899999999995	0.79827621832476	-0.223809684063756	-0.681151818945259
1.46999999999995	0.846816822574123	-0.475615747681342	-0.475185052176769
1.47099999999995	0.833489807831874	-0.662097806764991	-0.195146084435701
1.47199999999995	0.741222551017974	-0.78693665746181	0.0940565576212301
1.47299999999995	0.57862894136711	-0.860548554715518	0.329973455307441
1.47399999999995	0.367015083331352	-0.870912068234101	0.53156647858701
1.47499999999995	0.128785787288866	-0.810792901843068	0.682365339033767
1.47599999999995	-0.125564370368108	-0.670049328585268	0.77468535466798
1.47699999999995	-0.343779178886423	-0.448492248745931	0.807376048291065
1.47799999999995	-0.501955810407012	-0.147268353933849	0.77011960193586
1.47899999999995	-0.608690531438296	0.148930796089425	0.636476451404498
1.47999999999995	-0.657365252748126	0.402150823307228	0.429304119779633
1.48099999999995	-0.644736050390927	0.587772718732993	0.147414902497156
1.48199999999995	-0.554478449995526	0.711812335505601	-0.142474645088735
1.48299999999995	-0.391677995875729	0.785451582534069	-0.37648054124854
1.48399999999995	-0.179655928101428	0.795917522837654	-0.577617858670804
1.48499999999995	0.0585074124055091	0.735266152081506	-0.728237987942661
1.48599999999995	0.311085579478576	0.594230237311916	-0.820453714891314
1.48699999999995	0.529124226547674	0.36692833979595	-0.853064071578193
1.48799999999995	0.688809041531076	0.0709792858090879	-0.813038925961763
1.48899999999995	0.795551303022918	-0.222891802515713	-0.68036116564259
1.48999999999995	0.844094137729372	-0.474718524802998	-0.474375223429679
1.49099999999995	0.830779685869793	-0.661187730140594	-0.194304036083009
1.49199999999995	0.738538633688587	-0.786014395002793	0.0949093514885901
1.49299999999995	0.575943660181181	-0.859628030074242	0.330796049802937
1.49399999999995	0.364327629951957	-0.869994318112773	0.532386220366387
1.49499999999995	0.126093292634264	-0.809868141985127	0.683186506954341
1.49599999999995	-0.128244941009809	-0.669120207201586	0.775502233293176
1.49699999999995	-0.3464424717391	-0.447478741523946	0.808191068929139
1.49799999999995	-0.504645013186182	-0.146352225604455	0.770896676157544
1.49899999999995	-0.611377515466938	0.149832539951748	0.637259323189211
1.49999999999995	-0.660049237785224	0.403042335787345	0.43010351562193
1.50099999999995	-0.64741234967858	0.588676970559614	0.148234052933837
1.50199999999995	-0.5571276978396	0.712727947915646	-0.141650042932136
1.50299999999995	-0.39433071944741	0.786368730935168	-0.375679590508341
1.50399999999995	-0.182313642890515	0.796836323079805	-0.576831581609225
1.50499999999995	0.0558527800790836	0.73619603565394	-0.727453288138289
1.50599999999994	0.308460034312361	0.595161634498749	-0.819669615320671
1.50699999999994	0.526499298177836	0.367939420070103	-0.852278313991674
1.50799999999994	0.686160889093078	0.0718913302959529	-0.812284142937615
1.50899999999994	0.79290441533356	-0.221998514182401	-0.679595262008693
1.50999999999994	0.84144953369428	-0.473843867000962	-0.473591109748526
1.51099999999994	0.828147216726552	-0.660301240293422	-0.193488287052977
1.51199999999994	0.735931547711557	-0.78511642356943	0.0957338746890121
1.51299999999994	0.573335480407258	-0.858731423002868	0.331593363557696
1.51399999999994	0.361716747178858	-0.869100373084532	0.533180991091078
1.51499999999994	0.123477896028509	-0.808967373151203	0.683982001903603
1.51599999999994	-0.130848974814667	-0.668215371646606	0.776293348595893
1.51699999999994	-0.349028798462983	-0.446492201534031	0.808980493043227
1.51799999999994	-0.507258308663389	-0.145465779087555	0.771648254479982
1.51899999999994	-0.613987041230027	0.150713890813483	0.638018071113031
1.51999999999994	-0.662656491695113	0.40390935449323	0.430877496362346
1.52099999999994	-0.650011872554505	0.589557622007105	0.149027816436688
1.52199999999994	-0.559700721008636	0.713619514330616	-0.140852360843066
1.52299999999994	-0.396907289481565	0.78726179250809	-0.374903848508341
1.52399999999994	-0.184895657237522	0.797730901434185	-0.576068665635602
1.52499999999994	0.0532741405436584	0.737101253380752	-0.726692616073034
1.52599999999994	0.305909132884554	0.596068407957418	-0.818909675432146
1.52699999999994	0.523949034162929	0.368923749343748	-0.851516830130664
1.52799999999994	0.683588451563967	0.0727784964770977	-0.811552948822247
1.52899999999994	0.790333392382661	-0.221128411081593	-0.678853141801762
1.52999999999994	0.838880701371839	-0.472991873196117	-0.472831452335126
1.53099999999994	0.825590092370934	-0.659437645020796	-0.192698278031555
1.53199999999994	0.73339949087972	-0.784241608661594	0.0965338965590245
1.53299999999994	0.570801992862105	-0.857858058002088	0.332365706685409
1.53399999999994	0.359179184500684	-0.868229448798955	0.533953257700505
1.53499999999994	0.120937995038608	-0.80808988297574	0.684751911962381
1.53599999999994	-0.133378653198125	-0.66733409006731	0.777059593570486
1.53699999999994	-0.351540665015172	-0.445531152341515	0.809745277909871
1.53799999999994	-0.509796645729905	-0.144599481127464	0.772376821796806
1.53899999999994	-0.616522689150912	0.151565135081702	0.638752667763006
1.53999999999994	-0.665189067087151	0.404753331772961	0.431627346596186
1.54099999999994	-0.652536883910589	0.590415401117968	0.149796400831341
1.54199999999994	-0.562199903814076	0.714487417546852	-0.140081010483019
1.54299999999994	-0.399409910986096	0.788131278166557	-0.374152312229438
1.54399999999994	-0.187403750803816	0.798601758763871	-0.575329186153446
1.54499999999994	0.050769058172596	0.737982382911845	-0.725955497920942
1.54599999999994	0.303430990686138	0.596951149500239	-0.818173294081413
1.54699999999994	0.521471592251661	0.369885950956102	-0.850778473268758
1.54799999999994	0.681089644957366	0.0736404743308661	-0.810844961589237
1.54899999999994	0.78783604841252	-0.220281421566012	-0.678134394234265
1.54999999999994	0.836385431481563	-0.47216309977031	-0.472095259727282
1.55099999999994	0.823106209662013	-0.65859649923739	-0.191933066709677
1.55199999999994	0.730940148617582	-0.783389413429163	0.0973097247061794
1.55299999999994	0.568341102201472	-0.85700733874992	0.333113902738061
1.55399999999994	0.356713565191387	-0.867381011838303	0.534702638525172
1.55499999999994	0.118470737506531	-0.807235107183458	0.685497676784183
1.55599999999994	-0.135835999042595	-0.666475744769529	0.777801578358007
1.55699999999994	-0.353982388336032	-0.444594141599551	0.810485834062293
1.55799999999994	-0.512262544088167	-0.143754371824966	0.773082564034797
1.55899999999994	-0.618984462880013	0.152403356786605	0.639463804586199
1.55999999999994	-0.667648705366595	0.405576765243133	0.432354256631599
1.56099999999994	-0.654989466660085	0.591249757455242	0.150541770506209
1.56199999999994	-0.564627280653373	0.715332610020363	-0.139332467546934
1.56299999999994	-0.401840703346304	0.788977847125153	-0.373423951461608
1.56399999999994	-0.189839732121663	0.799449513321601	-0.574612866451734
1.56499999999994	0.0483355289817987	0.738840066710651	-0.725241204373153
1.56599999999994	0.301023368396203	0.597810518472463	-0.817459697688676
1.56699999999994	0.519064899703141	0.370823486452318	-0.850062859639408
1.56799999999994	0.678663908858424	0.0744901598041451	-0.81015686830776
1.56899999999994	0.785410263752353	-0.219456550535314	-0.677437985541781
1.56999999999994	0.833961504047363	-0.471356786144736	-0.471381991683471
1.57099999999994	0.820693311919552	-0.657777404965172	-0.191192087407655
1.57199999999994	0.728551332946942	-0.782559539202198	0.0980614084801608
1.57299999999994	0.565950614083573	-0.856178938699528	0.33383858072621
1.57399999999994	0.354318822195598	-0.866554797606576	0.535427721668139
1.57499999999994	0.116074300906217	-0.806402632664203	0.686219632608703
1.57599999999994	-0.138223368392634	-0.665639896338953	0.778520141873463
1.57699999999994	-0.356354678255744	-0.443681379220051	0.811203109870779
1.57799999999994	-0.514657115118766	-0.142931082839405	0.773766220740757
1.57899999999994	-0.621376332437812	0.15321534503957	0.640153079178055
1.57999999999994	-0.670038355790983	0.406376794908806	0.433057869772353
1.58099999999994	-0.657371773908475	0.592062416742516	0.151264783002998
1.58199999999994	-0.566984988296802	0.716155947490804	-0.138606019284227
1.58299999999994	-0.40420180515719	0.789802304382593	-0.372717964125392
1.58399999999994	-0.192205966268323	0.800274948802047	-0.573918616831192
1.58499999999994	0.0459716928503608	0.739675076579237	-0.724548956302293
1.58599999999994	0.298684389155826	0.598647228159003	-0.816768145624036
1.58699999999994	0.516728221100731	0.371734474353736	-0.849369490878907
1.58799999999994	0.676308095318603	0.075321536497956	-0.809489410324787
1.58899999999994	0.783053792061193	-0.218653320473588	-0.676763272165824
1.58999999999994	0.831606767815308	-0.470572378405325	-0.470690845423148
1.59099999999994	0.818349311762105	-0.656979624947255	-0.190474420520403
1.59199999999994	0.72623082456252	-0.781751335423448	0.0987893999229932
1.59299999999994	0.563628491781369	-0.855372172224375	0.334540284530368
1.59399999999994	0.351993032202066	-0.865750133265665	0.536128990548409
1.59499999999994	0.11374622176331	-0.805591786786944	0.686918998948465
1.59599999999994	-0.140542743118027	-0.664825905528724	0.779216031762273
1.59699999999993	-0.358657994382791	-0.442792859311438	0.811897934789928
1.59799999999993	-0.516982053466143	-0.142126142729145	0.774429043284067
1.59899999999993	-0.623700962920942	0.153997316808438	0.640821362502469
1.59999999999993	-0.672359950974031	0.407155223852417	0.433739202967632
1.60099999999993	-0.659685942531903	0.592854265996923	0.151965214699688
1.60199999999993	-0.569275480912953	0.716957728683807	-0.137902905046672
1.60299999999993	-0.40649525256272	0.79060525889953	-0.372033469887643
1.60399999999993	-0.194505142719263	0.801078690938675	-0.57324503771105
1.60499999999993	0.0436758852356693	0.740487976952375	-0.723878014826805
1.60599999999993	0.296412058899316	0.5994618061726	-0.816098021811012
1.60699999999993	0.514458083160639	0.372621667402218	-0.848697600566002
1.60799999999993	0.674017963285734	0.0761196950853808	-0.808845159879889
1.60899999999993	0.780764881705883	-0.217869636027062	-0.676109348805766
1.60999999999993	0.829319427826158	-0.469808377663835	-0.470020742525996
1.61099999999993	0.816072296285721	-0.656202349826563	-0.189779351485359
1.61199999999993	0.723976654772066	-0.780964099676804	0.0994942025553243
1.61299999999993	0.561372888477177	-0.854586265392082	0.335220058943379
1.61399999999993	0.349733801729576	-0.864966254271396	0.53680809891224
1.61499999999993	0.111484713450866	-0.804801901399772	0.687596326873029
1.61599999999993	-0.142796018582456	-0.664033079874017	0.779889925142689
1.61699999999993	-0.36089501826307	-0.44192738527122	0.812570953826916
1.61799999999993	-0.519239660602918	-0.141337603127779	0.775071948681114
1.61899999999993	-0.625957730597116	0.154769770213428	0.641467950339868
1.61999999999993	-0.674614868411325	0.407914242938589	0.434399499620366
1.62099999999993	-0.661933908781457	0.593625462204855	0.152643273518918
1.62199999999993	-0.571500444572916	0.717738299613443	-0.137221573325537
1.62299999999993	-0.408723048907473	0.791386958788112	-0.371370294257611
1.62399999999993	-0.196738891993474	0.801861110178289	-0.572591829677061
1.62499999999993	0.0414461175160599	0.741279195634723	-0.72322776736121
1.62599999999993	0.294204110021787	0.600254759476603	-0.815448716579413
1.62699999999993	0.512251818252535	0.373485794163335	-0.848046598076434
1.62799999999993	0.671793513406873	0.0768957341070559	-0.808221290496423
1.62899999999993	0.778541140385858	-0.21710813789261	-0.675476487965912
1.62999999999993	0.827097477801847	-0.469064338211545	-0.469371735314914
1.63099999999993	0.813860325914187	-0.655445264641987	-0.189106353868083
1.63199999999993	0.721786899823009	-0.78019748620682	0.100176597210051
1.63299999999993	0.559181966284345	-0.853820761018999	0.335879381634866
1.63399999999993	0.34753913444423	-0.864202782372193	0.537465778541341
1.63499999999993	0.109287875662893	-0.804032568237081	0.688252212088474
1.63599999999993	-0.144985031099027	-0.663260954781089	0.780542484736517
1.63699999999993	-0.363067922798372	-0.441084492787862	0.813222772845429
1.63799999999993	-0.521432890216369	-0.140570082476819	0.775694429278078
1.63899999999993	-0.628149787495602	0.155522868248739	0.642094369923609
1.63999999999993	-0.676805760568833	0.408650900083199	0.435038595598445
1.64099999999993	-0.664117541866054	0.59437680495385	0.153300264946906
1.64199999999993	-0.573661390907282	0.718498934076201	-0.136558706666731
1.64299999999993	-0.410887145073091	0.792148227454358	-0.370728061850065
1.64399999999993	-0.198908596315029	0.802622983404834	-0.571959014618529
1.64499999999993	0.0392801790237337	0.742049518564196	-0.722597704443286
1.64599999999993	0.292058867081219	0.601026809021907	-0.814819594766463
1.64699999999993	0.510109623732157	0.374324105464358	-0.847416089927282
1.64799999999993	0.669632504278127	0.0776550794700445	-0.807616218071475
1.64899999999993	0.776381077605237	-0.216365283984843	-0.674863081993754
1.64999999999993	0.824939090070455	-0.468338892432491	-0.468742892676115
1.65099999999993	0.811711468260322	-0.654707835249894	-0.188454587609094
1.65199999999993	0.719659596720907	-0.779450932708809	0.100837107539921
1.65299999999993	0.557053673134794	-0.853075158259975	0.33651812875229
1.65399999999993	0.345407113769138	-0.863459121713548	0.538102828792513
1.65499999999993	0.107153796237613	-0.803283196930451	0.688887425473716
1.65599999999993	-0.147111659939585	-0.662508954706205	0.781174465980015
1.65699999999993	-0.365178595360373	-0.440263526431313	0.813854144276623
1.65799999999993	-0.523563970608484	-0.139825716464487	0.776296602821565
1.65899999999993	-0.630277218756247	0.156271432164404	0.642701012093414
1.65999999999993	-0.678933052652881	0.409372527629972	0.43565906193964
1.66099999999993	-0.666238782060623	0.595108229111833	0.153936044088556
1.66199999999993	-0.575760489829942	0.719239335293832	-0.1359160539752
1.66299999999993	-0.412989376184496	0.792889259495726	-0.370105703504236
1.66399999999993	-0.201016018899784	0.803364544796074	-0.571346249956475
1.66499999999993	0.037176215516696	0.742799284242721	-0.721987271604158
1.66599999999993	0.289974645996847	0.601778349713014	-0.814210105519418
1.66699999999993	0.50802826664479	0.375140718618006	-0.846805240489273
1.66799999999993	0.667535491962531	0.078409218722354	-0.807027089244216
1.66899999999993	0.774282826420987	-0.215641078598464	-0.674269054645713
1.66999999999993	0.82284242084619	-0.467631675084179	-0.468134092665464
1.67099999999993	0.809623874461709	-0.653989958160584	-0.187823510305179
1.67199999999993	0.717593006242862	-0.778724147489066	0.101477046151041
1.67299999999993	0.554985951059473	-0.852349371667117	0.337135849380466
1.67399999999993	0.343335790865826	-0.862735053890501	0.538719774313431
1.67499999999993	0.105080602572044	-0.802553506616141	0.689502490745423
1.67599999999993	-0.149177748670318	-0.661776737452184	0.781786401692389
1.67699999999993	-0.367228773220239	-0.439464160432813	0.814465589240089
1.67799999999993	-0.525633555273673	-0.139096882561384	0.776880478865978
1.67899999999993	-0.632345283269603	0.156991068388315	0.643287262864807
1.67999999999993	-0.680999950131696	0.410074051023586	0.4362596008754
1.68099999999993	-0.668299555152288	0.595820402833821	0.154551452006049
1.68199999999993	-0.577799639903618	0.7199602985625	-0.135292992412494
1.68299999999993	-0.415031576694662	0.793610605242357	-0.369503851939962
1.68399999999993	-0.203063530078833	0.804086468825153	-0.570752293336381
1.68499999999993	0.0351322637524227	0.743529132159631	-0.721395882392612
1.68599999999993	0.287949652173821	0.602509936758617	-0.813619683374199
1.68699999999993	0.506006721798107	0.375934253637833	-0.846213647078343
1.68799999999992	0.665497119041338	0.0791363410512126	-0.806458054894373
1.68899999999992	0.772244507386828	-0.214935248951813	-0.673693696548915
1.68999999999992	0.82080533296916	-0.46694415969595	-0.467544711330117
1.69099999999992	0.807595792721904	-0.653290626603212	-0.187212543966701
1.69199999999992	0.715585406908692	-0.778016170494126	0.102097329788432
1.69299999999992	0.552976994049073	-0.851642530060717	0.337732866408112
1.69399999999992	0.341323466322327	-0.862029733160955	0.539317288473198
1.69499999999992	0.103066627767813	-0.801842726191912	0.69009799605827
1.69599999999992	-0.151184984772378	-0.66106359434041	0.782378883138474
1.69699999999992	-0.369219738603018	-0.438686008372571	0.815057703274344
1.69799999999992	-0.527643633220763	-0.138385681539473	0.777446110963666
1.69899999999992	-0.634353245324212	0.15769964891028	0.643855272808954
1.69999999999992	-0.683007748375449	0.410757924275829	0.436841018769745
1.70099999999992	-0.670301511330694	0.596513975885672	0.155147157137657
1.70199999999992	-0.579780489004139	0.720662218531017	-0.134689709322268
1.70299999999992	-0.417015438313158	0.794312987653672	-0.368920557103192
1.70399999999992	-0.205052683216655	0.804789315853754	-0.570176811036639
1.70499999999992	0.0331468048656454	0.744239638007745	-0.720822941456769
1.70599999999992	0.285982297605662	0.603222155694158	-0.813047715448051
1.70699999999992	0.504043553796666	0.376706056407896	-0.845640569496136
1.70799999999992	0.663516986650826	0.0798456616735576	-0.805906675115474
1.70899999999992	0.770264485759483	-0.214246685247011	-0.67313640466193
1.70999999999992	0.818826401310186	-0.466274324955358	-0.466973883382879
1.71099999999992	0.805625564767993	-0.652609592999024	-0.186620564891616
1.71199999999992	0.71363508237146	-0.777326677045213	0.102697736691118
1.71299999999992	0.551025321972284	-0.850954084641598	0.338310875590712
1.71399999999992	0.339368626124646	-0.861342731072853	0.539895688802176
1.71499999999992	0.101110130859712	-0.801150392712032	0.690674641383656
1.71599999999992	-0.153135189127698	-0.66036902774165	0.782952568246664
1.71699999999992	-0.371154138658229	-0.437927783096299	0.815631129310039
1.71799999999992	-0.529596501356139	-0.137694224407099	0.777993567214763
1.71899999999992	-0.636305880705703	0.158375110718844	0.644406686685619
1.71999999999992	-0.684958549315854	0.411423145479204	0.437403507258371
1.72099999999992	-0.672246321647043	0.597189694295654	0.155724517472443
1.72199999999992	-0.581704655840434	0.721346105953395	-0.134104774180161
1.72299999999992	-0.418942664090815	0.794997168936019	-0.368355906469202
1.72399999999992	-0.206984594074391	0.80547387696648	-0.569619871858352
1.72499999999992	0.0312180036195086	0.744931554874002	-0.720267799076494
1.72599999999992	0.284070983648233	0.603915721330849	-0.812493570116632
1.72699999999992	0.502137048896922	0.377457397422101	-0.845085309912809
1.72799999999992	0.661593904853712	0.0805415978857588	-0.805371528391346
1.72899999999992	0.768341132210185	-0.213574757225292	-0.672596362598651
1.72999999999992	0.816904245347712	-0.465619929477952	-0.466420645771529
1.73099999999992	0.803711527317207	-0.65194623476777	-0.186047096451254
1.73199999999992	0.71174035775193	-0.776655073444992	0.103279263066282
1.73299999999992	0.549129334707867	-0.850283432251162	0.338870844950549
1.73399999999992	0.337469517870903	-0.86067347905369	0.540455788231554
1.73499999999992	0.0992094560274156	-0.800475945788225	0.691233032159929
1.73599999999992	-0.155029958555576	-0.659692496368203	0.783508075936515
1.73699999999992	-0.373034016743525	-0.43718907854976	0.816186401565287
1.73799999999992	-0.531493949358868	-0.137020731346123	0.778523686638752
1.73899999999992	-0.638202493497784	0.159035602329915	0.644940366469477
1.73999999999992	-0.686853760696726	0.412070656437477	0.437948230007114
1.74099999999992	-0.674135599728845	0.597847817309032	0.156284119664968
1.74199999999992	-0.583573810915149	0.722012171672313	-0.133538427065269
1.74299999999992	-0.420814852782102	0.795663517249326	-0.367809040268876
1.74399999999992	-0.208862033087662	0.806140583390514	-0.569079257846186
1.74499999999992	0.0293441391927981	0.745605317834761	-0.719729820552847
1.74599999999992	0.282213903396493	0.604591121138349	-0.811956710362451
1.74699999999992	0.500285501052911	0.378187446714613	-0.8445474901928
1.74799999999992	0.659724835518376	0.0812155360189526	-0.804853976858239
1.74899999999992	0.766472255759062	-0.212922644472244	-0.672073614073981
1.74999999999992	0.815036752167036	-0.464983214937885	-0.46588471156887
1.75099999999992	0.801852039123493	-0.651299893579796	-0.185491582190175
1.75199999999992	0.709899638901198	-0.776000772939727	0.103842127754573
1.75299999999992	0.547287460133829	-0.849629986569723	0.339413424593841
1.75399999999992	0.335624516072221	-0.860021416458831	0.540998206193932
1.75499999999992	0.0973630190878099	-0.799818843156623	0.691773727565018
1.75599999999992	-0.15687087473046	-0.659033467802619	0.784045965421791
1.75699999999992	-0.374860632647446	-0.43646914374762	0.816724139704979
1.75799999999992	-0.53333686778434	-0.136360735599008	0.779037784361865
1.75899999999992	-0.6400455733002	0.159674732883515	0.645457708002816
1.75999999999992	-0.688694914470846	0.412701754010986	0.438476003425539
1.76099999999992	-0.675970972721575	0.59848891479172	0.156826526994779
1.76199999999992	-0.585389547513343	0.722660827607312	-0.132991200649882
1.76299999999992	-0.422633632027614	0.796312574279953	-0.367279586957374
1.76399999999992	-0.210685700234196	0.806789956937482	-0.568555665736507
1.76499999999992	0.0275236717022757	0.746261495890917	-0.719208480820704
1.76599999999992	0.28040950717254	0.605248842540773	-0.811436529420153
1.76699999999992	0.498486272958191	0.378899305816241	-0.844026315198794
1.76799999999992	0.657909184570881	0.0818724250500511	-0.804352519766442
1.76899999999992	0.764656903912257	-0.212285414648261	-0.671567261196072
1.76999999999992	0.813222528931906	-0.464362869867741	-0.465365472999046
1.77099999999992	0.800045520679983	-0.650670239846082	-0.184953519651619
1.77199999999992	0.708111374627603	-0.775363427698685	0.104386960053051
1.77299999999992	0.54549806103344	-0.84899339322291	0.33993904580956
1.77399999999992	0.333832090828766	-0.859386153201038	0.541523457830125
1.77499999999992	0.0955691656469695	-0.799178667568459	0.692297419825369
1.77599999999992	-0.15865951537207	-0.65839148946714	0.784566857949774
1.77699999999992	-0.376635805755677	-0.435766703721888	0.817245031899129
1.77799999999991	-0.535126251892247	-0.13571149321098	0.779536919247844
1.77899999999991	-0.641837049392589	0.160290314621496	0.645958438406479
1.77999999999991	-0.690483759103423	0.413316043020079	0.438986700024402
1.78099999999991	-0.677754063449264	0.599113228908889	0.157351980033902
1.78199999999991	-0.587153497975749	0.723292494766237	-0.132461820668441
1.78299999999991	-0.424400550253203	0.796944777042619	-0.366766221362975
1.78399999999991	-0.212457367628063	0.807422378285105	-0.568048338336339
1.78499999999991	0.0257551060885814	0.74690048630112	-0.718703416256128
1.78599999999991	0.278656394263658	0.605889340712051	-0.810932609082388
1.78699999999991	0.496738380223588	0.379593224341275	-0.843521341519917
1.78799999999991	0.656145030077675	0.0825076047316625	-0.803867765681595
1.78899999999991	0.762893277268809	-0.211664696738592	-0.67107672977509
1.78999999999991	0.811460007322595	-0.463758488306174	-0.464862494837752
1.79099999999991	0.798290460772936	-0.650056770068401	-0.184432360348053
1.79199999999991	0.706373980967185	-0.774742442999957	0.104914856578432
1.79299999999991	0.543759628212852	-0.848373163748471	0.340448064549059
1.79399999999991	0.332090524394891	-0.85876720256422	0.542032306593327
1.79499999999991	0.0938264060913131	-0.79855494920828	0.692804527676239
1.79599999999991	-0.160397407220586	-0.657766103454146	0.785071171389373
1.79699999999991	-0.378360423076416	-0.435082299175214	0.817749431088115
1.79799999999991	-0.536864129758921	-0.135075761403684	0.780020867136648
1.79899999999991	-0.643576975034853	0.16089354545191	0.646443433048361
1.79999999999991	-0.692221732253195	0.413913786705498	0.439481213083368
1.80099999999991	-0.679486338876224	0.599721348954641	0.157860907490182
1.80199999999991	-0.588867322369717	0.723908010485238	-0.13194701434659
1.80299999999991	-0.42611707991223	0.79756056703804	-0.366268800362316
1.80399999999991	-0.214178827150778	0.808038324003291	-0.567556502281711
1.80499999999991	0.0240369614898349	0.747522753518283	-0.718214182102109
1.80599999999991	0.276953026597707	0.606513082599617	-0.810444513515238
1.80699999999991	0.49504027145591	0.380268908958142	-0.843032224494196
1.80799999999991	0.654431397413377	0.0831286924953664	-0.803397820038274
1.80899999999991	0.761179800286304	-0.211060405342236	-0.670601743873665
1.80999999999991	0.809747624618316	-0.463169788526541	-0.464375362209898
1.81099999999991	0.796585308873334	-0.649459096691356	-0.183927770851583
1.81199999999991	0.704686007978942	-0.774137534564556	0.105426004806093
1.81299999999991	0.542070656963621	-0.847768942240783	0.340941038898284
1.81399999999991	0.330398029917135	-0.858164172930885	0.54252573803388
1.81499999999991	0.092133661728174	-0.797947303502688	0.69329505198481
1.81599999999991	-0.162086018518719	-0.657156903753841	0.785559426085356
1.81699999999991	-0.380036167642303	-0.434415810404996	0.818237794569606
1.81799999999991	-0.53855277070349	-0.134456202514104	0.780489454190934
1.81899999999991	-0.645267402482501	0.161481041123105	0.646913248300522
1.81999999999991	-0.693910224814429	0.414496176980388	0.439960161899398
1.82099999999991	-0.681169308051383	0.600313745761683	0.158353755926079
1.82199999999991	-0.59053237142692	0.724507527088418	-0.131448236134258
1.82299999999991	-0.427784748786648	0.798160343402728	-0.365787103427675
1.82399999999991	-0.21585116993734	0.80863821290872	-0.567080235707224
1.82499999999991	0.0223675546043057	0.74812874918701	-0.71774014900254
1.82599999999991	0.275297897425627	0.607120499956524	-0.809971764439091
1.82699999999991	0.493390239751173	0.380926888630734	-0.842558506530604
1.82799999999991	0.652766541628301	0.0837336279006447	-0.802942726511631
1.82899999999991	0.759515023306113	-0.210471894491236	-0.670141799113821
1.82999999999991	0.808083955046515	-0.462596120462519	-0.463903637835729
1.83099999999991	0.794928611433641	-0.64887682612364	-0.183439221381267
1.83199999999991	0.703045983116237	-0.773548308711777	0.105920575926613
1.83299999999991	0.540429707986349	-0.847180271374807	0.341418611281861
1.83399999999991	0.328753631141457	-0.857576666503876	0.543003449915854
1.83499999999991	0.0904889811614553	-0.797355301418783	0.693770082410974
1.83599999999991	-0.163726729825436	-0.656563449244866	0.786032104766514
1.83699999999991	-0.381664296024058	-0.433767124252561	0.818710564649339
1.83799999999991	-0.540193701482759	-0.133853545279397	0.780942908941108
1.83899999999991	-0.646909141540554	0.162058418317075	0.64736795036541
1.83999999999991	-0.695550448892374	0.415064580515519	0.440424528099178
1.84099999999991	-0.682804398933076	0.600890783294626	0.158831042143422
1.84199999999991	-0.592150008412454	0.725091522269877	-0.130964728874911
1.84299999999991	-0.429404966624712	0.798744547382666	-0.365320544609505
1.84399999999991	-0.21747511791084	0.809222455771906	-0.566619972915728
1.84499999999991	0.020745473395493	0.748718916455171	-0.717280794414867
1.84599999999991	0.273689614505158	0.607712033258607	-0.809513849705935
1.84699999999991	0.491787106091034	0.381568217214751	-0.842099568404475
1.84799999999991	0.651148778873104	0.0843212136012896	-0.802502375250232
1.84899999999991	0.757897565698573	-0.209898481486848	-0.669696444082946
1.84999999999991	0.806467581860248	-0.462037166895335	-0.463446846649528
1.85099999999991	0.79331899153177	-0.648309551127056	-0.182966020623716
1.85199999999991	0.701452606270419	-0.772974323722318	0.106398793588365
1.85299999999991	0.538835418507523	-0.846606728623458	0.341881050245478
1.85399999999991	0.327156167415745	-0.857004254289548	0.543465629653311
1.85499999999991	0.0888909547896513	-0.796778496496855	0.694230175508741
1.85599999999991	-0.165320941722373	-0.655985292948323	0.786489734703067
1.85699999999991	-0.383245792090142	-0.433135517613726	0.819168343324812
1.85799999999991	-0.541787731232257	-0.133264195120311	0.781382398857034
1.85899999999991	-0.648503850941599	0.16262334567832	0.647808250922518
1.85999999999991	-0.697143963999037	0.41561856131604	0.440874367915131
1.86099999999991	-0.684392985833813	0.601452816392372	0.159293251798123
1.86199999999991	-0.593721541075229	0.725660429528633	-0.130495730611218
1.86299999999991	-0.430979091716426	0.799313556710216	-0.364868811534227
1.86399999999991	-0.219052533203092	0.809791464303326	-0.566174682517983
1.86499999999991	0.0191696223084192	0.749293670047874	-0.716836028763111
1.86599999999991	0.272126896593011	0.608288120243591	-0.809070370357714
1.86699999999991	0.490227655206398	0.38219428682353	-0.841655130454787
1.86799999999991	0.64957666355399	0.0848922853591478	-0.802076286669188
1.8689999999999	0.756326082941332	-0.209339855530901	-0.669265294388772
1.8699999999999	0.804897154901489	-0.461492432521206	-0.463004640078636
1.8709999999999	0.791755111153706	-0.647756915652866	-0.182507657095258
1.8719999999999	0.69990453427563	-0.772415042046484	0.106862362561462
1.8729999999999	0.537286425518765	-0.846047928861593	0.342328816836244
1.8739999999999	0.325604202228972	-0.856446559409032	0.543912790061841
1.8749999999999	0.0873383338314361	-0.796216504936388	0.694675608385815
1.8759999999999	-0.166869994231615	-0.655422040374084	0.786932738608362
1.8769999999999	-0.384782809117353	-0.432519893170108	0.819611532275429
1.8779999999999	-0.543336481350351	-0.132688287007019	0.781808189208781
1.8789999999999	-0.65005234545187	0.163180558432871	0.648233955791353
1.8799999999999	-0.698692069492998	0.416158563700668	0.441310249348957
1.8809999999999	-0.685936401909432	0.602000172009564	0.15974096405055
1.8819999999999	-0.595248236291514	0.726214630419824	-0.130040858948364
1.8829999999999	-0.432508436111168	0.799867783428505	-0.364431304884794
1.8839999999999	-0.22058526173006	0.810345663686685	-0.565743187548197
1.8849999999999	0.0176387799661428	0.749853403281919	-0.716405375834523
1.8859999999999	0.270608326594538	0.608849178068422	-0.808640868218904
1.8869999999999	0.488713113981933	0.382803695615029	-0.841224652146877
1.8879999999999	0.648049239093984	0.0854482371946689	-0.801663785175613
1.8889999999999	0.754799148207493	-0.208796229653817	-0.66884781637105
1.8899999999999	0.803371299309269	-0.460961589086514	-0.462576601969514
1.8909999999999	0.790235628613833	-0.647218469181933	-0.182063749042237
1.8919999999999	0.698400574486184	-0.771869979629685	0.107312224043441
1.8929999999999	0.535781351115306	-0.84550347353541	0.342762127855705
1.8939999999999	0.324096384931053	-0.855903171594537	0.544345368401713
1.8949999999999	0.0858298106390409	-0.795668918663932	0.69510686867273
1.8959999999999	-0.168375137894536	-0.654873263647996	0.787361605661479
1.8969999999999	-0.386274944559467	-0.431920812218592	0.820040692480546
1.8979999999999	-0.544841064311923	-0.132127812954087	0.782220322160541
1.8989999999999	-0.651556490674559	0.16372654038433	0.648645614133927
1.8999999999999	-0.700196198651579	0.416684634945493	0.44173229739875
1.9009999999999	-0.68743592808318	0.602533242925779	0.160175006754929
1.9019999999999	-0.596731575531499	0.726754531642962	-0.129600480648408
1.9029999999999	-0.433994274933069	0.800407747285558	-0.364007509824538
1.9039999999999	-0.222074172566128	0.810885540543255	-0.565325596843163
1.9049999999999	0.0161515164736815	0.750398621313421	-0.715988296589953
1.9059999999999	0.269132703296478	0.609395685118322	-0.808224907277314
1.9069999999999	0.487241787314535	0.383397360211136	-0.840807701740466
1.9079999999999	0.646565413834304	0.0859901906716366	-0.801264293779302
1.9089999999999	0.753315552234491	-0.208266722346604	-0.668443537989907
1.9099999999999	0.801888778540621	-0.460444195823352	-0.462162173941745
1.9109999999999	0.788759268059589	-0.646693754524847	-0.181634017029524
1.9119999999999	0.696939546277676	-0.771338775805584	0.107748573351958
1.9129999999999	0.534319105110673	-0.844972816748606	0.343182425538513
1.9139999999999	0.322631398708713	-0.855373627494617	0.544764242467474
1.9149999999999	0.0843641691270262	-0.795135306329094	0.695524366949238
1.9159999999999	-0.169837700930135	-0.654338543706042	0.787776758099756
1.9169999999999	-0.387724838768153	-0.431336600708567	0.820456238114427
1.9179999999999	-0.546302755223613	-0.131581086349457	0.782619445909055
1.9189999999999	-0.653017984627851	0.164257871641226	0.649044552352488
1.9199999999999	-0.701657709563676	0.417196830028129	0.442140642425563
1.9209999999999	-0.688892858640007	0.603052547399985	0.160595510219785
1.9219999999999	-0.598173039501923	0.727280318819133	-0.129175360360282
1.9229999999999	-0.435437901932348	0.800933799539626	-0.363597220555825
1.9239999999999	-0.22352129742181	0.81141152765333	-0.564920449583649
1.9249999999999	0.0147065230370223	0.750929739392789	-0.715584393250088
1.9259999999999	0.267698779906625	0.609928058072738	-0.807822092862455
1.9269999999999	0.485812363057293	0.383975389774643	-0.840403933227769
1.9279999999999	0.645123865858187	0.0865181235739104	-0.800877517279594
1.9289999999999	0.751874053430223	-0.207750826606858	-0.668052078725045
1.9299999999999	0.800448330532713	-0.459939888091834	-0.461760978928998
1.9309999999999	0.787324801194305	-0.646182436152133	-0.181217838811626
1.9319999999999	0.69552000350678	-0.770821133065399	0.108171058546671
1.9329999999999	0.532898313746056	-0.844455684216765	0.343589353106408
1.9339999999999	0.321207943211673	-0.854857571573483	0.545169813287507
1.9349999999999	0.0829401641458682	-0.794615302122422	0.69592852705057
1.9359999999999	-0.171258932490287	-0.653817516560627	0.788178618204923
1.9369999999999	-0.389133751671874	-0.430767355350094	0.820858519830807
1.9379999999999	-0.547722848170546	-0.131048494857195	0.783005809762332
1.9389999999999	-0.65443768210825	0.16477815872442	0.649430638593302
1.9399999999999	-0.703078045745436	0.417694364919451	0.442535554026464
1.9409999999999	-0.690308440571479	0.603558460669442	0.16100291651808
1.9419999999999	-0.599573675756236	0.727792557310403	-0.128764099208078
1.9429999999999	-0.436840537972708	0.801446359050156	-0.363199901594964
1.9439999999999	-0.224927553452432	0.811924011054494	-0.564527735441176
1.9449999999999	0.0133025167547809	0.75144716528727	-0.715193228141054
1.9459999999999	0.266305437733571	0.61044668827965	-0.807431982338836
1.9469999999999	0.484423311557615	0.384538603195086	-0.840012900698402
1.9479999999999	0.643723555366419	0.0870339789237778	-0.800502700669212
1.9489999999999	0.750473423386809	-0.207248208465513	-0.667673039104268
1.9499999999999	0.799048746217901	-0.45944819305622	-0.461372597455564
1.9509999999999	0.785931005786654	-0.645684181950796	-0.180814750748135
1.9519999999999	0.694140667364063	-0.770316775401435	0.108579673491305
1.9529999999999	0.531517924597472	-0.843951640648223	0.343984190221724
1.9539999999999	0.319824838853647	-0.854354655660889	0.545562442558402
1.9549999999999	0.0815565518949207	-0.794108546916734	0.696319802282336
1.9559999999999	-0.172640116590817	-0.653309826632256	0.788567614292891
1.9569999999999	-0.390502129766547	-0.430213171436966	0.821248002155655
1.9579999999999	-0.549103076722741	-0.130532989334584	0.783379186765264
1.9589999999999	-0.655817261435206	0.165284274304854	0.649804270035788
1.95999999999989	-0.704458229983738	0.418178689541777	0.442917784716161
1.96099999999989	-0.691683868417769	0.604051521638869	0.161397516504413
1.96199999999989	-0.600934539366572	0.728291815594834	-0.128365597662227
1.96299999999989	-0.438203342247082	0.801945887050583	-0.362815055802968
1.96399999999989	-0.226294473169993	0.812423440301159	-0.564146598548261
1.96499999999989	0.0119383894621005	0.751951330077631	-0.71481451507987
1.96599999999989	0.264951525699482	0.610951996557629	-0.807054215853536
1.96699999999989	0.483075411090236	0.385086017137047	-0.839634185599726
1.96799999999989	0.64236283376556	0.087537699742118	-0.8001396290533
1.96899999999989	0.74911256042299	-0.206757799643645	-0.667306058292175
1.96999999999989	0.797688883656691	-0.458968627930624	-0.460996582853719
1.97099999999989	0.784576715428622	-0.645198572121036	-0.180424405182867
1.97199999999989	0.692800272789546	-0.769825310131269	0.108974764177384
1.97299999999989	0.530176564639499	-0.843460470157435	0.344365979196769
1.97399999999989	0.318480834482599	-0.853864507351883	0.545942687753045
1.97499999999989	0.080212196709361	-0.793614679355277	0.696698538234352
1.97599999999989	-0.173982316821408	-0.652815093584205	0.788944134810708
1.97699999999989	-0.391831987189007	-0.42967364263197	0.821624955898187
1.97799999999989	-0.550444287183362	-0.13003041263164	0.783740614449054
1.97899999999989	-0.6571588031984	0.165769351212768	0.6501663890307
1.97999999999989	-0.705799218657684	0.41865164864144	0.443287713394988
1.98099999999989	-0.693020291597379	0.604532103740533	0.161779701979575
1.98199999999989	-0.602256771226026	0.728778413790822	-0.127979552351678
1.98299999999989	-0.43952750745627	0.802432686009722	-0.362442588804472
1.98399999999989	-0.227622867022751	0.812910135067894	-0.563777197991758
1.98499999999989	0.0106130432030089	0.752442574400085	-0.714447865306917
1.98599999999989	0.263635914558155	0.611444335413378	-0.806688479367008
1.98699999999989	0.481764944044557	0.385619725643746	-0.839267573553812
1.98799999999989	0.641040606530665	0.0880291970119665	-0.799788070178273
1.98899999999989	0.747790332247828	-0.206279421607278	-0.666950841037403
1.98999999999989	0.796367595946788	-0.458501030518401	-0.460632605446176
1.99099999999989	0.783260803506319	-0.644725316081479	-0.180046438335697
1.99199999999989	0.69149789520133	-0.769346306923194	0.109357558606342
1.99299999999989	0.528873094226663	-0.842981845889221	0.34473499403014
1.99399999999989	0.317174831881675	-0.85338680558175	0.546310840655638
1.99499999999989	0.078905968891906	-0.793133368052074	0.697065081961669
1.99599999999989	-0.175286608708258	-0.652332981739165	0.789308526422857
1.99699999999989	-0.393124095034274	-0.429148096511543	0.821989800637631
1.99799999999989	-0.551747549077683	-0.129540676859052	0.784090411475229
1.99899999999989	-0.658462902018381	0.166237595925662	0.650517210239286
2	-0.707102176668153	0.419112929857663	0.443645756116526
