"Time [s]"	"InducedVoltage(Phase_A) [V]"	"InducedVoltage(Phase_C) [V]"	"InducedVoltage(Phase_B) [V]"
0	-36.3079294769482	402.420018976608	-350.50061288672
0.001	37.4887245006939	272.181161573068	-291.414780122339
0.002	111.285378478336	141.942304169527	-232.328947357958
0.003	172.475683843049	63.4833989937748	-215.542754763461
0.004	211.266130820661	-12.55051045524	-189.891710371816
0.005	227.418510599451	-99.3024677208788	-150.148390867393
0.006	220.278795697472	-174.4908217066	-92.1757140170378
0.007	198.915264107524	-223.389377825754	-20.7716756985425
0.008	159.207442611592	-259.480305269481	57.5677073477683
0.009	110.597567801745	-242.797069738801	131.554026862277
0.01	51.9302496819785	-225.288485934146	188.06858011952
0.011	-9.57112755868561	-191.804670953985	244.041404010507
0.012	-78.1332092905795	-135.014796419003	271.664754528123
0.013	-149.849046620822	-75.0340278885671	256.952794107539
0.014	-201.781098321063	-12.8206206345425	208.462136605256
0.015	-232.154117782944	53.881439044188	159.207263714357
0.016	-237.96711109719	121.442558721685	98.961190619847
0.017	-235.651832868598	195.056569977607	31.0965318762294
0.018	-171.305570637394	287.49252700932	-29.6365940602832
0.019	-99.8951406051368	332.924006337102	-115.490861514369
0.02	-46.8034451673579	265.395177783235	-221.898299524662
0.021	12.4689421457611	176.954012223823	-302.037232149327
0.022	95.4515296301701	127.633280875873	-269.511868030245
0.023	167.441983068017	74.4348777462107	-226.233693445177
0.024	209.361161798428	5.78968365639965	-193.793421779176
0.025	241.246306368246	-72.4969197628621	-146.988909396084
0.026	242.529952155929	-151.353195193888	-92.0025810593434
0.027	211.658447504525	-238.661840045975	-29.1457546498535
0.028	159.473132665919	-270.530151033719	49.1805052889993
0.029	103.395424417797	-267.828853359925	127.116957201795
0.03	46.2557618702204	-233.964748682553	195.602372597507
0.031	-15.5833655203039	-187.863337614435	257.877506397388
0.032	-90.0756308121851	-130.149322579151	280.708523023256
0.033	-157.602188845629	-72.786442408316	245.929561187237
0.034	-209.081222663942	-10.2591020520737	203.206142971436
0.035	-234.710050730597	58.278843728893	154.790802046733
0.036	-250.38199688739	136.403497698304	97.5270154207373
0.037	-228.992163638164	200.98108838409	33.2703238301201
0.038	-154.498375403716	317.102715080457	-22.1233328160358
0.039	-105.707850861497	296.842094579488	-124.454667411547
0.04	-48.7419316879549	257.535638581255	-213.944187311891
0.041	10.6943306388536	175.261872270699	-286.868770094011
0.042	88.6433250447685	124.897944894869	-280.730345576994
0.043	164.661029584772	75.0483732424316	-227.761535705732
0.044	209.847254915878	9.27283934128831	-195.74974139567
0.045	237.502863448141	-65.2095327165716	-147.54503457524
0.046	246.015624157893	-144.013223036379	-90.7360492980371
0.047	217.491828369055	-236.490012215632	-30.4914301165387
0.048	161.509485804808	-273.020996625083	46.6585049840504
0.049	102.206478993373	-278.654795513823	126.41950075345
0.05	45.3469035212952	-237.024955831653	197.171080192188
0.051	-16.9393813700283	-187.517216806587	263.473503040723
0.052	-92.4565142885536	-128.873570778417	282.075555588285
0.053	-159.625129183823	-72.1067205911279	243.365500566593
0.054	-209.881068429939	-9.67275427917524	201.271896281841
0.055	-236.033751474295	59.8141316543721	154.024250310582
0.056	-252.685901723257	139.466020641364	96.9027756393931
0.057	-225.119743490309	202.727856211466	33.9793122166
0.058	-153.05571818475	320.66232590095	-22.4773599593335
0.059	-106.68854500063	292.013071466891	-127.127128943367
0.06	-49.2027943909873	256.177182413699	-212.262372317663
0.061	10.7201621423225	176.54844283257	-281.22066476639
0.062	86.6049736018022	122.965923033668	-285.928051231895
0.063	163.697439461689	74.7586919814145	-228.333111004071
0.064	210.18555737449	9.85669499690811	-196.40086329818
0.065	236.60467094707	-63.8581135005238	-147.93225414058
0.066	246.656309994012	-142.258470345646	-90.6501190869498
0.067	218.57514049864	-235.518473777334	-30.9243560750945
0.068	162.232573408139	-274.705864128086	45.9673191666496
0.069	102.270636299854	-282.182930072082	126.364572365142
0.07	45.284061767199	-239.408622262002	198.22418180675
0.071	-17.1629119488894	-187.590766350853	265.766112223301
0.0720000000000001	-92.9405602653244	-128.301542818669	283.167707965051
0.0730000000000001	-160.469167177354	-71.9234858087741	242.490434216034
0.0740000000000001	-210.17280962652	-9.56745230843059	200.688992530036
0.0750000000000001	-236.491341271652	60.1692671989229	153.517141801793
0.0760000000000001	-252.981313651487	139.90357570802	96.3830681946056
0.0770000000000001	-224.1449979507	203.924113817766	34.0344358124939
0.0780000000000001	-153.383406542086	318.855543267393	-24.0972369656883
0.0790000000000001	-106.513716177781	294.133448930013	-128.071029888375
0.0800000000000001	-49.3571564445439	255.663573773999	-211.934820570885
0.0810000000000001	11.0622412049664	177.99807858484	-278.953248559088
0.0820000000000001	85.8793880942923	121.650190442032	-288.765517886632
0.0830000000000001	163.399053202117	74.3143150968038	-228.554859360025
0.0840000000000001	210.168163442865	9.7768915559906	-196.750312623463
0.0850000000000001	236.437690847636	-63.512995772333	-148.26843942479
0.0860000000000001	246.845137448353	-141.612448380783	-90.7793217700338
0.0870000000000001	218.821399925908	-235.408651033936	-31.2983447904245
0.0880000000000001	162.583924419644	-275.766444623202	45.7077276274891
0.0890000000000001	102.633635785115	-283.918802747472	126.79831400477
0.0900000000000001	45.4364347576333	-241.170182892488	199.045700025293
0.0910000000000001	-17.2040969316016	-187.753310999569	266.7854108257
0.0920000000000001	-93.0198036413188	-127.950757903829	284.214141103269
0.0930000000000001	-161.028953249547	-71.9791658896216	241.935014685001
0.0940000000000001	-210.383506166762	-9.59496489262923	200.424643485669
0.0950000000000001	-236.666174732945	60.2029309165779	153.100682847071
0.0960000000000001	-253.023543182668	139.884298620525	95.9170045964106
0.0970000000000001	-223.860252124822	204.616669251612	33.9062510948643
0.0980000000000001	-153.65006192352	317.777996897218	-25.1122600361823
0.0990000000000001	-106.401733655692	295.799152234551	-128.965595455466
0.1	-49.4482770300477	255.226356109873	-211.830525378133
0.101	11.2423363516085	179.016824559687	-278.726409875239
0.102	85.7179742577587	121.084346996411	-289.620464563219
0.103	163.250963167353	73.872259942085	-228.862346133802
0.104	210.087279336971	9.56377228070293	-197.046739556753
0.105	236.434510464451	-63.4018151440596	-148.54675123052
0.106	246.982755216339	-141.237082364728	-90.932625241911
0.107	218.839505878519	-235.444806515151	-31.6092759825166
0.108	162.839993688549	-276.639064630432	45.5285165752914
0.109	103.096874265206	-284.937074813838	127.361813583785
0.11	45.6458268583426	-242.484117062242	199.657907677311
0.111	-17.1392053635007	-188.029572063864	267.619859348733
0.112	-93.0829071935459	-127.606449942074	284.915706442148
0.113	-161.509644871071	-72.1280346592079	241.486912957144
0.114	-210.556110008248	-9.63550732478136	200.275501924068
0.115	-236.766842674244	60.1603457689386	152.745313817381
0.116	-253.050797850567	139.805793477946	95.5164533198126
0.117	-223.717828783122	205.172138966827	33.7525502877473
0.118	-153.895636744655	316.776730347748	-25.9945157720363
0.119	-106.286827791338	297.228063924231	-129.568162869034
0.12	-49.4927422638375	254.876758067683	-211.641433752525
0.121	11.3408373412566	179.705300887711	-279.07820243788
0.122	85.7144942213305	120.863374757585	-289.959403469251
0.123	163.162207066977	73.5117706391542	-229.121264112931
0.124	210.011976364539	9.35064495521698	-197.31921414883
0.125	236.487286985923	-63.3580427208253	-148.786733621992
0.126	247.120655550922	-140.960758120203	-91.0704945907213
0.127	218.800092940483	-235.484122569248	-31.8559847692588
0.128	163.037830938653	-277.454440645586	45.3540487334985
0.129	103.586711937242	-285.613230827423	127.91203438999
0.13	45.8708602156932	-243.487750833049	200.149792410912
0.131	-17.0267302149907	-188.318843378716	268.467332002521
0.132	-93.179849894075	-127.257725426791	285.297270050582
0.133	-161.929849836091	-72.2968826602774	241.129648535377
0.134	-210.7078852148	-9.67235371585584	200.184010097673
0.135	-236.840939889672	60.0993588891565	152.440521967332
0.136	-253.097618057033	139.740921002627	95.1887893159516
0.137	-223.579709818113	205.675547526234	33.6200414277831
0.138	-154.104719967952	315.964151789963	-26.7551335868427
0.139	-106.215621810163	298.243934833282	-129.998827226164
0.14	-49.515361283179	254.551404193778	-211.434276375842
0.141	11.4230091846668	180.354812197377	-279.54715867894
0.142	85.7820888440317	120.754676822171	-290.007605629484
0.143	163.079345131876	73.234235078778	-229.493332744029
0.144	209.986262174189	9.17604895679747	-197.550593402298
0.145	236.54907616831	-63.3323380812598	-148.977857497455
0.146	247.265067856723	-140.748658514812	-91.1865253666596
0.147	218.738169636435	-235.490668837355	-32.0494980347696
0.148	163.188038419487	-278.255603951554	45.1722376618293
0.149	104.067697240507	-286.102325393504	128.391902054504
0.15	46.0995102392396	-244.273898628952	200.578607989553
0.151	-16.9071495231776	-188.470642739105	269.172742692993
0.152	-93.2850546643886	-127.034053654333	285.682130440069
0.153	-162.297166650901	-72.458294572872	240.772301366805
0.154	-210.84025684304	-9.70544679986851	200.13740874707
0.155	-236.903493802971	60.0382206622325	152.188128794615
0.156	-253.164171970072	139.698317403522	94.9282344775075
0.157	-223.435252473599	206.15568970843	33.5105244094611
0.158	-154.263517638869	315.336886811557	-27.3988632800748
0.159	-106.186833014675	298.912226246167	-130.359495263928
0.16	-49.5227456925354	254.330954526342	-211.273567352616
0.161	11.4958586955446	180.900335865559	-279.9793570034
0.162	85.9411263768733	120.745933628313	-289.858734064237
0.163	161.483219009534	72.8845518750681	-230.723872107362
0.164	211.448640284769	9.166299546991	-196.881900307394
0.165	236.633175811048	-63.3351061658509	-149.204175236518
0.166	247.422370930036	-140.578230217988	-91.2959762278099
0.167	218.66805536388	-235.46448319761	-32.2032415568385
0.168	163.322973850687	-278.779377417055	45.0361148389151
0.169	104.492985633565	-286.723516124649	128.761141696507
0.17	46.3221644750804	-244.925437138591	200.950450801183
0.171	-16.7909410538303	-188.545272536781	269.709985517295
0.172	-93.4073735603789	-126.887463390818	286.085544636168
0.173	-162.597912522316	-72.6002532035858	240.450598159412
0.174	-210.952616579935	-9.73174744347594	200.137092631799
0.175	-236.962928991433	59.9829697016518	151.98682141221
0.176	-253.246586071385	139.677748165873	94.7165854756546
0.177	-223.287939681945	206.617408613609	33.4220180337276
0.178	-154.380488673086	314.827596846044	-27.9644983517875
0.179	-106.182404915316	299.373725805503	-130.671288989736
0.18	-49.5258004060862	254.13506574576	-211.127743468499
0.181	11.1188775848172	180.170198708545	-282.413327290412
0.182	86.3380718012222	121.804897017614	-288.216980506487
0.183	163.03859479107	72.9150970116982	-229.758133022922
0.184	209.991920776984	8.96806872866507	-197.920472826542
0.185	236.748507957288	-63.2789916508061	-149.329770507898
0.186	247.563359906961	-140.461484610774	-91.3647139578613
0.187	218.596773111931	-235.436544145578	-32.327534275324
0.188	163.398976563757	-279.395758623237	44.8795710190897
0.189	104.897816645138	-287.136373983547	129.084187702455
0.19	46.5430325475633	-245.44934707935	201.283982470617
0.191	-16.6641856362679	-188.57664788336	270.222252052531
0.192	-93.5473549845771	-126.785084553334	286.399849842782
0.193	-162.829032155109	-72.7156989075872	240.195561650965
0.194	-211.046843168107	-9.75532672649448	200.166959264117
0.195	-237.018260514002	59.9337558674101	151.825561276295
0.196	-253.338128665013	139.6710991181	94.5366791142148
0.197	-223.129133595958	207.06957150836	33.3546513957209
0.198	-154.482435480411	314.383555717083	-28.4729514779172
0.199	-106.19349375968	299.702861880614	-130.952799672401
0.2	-49.5231938058628	253.95621292063	-210.983728754558
0.201	11.2351385012356	180.677870880439	-282.460341137591
0.202	86.3606094614436	121.749613603822	-288.542193666429
0.203	163.039203148361	72.8152144494854	-229.906671208455
0.204	209.861255267988	8.80390460184099	-198.003755564918
0.205	236.996249793977	-63.1356786843086	-149.507259769106
0.206	247.738037671986	-140.371910653444	-91.462911901074
0.207	218.533224362273	-235.404424926027	-32.4268149931674
0.208	163.429186824113	-279.980161260785	44.7282239760915
0.209	105.261769652089	-287.495855732568	129.370161761141
0.21	46.7526665730531	-245.891201296498	201.582526468919
0.211	-16.5405155018374	-188.581603730576	270.700433226125
0.212	-93.7005849580472	-126.702298554264	286.646689954032
0.213	-163.00138821625	-72.8145691122497	239.974509970246
0.214	-211.119237226763	-9.7794022804949	200.193500506022
0.215	-237.079414294832	59.891548469819	151.713252873974
0.216	-253.435810554023	139.67607761033	94.3803840498897
0.217	-222.958642421589	207.52328479696	33.30444522453
0.218	-154.579373618266	313.953509845892	-28.9383988350713
0.219	-106.217043528815	299.897316206345	-131.197069304984
0.22	-49.5104515437145	253.834943833291	-210.837935781997
0.221	11.334459917115	181.11663550609	-282.507713711887
0.222	86.3850306620683	121.741009043099	-288.86238550888
0.223	163.062095089383	72.7564338879832	-229.993030727599
0.224	210.160799493156	8.90010383679696	-198.240023527325
0.225	236.886001865594	-63.2085124248702	-149.548827403325
0.226	247.856203489693	-140.316262444011	-91.5011711491027
0.227	218.473978281993	-235.348073956409	-32.5080191056076
0.228	163.432263049333	-280.513851503632	44.583818772526
0.229	105.578893001094	-287.848128405283	129.612791644159
0.23	46.951463631133	-246.270329548103	201.853764604752
0.231	-16.4201472240957	-188.566810683451	271.137989519118
0.232	-93.851998947547	-126.6332562742	286.864368155939
0.233	-163.125425763005	-72.8956772458719	239.804282908832
0.234	-211.179301186468	-9.80408516534514	200.216144976195
0.235	-237.13568149624	59.8533626865113	151.610974517734
0.236	-253.536994559828	139.68923795558	94.2411474414317
0.237	-222.78303100862	207.97202146519	33.266156325446
0.238	-154.672317947357	313.559680471909	-29.3665552166725
0.239	-106.248009761617	299.98285297042	-131.413185003806
0.24	-49.4918254788581	253.763649064175	-210.711177147048
0.241	11.4216034755558	181.498448359905	-282.544688718925
0.242	86.4185317324864	121.742492265096	-289.221540120237
0.243	163.095160874	72.7345799238226	-229.968541070319
0.244	210.281800319648	8.90193103319015	-198.410701668984
0.245	236.930406501341	-63.1651838452088	-149.619393836568
0.246	247.99646987437	-140.281065462909	-91.559332120016
0.247	218.422915296007	-235.265095624769	-32.5701890694767
0.248	163.40483713549	-281.058396368814	44.4363680372366
0.249	105.856682255073	-288.124266753024	129.836040453272
0.25	47.1367608955302	-246.62319310359	202.097573375824
0.251	-16.3071706731082	-188.540609518529	271.54325055745
0.252	-93.9953996359095	-126.573309993451	287.052697095833
0.253	-163.205583035618	-72.9646910635361	239.653801570654
0.254	-211.227190442995	-9.82733980765493	200.247515431162
0.255	-237.192855803237	59.8205117263906	151.528464737751
0.256	-253.638370794541	139.70830074708	94.1138316202605
0.257	-222.601226922258	208.414488465983	33.2375170772786
0.258	-154.767726095724	313.187607156002	-29.7643249611652
0.259	-106.284199026779	299.978325185207	-131.600720368265
0.26	-49.4655005073227	253.740977433341	-210.592077681545
0.261	11.4973129335355	181.838504160152	-282.586753857459
0.262	86.463959105138	121.768033626177	-289.453162115906
0.263	163.122446998913	72.7206554914925	-230.036515772185
0.264	210.374915679663	8.92263889711176	-198.513741891424
0.265	237.011145698849	-63.1165426070512	-149.72212984557
0.266	248.131749851523	-140.263087707798	-91.6116163187163
0.267	218.383438265114	-235.173297670907	-32.6185446290305
0.268	163.34536571934	-281.623716779877	44.2822993510924
0.269	106.093624500223	-288.344570879081	130.039869650178
0.27	47.3131511199623	-246.916989734328	202.321633759161
0.271	-16.2010976890812	-188.51360124256	271.932757473383
0.272	-94.120566042025	-126.514399176961	287.227346559437
0.273	-163.254641360986	-73.0271591736363	239.499744354778
0.274	-211.264157170026	-9.84940284398705	200.286232758943
0.275	-237.249868822309	59.7927250667659	151.462116723668
0.276	-253.73936409229	139.731217513781	93.997193341167
0.277	-222.41401917713	208.854895542647	33.2167062205299
0.278	-154.866483633937	312.833287028652	-30.1342698661063
0.279	-106.317386213818	299.94133566745	-131.772177110179
0.28	-49.272478062068	254.420444195823	-209.97819292038
0.281	11.4223296008425	181.502550247114	-283.055766384056
0.282	86.5095356524387	121.770252926015	-289.546202503392
0.283	163.132212989111	72.6947417673015	-230.268752845423
0.284	210.489312010979	8.96130658689875	-198.618379583956
0.285	237.07113808906	-63.0640002850178	-149.798496428324
0.286	248.262249936355	-140.257189368814	-91.6592522267862
0.287	218.349374584091	-235.068267983601	-32.65638044094
0.288	163.276834646603	-282.126440664835	44.1400949496469
0.289	106.282542805422	-288.590350926256	130.214116513992
0.29	47.4134844238003	-247.624902312968	202.477459435536
0.291	-16.0453616641854	-188.048171176587	272.342386253203
0.292	-94.2337633356345	-126.460753639851	287.330887982171
0.293	-163.267030327839	-73.0746567420157	239.403745598662
0.294	-211.289476926941	-9.87173472015823	200.324009162667
0.295	-237.308332454887	59.7707477377587	151.418245637413
0.296	-253.83777752011	139.756293701509	93.8888549443705
0.297	-222.227686842792	209.27916540308	33.1989486935055
0.298	-154.964982974381	312.496720784593	-30.4837294757819
0.299	-106.347895922312	299.876833539673	-131.920561931201
0.3	-49.2488665685667	254.381364847804	-209.851766309008
0.301	11.4816091505202	181.791644302418	-283.126098921724
0.302	86.5710709535027	121.824281769302	-289.652310614083
0.303	163.156226839244	72.6976287642183	-230.391315197521
0.304	210.606736252555	9.00534939204234	-198.709660757759
0.305	237.127845759705	-63.0061620905886	-149.865105420002
0.306	248.389134366381	-140.26038577515	-91.7018574531638
0.307	218.319722694454	-234.956272971406	-32.6851215270919
0.308	163.198846853449	-282.598032482582	44.0051422201356
0.309	106.430975164221	-288.833453895486	130.36738667061
0.31	47.5588873099073	-247.858854727863	202.655065522818
0.311	-15.9485868432117	-188.018799923364	272.714643082279
0.312	-94.321080434437	-126.407116916498	287.441383278051
0.313	-163.264611473583	-73.1188797097655	239.294405906666
0.314	-211.313021404959	-9.89247362476553	200.366390725665
0.315	-237.362959278899	59.7518886331834	151.370080699156
0.316	-253.93404507042	139.783433723717	93.7881030450206
0.317	-222.042404812783	209.685786988411	33.1822117764934
0.318	-155.064903821451	312.166812101539	-30.8147795442391
0.319	-106.375284209253	299.800677565342	-132.05683352318
0.32	-49.2224332295464	254.368924742243	-209.731508700938
0.321	11.5337998503351	182.023114448626	-283.165452137129
0.322	86.6593202309529	121.895674089042	-289.741578537508
0.323	163.16526402981	72.712101465559	-230.507589964617
0.324	210.713914433171	9.0524122058242	-198.811681782097
0.325	237.181906012704	-62.9443692353001	-149.924184607355
0.326	248.511996737972	-140.269479865785	-91.7408868872422
0.327	218.295080263411	-234.834183143519	-32.7070457075955
0.328	163.112775816209	-283.051549872778	43.8744240199765
0.329	106.54574780887	-289.069671291467	130.503308036322
0.33	47.68740465775	-248.074341331112	202.820622949576
0.331	-15.8568646786186	-187.980363954291	273.051931035998
0.332	-94.3828377454374	-126.357384528905	287.56038910311
0.333	-163.2511244613	-73.1577217120822	239.186494884759
0.334	-211.331522316146	-9.91157858680847	200.417830114561
0.335	-237.414038274112	59.7364297085219	151.322262670209
0.336	-254.027228682774	139.81155731755	93.6937399802226
0.337	-221.857620849105	210.081819819679	33.1669350381539
0.338	-155.162365076449	311.861090622564	-31.1243323498654
0.339	-106.402787462398	299.701374494051	-132.181015917473
0.34	-49.196636612309	254.355441362955	-209.620873869765
0.341	11.5813497402385	182.226065176397	-283.188148418841
0.342	86.7519946349284	121.975923883641	-289.821500777315
0.343	163.173836422344	72.7295403147211	-230.632951059896
0.344	210.81842795146	9.1054803087578	-198.898989562893
0.345	237.231537801694	-62.8796326486618	-149.975343921554
0.346	248.631276378617	-140.283545504745	-91.7751455617987
0.347	218.264623420816	-234.682699768607	-32.7216727053827
0.348	163.030322544699	-283.513082785685	43.7451197816575
0.349	106.63254237908	-289.295582545629	130.625709406674
0.35	47.7985793567459	-248.27528261356	202.975673079458
0.351	-15.7672476911186	-187.935210313075	273.369512864433
0.352	-94.4235262674278	-126.309072288977	287.667832677559
0.353	-163.227644090297	-73.1909944973246	239.091411923783
0.354	-211.340191400234	-9.93073514573839	200.453924422019
0.355	-237.468402324788	59.7244998395691	151.290098589945
0.356	-254.118062045961	139.840848820594	93.6074560102912
0.357	-221.668605874179	210.464061655184	33.1529325136854
0.358	-155.263951674028	311.568212082778	-31.4175702014249
0.359	-106.429198855712	299.596280426246	-132.294687326563
0.36	-49.1716554752842	254.339603147559	-209.51700319059
0.361	11.6253013399397	182.407745003222	-283.19582489407
0.362	86.8502822771562	122.055037311972	-289.939534840659
0.363	163.184018743161	72.7577751745753	-230.696648106767
0.364	210.913978779373	9.15991831376395	-198.991659652314
0.365	237.276443084166	-62.8135266574835	-150.020862877953
0.366	248.749858298073	-140.301259429545	-91.8075267650376
0.367	218.248919405523	-234.562164499094	-32.7365621229533
0.368	162.932438820203	-283.918502150183	43.6242435124066
0.369	106.694644860885	-289.517731387915	130.735930899784
0.37	47.8935174316213	-248.461964468822	203.119984508694
0.371	-15.6790389342698	-187.886484068751	273.669456867003
0.372	-94.4448948692702	-126.261032176889	287.77390967811
0.373	-163.199406597218	-73.2211366661367	238.995015266013
0.374	-211.342618977728	-9.94952563270934	200.484495958389
0.375	-237.522223972382	59.7157749994625	151.26796303851
0.376	-254.205221762158	139.870410482678	93.5271314838416
0.377	-221.48217337607	210.836358407005	33.1398484521811
0.378	-155.363328935633	311.291979400522	-31.6942820369875
0.379	-106.455440990512	299.477558661861	-132.398537179537
0.38	-49.1472844183743	254.325497408248	-209.421546934573
0.381	11.6661165968256	182.571439729427	-283.193251569985
0.382	86.9431655422873	122.137901652438	-290.017003317093
0.383	163.195095537861	72.7838101018061	-230.794205177594
0.384	211.009975618754	9.21660225143883	-199.07941567301
0.385	237.316954120762	-62.7455812447422	-150.057804954161
0.386	248.867135872252	-140.321965506815	-91.8365528713202
0.387	218.226343988314	-234.411388021001	-32.7462502314517
0.388	162.84124623704	-284.325768323394	43.5069874672089
0.389	106.738203646726	-289.740719392074	130.834766138454
0.39	47.9737234649913	-248.634225480173	203.254100071081
0.391	-15.5921235307073	-187.838733821176	273.956138852392
0.392	-94.4489942726134	-126.213322773095	287.872250107014
0.393	-163.166121536901	-73.2487490419292	238.898035374629
0.394	-211.348095557721	-9.96566043396207	200.531758431416
0.395	-237.569916246994	59.7083412649969	151.235932759474
0.396	-254.28864467378	139.90026172401	93.4523729205283
0.397	-221.300787929261	211.197841215894	33.1274544962601
0.398	-155.451938885296	310.961032750174	-31.8583276332191
0.399	-106.485660902674	299.413013841647	-132.578628954412
0.4	-49.1236287957418	254.322419357588	-209.342835319195
0.401	11.7040001277202	182.723840378664	-283.178552267157
0.402	87.0286909189945	122.211112864006	-290.114366310148
0.403	163.206946123531	72.8143318904749	-230.871537023323
0.404	211.089074973353	9.27319376133418	-199.142678334932
0.405	237.369514530798	-62.6750552197834	-150.103851239271
0.406	248.985292199622	-140.345308428712	-91.8642541890745
0.407	218.204371658764	-234.260327298715	-32.7541197252479
0.408	162.859700872421	-284.233628329704	42.8579680084291
0.409	106.715317195373	-290.174399881124	131.565726885729
0.41	47.9987838776865	-249.009479998172	203.274619590173
0.411	-15.5135384059177	-187.84266443673	274.234068560575
0.412	-94.4387655012395	-126.163130834718	287.969495751212
0.413	-163.131145235506	-73.2713573191747	238.809530558323
0.414	-211.353213242572	-9.98117765333761	200.571918060598
0.415	-237.616340130799	59.7040442734542	151.206151088148
0.416	-254.369478248746	139.931555297206	93.3826645766196
0.417	-221.12459682028	211.554551514055	33.1162379770922
0.418	-155.539628418549	310.746456799912	-32.1164489985569
0.419	-106.511931617552	299.253571090077	-132.659935674728
0.42	-49.1029544447708	254.287670913425	-209.253649272054
0.421	11.7377882315948	182.861836394299	-283.174551721959
0.422	87.3877825338962	122.447903316141	-289.500126606439
0.423	161.433786042305	72.5676420425122	-232.524400267809
0.424	212.506354119985	9.31829971274589	-198.262089169503
0.425	237.569130545002	-62.4854674160883	-150.180142785092
0.426	249.124952564792	-140.359530639822	-91.9149344572758
0.427	218.178385232429	-234.083924113383	-32.7564910903773
0.428	162.78460251766	-284.584276709853	42.7460032202253
0.429	106.724428865528	-290.420806521046	131.646951370187
0.43	48.0532710468093	-249.169273438993	203.398198866745
0.431	-15.432638916417	-187.796657714472	274.492241395697
0.432	-94.4190067071726	-126.115235995604	288.048960724965
0.433	-163.094521696377	-73.2923202490439	238.72477641339
0.434	-211.357176774238	-9.99566943855068	200.618369370599
0.435	-237.659879977154	59.7009592005935	151.17599765157
0.436	-254.444898712119	139.962257658673	93.3172886239694
0.437	-220.954000207448	211.901464855196	33.1064833711958
0.438	-155.633168066648	310.475287956763	-32.3711254973179
0.439	-106.532577221124	299.118800751705	-132.722719843462
0.44	-49.0787038826646	254.285078367889	-209.165856048724
0.441	11.7697626534498	182.994638700126	-283.166728786103
0.442	87.2082586621735	122.363260483485	-290.244512011423
0.443	163.211848716385	72.8757396779906	-231.018512051621
0.444	211.231620585851	9.38083810773715	-199.284416297969
0.445	237.47110175745	-62.5267582692368	-150.188155961199
0.446	249.220227191643	-140.395956484109	-91.9108450550609
0.447	218.15879624537	-233.95679416468	-32.7659763746303
0.448	162.687819100831	-284.86726221265	42.643803571159
0.449	106.734539616473	-290.670023676342	131.717163138928
0.45	48.1010133100994	-249.312267820791	203.515802154194
0.451	-15.3505258828108	-187.751664252474	274.738866444254
0.452	-94.3872308800757	-126.069288224118	288.117176836918
0.453	-163.05498864212	-73.3094628159033	238.653703202667
0.454	-211.359973163712	-10.0109869356414	200.658207069856
0.455	-237.699755636954	59.6976803469029	151.151176495316
0.456	-254.515176426535	139.990371781679	93.2563094494478
0.457	-220.796322301302	212.240016109375	33.096176031478
0.458	-155.721634360857	310.201383471241	-32.6140314712365
0.459	-106.54857259274	299.014292584773	-132.780979664114
0.46	-49.0573044837522	254.265461736656	-209.080427336094
0.461	11.8001122240704	183.113720613656	-283.159026622237
0.462	87.2951229916639	122.443068585868	-290.255949796682
0.463	163.212921511335	72.9040003161082	-231.140047892474
0.464	211.292439748331	9.43300336881803	-199.337274782443
0.465	237.528697180511	-62.4510718518856	-150.230941012115
0.466	249.33669968028	-140.426498544821	-91.9297284191739
0.467	218.146088038792	-233.837695947903	-32.7732960885513
0.468	162.583438782498	-285.135693420592	42.5453572844127
0.469	106.738241036552	-290.907664130511	131.782716346902
0.47	48.140636818532	-249.441133031545	203.627200576947
0.471	-15.2716927593104	-187.707863396829	274.971750037653
0.472	-94.3484979001294	-126.025267827363	288.182292929777
0.473	-163.01613808945	-73.3253500104315	238.579812730561
0.474	-211.362662811048	-10.0249497381767	200.702053529225
0.475	-237.738034376355	59.6963069258226	151.129238854076
0.476	-254.581009656318	140.018604747297	93.19873810073
0.477	-220.645427618697	212.568626135489	33.0865566896733
0.478	-155.808218099456	309.918963153927	-32.849038003734
0.479	-106.562942792948	298.906719170946	-132.829587007856
0.48	-49.0347033289156	254.262373864488	-208.996251558054
0.481	11.828213354718	183.226880555212	-283.154064424527
0.482	87.3815009290696	122.51597066526	-290.273946532537
0.483	163.212288663418	72.936255957568	-231.23794610639
0.484	211.337009133974	9.48215058167101	-199.382555173053
0.485	237.596955470816	-62.3741231288847	-150.283965725848
0.486	249.449523065665	-140.457197172106	-91.9457266278257
0.487	218.117697529211	-233.668253557742	-32.7745181261603
0.488	162.500112224681	-285.442639909402	42.4464395757463
0.489	106.737739239182	-291.128100843211	131.848078473396
0.49	48.1720091760665	-249.570669122987	203.727374857315
0.491	-15.1947540600517	-187.666163813148	275.194241470018
0.492	-94.304621549318	-125.981118428679	288.248299405312
0.493	-162.979913766801	-73.3405679118867	238.502350256528
0.494	-211.363510292224	-10.0385963114689	200.741915103393
0.495	-237.775290967299	59.6962403244139	151.111785194575
0.496	-254.642498689365	140.046683332782	93.1443721240552
0.497	-220.501514578525	212.88729729214	33.0773409071597
0.498	-155.891702392688	309.635756749976	-33.0739516287822
0.499	-106.57133288337	298.8392240137	-132.872215943542
0.5	-49.0181347335906	254.221537769024	-208.917282100738
0.501	11.8557510340801	183.338273747301	-283.145656662371
0.502	87.4723315198765	122.582902828386	-290.305206502731
0.503	163.205119094152	72.971368200705	-231.317119463185
0.504	211.383469120297	9.52917381549445	-199.430232208409
0.505	237.654346552	-62.2970296066618	-150.324357262588
0.506	249.562016505817	-140.48744565345	-91.9628273790825
0.507	218.090859679676	-233.492569332877	-32.7741249858714
0.508	162.418527858698	-285.744122293265	42.350476042052
0.509	106.732157651601	-291.355771342967	131.897514700621
0.51	48.2006076106705	-249.679717980601	203.832969626285
0.511	-15.1193195447543	-187.625055720812	275.406085295671
0.512	-94.2564038202729	-125.937578599563	288.312737986234
0.513	-162.947050980816	-73.3559095890391	238.421350268539
0.514	-211.363756517487	-10.0512871493745	200.782928363305
0.515	-237.810223964415	59.6972266347903	151.095626459371
0.516	-254.700016027896	140.074262149111	93.0929461694682
0.517	-220.3634267983	213.197310025535	33.0685775143573
0.518	-155.972002586125	309.361770681609	-33.2865600952924
0.519	-106.580902590426	298.758993443693	-132.913551130371
0.52	-49.0034490190206	254.175429090855	-208.841432929441
0.521	11.884500875157	183.45875964179	-283.135018778937
0.522	87.5646010682505	122.655750413738	-290.270390862292
0.523	163.192596478748	72.9975210767299	-231.460948289951
0.524	211.43751496025	9.57426786061677	-199.485831413699
0.525	237.698488948087	-62.2207980860812	-150.349140135329
0.526	249.671133226114	-140.517766504307	-91.9777162000562
0.527	218.082400476312	-233.343059907108	-32.7747129308974
0.528	162.320405727091	-286.028079186913	42.2557364912607
0.529	106.727865312635	-291.543085577456	131.955211059559
0.53	48.2232086091261	-249.798852140468	203.928650127755
0.531	-15.0445751897235	-187.582475347273	275.611552641679
0.532	-94.206387321506	-125.894023239462	288.371732468761
0.533	-162.91578660703	-73.3699664381232	238.343738613704
0.534	-211.364686737749	-10.0642015010829	200.818757747382
0.535	-237.841932820001	59.6990396066523	151.079211929025
0.536	-254.753948430159	140.101027039225	93.0445577222616
0.537	-220.22889322493	213.494746236819	33.0598784027482
0.538	-156.047621269923	309.125045760223	-33.4835809391057
0.539	-106.595660034726	298.639130845945	-132.955983542159
0.54	-48.9903946460008	254.129594303126	-208.770470629885
0.541	11.914543746822	183.586469236526	-283.121364661192
0.542	87.6576154481562	122.72099065715	-290.270930367984
0.543	163.179855674153	73.0292964708565	-231.558758911854
0.544	211.476635258694	9.61718256164679	-199.532179806838
0.545	237.747153761462	-62.1462742090705	-150.379971866567
0.546	249.352409667943	-140.654916686638	-92.0588032067307
0.547	218.535378377926	-233.211966866477	-32.723851422486
0.548	162.175372869506	-286.219544800418	42.168478136655
0.549	106.726899128142	-291.690041708745	132.017058331341
0.55	48.2430480787226	-249.9124565099	204.017651270139
0.551	-14.9713585952764	-187.540896631059	275.809479204249
0.552	-94.1552060288739	-125.851765466082	288.430817820934
0.553	-162.885567028661	-73.3832698408031	238.263973643573
0.554	-211.365181757447	-10.0764516205936	200.852763815333
0.555	-237.871530830379	59.7021147921983	151.065798448435
0.556	-254.802281439718	140.127118600297	92.9990912335429
0.557	-220.099910775731	213.793234304904	33.052787306407
0.558	-156.120666618907	308.889347319371	-33.6705145792436
0.559	-106.61178960521	298.51155981512	-132.995381147023
0.56	-48.9759098909202	254.095898642006	-208.704273106771
0.561	11.9424127237145	183.700758578375	-283.105731820003
0.562	87.7504446136882	122.786064905091	-290.267041893361
0.563	163.167552282041	73.063987618275	-231.65249600908
0.564	211.564395839208	9.65958198585726	-199.632739524078
0.565	237.741950961453	-62.0752700178504	-150.353652886704
0.566	249.452893456986	-140.68428540687	-92.0747975450487
0.567	218.528195716343	-233.063513058771	-32.7229976478982
0.568	162.077892776507	-286.515610271119	42.0733019783645
0.569	106.729789031425	-291.830470588966	132.075151345889
0.57	48.2592752824373	-250.022022139762	204.101672627766
0.571	-14.9002321424989	-187.500865220195	275.999540885194
0.572	-94.1032510388525	-125.811615563982	288.483224582954
0.573	-162.857747561955	-73.3958590627543	238.186594036121
0.574	-211.365655858903	-10.0883018763929	200.88562849291
0.575	-237.899187992055	59.7059482735689	151.054281238237
0.576	-254.846703678416	140.152217602041	92.9558902077781
0.577	-219.98166048202	214.083330879156	33.044806595184
0.578	-156.185112073128	308.667310495692	-33.8477251140532
0.579	-106.628225879417	298.382519192328	-133.032225226604
0.58	-48.9608844088577	254.071760088766	-208.642054800576
0.581	11.967714336959	183.798905470544	-283.088174905594
0.582	87.8442651516819	122.845680724402	-290.258445287504
0.583	163.15141388215	73.0956878426909	-231.749954606212
0.584	211.609215190585	9.70186880576385	-199.68455339807
0.585	237.775348044014	-62.0072287765604	-150.371834295177
0.586	249.549595295408	-140.712992434045	-92.0881081376372
0.587	218.513039774881	-232.882547988464	-32.7184427605716
0.588	161.995433183283	-286.850186249367	41.9755838162493
0.589	106.728663997484	-291.950217817986	132.132750870191
0.59	48.2733577671615	-250.12494869421	204.181856405499
0.591	-14.8307283105755	-187.46298588168	276.184111255133
0.592	-94.0512519645456	-125.773576621057	288.525720747179
0.593	-162.83238989479	-73.4073030701021	238.113466746593
0.594	-211.365280647685	-10.0997699258131	200.916255319662
0.595	-237.925704957866	59.7108105003209	151.046346820916
0.596	-254.886534857775	140.176531297981	92.9147394274394
0.597	-219.862730203435	214.364678993978	33.0372765179043
0.598	-156.259120204867	308.423114835631	-34.0238734435168
0.599	-106.639226436562	298.282326277517	-133.061638657052
0.6	-48.9411049708082	254.082962003092	-208.580242305996
0.601	11.9868814783153	183.855286252446	-283.0696910488
0.602	87.9376538645679	122.903114260915	-290.253296177353
0.603	163.134967445161	73.1286446909002	-231.831725232238
0.604	211.664600201483	9.7420748002951	-199.760209730595
0.605	237.791549088995	-61.9416446214421	-150.37321809938
0.606	249.644222019315	-140.741390024628	-92.099618033112
0.607	218.498833911171	-232.713089980006	-32.7147928200608
0.608	161.909313585691	-287.201087409249	41.8741751307721
0.609	106.732153165309	-292.026601985425	132.194950321762
0.61	48.2858999740832	-250.222094029025	204.258229495955
0.611	-14.7624597278821	-187.427319064181	276.364126529144
0.612	-94.0002128122123	-125.736797268937	288.564852746666
0.613	-162.808810933674	-73.418239761073	238.04073341995
0.614	-211.3654182213	-10.1110139355953	200.945647178693
0.615	-237.949572400536	59.7164031485484	151.038225346957
0.616	-254.921767223646	140.199825998332	92.8756437015344
0.617	-219.75531312424	214.646664973956	33.0296346325978
0.618	-156.325943359166	308.173348513162	-34.1936294150513
0.619	-106.6483972125	298.194732525928	-133.089253287478
0.62	-48.9259176111931	254.071486864794	-208.520320557174
0.621	12.0078896840104	183.921341789095	-283.048671973553
0.622	88.034937001479	122.960458963765	-290.236563627543
0.623	163.112464692564	73.1580311783314	-231.925382240994
0.624	211.701355003323	9.78166256675483	-199.8124297676
0.625	237.821790378252	-61.8787899702005	-150.391576195604
0.626	249.736891232255	-140.768900882321	-92.1099002968272
0.627	218.493559150044	-232.557408293701	-32.7118069473655
0.628	161.81641408453	-287.526921978107	41.7770886427148
0.629	106.735380797875	-292.101514939287	132.253947074253
0.63	48.2971250485029	-250.31359824507	204.330875651364
0.631	-14.6956535582001	-187.393303307998	276.538917294057
0.632	-93.9499175706416	-125.701144339919	288.602980743874
0.633	-162.787108676737	-73.4291806699002	237.964083209215
0.634	-211.369020125885	-10.1210769002864	200.984401958844
0.635	-237.968025264747	59.7222820642785	151.022434619531
0.636	-254.952000560241	140.22215789381	92.8388899755579
0.637	-219.65588925653	214.919932700405	33.0210729458761
0.638	-156.391789284662	307.91614812022	-34.3591378532412
0.639	-106.6549338481	298.121036440979	-133.110359398069
0.64	-48.9112732302493	254.067071038733	-208.467041853694
0.641	12.0283600673186	183.978547799903	-283.022181383634
0.642	88.1315789295244	123.015528695162	-290.217306949445
0.643	163.088026728214	73.186472642357	-232.014279095818
0.644	211.72579955565	9.81994649283158	-199.857365620338
0.645	237.859645349055	-61.8188341812292	-150.418464511709
0.646	249.828729169594	-140.795383785066	-92.1199280715024
0.647	218.487607724176	-232.403965107578	-32.7087204093262
0.648	161.729607938037	-287.829717645907	41.6856515067381
0.649	106.734886402736	-292.185313738654	132.307663368269
0.65	48.3073368029157	-250.400250393281	204.400466501315
0.651	-14.630447658978	-187.360791770896	276.709031219095
0.652	-93.9003130211268	-125.666826571557	288.635503662678
0.653	-162.767426496618	-73.4397993568494	237.8869746401
0.654	-211.373897870718	-10.13023096723	201.027566971076
0.655	-237.983825574859	59.7288524570193	151.004902270462
0.656	-254.976899313378	140.243518772732	92.8040930948194
0.657	-219.561382230665	215.180316419587	33.0113568392966
0.658	-156.456859803583	307.67425676843	-34.5168302420066
0.659	-106.661533626118	298.046599378005	-133.130444773753
0.66	-48.9003883433293	254.041745820942	-208.413784525921
0.661	12.051209814658	184.051956975447	-282.994595135586
0.662	88.2214170711287	123.065811671218	-290.211824056351
0.663	163.068175467235	73.2152791498152	-232.090831592883
0.664	211.745902380147	9.8576694211856	-199.890282655525
0.665	237.898887625291	-61.7616001310499	-150.45224474979
0.666	249.918527635498	-140.820745315971	-92.1283580298131
0.667	218.48084416247	-232.251648669169	-32.7054717038981
0.668	161.64490680399	-288.103035225921	41.6009001917368
0.669	106.734549116177	-292.287924139287	132.354890678595
0.67	48.3168558538651	-250.480818290859	204.466856831842
0.671	-14.5669829219655	-187.329417172941	276.87274059407
0.672	-93.851494547035	-125.634487321201	288.664529647545
0.673	-162.749594837791	-73.4501667092523	237.809543384727
0.674	-211.379120424095	-10.138542557933	201.07290514057
0.675	-237.997636913583	59.7360672385722	150.988022551491
0.676	-254.996921831243	140.264509521493	92.7712740337232
0.677	-219.469368574749	215.429339751002	33.0009709000785
0.678	-156.52224970345	307.455168396868	-34.6660633859606
0.679	-106.669258905218	297.962792949186	-133.148045817565
0.68	-48.8915123907491	254.003115809883	-208.361425198289
0.681	12.074438839109	184.133625379622	-282.969511989529
0.682	88.3041279906832	123.110429201636	-290.219721434123
0.683	163.052965332286	73.2457693414736	-232.14999803709
0.684	211.785300051432	9.89450474083386	-199.94267582992
0.685	237.913077996036	-61.7070946850676	-150.462444267103
0.686	250.00964473436	-140.8450266258	-92.1384369891572
0.687	218.476061199346	-232.101680125864	-32.7021874267612
0.688000000000001	161.564130162449	-288.367856177901	41.5189002404661
0.689000000000001	106.729646781602	-292.387145892308	132.3993370183
0.690000000000001	48.3259177411701	-250.556178381436	204.530369518917
0.691000000000001	-14.5046113049092	-187.299551954853	277.035678817424
0.692000000000001	-93.8037225048379	-125.602468200163	288.685704067712
0.693000000000001	-162.733544880886	-73.4600380532938	237.734812244659
0.694000000000001	-211.386706237202	-10.1462794751571	201.121156108502
0.695000000000001	-238.007689443194	59.7437353430641	150.967168634179
0.696000000000001	-255.011498951572	140.284743048811	92.740496773603
0.697000000000001	-219.386272432144	215.675496563082	32.9901382665976
0.698000000000001	-156.577393581956	307.283635040857	-34.8004929815193
0.699000000000001	-106.682041597338	297.840995864868	-133.171678521538
0.700000000000001	-48.8839034204168	253.959182188012	-208.31167385382
0.701000000000001	12.0966319598426	184.210239013335	-282.943406371775
0.702000000000001	88.3797204642057	123.151331567407	-290.237423538415
0.703000000000001	163.043626526261	73.277004825591	-232.194286660196
0.704000000000001	211.823308825963	9.93009935224098	-199.996022458492
0.705000000000001	237.923643579098	-61.6547754970263	-150.471528868275
0.706000000000001	250.100606140923	-140.868528712115	-92.1483722679596
0.707000000000001	218.279546735254	-231.93940400644	-32.6911474881758
0.708000000000001	161.665002976123	-288.62159036289	41.4258362396483
0.709000000000001	106.736658224621	-292.511339799309	132.4470624081
0.710000000000001	48.3346008834082	-250.621662903682	204.592433626281
0.711000000000001	-14.4436687692187	-187.265240409309	277.193961374939
0.712000000000001	-93.7571697573989	-125.571654147299	288.703543141279
0.713000000000001	-162.71921117323	-73.4695560112719	237.659953979161
0.714000000000001	-211.3947697496	-10.1535356238499	201.168705678061
0.715000000000001	-238.016429088677	59.7522922303533	150.94718410808
0.716000000000001	-255.020794692122	140.304880747111	92.7119996749982
0.717000000000001	-219.311200102323	215.914223261317	32.9784367214505
0.718000000000001	-156.634940844278	307.083182965488	-34.9360278648742
0.719000000000001	-106.688352832459	297.757991203336	-133.186456218508
0.720000000000001	-48.8777938000735	253.907557253568	-208.260972250921
0.721000000000001	12.1187695405786	184.290413513932	-282.918166325865
0.722000000000001	88.4579517461441	123.194956792191	-290.219423631983
0.723000000000001	163.031030135588	73.3013467091078	-232.276765019405
0.724000000000001	211.856942690015	9.96413425857323	-200.042787428582
0.725000000000001	237.93283280712	-61.6048165553645	-150.480916160567
0.726000000000001	250.190643293229	-140.890288785797	-92.1581546764112
0.727000000000001	218.455725649763	-231.791993125102	-32.694459251739
0.728000000000001	161.411797475662	-288.891784303258	41.3599644055122
0.729000000000001	106.726516037929	-292.573329894393	132.482956427332
0.730000000000001	48.3424409284043	-250.696561672064	204.651422842494
0.731000000000001	-14.3848992767326	-187.239788760889	277.344202045706
0.732000000000001	-93.710575872795	-125.542550356545	288.720170581606
0.733000000000001	-162.705328600017	-73.4788272759865	237.586944472476
0.734000000000001	-211.401727405903	-10.1608846514651	201.212229722603
0.735000000000001	-238.024932957172	59.761368986971	150.93152267764
0.736000000000001	-255.023783389537	140.32382531717	92.6857694489506
0.737000000000001	-219.242750743336	216.151501198975	32.966734446409
0.738000000000001	-156.695182724842	306.860634861719	-35.0712092641784
0.739000000000001	-106.691157635967	297.701720204108	-133.198349561427
0.740000000000001	-48.8689265372549	253.873389853697	-208.206560839454
0.741000000000001	12.136832101082	184.34922539332	-282.899377483314
0.742000000000001	88.5456457292941	123.244998610639	-290.132658918178
0.743000000000001	163.008285841072	73.3158186316054	-232.426398610056
0.744000000000001	211.882912199393	9.99765687392495	-200.077051662472
0.745000000000001	237.947719217116	-61.5574993349527	-150.497176696306
0.746000000000001	250.279527559822	-140.911000300904	-92.1662971371546
0.747000000000001	218.443996060649	-231.640440175767	-32.6906657289187
0.748000000000001	161.340078067156	-289.147078190545	41.2831477393958
0.749000000000001	106.723947252161	-292.653609221935	132.522932427809
0.750000000000001	48.3495043608234	-250.767008209705	204.709518791836
0.751000000000001	-14.3277833202275	-187.207733680232	277.487948592778
0.752000000000001	-93.6648009689148	-125.515111299928	288.7357770209
0.753000000000001	-162.692461474324	-73.4873183022718	237.517091724488
0.754000000000001	-211.407721085862	-10.1686376805709	201.248055614361
0.755000000000001	-238.033926724275	59.7711968202051	150.920773789816
0.756000000000001	-255.022451552879	140.342348834005	92.661361926856
0.757000000000001	-219.184969872473	216.389026762978	32.9548978571877
0.758000000000001	-156.749542964094	306.641765040996	-35.2007988466247
0.759000000000001	-106.691775064389	297.648277039551	-133.207702519725
0.760000000000001	-48.8640334692871	253.817481540004	-208.158686871751
0.761000000000001	12.1563181713205	184.421087110504	-282.877482911873
0.762000000000001	88.6213851657929	123.283352387845	-290.099440844751
0.763000000000001	162.996961853833	73.3371496316813	-232.516823498585
0.764000000000001	211.904047053529	10.0302796697384	-200.110125807382
0.765000000000001	237.96348499507	-61.5122729389928	-150.516266610115
0.766000000000001	250.367537035501	-140.929921613074	-92.1730049619984
0.767000000000001	218.430117724435	-231.489661529896	-32.6871272331747
0.768000000000001	161.271029566236	-289.394725790179	41.2083792157015
0.769000000000001	106.722087853643	-292.732489714657	132.561068181208
0.770000000000001	48.3561625467201	-250.835050615221	204.766127270903
0.771000000000001	-14.2724678155057	-187.17619515551	277.627474771232
0.772000000000001	-93.6194155112907	-125.487901947923	288.749692650487
0.773000000000001	-162.680703346275	-73.4952734799956	237.449844066532
0.774000000000001	-211.413558748871	-10.176695870206	201.277898392075
0.775000000000001	-238.042888327654	59.7816464234898	150.912774812084
0.776000000000001	-255.01681320024	140.360668488803	92.6385507049161
0.777000000000001	-219.126824778139	216.618339103257	32.9432514629843
0.778000000000001	-156.808490490889	306.426113038879	-35.3265868576856
0.779000000000001	-106.696656783361	297.567319506995	-133.214215731528
0.780000000000001	-48.8545199057288	253.799686878914	-208.115542258756
0.781000000000001	12.1753190411936	184.48476337549	-282.850465764054
0.782000000000001	88.6908336253505	123.317093662437	-290.095618970209
0.783000000000001	162.989460418352	73.3605733164925	-232.575114297437
0.784000000000001	211.919611299123	10.0617245492608	-200.138315444694
0.785000000000001	237.982321641366	-61.4694616617896	-150.541078913804
0.786000000000001	250.455434798331	-140.947263076161	-92.1791464433678
0.787000000000001	218.412391053548	-231.331075222214	-32.6828142370725
0.788000000000001	161.20763714519	-289.645880017964	41.1348507344033
0.789000000000001	106.719780048227	-292.805637336514	132.597318042905
0.790000000000001	48.3621480132703	-250.90321999801	204.821386354955
0.791000000000001	-14.2193803108663	-187.144672491663	277.759263413386
0.792000000000001	-93.5741570320188	-125.461848992344	288.764232523357
0.793000000000001	-162.67001176819	-73.5029511660872	237.382758760436
0.794000000000001	-211.418971403591	-10.1845609984133	201.305427275695
0.795000000000001	-238.051914625449	59.7926465627145	150.907352483605
0.796000000000001	-255.006240898384	140.378694116223	92.6175172077271
0.797000000000001	-219.079453559492	216.833383419782	32.9296938182325
0.798000000000001	-156.860941648607	306.233424095575	-35.44413517387
0.799000000000001	-106.702436398876	297.469895785086	-133.223095915237
0.800000000000001	-48.8448615995222	253.791229745992	-208.075029461388
0.801000000000001	12.1939973701489	184.54523091419	-282.82173721618
0.802000000000001	88.7588948313192	123.348118499442	-290.090770010353
0.803000000000001	162.982211107528	73.3840837753003	-232.62322169106
0.804000000000001	211.930234479322	10.0906949521024	-200.173207337768
0.805000000000001	238.002994432862	-61.4285136443342	-150.566190386155
0.806000000000001	250.542877335826	-140.962922382028	-92.1844248022342
0.807000000000001	218.396752178239	-231.180049645032	-32.6790953448641
0.808000000000001	161.143372052213	-289.885729336622	41.0633686367869
0.809000000000001	106.717187240524	-292.873912011075	132.632375794215
0.810000000000001	48.3677717801376	-250.969630030932	204.874961588022
0.811000000000001	-14.1685518757165	-187.11436995188	277.88522517431
0.812000000000001	-93.5291749411461	-125.436512772406	288.778533376022
0.813000000000001	-162.66015446453	-73.5102242566631	237.315992064806
0.814000000000001	-211.423589426642	-10.1923297807884	201.330089661752
0.815000000000001	-238.061498545534	59.8041092356387	150.904968972567
0.816000000000001	-254.991852888397	140.39639683704	92.5978783597473
0.817000000000001	-219.037012887861	217.046995932512	32.916551214584
0.818000000000001	-156.914803891056	306.019827962536	-35.5620328124979
0.819000000000001	-106.703062505206	297.408529301867	-133.227537467827
0.820000000000001	-48.8364814950182	253.772556749253	-208.033302676533
0.821000000000001	12.2116419384538	184.599556942884	-282.793604349409
0.822000000000001	88.8237483331204	123.37846421904	-290.085570100858
0.823000000000001	162.97566330025	73.4048658291516	-232.67958688595
0.824000000000001	211.947584383943	10.1194831564509	-200.2075588925
0.825000000000001	238.01452896482	-61.3892342227966	-150.580909557119
0.826000000000001	250.629780799899	-140.976853215358	-92.1894249802644
0.827000000000001	218.380398623668	-231.032969701305	-32.6758565858046
0.828000000000001	161.078208705285	-290.121673607456	40.9926842190224
0.829000000000001	106.7176967136	-292.935151518172	132.667176124327
0.830000000000001	48.3731296617159	-251.033899635014	204.92690476676
0.831000000000001	-14.119872581927	-187.084626123846	278.005885239723
0.832000000000001	-93.4844212455422	-125.411803745802	288.79172854659
0.833000000000001	-162.651059204824	-73.5170038595738	237.25098954962
0.834000000000001	-211.428226290598	-10.1999120826022	201.353384642003
0.835000000000001	-238.070668024242	59.8158202463134	150.903128661947
0.836000000000001	-254.974278481212	140.413724871155	92.5798335233105
0.837000000000001	-218.993273676437	217.251520295869	32.9036472583019
0.838000000000001	-156.976211144261	305.782649914893	-35.6821334024549
0.839000000000001	-106.698959545424	297.389435975248	-133.22357220032
0.840000000000001	-48.82926125499	253.747241295555	-207.993704544081
0.841000000000001	12.2287504366102	184.647507751799	-282.7631034677
0.842000000000001	88.8861791040716	123.408025462788	-290.093245142227
0.843000000000001	162.970219993681	73.4256019098027	-232.725257239226
0.844000000000001	211.938150302762	10.130896043983	-200.219459001035
0.845000000000001	238.029033293377	-61.3377171789737	-150.594483427106
0.846000000000001	250.736469338538	-140.987312306865	-92.2159552135177
0.847000000000001	218.362567380665	-230.883754157989	-32.6719269633031
0.848000000000001	161.016248497984	-290.359159680108	40.9231264368671
0.849000000000001	106.717841990326	-292.991004774776	132.701117605319
0.850000000000001	48.3784014371061	-251.09504664441	204.9777292653
0.851000000000001	-14.0734438071327	-187.055861980638	278.122327238091
0.852000000000001	-93.4394797681326	-125.386992587494	288.805702956166
0.853000000000001	-162.643255308199	-73.5237697747129	237.185457696315
0.854000000000001	-211.433249159141	-10.2073027928371	201.376056459466
0.855000000000001	-238.079147994846	59.827653431534	150.900662899482
0.856000000000001	-254.953825456509	140.430553080367	92.5631694447093
0.857000000000001	-218.958007769256	217.454891836641	32.8908561499884
0.858000000000001	-157.021804691745	305.610842232391	-35.784979284654
0.859000000000001	-106.705960557069	297.29398809972	-133.232503158632
0.860000000000001	-48.8214012534135	253.731873537037	-207.95457945922
0.861000000000001	12.2459237952401	184.695494196636	-282.73130930468
0.862000000000001	88.9469671253631	123.436913410884	-290.099588641139
0.863000000000001	162.965294847389	73.4453463556785	-232.76851892971
0.864000000000001	212.001446837838	10.1719964853593	-200.306417553212
0.865000000000001	238.007616578023	-61.3151112970809	-150.573062249052
0.866000000000001	250.803451935565	-141.000161116904	-92.2000509755431
0.867000000000001	218.344239261699	-230.73750895593	-32.6692390474069
0.868000000000001	160.954910133139	-290.58856545805	40.8550275083814
0.869000000000001	106.719337814923	-293.043320920499	132.732700491691
0.870000000000001	48.3833619631928	-251.155202105286	205.026695669
0.871000000000001	-14.0295392903508	-187.027806597075	278.230222518045
0.872000000000001	-93.3939859003801	-125.363862632375	288.822736212653
0.873000000000001	-162.636251770451	-73.5299319546792	237.123055452944
0.874000000000001	-211.438469834676	-10.2146431977689	201.396715707301
0.875000000000001	-238.087114315079	59.8395045370917	150.898157285493
0.876000000000001	-254.933269890726	140.446593077446	92.5473433945202
0.877000000000001	-218.918615277934	217.649402121527	32.8786073650174
0.878000000000001	-157.076508833385	305.420258037835	-35.8900624691376
0.879000000000001	-106.705983724572	297.243762086033	-133.235959103831
0.880000000000001	-48.8143625735738	253.708891065661	-207.916741336278
0.881000000000001	12.2614801444321	184.733503740015	-282.699243735055
0.882000000000001	89.0054596781512	123.465090549233	-290.098472144745
0.883000000000001	162.961013541845	73.4626921740671	-232.819716373091
0.884000000000001	212.048883106185	10.1956424711498	-200.381579092812
0.885000000000001	237.980968146578	-61.2801060687548	-150.541137164542
0.886000000000001	250.887632793766	-141.009486029693	-92.2029643536643
0.887000000000001	218.320213491276	-230.582875076194	-32.6656549670118
0.888000000000001	160.9007058523	-290.820611489966	40.7884905962234
0.889000000000001	106.721550350908	-293.094355304274	132.762679370602
0.890000000000001	48.3880477002198	-251.214013680353	205.074631555283
0.891000000000001	-13.9878988661453	-187.001130376814	278.332780829647
0.892000000000001	-93.3484928036545	-125.341155974209	288.83943548967
0.893000000000001	-162.629955085957	-73.5356082336808	237.062391957097
0.894000000000001	-211.443712931341	-10.2217891364856	201.416180648624
0.895000000000001	-238.09522368114	59.8514358912822	150.896340027329
0.896000000000001	-254.911364198213	140.462229845124	92.5322740924084
0.897000000000001	-218.881440408321	217.834494098557	32.8660981668641
0.898000000000001	-157.13023549005	305.238443098121	-35.9909690915674
0.899000000000001	-106.704649175467	297.20021222044	-133.238060159343
0.900000000000001	-48.8091287133585	253.677899417772	-207.8812279709
0.901000000000001	12.2772827691197	184.772187865172	-282.665923434873
0.902000000000001	89.0628448097543	123.493090035374	-290.09582818778
0.903000000000001	162.956600203232	73.4783199707125	-232.872603386124
0.904000000000001	212.083031188068	10.2179560101957	-200.442853145981
0.905000000000001	237.964992918603	-61.2462004842171	-150.520313604081
0.906000000000001	250.970793143086	-141.017606887367	-92.2056751482205
0.907000000000001	218.296977331948	-230.428649092102	-32.6618616051612
0.908000000000001	160.848090603281	-291.049017603386	40.7233709159522
0.909000000000001	106.722906258201	-293.147146677939	132.791865222149
0.910000000000001	48.3929351924223	-251.267483151636	205.120674681734
0.911000000000001	-13.9483444459764	-186.974941325539	278.430752095437
0.912000000000001	-93.3033133118425	-125.318868088693	288.853879391268
0.913000000000001	-162.623983677764	-73.5405648622223	237.005247178396
0.914000000000001	-211.448915166259	-10.2287788629466	201.434291313793
0.915000000000001	-238.103056057532	59.8633915318596	150.894784711809
0.916000000000001	-254.888665112862	140.477346491752	92.5182599619915
0.917000000000001	-218.847043168453	218.01512810486	32.8539229731883
0.918000000000001	-157.178675392663	305.081814963328	-36.0842744223208
0.919000000000001	-106.708406891396	297.120967019368	-133.241980371103
0.920000000000001	-48.8015322905309	253.668173301919	-207.84961252667
0.921000000000001	12.2920426912023	184.804135623016	-282.631471795559
0.922000000000001	89.1185227050739	123.519267215594	-290.095793742096
0.923000000000001	162.952536734606	73.4933094991345	-232.921434002338
0.924000000000001	212.10013399281	10.239104087837	-200.484855553348
0.925000000000001	237.963734310336	-61.2133958206063	-150.517553024385
0.926000000000001	251.052989983754	-141.024781813776	-92.2079420680166
0.927000000000001	218.280061588592	-230.288752411617	-32.659054361487
0.928000000000001	160.792779907606	-291.26184433453	40.6607221363519
0.929000000000001	106.722332230853	-293.195138907096	132.820060954439
0.930000000000001	48.3976687505692	-251.31914876242	205.165153946957
0.931000000000001	-13.9110955904098	-186.950384735613	278.523292331007
0.932000000000001	-93.2581212682601	-125.296880723341	288.86903424312
0.933000000000001	-162.618589646279	-73.5450971086086	236.949886728507
0.934000000000001	-211.454538515786	-10.235590430154	201.451997549154
0.935000000000001	-238.110344067539	59.8752158700535	150.892444312041
0.936000000000001	-254.86516972255	140.492065233322	92.5050926880381
0.937000000000001	-218.814516489553	218.193460255706	32.8425298355312
0.938000000000001	-157.227091997117	304.919817259984	-36.1760645672654
0.939000000000001	-106.708513223196	297.065860137678	-133.244568727193
0.940000000000001	-48.7970946078651	253.637736144212	-207.817055079034
0.941000000000001	12.3072786472509	184.838742325232	-282.596818359301
0.942000000000001	89.1726346970999	123.545554630195	-290.097876988381
0.943000000000001	162.948604142986	73.5077066980758	-232.965746170928
0.944000000000001	212.11321163676	10.258360496477	-200.527157209886
0.945000000000001	237.965109716047	-61.1815904450168	-150.51586555235
0.946000000000001	251.133356293681	-141.030910265622	-92.2092820393001
0.947000000000001	218.26715746465	-230.167113989907	-32.6579909346424
0.948000000000001	160.734916821851	-291.452502591594	40.6013963158957
0.949000000000001	106.721772232092	-293.241957156698	132.847131109894
0.950000000000001	48.4023140379867	-251.368737388685	205.207923301413
0.951000000000001	-13.8756770135646	-186.927104700743	278.612360039422
0.952000000000001	-93.2128133956432	-125.274677044868	288.885486042381
0.953000000000001	-162.614029306273	-73.5495839204757	236.894434495008
0.954000000000001	-211.460462927702	-10.2423220221871	201.468560117935
0.955000000000001	-238.11738820554	59.8868060975877	150.889716327186
0.956000000000001	-254.841523595274	140.5063764028	92.4926660156087
0.957000000000001	-218.7810237301	218.365324302368	32.8317024867045
0.958000000000001	-157.275420546446	304.767033421841	-36.2640267338541
0.959000000000001	-106.708868631082	297.012577145089	-133.248278998231
0.960000000000001	-48.7932413432033	253.603462565229	-207.783522069806
0.961000000000001	12.3220593182253	184.87239374429	-282.563101464383
0.962000000000001	89.2257421556393	123.570663053191	-290.101502872041
0.963000000000001	162.944856217006	73.5218467820786	-233.002929985706
0.964000000000001	212.119263188859	10.2758817084888	-200.567070316503
0.965000000000001	237.971581382408	-61.150900277679	-150.519987302869
0.966000000000001	251.212269877611	-141.03603102811	-92.2099857990711
0.967000000000001	218.25078774509	-230.030996710433	-32.6553274814144
0.968000000000001	160.679828880537	-291.653979537079	40.5419204442238
0.969000000000001	106.72398941009	-293.28723986932	132.873014139958
0.970000000000001	48.4067187559152	-251.41615423936	205.249145940543
0.971000000000001	-13.9029125971678	-186.79591845794	278.444998353861
0.972000000000001	-93.0978353656415	-125.369873997881	289.201796255297
0.973000000000001	-162.620053587122	-73.5598744190932	236.778487718143
0.974000000000001	-211.466431585616	-10.2454253495738	201.489301019122
0.975000000000001	-238.126012177309	59.8998557896376	150.891015680232
0.976000000000001	-254.81804809122	140.521340506329	92.4814576523231
0.977000000000001	-218.751054343084	218.536520493732	32.8217623716192
0.978000000000001	-157.31680349209	304.629357389492	-36.3469479870081
0.979000000000001	-106.711636376359	296.95000681256	-133.255342841781
0.980000000000001	-48.7902115602559	253.564909828677	-207.751825077736
0.981000000000001	12.3371788570871	184.906438085794	-282.526192194549
0.982000000000001	89.2792819029238	123.596210687141	-290.099886589578
0.983000000000001	162.939582560377	73.5342567149103	-233.046776991846
0.984000000000001	212.122119197178	10.2925622419122	-200.602155121717
0.985000000000001	237.97886418944	-61.1210120497023	-150.524403469404
0.986000000000001	251.290642633932	-141.040112951232	-92.2110109398876
0.987000000000001	218.223586688826	-229.868883198187	-32.649970472641
0.988000000000001	160.639726528918	-291.881488180604	40.4811701519057
0.989000000000001	106.724219375591	-293.328029614368	132.89693563494
0.990000000000001	48.4109812295697	-251.460877379447	205.288690516329
0.991000000000001	-13.8692208396008	-186.774143859435	278.531380797481
0.992000000000001	-93.0536157495529	-125.348940214917	289.216391549564
0.993000000000001	-162.617517222933	-73.5642552446746	236.722782903948
0.994000000000001	-211.473073445946	-10.2512824897365	201.507161338604
0.995000000000001	-238.132019866353	59.9110727006131	150.886869671507
0.996000000000001	-254.795286447935	140.535184240229	92.4707002261909
0.997000000000001	-218.72231192397	218.701492131298	32.812007554443
0.998000000000001	-157.355874828314	304.506016869717	-36.4242843830869
0.999000000000001	-106.716414134249	296.869534341625	-133.262347320498
1	-48.7858014976513	253.536977655995	-207.7202144626
1.001	12.3512583719049	184.939111727986	-282.493787066022
1.002	89.332072415858	123.620990121686	-290.090308764583
1.003	162.933488219227	73.5444840815364	-233.095302455348
1.004	212.126910793484	10.3078356537665	-200.639361432004
1.005	237.983600895704	-61.0922351783391	-150.525816161582
1.006	251.36682782381	-141.043237353588	-92.2119310412847
1.007	218.210483196686	-229.749238007756	-32.6485928806215
1.008	160.586189581214	-292.069891220051	40.4240687053985
1.009	106.72537899262	-293.358801394275	132.922458816768
1.01	48.4150263997225	-251.506330533146	205.326992393742
1.011	-13.8370499057112	-186.753160610093	278.612888528909
1.012	-93.0105074449612	-125.329067816973	289.229523336735
1.013	-162.61524756942	-73.5681891593277	236.670358658757
1.014	-211.479418567248	-10.2571656499364	201.523074318878
1.015	-238.13787789538	59.9219938358658	150.882769463121
1.016	-254.772186783168	140.548699443253	92.4605544993157
1.017	-218.694687081921	218.861223544259	32.8025947999551
1.018	-157.395769108066	304.372629217291	-36.5013835669573
1.019	-106.719800493635	296.801651486605	-133.264926689056
1.02	-48.7818584122132	253.507768274234	-207.689165955246
1.021	12.3658154056333	184.975548832702	-282.462233171691
1.022	89.3824814521497	123.64505369062	-290.081402167108
1.023	162.928101456159	73.5535376806178	-233.145355024444
1.024	212.130892496528	10.322229571892	-200.673117115866
1.025	237.988991557534	-61.0645674208028	-150.527245599275
1.026	251.440268405103	-141.045673786115	-92.2123055777492
1.027	218.19366135282	-229.624944241724	-32.6470249273021
1.028	160.533366253877	-292.266754506362	40.3666229679799
1.029	106.731981845792	-293.381025232895	132.948309021816
1.03	48.4186910687694	-251.551826708397	205.364408812764
1.031	-13.8060419122347	-186.731839405104	278.691085717218
1.032	-92.9682546712076	-125.309927701838	289.241322431916
1.033	-162.613444445516	-73.5717150648487	236.620715259486
1.034	-211.485713392013	-10.2629604012859	201.537415695043
1.035	-238.143567384611	59.9327211862724	150.878563813645
1.036	-254.750036338722	140.56166252617	92.4508574400331
1.037	-218.668025647784	219.016637170125	32.7936359415107
1.038	-157.435331511786	304.235454598363	-36.5771527340099
1.039	-106.722084505505	296.738927336371	-133.265280381461
1.04	-48.7773619868326	253.48292433952	-207.658432543696
1.041	12.3799188074022	185.010733297561	-282.431889405261
1.042	89.4315610023064	123.667696527181	-290.076175995295
1.043	162.922751807945	73.5625107295688	-233.189780287252
1.044	212.134275254258	10.335431647802	-200.707119824343
1.045	237.994237070064	-61.0378718838015	-150.527871573092
1.046	251.511260571136	-141.047590039939	-92.2124987440914
1.047	218.171493164932	-229.483666177797	-32.643714277652
1.048	160.434714839595	-293.066873002888	40.917937445091
1.049	106.765434923929	-292.92383543342	132.306528822093
1.05	48.4447347640912	-251.441496623742	205.416698141356
1.051	-13.7271272336958	-186.866434063226	279.012977445831
1.05199999999999	-92.99141395684	-125.178666776348	288.983246223307
1.05299999999999	-162.59688216484	-73.5666241527311	236.646109357151
1.05399999999999	-211.49118897914	-10.2733477284337	201.536556141885
1.05499999999999	-238.146972887929	59.9413126278295	150.87305741321
1.05599999999999	-254.726856741196	140.572485324584	92.4421914091305
1.05699999999999	-218.643377038602	219.161091168511	32.7845921702706
1.05799999999999	-157.474278569713	304.111164000667	-36.6455076285908
1.05899999999999	-106.724441848306	296.670906297071	-133.262116376242
1.05999999999999	-48.772743387084	253.45997046127	-207.628387558986
1.06099999999999	12.3934979700163	185.048185845153	-282.405834110591
1.06199999999999	89.4768355000877	123.686176987587	-290.079378357887
1.06299999999999	162.919273887352	73.5723444204001	-233.224146990962
1.06399999999999	212.134635848775	10.3479349756735	-200.737284502823
1.06499999999999	238.003540120252	-61.0124885800176	-150.53191262377
1.06599999999999	251.581262027263	-141.049663327282	-92.2121315937442
1.06699999999999	218.156230122743	-229.358969239369	-32.6416224394636
1.06799999999999	160.390159352891	-293.239023015703	40.867614521193
1.06899999999999	106.764424581766	-292.969702522735	132.329477417251
1.06999999999999	48.4488479524872	-251.478172759122	205.450935740621
1.07099999999999	-13.7010267627293	-186.847438096674	279.081878152995
1.07199999999999	-92.950024100563	-125.159113112432	288.994655511609
1.07299999999999	-162.594469018588	-73.5695136415013	236.601833155891
1.07399999999999	-211.497413893019	-10.2792021776794	201.546569503281
1.07499999999999	-238.152060641325	59.9515651853976	150.869035497351
1.07599999999999	-254.704525952838	140.584594320729	92.433621462281
1.07699999999999	-218.619015542922	219.305777872312	32.7762248719258
1.07799999999999	-157.511881020802	303.981452043741	-36.7153711672719
1.07899999999999	-106.726663363283	296.610855450391	-133.259956226253
1.07999999999999	-48.768322218238	253.437966871136	-207.600215329806
1.08099999999999	12.4068022294292	185.083009674063	-282.379166779776
1.08199999999999	89.5227758435156	123.704805932656	-290.074205886399
1.08299999999999	162.914504657009	73.5809384458762	-233.26194441541
1.08399999999999	212.132735576889	10.3592805908767	-200.766524644442
1.08499999999999	238.012790759321	-60.987780475654	-150.53645112123
1.08599999999999	251.648072891494	-141.05066073591	-92.2123906825804
1.08699999999999	218.144881645767	-229.244625170588	-32.6403520740095
1.08799999999999	160.345128269951	-293.395972302831	40.8186392325709
1.08899999999999	106.761153524885	-293.036063604226	132.351631746787
1.08999999999999	48.4553425772245	-251.493754100635	205.482381980716
1.09099999999999	-13.6757565164124	-186.829508393934	279.149033283728
1.09199999999999	-92.908755590723	-125.139653525489	289.007458565437
1.09299999999999	-162.592425178204	-73.5720341445963	236.558721974877
1.09399999999999	-211.504035549935	-10.2849357236393	201.555146610845
1.09499999999999	-238.156989332478	59.9616777279692	150.864732398918
1.09599999999999	-254.683344955827	140.596477076771	92.4253912642335
1.09699999999999	-218.596750562737	219.448422533171	32.7683193418551
1.09799999999999	-157.548940643579	303.834871131685	-36.7869410853341
1.09899999999999	-106.727680139275	296.562348896684	-133.254468828922
1.09999999999999	-48.7625091330968	253.426400221984	-207.572998874498
1.10099999999999	12.4198434423064	185.11457469883	-282.351259176564
1.10199999999999	89.5667717419555	123.724092044937	-290.06688435743
1.10299999999999	162.911132125128	73.589179454464	-233.296274264803
1.10399999999999	212.13121490652	10.3688014576221	-200.802088084045
1.10499999999999	238.019816950367	-60.9639871887598	-150.538852155222
1.10599999999999	251.712040664699	-141.051189471836	-92.2128827425134
1.10699999999999	218.133789964635	-229.131325644561	-32.6390115145372
1.10799999999999	160.302610915523	-293.550584798553	40.7704627541753
1.10899999999999	106.755534772183	-293.120207210286	132.374438828975
1.10999999999999	48.4641497820983	-251.488008459256	205.511257277102
1.11099999999999	-13.6512482135451	-186.811866936573	279.214209591153
1.11199999999999	-92.8678521406447	-125.120456168608	289.020636120256
1.11299999999999	-162.59092906593	-73.5745593970708	236.516138416455
1.11399999999999	-211.510782325064	-10.2905634301439	201.56290883166
1.11499999999999	-238.161569919851	59.9715073746759	150.860250722115
1.11599999999999	-254.66283029034	140.607882486053	92.4175521836028
1.11699999999999	-218.572137428481	219.584299830371	32.7608310819052
1.11799999999999	-157.588512712052	303.693326542795	-36.8563527391753
1.11899999999999	-106.727694834331	296.520101165389	-133.248078430739
1.11999999999999	-48.7570551347327	253.412834241731	-207.546957799806
1.12099999999999	12.4326178237306	185.14340657385	-282.322291001
1.12199999999999	89.6118345043749	123.74494426359	-290.049856974937
1.12299999999999	162.904845425917	73.5944021309952	-233.345898893
1.12399999999999	212.129801633994	10.3782938365202	-200.831777490984
1.12499999999999	238.026589356957	-60.9410356012705	-150.54064143723
1.12599999999999	251.773605260677	-141.051371534705	-92.2135145955959
1.12699999999999	218.123103602356	-229.017252843365	-32.6373837831171
1.12799999999999	160.261226729692	-293.708027247036	40.7222354313365
1.12899999999999	106.750959352369	-293.197403016796	132.396898422441
1.12999999999999	48.4721907442792	-251.485323207427	205.539360893102
1.13099999999999	-13.6271845095882	-186.791894910768	279.277378408594
1.13199999999999	-92.8276877024458	-125.101673905452	289.0333369774
1.13299999999999	-162.589709863216	-73.576875155898	236.475253675428
1.13399999999999	-211.517556826719	-10.2960531004466	201.569688901683
1.13499999999999	-238.165862568394	59.9810827100581	150.855633963393
1.13599999999999	-254.642482806311	140.618819512093	92.4100927918433
1.13699999999999	-218.545053128007	219.715748554626	32.7540841324511
1.13799999999999	-157.631051512797	303.553307370329	-36.9245039181102
1.13899999999999	-106.7272520892	296.4808226853	-133.240650773845
1.13999999999999	-48.7517889929915	253.400436585905	-207.52241257156
1.14099999999999	12.4454173947478	185.171161513329	-282.292052184926
1.14199999999999	89.6576314238849	123.766345888862	-290.029483786302
1.14299999999998	162.895828652731	73.5969662382507	-233.409027147312
1.14399999999998	212.129133724158	10.3882619405222	-200.850820183504
1.14499999999998	238.032974627054	-60.9189107400396	-150.541708544868
1.14599999999998	251.833448297269	-141.051399376416	-92.2140455366486
1.14699999999998	218.114780586665	-228.911486541378	-32.6364594494321
1.14799999999998	160.218681383999	-293.859283582519	40.6747706234814
1.14899999999998	106.747383740947	-293.263036401024	132.41898837104
1.14999999999998	48.4792961619768	-251.488287258862	205.566926880272
1.15099999999998	-13.6038869694117	-186.771484602739	279.338034682113
1.15199999999998	-92.7883321497442	-125.0834733557	289.046072993267
1.15299999999998	-162.588853466491	-73.5792901735287	236.434409619723
1.15399999999998	-211.52409227287	-10.3011703539885	201.576812995442
1.15499999999998	-238.170031715665	59.990449876957	150.851097064011
1.15599999999998	-254.622003289969	140.629380758925	92.4029609318022
1.15699999999998	-218.519967304006	219.845557171288	32.7478591655586
1.15799999999998	-157.668919744327	303.432250012117	-36.9870704919442
1.15899999999998	-106.729476560827	296.426013086649	-133.236264640106
1.15999999999998	-48.7470953888749	253.385674175282	-207.499034630261
1.16099999999998	12.4582058035041	185.199044811317	-282.261501315247
1.16199999999998	89.7018002652766	123.786319381008	-290.019256763338
1.16299999999998	162.887777461989	73.6015472222554	-233.453434018437
1.16399999999998	212.127140799235	10.3966429948747	-200.875805297411
1.16499999999998	238.039951262394	-60.897715262282	-150.544257083146
1.16599999999998	251.891518387336	-141.05117439292	-92.214179824858
1.16699999999998	218.108193055906	-228.810328725393	-32.6357847718651
1.16799999999998	160.174821778821	-294.006663985766	40.6278961813097
1.16899999999998	106.745177517137	-293.321837828673	132.44075062912
1.16999999999998	48.4865552073417	-251.489650776324	205.59432944532
1.17099999999998	-13.5819675560717	-186.755038212052	279.396199279056
1.17199999999998	-92.7499091005702	-125.065741098454	289.057766429619
1.17299999999998	-162.588273686484	-73.5816523380175	236.394581604374
1.17399999999998	-211.530420353187	-10.3060065667555	201.5837984351
1.17499999999998	-238.174118541997	59.999647045396	150.846680020505
1.17599999999998	-254.601653475318	140.639475765259	92.3960795200872
1.17699999999998	-218.49969203879	219.975664104117	32.7420151214257
1.17799999999998	-157.704956212269	303.289479556443	-37.051721881583
1.17899999999998	-106.728142771768	296.395664027011	-133.227926170054
1.17999999999998	-48.7424563685442	253.371188045237	-207.476085653894
1.18099999999998	12.4704322893889	185.223519015593	-282.230708694981
1.18199999999998	89.7445320822529	123.806766391928	-290.007285216119
1.18299999999998	162.880632047626	73.6057092029564	-233.496430566898
1.18399999999998	212.122219822084	10.40384226423	-200.901472624129
1.18499999999998	238.048655074684	-60.8772509315255	-150.548121731863
1.18599999999998	251.94809989684	-141.050792747939	-92.2144051188832
1.18699999999998	218.100285271798	-228.7079101094	-32.6349284304416
1.18799999999998	160.133292474489	-294.156991241825	40.5811172391782
1.18899999999998	106.743752670779	-293.37465644439	132.462840238372
1.18999999999998	48.4937825495335	-251.490441873944	205.621485524362
1.19099999999998	-13.5610611164282	-186.739875496291	279.451776653565
1.19199999999998	-92.7123162525855	-125.048234965751	289.068532105086
1.19299999999998	-162.587960656562	-73.5840143644345	236.356121636625
1.19399999999998	-211.536728342346	-10.3106903192562	201.590210317147
1.19499999999998	-238.178092524423	60.0086662518045	150.842284405095
1.19599999999998	-254.581553561018	140.649176822783	92.389405157916
1.19699999999998	-218.481151620638	220.102491494136	32.7363810744186
1.19799999999998	-157.732126441071	303.199720809601	-37.1044244727294
1.19899999999998	-106.734193540281	296.312322005953	-133.229226941048
1.19999999999998	-48.737957182592	253.358519900254	-207.454127722909
1.20099999999998	12.4827190152023	185.248316453707	-282.19906347872
1.20199999999998	89.788898709657	123.829786733812	-289.984218046309
1.20299999999998	162.870305425174	73.606732169997	-233.554663143453
1.20399999999998	212.115804465646	10.4112141404291	-200.919488852191
1.20499999999998	238.059197904274	-60.8575517686254	-150.554689808333
1.20599999999998	252.002655570592	-141.050144209002	-92.2143162154486
1.20699999999998	218.09144834752	-228.602573774653	-32.6336533742236
1.20799999999998	160.094886466396	-294.302443865849	40.5361682745947
1.20899999999998	106.742489581565	-293.42850271167	132.482923391491
1.20999999999998	48.4999386238923	-251.497393049436	205.647770003125
1.21099999999998	-13.5405051426138	-186.722091406389	279.50582977083
1.21199999999998	-92.6751829438327	-125.030569975943	289.080604224098
1.21299999999998	-162.588311845847	-73.5866609828645	236.316620586144
1.21399999999998	-211.543054781901	-10.3151716736308	201.596442972625
1.21499999999998	-238.181977568051	60.0175530333873	150.837805771616
1.21599999999998	-254.561641401571	140.658445529463	92.3828854531725
1.21699999999998	-218.462143757986	220.225168529125	32.7310756660598
1.21799999999998	-157.761513318652	303.09752140101	-37.1583656650469
1.21899999999998	-106.738270027376	296.245257659144	-133.227167723474
1.21999999999998	-48.7333818529638	253.348266165212	-207.433261661168
1.22099999999998	12.4947033095523	185.271893195095	-282.167764427938
1.22199999999998	89.825120380731	123.845336000549	-289.998538895378
1.22299999999998	162.867253418697	73.6134521274748	-233.574010808901
1.22399999999998	212.109408106881	10.4181660087765	-200.937160639113
1.22499999999998	238.068898895014	-60.8385250205172	-150.560723767909
1.22599999999998	252.055516267932	-141.049263828977	-92.2144379557511
1.22699999999998	218.083578035104	-228.497879766751	-32.6322536964521
1.22799999999998	160.057033748783	-294.454014474271	40.4902696158052
1.22899999999998	106.742509725676	-293.465648922568	132.503699783618
1.22999999999998	48.5051678573847	-251.511224748409	205.674329995053
1.23099999999998	-13.5205392997524	-186.704000324546	279.558087324243
1.23199999999998	-92.6392908317682	-125.0135895735	289.089524535068
1.23299999999998	-162.588368946666	-73.588688977311	236.280818069009
1.23399999999997	-211.549342250472	-10.3195924599593	201.601452900356
1.23499999999997	-238.185945277727	60.0263039563801	150.833539749187
1.23599999999997	-254.542033577429	140.667213435163	92.3765355131094
1.23699999999997	-218.444472641705	220.34626606095	32.7261881585034
1.23799999999997	-157.792120026006	302.975480968515	-37.2147139908989
1.23899999999997	-106.739067472658	296.202645271227	-133.221331400052
1.23999999999997	-48.7289540772331	253.337692600289	-207.412383384287
1.24099999999997	12.5062006746773	185.293676022065	-282.137442106813
1.24199999999997	89.8645344214364	123.86430191056	-289.988598119174
1.24299999999997	162.860365527415	73.6163818364961	-233.613889595871
1.24399999999997	212.101117478127	10.4241749717183	-200.955279156691
1.24499999999997	238.079477124781	-60.8203320340294	-150.568131487752
1.24599999999997	252.10634891403	-141.04824256168	-92.2147275829396
1.24699999999997	218.076822490252	-228.397121038349	-32.6310288807146
1.24799999999997	160.020409256527	-294.594616199763	40.4468728149659
1.24899999999997	106.742734111487	-293.504546509608	132.52254293005
1.24999999999997	48.5101063393419	-251.526820687628	205.700979213147
1.25099999999997	-13.5012195311192	-186.686627549446	279.609381604098
1.25199999999997	-92.6041327299646	-124.996506756379	289.097802786914
1.25299999999997	-162.588617919203	-73.5906941700446	236.246113470222
1.25399999999997	-211.555463193781	-10.3240508392944	201.60426736227
1.25499999999997	-238.189996317624	60.0349062368294	150.829686506074
1.25599999999997	-254.523030506517	140.67558529949	92.3705355733575
1.25699999999997	-218.42432126079	220.463126673605	32.721820819111
1.25799999999997	-157.822131721009	302.875583034561	-37.2658669415731
1.25899999999997	-106.742258957248	296.145007509404	-133.218921149105
1.25999999999997	-48.7247384008379	253.325579609718	-207.391532453186
1.26099999999997	12.5171999210357	185.314140447367	-282.108318449297
1.26199999999997	89.9024425354568	123.882369433828	-289.979417143616
1.26299999999997	162.854148925888	73.6194904020322	-233.65245475045
1.26399999999997	212.090924038297	10.4297258260365	-200.970566599205
1.26499999999997	238.09222930993	-60.8027711769131	-150.577956466065
1.26599999999997	252.154716306153	-141.047094341362	-92.2142004555098
1.26699999999997	218.070815625714	-228.298584728406	-32.6298479102177
1.26799999999997	159.987738040245	-294.712520052036	40.4086544104798
1.26899999999997	106.740457850073	-293.55715906034	132.536599285883
1.26999999999997	48.5143867938647	-251.546359305335	205.727281359735
1.27099999999997	-13.4827740633152	-186.668893616048	279.65684829001
1.27199999999997	-92.5695423335221	-124.980233299346	289.107828532486
1.27299999999997	-162.589194579956	-73.5927442574741	236.211434443955
1.27399999999997	-211.561430094528	-10.3282142706576	201.607191079643
1.27499999999997	-238.193770370579	60.0434160691707	150.825801593505
1.27599999999997	-254.504661393873	140.683660174346	92.3649386206445
1.27699999999997	-218.402992428062	220.575910821941	32.717776931663
1.27799999999997	-157.857049947734	302.756030687711	-37.3202485547394
1.27899999999997	-106.741520073155	296.110793670559	-133.211035499065
1.27999999999997	-48.720444141009	253.314474233826	-207.371367518724
1.28099999999997	12.528094549576	185.335408235207	-282.080433297558
1.28199999999997	89.9386456333849	123.898810093479	-289.973707831692
1.28299999999997	162.848634345882	73.6228332844037	-233.686806474478
1.28399999999997	212.082082630484	10.4348475315589	-200.985553143314
1.28499999999997	238.103548872911	-60.7859375479866	-150.586830712157
1.28599999999997	252.201126744039	-141.045996434759	-92.2134782356147
1.28699999999997	218.064962755827	-228.201169136397	-32.6286208363104
1.28799999999997	159.956392571933	-294.829813110597	40.3709629745551
1.28899999999997	106.739056801822	-293.601741229705	132.550269312345
1.28999999999997	48.5178170563287	-251.571642136693	205.753457788302
1.29099999999997	-13.4648320297776	-186.649786172472	279.702043778949
1.29199999999997	-92.5354701979877	-124.964166918917	289.119278980907
1.29299999999997	-162.590099215929	-73.5949902915894	236.176219895424
1.29399999999997	-211.567331196932	-10.3322358240625	201.609587086527
1.29499999999997	-238.197400144384	60.0517500899871	150.822024856794
1.29599999999997	-254.486811099485	140.691290923154	92.3595739649284
1.29699999999997	-218.383036709578	220.685908327867	32.7138947824387
1.29799999999997	-157.916151334975	302.165018861996	-36.8668403958218
1.29899999999997	-106.744184376106	296.391588158135	-133.683752724839
1.29999999999997	-48.7003722481897	253.364599556683	-207.343458412474
1.30099999999997	12.5462284185754	185.460339117785	-282.096037387151
1.30199999999997	89.9726094207812	123.912541257767	-289.974433235534
1.30299999999997	162.845278951566	73.6255350144721	-233.711561006728
1.30399999999997	212.07454005224	10.4383371903951	-201.00100709732
1.30499999999997	238.11408831017	-60.7716805295765	-150.592292288502
1.30599999999997	252.24722522073	-141.047438212765	-92.212682013152
1.30699999999997	218.058508268735	-228.109353536798	-32.6266594892983
1.30799999999997	159.923544237482	-294.957862872489	40.3333990212298
1.30899999999997	106.739664429828	-293.631854164728	132.568582361839
1.30999999999997	48.5213613418326	-251.593153704853	205.777631750463
1.31099999999997	-13.4471112061705	-186.627889975987	279.746230868041
1.31199999999997	-92.5026797442835	-124.948478615578	289.128807941663
1.31299999999997	-162.590465837444	-73.5971794757181	236.143586861249
1.31399999999997	-211.573023489716	-10.3364098841955	201.609974060376
1.31499999999997	-238.200557054391	60.059196396073	150.818756629086
1.31599999999997	-254.468874232434	140.697578294071	92.3549470754147
1.31699999999997	-218.36444051104	220.792958393728	32.7107197485471
1.31799999999997	-157.94495795373	302.067275354674	-36.9117255260963
1.31899999999997	-106.74549765995	296.351528633595	-133.682056080321
1.31999999999997	-48.6975277030918	253.345356777328	-207.323134115371
1.32099999999997	12.5568469471878	185.482950486129	-282.069531308088
1.32199999999997	90.0064674373207	123.926867895863	-289.970967160555
1.32299999999997	162.840863692565	73.6290079141808	-233.740786014121
1.32399999999996	212.067149232241	10.4425428041628	-201.018310912372
1.32499999999996	238.122337494697	-60.7564813448752	-150.597372769113
1.32599999999996	252.291734236414	-141.046799614628	-92.2128555250432
1.32699999999996	218.054076857066	-228.015094000144	-32.6249754749587
1.32799999999996	159.890237243124	-295.087523363255	40.2939317638287
1.32899999999996	106.741415798773	-293.654437981823	132.584894925896
1.32999999999996	48.5243479556708	-251.619767412806	205.803118695967
1.33099999999996	-13.4300138450626	-186.607566084365	279.7887408542
1.33199999999996	-92.470706893911	-124.933428011646	289.137014735843
1.33299999999996	-162.590457811968	-73.5989708535278	236.114459897355
1.33399999999996	-211.57893367365	-10.3403742296192	201.608230482185
1.33499999999996	-238.204216163307	60.0669925415885	150.81564124226
1.33599999999996	-254.451510135318	140.7042883381	92.3501822377302
1.33699999999996	-218.345381617978	220.898379574853	32.7076738705636
1.33799999999996	-157.97263293082	301.976475080421	-36.9548506504495
1.33899999999996	-106.747600556195	296.307656747469	-133.682095738454
1.33999999999996	-48.6947327522572	253.326025947383	-207.302678542453
1.34099999999996	12.5667235354379	185.500941955268	-282.043578488562
1.34199999999996	90.0405619488067	123.943886139496	-289.963271072105
1.34299999999996	162.835381433255	73.6312395265891	-233.774933480866
1.34399999999996	212.060679343088	10.4464948857255	-201.035086271103
1.34499999999996	238.129408007404	-60.7415254985787	-150.600934134825
1.34599999999996	252.334056032946	-141.045596537132	-92.2131248620093
1.34699999999996	218.049236768565	-227.91994538926	-32.6232687914884
1.34799999999996	159.862027157356	-295.200489390517	40.2583859221636
1.34899999999996	106.740900451223	-293.69055854763	132.597026679775
1.34999999999996	48.5270454718053	-251.64731251479	205.828313618082
1.35099999999996	-13.4136472609274	-186.588376247246	279.829199357758
1.35199999999996	-92.439579190788	-124.919002501585	289.144202502038
1.35299999999996	-162.590249781775	-73.6004971002544	236.088314409362
1.35399999999996	-211.584573286951	-10.3442416696505	201.604610086325
1.35499999999996	-238.208284318454	60.0748391089358	150.813105591109
1.35599999999996	-254.434715606561	140.710925767289	92.3455044021351
1.35699999999996	-218.327587451223	221.001443490945	32.7046664709805
1.35799999999996	-158.002934738817	301.858531657107	-37.0022624984908
1.35899999999996	-106.746115467455	296.287563959615	-133.676271845017
1.35999999999996	-48.6912040269833	253.313218390905	-207.282607883445
1.36099999999996	12.5764468233852	185.520061860763	-282.019522647244
1.36199999999996	90.0746506570377	123.959571809758	-289.954070325286
1.36299999999996	162.829319442228	73.6327739747604	-233.808711057329
1.36399999999996	212.054517179253	10.4500879773936	-201.050978841932
1.36499999999996	238.135936106327	-60.7272164016811	-150.604762513609
1.36599999999996	252.373846593579	-141.044165998155	-92.2133779990372
1.36699999999996	218.045379584097	-227.825843499084	-32.6214679950472
1.36799999999996	159.836535672289	-295.301658918954	40.2256941409582
1.36899999999996	106.739027079146	-293.734090413139	132.606586865558
1.36999999999996	48.5294500197937	-251.675922672911	205.853233744323
1.37099999999996	-13.3978975838598	-186.569268627279	279.867486107453
1.37199999999996	-92.4091084089388	-124.904981064077	289.151290546494
1.37299999999996	-162.589993510577	-73.6021516839645	236.063809972155
1.37399999999996	-211.590148014121	-10.3479919307241	201.599883726853
1.37499999999996	-238.212398385543	60.082609642923	150.810755223496
1.37599999999996	-254.418605608808	140.717303253448	92.3409623749481
1.37699999999996	-218.309316688214	221.101576899395	32.7019056699543
1.37799999999996	-158.0349554985	301.734938382742	-37.0499162595009
1.37899999999996	-106.742901659072	296.275850902554	-133.66859090253
1.37999999999996	-48.6875085285108	253.302659022096	-207.263250419698
1.38099999999996	12.5857913023882	185.538839146271	-281.997086357484
1.38199999999996	90.1079999113857	123.973117901877	-289.946164392768
1.38299999999996	162.823359753514	73.6345293535947	-233.839080110395
1.38399999999996	212.048626551564	10.4533313704663	-201.066921417131
1.38499999999996	238.141659684636	-60.7134185065763	-150.608095891544
1.38599999999996	252.411905567727	-141.042720601278	-92.2137209498894
1.38699999999996	218.043295377505	-227.734893587747	-32.6197037823767
1.38799999999996	159.809180232657	-295.411781982129	40.1910640192453
1.38899999999996	106.739063583576	-293.762437656614	132.618553115179
1.38999999999996	48.5316573231086	-251.705384223047	205.877926440242
1.39099999999996	-13.3826258125761	-186.549781457823	279.90392975366
1.39199999999996	-92.3793034082023	-124.891312878785	289.158529942822
1.39299999999996	-162.590125357889	-73.6039321009275	236.038275062419
1.39399999999996	-211.595660935966	-10.3514763650926	201.597016556449
1.39499999999996	-238.21602135804	60.0901962682687	150.807818044846
1.39599999999996	-254.403287821157	140.723253173652	92.3365436278197
1.39699999999996	-218.289852950527	221.197821827982	32.6993490932622
1.39799999999996	-158.064406105658	301.634558224872	-37.09260827877
1.39899999999996	-106.74225384524	296.250218276846	-133.664667615231
1.39999999999996	-48.6846787886287	253.286717682615	-207.244331473324
1.40099999999996	12.5949409482584	185.557600341605	-281.975283126882
1.40199999999996	90.1400669569979	123.986419091534	-289.936096463005
1.40299999999996	162.818080737343	73.6361528239097	-233.870555630937
1.40399999999996	212.042781343206	10.4562908977739	-201.082446337328
1.40499999999996	238.146805219386	-60.7000921817317	-150.611272673477
1.40599999999996	252.448434545113	-141.041260534967	-92.2141196075374
1.40699999999996	218.040886318855	-227.643711643968	-32.6177665363334
1.40799999999996	159.782196340893	-295.532914794955	40.1546480165488
1.40899999999996	106.740585848411	-293.778135572588	132.632483202455
1.40999999999996	48.5338466729189	-251.733801482051	205.901961986988
1.41099999999996	-13.3678729330932	-186.530716470513	279.939039711374
1.41199999999996	-92.3499420623743	-124.877584709088	289.168812909418
1.41299999999996	-162.590854383008	-73.6062269901861	236.008648126546
1.41399999999996	-211.600855868534	-10.3546937631989	201.59552725684
1.41499999999995	-238.219455076191	60.0976509664876	150.805070057784
1.41599999999995	-254.388842799917	140.728815473769	92.3322222733054
1.41699999999995	-218.270382018987	221.29112671003	32.6969652876293
1.41799999999995	-158.093598227432	301.531152592379	-37.1349865571935
1.41899999999995	-106.740493864744	296.23662320392	-133.660019172272
1.41999999999995	-48.6825753291306	253.265782995284	-207.225532834997
1.42099999999995	12.6039376811923	185.575339807438	-281.953115366191
1.42199999999995	90.1708978374506	123.999905487089	-289.925824459665
1.42299999999995	162.813273274432	73.6374837466401	-233.90334438047
1.42399999999995	212.036945449265	10.4590240813726	-201.09651547506
1.42499999999995	238.151746650248	-60.6872455194705	-150.614291628511
1.42599999999995	252.483436157963	-141.039944754215	-92.214570369179
1.42699999999995	218.038979735857	-227.554254699833	-32.6158029640707
1.42799999999995	159.755907092218	-295.651478082619	40.1190022720104
1.42899999999995	106.74216354644	-293.793247598135	132.646153727763
1.42999999999995	48.5360733893668	-251.760125613591	205.924888208405
1.43099999999995	-13.3536565818776	-186.512779511335	279.973234195032
1.43199999999995	-92.3216599248185	-124.864226982895	289.179926126037
1.43299999999995	-162.591393009082	-73.608430981572	235.978348332469
1.43399999999995	-211.605439926476	-10.3578339345418	201.593370908065
1.43499999999995	-238.223167508228	60.1050030586495	150.803332463157
1.43599999999995	-254.375156072018	140.734042811453	92.3280099748749
1.43699999999995	-218.251062059438	221.381604920348	32.6947345248672
1.43799999999995	-158.12277260082	301.425886318874	-37.1770088177422
1.43899999999995	-106.738306908335	296.225790672471	-133.654191202348
1.43999999999995	-48.6800765632033	253.248494889516	-207.207181146485
1.44099999999995	12.6126196897274	185.591967766665	-281.931585361062
1.44199999999995	90.2006367572121	124.012811365071	-289.916589508689
1.44299999999995	162.808782691158	73.6383814850219	-233.937240679601
1.44399999999995	212.031345133355	10.4618584979083	-201.107510483983
1.44499999999995	238.156575757521	-60.6748364649934	-150.617166080107
1.44599999999995	252.516545169187	-141.038675526893	-92.2149548534843
1.44699999999995	218.037704697034	-227.46711607393	-32.6139065988005
1.44799999999995	159.731411964295	-295.758700493205	40.0859463879095
1.44899999999995	106.742755247043	-293.815901878884	132.657901294021
1.44999999999995	48.5383170492452	-251.784203120438	205.94644311957
1.45099999999995	-13.3400572424488	-186.496470504751	280.006316997788
1.45199999999995	-92.2941561007563	-124.851336584377	289.191794491196
1.45299999999995	-162.592353482203	-73.6103571993902	235.946869931179
1.45399999999995	-211.609759857354	-10.3607234807616	201.593134266806
1.45499999999995	-238.226342448928	60.1121670001612	150.801162542207
1.45599999999995	-254.362302927371	140.738947302097	92.3239455401653
1.45699999999995	-218.232674280195	221.470252684392	32.6926312678084
1.45799999999995	-158.149740198985	301.32577300535	-37.2169948739632
1.45899999999995	-106.737000805322	296.210558297914	-133.648695407389
1.45999999999995	-48.6775032714335	253.233088314503	-207.189750798083
1.46099999999995	12.6211400311899	185.60805451013	-281.910147822428
1.46199999999995	90.2295762726167	124.026506852364	-289.902271569232
1.46299999999995	162.804440858794	73.6386824585298	-233.973139877907
1.46399999999995	212.027176939843	10.4640365527983	-201.122802136461
1.46499999999995	238.159689772039	-60.6628879809563	-150.618218643188
1.46599999999995	252.547986250433	-141.037348939831	-92.2151920483399
1.46699999999995	218.038153113208	-227.383474861542	-32.6120842873211
1.46799999999995	159.70803105731	-295.850784288131	40.0560581294818
1.46899999999995	106.741938164411	-293.848762063168	132.66700713214
1.46999999999995	48.5406042493627	-251.806063617586	205.96676676849
1.47099999999995	-13.3270147422495	-186.482059083649	280.038967741068
1.47199999999995	-92.2672568138995	-124.83885069682	289.202642056931
1.47299999999995	-162.593609650864	-73.6118972537077	235.916897686211
1.47399999999995	-211.613858035758	-10.3635135185834	201.593023279569
1.47499999999995	-238.229296042486	60.1191663910331	150.798860446757
1.47599999999995	-254.350157656973	140.743573257801	92.3200156342135
1.47699999999995	-218.214808518316	221.557079839337	32.6906936230844
1.47799999999995	-158.176631520589	301.223894812082	-37.2564463552044
1.47899999999995	-106.734721031284	296.199150023274	-133.643150531363
1.47999999999995	-48.6747213098296	253.220027217803	-207.172331624865
1.48099999999995	12.6292023571986	185.621895425765	-281.889217282477
1.48199999999995	90.2576003954012	124.039616772608	-289.889547585891
1.48299999999995	162.800454119797	73.6392470284684	-234.005896159805
1.48399999999995	212.022067774301	10.4659403035853	-201.137317422264
1.48499999999995	238.163340506937	-60.6513707561489	-150.620129271857
1.48599999999995	252.578167073067	-141.03591476959	-92.2157269486531
1.48699999999995	218.038647069098	-227.301897515967	-32.6103566868787
1.48799999999995	159.684814983402	-295.949053986862	40.0251456164302
1.48899999999995	106.742261491842	-293.871088324801	132.677760319173
1.48999999999995	48.5428347064542	-251.826722287286	205.985942212911
1.49099999999995	-13.3144518595786	-186.469205337596	280.07118734667
1.49199999999995	-92.2410521812067	-124.826664862199	289.213387571599
1.49299999999995	-162.594973507405	-73.6136350714494	235.886698314347
1.49399999999995	-211.616030229224	-10.3662880385303	201.59017056345
1.49499999999995	-238.234337317693	60.1261761276458	150.800286587954
1.49599999999995	-254.338233644073	140.747934783541	92.3157263388349
1.49699999999995	-218.19753072929	221.64146567764	32.6888356359628
1.49799999999995	-158.202541447082	301.126515919491	-37.294392771595
1.49899999999995	-106.732502280756	296.184765556203	-133.637352968333
1.49999999999995	-48.6717223182859	253.209795835597	-207.155807567281
1.50099999999995	12.6368881066439	185.634634772269	-281.869462688093
1.50199999999995	90.2846518389798	124.050977356032	-289.884095865973
1.50299999999995	162.79697839219	73.6407830195229	-234.029547576205
1.50399999999995	212.017076556895	10.4675921446363	-201.151991100883
1.50499999999995	238.166422969599	-60.6402874258651	-150.621706529064
1.50599999999994	252.607254233278	-141.03440115519	-92.2163271823819
1.50699999999994	218.039263865475	-227.222214428646	-32.6086986710038
1.50799999999994	159.661590915242	-296.04808977415	39.9941710540598
1.50899999999994	106.743526240482	-293.889844478354	132.688880928922
1.50999999999994	48.5451183607195	-251.845352818561	206.004152260167
1.51099999999994	-13.3023169677279	-186.457373292459	280.102822695548
1.51199999999994	-92.2156690149951	-124.815183276008	289.22216174199
1.51299999999994	-162.596067304299	-73.6149994334386	235.859488868684
1.51399999999994	-211.6187332284	-10.3689500816637	201.587627533382
1.51499999999994	-238.23885115035	60.1329999333292	150.801010812525
1.51599999999994	-254.326870843175	140.752001504597	92.3113466922901
1.51699999999994	-218.179823648316	221.723170112575	32.6871444473341
1.51799999999994	-158.229510200407	301.026422446476	-37.332238563245
1.51899999999994	-106.728732566637	296.179669901038	-133.630183366951
1.51999999999994	-48.669450465086	253.195463679746	-207.140574750685
1.52099999999994	12.6446191406079	185.648267513876	-281.849679925658
1.52199999999994	90.3111515458692	124.06189232351	-289.880177279754
1.52299999999994	162.793431527071	73.6422781774745	-234.051487665275
1.52399999999994	212.011632244043	10.4691089260949	-201.164817127261
1.52499999999994	238.16979778118	-60.6296480534333	-150.623950437432
1.52599999999994	252.634992340895	-141.032845423333	-92.2170593591114
1.52699999999994	218.039901278376	-227.14465861367	-32.6071546985182
1.52799999999994	159.639417401037	-296.145252866651	39.9638813084164
1.52899999999994	106.744940818694	-293.906907558691	132.699807020486
1.52999999999994	48.5473089891782	-251.863462114524	206.021689466636
1.53099999999994	-13.290609000905	-186.445771824679	280.133174303571
1.53199999999994	-92.1906014912144	-124.803963640798	289.232174590579
1.53299999999994	-162.597498017614	-73.6164493404936	235.831810126384
1.53399999999994	-211.622808361421	-10.3713907968676	201.587551015096
1.53499999999994	-238.241189462076	60.139565823215	150.798654261877
1.53599999999994	-254.316648236733	140.75579290843	92.3076816081052
1.53699999999994	-218.162011817048	221.802937725795	32.6856843393843
1.53799999999994	-158.255980714733	300.931671214051	-37.3684561130646
1.53899999999994	-106.726043421006	296.164616209167	-133.6241540338
1.53999999999994	-48.6663779362394	253.188196691258	-207.12532116682
1.54099999999994	12.652183176562	185.662069345007	-281.830945764845
1.54199999999994	90.3369800965129	124.072016428885	-289.87741131436
1.54299999999994	162.789992827981	73.643860619705	-234.071301746419
1.54399999999994	212.00616018228	10.4704805973139	-201.176873924009
1.54499999999994	238.172808976411	-60.6193758520261	-150.626311767496
1.54599999999994	252.661932513542	-141.031233411606	-92.2177961604708
1.54699999999994	218.040601565523	-227.065198544137	-32.6051791873447
1.54799999999994	159.618052705705	-296.245476625236	39.9335116795205
1.54899999999994	106.746403455154	-293.921895896878	132.710567354972
1.54999999999994	48.5493830690425	-251.881678204298	206.039134506983
1.55099999999994	-13.2792218195504	-186.43339946708	280.162193017605
1.55199999999994	-92.1660610444306	-124.792914191773	289.242791415857
1.55299999999994	-162.59904641611	-73.6179253207567	235.804178031882
1.55399999999994	-211.627537010085	-10.3736730883835	201.588735787111
1.55499999999994	-238.242827684856	60.1459046548456	150.795038259011
1.55599999999994	-254.306736549126	140.759362413929	92.3039015738238
1.55699999999994	-218.146389293437	221.881603169978	32.6842557042862
1.55799999999994	-158.280155752135	300.839769774584	-37.4032700274958
1.55899999999994	-106.721918791846	296.157728611571	-133.618759448598
1.55999999999994	-48.6642424865817	253.173408456529	-207.1095479546
1.56099999999994	12.6592387065095	185.672992212109	-281.812486125389
1.56199999999994	90.3621860067125	124.082852565121	-289.874238053143
1.56299999999994	162.786577307069	73.6452371047898	-234.091483914675
1.56399999999994	212.00097122464	10.4716661964488	-201.188914990125
1.56499999999994	238.175261103462	-60.6094466109509	-150.628337921419
1.56599999999994	252.687839414404	-141.029548238187	-92.2184933155237
1.56699999999994	218.041531306938	-226.987032020145	-32.6031619507317
1.56799999999994	159.599009155283	-296.333326648173	39.9059913316478
1.56899999999994	106.746354893929	-293.94671033946	132.718882765979
1.56999999999994	48.5512402950105	-251.900235609422	206.05599385831
1.57099999999994	-13.2681921278114	-186.420618820436	280.189904275816
1.57199999999994	-92.1419789726096	-124.782134237025	289.253495887816
1.57299999999994	-162.600718863369	-73.6193994973309	235.777172246049
1.57399999999994	-211.631791887975	-10.3758589070477	201.589140941929
1.57499999999994	-238.24452128938	60.1521649423733	150.791910940564
1.57599999999994	-254.297669298851	140.76273632525	92.3005092647597
1.57699999999994	-218.13130986311	221.958517118902	32.6829679973156
1.57799999999994	-158.302436863023	300.750296380646	-37.4368891300221
1.57899999999994	-106.719217319046	296.146427878975	-133.613141562701
1.57999999999994	-48.6620233531708	253.161449869236	-207.095209405703
1.58099999999994	12.6665818825079	185.68562183371	-281.793086769354
1.58199999999994	90.3867856116729	124.093530748288	-289.870802287226
1.58299999999994	162.783183139612	73.6463568917889	-234.111944841165
1.58399999999994	211.995838888867	10.4726444194543	-201.2006527058
1.58499999999994	238.177659118684	-60.59987222281	-150.6303394711
1.58599999999994	252.712696305465	-141.027848420234	-92.2191893217428
1.58699999999994	218.043831944905	-226.912753805266	-32.6013452548713
1.58799999999994	159.579874217871	-296.41293785578	39.88008055412
1.58899999999994	106.74569674259	-293.974856971544	132.726138158963
1.58999999999994	48.5529757541153	-251.919057931737	206.072426742676
1.59099999999994	-13.2574560532025	-186.40724654193	280.216424902745
1.59199999999994	-92.1184871995849	-124.771710476192	289.263820443396
1.59299999999994	-162.602332781151	-73.620836800927	235.750884607375
1.59399999999994	-211.635459579303	-10.3779610412902	201.588706018041
1.59499999999994	-238.246810438757	60.1583464787206	150.790008400056
1.59599999999994	-254.288964881337	140.765881258221	92.2970328138079
1.59699999999993	-218.115251264764	222.033046217286	32.6819030276557
1.59799999999993	-158.324059083352	300.666716582293	-37.4688915058613
1.59899999999993	-106.718909454799	296.123459537583	-133.607680781598
1.59999999999993	-48.6589880530889	253.15790704398	-207.082159534837
1.60099999999993	12.6740084421273	185.699042144506	-281.773988267945
1.60199999999993	90.4104616189502	124.103462686884	-289.86811974636
1.60299999999993	162.780228350233	73.6475302157234	-234.130564840971
1.60399999999993	211.990109843458	10.4734320391449	-201.211567823407
1.60499999999993	238.181027954932	-60.5907139862998	-150.632977115755
1.60599999999993	252.736173663647	-141.026170779775	-92.2200069842075
1.60699999999993	218.046024261323	-226.840138770382	-32.5995787549903
1.60799999999993	159.559880125095	-296.501972316837	39.8524406861136
1.60899999999993	106.746918420149	-293.989331112443	132.735811074123
1.60999999999993	48.5545461202745	-251.938741636773	206.08860627977
1.61099999999993	-13.2471315404367	-186.393972162728	280.241391040637
1.61199999999993	-92.0956415136549	-124.761749850241	289.273554040684
1.61299999999993	-162.603766294889	-73.6221657152779	235.725856388055
1.61399999999993	-211.639086747601	-10.3799888793141	201.58803996886
1.61499999999993	-238.24908827871	60.1643528716236	150.788227960789
1.61599999999993	-254.280732033322	140.768821525756	92.2935982696609
1.61699999999993	-218.098999680614	222.105694602796	32.681028684227
1.61799999999993	-158.344642339849	300.589782143441	-37.4990051458022
1.61899999999993	-106.718069994198	296.107373341207	-133.603998341246
1.61999999999993	-48.657137814209	253.144472725161	-207.068450719502
1.62099999999993	12.680959629868	185.711219266265	-281.756226101448
1.62199999999993	90.4334642085409	124.112837408589	-289.864846844455
1.62299999999993	162.777395665444	73.6486591746688	-234.148720932073
1.62399999999993	211.984156913998	10.4741513901766	-201.221535419451
1.62499999999993	238.185009509534	-60.581914543566	-150.635937684148
1.62599999999993	252.757992505727	-141.02443615812	-92.2209492182036
1.62699999999993	218.047708230748	-226.768965313268	-32.5978814970213
1.62799999999993	159.541695154338	-296.590060056279	39.8253075800116
1.62899999999993	106.747626978985	-294.003871999666	132.744802530511
1.62999999999993	48.5563374159893	-251.956200318934	206.104752650999
1.63099999999993	-13.2371518876601	-186.380926430442	280.265381446831
1.63199999999993	-92.0734260911781	-124.752221564833	289.282951078134
1.63299999999993	-162.604933538663	-73.6232748121791	235.702784424815
1.63399999999993	-211.642831840115	-10.3820213531944	201.586396906475
1.63499999999993	-238.251258781337	60.1702141351118	150.786433547132
1.63599999999993	-254.27290676192	140.771613455993	92.2902726480432
1.63699999999993	-218.082891699345	222.176461993227	32.6802881089115
1.63799999999993	-158.364967417997	300.514410311043	-37.5283435673505
1.63899999999993	-106.716897279233	296.092950725559	-133.600059354469
1.63999999999993	-48.6559730732313	253.12803183446	-207.055774325164
1.64099999999993	12.6882187027796	185.725904870651	-281.738330651539
1.64199999999993	90.4561509587717	124.122129122351	-289.858971613638
1.64299999999993	162.774245834191	73.6492933781562	-234.169355183334
1.64399999999993	211.978548758062	10.4747559504763	-201.230952768463
1.64499999999993	238.188775338763	-60.5734648406375	-150.638689824757
1.64599999999993	252.778688057485	-141.022709542289	-92.2218903231767
1.64699999999993	218.050756650937	-226.702703557549	-32.5964951608192
1.64799999999993	159.52288054597	-296.669025994314	39.7998718558064
1.64899999999993	106.74857332711	-294.020363454887	132.753136077721
1.64999999999993	48.5580124652188	-251.973608447649	206.12018931764
1.65099999999993	-13.2276218101331	-186.368942817402	280.288305067021
1.65199999999993	-92.051871539415	-124.743097458916	289.291695149015
1.65299999999993	-162.605923586113	-73.6242255511652	235.681021212369
1.65399999999993	-211.646559365656	-10.3839634535738	201.584700040224
1.65499999999993	-238.253317531526	60.1759247830979	150.784596681202
1.65599999999993	-254.265456177197	140.774242224245	92.2870405062992
1.65699999999993	-218.066935420788	222.245428274893	32.6796782966079
1.65799999999993	-158.385375248111	300.437809966826	-37.5575414550577
1.65899999999993	-106.713248147764	296.09714862889	-133.595590728151
1.65999999999993	-48.6558338966339	253.101095465568	-207.041950153774
1.66099999999993	12.6942705922579	185.735701481861	-281.723017851084
1.66199999999993	90.4782922306809	124.131106181999	-289.852098063756
1.66299999999993	162.771113645446	73.6499242018947	-234.189649529036
1.66399999999993	211.973357284712	10.4752853003479	-201.240546452239
1.66499999999993	238.19223441648	-60.5652605533529	-150.641021647683
1.66599999999993	252.798430480151	-141.020934529708	-92.2228339152603
1.66699999999993	218.053620647943	-226.637631095007	-32.5951349698553
1.66799999999993	159.507225317741	-296.731499895652	39.7781512450569
1.66899999999993	106.747334458456	-294.050297320818	132.758034598503
1.66999999999993	48.5595944252031	-251.990596485715	206.134961980249
1.67099999999993	-13.2185463844806	-186.358283076405	280.310582360285
1.67199999999993	-92.0308682188476	-124.734189328483	289.30055645622
1.67299999999993	-162.607055183389	-73.6252241780506	235.658803229425
1.67399999999993	-211.650160193647	-10.3856822233837	201.583924932964
1.67499999999993	-238.255188293783	60.18154727436	150.782716431993
1.67599999999993	-254.258351242361	140.776769163957	92.2839109469656
1.67699999999993	-218.051024549921	222.31257701937	32.6791875476996
1.67799999999993	-158.404782053434	300.367277871429	-37.5851103741106
1.67899999999993	-106.71172799593	296.0879509497	-133.593216001171
1.67999999999993	-48.6546668620933	253.082982635271	-207.027661989407
1.68099999999993	12.7003949794079	185.746351810235	-281.708148869351
1.68199999999993	90.49991524867	124.139895728679	-289.844444418543
1.68299999999993	162.768063208956	73.6503066798569	-234.210859527468
1.68399999999993	211.968046615829	10.4758635827958	-201.24844139642
1.68499999999993	238.195793831256	-60.5573366655218	-150.643589056231
1.68599999999993	252.817388421398	-141.019195401014	-92.223800981587
1.68699999999993	218.057069624287	-226.575683120784	-32.5939637041431
1.68799999999992	159.490397243231	-296.79791258662	39.7555921839691
1.68899999999992	106.74738834549	-294.071590003025	132.764358345459
1.68999999999992	48.5608255823324	-252.008910744137	206.148985218797
1.69099999999992	-13.2095402472568	-186.346466907262	280.332167363416
1.69199999999992	-92.0103858132115	-124.725543890914	289.309873755133
1.69299999999992	-162.608412859619	-73.626359566591	235.635536619681
1.69399999999992	-211.653527726747	-10.3872031002383	201.584422065086
1.69499999999992	-238.256838554513	60.1870069690433	150.780707585072
1.69599999999992	-254.251612540191	140.779131851502	92.280887080204
1.69699999999992	-218.034753830639	222.37758596784	32.67882013587
1.69799999999992	-158.423894617746	300.300326833097	-37.6115923106781
1.69899999999992	-106.709612103448	296.085330449754	-133.590838154712
1.69999999999992	-48.654503051237	253.058275365548	-207.014254039209
1.70099999999992	12.7062370447546	185.756051609843	-281.693861632088
1.70199999999992	90.5210223265555	124.148242645345	-289.836866459925
1.70299999999992	162.765050690981	73.6507691226543	-234.230847780924
1.70399999999992	211.962755096502	10.4763282000823	-201.256253933447
1.70499999999992	238.1994880823	-60.5496778460084	-150.64613042013
1.70599999999992	252.835492740016	-141.017482313587	-92.2247739912818
1.70699999999992	218.061256191005	-226.516099286262	-32.5928540480848
1.70799999999992	159.473432854159	-296.860394734339	39.7338943806613
1.70899999999992	106.747499108657	-294.092346920568	132.770270453544
1.70999999999992	48.5619155507033	-252.027639708347	206.162521279052
1.71099999999992	-13.2008365421928	-186.335268043666	280.353318491262
1.71199999999992	-91.9904823965331	-124.717084046189	289.318301582735
1.71299999999992	-162.609760399177	-73.6274075963849	235.613138899594
1.71399999999992	-211.656695847638	-10.3886464312549	201.584813211464
1.71499999999992	-238.258495264934	60.1923383608208	150.77895258148
1.71599999999992	-254.24531998741	140.781364970382	92.2779268630081
1.71699999999992	-218.018949530531	222.44124464535	32.6785610633747
1.71799999999992	-158.44236269791	300.2335586892	-37.6375620952764
1.71899999999992	-106.709379349564	296.069335125943	-133.586880529144
1.71999999999992	-48.6526686101507	253.04803476036	-207.003179427248
1.72099999999992	12.7122276688112	185.76654881645	-281.678989785928
1.72199999999992	90.5416658066086	124.156411657741	-289.829291652605
1.72299999999992	162.76199174962	73.6510629826243	-234.25113228904
1.72399999999992	211.958070016424	10.4767080304606	-201.26396538915
1.72499999999992	238.2025976939	-60.5423220924773	-150.647927218142
1.72599999999992	252.852980028724	-141.015833543153	-92.2257710401382
1.72699999999992	218.066065248689	-226.458323908748	-32.5917397961767
1.72799999999992	159.45685595679	-296.915799536342	39.7137815214625
1.72899999999992	106.747227356473	-294.116355111051	132.775165792695
1.72999999999992	48.5631131375274	-252.04517225266	206.175716827121
1.73099999999992	-13.192718030505	-186.326305289818	280.373549320276
1.73199999999992	-91.9711695652766	-124.708838677222	289.326359517536
1.73299999999992	-162.611023044064	-73.6283588061697	235.591581884267
1.73399999999992	-211.659816836964	-10.3900468025288	201.584943281006
1.73499999999992	-238.260061843487	60.1975332654657	150.777243928375
1.73599999999992	-254.239414582991	140.783449420021	92.2750437765859
1.73699999999992	-218.004058187949	222.503417818443	32.6783256287717
1.73799999999992	-158.459932615342	300.168347203637	-37.6627149265343
1.73899999999992	-106.708544138917	296.056333676038	-133.583320169275
1.73999999999992	-48.6512671989413	253.035054107562	-206.992136462363
1.74099999999992	12.718160967881	185.777160871555	-281.664110342147
1.74199999999992	90.5617888136954	124.164354363281	-289.822546730237
1.74299999999992	162.758958133048	73.6513455770129	-234.270613203607
1.74399999999992	211.95281969444	10.4770661411886	-201.27021757731
1.74499999999992	238.20617228046	-60.5352655557531	-150.650562706661
1.74599999999992	252.869764203695	-141.014196696412	-92.2268898096039
1.74699999999992	218.071597656417	-226.403674423737	-32.5907798303497
1.74799999999992	159.439334465465	-296.97191069566	39.6935133345614
1.74899999999992	106.747420240686	-294.138180491196	132.780362784258
1.74999999999992	48.5644964079744	-252.060570465642	206.188902505111
1.75099999999992	-13.1847130435435	-186.31667864191	280.393129378696
1.75199999999992	-91.9524002222946	-124.700879359931	289.333709944748
1.75299999999992	-162.612178767369	-73.6292136299961	235.571296839267
1.75399999999992	-211.662944061608	-10.3914298891076	201.584781600091
1.75499999999992	-238.261496984411	60.2025733022073	150.775521371086
1.75599999999992	-254.23389381827	140.785375354004	92.2722378567735
1.75699999999992	-217.989757916986	222.564324055	32.6781742831881
1.75799999999992	-158.476235136895	300.108408148611	-37.6863553431142
1.75899999999992	-106.70870551586	296.035468482523	-133.580076359049
1.75999999999992	-48.6493411706457	253.027021127472	-206.981704577277
1.76099999999992	12.7239417492705	185.787160780734	-281.64947643076
1.76199999999992	90.5814252082321	124.171912815592	-289.81772764466
1.76299999999992	162.755915485729	73.6517466726406	-234.288386307493
1.76399999999992	211.947931793418	10.4773826575291	-201.276078779132
1.76499999999992	238.209371936472	-60.5284610465645	-150.652815084197
1.76599999999992	252.885835470265	-141.012653350145	-92.2280485994492
1.76699999999992	218.076765785651	-226.349536724532	-32.5897857786411
1.76799999999992	159.42291161269	-297.02688076619	39.6737954323527
1.76899999999992	106.747719341375	-294.157839698312	132.785258570369
1.76999999999992	48.5656250196489	-252.07745521948	206.201788197027
1.77099999999992	-13.1770082519231	-186.307369978341	280.411953347426
1.77199999999992	-91.9341460523791	-124.693187852604	289.34047970467
1.77299999999992	-162.613313594163	-73.6299655242244	235.552085756509
1.77399999999992	-211.665970204674	-10.3927599781283	201.584412020565
1.77499999999992	-238.262925181797	60.2074856325792	150.773961995244
1.77599999999992	-254.22868101904	140.787178101319	92.2694381244047
1.77699999999992	-217.976290383606	222.624785745252	32.6781739493548
1.77799999999991	-158.49044613657	300.055210510908	-37.7081126512843
1.77899999999991	-106.710797500342	296.001807832476	-133.578480841365
1.77999999999991	-48.6467097108347	253.025728398583	-206.971738382077
1.78099999999991	12.7296956541588	185.797185888809	-281.6347199905
1.78199999999991	90.6005654735156	124.179265857348	-289.813800702343
1.78299999999991	162.752947722546	73.6522822763825	-234.304400694534
1.78399999999991	211.94318262514	10.4776012424854	-201.282116973364
1.78499999999991	238.212473716644	-60.5218919839849	-150.65507791979
1.78599999999991	252.901288175077	-141.011145589068	-92.2291928262595
1.78699999999991	218.08198595993	-226.296116370776	-32.5887324375286
1.78799999999991	159.406649854087	-297.085619609613	39.6535758383211
1.78899999999991	106.748247191134	-294.172301470254	132.791035906505
1.78999999999991	48.5667300537862	-252.093791567582	206.214234937338
1.79099999999991	-13.1695465496585	-186.298281762227	280.430134489699
1.79199999999991	-91.9164798057518	-124.685672931556	289.347216926485
1.79299999999991	-162.614352754333	-73.630720748514	235.533207970627
1.79399999999991	-211.669103817961	-10.3940388157487	201.584242044269
1.79499999999991	-238.264118303578	60.2122533559402	150.772221082911
1.79599999999991	-254.223813311899	140.788845754134	92.2666437131339
1.79699999999991	-217.96301585583	222.683804278931	32.6782596987419
1.79799999999991	-158.503706682505	300.00653777153	-37.728563951467
1.79899999999991	-106.712845275932	295.969306855594	-133.577434088286
1.79999999999991	-48.6447572183421	253.020241253588	-206.962219964994
1.80099999999991	12.7353933769705	185.807562249143	-281.620305593185
1.80199999999991	90.6190165065072	124.186661530598	-289.807921836773
1.80299999999991	162.750242457487	73.6525565528019	-234.321786015726
1.80399999999991	211.938252761452	10.4777569652512	-201.287701919395
1.80499999999991	238.215788640613	-60.5155704850081	-150.657679820398
1.80599999999991	252.916065107872	-141.009670918666	-92.2303314131292
1.80699999999991	218.087244858204	-226.244173641475	-32.5877109789582
1.80799999999991	159.391125957466	-297.140216462776	39.6344044559217
1.80899999999991	106.748402872927	-294.189097837602	132.79607616461
1.80999999999991	48.5678243320117	-252.109383184305	206.226381663766
1.81099999999991	-13.1623157449814	-186.289308164815	280.447591358316
1.81199999999991	-91.8993008943925	-124.6784378732	289.353775657676
1.81299999999991	-162.615351015321	-73.6314076762271	235.515034092191
1.81399999999991	-211.672627046486	-10.3952306901021	201.584699135596
1.81499999999991	-238.264368188961	60.2168694281975	150.76931395093
1.81599999999991	-254.219680246893	140.790399748847	92.264374100546
1.81699999999991	-217.950149123584	222.741093348844	32.6783684842497
1.81799999999991	-158.516603061187	299.959607890893	-37.7483403786721
1.81899999999991	-106.71463177901	295.937243637209	-133.576205890411
1.81999999999991	-48.6428223319287	253.015135857282	-206.953086401124
1.82099999999991	12.7409167630459	185.817568781296	-281.606405973319
1.82199999999991	90.636936624463	124.193781326735	-289.801992060337
1.82299999999991	162.747622640272	73.6528163143104	-234.338867293418
1.82399999999991	211.933578849309	10.4778695059915	-201.293132279549
1.82499999999991	238.218724541645	-60.5094637217095	-150.659913295315
1.82599999999991	252.930342821321	-141.008249230486	-92.2316154365518
1.82699999999991	218.092342325546	-226.19361132579	-32.5867420915122
1.82799999999991	159.376301877128	-297.193260730089	39.6157800189728
1.82899999999991	106.748481677812	-294.20552239188	132.800927397809
1.82999999999991	48.5689317404019	-252.124225971283	206.238161278093
1.83099999999991	-13.1553436128736	-186.280705661122	280.464416454462
1.83199999999991	-91.8826283174039	-124.671482588136	289.35979730788
1.83299999999991	-162.616275129888	-73.6319626630303	235.498035355248
1.83399999999991	-211.676076844892	-10.3963951290693	201.584838633992
1.83499999999991	-238.264649980002	60.2213650850936	150.766632495121
1.83599999999991	-254.215710986892	140.791852173916	92.2620223555402
1.83699999999991	-217.937566198622	222.796324992306	32.6784598828246
1.83799999999991	-158.5294054587	299.913578973163	-37.7676557082305
1.83899999999991	-106.715440057795	295.911963596473	-133.574958575699
1.83999999999991	-48.6413073518205	253.006162198444	-206.943422266232
1.84099999999991	12.7460499592986	185.826202779106	-281.593485955756
1.84199999999991	90.6543905206213	124.200738975251	-289.795771018333
1.84299999999991	162.745041787742	73.6530251127887	-234.355815734594
1.84399999999991	211.929848713872	10.4779083892406	-201.299428306222
1.84499999999991	238.220591306333	-60.5035393167351	-150.66082149914
1.84599999999991	252.944141109665	-141.006883196564	-92.2330552910678
1.84699999999991	218.097491585876	-226.143816043856	-32.5857186985393
1.84799999999991	159.36167278207	-297.247003613462	39.5971931542427
1.84899999999991	106.748786825469	-294.219695088137	132.805931167286
1.84999999999991	48.5700161616758	-252.138685408488	206.249597433418
1.85099999999991	-13.1485903284786	-186.27238423172	280.480826025812
1.85199999999991	-91.866385261351	-124.664772595262	289.364814212081
1.85299999999991	-162.617187762895	-73.6324049011404	235.482256657113
1.85399999999991	-211.679251091778	-10.3975256660902	201.584579407833
1.85499999999991	-238.265212626094	60.2257577926935	150.76454585543
1.85599999999991	-254.211896512024	140.793203548532	92.2595591943264
1.85699999999991	-217.924850367769	222.849775334597	32.6786086217451
1.85799999999991	-158.541939142115	299.871322493415	-37.7859444677781
1.85899999999991	-106.716119709342	295.887540798631	-133.574147934516
1.85999999999991	-48.6401130574382	252.99521563772	-206.933883007387
1.86099999999991	12.7509781652237	185.834255076333	-281.581116117008
1.86199999999991	90.6714447585839	124.207613136261	-289.788982409342
1.86299999999991	162.742449358804	73.6531271815833	-234.373080923008
1.86399999999991	211.926558513333	10.4779075931092	-201.305870983756
1.86499999999991	238.222155511512	-60.4977942554512	-150.661346245129
1.86599999999991	252.957274284592	-141.005549804283	-92.234341594603
1.86699999999991	218.100758613387	-226.093833420061	-32.5847600970727
1.86799999999991	159.349008347592	-297.302001464382	39.5788437855994
1.8689999999999	106.749419387342	-294.232140890049	132.810992280416
1.8699999999999	48.5710719601572	-252.152576990304	206.260654310136
1.8709999999999	-13.1420437477835	-186.26448313166	280.496982983378
1.8719999999999	-91.8505768780756	-124.658126393619	289.370019656719
1.8729999999999	-162.618108756865	-73.6328868151089	235.466454274782
1.8739999999999	-211.682223289793	-10.3986305474386	201.583973225597
1.8749999999999	-238.265868397536	60.2300544726442	150.762818323974
1.8759999999999	-254.208328063051	140.794464562303	92.2571302225472
1.8769999999999	-217.912814885738	222.902147203976	32.6787936670668
1.8779999999999	-158.553672232998	299.831606163089	-37.8033430666477
1.8789999999999	-106.715864101519	295.868845439891	-133.574233417428
1.8799999999999	-48.6397240411277	252.978005267797	-206.923706442397
1.8809999999999	12.7556675835658	185.841608308896	-281.569285298406
1.8819999999999	90.6881656179177	124.21445841026	-289.781822998914
1.8829999999999	162.739800180346	73.653153008681	-234.39044593643
1.8839999999999	211.923174381108	10.4778802581796	-201.311882663403
1.8849999999999	238.224041696203	-60.492260404766	-150.662188286326
1.8859999999999	252.969546628395	-141.004225213497	-92.2354923843803
1.8869999999999	218.104787387395	-226.045482453393	-32.5837839279737
1.8879999999999	159.336125112051	-297.35545842036	39.5608669712648
1.8889999999999	106.749909113509	-294.244466848486	132.815968804563
1.8899999999999	48.5721511017764	-252.165359432696	206.271214401535
1.8909999999999	-13.1356706954365	-186.25688009542	280.512852927277
1.8919999999999	-91.8350541276486	-124.651510447752	289.375973085679
1.8929999999999	-162.619223370878	-73.6334939057245	235.449903812264
1.8939999999999	-211.684966184254	-10.3996980591269	201.583240546008
1.8949999999999	-238.266574292012	60.2342529306051	150.761500271016
1.8959999999999	-254.204948533577	140.795655015935	92.2547369887494
1.8969999999999	-217.899806664931	222.952451429404	32.6790868190671
1.8979999999999	-158.566119752456	299.792999264506	-37.8203703200052
1.8989999999999	-106.715426362636	295.854353338417	-133.574708026613
1.8999999999999	-48.6397079770201	252.958094561163	-206.913316735177
1.9009999999999	12.7602705683986	185.848607980286	-281.557290643821
1.9019999999999	90.7043525516809	124.221288717183	-289.775487403338
1.9029999999999	162.73730059843	73.6532156425962	-234.407029176129
1.9039999999999	211.920102366941	10.4777932576964	-201.318087018625
1.9049999999999	238.22568903981	-60.4869192298337	-150.662699746791
1.9059999999999	252.981186822796	-141.002936195099	-92.2366106873602
1.9069999999999	218.109084018057	-225.998324907186	-32.5827944631527
1.9079999999999	159.323626519769	-297.4071695395	39.5434079611642
1.9089999999999	106.750138400187	-294.256913018241	132.820755789395
1.9099999999999	48.5732263061309	-252.177473476748	206.281364048162
1.9109999999999	-13.1295104810322	-186.249558701494	280.528156912221
1.9119999999999	-91.8197217819131	-124.645021280738	289.382590381482
1.9129999999999	-162.620441167003	-73.6340409430222	235.433852186555
1.9139999999999	-211.68770640196	-10.400810746011	201.581816928961
1.9149999999999	-238.267229581687	60.2383211655227	150.760124481764
1.9159999999999	-254.201870057162	140.796762623052	92.2523911505176
1.9169999999999	-217.887137838017	223.001942997475	32.6794800146706
1.9179999999999	-158.577916455461	299.75551435911	-37.8367922053714
1.9189999999999	-106.715229404237	295.838957990683	-133.574893556567
1.9199999999999	-48.6397249358256	252.938958386902	-206.903909926925
1.9209999999999	12.7648509236694	185.855717371857	-281.545132205778
1.9219999999999	90.7198191380841	124.227771419147	-289.770870580067
1.9229999999999	162.735137569575	73.6534807204936	-234.421860195543
1.9239999999999	211.916604510538	10.4777281137036	-201.323229027824
1.9249999999999	238.227820458832	-60.4817882605406	-150.66394366644
1.9259999999999	252.992256869602	-141.001681320051	-92.2376996123663
1.9269999999999	218.113583150669	-225.952668298094	-32.5818403653148
1.9279999999999	159.311502800894	-297.457266200733	39.5264159481756
1.9289999999999	106.750187572036	-294.268950180768	132.825438554549
1.9299999999999	48.5742771024897	-252.189061484976	206.291099796047
1.9309999999999	-13.1235293384079	-186.242548060299	280.543140117372
1.9319999999999	-91.8047976875244	-124.638696913266	289.388897358297
1.9329999999999	-162.621689760725	-73.6345511513661	235.418294559737
1.9339999999999	-211.690370534382	-10.4018873567182	201.580460181099
1.9349999999999	-238.267779065805	60.2422694510614	150.758713763064
1.9359999999999	-254.199096636155	140.797785561794	92.2500911543529
1.9369999999999	-217.874819181587	223.050161210533	32.6799016258837
1.9379999999999	-158.589096498672	299.718860492899	-37.852710068475
1.9389999999999	-106.714833937704	295.826653581615	-133.57517116903
1.9399999999999	-48.6403636371858	252.916206195031	-206.895084566839
1.9409999999999	12.7696051739566	185.864095749992	-281.532637508383
1.9419999999999	90.7347648152429	124.23409664096	-289.767015726158
1.9429999999999	162.733137783528	73.653801739753	-234.435802386886
1.9439999999999	211.912984520277	10.4776520043386	-201.327833846212
1.9449999999999	238.230070207213	-60.4768457672245	-150.665492699878
1.9459999999999	253.00292097879	-141.00047700762	-92.2387541977817
1.9469999999999	218.117873824044	-225.908085084564	-32.5809183595658
1.9479999999999	159.300243808804	-297.504624271308	39.5102000291896
1.9489999999999	106.74986802039	-294.282187389291	132.829661564944
1.9499999999999	48.5753228310922	-252.199984590707	206.300441648704
1.9509999999999	-13.1177404312468	-186.235988894575	280.557846707429
1.9519999999999	-91.7903384225911	-124.63259345064	289.39442423944
1.9529999999999	-162.622742766591	-73.6348652467879	235.404516730419
1.9539999999999	-211.693085743825	-10.4030150126658	201.578252336679
1.9549999999999	-238.268286958726	60.2461087441545	150.757359723934
1.9559999999999	-254.196668485737	140.798720284479	92.2478120105549
1.9569999999999	-217.86201317573	223.09665519529	32.6803878627641
1.9579999999999	-158.600946956194	299.680182102382	-37.8688153903911
1.9589999999999	-106.714184712465	295.817263639438	-133.574916729476
1.95999999999989	-48.6409685485322	252.894415236923	-206.886485319627
1.96099999999989	12.7743615659692	185.872832097092	-281.520268211748
1.96199999999989	90.7493290511967	124.240293955965	-289.76311416664
1.96299999999989	162.73119711949	73.6540714557491	-234.449458140742
1.96399999999989	211.908869077089	10.4775532505755	-201.331542745293
1.96499999999989	238.232862632093	-60.4721102235278	-150.667916531609
1.96599999999989	253.013136237382	-140.999333520002	-92.2397007736662
1.96699999999989	218.123885390753	-225.865979420582	-32.5799697461907
1.96799999999989	159.287422675324	-297.548317394929	39.4945565464262
1.96899999999989	106.749726657429	-294.295499385763	132.833570761125
1.96999999999989	48.5763232337011	-252.21082828698	206.309475438456
1.97099999999989	-13.112168228069	-186.229944190412	280.572177670852
1.97199999999989	-91.7764426390757	-124.626738010233	289.399169360251
1.97299999999989	-162.623708150047	-73.6351600261653	235.391215019384
1.97399999999989	-211.6957301569	-10.4040371944485	201.576708556276
1.97499999999989	-238.268637773238	60.2498279966058	150.755850481308
1.97599999999989	-254.194513530769	140.799585771072	92.2455965763555
1.97699999999989	-217.849670367599	223.141450952235	32.6808210874791
1.97799999999989	-158.612299994355	299.643230000329	-37.884341449133
1.97899999999989	-106.714516015038	295.799763844409	-133.574225418354
1.97999999999989	-48.6404154592835	252.882297428672	-206.878675635712
1.98099999999989	12.7789270603044	185.880455099093	-281.508011415413
1.98199999999989	90.7635203713538	124.246310050289	-289.759254331253
1.98299999999989	162.729263769755	73.6542722189001	-234.463036452794
1.98399999999989	211.904640433519	10.4774490581712	-201.334609187286
1.98499999999989	238.23591022576	-60.4675606678088	-150.670667315159
1.98599999999989	253.022871355147	-140.998238986707	-92.2406140600904
1.98699999999989	218.129029486402	-225.824609769632	-32.5790941868044
1.98799999999989	159.275662486108	-297.59052863178	39.4795033755387
1.98899999999989	106.749725717162	-294.308618619245	132.837229140871
1.98999999999989	48.57726369896	-252.221608911123	206.318235591226
1.99099999999989	-13.1067924404691	-186.224285563077	280.58616711048
1.99199999999989	-91.762908304989	-124.620990841715	289.403996942039
1.99299999999989	-162.624800974667	-73.6355389660278	235.377435423798
1.99399999999989	-211.698262344988	-10.4049596925284	201.575846625498
1.99499999999989	-238.268862989769	60.2534375296758	150.754241306031
1.99599999999989	-254.192577600164	140.800386312909	92.2434444611883
1.99699999999989	-217.837486326016	223.184885227622	32.6812742147746
1.99799999999989	-158.623454043409	299.607419652491	-37.899389162403
1.99899999999989	-106.715352940698	295.778272784714	-133.573201235942
2	-48.6392746444526	252.875333904348	-206.871454100138
